flow_key,name,categories,unit,cleaned_name,molecular_formula,molecular_weight,parts,composition,fraction,grade_source
"('ecoinvent-3.4-biosphere', 'c09f409d-a35b-435e-974b-ae527b8546d5')",Gold,"('water', 'surface water')",kilogram,Gold,Au,196.96657,"[['Au', 1]]",{'Au': 1.0},1.0,dissipation
"('ecoinvent-3.4-biosphere', '9dc481e4-e4cd-4cb1-a03e-d539f774e958')",Acenaphthylene,"('water', 'ocean')",kilogram,Acenaphthylene,C12H8,152.19,"[['C', 12], ['H', 8]]","{'C': 0.9470530258229845, 'H': 0.05298639858072147}",1.0,dissipation
"('ecoinvent-3.4-biosphere', 'a5e13836-93f3-4a63-8e5e-944ac627bced')",Cesium,"('water', 'ground-')",kilogram,Cesium,Cs,132.905452,"[['Cs', 1]]",{'Cs': 1.0},1.0,dissipation
"('ecoinvent-3.4-biosphere', '85807a72-053a-48bf-8604-47b242211d1f')",Chlorimuron-ethyl,"('air', 'non-urban air or from high stacks')",kilogram,Chlorimuron-ethyl,C15H15ClN4O6S,414.8,"[['C', 15], ['H', 15], ['Cl', 1], ['N', 4], ['O', 6], ['S', 1]]","{'C': 0.43434185149469623, 'H': 0.036451301832208294, 'Cl': 0.08547010607521698, 'N': 0.13507232401157185, 'O': 0.23142237222757955, 'S': 0.07730231436837029}",1.0,dissipation
"('ecoinvent-3.4-biosphere', 'a3833724-a816-4c9e-b6fd-ac43e8aeedc2')","Toluene, 2-chloro","('air', 'urban air close to ground')",kilogram,Toluene,C7H8,92.14,"[['C', 7], ['H', 8]]","{'C': 0.9124918602127198, 'H': 0.08751899283698719}",1.0,dissipation
"('ecoinvent-3.4-biosphere', '36bc473e-7f7c-4447-967d-18af3d5220bc')",Cumene,"('water', 'ground-, long-term')",kilogram,Cumene,C9H12,120.19,"[['C', 9], ['H', 12]]","{'C': 0.8994009484982111, 'H': 0.10064065230052417}",1.0,dissipation
"('ecoinvent-3.4-biosphere', 'c2f5d202-daf5-4e73-87ec-2c4fc75b832c')",Methyl acetate,"('water',)",kilogram,Methyl acetate,C3H6O2,74.08,"[['C', 3], ['H', 6], ['O', 2]]","{'C': 0.4864065874730022, 'H': 0.08164146868250541, 'O': 0.4319384449244061}",1.0,dissipation
"('ecoinvent-3.4-biosphere', 'a0399529-bdc0-49bc-a09b-9aea421fbd34')",Carbon disulfide,"('air', 'lower stratosphere + upper troposphere')",kilogram,Carbon disulfide,CS2,76.15,"[['C', 1], ['S', 2]]","{'C': 0.1577281680892974, 'S': 0.8421536441234404}",1.0,dissipation
"('ecoinvent-3.4-biosphere', '873d28d3-e53b-46a6-aaa0-63b923f0a56c')",Clethodim,"('soil', 'agricultural')",kilogram,Clethodim,C17H26ClNO3S,359.9,"[['C', 17], ['H', 26], ['Cl', 1], ['N', 1], ['O', 3], ['S', 1]]","{'C': 0.5673437065851625, 'H': 0.07282022784106697, 'Cl': 0.09850791886635178, 'N': 0.03891914420672409, 'O': 0.13336204501250348, 'S': 0.08909419283134204}",1.0,dissipation
"('ecoinvent-3.4-biosphere', '10319ea8-90db-4340-be33-b7182dca01db')",Tungsten,"('water', 'ground-, long-term')",kilogram,Tungsten,W,183.84,"[['W', 1]]",{'W': 1.0},1.0,dissipation
"('ecoinvent-3.4-biosphere', '97f92a10-ea74-463f-a9d7-3c852b6aab4c')",Formic acid,"('water',)",kilogram,Formic acid,CH2O2,46.025,"[['C', 1], ['H', 2], ['O', 2]]","{'C': 0.260966865833786, 'H': 0.04380228136882129, 'O': 0.6952308527973927}",1.0,dissipation
"('ecoinvent-3.4-biosphere', '1cd24bc8-53b9-43e8-ad58-4438c9244a10')",2-Propanol,"('air', 'lower stratosphere + upper troposphere')",kilogram,2-Propanol,C3H8O,60.1,"[['C', 3], ['H', 8], ['O', 1]]","{'C': 0.5995507487520799, 'H': 0.1341763727121464, 'O': 0.2662063227953411}",1.0,dissipation
"('ecoinvent-3.4-biosphere', '521f6650-daec-4724-b40b-bf7fea17ceb2')",Fluosilicic acid,"('air', 'urban air close to ground')",kilogram,Fluosilicic acid,F6H2Si,144.091,"[['F', 6], ['H', 2], ['Si', 1]]","{'F': 0.7910834125656703, 'H': 0.013991158365199768, 'Si': 0.194918489010417}",1.0,dissipation
"('ecoinvent-3.4-biosphere', 'f3841066-b23d-4c7a-94bd-791c55bd3e0f')",Acetonitrile,"('water', 'ground-')",kilogram,Acetonitrile,C2H3N,41.05,"[['C', 2], ['H', 3], ['N', 1]]","{'C': 0.5851887941534714, 'H': 0.07366626065773448, 'N': 0.3412180267965895}",1.0,dissipation
"('ecoinvent-3.4-biosphere', '76b09afe-52b9-4ecc-b97a-00b49ad8ed1a')",Phosphorus,"('water', 'ground-, long-term')",kilogram,Phosphorus,P,30.973762,"[['P', 1]]",{'P': 1.0},1.0,dissipation
"('ecoinvent-3.4-biosphere', 'dc90db73-6f27-403d-baf1-cb7e0b6cae31')",Mercury,"('air', 'low population density, long-term')",kilogram,Mercury,Hg,200.59,"[['Hg', 1]]",{'Hg': 1.0},1.0,dissipation
"('ecoinvent-3.4-biosphere', 'a74f6771-955e-4343-b796-4775067d51f5')",Bitertanol,"('soil', 'agricultural')",kilogram,Bitertanol,C20H23N3O2,337.4,"[['C', 20], ['H', 23], ['N', 3], ['O', 2]]","{'C': 0.7119739181979845, 'H': 0.0687136929460581, 'N': 0.1245435684647303, 'O': 0.09483698873740369}",1.0,dissipation
"('ecoinvent-3.4-biosphere', '3fe03409-76e1-4228-8fd7-77c4c6a0d9f3')",Anthraquinone,"('soil', 'agricultural')",kilogram,Anthraquinone,C14H8O2,208.21,"[['C', 14], ['H', 8], ['O', 2]]","{'C': 0.8076173094471927, 'H': 0.03873012823591566, 'O': 0.15368137937659093}",1.0,dissipation
"('ecoinvent-3.4-biosphere', '19e97bd6-d0ae-4208-bd77-d58e5d46d827')",Beryllium,"('air', 'urban air close to ground')",kilogram,Beryllium,Be,9.012183,"[['Be', 1]]",{'Be': 1.0},1.0,dissipation
"('ecoinvent-3.4-biosphere', '62f3d964-9b53-4d01-9ee0-04112dcfc6d2')",Phosphorus,"('water', 'ocean')",kilogram,Phosphorus,P,30.973762,"[['P', 1]]",{'P': 1.0},1.0,dissipation
"('ecoinvent-3.4-biosphere', 'd40b90a8-c469-41ec-b5ea-f80386859a82')",Ammonium carbonate,"('air', 'non-urban air or from high stacks')",kilogram,Ammonium carbonate,CH8N2O3,96.09,"[['C', 1], ['H', 8], ['N', 2], ['O', 3]]","{'C': 0.1249973982724529, 'H': 0.08392132375897596, 'N': 0.2915391820168592, 'O': 0.49950046831095846}",1.0,dissipation
"('ecoinvent-3.4-biosphere', '58f84a38-ca67-490c-8ed7-219c42dcc52d')",Propanal,"('air', 'low population density, long-term')",kilogram,Propanal,C3H6O,58.08,"[['C', 3], ['H', 6], ['O', 1]]","{'C': 0.6204028925619836, 'H': 0.10413223140495868, 'O': 0.27546487603305786}",1.0,dissipation
"('ecoinvent-3.4-biosphere', 'a8a2f53b-c6d2-4302-a59f-502bd7e242fc')","Ethene, tetrachloro-","('air', 'lower stratosphere + upper troposphere')",kilogram,Ethene,C2H4,28.05,"[['C', 2], ['H', 4]]","{'C': 0.8563992869875222, 'H': 0.14374331550802139}",1.0,dissipation
"('ecoinvent-3.4-biosphere', 'be206401-d803-4b14-8319-53b916e9beef')",Quizalofop-P,"('soil', 'agricultural')",kilogram,Quizalofop-P,C17H13ClN2O4,344.7,"[['C', 17], ['H', 13], ['Cl', 1], ['N', 2], ['O', 4]]","{'C': 0.5923614737452857, 'H': 0.03801566579634465, 'Cl': 0.1028517551494053, 'N': 0.08127067014795475, 'O': 0.18565709312445605}",1.0,dissipation
"('ecoinvent-3.4-biosphere', '13fcf4c3-7800-5444-ba84-6d4b7e611ce6')",Pentane,"('water',)",kilogram,Pentane,C5H12,72.15,"[['C', 5], ['H', 12]]","{'C': 0.8323631323631322, 'H': 0.16765072765072764}",1.0,dissipation
"('ecoinvent-3.4-biosphere', 'ed38a7d2-ffa5-4c28-9aea-dd9df0d1898b')",Chloroacetic acid,"('air', 'urban air close to ground')",kilogram,Chloroacetic acid,C2H3ClO2,94.5,"[['C', 2], ['H', 3], ['Cl', 1], ['O', 2]]","{'C': 0.2542010582010582, 'H': 0.032, 'Cl': 0.3751640211640212, 'O': 0.33860317460317463}",1.0,dissipation
"('ecoinvent-3.4-biosphere', '963be8ca-e43d-4f8d-a97b-d8982035ffbc')",Propanal,"('air', 'non-urban air or from high stacks')",kilogram,Propanal,C3H6O,58.08,"[['C', 3], ['H', 6], ['O', 1]]","{'C': 0.6204028925619836, 'H': 0.10413223140495868, 'O': 0.27546487603305786}",1.0,dissipation
"('ecoinvent-3.4-biosphere', '1febb3ea-a4ee-4b7d-a6e7-0c4b6da28188')",Cyanide,"('water', 'ocean')",kilogram,Cyanide,CN-,26.017,"[['C', 1], ['N', 1]]","{'C': 0.4616596840527347, 'N': 0.5383787523542299}",1.0,dissipation
"('ecoinvent-3.4-biosphere', '9bb73c31-c01d-4384-b567-15c1544ae581')",Sulfuric acid,"('soil', 'agricultural')",kilogram,Sulfuric acid,H2O4S,98.08,"[['H', 2], ['O', 4], ['S', 1]]","{'H': 0.020554649265905382, 'O': 0.6524877650897227, 'S': 0.3269269983686786}",1.0,dissipation
"('ecoinvent-3.4-biosphere', 'b0aacabb-9b90-419d-844b-a2ed64ead80e')",Tungsten,"('air', 'urban air close to ground')",kilogram,Tungsten,W,183.84,"[['W', 1]]",{'W': 1.0},1.0,dissipation
"('ecoinvent-3.4-biosphere', 'd3e038e1-728c-4dea-ac30-c9abbbfcbc84')",Cyanide,"('air',)",kilogram,Cyanide,CN-,26.017,"[['C', 1], ['N', 1]]","{'C': 0.4616596840527347, 'N': 0.5383787523542299}",1.0,dissipation
"('ecoinvent-3.4-biosphere', 'c8da1004-26dc-493a-a568-72f4c3820fc8')",Formic acid,"('air', 'low population density, long-term')",kilogram,Formic acid,CH2O2,46.025,"[['C', 1], ['H', 2], ['O', 2]]","{'C': 0.260966865833786, 'H': 0.04380228136882129, 'O': 0.6952308527973927}",1.0,dissipation
"('ecoinvent-3.4-biosphere', '1f96681c-1f2c-433e-8c60-45b66dc3ec01')",Butene,"('water', 'ground-, long-term')",kilogram,Butene,C4H8,56.11,"[['C', 4], ['H', 8]]","{'C': 0.8562466583496703, 'H': 0.14371769738014614}",1.0,dissipation
"('ecoinvent-3.4-biosphere', '15bdfe3d-58b7-4cf3-a8db-0b16a8b9949b')",Formate,"('water', 'ground-')",kilogram,Formate,CHO2-,45.017,"[['C', 1], ['H', 1], ['O', 2]]","{'C': 0.2668103161028056, 'H': 0.022391540973410045, 'O': 0.7107981429237843}",1.0,dissipation
"('ecoinvent-3.4-biosphere', 'f3f34697-7231-4575-aaf5-e35b972d329a')",Monochloroethane,"('air', 'urban air close to ground')",kilogram,Monochloroethane,C2H5Cl,64.51,"[['C', 2], ['H', 5], ['Cl', 1]]","{'C': 0.37237637575569676, 'H': 0.07812742210509997, 'Cl': 0.5495737095024027}",1.0,dissipation
"('ecoinvent-3.4-biosphere', 'c10f1360-e1dc-44fa-8c2d-00bdd8524724')",Azinphos-methyl,"('soil', 'agricultural')",kilogram,Azinphos-methyl,C10H12N3O3PS2,317.3,"[['C', 10], ['H', 12], ['N', 3], ['O', 3], ['P', 1], ['S', 2]]","{'C': 0.3785376615190671, 'H': 0.038121651433974155, 'N': 0.13243302867948314, 'O': 0.15126693980460132, 'P': 0.0976173967853766, 'S': 0.2021115663410022}",1.0,dissipation
"('ecoinvent-3.4-biosphere', '48430c70-95e0-4036-9854-72cc772ac8b2')",Sulfur trioxide,"('air', 'non-urban air or from high stacks')",kilogram,Sulfur trioxide,O3S,80.07,"[['O', 3], ['S', 1]]","{'O': 0.5994379917572125, 'S': 0.400462095666292}",1.0,dissipation
"('ecoinvent-3.4-biosphere', 'e4e9febc-07c1-403d-8d3a-6707bb4d96e6')","Carbon dioxide, from soil or biomass stock","('air',)",kilogram,Carbon dioxide,CO2,44.009,"[['C', 1], ['O', 2]]","{'C': 0.27292144788565975, 'O': 0.7270785521143402}",1.0,dissipation
"('ecoinvent-3.4-biosphere', '24cf82f8-c517-4fef-8f93-17519adb855e')",Barium,"('air', 'non-urban air or from high stacks')",kilogram,Barium,Ba,137.33,"[['Ba', 1]]",{'Ba': 1.0},1.0,dissipation
"('ecoinvent-3.4-biosphere', '3ba36854-15b2-415a-aa71-c99257aa7204')",Phosphorus trichloride,"('air', 'non-urban air or from high stacks')",kilogram,Phosphorus trichloride,Cl3P,137.33,"[['Cl', 3], ['P', 1]]","{'Cl': 0.7744775358625209, 'P': 0.2255443093278963}",1.0,dissipation
"('ecoinvent-3.4-biosphere', 'b6edb30e-cdf4-48ab-95d5-4f52de17f68e')",Glutaraldehyde,"('water', 'ground-, long-term')",kilogram,Glutaraldehyde,C5H8O2,100.12,"[['C', 5], ['H', 8], ['O', 2]]","{'C': 0.5998302037554933, 'H': 0.08054334798242109, 'O': 0.31959648421893727}",1.0,dissipation
"('ecoinvent-3.4-biosphere', '9ba8c05d-1593-45a5-8d3b-5c4f3e9fef32')",Manganese,"('soil', 'agricultural')",kilogram,Manganese,Mn,54.93804,"[['Mn', 1]]",{'Mn': 1.0},1.0,dissipation
"('ecoinvent-3.4-biosphere', '66c985be-8604-48ec-92e1-4e172128dc11')",Dimethyl ether,"('water', 'surface water')",kilogram,Dimethyl ether,C2H6O,46.07,"[['C', 2], ['H', 6], ['O', 1]]","{'C': 0.5214239201215541, 'H': 0.1312784892554808, 'O': 0.3472758845235511}",1.0,dissipation
"('ecoinvent-3.4-biosphere', '55b0bc94-7f43-4930-ad57-25af3f892757')",Acetaldehyde,"('air', 'low population density, long-term')",kilogram,Acetaldehyde,C2H4O,44.05,"[['C', 2], ['H', 4], ['O', 1]]","{'C': 0.5453348467650397, 'H': 0.09153234960272419, 'O': 0.3632009080590239}",1.0,dissipation
"('ecoinvent-3.4-biosphere', 'a2bdcca0-8d6b-4dd3-af0e-df1e2bc99107')",Benzo(k)fluoranthene,"('water', 'ocean')",kilogram,Benzo(k)fluoranthene,C20H12,252.3,"[['C', 20], ['H', 12]]","{'C': 0.9521204914783986, 'H': 0.04794292508917954}",1.0,dissipation
"('ecoinvent-3.4-biosphere', 'ca389e38-d086-4527-914c-9c09ea14ae4d')",Aniline,"('water', 'surface water')",kilogram,Aniline,C6H7N,93.13,"[['C', 6], ['H', 7], ['N', 1]]","{'C': 0.773821539783099, 'H': 0.07576505959411575, 'N': 0.15040266294427146}",1.0,dissipation
"('ecoinvent-3.4-biosphere', 'e023deca-8929-4972-9528-e421a42e8bfd')",Lithium carbonate,"('air', 'lower stratosphere + upper troposphere')",kilogram,Lithium carbonate,CLi2O3,73.9,"[['C', 1], ['Li', 2], ['O', 3]]","{'C': 0.16253044654939106, 'Li': 0.1878484438430311, 'O': 0.6494857916102841}",1.0,dissipation
"('ecoinvent-3.4-biosphere', '6eebb3c4-306f-4dc4-afb1-2c8fdf0c64ff')",Trimethylamine,"('water', 'ground-, long-term')",kilogram,Trimethylamine,C3H9N,59.11,"[['C', 3], ['H', 9], ['N', 1]]","{'C': 0.6095922855692777, 'H': 0.15347656910844187, 'N': 0.23696498054474707}",1.0,dissipation
"('ecoinvent-3.4-biosphere', '46b2ddbc-a5b9-451b-842f-3d89d0614d2e')",Potassium chloride,"('air', 'urban air close to ground')",kilogram,Potassium chloride,ClK,74.55,"[['Cl', 1], ['K', 1]]","{'Cl': 0.47556002682763254, 'K': 0.5244533869885982}",1.0,dissipation
"('ecoinvent-3.4-biosphere', '5d4b497b-d265-42d1-a41a-113785a6d694')",Beryllium,"('air', 'non-urban air or from high stacks')",kilogram,Beryllium,Be,9.012183,"[['Be', 1]]",{'Be': 1.0},1.0,dissipation
"('ecoinvent-3.4-biosphere', '14b6726a-44bf-4ad4-b933-02470d84c22a')",Carbon disulfide,"('air', 'urban air close to ground')",kilogram,Carbon disulfide,CS2,76.15,"[['C', 1], ['S', 2]]","{'C': 0.1577281680892974, 'S': 0.8421536441234404}",1.0,dissipation
"('ecoinvent-3.4-biosphere', '1d0f4392-8c91-4d01-8a5d-f8fe1f5b05c9')","Calcium, ion","('water', 'ground-')",kilogram,Calcium,Ca,40.08,"[['Ca', 1]]",{'Ca': 1.0},1.0,dissipation
"('ecoinvent-3.4-biosphere', '40cb6ea0-d72a-47aa-b186-0c05891187e0')",Diborane,"('water', 'surface water')",kilogram,Diborane,B2H6,27.67,"[['B', 2], ['H', 6]]","{'B': 0.7813516443801951, 'H': 0.21857607517166605}",1.0,dissipation
"('ecoinvent-3.4-biosphere', '259cf8d6-6ea8-4ccf-84b7-23c930a5b2b3')","Carbon dioxide, to soil or biomass stock","('soil', 'agricultural')",kilogram,Carbon dioxide,CO2,44.009,"[['C', 1], ['O', 2]]","{'C': 0.27292144788565975, 'O': 0.7270785521143402}",1.0,dissipation
"('ecoinvent-3.4-biosphere', '8b0a4a41-c65c-4d94-b10c-94ddb98abdd2')",Phosphorus,"('soil',)",kilogram,Phosphorus,P,30.973762,"[['P', 1]]",{'P': 1.0},1.0,dissipation
"('ecoinvent-3.4-biosphere', '86d12e70-0c64-4ecf-ba52-114fa0c5d402')","Methane, tetrachloro-, R-10","('air',)",kilogram,Methane,CH4,16.043,"[['C', 1], ['H', 4]]","{'C': 0.7486754347690582, 'H': 0.2513245652309419}",1.0,dissipation
"('ecoinvent-3.4-biosphere', 'fa1a376f-567a-47b2-98e9-b3e5a5e4d224')",Trifloxystrobin,"('soil', 'agricultural')",kilogram,Trifloxystrobin,C20H19F3N2O4,408.4,"[['C', 20], ['H', 19], ['F', 3], ['N', 2], ['O', 4]]","{'C': 0.588197845249755, 'H': 0.046895200783545546, 'F': 0.1395543584720862, 'N': 0.06859451518119491, 'O': 0.15669931439764936}",1.0,dissipation
"('ecoinvent-3.4-biosphere', '968495ec-1000-438a-9e11-467776ebb54e')","Carbon monoxide, non-fossil","('air', 'lower stratosphere + upper troposphere')",kilogram,Carbon monoxide,CO,28.01,"[['C', 1], ['O', 1]]","{'C': 0.42881113887897176, 'O': 0.5711888611210282}",1.0,dissipation
"('ecoinvent-3.4-biosphere', '50790dc4-dd52-4811-b124-d9e9c920cd70')",Hydrogen sulfide,"('water', 'surface water')",kilogram,Hydrogen sulfide,H2S,34.08,"[['H', 2], ['S', 1]]","{'H': 0.05915492957746479, 'S': 0.9408744131455399}",1.0,dissipation
"('ecoinvent-3.4-biosphere', '816c43d1-bc30-4a72-81db-08cb6be4da4f')","Methane, bromochlorodifluoro-, Halon 1211","('air', 'urban air close to ground')",kilogram,Methane,CH4,16.043,"[['C', 1], ['H', 4]]","{'C': 0.7486754347690582, 'H': 0.2513245652309419}",1.0,dissipation
"('ecoinvent-3.4-biosphere', 'b4580545-243d-48d2-a3a0-2633a4f46fb1')",Nickel,"('soil', 'agricultural')",kilogram,Nickel,Ni,58.693,"[['Ni', 1]]",{'Ni': 1.0},1.0,dissipation
"('ecoinvent-3.4-biosphere', '8476d82a-4a17-4c08-8339-efd46c6518e7')",Benzene,"('air', 'low population density, long-term')",kilogram,Benzene,C6H6,78.11,"[['C', 6], ['H', 6]]","{'C': 0.9226219434131354, 'H': 0.07742926641915247}",1.0,dissipation
"('ecoinvent-3.4-biosphere', '05d248c7-0159-49c6-88f8-bd4aa70f4894')",Propanal,"('water', 'ground-')",kilogram,Propanal,C3H6O,58.08,"[['C', 3], ['H', 6], ['O', 1]]","{'C': 0.6204028925619836, 'H': 0.10413223140495868, 'O': 0.27546487603305786}",1.0,dissipation
"('ecoinvent-3.4-biosphere', '856f0506-79b3-42c1-8faa-3e9f8699c28d')",Hexane,"('water',)",kilogram,Hexane,C6H14,86.18,"[['C', 6], ['H', 14]]","{'C': 0.8362265026688327, 'H': 0.16375029009050823}",1.0,dissipation
"('ecoinvent-3.4-biosphere', '6c95c917-d232-4c5b-9721-8b2841e6671c')",Ethyne,"('air', 'lower stratosphere + upper troposphere')",kilogram,Ethyne,C2H2,26.04,"[['C', 2], ['H', 2]]","{'C': 0.9225038402457757, 'H': 0.07741935483870968}",1.0,dissipation
"('ecoinvent-3.4-biosphere', 'e7f1df40-788a-4403-81ea-e5e9e84e32d7')",Cypermethrin,"('soil', 'agricultural')",kilogram,Cypermethrin,C22H19Cl2NO3,416.3,"[['C', 22], ['H', 19], ['Cl', 2], ['N', 1], ['O', 3]]","{'C': 0.6347393706461685, 'H': 0.04600528465049243, 'Cl': 0.1703242853711266, 'N': 0.033646408839779006, 'O': 0.11529425894787412}",1.0,dissipation
"('ecoinvent-3.4-biosphere', '14b5c954-056b-4d06-8e2c-2848d85619b1')","Toluene, 2-chloro","('air', 'non-urban air or from high stacks')",kilogram,Toluene,C7H8,92.14,"[['C', 7], ['H', 8]]","{'C': 0.9124918602127198, 'H': 0.08751899283698719}",1.0,dissipation
"('ecoinvent-3.4-biosphere', 'e6360e00-79a2-455e-ac9d-2e3159736771')",Iodide,"('water', 'surface water')",kilogram,Iodide,I-,126.9045,"[['I', 1]]",{'I': 1.0},1.0,dissipation
"('ecoinvent-3.4-biosphere', '614313e2-984e-4b34-9221-093fcf07db92')",Sodium chlorate,"('air', 'non-urban air or from high stacks')",kilogram,Sodium chlorate,ClNaO3,106.44,"[['Cl', 1], ['Na', 1], ['O', 3]]","{'Cl': 0.3330796692972567, 'Na': 0.21599022923712888, 'O': 0.45093010146561446}",1.0,dissipation
"('ecoinvent-3.4-biosphere', '7dd7bc0f-dff1-4564-8b74-eb40ca335b8f')",Ethene,"('water', 'ground-, long-term')",kilogram,Ethene,C2H4,28.05,"[['C', 2], ['H', 4]]","{'C': 0.8563992869875222, 'H': 0.14374331550802139}",1.0,dissipation
"('ecoinvent-3.4-biosphere', '233ed5ca-7df0-4cf6-9271-21459ecd5c23')","Acrylate, ion","('water', 'ground-')",kilogram,Acrylate,C3H3O2-,71.05,"[['C', 3], ['H', 3], ['O', 2]]","{'C': 0.5071498944405348, 'H': 0.0425615763546798, 'O': 0.4503589021815623}",1.0,dissipation
"('ecoinvent-3.4-biosphere', '701cda28-4722-431c-b52f-05a735ef5ed3')","Methane, bromo-, Halon 1001","('air', 'non-urban air or from high stacks')",kilogram,Methane,CH4,16.043,"[['C', 1], ['H', 4]]","{'C': 0.7486754347690582, 'H': 0.2513245652309419}",1.0,dissipation
"('ecoinvent-3.4-biosphere', 'fce0b9ae-53c8-4ab0-9e7a-7f5c2ed2c856')",Silver,"('soil', 'agricultural')",kilogram,Silver,Ag,107.868,"[['Ag', 1]]",{'Ag': 1.0},1.0,dissipation
"('ecoinvent-3.4-biosphere', '6bc58b2a-8d1c-4ebf-a0e7-76bb59ff462a')",Lambda-cyhalothrin,"('air', 'non-urban air or from high stacks')",kilogram,Lambda-cyhalothrin,C23H19ClF3NO3,449.8,"[['C', 23], ['H', 19], ['Cl', 1], ['F', 3], ['N', 1], ['O', 3]]","{'C': 0.6141685193419297, 'H': 0.0425789239662072, 'Cl': 0.0788194753223655, 'F': 0.1267096487327701, 'N': 0.031140506891951976, 'O': 0.10670742552245442}",1.0,dissipation
"('ecoinvent-3.4-biosphere', '0cc9c42e-7ebf-4f34-b90f-cc3f6b5aa9a6')","Benzene, pentachloro-","('air', 'lower stratosphere + upper troposphere')",kilogram,Benzene,C6H6,78.11,"[['C', 6], ['H', 6]]","{'C': 0.9226219434131354, 'H': 0.07742926641915247}",1.0,dissipation
"('ecoinvent-3.4-biosphere', 'cefa3637-739c-5e9f-99a6-2456e6a44772')",Phosphoric acid,"('water',)",kilogram,Phosphoric acid,H3O4P,97.995,"[['H', 3], ['O', 4], ['P', 1]]","{'H': 0.030858717281493954, 'O': 0.6530537272309812, 'P': 0.31607735088524924}",1.0,dissipation
"('ecoinvent-3.4-biosphere', '15f9ebbb-b1b5-4bf7-88c6-d99424f5eced')",Carbon disulfide,"('air', 'non-urban air or from high stacks')",kilogram,Carbon disulfide,CS2,76.15,"[['C', 1], ['S', 2]]","{'C': 0.1577281680892974, 'S': 0.8421536441234404}",1.0,dissipation
"('ecoinvent-3.4-biosphere', '99c0e2e2-6433-44f9-84f8-8cfa35c9099e')",Pyraclostrobin,"('air', 'non-urban air or from high stacks')",kilogram,Pyraclostrobin,C19H18ClN3O4,387.8,"[['C', 19], ['H', 18], ['Cl', 1], ['N', 3], ['O', 4]]","{'C': 0.5884708612686951, 'H': 0.0467870036101083, 'Cl': 0.09142083548220732, 'N': 0.10835740072202166, 'O': 0.16502320783909233}",1.0,dissipation
"('ecoinvent-3.4-biosphere', 'a3436836-e2fe-4c30-b9a7-0098b489374f')",Phenol,"('water', 'ocean')",kilogram,Phenol,C6H6O,94.11,"[['C', 6], ['H', 6], ['O', 1]]","{'C': 0.765763468281798, 'H': 0.06426522154925088, 'O': 0.17000318775900541}",1.0,dissipation
"('ecoinvent-3.4-biosphere', '37f69770-85d0-4af3-a612-41e9d314f5bb')","Acrylate, ion","('water',)",kilogram,Acrylate,C3H3O2-,71.05,"[['C', 3], ['H', 3], ['O', 2]]","{'C': 0.5071498944405348, 'H': 0.0425615763546798, 'O': 0.4503589021815623}",1.0,dissipation
"('ecoinvent-3.4-biosphere', '487b617a-40fc-4968-bfac-91cbe400f163')",Butyl acetate,"('water', 'surface water')",kilogram,Butyl acetate,C6H12O2,116.16,"[['C', 6], ['H', 12], ['O', 2]]","{'C': 0.6204028925619836, 'H': 0.10413223140495868, 'O': 0.27546487603305786}",1.0,dissipation
"('ecoinvent-3.4-biosphere', 'd37d4cea-4096-4303-8d9d-96e48b8f9ff0')",2-Aminopropanol,"('water', 'ground-, long-term')",kilogram,2-Aminopropanol,C3H9NO,75.11,"[['C', 3], ['H', 9], ['N', 1], ['O', 1]]","{'C': 0.4797363866329384, 'H': 0.12078285181733457, 'N': 0.1864864864864865, 'O': 0.21300758886965784}",1.0,dissipation
"('ecoinvent-3.4-biosphere', '73a06727-fec3-4d8d-8de5-ef1a0cc2c280')",Acephate,"('air', 'non-urban air or from high stacks')",kilogram,Acephate,C4H10NO3PS,183.17,"[['C', 4], ['H', 10], ['N', 1], ['O', 3], ['P', 1], ['S', 1]]","{'C': 0.2622918600207458, 'H': 0.05503084566249932, 'N': 0.07646994595184801, 'O': 0.2620352677840258, 'P': 0.1690997434077633, 'S': 0.17505595894524212}",1.0,dissipation
"('ecoinvent-3.4-biosphere', 'c8de8312-39d5-4d3f-aba2-4daf8572738b')",Propylamine,"('water', 'ground-')",kilogram,Propylamine,C3H9N,59.11,"[['C', 3], ['H', 9], ['N', 1]]","{'C': 0.6095922855692777, 'H': 0.15347656910844187, 'N': 0.23696498054474707}",1.0,dissipation
"('ecoinvent-3.4-biosphere', 'bce93346-6a23-4531-981c-90ef717aabda')","Phthalate, dioctyl-","('water', 'ocean')",kilogram,Phthalate,C8H4O4-2,164.11,"[['C', 8], ['H', 4], ['O', 4]]","{'C': 0.5855097190908536, 'H': 0.024568886722320393, 'O': 0.3899579550301627}",1.0,dissipation
"('ecoinvent-3.4-biosphere', '9325957a-bee5-4f2d-8bd1-458729c5e49e')",Mercury,"('water',)",kilogram,Mercury,Hg,200.59,"[['Hg', 1]]",{'Hg': 1.0},1.0,dissipation
"('ecoinvent-3.4-biosphere', '2cc8dc8a-e6fb-4486-a840-4bdc1bc71e9b')",Sodium hypochlorite,"('air', 'urban air close to ground')",kilogram,Sodium hypochlorite,ClNaO,74.44,"[['Cl', 1], ['Na', 1], ['O', 1]]","{'Cl': 0.4762627619559377, 'Na': 0.3088393336915637, 'O': 0.21492477162815693}",1.0,dissipation
"('ecoinvent-3.4-biosphere', '581ddcdf-82b7-4f87-83ee-761a44fea7f7')",Magnesium,"('soil', 'industrial')",kilogram,Magnesium,Mg,24.305,"[['Mg', 1]]",{'Mg': 1.0},1.0,dissipation
"('ecoinvent-3.4-biosphere', '0f907765-2a94-48a8-8978-55a2757d3e24')",Propionic acid,"('air', 'non-urban air or from high stacks')",kilogram,Propionic acid,C3H6O2,74.08,"[['C', 3], ['H', 6], ['O', 2]]","{'C': 0.4864065874730022, 'H': 0.08164146868250541, 'O': 0.4319384449244061}",1.0,dissipation
"('ecoinvent-3.4-biosphere', 'bdce3a7c-e008-4391-be26-285f71a02453')","Zinc, ion","('water', 'ground-, long-term')",kilogram,Zinc,Zn,65.4,"[['Zn', 1]]",{'Zn': 1.0},1.0,dissipation
"('ecoinvent-3.4-biosphere', '220257a9-c1c8-428d-8c35-db8b849d3db0')",Silicon tetrafluoride,"('air', 'low population density, long-term')",kilogram,Silicon tetrafluoride,F4Si,104.079,"[['F', 4], ['Si', 1]]","{'F': 0.7301376838747491, 'Si': 0.2698527080390857}",1.0,dissipation
"('ecoinvent-3.4-biosphere', '9a98be81-7711-4a1b-adc0-8e65acf05d62')",Nitrite,"('water', 'ground-')",kilogram,Nitrite,NO2-,46.006,"[['N', 1], ['O', 2]]","{'N': 0.30446028778854933, 'O': 0.6955179759161849}",1.0,dissipation
"('ecoinvent-3.4-biosphere', '7e241410-2dec-4320-baf0-cebc3b52e2ca')",Diethylamine,"('water',)",kilogram,Diethylamine,C4H11N,73.14,"[['C', 4], ['H', 11], ['N', 1]]","{'C': 0.6568772217664752, 'H': 0.15159967186218212, 'N': 0.19150943396226414}",1.0,dissipation
"('ecoinvent-3.4-biosphere', '5fefa2d0-133d-444f-b1fe-596d15f4673e')",Silicon,"('water', 'ocean')",kilogram,Silicon,Si,28.085,"[['Si', 1]]",{'Si': 1.0},1.0,dissipation
"('ecoinvent-3.4-biosphere', '2460ff3a-b368-4224-9c0d-0900fd29608f')","Methane, dichlorofluoro-, HCFC-21","('water',)",kilogram,Methane,CH4,16.043,"[['C', 1], ['H', 4]]","{'C': 0.7486754347690582, 'H': 0.2513245652309419}",1.0,dissipation
"('ecoinvent-3.4-biosphere', 'f1c0cd31-8d5e-4bc9-91f6-79e76329234e')",Propionic acid,"('air', 'urban air close to ground')",kilogram,Propionic acid,C3H6O2,74.08,"[['C', 3], ['H', 6], ['O', 2]]","{'C': 0.4864065874730022, 'H': 0.08164146868250541, 'O': 0.4319384449244061}",1.0,dissipation
"('ecoinvent-3.4-biosphere', 'f3a3227c-39f4-4383-8007-8b3b0c33467a')",Ethene,"('water',)",kilogram,Ethene,C2H4,28.05,"[['C', 2], ['H', 4]]","{'C': 0.8563992869875222, 'H': 0.14374331550802139}",1.0,dissipation
"('ecoinvent-3.4-biosphere', '57860159-5626-4f15-89b5-13b357797d71')",Fluoride,"('soil', 'forestry')",kilogram,Fluoride,F-,18.99840316,"[['F', 1]]",{'F': 1.0},1.0,dissipation
"('ecoinvent-3.4-biosphere', 'cab70244-9e25-42d3-b31e-ddabfd3eeb67')","Ethane, 1,2-dichloro-","('air', 'lower stratosphere + upper troposphere')",kilogram,Ethane,C2H6,30.07,"[['C', 2], ['H', 6]]","{'C': 0.7988693049551047, 'H': 0.20113069504489525}",1.0,dissipation
"('ecoinvent-3.4-biosphere', '0bc097f2-00ee-416f-a275-2c05d1e6d482')",Acenaphthene,"('water', 'ground-')",kilogram,Acenaphthene,C12H10,154.21,"[['C', 12], ['H', 10]]","{'C': 0.9346475585240905, 'H': 0.06536541080344983}",1.0,dissipation
"('ecoinvent-3.4-biosphere', 'e8bc4c9e-c34f-4983-aea0-2433f3397a3a')",Chlorotoluron,"('soil', 'agricultural')",kilogram,Chlorotoluron,C10H13ClN2O,212.67,"[['C', 10], ['H', 13], ['Cl', 1], ['N', 2], ['O', 1]]","{'C': 0.564771712042131, 'H': 0.06161658908167584, 'Cl': 0.16670428363191803, 'N': 0.13172520806883906, 'O': 0.07522922838200029}",1.0,dissipation
"('ecoinvent-3.4-biosphere', '2cfea267-9965-411e-9381-4d32835b4ffe')",Hydrogen sulfide,"('water', 'ocean')",kilogram,Hydrogen sulfide,H2S,34.08,"[['H', 2], ['S', 1]]","{'H': 0.05915492957746479, 'S': 0.9408744131455399}",1.0,dissipation
"('ecoinvent-3.4-biosphere', '71234253-b3a7-4dfe-b166-a484ad15bee7')",Mercury,"('air',)",kilogram,Mercury,Hg,200.59,"[['Hg', 1]]",{'Hg': 1.0},1.0,dissipation
"('ecoinvent-3.4-biosphere', '4f6390e3-bca5-4d3b-aead-7d63f2534440')",Mancozeb,"('soil', 'agricultural')",kilogram,Mancozeb,C8H12MnN4S8Zn,541.1,"[['C', 8], ['H', 12], ['Mn', 1], ['N', 4], ['S', 8], ['Zn', 1]]","{'C': 0.1775790057290704, 'H': 0.022354463130659766, 'Mn': 0.10153021622620588, 'N': 0.10354463130659766, 'S': 0.47407133616706704, 'Zn': 0.12082794307891331}",1.0,dissipation
"('ecoinvent-3.4-biosphere', '85500204-9d88-40ae-9f0b-3ceba0e7a74f')",Propanol,"('water', 'ground-')",kilogram,Propanol,C3H8O,60.1,"[['C', 3], ['H', 8], ['O', 1]]","{'C': 0.5995507487520799, 'H': 0.1341763727121464, 'O': 0.2662063227953411}",1.0,dissipation
"('ecoinvent-3.4-biosphere', 'fa5512cf-04a2-4014-8e96-d3e2d137f0df')",Butane,"('air', 'non-urban air or from high stacks')",kilogram,Butane,C4H10,58.12,"[['C', 4], ['H', 10]]","{'C': 0.8266345492085341, 'H': 0.1734342739160358}",1.0,dissipation
"('ecoinvent-3.4-biosphere', 'ed63abd0-7cc6-4825-8759-b367e560fe95')","Methane, monochloro-, R-40","('air', 'non-urban air or from high stacks')",kilogram,Methane,CH4,16.043,"[['C', 1], ['H', 4]]","{'C': 0.7486754347690582, 'H': 0.2513245652309419}",1.0,dissipation
"('ecoinvent-3.4-biosphere', 'e4d7a9e4-76d6-46f6-b91b-2be8460d248e')",Sulfite,"('water', 'ground-')",kilogram,Sulfite,O3S-2,80.07,"[['O', 3], ['S', 1]]","{'O': 0.5994379917572125, 'S': 0.400462095666292}",1.0,dissipation
"('ecoinvent-3.4-biosphere', 'a274b5ea-20b3-4216-b3bd-94ac589f1eaf')",Acetonitrile,"('water', 'ocean')",kilogram,Acetonitrile,C2H3N,41.05,"[['C', 2], ['H', 3], ['N', 1]]","{'C': 0.5851887941534714, 'H': 0.07366626065773448, 'N': 0.3412180267965895}",1.0,dissipation
"('ecoinvent-3.4-biosphere', '0dc0bbb0-1141-4dff-b6a2-8bd5368e14af')",Iron,"('air', 'lower stratosphere + upper troposphere')",kilogram,Iron,Fe,55.84,"[['Fe', 1]]",{'Fe': 1.0},1.0,dissipation
"('ecoinvent-3.4-biosphere', 'd7000952-5775-43af-a422-ef7645f260d5')",Lactic acid,"('air', 'non-urban air or from high stacks')",kilogram,Lactic acid,C3H6O3,90.08,"[['C', 3], ['H', 6], ['O', 3]]","{'C': 0.4000111012433393, 'H': 0.06714031971580817, 'O': 0.5328263765541741}",1.0,dissipation
"('ecoinvent-3.4-biosphere', '0d8a4e41-a58c-49f9-82dc-9d57b3d0602c')",Etridiazole,"('soil', 'agricultural')",kilogram,Etridiazole,C5H5Cl3N2OS,247.5,"[['C', 5], ['H', 5], ['Cl', 3], ['N', 2], ['O', 1], ['S', 1]]","{'C': 0.2426464646464646, 'H': 0.020363636363636365, 'Cl': 0.42973333333333336, 'N': 0.11318787878787878, 'O': 0.06464242424242425, 'S': 0.12955555555555553}",1.0,dissipation
"('ecoinvent-3.4-biosphere', 'f809b5e9-ed1b-4117-8bc7-9acf883ec7f5')",Alachlor,"('soil', 'agricultural')",kilogram,Alachlor,C14H20ClNO2,269.77,"[['C', 14], ['H', 20], ['Cl', 1], ['N', 1], ['O', 2]]","{'C': 0.6233235719316456, 'H': 0.0747303258331171, 'Cl': 0.13141935723023318, 'N': 0.051922007636134485, 'O': 0.1186121510916707}",1.0,dissipation
"('ecoinvent-3.4-biosphere', '39555a26-d28b-425f-993f-e8770ab7d9cf')",Aluminium,"('soil', 'forestry')",kilogram,Aluminium,Al,26.981538,"[['Al', 1]]",{'Al': 1.0},1.0,dissipation
"('ecoinvent-3.4-biosphere', 'ec8789e5-d140-4ca8-b7ef-b3abfd044414')","Ethane, chloropentafluoro-, CFC-115","('air',)",kilogram,Ethane,C2H6,30.07,"[['C', 2], ['H', 6]]","{'C': 0.7988693049551047, 'H': 0.20113069504489525}",1.0,dissipation
"('ecoinvent-3.4-biosphere', '6b7fbea6-4a86-40f9-954d-3c9b3611abfd')",Manganese,"('soil',)",kilogram,Manganese,Mn,54.93804,"[['Mn', 1]]",{'Mn': 1.0},1.0,dissipation
"('ecoinvent-3.4-biosphere', 'acbae70a-5450-448f-9038-c403cb496e1a')",Sulfur hexafluoride,"('air', 'low population density, long-term')",kilogram,Sulfur hexafluoride,F6S,146.06,"[['F', 6], ['S', 1]]","{'F': 0.7804190058879912, 'S': 0.21953306860194438}",1.0,dissipation
"('ecoinvent-3.4-biosphere', '82f5987e-39bf-4055-8f4e-ea3a1882306f')",Fluazifop-P-butyl,"('soil', 'agricultural')",kilogram,Fluazifop-P-butyl,C19H20F3NO4,383.4,"[['C', 19], ['H', 20], ['F', 3], ['N', 1], ['O', 4]]","{'C': 0.5952243088158581, 'H': 0.05258215962441315, 'F': 0.14865414710485134, 'N': 0.03653364632237872, 'O': 0.1669170579029734}",1.0,dissipation
"('ecoinvent-3.4-biosphere', '09f735ea-0a87-4e19-a660-d044db3a7118')",Aniline,"('water',)",kilogram,Aniline,C6H7N,93.13,"[['C', 6], ['H', 7], ['N', 1]]","{'C': 0.773821539783099, 'H': 0.07576505959411575, 'N': 0.15040266294427146}",1.0,dissipation
"('ecoinvent-3.4-biosphere', '36b918a7-5b52-4853-812a-1f49c2366d89')",Benzal chloride,"('air', 'urban air close to ground')",kilogram,Benzal chloride,C7H6Cl2,161.03,"[['C', 7], ['H', 6], ['Cl', 2]]","{'C': 0.5221201018443768, 'H': 0.03755821896541017, 'Cl': 0.4403278892131901}",1.0,dissipation
"('ecoinvent-3.4-biosphere', '89721e33-60fa-4447-bfc6-2f27d44a7893')",Cadmium,"('soil', 'industrial')",kilogram,Cadmium,Cd,112.41,"[['Cd', 1]]",{'Cd': 1.0},1.0,dissipation
"('ecoinvent-3.4-biosphere', 'f2efe6b2-21ae-4ed0-aacf-2a6d41d8e801')",Bifenthrin,"('soil', 'agricultural')",kilogram,Bifenthrin,C23H22ClF3O2,422.9,"[['C', 23], ['H', 22], ['Cl', 1], ['F', 3], ['O', 2]]","{'C': 0.6532348072830456, 'H': 0.052437928588318757, 'Cl': 0.08383305746039255, 'F': 0.1347694490423268, 'O': 0.07566327737053678}",1.0,dissipation
"('ecoinvent-3.4-biosphere', '8fc441e0-0d97-46b9-b84b-ed2689d9014a')",Dimethenamid,"('water', 'surface water')",kilogram,Dimethenamid,C12H18ClNO2S,275.8,"[['C', 12], ['H', 18], ['Cl', 1], ['N', 1], ['O', 2], ['S', 1]]","{'C': 0.5225960841189268, 'H': 0.06578680203045685, 'Cl': 0.12854604786076868, 'N': 0.05078680203045685, 'O': 0.1160188542422045, 'S': 0.1162617839013778}",1.0,dissipation
"('ecoinvent-3.4-biosphere', '62641c03-c0b7-4e16-ba51-41d4b731c291')",t-Butylamine,"('air', 'non-urban air or from high stacks')",kilogram,t-Butylamine,C4H11N,73.14,"[['C', 4], ['H', 11], ['N', 1]]","{'C': 0.6568772217664752, 'H': 0.15159967186218212, 'N': 0.19150943396226414}",1.0,dissipation
"('ecoinvent-3.4-biosphere', 'f84a6dac-bc6e-4efc-bdb0-a0f2a0231d0f')","Ethane, 1,1,1-trichloro-, HCFC-140","('water', 'ground-')",kilogram,Ethane,C2H6,30.07,"[['C', 2], ['H', 6]]","{'C': 0.7988693049551047, 'H': 0.20113069504489525}",1.0,dissipation
"('ecoinvent-3.4-biosphere', 'e98084d6-88a2-48cf-9ad5-6462fe9cf857')","Lithium, ion","('water', 'surface water')",kilogram,Lithium,Li,7.0,"[['Li', 1]]",{'Li': 1.0},1.0,dissipation
"('ecoinvent-3.4-biosphere', 'a703733d-fabc-487b-826a-06c11ac4c0c6')","Nitrogen, organic bound","('water',)",kilogram,Nitrogen,N2,28.014,"[['N', 2]]",{'N': 1.0},1.0,dissipation
"('ecoinvent-3.4-biosphere', '81c4ba39-8a3f-4a43-97b4-401605bbebf5')",Benzo(a)pyrene,"('air', 'non-urban air or from high stacks')",kilogram,Benzo(a)pyrene,C20H12,252.3,"[['C', 20], ['H', 12]]","{'C': 0.9521204914783986, 'H': 0.04794292508917954}",1.0,dissipation
"('ecoinvent-3.4-biosphere', 'bb6ef77c-b33e-48b2-b24d-1a5724ed5083')",Carbon disulfide,"('air', 'low population density, long-term')",kilogram,Carbon disulfide,CS2,76.15,"[['C', 1], ['S', 2]]","{'C': 0.1577281680892974, 'S': 0.8421536441234404}",1.0,dissipation
"('ecoinvent-3.4-biosphere', 'd961f86b-e36b-4ac6-8cd4-b253e496de79')","Aldehydes, unspecified","('air', 'urban air close to ground')",kilogram,Aldehydes,C20H30O5,350.4,"[['C', 20], ['H', 30], ['O', 5]]","{'C': 0.6855593607305935, 'H': 0.0863013698630137, 'O': 0.22829623287671236}",1.0,dissipation
"('ecoinvent-3.4-biosphere', '5cf55e96-d9dc-4b84-9c7e-a4b8ade70bf4')",Cumene,"('water', 'surface water')",kilogram,Cumene,C9H12,120.19,"[['C', 9], ['H', 12]]","{'C': 0.8994009484982111, 'H': 0.10064065230052417}",1.0,dissipation
"('ecoinvent-3.4-biosphere', 'ae521be9-6534-4962-9183-3d36c4c74201')","Chlorosilane, trimethyl-","('water', 'ground-, long-term')",kilogram,Chlorosilane,ClH3Si,66.56,"[['Cl', 1], ['H', 3], ['Si', 1]]","{'Cl': 0.5326472355769231, 'H': 0.045432692307692306, 'Si': 0.4219651442307692}",1.0,dissipation
"('ecoinvent-3.4-biosphere', '58eea1e4-bf8e-409c-9d92-4b3d90d85ae0')",Triethylene glycol,"('water',)",kilogram,Triethylene glycol,C6H14O4,150.17,"[['C', 6], ['H', 14], ['O', 4]]","{'C': 0.4798961177332357, 'H': 0.09397349670373577, 'O': 0.42615702204168615}",1.0,dissipation
"('ecoinvent-3.4-biosphere', 'd0aaa60f-40d9-4c12-a486-954333aa549f')",t-Butylamine,"('water', 'ground-, long-term')",kilogram,t-Butylamine,C4H11N,73.14,"[['C', 4], ['H', 11], ['N', 1]]","{'C': 0.6568772217664752, 'H': 0.15159967186218212, 'N': 0.19150943396226414}",1.0,dissipation
"('ecoinvent-3.4-biosphere', '421bac85-d0d7-4ace-84d1-14865baabd3c')",Ethane thiol,"('air', 'lower stratosphere + upper troposphere')",kilogram,Ethane thiol,C2H6S,62.14,"[['C', 2], ['H', 6], ['S', 1]]","{'C': 0.3865786932732539, 'H': 0.09732861280978436, 'S': 0.5160122304473769}",1.0,dissipation
"('ecoinvent-3.4-biosphere', '099aeca3-9b1a-44be-9b67-7bb90dffe37c')",Propanol,"('water', 'ground-, long-term')",kilogram,Propanol,C3H8O,60.1,"[['C', 3], ['H', 8], ['O', 1]]","{'C': 0.5995507487520799, 'H': 0.1341763727121464, 'O': 0.2662063227953411}",1.0,dissipation
"('ecoinvent-3.4-biosphere', '3635d239-8c0f-4ebf-bc6c-07ca00bbc14c')",Methyl pentane,"('water', 'surface water')",kilogram,Methyl pentane,C6H14,86.18,"[['C', 6], ['H', 14]]","{'C': 0.8362265026688327, 'H': 0.16375029009050823}",1.0,dissipation
"('ecoinvent-3.4-biosphere', '9bbae55a-35de-4eff-a219-814a9fec5ac2')",Chromium VI,"('water', 'ground-')",kilogram,Chromium,Cr,51.996,"[['Cr', 1]]",{'Cr': 1.0},1.0,dissipation
"('ecoinvent-3.4-biosphere', 'a765d3a1-65c6-4544-8487-b3104b937568')",Acetone,"('air', 'lower stratosphere + upper troposphere')",kilogram,Acetone,C3H6O,58.08,"[['C', 3], ['H', 6], ['O', 1]]","{'C': 0.6204028925619836, 'H': 0.10413223140495868, 'O': 0.27546487603305786}",1.0,dissipation
"('ecoinvent-3.4-biosphere', '7d58b774-db61-4a8f-9072-d051c494a64f')",Diisobutyl ketone,"('water', 'ground-')",kilogram,Diisobutyl ketone,C9H18O,142.24,"[['C', 9], ['H', 18], ['O', 1]]","{'C': 0.7599760967379077, 'H': 0.12755905511811022, 'O': 0.1124789088863892}",1.0,dissipation
"('ecoinvent-3.4-biosphere', '87a69874-34f9-4070-a525-aa301ab2634b')",Zinc,"('air', 'lower stratosphere + upper troposphere')",kilogram,Zinc,Zn,65.4,"[['Zn', 1]]",{'Zn': 1.0},1.0,dissipation
"('ecoinvent-3.4-biosphere', 'eb2bfdf1-1881-40e8-bebb-d674b2a79149')","Lithium, ion","('water',)",kilogram,Lithium,Li,7.0,"[['Li', 1]]",{'Li': 1.0},1.0,dissipation
"('ecoinvent-3.4-biosphere', '8cbaa905-41b0-4327-8403-bf1c8eb25429')",1-Pentene,"('air', 'urban air close to ground')",kilogram,1-Pentene,C5H10,70.13,"[['C', 5], ['H', 10]]","{'C': 0.8563382290032796, 'H': 0.14373306716098674}",1.0,dissipation
"('ecoinvent-3.4-biosphere', '2853753b-084a-4962-bc19-c32d3a52ac2d')",Scandium,"('air', 'lower stratosphere + upper troposphere')",kilogram,Scandium,Sc,44.95591,"[['Sc', 1]]",{'Sc': 1.0},1.0,dissipation
"('ecoinvent-3.4-biosphere', '8d50d9ce-3284-4a1e-ab89-2a7a931b110d')",3-Methyl-1-butanol,"('air', 'non-urban air or from high stacks')",kilogram,3-Methyl-1-butanol,C5H12O,88.15,"[['C', 5], ['H', 12], ['O', 1]]","{'C': 0.6812819058423141, 'H': 0.13722064662507089, 'O': 0.18149744753261485}",1.0,dissipation
"('ecoinvent-3.4-biosphere', '9beb60a3-3a8c-4345-9a0e-107eec2f709f')",Propane,"('air', 'non-urban air or from high stacks')",kilogram,Propane,C3H8,44.1,"[['C', 3], ['H', 8]]","{'C': 0.8170748299319728, 'H': 0.18285714285714286}",1.0,dissipation
"('ecoinvent-3.4-biosphere', '40022b1f-8906-4c54-a074-bf1a3fc9b13f')","Ethane, pentafluoro-, HFC-125","('air', 'lower stratosphere + upper troposphere')",kilogram,Ethane,C2H6,30.07,"[['C', 2], ['H', 6]]","{'C': 0.7988693049551047, 'H': 0.20113069504489525}",1.0,dissipation
"('ecoinvent-3.4-biosphere', '9e253ace-bf5e-40f2-b9d3-104595b327e4')",Fludioxonil,"('soil', 'agricultural')",kilogram,Fludioxonil,C12H6F2N2O2,248.18,"[['C', 12], ['H', 6], ['F', 2], ['N', 2], ['O', 2]]","{'C': 0.5807559029736482, 'H': 0.024369409299701827, 'F': 0.15309855749858975, 'N': 0.11287775002014666, 'O': 0.12893061487629945}",1.0,dissipation
"('ecoinvent-3.4-biosphere', '0d30fcbb-9262-4026-8e0d-119fb12a04b0')",Hexamethyldisilizane,"('air', 'non-urban air or from high stacks')",kilogram,Hexamethyldisilizane,C6H19NSi2,161.39,"[['C', 6], ['H', 19], ['N', 1], ['Si', 2]]","{'C': 0.44653324245616216, 'H': 0.11866906251936304, 'N': 0.0867897639258938, 'Si': 0.3480513042939464}",1.0,dissipation
"('ecoinvent-3.4-biosphere', 'ea5789d9-c0f9-4aeb-9df9-0caaf211534b')","Toluene, 2-chloro","('water', 'surface water')",kilogram,Toluene,C7H8,92.14,"[['C', 7], ['H', 8]]","{'C': 0.9124918602127198, 'H': 0.08751899283698719}",1.0,dissipation
"('ecoinvent-3.4-biosphere', '96f0a692-ddb9-4a4c-8236-7c943929653d')",Cesium,"('water', 'surface water')",kilogram,Cesium,Cs,132.905452,"[['Cs', 1]]",{'Cs': 1.0},1.0,dissipation
"('ecoinvent-3.4-biosphere', '446e7a93-6ac4-4bdf-b97d-03f683c7488c')",2-Methyl-1-propanol,"('water',)",kilogram,2-Methyl-1-propanol,C4H10O,74.12,"[['C', 4], ['H', 10], ['O', 1]]","{'C': 0.6481921208850512, 'H': 0.13599568267674042, 'O': 0.21585267134376687}",1.0,dissipation
"('ecoinvent-3.4-biosphere', '1652c2e3-c6c5-49e1-9ad1-34c188087ca6')","Ethane, 1-chloro-1,1-difluoro-, HCFC-142b","('air', 'lower stratosphere + upper troposphere')",kilogram,Ethane,C2H6,30.07,"[['C', 2], ['H', 6]]","{'C': 0.7988693049551047, 'H': 0.20113069504489525}",1.0,dissipation
"('ecoinvent-3.4-biosphere', '77c7dcf8-1d10-4725-9f8f-bcdccaed0836')","Nitrogen, organic bound","('water', 'ocean')",kilogram,Nitrogen,N2,28.014,"[['N', 2]]",{'N': 1.0},1.0,dissipation
"('ecoinvent-3.4-biosphere', '67eab677-a799-4515-aba8-c470d2dba37d')",Hydrogen peroxide,"('water', 'ground-, long-term')",kilogram,Hydrogen peroxide,H2O2,34.015,"[['H', 2], ['O', 2]]","{'H': 0.059267970013229455, 'O': 0.9407026311921212}",1.0,dissipation
"('ecoinvent-3.4-biosphere', '10ee0828-0340-4fe0-a3df-a9f3a8c6d939')",Cumene,"('water', 'ground-')",kilogram,Cumene,C9H12,120.19,"[['C', 9], ['H', 12]]","{'C': 0.8994009484982111, 'H': 0.10064065230052417}",1.0,dissipation
"('ecoinvent-3.4-biosphere', '3941d87e-6d5c-45d0-9fd5-16e3b948431c')",Hexazinone,"('soil', 'agricultural')",kilogram,Hexazinone,C12H20N4O2,252.31,"[['C', 12], ['H', 20], ['N', 4], ['O', 2]]","{'C': 0.5712496532043915, 'H': 0.07990170821608339, 'N': 0.22206016408386509, 'O': 0.12682018152272997}",1.0,dissipation
"('ecoinvent-3.4-biosphere', 'f7882aae-499b-42ab-8fa0-b4e20b609cc0')",Helium,"('air', 'lower stratosphere + upper troposphere')",kilogram,Helium,He,4.0026,"[['He', 1]]",{'He': 1.0},1.0,dissipation
"('ecoinvent-3.4-biosphere', 'bd02a7ec-dcb5-4609-bc96-cc7a96601ce2')",Glyphosate,"('air', 'non-urban air or from high stacks')",kilogram,Glyphosate,C3H8NO5P,169.07,"[['C', 3], ['H', 8], ['N', 1], ['O', 5], ['P', 1]]","{'C': 0.21312474123144262, 'H': 0.04769622050038446, 'N': 0.08284734133790737, 'O': 0.4731472171289999, 'P': 0.1832022239309162}",1.0,dissipation
"('ecoinvent-3.4-biosphere', '9ada9c2e-9817-42fe-88ba-3c18aba85585')",Cyclohexane,"('air', 'low population density, long-term')",kilogram,Cyclohexane,C6H12,84.16,"[['C', 6], ['H', 12]]","{'C': 0.8562975285171104, 'H': 0.14372623574144489}",1.0,dissipation
"('ecoinvent-3.4-biosphere', '98313bb5-3f35-4e11-bf3e-03ad2dae591b')",Hydrogen peroxide,"('water', 'surface water')",kilogram,Hydrogen peroxide,H2O2,34.015,"[['H', 2], ['O', 2]]","{'H': 0.059267970013229455, 'O': 0.9407026311921212}",1.0,dissipation
"('ecoinvent-3.4-biosphere', 'b52924d8-e53f-4bd4-bb9e-1902db1784b2')",Clethodim,"('air', 'non-urban air or from high stacks')",kilogram,Clethodim,C17H26ClNO3S,359.9,"[['C', 17], ['H', 26], ['Cl', 1], ['N', 1], ['O', 3], ['S', 1]]","{'C': 0.5673437065851625, 'H': 0.07282022784106697, 'Cl': 0.09850791886635178, 'N': 0.03891914420672409, 'O': 0.13336204501250348, 'S': 0.08909419283134204}",1.0,dissipation
"('ecoinvent-3.4-biosphere', '971f25e5-1501-454a-8a5a-2723f84d7974')",Linuron,"('soil', 'agricultural')",kilogram,Linuron,C9H10Cl2N2O2,249.09,"[['C', 9], ['H', 10], ['Cl', 2], ['N', 2], ['O', 2]]","{'C': 0.4339756714440563, 'H': 0.040467300975551006, 'Cl': 0.2846601629932956, 'N': 0.11246537396121883, 'O': 0.12845959291822234}",1.0,dissipation
"('ecoinvent-3.4-biosphere', '2b8204fa-c9bf-5465-9aa2-d79024a19b1a')",2-chlorobenzaldehyde,"('water',)",kilogram,2-chlorobenzaldehyde,C7H5ClO,140.56,"[['C', 7], ['H', 5], ['Cl', 1], ['O', 1]]","{'C': 0.5981573705179283, 'H': 0.035856573705179286, 'Cl': 0.25222680705748435, 'O': 0.1138232783153102}",1.0,dissipation
"('ecoinvent-3.4-biosphere', '9310f497-3205-4717-aaa8-1a94c321f7d8')","Sodium, ion","('water', 'ocean')",kilogram,Sodium,Na,22.9897693,"[['Na', 1]]",{'Na': 1.0},1.0,dissipation
"('ecoinvent-3.4-biosphere', '2ce73c7e-01b7-4fc0-a995-0e3785d5277d')",Borate,"('water', 'ocean')",kilogram,Borate,BO3-3,58.81,"[['B', 1], ['O', 3]]","{'B': 0.18381227682366943, 'O': 0.816136711443632}",1.0,dissipation
"('ecoinvent-3.4-biosphere', '48adac6a-94d3-4a65-901b-e60824c01a65')",Anthranilic acid,"('air', 'urban air close to ground')",kilogram,Anthranilic acid,C7H7NO2,137.14,"[['C', 7], ['H', 7], ['N', 1], ['O', 2]]","{'C': 0.6130742307131399, 'H': 0.051451071897331196, 'N': 0.10213650284380925, 'O': 0.23332361090856063}",1.0,dissipation
"('ecoinvent-3.4-biosphere', '79240a49-80cf-4be4-b5c2-bfdd3f4aa249')",2-Methyl-1-propanol,"('water', 'surface water')",kilogram,2-Methyl-1-propanol,C4H10O,74.12,"[['C', 4], ['H', 10], ['O', 1]]","{'C': 0.6481921208850512, 'H': 0.13599568267674042, 'O': 0.21585267134376687}",1.0,dissipation
"('ecoinvent-3.4-biosphere', '5c91a905-8d1d-4b84-b207-9b6332b4425e')",Butyl acetate,"('air', 'non-urban air or from high stacks')",kilogram,Butyl acetate,C6H12O2,116.16,"[['C', 6], ['H', 12], ['O', 2]]","{'C': 0.6204028925619836, 'H': 0.10413223140495868, 'O': 0.27546487603305786}",1.0,dissipation
"('ecoinvent-3.4-biosphere', '3e419ebc-c0f1-4f85-a544-cf3460a680b6')",Boron,"('air', 'urban air close to ground')",kilogram,Boron,B,10.81,"[['B', 1]]",{'B': 1.0},1.0,dissipation
"('ecoinvent-3.4-biosphere', '823106de-a29a-481f-8647-728a19b9294d')",Ethane,"('air', 'low population density, long-term')",kilogram,Ethane,C2H6,30.07,"[['C', 2], ['H', 6]]","{'C': 0.7988693049551047, 'H': 0.20113069504489525}",1.0,dissipation
"('ecoinvent-3.4-biosphere', 'aecf5a99-a578-4321-884b-0a198a531507')",Ethane thiol,"('air', 'low population density, long-term')",kilogram,Ethane thiol,C2H6S,62.14,"[['C', 2], ['H', 6], ['S', 1]]","{'C': 0.3865786932732539, 'H': 0.09732861280978436, 'S': 0.5160122304473769}",1.0,dissipation
"('ecoinvent-3.4-biosphere', '5fcc7fe2-9834-4cc7-82d3-766d083f6235')",Sodium chlorate,"('water', 'surface water')",kilogram,Sodium chlorate,ClNaO3,106.44,"[['Cl', 1], ['Na', 1], ['O', 3]]","{'Cl': 0.3330796692972567, 'Na': 0.21599022923712888, 'O': 0.45093010146561446}",1.0,dissipation
"('ecoinvent-3.4-biosphere', '99c07b66-c039-4896-866d-06abdaa9d46a')",Acenaphthene,"('air', 'urban air close to ground')",kilogram,Acenaphthene,C12H10,154.21,"[['C', 12], ['H', 10]]","{'C': 0.9346475585240905, 'H': 0.06536541080344983}",1.0,dissipation
"('ecoinvent-3.4-biosphere', '4f97ccad-d991-448d-9517-58b67529d8f6')",Lithium carbonate,"('air', 'urban air close to ground')",kilogram,Lithium carbonate,CLi2O3,73.9,"[['C', 1], ['Li', 2], ['O', 3]]","{'C': 0.16253044654939106, 'Li': 0.1878484438430311, 'O': 0.6494857916102841}",1.0,dissipation
"('ecoinvent-3.4-biosphere', '6d25e386-4ef9-4d40-85c6-e694f523a4da')",Chloride,"('water',)",kilogram,Chloride,Cl-,35.45,"[['Cl', 1]]",{'Cl': 1.0},1.0,dissipation
"('ecoinvent-3.4-biosphere', 'a861cfae-a310-4e9d-b9eb-5d555c9a684c')",Formaldehyde,"('air',)",kilogram,Formaldehyde,CH2O,30.026,"[['C', 1], ['H', 2], ['O', 1]]","{'C': 0.4000199826816759, 'H': 0.06714181043095983, 'O': 0.5328382068873643}",1.0,dissipation
"('ecoinvent-3.4-biosphere', '2c7be02c-791f-4fef-b231-b90321bbeb30')","Zinc, ion","('water',)",kilogram,Zinc,Zn,65.4,"[['Zn', 1]]",{'Zn': 1.0},1.0,dissipation
"('ecoinvent-3.4-biosphere', 'd1a0b5a7-beb7-47e6-83b7-99560324008f')",Trifloxystrobin,"('air', 'non-urban air or from high stacks')",kilogram,Trifloxystrobin,C20H19F3N2O4,408.4,"[['C', 20], ['H', 19], ['F', 3], ['N', 2], ['O', 4]]","{'C': 0.588197845249755, 'H': 0.046895200783545546, 'F': 0.1395543584720862, 'N': 0.06859451518119491, 'O': 0.15669931439764936}",1.0,dissipation
"('ecoinvent-3.4-biosphere', 'fd7aa71c-508c-480d-81a6-8052aad92646')",Sulfur dioxide,"('air',)",kilogram,Sulfur dioxide,O2S,64.07,"[['O', 2], ['S', 1]]","{'O': 0.49942250663336984, 'S': 0.5004682378648354}",1.0,dissipation
"('ecoinvent-3.4-biosphere', '0a17349d-b0d6-4dae-b3e6-c363df32148c')",Potassium hydroxide,"('air', 'lower stratosphere + upper troposphere')",kilogram,Potassium hydroxide,HKO,56.106,"[['H', 1], ['K', 1], ['O', 1]]","{'H': 0.017965992941931345, 'K': 0.6968595159163012, 'O': 0.285156667736071}",1.0,dissipation
"('ecoinvent-3.4-biosphere', '048baf1e-6cdc-44a5-92e2-32d15ff54885')",1-Pentanol,"('air',)",kilogram,1-Pentanol,C5H12O,88.15,"[['C', 5], ['H', 12], ['O', 1]]","{'C': 0.6812819058423141, 'H': 0.13722064662507089, 'O': 0.18149744753261485}",1.0,dissipation
"('ecoinvent-3.4-biosphere', '87883a4e-1e3e-4c9d-90c0-f1bea36f8014')",Ammonia,"('air',)",kilogram,Ammonia,H3N,17.031,"[['H', 3], ['N', 1]]","{'H': 0.1775585696670777, 'N': 0.8224414303329224}",1.0,dissipation
"('ecoinvent-3.4-biosphere', 'b2b7c56b-a484-48a3-98d9-f0dce443409f')",Diethylamine,"('air', 'non-urban air or from high stacks')",kilogram,Diethylamine,C4H11N,73.14,"[['C', 4], ['H', 11], ['N', 1]]","{'C': 0.6568772217664752, 'H': 0.15159967186218212, 'N': 0.19150943396226414}",1.0,dissipation
"('ecoinvent-3.4-biosphere', 'b5f2d9eb-44b9-41ba-a948-e75b794e5b07')",Propylamine,"('water', 'ground-, long-term')",kilogram,Propylamine,C3H9N,59.11,"[['C', 3], ['H', 9], ['N', 1]]","{'C': 0.6095922855692777, 'H': 0.15347656910844187, 'N': 0.23696498054474707}",1.0,dissipation
"('ecoinvent-3.4-biosphere', 'a74ded48-233e-4bd2-9406-a36d8e623489')","Ethene, tetrachloro-","('water', 'surface water')",kilogram,Ethene,C2H4,28.05,"[['C', 2], ['H', 4]]","{'C': 0.8563992869875222, 'H': 0.14374331550802139}",1.0,dissipation
"('ecoinvent-3.4-biosphere', 'b1689d22-7f6d-432c-8948-13d8f6df8a27')",Hydrogen fluoride,"('air', 'lower stratosphere + upper troposphere')",kilogram,Hydrogen fluoride,FH,20.0064,"[['F', 1], ['H', 1]]","{'F': 0.9495961292386437, 'H': 0.050383877159309025}",1.0,dissipation
"('ecoinvent-3.4-biosphere', '479edec6-763c-49fc-83f8-49780f08cf29')",2-Propanol,"('air',)",kilogram,2-Propanol,C3H8O,60.1,"[['C', 3], ['H', 8], ['O', 1]]","{'C': 0.5995507487520799, 'H': 0.1341763727121464, 'O': 0.2662063227953411}",1.0,dissipation
"('ecoinvent-3.4-biosphere', 'c778e59e-23d1-438c-bfb3-7321e019f1cf')",Nitrobenzene,"('water', 'ground-')",kilogram,Nitrobenzene,C6H5NO2,123.11,"[['C', 6], ['H', 5], ['N', 1], ['O', 2]]","{'C': 0.5853789294127204, 'H': 0.04093899764438307, 'N': 0.11377629762001462, 'O': 0.2599138981398749}",1.0,dissipation
"('ecoinvent-3.4-biosphere', 'b9fbef13-2fbf-4783-b7ff-b2ecabf2a55c')",4-Methyl-2-pentanone,"('water', 'ground-')",kilogram,4-Methyl-2-pentanone,C6H12O,100.16,"[['C', 6], ['H', 12], ['O', 1]]","{'C': 0.719508785942492, 'H': 0.12076677316293931, 'O': 0.1597344249201278}",1.0,dissipation
"('ecoinvent-3.4-biosphere', 'b5a8e697-f5ac-413f-828c-51f6aace2e36')",2-Methyl-2-butene,"('water', 'ocean')",kilogram,2-Methyl-2-butene,C5H10,70.13,"[['C', 5], ['H', 10]]","{'C': 0.8563382290032796, 'H': 0.14373306716098674}",1.0,dissipation
"('ecoinvent-3.4-biosphere', 'c4bc70e8-d445-4ca4-bc89-fc93819791e3')","Ethene, trichloro-","('water', 'surface water')",kilogram,Ethene,C2H4,28.05,"[['C', 2], ['H', 4]]","{'C': 0.8563992869875222, 'H': 0.14374331550802139}",1.0,dissipation
"('ecoinvent-3.4-biosphere', 'e44fd74a-5967-4e79-bad0-08e7363b630c')",Triclopyr,"('soil', 'agricultural')",kilogram,Triclopyr,C7H4Cl3NO3,256.5,"[['C', 7], ['H', 4], ['Cl', 3], ['N', 1], ['O', 3]]","{'C': 0.32778557504873296, 'H': 0.015719298245614036, 'Cl': 0.41465497076023394, 'N': 0.054608187134502925, 'O': 0.18712280701754386}",1.0,dissipation
"('ecoinvent-3.4-biosphere', '0e6489b3-cfcf-4563-9064-67637fc455de')",Trichlorosilane,"('air',)",kilogram,Trichlorosilane,Cl3HSi,135.45,"[['Cl', 3], ['H', 1], ['Si', 1]]","{'Cl': 0.7852270210409746, 'H': 0.0074418604651162795, 'Si': 0.20735326688815062}",1.0,dissipation
"('ecoinvent-3.4-biosphere', 'ff32cb2a-4d63-435e-8787-58436bd36a83')",Boscalid,"('soil', 'agricultural')",kilogram,Boscalid,C18H12Cl2N2O,343.2,"[['C', 18], ['H', 12], ['Cl', 2], ['N', 2], ['O', 1]]","{'C': 0.6299475524475524, 'H': 0.035244755244755246, 'Cl': 0.20660256410256414, 'N': 0.08162587412587413, 'O': 0.04661713286713287}",1.0,dissipation
"('ecoinvent-3.4-biosphere', 'fc3c75dc-e39c-463b-8b26-96cfc0ed4b47')",MCPA,"('water', 'surface water')",kilogram,MCPA,C9H9ClO3,200.62,"[['C', 9], ['H', 9], ['Cl', 1], ['O', 3]]","{'C': 0.538824643604825, 'H': 0.04521981856245638, 'Cl': 0.1767171767520686, 'O': 0.23924334562855148}",1.0,dissipation
"('ecoinvent-3.4-biosphere', 'a6dd536a-5443-4c23-bb5e-60f0fa68af13')",4-Methyl-2-pentanone,"('air', 'lower stratosphere + upper troposphere')",kilogram,4-Methyl-2-pentanone,C6H12O,100.16,"[['C', 6], ['H', 12], ['O', 1]]","{'C': 0.719508785942492, 'H': 0.12076677316293931, 'O': 0.1597344249201278}",1.0,dissipation
"('ecoinvent-3.4-biosphere', '1b454b03-a601-4d88-8c7c-21d971de9480')","Phthalate, dioctyl-","('water', 'ground-, long-term')",kilogram,Phthalate,C8H4O4-2,164.11,"[['C', 8], ['H', 4], ['O', 4]]","{'C': 0.5855097190908536, 'H': 0.024568886722320393, 'O': 0.3899579550301627}",1.0,dissipation
"('ecoinvent-3.4-biosphere', '5e050fab-1837-4c42-b597-ed2f376f768f')",Chloride,"('water', 'surface water')",kilogram,Chloride,Cl-,35.45,"[['Cl', 1]]",{'Cl': 1.0},1.0,dissipation
"('ecoinvent-3.4-biosphere', '247ac273-60fa-4e21-9408-793f75fa1d37')",Chlorine,"('air', 'urban air close to ground')",kilogram,Chlorine,Cl2,70.9,"[['Cl', 2]]",{'Cl': 1.0},1.0,dissipation
"('ecoinvent-3.4-biosphere', 'e1b4f61b-e191-4c48-852b-58b11b2245eb')",Methanol,"('water', 'surface water')",kilogram,Methanol,CH4O,32.042,"[['C', 1], ['H', 4], ['O', 1]]","{'C': 0.3748517570688471, 'H': 0.12583484177017665, 'O': 0.4993134011609762}",1.0,dissipation
"('ecoinvent-3.4-biosphere', 'beb69352-568e-4a33-b9d4-3b5bfafc85bd')",t-Butyl methyl ether,"('air',)",kilogram,t-Butyl methyl ether,C5H12O,88.15,"[['C', 5], ['H', 12], ['O', 1]]","{'C': 0.6812819058423141, 'H': 0.13722064662507089, 'O': 0.18149744753261485}",1.0,dissipation
"('ecoinvent-3.4-biosphere', '5c9d8310-f7e1-4e98-8e73-7eece0435676')",Sulfuric acid,"('air', 'non-urban air or from high stacks')",kilogram,Sulfuric acid,H2O4S,98.08,"[['H', 2], ['O', 4], ['S', 1]]","{'H': 0.020554649265905382, 'O': 0.6524877650897227, 'S': 0.3269269983686786}",1.0,dissipation
"('ecoinvent-3.4-biosphere', 'd01548e0-7a82-4e53-b958-ee630c6bca72')",Sodium hypochlorite,"('air', 'non-urban air or from high stacks')",kilogram,Sodium hypochlorite,ClNaO,74.44,"[['Cl', 1], ['Na', 1], ['O', 1]]","{'Cl': 0.4762627619559377, 'Na': 0.3088393336915637, 'O': 0.21492477162815693}",1.0,dissipation
"('ecoinvent-3.4-biosphere', '30f484ee-dec4-47ae-8e92-d00d4b93fe05')","Chromium, ion","('water',)",kilogram,Chromium,Cr,51.996,"[['Cr', 1]]",{'Cr': 1.0},1.0,dissipation
"('ecoinvent-3.4-biosphere', '2e1396a2-b8e0-4f4a-89c7-11c4ee4733c1')","Ethene, trichloro-","('air', 'lower stratosphere + upper troposphere')",kilogram,Ethene,C2H4,28.05,"[['C', 2], ['H', 4]]","{'C': 0.8563992869875222, 'H': 0.14374331550802139}",1.0,dissipation
"('ecoinvent-3.4-biosphere', '364cef97-0380-4d40-8b47-35e073f0c54f')",Procymidone,"('soil', 'agricultural')",kilogram,Procymidone,C13H11Cl2NO2,284.13,"[['C', 13], ['H', 11], ['Cl', 2], ['N', 1], ['O', 2]]","{'C': 0.549547742230669, 'H': 0.039024390243902446, 'Cl': 0.24955478126209835, 'N': 0.04929785661492979, 'O': 0.11261746383697603}",1.0,dissipation
"('ecoinvent-3.4-biosphere', '7705f0e1-5b14-44f4-b330-1245b5c7fc08')",Chromium,"('air', 'urban air close to ground')",kilogram,Chromium,Cr,51.996,"[['Cr', 1]]",{'Cr': 1.0},1.0,dissipation
"('ecoinvent-3.4-biosphere', '7f0ba7c9-341e-413d-80f6-8753727d65d1')","Methane, from soil or biomass stock","('air',)",kilogram,Methane,CH4,16.043,"[['C', 1], ['H', 4]]","{'C': 0.7486754347690582, 'H': 0.2513245652309419}",1.0,dissipation
"('ecoinvent-3.4-biosphere', '3189f4ab-348e-4207-be3d-59c2b6f8a63f')",o-Xylene,"('water', 'surface water')",kilogram,o-Xylene,C8H10,106.16,"[['C', 8], ['H', 10]]","{'C': 0.9051243406179351, 'H': 0.09495101733232857}",1.0,dissipation
"('ecoinvent-3.4-biosphere', 'f21b8022-f20d-4752-8cd6-728f56cf9c43')","PAH, polycyclic aromatic hydrocarbons","('water',)",kilogram,PAH,C9H10N2O3,194.19,"[['C', 9], ['H', 10], ['N', 2], ['O', 3]]","{'C': 0.556666151707091, 'H': 0.05190792522786961, 'N': 0.14426077552912095, 'O': 0.24716514753591842}",1.0,dissipation
"('ecoinvent-3.4-biosphere', '51e99a55-bcdb-4d18-9484-6de4b142e09d')","Methane, trichlorofluoro-, CFC-11","('air',)",kilogram,Methane,CH4,16.043,"[['C', 1], ['H', 4]]","{'C': 0.7486754347690582, 'H': 0.2513245652309419}",1.0,dissipation
"('ecoinvent-3.4-biosphere', '88453d4e-0fc0-4a5a-999d-14abe3a389b7')",Phosphine,"('air', 'lower stratosphere + upper troposphere')",kilogram,Phosphine,H3P,33.998,"[['H', 3], ['P', 1]]","{'H': 0.08894640861227132, 'P': 0.9110535913877288}",1.0,dissipation
"('ecoinvent-3.4-biosphere', '28bca51a-6cc7-46af-961a-fd2b675a1376')",Sulfate,"('water',)",kilogram,Sulfate,O4S-2,96.07,"[['O', 4], ['S', 1]]","{'O': 0.6661392734464454, 'S': 0.33376704486312064}",1.0,dissipation
"('ecoinvent-3.4-biosphere', 'ba401f02-e0d6-4629-804b-20e122115377')",Urea,"('water', 'ground-')",kilogram,Urea,CH4N2O,60.056,"[['C', 1], ['H', 4], ['N', 2], ['O', 1]]","{'C': 0.1999966697748768, 'H': 0.06713733848408153, 'N': 0.46646463300919144, 'O': 0.2664013587318503}",1.0,dissipation
"('ecoinvent-3.4-biosphere', '538fe63d-1b39-4aab-b50c-427dd4c0552b')",Lactic acid,"('air', 'lower stratosphere + upper troposphere')",kilogram,Lactic acid,C3H6O3,90.08,"[['C', 3], ['H', 6], ['O', 3]]","{'C': 0.4000111012433393, 'H': 0.06714031971580817, 'O': 0.5328263765541741}",1.0,dissipation
"('ecoinvent-3.4-biosphere', 'b72e46aa-9034-4dd2-856d-a43241d3b1f4')",Carbon,"('soil', 'forestry')",kilogram,Carbon,C,12.011,"[['C', 1]]",{'C': 1.0},1.0,dissipation
"('ecoinvent-3.4-biosphere', '16d8a28a-bf21-46ff-ae18-6da39e53fa17')",Sulfur,"('water', 'surface water')",kilogram,Sulfur,S,32.07,"[['S', 1]]",{'S': 1.0},1.0,dissipation
"('ecoinvent-3.4-biosphere', '54b35742-21ff-4454-8a3d-f31577e308b3')",Methyl ethyl ketone,"('air', 'non-urban air or from high stacks')",kilogram,Methyl ethyl ketone,C4H8O,72.11,"[['C', 4], ['H', 8], ['O', 1]]","{'C': 0.6662598807377618, 'H': 0.11182914990985994, 'O': 0.22186936624601306}",1.0,dissipation
"('ecoinvent-3.4-biosphere', 'd88b5aeb-d589-4847-b2d4-80ba6a227ab7')","Ethene, tetrachloro-","('air', 'low population density, long-term')",kilogram,Ethene,C2H4,28.05,"[['C', 2], ['H', 4]]","{'C': 0.8563992869875222, 'H': 0.14374331550802139}",1.0,dissipation
"('ecoinvent-3.4-biosphere', 'b02991d4-c180-4b16-8035-ac38f4a64b87')",Ethene,"('air', 'lower stratosphere + upper troposphere')",kilogram,Ethene,C2H4,28.05,"[['C', 2], ['H', 4]]","{'C': 0.8563992869875222, 'H': 0.14374331550802139}",1.0,dissipation
"('ecoinvent-3.4-biosphere', '5411a599-120a-4a1e-8916-85d43841da24')",Acetaldehyde,"('water', 'ground-, long-term')",kilogram,Acetaldehyde,C2H4O,44.05,"[['C', 2], ['H', 4], ['O', 1]]","{'C': 0.5453348467650397, 'H': 0.09153234960272419, 'O': 0.3632009080590239}",1.0,dissipation
"('ecoinvent-3.4-biosphere', 'e29dddef-173f-4a4b-8265-b3d1703bc204')",Bromide,"('water', 'surface water')",kilogram,Bromide,Br-,79.9,"[['Br', 1]]",{'Br': 1.0},1.0,dissipation
"('ecoinvent-3.4-biosphere', '468bebea-17ee-49d3-b11d-c603d91c67c8')","Ethane, 1,2-dichloro-","('air', 'urban air close to ground')",kilogram,Ethane,C2H6,30.07,"[['C', 2], ['H', 6]]","{'C': 0.7988693049551047, 'H': 0.20113069504489525}",1.0,dissipation
"('ecoinvent-3.4-biosphere', '0a0a8657-0cc0-4132-a31b-cb4b0a0f3f3a')",Propachlor,"('soil', 'agricultural')",kilogram,Propachlor,C11H14ClNO,211.69,"[['C', 11], ['H', 14], ['Cl', 1], ['N', 1], ['O', 1]]","{'C': 0.624124899617365, 'H': 0.06666351740752988, 'Cl': 0.16747602626482122, 'N': 0.06616750909348576, 'O': 0.07557749539420852}",1.0,dissipation
"('ecoinvent-3.4-biosphere', '01248058-8a0f-40f6-8555-13ec37c7931d')",Sodium,"('air', 'low population density, long-term')",kilogram,Sodium,Na,22.9897693,"[['Na', 1]]",{'Na': 1.0},1.0,dissipation
"('ecoinvent-3.4-biosphere', '33681770-a0e1-4ce8-93c3-941fd607fa5f')","Methane, tetrafluoro-, R-14","('air',)",kilogram,Methane,CH4,16.043,"[['C', 1], ['H', 4]]","{'C': 0.7486754347690582, 'H': 0.2513245652309419}",1.0,dissipation
"('ecoinvent-3.4-biosphere', '1982d665-0aef-4909-876a-f0e6b74220b8')",Triethylene glycol,"('water', 'ground-, long-term')",kilogram,Triethylene glycol,C6H14O4,150.17,"[['C', 6], ['H', 14], ['O', 4]]","{'C': 0.4798961177332357, 'H': 0.09397349670373577, 'O': 0.42615702204168615}",1.0,dissipation
"('ecoinvent-3.4-biosphere', 'e8475907-2081-4fd5-9526-bfcef88380db')",Magnesium,"('soil', 'agricultural')",kilogram,Magnesium,Mg,24.305,"[['Mg', 1]]",{'Mg': 1.0},1.0,dissipation
"('ecoinvent-3.4-biosphere', '50f528ca-45e7-42d0-b399-998ea63ddabf')","Methane, bromochlorodifluoro-, Halon 1211","('air', 'lower stratosphere + upper troposphere')",kilogram,Methane,CH4,16.043,"[['C', 1], ['H', 4]]","{'C': 0.7486754347690582, 'H': 0.2513245652309419}",1.0,dissipation
"('ecoinvent-3.4-biosphere', '0c150bb4-fd1a-43f8-b6c9-5dfda8dadb6c')",Nitrogen,"('water', 'ground-')",kilogram,Nitrogen,N2,28.014,"[['N', 2]]",{'N': 1.0},1.0,dissipation
"('ecoinvent-3.4-biosphere', 'c24f5894-f95e-4661-ba76-130397348894')",Bromine,"('air',)",kilogram,Bromine,Br2,159.81,"[['Br', 2]]",{'Br': 1.0},1.0,dissipation
"('ecoinvent-3.4-biosphere', '53b87932-00c8-4bf4-b519-ecd3c401ed4d')","Ethane, 1,1,2-trichloro-1,2,2-trifluoro-, CFC-113","('air', 'lower stratosphere + upper troposphere')",kilogram,Ethane,C2H6,30.07,"[['C', 2], ['H', 6]]","{'C': 0.7988693049551047, 'H': 0.20113069504489525}",1.0,dissipation
"('ecoinvent-3.4-biosphere', '77fc7d6f-d243-428d-a4f1-19e08364e9da')",Permethrin,"('air', 'non-urban air or from high stacks')",kilogram,Permethrin,C21H20Cl2O3,391.3,"[['C', 21], ['H', 20], ['Cl', 2], ['O', 3]]","{'C': 0.644597495527728, 'H': 0.051520572450805005, 'Cl': 0.18120623562484028, 'O': 0.12266036289292102}",1.0,dissipation
"('ecoinvent-3.4-biosphere', '404a34e3-251d-4d4f-9f53-9c27f99bfc0e')",Ozone,"('air', 'non-urban air or from high stacks')",kilogram,Ozone,O3,47.998,"[['O', 3]]",{'O': 1.0},1.0,dissipation
"('ecoinvent-3.4-biosphere', 'a9362d7a-627f-414b-96c2-e61e56c77fb8')","Ethane, hexachloro-","('water',)",kilogram,Ethane,C2H6,30.07,"[['C', 2], ['H', 6]]","{'C': 0.7988693049551047, 'H': 0.20113069504489525}",1.0,dissipation
"('ecoinvent-3.4-biosphere', '754028fd-e650-4804-922e-694a764ba578')","Ethene, tetrachloro-","('air', 'non-urban air or from high stacks')",kilogram,Ethene,C2H4,28.05,"[['C', 2], ['H', 4]]","{'C': 0.8563992869875222, 'H': 0.14374331550802139}",1.0,dissipation
"('ecoinvent-3.4-biosphere', '32fccda4-0d99-40ab-b65f-c7203080b62b')",Thallium,"('water',)",kilogram,Thallium,Tl,204.383,"[['Tl', 1]]",{'Tl': 1.0},1.0,dissipation
"('ecoinvent-3.4-biosphere', 'b59faa48-28a7-485e-b8c1-6284dff23282')","Perchlorate, ion","('water', 'surface water')",kilogram,Perchlorate,ClO4-,99.45,"[['Cl', 1], ['O', 4]]","{'Cl': 0.35649069884364004, 'O': 0.643499245852187}",1.0,dissipation
"('ecoinvent-3.4-biosphere', 'ff5b7e31-3118-40f5-9b82-f65018442d77')",Dichromate,"('water', 'ground-')",kilogram,Dichromate,Cr2O7-2,215.99,"[['Cr', 2], ['O', 7]]","{'Cr': 0.48146673457104494, 'O': 0.5185101162090838}",1.0,dissipation
"('ecoinvent-3.4-biosphere', '2cea4705-5460-4f03-80ca-1aaf90f17c3a')",Silicon,"('air', 'low population density, long-term')",kilogram,Silicon,Si,28.085,"[['Si', 1]]",{'Si': 1.0},1.0,dissipation
"('ecoinvent-3.4-biosphere', '8d179ea0-7b52-441e-954b-b5349d66340f')",Hydrogen peroxide,"('air', 'urban air close to ground')",kilogram,Hydrogen peroxide,H2O2,34.015,"[['H', 2], ['O', 2]]","{'H': 0.059267970013229455, 'O': 0.9407026311921212}",1.0,dissipation
"('ecoinvent-3.4-biosphere', '2d456fb8-592b-46a7-97f0-81fc2a18e587')",Styrene,"('air', 'non-urban air or from high stacks')",kilogram,Styrene,C8H8,104.15,"[['C', 8], ['H', 8]]","{'C': 0.9225924147863657, 'H': 0.07742678828612577}",1.0,dissipation
"('ecoinvent-3.4-biosphere', 'aeb3e625-906a-4993-9f02-785f8cfd1ea5')",Sulfur trioxide,"('air', 'lower stratosphere + upper troposphere')",kilogram,Sulfur trioxide,O3S,80.07,"[['O', 3], ['S', 1]]","{'O': 0.5994379917572125, 'S': 0.400462095666292}",1.0,dissipation
"('ecoinvent-3.4-biosphere', '1be475e0-ccef-4145-98e0-0d47c570a71b')",Selenium,"('water', 'ground-')",kilogram,Selenium,Se,78.97,"[['Se', 1]]",{'Se': 1.0},1.0,dissipation
"('ecoinvent-3.4-biosphere', 'f7553ef8-e4f3-4b9c-98be-81fa36315648')",Acetonitrile,"('air', 'non-urban air or from high stacks')",kilogram,Acetonitrile,C2H3N,41.05,"[['C', 2], ['H', 3], ['N', 1]]","{'C': 0.5851887941534714, 'H': 0.07366626065773448, 'N': 0.3412180267965895}",1.0,dissipation
"('ecoinvent-3.4-biosphere', 'f5ce0b83-d178-4f50-b1cb-844091b7f0bc')",Dimethyl malonate,"('air',)",kilogram,Dimethyl malonate,C5H8O4,132.11,"[['C', 5], ['H', 8], ['O', 4]]","{'C': 0.45458330179395945, 'H': 0.06104004238891832, 'O': 0.4844145030656271}",1.0,dissipation
"('ecoinvent-3.4-biosphere', '20185046-64bb-4c09-a8e7-e8a9e144ca98')",Dinitrogen monoxide,"('air',)",kilogram,Dinitrogen monoxide,N2O,44.013,"[['N', 2], ['O', 1]]","{'N': 0.6364937632063254, 'O': 0.3635062367936746}",1.0,dissipation
"('ecoinvent-3.4-biosphere', '10e38581-58c8-4b27-85a4-6db6a83286ba')",Monochloroethane,"('air', 'low population density, long-term')",kilogram,Monochloroethane,C2H5Cl,64.51,"[['C', 2], ['H', 5], ['Cl', 1]]","{'C': 0.37237637575569676, 'H': 0.07812742210509997, 'Cl': 0.5495737095024027}",1.0,dissipation
"('ecoinvent-3.4-biosphere', '41cce80a-82c1-4caa-b6ef-718ec4b83fd6')",Ethyl acetate,"('air', 'urban air close to ground')",kilogram,Ethyl acetate,C4H8O2,88.11,"[['C', 4], ['H', 8], ['O', 2]]","{'C': 0.5452729542617183, 'H': 0.09152196118488254, 'O': 0.3631596867551924}",1.0,dissipation
"('ecoinvent-3.4-biosphere', '25577c13-5625-41cf-a921-9e82f81d2131')",Methyl borate,"('water', 'ocean')",kilogram,Methyl borate,C3H9BO3,103.92,"[['C', 3], ['H', 9], ['B', 1], ['O', 3]]","{'C': 0.3467378752886836, 'H': 0.08729792147806004, 'B': 0.10402232486528099, 'O': 0.461864896073903}",1.0,dissipation
"('ecoinvent-3.4-biosphere', 'e55802e0-4678-42df-978e-e18aa552c33e')",Hexane,"('water', 'surface water')",kilogram,Hexane,C6H14,86.18,"[['C', 6], ['H', 14]]","{'C': 0.8362265026688327, 'H': 0.16375029009050823}",1.0,dissipation
"('ecoinvent-3.4-biosphere', 'f6979c44-2a8a-4730-a4b4-376d5539dcd0')",Propanol,"('air', 'lower stratosphere + upper troposphere')",kilogram,Propanol,C3H8O,60.1,"[['C', 3], ['H', 8], ['O', 1]]","{'C': 0.5995507487520799, 'H': 0.1341763727121464, 'O': 0.2662063227953411}",1.0,dissipation
"('ecoinvent-3.4-biosphere', 'ee602d07-f56e-4f9a-9362-c3dbd45897c0')",Formamide,"('water', 'ground-')",kilogram,Formamide,CH3NO,45.041,"[['C', 1], ['H', 3], ['N', 1], ['O', 1]]","{'C': 0.2666681467995826, 'H': 0.0671388290668502, 'N': 0.310983326302702, 'O': 0.35520969783086526}",1.0,dissipation
"('ecoinvent-3.4-biosphere', 'f8ee4881-a003-4e18-aa2a-d9daf97d76f7')","Ethane, 1,1,1-trichloro-, HCFC-140","('air', 'low population density, long-term')",kilogram,Ethane,C2H6,30.07,"[['C', 2], ['H', 6]]","{'C': 0.7988693049551047, 'H': 0.20113069504489525}",1.0,dissipation
"('ecoinvent-3.4-biosphere', 'c3b659e5-35f1-408c-8cb5-b5f9b295c76e')","Copper, ion","('water', 'ground-')",kilogram,Copper,Cu,63.55,"[['Cu', 1]]",{'Cu': 1.0},1.0,dissipation
"('ecoinvent-3.4-biosphere', '9ee7f4ab-b826-47ae-8623-e138f944b42e')",Lead,"('air', 'low population density, long-term')",kilogram,Lead,Pb,207.0,"[['Pb', 1]]",{'Pb': 1.0},1.0,dissipation
"('ecoinvent-3.4-biosphere', 'a081288c-e279-4af3-9319-8b6fd878a9e4')","Ethane, hexachloro-","('water', 'ground-, long-term')",kilogram,Ethane,C2H6,30.07,"[['C', 2], ['H', 6]]","{'C': 0.7988693049551047, 'H': 0.20113069504489525}",1.0,dissipation
"('ecoinvent-3.4-biosphere', 'ffa34df1-d949-48e3-b602-183eee5df605')",Ethylene glycol monoethyl ether,"('air', 'urban air close to ground')",kilogram,Ethylene glycol monoethyl ether,C4H10O2,90.12,"[['C', 4], ['H', 10], ['O', 2]]","{'C': 0.5331114070128716, 'H': 0.11185086551264979, 'O': 0.35505992010652465}",1.0,dissipation
"('ecoinvent-3.4-biosphere', '541b633c-17a3-4047-bce6-0c0e4fdb7c10')","Zinc, ion","('water', 'surface water')",kilogram,Zinc,Zn,65.4,"[['Zn', 1]]",{'Zn': 1.0},1.0,dissipation
"('ecoinvent-3.4-biosphere', '3caec0e2-2d07-4463-abae-bef6a0d4bbdb')",Sulfuric acid,"('air', 'lower stratosphere + upper troposphere')",kilogram,Sulfuric acid,H2O4S,98.08,"[['H', 2], ['O', 4], ['S', 1]]","{'H': 0.020554649265905382, 'O': 0.6524877650897227, 'S': 0.3269269983686786}",1.0,dissipation
"('ecoinvent-3.4-biosphere', 'fc81e3b6-8538-4e74-9303-26cf397f19cb')",2-Methyl-2-butene,"('water', 'ground-, long-term')",kilogram,2-Methyl-2-butene,C5H10,70.13,"[['C', 5], ['H', 10]]","{'C': 0.8563382290032796, 'H': 0.14373306716098674}",1.0,dissipation
"('ecoinvent-3.4-biosphere', 'cfdbc576-e8dc-44ef-bdf2-ddd7009ce57e')",m-Xylene,"('air',)",kilogram,m-Xylene,C8H10,106.16,"[['C', 8], ['H', 10]]","{'C': 0.9051243406179351, 'H': 0.09495101733232857}",1.0,dissipation
"('ecoinvent-3.4-biosphere', '971246f7-14d9-4ad5-98da-fc147dd8800f')",Methyl borate,"('air',)",kilogram,Methyl borate,C3H9BO3,103.92,"[['C', 3], ['H', 9], ['B', 1], ['O', 3]]","{'C': 0.3467378752886836, 'H': 0.08729792147806004, 'B': 0.10402232486528099, 'O': 0.461864896073903}",1.0,dissipation
"('ecoinvent-3.4-biosphere', 'c5cc0625-6e01-4639-b053-5d1d9d22a53c')",Acetic acid,"('air', 'non-urban air or from high stacks')",kilogram,Acetic acid,C2H4O2,60.05,"[['C', 2], ['H', 4], ['O', 2]]","{'C': 0.40003330557868444, 'H': 0.06714404662781016, 'O': 0.5328559533721899}",1.0,dissipation
"('ecoinvent-3.4-biosphere', '48aa661d-be05-4c24-94fe-8d6feb3dcb31')",Mercury,"('air', 'lower stratosphere + upper troposphere')",kilogram,Mercury,Hg,200.59,"[['Hg', 1]]",{'Hg': 1.0},1.0,dissipation
"('ecoinvent-3.4-biosphere', '7120eec5-cf9a-4c69-83f2-f1a58813754c')",Clomazone,"('soil', 'agricultural')",kilogram,Clomazone,C12H14ClNO2,239.7,"[['C', 12], ['H', 14], ['Cl', 1], ['N', 1], ['O', 2]]","{'C': 0.6013016270337923, 'H': 0.05887359198998749, 'Cl': 0.14790571547768044, 'N': 0.058435544430538174, 'O': 0.1334918648310388}",1.0,dissipation
"('ecoinvent-3.4-biosphere', '9288c80d-c5b0-485d-9b12-1f4122363db4')",Bentazone,"('water', 'surface water')",kilogram,Bentazone,C10H12N2O3S,240.28,"[['C', 10], ['H', 12], ['N', 2], ['O', 3], ['S', 1]]","{'C': 0.49987514566339264, 'H': 0.05034126852005993, 'N': 0.11658897952388879, 'O': 0.19975445313800566, 'S': 0.13344847677709337}",1.0,dissipation
"('ecoinvent-3.4-biosphere', 'bd70c699-1ea1-4bb1-b23d-bc771d7d6311')",Methyl acetate,"('air',)",kilogram,Methyl acetate,C3H6O2,74.08,"[['C', 3], ['H', 6], ['O', 2]]","{'C': 0.4864065874730022, 'H': 0.08164146868250541, 'O': 0.4319384449244061}",1.0,dissipation
"('ecoinvent-3.4-biosphere', 'c8ab38a2-3cb8-4d6f-82cb-4a8f9b17709a')",Carbon disulfide,"('water', 'ground-')",kilogram,Carbon disulfide,CS2,76.15,"[['C', 1], ['S', 2]]","{'C': 0.1577281680892974, 'S': 0.8421536441234404}",1.0,dissipation
"('ecoinvent-3.4-biosphere', '96b52062-5e2f-40de-921a-f443c08862e4')","Methane, bromotrifluoro-, Halon 1301","('air', 'low population density, long-term')",kilogram,Methane,CH4,16.043,"[['C', 1], ['H', 4]]","{'C': 0.7486754347690582, 'H': 0.2513245652309419}",1.0,dissipation
"('ecoinvent-3.4-biosphere', 'e4526360-b2a1-4e77-9f00-57dbfe228bde')",1-Pentanol,"('water', 'surface water')",kilogram,1-Pentanol,C5H12O,88.15,"[['C', 5], ['H', 12], ['O', 1]]","{'C': 0.6812819058423141, 'H': 0.13722064662507089, 'O': 0.18149744753261485}",1.0,dissipation
"('ecoinvent-3.4-biosphere', '361176bc-ebe3-4f2b-8905-c87feec17d74')",Flumiclorac-pentyl,"('air', 'non-urban air or from high stacks')",kilogram,Flumiclorac-pentyl,C21H23ClFNO5,423.9,"[['C', 21], ['H', 23], ['Cl', 1], ['F', 1], ['N', 1], ['O', 5]]","{'C': 0.5950247699929229, 'H': 0.05469214437367304, 'Cl': 0.08363529134229772, 'F': 0.04481717386175985, 'N': 0.03304317055909413, 'O': 0.18871196036801136}",1.0,dissipation
"('ecoinvent-3.4-biosphere', '123b7b5a-cfc3-4dba-a14c-8481d3543f43')",Gold,"('water',)",kilogram,Gold,Au,196.96657,"[['Au', 1]]",{'Au': 1.0},1.0,dissipation
"('ecoinvent-3.4-biosphere', '35c746fb-2d4a-4d06-9955-1973ce67b74e')",Cumene,"('air', 'urban air close to ground')",kilogram,Cumene,C9H12,120.19,"[['C', 9], ['H', 12]]","{'C': 0.8994009484982111, 'H': 0.10064065230052417}",1.0,dissipation
"('ecoinvent-3.4-biosphere', 'fd950a9b-db9f-41c9-a8b0-d61f152f6ef2')",EPTC,"('soil', 'agricultural')",kilogram,EPTC,C9H19NOS,189.32,"[['C', 9], ['H', 19], ['N', 1], ['O', 1], ['S', 1]]","{'C': 0.5709856327910416, 'H': 0.10116205366575112, 'N': 0.0739858440735263, 'O': 0.0845077118106909, 'S': 0.16936932178322417}",1.0,dissipation
"('ecoinvent-3.4-biosphere', 'd4049741-cef2-4edd-a3af-9728b9e3a568')",Sulfur,"('soil', 'agricultural')",kilogram,Sulfur,S,32.07,"[['S', 1]]",{'S': 1.0},1.0,dissipation
"('ecoinvent-3.4-biosphere', '9102514a-4cd5-4560-a1bf-b8fe57d8c303')",Dipropylamine,"('air', 'lower stratosphere + upper troposphere')",kilogram,Dipropylamine,C6H15N,101.19,"[['C', 6], ['H', 15], ['N', 1]]","{'C': 0.7121849985176402, 'H': 0.14942187963237474, 'N': 0.13842276904832493}",1.0,dissipation
"('ecoinvent-3.4-biosphere', 'e59a199f-d4ed-4d43-82b1-71c4a8fae867')","Methane, tetrafluoro-, R-14","('air', 'low population density, long-term')",kilogram,Methane,CH4,16.043,"[['C', 1], ['H', 4]]","{'C': 0.7486754347690582, 'H': 0.2513245652309419}",1.0,dissipation
"('ecoinvent-3.4-biosphere', '63974d2c-11f3-45eb-be9c-726261b04d85')",Phenol,"('air', 'non-urban air or from high stacks')",kilogram,Phenol,C6H6O,94.11,"[['C', 6], ['H', 6], ['O', 1]]","{'C': 0.765763468281798, 'H': 0.06426522154925088, 'O': 0.17000318775900541}",1.0,dissipation
"('ecoinvent-3.4-biosphere', '5e13c2ab-5466-4ff5-816d-702dfdf25f76')",Benzo(a)pyrene,"('air',)",kilogram,Benzo(a)pyrene,C20H12,252.3,"[['C', 20], ['H', 12]]","{'C': 0.9521204914783986, 'H': 0.04794292508917954}",1.0,dissipation
"('ecoinvent-3.4-biosphere', '6eb5976c-c1e1-4e3e-a362-a46054941573')","Chlorosilane, trimethyl-","('water', 'ground-')",kilogram,Chlorosilane,ClH3Si,66.56,"[['Cl', 1], ['H', 3], ['Si', 1]]","{'Cl': 0.5326472355769231, 'H': 0.045432692307692306, 'Si': 0.4219651442307692}",1.0,dissipation
"('ecoinvent-3.4-biosphere', '22524a35-32c0-482a-82f7-49724ad1c595')",Diethyl ether,"('air',)",kilogram,Diethyl ether,C4H10O,74.12,"[['C', 4], ['H', 10], ['O', 1]]","{'C': 0.6481921208850512, 'H': 0.13599568267674042, 'O': 0.21585267134376687}",1.0,dissipation
"('ecoinvent-3.4-biosphere', '7673fea9-b4ab-403e-b011-f1fb5a74ea2a')",Tungsten,"('water', 'surface water')",kilogram,Tungsten,W,183.84,"[['W', 1]]",{'W': 1.0},1.0,dissipation
"('ecoinvent-3.4-biosphere', '6a903634-c97f-4c49-a7c0-88f0e6ac7a23')",Lead,"('air', 'urban air close to ground')",kilogram,Lead,Pb,207.0,"[['Pb', 1]]",{'Pb': 1.0},1.0,dissipation
"('ecoinvent-3.4-biosphere', '257eacb9-96fe-4a3d-961a-f5e6c7823ff0')",Hydrogen fluoride,"('air', 'urban air close to ground')",kilogram,Hydrogen fluoride,FH,20.0064,"[['F', 1], ['H', 1]]","{'F': 0.9495961292386437, 'H': 0.050383877159309025}",1.0,dissipation
"('ecoinvent-3.4-biosphere', 'cd5898ca-96ad-4038-b7ac-edf544d2800a')",Barium,"('air', 'low population density, long-term')",kilogram,Barium,Ba,137.33,"[['Ba', 1]]",{'Ba': 1.0},1.0,dissipation
"('ecoinvent-3.4-biosphere', '85d539e7-6193-4f24-90b1-a2c83820df66')",Diethylamine,"('air', 'low population density, long-term')",kilogram,Diethylamine,C4H11N,73.14,"[['C', 4], ['H', 11], ['N', 1]]","{'C': 0.6568772217664752, 'H': 0.15159967186218212, 'N': 0.19150943396226414}",1.0,dissipation
"('ecoinvent-3.4-biosphere', '3aaf9017-0d8a-42aa-9a60-cbc39e994e73')",Phosphate,"('water', 'ocean')",kilogram,Phosphate,O4P-3,94.971,"[['O', 4], ['P', 1]]","{'O': 0.6738478061724105, 'P': 0.3261416642975224}",1.0,dissipation
"('ecoinvent-3.4-biosphere', '8c6412f6-e293-499a-897a-e33e3774b665')",Propylamine,"('air', 'urban air close to ground')",kilogram,Propylamine,C3H9N,59.11,"[['C', 3], ['H', 9], ['N', 1]]","{'C': 0.6095922855692777, 'H': 0.15347656910844187, 'N': 0.23696498054474707}",1.0,dissipation
"('ecoinvent-3.4-biosphere', 'd6235194-e4e6-4548-bfa3-ac095131aef4')","Carbon dioxide, non-fossil","('air', 'non-urban air or from high stacks')",kilogram,Carbon dioxide,CO2,44.009,"[['C', 1], ['O', 2]]","{'C': 0.27292144788565975, 'O': 0.7270785521143402}",1.0,dissipation
"('ecoinvent-3.4-biosphere', 'f9c73aca-3d5c-4072-81dd-b8e0643530a6')",Quizalofop ethyl ester,"('soil', 'agricultural')",kilogram,Quizalofop ethyl ester,C19H17ClN2O4,372.8,"[['C', 19], ['H', 17], ['Cl', 1], ['N', 2], ['O', 4]]","{'C': 0.6121486051502145, 'H': 0.0459656652360515, 'Cl': 0.09509924892703864, 'N': 0.07514484978540772, 'O': 0.17166309012875536}",1.0,dissipation
"('ecoinvent-3.4-biosphere', '95ad40ec-c34b-49fc-a7dc-0e13172ac105')",Barium,"('water', 'ocean')",kilogram,Barium,Ba,137.33,"[['Ba', 1]]",{'Ba': 1.0},1.0,dissipation
"('ecoinvent-3.4-biosphere', '9cbbd44e-bc02-4586-9d58-e223db6f5e24')",Pendimethalin,"('soil', 'agricultural')",kilogram,Pendimethalin,C13H19N3O4,281.31,"[['C', 13], ['H', 19], ['N', 3], ['O', 4]]","{'C': 0.5550566990153212, 'H': 0.06808147595179695, 'N': 0.14937613309160713, 'O': 0.2274928015356724}",1.0,dissipation
"('ecoinvent-3.4-biosphere', 'ac066c02-b403-407b-a1f0-b29ad0f8188f')","Calcium, ion","('water', 'surface water')",kilogram,Calcium,Ca,40.08,"[['Ca', 1]]",{'Ca': 1.0},1.0,dissipation
"('ecoinvent-3.4-biosphere', 'e13ce12b-b03a-48bd-b928-185000edf7bb')",Platinum,"('air', 'low population density, long-term')",kilogram,Platinum,Pt,195.08,"[['Pt', 1]]",{'Pt': 1.0},1.0,dissipation
"('ecoinvent-3.4-biosphere', '1e060d5a-cd41-4f30-9c93-272403b7e004')","Ethane, 1,2-dichloro-1,1,2,2-tetrafluoro-, CFC-114","('air', 'low population density, long-term')",kilogram,Ethane,C2H6,30.07,"[['C', 2], ['H', 6]]","{'C': 0.7988693049551047, 'H': 0.20113069504489525}",1.0,dissipation
"('ecoinvent-3.4-biosphere', '18ea247b-edc2-43fe-89bd-cedd04102bcc')","Methane, monochloro-, R-40","('air',)",kilogram,Methane,CH4,16.043,"[['C', 1], ['H', 4]]","{'C': 0.7486754347690582, 'H': 0.2513245652309419}",1.0,dissipation
"('ecoinvent-3.4-biosphere', 'c8791f3c-3c4a-4278-91c0-483797d14da2')",Phosphate,"('water',)",kilogram,Phosphate,O4P-3,94.971,"[['O', 4], ['P', 1]]","{'O': 0.6738478061724105, 'P': 0.3261416642975224}",1.0,dissipation
"('ecoinvent-3.4-biosphere', 'd56ddb2e-5087-4118-8359-64fb6cb513f9')","Ethene, trichloro-","('air', 'low population density, long-term')",kilogram,Ethene,C2H4,28.05,"[['C', 2], ['H', 4]]","{'C': 0.8563992869875222, 'H': 0.14374331550802139}",1.0,dissipation
"('ecoinvent-3.4-biosphere', 'e5e50f39-ab65-4ed0-84c3-93707e85f4d4')",Isoprene,"('air', 'urban air close to ground')",kilogram,Isoprene,C5H8,68.12,"[['C', 5], ['H', 8]]","{'C': 0.8816059894304168, 'H': 0.11837933059307104}",1.0,dissipation
"('ecoinvent-3.4-biosphere', '38d7e9ef-5bea-4233-aa48-760785d060ed')",Potassium hydroxide,"('air', 'urban air close to ground')",kilogram,Potassium hydroxide,HKO,56.106,"[['H', 1], ['K', 1], ['O', 1]]","{'H': 0.017965992941931345, 'K': 0.6968595159163012, 'O': 0.285156667736071}",1.0,dissipation
"('ecoinvent-3.4-biosphere', '669778e5-b6e1-4c0d-8500-864563a74110')","Methane, tetrachloro-, R-10","('water', 'ground-, long-term')",kilogram,Methane,CH4,16.043,"[['C', 1], ['H', 4]]","{'C': 0.7486754347690582, 'H': 0.2513245652309419}",1.0,dissipation
"('ecoinvent-3.4-biosphere', '584ffb1c-036d-417b-a9d1-1ec694dc2cdc')","Benzene, dichloro","('air', 'low population density, long-term')",kilogram,Benzene,C6H6,78.11,"[['C', 6], ['H', 6]]","{'C': 0.9226219434131354, 'H': 0.07742926641915247}",1.0,dissipation
"('ecoinvent-3.4-biosphere', '76e532b3-25c7-487e-894c-5bf306cdd012')",2-Methyl-1-propanol,"('air', 'non-urban air or from high stacks')",kilogram,2-Methyl-1-propanol,C4H10O,74.12,"[['C', 4], ['H', 10], ['O', 1]]","{'C': 0.6481921208850512, 'H': 0.13599568267674042, 'O': 0.21585267134376687}",1.0,dissipation
"('ecoinvent-3.4-biosphere', '7a41be00-7040-4097-99be-a8085e86bf5e')",1-Pentene,"('water', 'ground-')",kilogram,1-Pentene,C5H10,70.13,"[['C', 5], ['H', 10]]","{'C': 0.8563382290032796, 'H': 0.14373306716098674}",1.0,dissipation
"('ecoinvent-3.4-biosphere', '01056d4b-f9b0-4dfc-b8d9-8407c8376efb')",Aluminium,"('water', 'ground-, long-term')",kilogram,Aluminium,Al,26.981538,"[['Al', 1]]",{'Al': 1.0},1.0,dissipation
"('ecoinvent-3.4-biosphere', '39ec593c-6c45-571f-8a6b-b76472bb4824')",Maleic anhydride,"('water',)",kilogram,Maleic anhydride,C4H2O3,98.06,"[['C', 4], ['H', 2], ['O', 3]]","{'C': 0.48994493167448494, 'H': 0.020558841525596575, 'O': 0.4894656332857434}",1.0,dissipation
"('ecoinvent-3.4-biosphere', '04279d50-d748-4d84-b004-8c90ccb044e2')",Tralomethrin,"('soil', 'agricultural')",kilogram,Tralomethrin,C22H19Br4NO3,665.0,"[['C', 22], ['H', 19], ['Br', 4], ['N', 1], ['O', 3]]","{'C': 0.3973563909774436, 'H': 0.028800000000000003, 'Br': 0.4806255639097744, 'N': 0.021063157894736843, 'O': 0.07217593984962406}",1.0,dissipation
"('ecoinvent-3.4-biosphere', '718a3fe1-6ad8-42b6-8869-db317e79c03d')",Captan,"('soil', 'agricultural')",kilogram,Captan,C9H8Cl3NO2S,300.6,"[['C', 9], ['H', 8], ['Cl', 3], ['N', 1], ['O', 2], ['S', 1]]","{'C': 0.35961077844311373, 'H': 0.02682634730538922, 'Cl': 0.3538223552894212, 'N': 0.04659680638722554, 'O': 0.10644710578842315, 'S': 0.10666999334664004}",1.0,dissipation
"('ecoinvent-3.4-biosphere', '21806f1e-a21a-43f7-82b1-00dd5c42fe3f')",Trichlorosilane,"('water',)",kilogram,Trichlorosilane,Cl3HSi,135.45,"[['Cl', 3], ['H', 1], ['Si', 1]]","{'Cl': 0.7852270210409746, 'H': 0.0074418604651162795, 'Si': 0.20735326688815062}",1.0,dissipation
"('ecoinvent-3.4-biosphere', '0605e241-ce98-4c10-8c61-d0a1775cdcb0')",Benzo(ghi)perylene,"('air',)",kilogram,Benzo(ghi)perylene,C22H12,276.3,"[['C', 22], ['H', 12]]","{'C': 0.9563590300398116, 'H': 0.04377850162866449}",1.0,dissipation
"('ecoinvent-3.4-biosphere', '834ffc71-e8a1-4b2d-b960-8a924c708954')",Dichlorprop,"('air', 'non-urban air or from high stacks')",kilogram,Dichlorprop,C9H8Cl2O3,235.06,"[['C', 9], ['H', 8], ['Cl', 2], ['O', 3]]","{'C': 0.4598783289372926, 'H': 0.034306134603930914, 'Cl': 0.30165064238917727, 'O': 0.20419041946737004}",1.0,dissipation
"('ecoinvent-3.4-biosphere', 'b1dc1428-e198-464d-a434-a7e6d880f041')",Ethylamine,"('air',)",kilogram,Ethylamine,C2H7N,45.08,"[['C', 2], ['H', 7], ['N', 1]]","{'C': 0.5328748890860692, 'H': 0.1565217391304348, 'N': 0.3107142857142857}",1.0,dissipation
"('ecoinvent-3.4-biosphere', '4307f245-e0b9-4ad0-b951-85f4cf08393f')",Triethylene glycol,"('water', 'surface water')",kilogram,Triethylene glycol,C6H14O4,150.17,"[['C', 6], ['H', 14], ['O', 4]]","{'C': 0.4798961177332357, 'H': 0.09397349670373577, 'O': 0.42615702204168615}",1.0,dissipation
"('ecoinvent-3.4-biosphere', '36e53653-1338-42c7-816c-f6667809e0b1')",Cadmium,"('air', 'urban air close to ground')",kilogram,Cadmium,Cd,112.41,"[['Cd', 1]]",{'Cd': 1.0},1.0,dissipation
"('ecoinvent-3.4-biosphere', '5458bee1-0c04-445c-b617-a7315d6a2b9f')",Difenoconazole,"('soil', 'agricultural')",kilogram,Difenoconazole,C19H17Cl2N3O3,406.3,"[['C', 19], ['H', 17], ['Cl', 2], ['N', 3], ['O', 3]]","{'C': 0.5616761014029041, 'H': 0.04217573221757322, 'Cl': 0.17451636721634262, 'N': 0.10342357863647551, 'O': 0.11813192222495693}",1.0,dissipation
"('ecoinvent-3.4-biosphere', '6a9ef0ac-2a82-492b-90f7-7f8d09995bbc')","Benzene, pentachloro-","('air',)",kilogram,Benzene,C6H6,78.11,"[['C', 6], ['H', 6]]","{'C': 0.9226219434131354, 'H': 0.07742926641915247}",1.0,dissipation
"('ecoinvent-3.4-biosphere', '1a796dc4-5dcb-40da-a609-3a5a40655fad')",Cumene,"('air', 'non-urban air or from high stacks')",kilogram,Cumene,C9H12,120.19,"[['C', 9], ['H', 12]]","{'C': 0.8994009484982111, 'H': 0.10064065230052417}",1.0,dissipation
"('ecoinvent-3.4-biosphere', '6cdb9fc0-1865-4152-b05b-a60fd1f20a7e')",Methyl acrylate,"('water', 'ground-, long-term')",kilogram,Methyl acrylate,C4H6O2,86.09,"[['C', 4], ['H', 6], ['O', 2]]","{'C': 0.558067139040539, 'H': 0.0702520617957951, 'O': 0.3716807991636659}",1.0,dissipation
"('ecoinvent-3.4-biosphere', 'e1327ebe-ac90-4d12-8787-09649213ce63')",Ametryn,"('soil', 'agricultural')",kilogram,Ametryn,C9H17N5S,227.33,"[['C', 9], ['H', 17], ['N', 5], ['S', 1]]","{'C': 0.4755157700259534, 'H': 0.07537940439009369, 'N': 0.3080763647560814, 'S': 0.1410504552852681}",1.0,dissipation
"('ecoinvent-3.4-biosphere', '16176f2c-6c9e-447b-99fb-e2f1d651c849')",Diborane,"('water', 'ocean')",kilogram,Diborane,B2H6,27.67,"[['B', 2], ['H', 6]]","{'B': 0.7813516443801951, 'H': 0.21857607517166605}",1.0,dissipation
"('ecoinvent-3.4-biosphere', '4b841af5-7061-4e59-89d4-cace8bc364e1')",o-Xylene,"('air', 'lower stratosphere + upper troposphere')",kilogram,o-Xylene,C8H10,106.16,"[['C', 8], ['H', 10]]","{'C': 0.9051243406179351, 'H': 0.09495101733232857}",1.0,dissipation
"('ecoinvent-3.4-biosphere', '400be66e-4383-482a-93e3-c005e96de261')","Ethane, 1-chloro-1,1-difluoro-, HCFC-142b","('air', 'urban air close to ground')",kilogram,Ethane,C2H6,30.07,"[['C', 2], ['H', 6]]","{'C': 0.7988693049551047, 'H': 0.20113069504489525}",1.0,dissipation
"('ecoinvent-3.4-biosphere', 'f6a4bdb1-d67e-4c00-adf3-df344701bde9')",4-Methyl-2-pentanone,"('water', 'ocean')",kilogram,4-Methyl-2-pentanone,C6H12O,100.16,"[['C', 6], ['H', 12], ['O', 1]]","{'C': 0.719508785942492, 'H': 0.12076677316293931, 'O': 0.1597344249201278}",1.0,dissipation
"('ecoinvent-3.4-biosphere', '8b48b5cf-853c-4970-840d-5d9c5fb3caac')",Pyrene,"('air',)",kilogram,Pyrene,C16H10,202.25,"[['C', 16], ['H', 10]]","{'C': 0.9501903584672434, 'H': 0.049839307787391846}",1.0,dissipation
"('ecoinvent-3.4-biosphere', 'db364689-e1a3-4629-8835-e6c59d6daf09')",Iron,"('soil', 'agricultural')",kilogram,Iron,Fe,55.84,"[['Fe', 1]]",{'Fe': 1.0},1.0,dissipation
"('ecoinvent-3.4-biosphere', '9d9e8c2a-645e-4a88-bfcf-3b100b09196b')",Methanol,"('water', 'ocean')",kilogram,Methanol,CH4O,32.042,"[['C', 1], ['H', 4], ['O', 1]]","{'C': 0.3748517570688471, 'H': 0.12583484177017665, 'O': 0.4993134011609762}",1.0,dissipation
"('ecoinvent-3.4-biosphere', '0964b6e9-08a5-4103-8ad6-610e8cd718c1')",Imazalil,"('soil', 'agricultural')",kilogram,Imazalil,C14H14Cl2N2O,297.2,"[['C', 14], ['H', 14], ['Cl', 2], ['N', 2], ['O', 1]]","{'C': 0.5657940780619112, 'H': 0.047483176312247646, 'Cl': 0.23858008075370124, 'N': 0.09425975773889637, 'O': 0.05383243606998654}",1.0,dissipation
"('ecoinvent-3.4-biosphere', '9abf6146-4e6a-4307-ba5e-0fb533746c8d')","Phthalate, dimethyl-","('water', 'ground-, long-term')",kilogram,Phthalate,C8H4O4-2,164.11,"[['C', 8], ['H', 4], ['O', 4]]","{'C': 0.5855097190908536, 'H': 0.024568886722320393, 'O': 0.3899579550301627}",1.0,dissipation
"('ecoinvent-3.4-biosphere', '435b0dec-6a6a-4f44-8fa4-0988332459f5')",Methyl acetate,"('air', 'lower stratosphere + upper troposphere')",kilogram,Methyl acetate,C3H6O2,74.08,"[['C', 3], ['H', 6], ['O', 2]]","{'C': 0.4864065874730022, 'H': 0.08164146868250541, 'O': 0.4319384449244061}",1.0,dissipation
"('ecoinvent-3.4-biosphere', '77ff1fec-e163-4377-acac-b00c8aa94391')",Hexane,"('air', 'low population density, long-term')",kilogram,Hexane,C6H14,86.18,"[['C', 6], ['H', 14]]","{'C': 0.8362265026688327, 'H': 0.16375029009050823}",1.0,dissipation
"('ecoinvent-3.4-biosphere', '68f5b661-cd07-445f-b14b-0fa266b3b168')",Thidiazuron,"('soil', 'agricultural')",kilogram,Thidiazuron,C9H8N4OS,220.25,"[['C', 9], ['H', 8], ['N', 4], ['O', 1], ['S', 1]]","{'C': 0.4908013620885357, 'H': 0.036612939841089674, 'N': 0.2543836549375709, 'O': 0.07264018161180477, 'S': 0.14558456299659478}",1.0,dissipation
"('ecoinvent-3.4-biosphere', 'a46a250e-297d-43e9-b1c4-052cdcfb79c5')","Vanadium, ion","('water', 'surface water')",kilogram,Vanadium,V,50.9415,"[['V', 1]]",{'V': 1.0},1.0,dissipation
"('ecoinvent-3.4-biosphere', '34f18170-9aca-4025-a4ab-d9aaf261b391')",t-Butyl methyl ether,"('air', 'low population density, long-term')",kilogram,t-Butyl methyl ether,C5H12O,88.15,"[['C', 5], ['H', 12], ['O', 1]]","{'C': 0.6812819058423141, 'H': 0.13722064662507089, 'O': 0.18149744753261485}",1.0,dissipation
"('ecoinvent-3.4-biosphere', '4aecbaff-32ae-4655-9587-db9337d0d350')",Dimethylamine,"('air', 'lower stratosphere + upper troposphere')",kilogram,Dimethylamine,C2H7N,45.08,"[['C', 2], ['H', 7], ['N', 1]]","{'C': 0.5328748890860692, 'H': 0.1565217391304348, 'N': 0.3107142857142857}",1.0,dissipation
"('ecoinvent-3.4-biosphere', '18452b50-8c57-41d2-bbdd-37996c455771')",Acetic acid,"('water', 'ocean')",kilogram,Acetic acid,C2H4O2,60.05,"[['C', 2], ['H', 4], ['O', 2]]","{'C': 0.40003330557868444, 'H': 0.06714404662781016, 'O': 0.5328559533721899}",1.0,dissipation
"('ecoinvent-3.4-biosphere', 'f237cc62-40b2-4a40-a5fa-d46681d39cf2')",Sodium hypochlorite,"('air',)",kilogram,Sodium hypochlorite,ClNaO,74.44,"[['Cl', 1], ['Na', 1], ['O', 1]]","{'Cl': 0.4762627619559377, 'Na': 0.3088393336915637, 'O': 0.21492477162815693}",1.0,dissipation
"('ecoinvent-3.4-biosphere', '756b1234-887b-406e-88ed-b50ba4694f09')",Potassium,"('air',)",kilogram,Potassium,K,39.0983,"[['K', 1]]",{'K': 1.0},1.0,dissipation
"('ecoinvent-3.4-biosphere', '4e64908e-9098-40e2-b7f5-f314c49c3d66')",Dipropylamine,"('air', 'low population density, long-term')",kilogram,Dipropylamine,C6H15N,101.19,"[['C', 6], ['H', 15], ['N', 1]]","{'C': 0.7121849985176402, 'H': 0.14942187963237474, 'N': 0.13842276904832493}",1.0,dissipation
"('ecoinvent-3.4-biosphere', 'b45f25fe-a5bb-42ac-9859-304bf6ccfd83')",Cyprodinil,"('soil', 'agricultural')",kilogram,Cyprodinil,C14H15N3,225.29,"[['C', 14], ['H', 15], ['N', 3]]","{'C': 0.7463890984952728, 'H': 0.06711349815792979, 'N': 0.18651959696391318}",1.0,dissipation
"('ecoinvent-3.4-biosphere', '5ad58fcc-e9ba-4155-a3c9-e4ffb3065a6f')",Acetaldehyde,"('air', 'urban air close to ground')",kilogram,Acetaldehyde,C2H4O,44.05,"[['C', 2], ['H', 4], ['O', 1]]","{'C': 0.5453348467650397, 'H': 0.09153234960272419, 'O': 0.3632009080590239}",1.0,dissipation
"('ecoinvent-3.4-biosphere', '28677a43-a849-4e4b-9504-58b7c07b25ed')",Platinum,"('air', 'lower stratosphere + upper troposphere')",kilogram,Platinum,Pt,195.08,"[['Pt', 1]]",{'Pt': 1.0},1.0,dissipation
"('ecoinvent-3.4-biosphere', 'd4f02ee2-ecb5-4572-91c8-c20cd2abb2c3')",Hypochlorite,"('water', 'ocean')",kilogram,Hypochlorite,ClO-,51.45,"[['Cl', 1], ['O', 1]]","{'Cl': 0.6890767735665695, 'O': 0.31096209912536443}",1.0,dissipation
"('ecoinvent-3.4-biosphere', '871b6f07-de14-48d4-b4aa-7745872c7e9a')",Sulfur,"('water', 'ocean')",kilogram,Sulfur,S,32.07,"[['S', 1]]",{'S': 1.0},1.0,dissipation
"('ecoinvent-3.4-biosphere', '818cee9e-231c-4b53-8ed2-47a0001802d5')","Ethane, 1,1,1-trichloro-, HCFC-140","('air', 'urban air close to ground')",kilogram,Ethane,C2H6,30.07,"[['C', 2], ['H', 6]]","{'C': 0.7988693049551047, 'H': 0.20113069504489525}",1.0,dissipation
"('ecoinvent-3.4-biosphere', '5fa05c4f-8766-41ff-9dd1-fa47c0b7ea48')","Methane, chloro-fluoro-, HCFC-31","('air', 'urban air close to ground')",kilogram,Methane,CH4,16.043,"[['C', 1], ['H', 4]]","{'C': 0.7486754347690582, 'H': 0.2513245652309419}",1.0,dissipation
"('ecoinvent-3.4-biosphere', '8af6a281-8879-4945-b476-550612e50527')",Cyanoacetic acid,"('air',)",kilogram,Cyanoacetic acid,C3H3NO2,85.06,"[['C', 3], ['H', 3], ['N', 1], ['O', 2]]","{'C': 0.42361862214907126, 'H': 0.035551375499647306, 'N': 0.16467199623794967, 'O': 0.37618151892781565}",1.0,dissipation
"('ecoinvent-3.4-biosphere', 'cbad8aa1-0cfe-47c0-b7d5-7b58c433e601')",Aniline,"('air', 'low population density, long-term')",kilogram,Aniline,C6H7N,93.13,"[['C', 6], ['H', 7], ['N', 1]]","{'C': 0.773821539783099, 'H': 0.07576505959411575, 'N': 0.15040266294427146}",1.0,dissipation
"('ecoinvent-3.4-biosphere', 'f3e5bff4-5bdf-55d7-8dd9-3cac7b09e57f')","Sulfate, ion","('water',)",kilogram,Sulfate,O4S-2,96.07,"[['O', 4], ['S', 1]]","{'O': 0.6661392734464454, 'S': 0.33376704486312064}",1.0,dissipation
"('ecoinvent-3.4-biosphere', '71525276-3417-4d4b-9af8-0baa265de4a2')",Dimethenamid,"('soil', 'agricultural')",kilogram,Dimethenamid,C12H18ClNO2S,275.8,"[['C', 12], ['H', 18], ['Cl', 1], ['N', 1], ['O', 2], ['S', 1]]","{'C': 0.5225960841189268, 'H': 0.06578680203045685, 'Cl': 0.12854604786076868, 'N': 0.05078680203045685, 'O': 0.1160188542422045, 'S': 0.1162617839013778}",1.0,dissipation
"('ecoinvent-3.4-biosphere', '981ea86a-b527-4e29-b092-f16d2cd57e45')",Acrylonitrile,"('air',)",kilogram,Acrylonitrile,C3H3N,53.06,"[['C', 3], ['H', 3], ['N', 1]]","{'C': 0.6790991330569167, 'H': 0.05699208443271767, 'N': 0.26398416886543535}",1.0,dissipation
"('ecoinvent-3.4-biosphere', 'ce567bdc-76ec-4ca0-be79-8bb796e448b3')",Iron,"('soil',)",kilogram,Iron,Fe,55.84,"[['Fe', 1]]",{'Fe': 1.0},1.0,dissipation
"('ecoinvent-3.4-biosphere', '12840cef-c3b8-4ef2-b7d4-3a73dbd6a280')",Acrolein,"('air', 'non-urban air or from high stacks')",kilogram,Acrolein,C3H4O,56.06,"[['C', 3], ['H', 4], ['O', 1]]","{'C': 0.6427577595433465, 'H': 0.0719229397074563, 'O': 0.28539065287192295}",1.0,dissipation
"('ecoinvent-3.4-biosphere', 'a9c187bb-8ff5-4e96-9a98-c5b744593932')","Phthalate, butyl-benzyl-","('water',)",kilogram,Phthalate,C8H4O4-2,164.11,"[['C', 8], ['H', 4], ['O', 4]]","{'C': 0.5855097190908536, 'H': 0.024568886722320393, 'O': 0.3899579550301627}",1.0,dissipation
"('ecoinvent-3.4-biosphere', '3b1ecf8e-1d2c-4330-81da-a79f9068976d')",Toluene,"('air',)",kilogram,Toluene,C7H8,92.14,"[['C', 7], ['H', 8]]","{'C': 0.9124918602127198, 'H': 0.08751899283698719}",1.0,dissipation
"('ecoinvent-3.4-biosphere', 'f72fe27e-d3bf-45f7-8950-542c72cb4502')",Isopropylamine,"('air', 'urban air close to ground')",kilogram,Isopropylamine,C3H9N,59.11,"[['C', 3], ['H', 9], ['N', 1]]","{'C': 0.6095922855692777, 'H': 0.15347656910844187, 'N': 0.23696498054474707}",1.0,dissipation
"('ecoinvent-3.4-biosphere', '44230d0d-f11f-473e-8b43-75656dcac834')",Thiodicarb,"('soil', 'agricultural')",kilogram,Thiodicarb,C10H18N4O4S3,354.5,"[['C', 10], ['H', 18], ['N', 4], ['O', 4], ['S', 3]]","{'C': 0.3388152327221438, 'H': 0.05118194640338505, 'N': 0.15804795486600845, 'O': 0.180524682651622, 'S': 0.2713540197461213}",1.0,dissipation
"('ecoinvent-3.4-biosphere', 'fb2ba179-3590-4444-92e3-ba71344b50c3')",Trimethylamine,"('air', 'low population density, long-term')",kilogram,Trimethylamine,C3H9N,59.11,"[['C', 3], ['H', 9], ['N', 1]]","{'C': 0.6095922855692777, 'H': 0.15347656910844187, 'N': 0.23696498054474707}",1.0,dissipation
"('ecoinvent-3.4-biosphere', '6008086f-5522-493a-8bfe-60e6d0d53b34')",Mepiquat chloride,"('soil', 'agricultural')",kilogram,Mepiquat chloride,C7H16ClN,149.66,"[['C', 7], ['H', 16], ['Cl', 1], ['N', 1]]","{'C': 0.5617867165575304, 'H': 0.10776426566884939, 'Cl': 0.2368902846451958, 'N': 0.09359214218896164}",1.0,dissipation
"('ecoinvent-3.4-biosphere', '89951b1a-9b6b-4bc7-82fc-6fc263e91936')",Diethyl ether,"('air', 'urban air close to ground')",kilogram,Diethyl ether,C4H10O,74.12,"[['C', 4], ['H', 10], ['O', 1]]","{'C': 0.6481921208850512, 'H': 0.13599568267674042, 'O': 0.21585267134376687}",1.0,dissipation
"('ecoinvent-3.4-biosphere', '08f3db43-3185-4d9d-846a-404e27928eaf')",Metalaxil,"('soil', 'agricultural')",kilogram,Metalaxil,C15H21NO4,279.33,"[['C', 15], ['H', 21], ['N', 1], ['O', 4]]","{'C': 0.6449897970142842, 'H': 0.07578133390613254, 'N': 0.05014498979701429, 'O': 0.22910535925249706}",1.0,dissipation
"('ecoinvent-3.4-biosphere', 'ae7a3110-d355-4c01-8a92-02616b28ee29')",Diborane,"('water', 'ground-, long-term')",kilogram,Diborane,B2H6,27.67,"[['B', 2], ['H', 6]]","{'B': 0.7813516443801951, 'H': 0.21857607517166605}",1.0,dissipation
"('ecoinvent-3.4-biosphere', 'ada3ecfe-8244-4389-bcce-e83ca4f66e09')",Zinc,"('air', 'non-urban air or from high stacks')",kilogram,Zinc,Zn,65.4,"[['Zn', 1]]",{'Zn': 1.0},1.0,dissipation
"('ecoinvent-3.4-biosphere', '6a9afa4e-3b29-4695-b742-56c893060dd3')",Sulfosulfuron,"('soil', 'agricultural')",kilogram,Sulfosulfuron,C16H18N6O7S2,470.5,"[['C', 16], ['H', 18], ['N', 6], ['O', 7], ['S', 2]]","{'C': 0.4084505844845908, 'H': 0.038563230605738574, 'N': 0.17862274176408077, 'O': 0.2380297555791711, 'S': 0.1363018065887354}",1.0,dissipation
"('ecoinvent-3.4-biosphere', '5253e322-7de5-42aa-9167-daf22ff44031')","Ethane, 1,1,1-trifluoro-, HFC-143a","('air', 'non-urban air or from high stacks')",kilogram,Ethane,C2H6,30.07,"[['C', 2], ['H', 6]]","{'C': 0.7988693049551047, 'H': 0.20113069504489525}",1.0,dissipation
"('ecoinvent-3.4-biosphere', 'afd6d670-bbb0-4625-9730-04088a5b035e')",Dinitrogen monoxide,"('air', 'non-urban air or from high stacks')",kilogram,Dinitrogen monoxide,N2O,44.013,"[['N', 2], ['O', 1]]","{'N': 0.6364937632063254, 'O': 0.3635062367936746}",1.0,dissipation
"('ecoinvent-3.4-biosphere', 'cb299863-b63a-45ae-a3fc-b5cc900aaeea')",Butanol,"('air', 'non-urban air or from high stacks')",kilogram,Butanol,C4H10O,74.12,"[['C', 4], ['H', 10], ['O', 1]]","{'C': 0.6481921208850512, 'H': 0.13599568267674042, 'O': 0.21585267134376687}",1.0,dissipation
"('ecoinvent-3.4-biosphere', 'f3bd723a-5276-4ae8-9860-b89537351a90')","Methane, fossil","('air', 'low population density, long-term')",kilogram,Methane,CH4,16.043,"[['C', 1], ['H', 4]]","{'C': 0.7486754347690582, 'H': 0.2513245652309419}",1.0,dissipation
"('ecoinvent-3.4-biosphere', '836493d4-5c50-4713-b2a8-7979b830c1a5')",Strontium,"('water', 'ocean')",kilogram,Strontium,Sr,87.62,"[['Sr', 1]]",{'Sr': 1.0},1.0,dissipation
"('ecoinvent-3.4-biosphere', 'cba21953-176c-445a-beb1-010509ab0feb')","Methane, tetrachloro-, R-10","('water', 'ground-')",kilogram,Methane,CH4,16.043,"[['C', 1], ['H', 4]]","{'C': 0.7486754347690582, 'H': 0.2513245652309419}",1.0,dissipation
"('ecoinvent-3.4-biosphere', 'b1fedd38-0f13-4baa-a6e9-ccc453e5b2f5')",Primisulfuron,"('soil', 'agricultural')",kilogram,Primisulfuron,C14H10F4N4O7S,454.31,"[['C', 14], ['H', 10], ['F', 4], ['N', 4], ['O', 7], ['S', 1]]","{'C': 0.3701305276133037, 'H': 0.022187493121436905, 'F': 0.16726904536549933, 'N': 0.1233254825999868, 'O': 0.24651229336796462, 'S': 0.0705795602121899}",1.0,dissipation
"('ecoinvent-3.4-biosphere', '15ca802b-f541-44aa-bd33-35560a053193')",Nitrate,"('air', 'urban air close to ground')",kilogram,Nitrate,NO3-,62.005,"[['N', 1], ['O', 3]]","{'N': 0.22590113700508022, 'O': 0.7740827352632852}",1.0,dissipation
"('ecoinvent-3.4-biosphere', 'bf6156c6-3abd-4875-86d2-b64f557c9e5d')",Dichlobenil,"('soil', 'agricultural')",kilogram,Dichlobenil,C7H3Cl2N,172.01,"[['C', 7], ['H', 3], ['Cl', 2], ['N', 1]]","{'C': 0.48879134934015467, 'H': 0.017580373234114297, 'Cl': 0.4122202197546655, 'N': 0.08143131213301552}",1.0,dissipation
"('ecoinvent-3.4-biosphere', '23dedce6-fc17-4ae8-9b91-6c0dca431adc')",Formic acid,"('water', 'ocean')",kilogram,Formic acid,CH2O2,46.025,"[['C', 1], ['H', 2], ['O', 2]]","{'C': 0.260966865833786, 'H': 0.04380228136882129, 'O': 0.6952308527973927}",1.0,dissipation
"('ecoinvent-3.4-biosphere', '590475cc-79c7-4398-8fc7-d2bcb396d9ee')",Acetonitrile,"('air', 'lower stratosphere + upper troposphere')",kilogram,Acetonitrile,C2H3N,41.05,"[['C', 2], ['H', 3], ['N', 1]]","{'C': 0.5851887941534714, 'H': 0.07366626065773448, 'N': 0.3412180267965895}",1.0,dissipation
"('ecoinvent-3.4-biosphere', '1510adf1-ba02-42af-bca5-f1e0afc58092')",Propylamine,"('air', 'low population density, long-term')",kilogram,Propylamine,C3H9N,59.11,"[['C', 3], ['H', 9], ['N', 1]]","{'C': 0.6095922855692777, 'H': 0.15347656910844187, 'N': 0.23696498054474707}",1.0,dissipation
"('ecoinvent-3.4-biosphere', '3ac07adf-7b44-46f7-9470-b7b1bf0ba961')",Simazine,"('soil', 'agricultural')",kilogram,Simazine,C7H12ClN5,201.66,"[['C', 7], ['H', 12], ['Cl', 1], ['N', 5]]","{'C': 0.41692452643062583, 'H': 0.059982148170187446, 'Cl': 0.17580581176237234, 'N': 0.34729247247842904}",1.0,dissipation
"('ecoinvent-3.4-biosphere', 'b7ec5791-9d07-4ee1-ad72-4ebdaf7ffdcc')",Fluosilicic acid,"('water', 'ground-, long-term')",kilogram,Fluosilicic acid,F6H2Si,144.091,"[['F', 6], ['H', 2], ['Si', 1]]","{'F': 0.7910834125656703, 'H': 0.013991158365199768, 'Si': 0.194918489010417}",1.0,dissipation
"('ecoinvent-3.4-biosphere', 'f3d5fd96-8805-4d3d-867a-5df27975b07f')",Acetone,"('air',)",kilogram,Acetone,C3H6O,58.08,"[['C', 3], ['H', 6], ['O', 1]]","{'C': 0.6204028925619836, 'H': 0.10413223140495868, 'O': 0.27546487603305786}",1.0,dissipation
"('ecoinvent-3.4-biosphere', 'f563b90e-a300-4403-b278-d2fdcd73e5a7')",Tin,"('air', 'non-urban air or from high stacks')",kilogram,Tin,Sn,118.71,"[['Sn', 1]]",{'Sn': 1.0},1.0,dissipation
"('ecoinvent-3.4-biosphere', '83cc3810-ac58-40a3-97af-04a855d4c809')",Oxydemeton-methyl,"('soil', 'agricultural')",kilogram,Oxydemeton-methyl,C6H15O4PS2,246.3,"[['C', 6], ['H', 15], ['O', 4], ['P', 1], ['S', 2]]","{'C': 0.2925943970767357, 'H': 0.06138855054811206, 'O': 0.25982947624847746, 'P': 0.12575720665854648, 'S': 0.2603735282176208}",1.0,dissipation
"('ecoinvent-3.4-biosphere', 'f29a1f6e-0c76-4074-ba64-dcb724b2de9c')",Platinum,"('air',)",kilogram,Platinum,Pt,195.08,"[['Pt', 1]]",{'Pt': 1.0},1.0,dissipation
"('ecoinvent-3.4-biosphere', 'af83b42f-a4e6-4457-be74-46a87798f82a')","Cadmium, ion","('water', 'surface water')",kilogram,Cadmium,Cd,112.41,"[['Cd', 1]]",{'Cd': 1.0},1.0,dissipation
"('ecoinvent-3.4-biosphere', '1ad3b0dc-fce4-416b-9851-f29d12cce55a')",Dichromate,"('water', 'ocean')",kilogram,Dichromate,Cr2O7-2,215.99,"[['Cr', 2], ['O', 7]]","{'Cr': 0.48146673457104494, 'O': 0.5185101162090838}",1.0,dissipation
"('ecoinvent-3.4-biosphere', '931f666b-6665-48a5-8fb0-7beced65c144')",Methyl borate,"('water', 'surface water')",kilogram,Methyl borate,C3H9BO3,103.92,"[['C', 3], ['H', 9], ['B', 1], ['O', 3]]","{'C': 0.3467378752886836, 'H': 0.08729792147806004, 'B': 0.10402232486528099, 'O': 0.461864896073903}",1.0,dissipation
"('ecoinvent-3.4-biosphere', '00d2fef1-e4d4-4a16-8e81-b8cc514e4c25')",Fluoride,"('water', 'surface water')",kilogram,Fluoride,F-,18.99840316,"[['F', 1]]",{'F': 1.0},1.0,dissipation
"('ecoinvent-3.4-biosphere', '97e498ec-f323-4ec6-bcc0-d8a4c853bae3')",Aluminium,"('water', 'surface water')",kilogram,Aluminium,Al,26.981538,"[['Al', 1]]",{'Al': 1.0},1.0,dissipation
"('ecoinvent-3.4-biosphere', '39f248d5-dd9b-4460-8f34-3415dc3f3e43')",Silicon,"('soil', 'agricultural')",kilogram,Silicon,Si,28.085,"[['Si', 1]]",{'Si': 1.0},1.0,dissipation
"('ecoinvent-3.4-biosphere', 'feb606a8-c259-4169-9652-6b38467739f7')",Amidosulfuron,"('soil', 'agricultural')",kilogram,Amidosulfuron,C9H15N5O7S2,369.4,"[['C', 9], ['H', 15], ['N', 5], ['O', 7], ['S', 2]]","{'C': 0.29263400108283705, 'H': 0.04093123984840282, 'N': 0.18959122902003248, 'O': 0.30317541959935035, 'S': 0.17360584731997833}",1.0,dissipation
"('ecoinvent-3.4-biosphere', '15057e97-7b47-405e-8222-6ed5cf4e0087')",Terbufos,"('soil', 'agricultural')",kilogram,Terbufos,C9H21O2PS3,288.4,"[['C', 9], ['H', 21], ['O', 2], ['P', 1], ['S', 3]]","{'C': 0.3748231622746186, 'H': 0.07339805825242719, 'O': 0.11095006934812761, 'P': 0.10739944521497921, 'S': 0.3335471567267684}",1.0,dissipation
"('ecoinvent-3.4-biosphere', 'aa416529-bb87-40a1-bbbc-3772a7ff7848')",Sodium hypochlorite,"('air', 'lower stratosphere + upper troposphere')",kilogram,Sodium hypochlorite,ClNaO,74.44,"[['Cl', 1], ['Na', 1], ['O', 1]]","{'Cl': 0.4762627619559377, 'Na': 0.3088393336915637, 'O': 0.21492477162815693}",1.0,dissipation
"('ecoinvent-3.4-biosphere', 'e3a77fe9-4fa1-4977-93cf-3495b355817f')",Diborane,"('air', 'lower stratosphere + upper troposphere')",kilogram,Diborane,B2H6,27.67,"[['B', 2], ['H', 6]]","{'B': 0.7813516443801951, 'H': 0.21857607517166605}",1.0,dissipation
"('ecoinvent-3.4-biosphere', '9036f1b8-4be6-4d97-96d8-c504acdfa2f0')",Butyrolactone,"('air', 'urban air close to ground')",kilogram,Butyrolactone,C4H6O2,86.09,"[['C', 4], ['H', 6], ['O', 2]]","{'C': 0.558067139040539, 'H': 0.0702520617957951, 'O': 0.3716807991636659}",1.0,dissipation
"('ecoinvent-3.4-biosphere', '848c080f-be82-441d-9474-a53226288309')",Ethylamine,"('water', 'ocean')",kilogram,Ethylamine,C2H7N,45.08,"[['C', 2], ['H', 7], ['N', 1]]","{'C': 0.5328748890860692, 'H': 0.1565217391304348, 'N': 0.3107142857142857}",1.0,dissipation
"('ecoinvent-3.4-biosphere', '910b7532-d541-45a5-a535-03f54997726e')",Acetamiprid,"('soil', 'agricultural')",kilogram,Acetamiprid,C10H11ClN4,222.67,"[['C', 10], ['H', 11], ['Cl', 1], ['N', 4]]","{'C': 0.5394080926932231, 'H': 0.049795661741590704, 'Cl': 0.1592176763820901, 'N': 0.2516189877397045}",1.0,dissipation
"('ecoinvent-3.4-biosphere', 'e3e8f6a2-c45e-4685-9859-698b2eadaf5b')",Acetaldehyde,"('air',)",kilogram,Acetaldehyde,C2H4O,44.05,"[['C', 2], ['H', 4], ['O', 1]]","{'C': 0.5453348467650397, 'H': 0.09153234960272419, 'O': 0.3632009080590239}",1.0,dissipation
"('ecoinvent-3.4-biosphere', 'd547f43d-63e3-4928-ae85-28e6fd7aabc5')",Epichlorohydrin,"('air',)",kilogram,Epichlorohydrin,C3H5ClO,92.52,"[['C', 3], ['H', 5], ['Cl', 1], ['O', 1]]","{'C': 0.38946173800259404, 'H': 0.054474708171206226, 'Cl': 0.38319282317336795, 'O': 0.1729247730220493}",1.0,dissipation
"('ecoinvent-3.4-biosphere', '3f00f5cf-1c58-428d-aef7-738f2c105e88')",2-Aminopropanol,"('water', 'ocean')",kilogram,2-Aminopropanol,C3H9NO,75.11,"[['C', 3], ['H', 9], ['N', 1], ['O', 1]]","{'C': 0.4797363866329384, 'H': 0.12078285181733457, 'N': 0.1864864864864865, 'O': 0.21300758886965784}",1.0,dissipation
"('ecoinvent-3.4-biosphere', 'bf0b5a1e-d1ca-4353-be1e-abc4cc99dec9')",Chloramine,"('air', 'low population density, long-term')",kilogram,Chloramine,ClH2N,51.47,"[['Cl', 1], ['H', 2], ['N', 1]]","{'Cl': 0.688809014960171, 'H': 0.039168447639401596, 'N': 0.27213911016125897}",1.0,dissipation
"('ecoinvent-3.4-biosphere', 'd68bd053-2f8c-4890-a0fd-771f4be30c14')",Tungsten,"('air', 'lower stratosphere + upper troposphere')",kilogram,Tungsten,W,183.84,"[['W', 1]]",{'W': 1.0},1.0,dissipation
"('ecoinvent-3.4-biosphere', 'd00c7ea5-29e7-445c-b20e-672d421f3ea4')",Tebufenpyrad,"('soil', 'agricultural')",kilogram,Tebufenpyrad,C18H24ClN3O,333.9,"[['C', 18], ['H', 24], ['Cl', 1], ['N', 3], ['O', 1]]","{'C': 0.6474932614555255, 'H': 0.07245283018867925, 'Cl': 0.10617849655585507, 'N': 0.1258490566037736, 'O': 0.04791554357592094}",1.0,dissipation
"('ecoinvent-3.4-biosphere', 'b8d738ce-98cd-4487-88f9-686209bd1376')",Fluorine,"('air', 'non-urban air or from high stacks')",kilogram,Fluorine,F2,37.99680632,"[['F', 2]]",{'F': 1.0},1.0,dissipation
"('ecoinvent-3.4-biosphere', 'b9f74a13-1d9c-444e-ba61-1ea1abac70b7')",Monoethanolamine,"('air', 'urban air close to ground')",kilogram,Monoethanolamine,C2H7NO,61.08,"[['C', 2], ['H', 7], ['N', 1], ['O', 1]]","{'C': 0.3932874918140144, 'H': 0.11552062868369352, 'N': 0.2293222003929273, 'O': 0.26193516699410613}",1.0,dissipation
"('ecoinvent-3.4-biosphere', '21b5487b-4086-490b-9f98-1f5503feee7c')",Ethoprop,"('soil', 'agricultural')",kilogram,Ethoprop,C8H19O2PS2,242.3,"[['C', 8], ['H', 19], ['O', 2], ['P', 1], ['S', 2]]","{'C': 0.3965662401981015, 'H': 0.07904250928600907, 'O': 0.13205943045810978, 'P': 0.1278332645480809, 'S': 0.2646718943458522}",1.0,dissipation
"('ecoinvent-3.4-biosphere', '8f87dcf1-0177-4d62-bea0-a5dd8647ef8c')","Methane, trifluoro-, HFC-23","('air', 'urban air close to ground')",kilogram,Methane,CH4,16.043,"[['C', 1], ['H', 4]]","{'C': 0.7486754347690582, 'H': 0.2513245652309419}",1.0,dissipation
"('ecoinvent-3.4-biosphere', '454f5552-15ca-412d-821d-ab79cc0c989b')",t-Butyl methyl ether,"('air', 'lower stratosphere + upper troposphere')",kilogram,t-Butyl methyl ether,C5H12O,88.15,"[['C', 5], ['H', 12], ['O', 1]]","{'C': 0.6812819058423141, 'H': 0.13722064662507089, 'O': 0.18149744753261485}",1.0,dissipation
"('ecoinvent-3.4-biosphere', '334f3d29-ec7d-4ca4-9e65-524c64c6649c')",Titanium,"('soil', 'agricultural')",kilogram,Titanium,Ti,47.867,"[['Ti', 1]]",{'Ti': 1.0},1.0,dissipation
"('ecoinvent-3.4-biosphere', '8550871d-518d-4031-b924-9fe0f56a84d6')",Formaldehyde,"('water', 'ground-')",kilogram,Formaldehyde,CH2O,30.026,"[['C', 1], ['H', 2], ['O', 1]]","{'C': 0.4000199826816759, 'H': 0.06714181043095983, 'O': 0.5328382068873643}",1.0,dissipation
"('ecoinvent-3.4-biosphere', '7e8362c6-7627-4d9c-b035-38e02c3c1625')",Trichlorosilane,"('water', 'ocean')",kilogram,Trichlorosilane,Cl3HSi,135.45,"[['Cl', 3], ['H', 1], ['Si', 1]]","{'Cl': 0.7852270210409746, 'H': 0.0074418604651162795, 'Si': 0.20735326688815062}",1.0,dissipation
"('ecoinvent-3.4-biosphere', 'cb03e520-4102-4fdf-a904-300f60e88151')",Anthranilic acid,"('air', 'lower stratosphere + upper troposphere')",kilogram,Anthranilic acid,C7H7NO2,137.14,"[['C', 7], ['H', 7], ['N', 1], ['O', 2]]","{'C': 0.6130742307131399, 'H': 0.051451071897331196, 'N': 0.10213650284380925, 'O': 0.23332361090856063}",1.0,dissipation
"('ecoinvent-3.4-biosphere', '14ea575b-5caa-4958-acf7-0bcc47f9cadf')",Carbon,"('soil',)",kilogram,Carbon,C,12.011,"[['C', 1]]",{'C': 1.0},1.0,dissipation
"('ecoinvent-3.4-biosphere', 'b45082cf-2816-46b9-816c-c4036d727804')",Propene,"('air', 'lower stratosphere + upper troposphere')",kilogram,Propene,C3H6,42.08,"[['C', 3], ['H', 6]]","{'C': 0.8562975285171104, 'H': 0.14372623574144489}",1.0,dissipation
"('ecoinvent-3.4-biosphere', '59af2a59-f4ed-43a0-b5ab-887de45b9571')",o-Dichlorobenzene,"('water', 'ground-')",kilogram,o-Dichlorobenzene,C6H4Cl2,147.0,"[['C', 6], ['H', 4], ['Cl', 2]]","{'C': 0.4902448979591837, 'H': 0.027428571428571427, 'Cl': 0.48235374149659865}",1.0,dissipation
"('ecoinvent-3.4-biosphere', 'cf733396-30c8-4525-a4d9-a2d7b13b6fa1')",Lanthanum,"('air', 'lower stratosphere + upper troposphere')",kilogram,Lanthanum,La,138.9055,"[['La', 1]]",{'La': 1.0},1.0,dissipation
"('ecoinvent-3.4-biosphere', '10d26189-a688-4859-8aa9-525e058a07f0')",Benzaldehyde,"('air',)",kilogram,Benzaldehyde,C7H6O,106.12,"[['C', 7], ['H', 6], ['O', 1]]","{'C': 0.7922823218997361, 'H': 0.05699208443271767, 'O': 0.15076328684508103}",1.0,dissipation
"('ecoinvent-3.4-biosphere', '69c7318c-95eb-4d72-85f4-82e11e6df3a3')",Propene,"('water', 'ground-, long-term')",kilogram,Propene,C3H6,42.08,"[['C', 3], ['H', 6]]","{'C': 0.8562975285171104, 'H': 0.14372623574144489}",1.0,dissipation
"('ecoinvent-3.4-biosphere', 'c4cb99f9-ed0e-4543-8596-da56a8de8e40')",Flusilazole,"('soil', 'agricultural')",kilogram,Flusilazole,C16H15F2N3Si,315.39,"[['C', 16], ['H', 15], ['F', 2], ['N', 3], ['Si', 1]]","{'C': 0.6093281334221123, 'H': 0.047940644915818516, 'F': 0.12047306509401061, 'N': 0.1332350423285456, 'Si': 0.08905165033767716}",1.0,dissipation
"('ecoinvent-3.4-biosphere', '85bec19f-c785-4364-8ef6-472b8e9dd90e')",Chloride,"('water', 'ground-')",kilogram,Chloride,Cl-,35.45,"[['Cl', 1]]",{'Cl': 1.0},1.0,dissipation
"('ecoinvent-3.4-biosphere', '6ed91be2-eb3f-4676-957c-60de03d8e536')",Naphtalene,"('water', 'surface water')",kilogram,Naphtalene,C10H8,128.17,"[['C', 10], ['H', 8]]","{'C': 0.9371147694468284, 'H': 0.06291643910431459}",1.0,dissipation
"('ecoinvent-3.4-biosphere', 'd85a44cb-8407-4997-a146-581e4f35f39d')",Styrene,"('air', 'urban air close to ground')",kilogram,Styrene,C8H8,104.15,"[['C', 8], ['H', 8]]","{'C': 0.9225924147863657, 'H': 0.07742678828612577}",1.0,dissipation
"('ecoinvent-3.4-biosphere', 'aab8f6d7-c672-425c-8637-1f1e1402a1db')",Isopropylamine,"('water', 'ocean')",kilogram,Isopropylamine,C3H9N,59.11,"[['C', 3], ['H', 9], ['N', 1]]","{'C': 0.6095922855692777, 'H': 0.15347656910844187, 'N': 0.23696498054474707}",1.0,dissipation
"('ecoinvent-3.4-biosphere', 'b6e43995-389d-4353-a5ad-6957ab1ae048')",Lanthanum,"('air',)",kilogram,Lanthanum,La,138.9055,"[['La', 1]]",{'La': 1.0},1.0,dissipation
"('ecoinvent-3.4-biosphere', 'd45eed0a-e60a-46bb-a769-494f037c71bc')","Phenol, 2,4-dichloro","('air',)",kilogram,Phenol,C6H6O,94.11,"[['C', 6], ['H', 6], ['O', 1]]","{'C': 0.765763468281798, 'H': 0.06426522154925088, 'O': 0.17000318775900541}",1.0,dissipation
"('ecoinvent-3.4-biosphere', '22d1d385-5aa4-404d-8c14-2680ce4accb0')",2-Aminopropanol,"('water', 'ground-')",kilogram,2-Aminopropanol,C3H9NO,75.11,"[['C', 3], ['H', 9], ['N', 1], ['O', 1]]","{'C': 0.4797363866329384, 'H': 0.12078285181733457, 'N': 0.1864864864864865, 'O': 0.21300758886965784}",1.0,dissipation
"('ecoinvent-3.4-biosphere', 'd3f6f514-41e1-4b24-aa56-7d403839a4dd')",2-Methyl-1-propanol,"('water', 'ground-')",kilogram,2-Methyl-1-propanol,C4H10O,74.12,"[['C', 4], ['H', 10], ['O', 1]]","{'C': 0.6481921208850512, 'H': 0.13599568267674042, 'O': 0.21585267134376687}",1.0,dissipation
"('ecoinvent-3.4-biosphere', '8114f79d-41eb-42f2-99d8-159db57d3bcb')",3-Methyl-1-butanol,"('water',)",kilogram,3-Methyl-1-butanol,C5H12O,88.15,"[['C', 5], ['H', 12], ['O', 1]]","{'C': 0.6812819058423141, 'H': 0.13722064662507089, 'O': 0.18149744753261485}",1.0,dissipation
"('ecoinvent-3.4-biosphere', '5884b91e-d758-4fb4-9bf0-6cf87093cdb2')",2-Nitrobenzoic acid,"('air', 'non-urban air or from high stacks')",kilogram,2-Nitrobenzoic acid,C7H5NO4,167.12,"[['C', 7], ['H', 5], ['N', 1], ['O', 4]]","{'C': 0.5030935854475825, 'H': 0.03015797032072762, 'N': 0.08381402584968885, 'O': 0.382934418382001}",1.0,dissipation
"('ecoinvent-3.4-biosphere', 'c21a1397-82dc-427a-a6cb-c790ba2626f4')",Potassium,"('water', 'ground-')",kilogram,Potassium,K,39.0983,"[['K', 1]]",{'K': 1.0},1.0,dissipation
"('ecoinvent-3.4-biosphere', 'e6551223-73b6-4289-b841-c5cdeb25abd9')",Selenium,"('air', 'non-urban air or from high stacks')",kilogram,Selenium,Se,78.97,"[['Se', 1]]",{'Se': 1.0},1.0,dissipation
"('ecoinvent-3.4-biosphere', '512364ac-5bba-4b77-8712-981247617519')",Boron,"('air', 'non-urban air or from high stacks')",kilogram,Boron,B,10.81,"[['B', 1]]",{'B': 1.0},1.0,dissipation
"('ecoinvent-3.4-biosphere', 'bc3d3e8d-249a-4e6d-85e8-3a003ca32776')",Thallium,"('soil', 'industrial')",kilogram,Thallium,Tl,204.383,"[['Tl', 1]]",{'Tl': 1.0},1.0,dissipation
"('ecoinvent-3.4-biosphere', '90d374f1-b739-45b2-a734-d6bdd8c8dc9c')",2-Nitrobenzoic acid,"('air', 'urban air close to ground')",kilogram,2-Nitrobenzoic acid,C7H5NO4,167.12,"[['C', 7], ['H', 5], ['N', 1], ['O', 4]]","{'C': 0.5030935854475825, 'H': 0.03015797032072762, 'N': 0.08381402584968885, 'O': 0.382934418382001}",1.0,dissipation
"('ecoinvent-3.4-biosphere', 'e8bd2edd-f937-49f6-9e8b-9f445278775e')",Iron,"('air', 'low population density, long-term')",kilogram,Iron,Fe,55.84,"[['Fe', 1]]",{'Fe': 1.0},1.0,dissipation
"('ecoinvent-3.4-biosphere', '7ae3e6e8-75e6-4566-b18f-6d848086c4e5')",Fluoride,"('water', 'ground-, long-term')",kilogram,Fluoride,F-,18.99840316,"[['F', 1]]",{'F': 1.0},1.0,dissipation
"('ecoinvent-3.4-biosphere', '652c8dd0-bc61-4ac0-b15f-fa9be858645d')",Arsine,"('air', 'lower stratosphere + upper troposphere')",kilogram,Arsine,AsH3,77.946,"[['As', 1], ['H', 3]]","{'As': 0.9612039103995074, 'H': 0.03879608960049265}",1.0,dissipation
"('ecoinvent-3.4-biosphere', 'fd9a5a38-992d-4c53-9b0f-16a69d37fb54')",Arsine,"('air', 'urban air close to ground')",kilogram,Arsine,AsH3,77.946,"[['As', 1], ['H', 3]]","{'As': 0.9612039103995074, 'H': 0.03879608960049265}",1.0,dissipation
"('ecoinvent-3.4-biosphere', '9b00c244-fcce-4d38-922b-601a81f2ba34')",Sulfate,"('air',)",kilogram,Sulfate,O4S-2,96.07,"[['O', 4], ['S', 1]]","{'O': 0.6661392734464454, 'S': 0.33376704486312064}",1.0,dissipation
"('ecoinvent-3.4-biosphere', 'db7fd21a-9bfc-4a23-992a-4efefeee99b7')",Chlorosulfonic acid,"('air', 'non-urban air or from high stacks')",kilogram,Chlorosulfonic acid,ClHO3S,116.53,"[['Cl', 1], ['H', 1], ['O', 3], ['S', 1]]","{'Cl': 0.30423925169484256, 'H': 0.008650133012958037, 'O': 0.41188535141165367, 'S': 0.2751651935124002}",1.0,dissipation
"('ecoinvent-3.4-biosphere', 'f903c2fb-71bf-4568-99fc-6aa7ed7bc922')","Methane, dichloro-, HCC-30","('air', 'low population density, long-term')",kilogram,Methane,CH4,16.043,"[['C', 1], ['H', 4]]","{'C': 0.7486754347690582, 'H': 0.2513245652309419}",1.0,dissipation
"('ecoinvent-3.4-biosphere', '2f052025-4072-4d8e-b22d-68d50bfb260c')",Pentane,"('air', 'non-urban air or from high stacks')",kilogram,Pentane,C5H12,72.15,"[['C', 5], ['H', 12]]","{'C': 0.8323631323631322, 'H': 0.16765072765072764}",1.0,dissipation
"('ecoinvent-3.4-biosphere', '0b5b83a4-ef85-4db6-a739-79f8e00d5dac')",Azoxystrobin,"('air', 'non-urban air or from high stacks')",kilogram,Azoxystrobin,C22H17N3O5,403.4,"[['C', 22], ['H', 17], ['N', 3], ['O', 5]]","{'C': 0.6550371839365393, 'H': 0.04247892910262766, 'N': 0.10416707982151711, 'O': 0.19830193356470008}",1.0,dissipation
"('ecoinvent-3.4-biosphere', '7b34b63f-b1a0-4b25-ae5e-dc1368b4512a')",Methoxyfenozide,"('soil', 'agricultural')",kilogram,Methoxyfenozide,C22H28N2O3,368.5,"[['C', 22], ['H', 28], ['N', 2], ['O', 3]]","{'C': 0.7170746268656716, 'H': 0.07659158751696066, 'N': 0.07602170963364993, 'O': 0.13024966078697423}",1.0,dissipation
"('ecoinvent-3.4-biosphere', '50cbb355-9a33-4e15-986a-c95c40931638')",Dimethyl ether,"('air', 'non-urban air or from high stacks')",kilogram,Dimethyl ether,C2H6O,46.07,"[['C', 2], ['H', 6], ['O', 1]]","{'C': 0.5214239201215541, 'H': 0.1312784892554808, 'O': 0.3472758845235511}",1.0,dissipation
"('ecoinvent-3.4-biosphere', 'f7bdeabf-a11d-4ddb-ad19-501485f39f07')",Styrene,"('air', 'low population density, long-term')",kilogram,Styrene,C8H8,104.15,"[['C', 8], ['H', 8]]","{'C': 0.9225924147863657, 'H': 0.07742678828612577}",1.0,dissipation
"('ecoinvent-3.4-biosphere', '7f0873fe-731e-4b99-a384-17f0ad36a318')",Strontium,"('soil', 'agricultural')",kilogram,Strontium,Sr,87.62,"[['Sr', 1]]",{'Sr': 1.0},1.0,dissipation
"('ecoinvent-3.4-biosphere', 'f13b60bd-4185-4a76-ba54-fc25ce180de4')",Propanal,"('water', 'surface water')",kilogram,Propanal,C3H6O,58.08,"[['C', 3], ['H', 6], ['O', 1]]","{'C': 0.6204028925619836, 'H': 0.10413223140495868, 'O': 0.27546487603305786}",1.0,dissipation
"('ecoinvent-3.4-biosphere', 'e681e6ba-2d66-4f17-8812-e8c74bdcf7e8')",Calcium,"('soil',)",kilogram,Calcium,Ca,40.08,"[['Ca', 1]]",{'Ca': 1.0},1.0,dissipation
"('ecoinvent-3.4-biosphere', 'b0cdbc78-e226-4e8b-97ff-3a557ab7ab55')",Propene,"('water', 'ocean')",kilogram,Propene,C3H6,42.08,"[['C', 3], ['H', 6]]","{'C': 0.8562975285171104, 'H': 0.14372623574144489}",1.0,dissipation
"('ecoinvent-3.4-biosphere', 'cec6e39b-700c-432f-8c80-4840b0ddc92e')","Phenol, pentachloro-","('air',)",kilogram,Phenol,C6H6O,94.11,"[['C', 6], ['H', 6], ['O', 1]]","{'C': 0.765763468281798, 'H': 0.06426522154925088, 'O': 0.17000318775900541}",1.0,dissipation
"('ecoinvent-3.4-biosphere', '2fdf4d27-d787-4a48-9e8e-8cbd79246c74')",Nitrobenzene,"('air', 'lower stratosphere + upper troposphere')",kilogram,Nitrobenzene,C6H5NO2,123.11,"[['C', 6], ['H', 5], ['N', 1], ['O', 2]]","{'C': 0.5853789294127204, 'H': 0.04093899764438307, 'N': 0.11377629762001462, 'O': 0.2599138981398749}",1.0,dissipation
"('ecoinvent-3.4-biosphere', '17bd5f8c-bd48-4cfc-80c0-1aa251f4bf43')",Ethylene oxide,"('water', 'surface water')",kilogram,Ethylene oxide,C2H4O,44.05,"[['C', 2], ['H', 4], ['O', 1]]","{'C': 0.5453348467650397, 'H': 0.09153234960272419, 'O': 0.3632009080590239}",1.0,dissipation
"('ecoinvent-3.4-biosphere', '4122276a-89a6-4e31-ad7d-19568cecf9ce')",Vanadium,"('soil',)",kilogram,Vanadium,V,50.9415,"[['V', 1]]",{'V': 1.0},1.0,dissipation
"('ecoinvent-3.4-biosphere', 'e1aa92d7-9297-452e-ade0-e5e2acc52ad7')",Mercury,"('water', 'ground-')",kilogram,Mercury,Hg,200.59,"[['Hg', 1]]",{'Hg': 1.0},1.0,dissipation
"('ecoinvent-3.4-biosphere', '8df6a0bc-e255-4091-b8d2-61fdda79fdd0')",Trichlorosilane,"('water', 'surface water')",kilogram,Trichlorosilane,Cl3HSi,135.45,"[['Cl', 3], ['H', 1], ['Si', 1]]","{'Cl': 0.7852270210409746, 'H': 0.0074418604651162795, 'Si': 0.20735326688815062}",1.0,dissipation
"('ecoinvent-3.4-biosphere', '7a63162b-4ffe-447f-ba52-782d5548b774')",Sodium dichromate,"('air', 'urban air close to ground')",kilogram,Sodium dichromate,Cr2Na2O7,261.97,"[['Cr', 2], ['Na', 2], ['O', 7]]","{'Cr': 0.39696148413940524, 'Na': 0.17551628049013243, 'O': 0.42750314921555904}",1.0,dissipation
"('ecoinvent-3.4-biosphere', '678846cb-0170-4ebb-988b-1fea0dd8fdb7')",Tungsten,"('soil', 'agricultural')",kilogram,Tungsten,W,183.84,"[['W', 1]]",{'W': 1.0},1.0,dissipation
"('ecoinvent-3.4-biosphere', '1defe52a-bc9b-4c03-90fb-91bd35f6ce49')",Metconazole,"('soil', 'agricultural')",kilogram,Metconazole,C17H22ClN3O,319.8,"[['C', 17], ['H', 22], ['Cl', 1], ['N', 3], ['O', 1]]","{'C': 0.6384834271419636, 'H': 0.06934333958724204, 'Cl': 0.1108599124452783, 'N': 0.13139774859287054, 'O': 0.050028142589118196}",1.0,dissipation
"('ecoinvent-3.4-biosphere', '15cfc784-a719-4230-ad2e-f4104d56c427')","Nitrogen, organic bound","('water', 'ground-, long-term')",kilogram,Nitrogen,N2,28.014,"[['N', 2]]",{'N': 1.0},1.0,dissipation
"('ecoinvent-3.4-biosphere', '2a1c80de-a083-470b-80dd-ba11a5aeea8c')",Tetramethyl ammonium hydroxide,"('air', 'urban air close to ground')",kilogram,Tetramethyl ammonium hydroxide,C4H13NO,91.15,"[['C', 4], ['H', 13], ['N', 1], ['O', 1]]","{'C': 0.5270872188699944, 'H': 0.14376302797586393, 'N': 0.1536697750959956, 'O': 0.17552386176631926}",1.0,dissipation
"('ecoinvent-3.4-biosphere', '365010c0-d4dd-4281-a1a7-7e2302c4105f')",Orbencarb,"('soil', 'agricultural')",kilogram,Orbencarb,C12H16ClNOS,257.78,"[['C', 12], ['H', 16], ['Cl', 1], ['N', 1], ['O', 1], ['S', 1]]","{'C': 0.559127938552254, 'H': 0.06256497788812167, 'Cl': 0.137532004034448, 'N': 0.054337031577313996, 'O': 0.06206455116766236, 'S': 0.12438901388781132}",1.0,dissipation
"('ecoinvent-3.4-biosphere', '1c3c6032-1ed1-4e75-a2a9-af67850222b4')",m-Xylene,"('water', 'ground-')",kilogram,m-Xylene,C8H10,106.16,"[['C', 8], ['H', 10]]","{'C': 0.9051243406179351, 'H': 0.09495101733232857}",1.0,dissipation
"('ecoinvent-3.4-biosphere', '3850d44e-8919-47bc-9c0a-51ccc4ec9d9f')",Glyphosate,"('soil', 'agricultural')",kilogram,Glyphosate,C3H8NO5P,169.07,"[['C', 3], ['H', 8], ['N', 1], ['O', 5], ['P', 1]]","{'C': 0.21312474123144262, 'H': 0.04769622050038446, 'N': 0.08284734133790737, 'O': 0.4731472171289999, 'P': 0.1832022239309162}",1.0,dissipation
"('ecoinvent-3.4-biosphere', 'fb83d61e-6fe3-4da7-8eb2-b0e2dc85a76d')","Sodium, ion","('water', 'ground-, long-term')",kilogram,Sodium,Na,22.9897693,"[['Na', 1]]",{'Na': 1.0},1.0,dissipation
"('ecoinvent-3.4-biosphere', 'e756c84e-65d1-487b-aa76-91c9c8adff16')",Butanol,"('water', 'ground-')",kilogram,Butanol,C4H10O,74.12,"[['C', 4], ['H', 10], ['O', 1]]","{'C': 0.6481921208850512, 'H': 0.13599568267674042, 'O': 0.21585267134376687}",1.0,dissipation
"('ecoinvent-3.4-biosphere', '4df58e33-3e3e-4ae0-ad3c-36b5cfc7a541')",3-Methyl-1-butanol,"('water', 'ocean')",kilogram,3-Methyl-1-butanol,C5H12O,88.15,"[['C', 5], ['H', 12], ['O', 1]]","{'C': 0.6812819058423141, 'H': 0.13722064662507089, 'O': 0.18149744753261485}",1.0,dissipation
"('ecoinvent-3.4-biosphere', '48e16ea8-128c-4d96-a4f4-668f12249434')",Flurtamone,"('soil', 'agricultural')",kilogram,Flurtamone,C18H14F3NO2,333.3,"[['C', 18], ['H', 14], ['F', 3], ['N', 1], ['O', 2]]","{'C': 0.6486588658865886, 'H': 0.04234023402340234, 'F': 0.170999099909991, 'N': 0.04202520252025202, 'O': 0.09600360036003601}",1.0,dissipation
"('ecoinvent-3.4-biosphere', '67a368ef-a4b8-4759-8128-93d080ccd21a')",Boron trifluoride,"('air', 'low population density, long-term')",kilogram,Boron trifluoride,BF3,67.81,"[['B', 1], ['F', 3]]","{'B': 0.15941601533697095, 'F': 0.8404955021383277}",1.0,dissipation
"('ecoinvent-3.4-biosphere', 'd471d4f2-5a9b-4ecb-93e8-6b2c364ae143')",Sodium tetrahydridoborate,"('air',)",kilogram,Sodium tetrahydridoborate,BH4Na,37.84,"[['B', 1], ['H', 4], ['Na', 1]]","{'B': 0.285676532769556, 'H': 0.10655391120507399, 'Na': 0.6075581395348836}",1.0,dissipation
"('ecoinvent-3.4-biosphere', '66ff5d22-17e2-4112-b486-3ea4e0191fba')",Butane,"('air', 'lower stratosphere + upper troposphere')",kilogram,Butane,C4H10,58.12,"[['C', 4], ['H', 10]]","{'C': 0.8266345492085341, 'H': 0.1734342739160358}",1.0,dissipation
"('ecoinvent-3.4-biosphere', '370e587f-58ad-4bc7-ad35-9605b6dcd138')",Butanol,"('water', 'ground-, long-term')",kilogram,Butanol,C4H10O,74.12,"[['C', 4], ['H', 10], ['O', 1]]","{'C': 0.6481921208850512, 'H': 0.13599568267674042, 'O': 0.21585267134376687}",1.0,dissipation
"('ecoinvent-3.4-biosphere', 'a9afc2a9-9479-44b6-afcf-23f305bb261c')",2-Methyl pentane,"('air', 'lower stratosphere + upper troposphere')",kilogram,2-Methyl pentane,C6H14,86.18,"[['C', 6], ['H', 14]]","{'C': 0.8362265026688327, 'H': 0.16375029009050823}",1.0,dissipation
"('ecoinvent-3.4-biosphere', 'bf580c6b-1b4d-429d-bed7-1e335920941f')","Ethane, 1,1,1-trifluoro-, HFC-143a","('air', 'low population density, long-term')",kilogram,Ethane,C2H6,30.07,"[['C', 2], ['H', 6]]","{'C': 0.7988693049551047, 'H': 0.20113069504489525}",1.0,dissipation
"('ecoinvent-3.4-biosphere', 'c1e943d6-a301-431d-ab72-779b5589deaf')",Propiconazole,"('water', 'ground-')",kilogram,Propiconazole,C15H17Cl2N3O2,342.2,"[['C', 15], ['H', 17], ['Cl', 2], ['N', 3], ['O', 2]]","{'C': 0.5264903565166569, 'H': 0.0500759789596727, 'Cl': 0.2072063120981882, 'N': 0.12279661016949153, 'O': 0.09350672121566336}",1.0,dissipation
"('ecoinvent-3.4-biosphere', 'e38eb567-b080-4f80-894c-f6984eec5119')","Benzene, chloro-","('water', 'surface water')",kilogram,Benzene,C6H6,78.11,"[['C', 6], ['H', 6]]","{'C': 0.9226219434131354, 'H': 0.07742926641915247}",1.0,dissipation
"('ecoinvent-3.4-biosphere', '2dfff11a-db89-40be-a64c-83db726cc1be')","Benzene, pentachloro-","('air', 'low population density, long-term')",kilogram,Benzene,C6H6,78.11,"[['C', 6], ['H', 6]]","{'C': 0.9226219434131354, 'H': 0.07742926641915247}",1.0,dissipation
"('ecoinvent-3.4-biosphere', '7ad7644f-8796-438e-a15b-86345622886b')",Lactic acid,"('air', 'urban air close to ground')",kilogram,Lactic acid,C3H6O3,90.08,"[['C', 3], ['H', 6], ['O', 3]]","{'C': 0.4000111012433393, 'H': 0.06714031971580817, 'O': 0.5328263765541741}",1.0,dissipation
"('ecoinvent-3.4-biosphere', 'e5492922-eaf5-4409-aa49-7f2a35cd0336')",MCPA,"('soil', 'agricultural')",kilogram,MCPA,C9H9ClO3,200.62,"[['C', 9], ['H', 9], ['Cl', 1], ['O', 3]]","{'C': 0.538824643604825, 'H': 0.04521981856245638, 'Cl': 0.1767171767520686, 'O': 0.23924334562855148}",1.0,dissipation
"('ecoinvent-3.4-biosphere', '5b951316-f3b3-4dfc-81e9-d3cc155ec831')","Phenol, 2,4-dichloro","('air', 'non-urban air or from high stacks')",kilogram,Phenol,C6H6O,94.11,"[['C', 6], ['H', 6], ['O', 1]]","{'C': 0.765763468281798, 'H': 0.06426522154925088, 'O': 0.17000318775900541}",1.0,dissipation
"('ecoinvent-3.4-biosphere', 'e7c5db65-775c-4ada-8a63-32c67792bd52')",Kresoxim-methyl,"('soil', 'agricultural')",kilogram,Kresoxim-methyl,C18H19NO4,313.3,"[['C', 18], ['H', 19], ['N', 1], ['O', 4]]","{'C': 0.6900670284072773, 'H': 0.06112990743696138, 'N': 0.04470794765400574, 'O': 0.20426428343440792}",1.0,dissipation
"('ecoinvent-3.4-biosphere', '588356df-f3b4-43a7-a76e-c47175a7eae0')","Carbon monoxide, non-fossil","('air', 'low population density, long-term')",kilogram,Carbon monoxide,CO,28.01,"[['C', 1], ['O', 1]]","{'C': 0.42881113887897176, 'O': 0.5711888611210282}",1.0,dissipation
"('ecoinvent-3.4-biosphere', 'fb598112-aae8-4185-b71e-0a8f2c631aac')",Chlorine,"('air', 'lower stratosphere + upper troposphere')",kilogram,Chlorine,Cl2,70.9,"[['Cl', 2]]",{'Cl': 1.0},1.0,dissipation
"('ecoinvent-3.4-biosphere', '76a317b6-1c35-4c75-bb00-1cd5ec8c8e17')",2-Methyl-1-propanol,"('water', 'ocean')",kilogram,2-Methyl-1-propanol,C4H10O,74.12,"[['C', 4], ['H', 10], ['O', 1]]","{'C': 0.6481921208850512, 'H': 0.13599568267674042, 'O': 0.21585267134376687}",1.0,dissipation
"('ecoinvent-3.4-biosphere', '007de693-1d9e-40a5-a8b4-3d11bce8be9a')",Aniline,"('water', 'ground-, long-term')",kilogram,Aniline,C6H7N,93.13,"[['C', 6], ['H', 7], ['N', 1]]","{'C': 0.773821539783099, 'H': 0.07576505959411575, 'N': 0.15040266294427146}",1.0,dissipation
"('ecoinvent-3.4-biosphere', 'a110815e-69d2-43bd-8bf8-4e842e5895e3')",Terbacil,"('soil', 'agricultural')",kilogram,Terbacil,C9H13ClN2O2,216.66,"[['C', 9], ['H', 13], ['Cl', 1], ['N', 2], ['O', 2]]","{'C': 0.498933813348103, 'H': 0.06048186098033785, 'Cl': 0.16363426566971292, 'N': 0.12929936305732484, 'O': 0.14768762115757408}",1.0,dissipation
"('ecoinvent-3.4-biosphere', '6d74bab2-969f-419c-a2dc-4dde50cf2553')","PAH, polycyclic aromatic hydrocarbons","('soil',)",kilogram,PAH,C9H10N2O3,194.19,"[['C', 9], ['H', 10], ['N', 2], ['O', 3]]","{'C': 0.556666151707091, 'H': 0.05190792522786961, 'N': 0.14426077552912095, 'O': 0.24716514753591842}",1.0,dissipation
"('ecoinvent-3.4-biosphere', 'a93b1c8a-f6f3-4cfa-b83d-a655ff57ef6e')",Anthracene,"('water', 'ground-')",kilogram,Anthracene,C14H10,178.23,"[['C', 14], ['H', 10]]","{'C': 0.9434663075800932, 'H': 0.056556135330752405}",1.0,dissipation
"('ecoinvent-3.4-biosphere', 'e3dabe3a-e385-496d-8c84-288d45356c79')",Cyclohexane,"('water', 'ground-')",kilogram,Cyclohexane,C6H12,84.16,"[['C', 6], ['H', 12]]","{'C': 0.8562975285171104, 'H': 0.14372623574144489}",1.0,dissipation
"('ecoinvent-3.4-biosphere', 'c89a0749-40a5-4c9c-8770-c4295ea34977')",Phosphorus,"('soil', 'agricultural')",kilogram,Phosphorus,P,30.973762,"[['P', 1]]",{'P': 1.0},1.0,dissipation
"('ecoinvent-3.4-biosphere', 'b7a0a14a-b0b2-4aeb-923f-5c2ec1251dd5')",Glufosinate,"('soil', 'agricultural')",kilogram,Glufosinate,C5H12NO4P,181.13,"[['C', 5], ['H', 12], ['N', 1], ['O', 4], ['P', 1]]","{'C': 0.3315574449290564, 'H': 0.06678076519626788, 'N': 0.07733119858665047, 'O': 0.3533152984044609, 'P': 0.1710042510903771}",1.0,dissipation
"('ecoinvent-3.4-biosphere', '3301e59e-2f7b-46bd-b185-32ef8caac4ea')",Benfluralin,"('soil', 'agricultural')",kilogram,Benfluralin,C13H16F3N3O4,335.28,"[['C', 13], ['H', 16], ['F', 3], ['N', 3], ['O', 4]]","{'C': 0.4657092579336674, 'H': 0.04810307802433787, 'F': 0.16998926270579814, 'N': 0.12533106657122406, 'O': 0.19087329992841806}",1.0,dissipation
"('ecoinvent-3.4-biosphere', '5fa6e9b8-8314-4d9d-afaf-bc6ee580d76c')",Propylamine,"('water',)",kilogram,Propylamine,C3H9N,59.11,"[['C', 3], ['H', 9], ['N', 1]]","{'C': 0.6095922855692777, 'H': 0.15347656910844187, 'N': 0.23696498054474707}",1.0,dissipation
"('ecoinvent-3.4-biosphere', '5de7f50d-dbd7-4e4c-afa5-b38ad93b4dec')",Iodide,"('soil', 'forestry')",kilogram,Iodide,I-,126.9045,"[['I', 1]]",{'I': 1.0},1.0,dissipation
"('ecoinvent-3.4-biosphere', '129c8923-0927-4aef-bdac-7373b2898606')",Aniline,"('water', 'ocean')",kilogram,Aniline,C6H7N,93.13,"[['C', 6], ['H', 7], ['N', 1]]","{'C': 0.773821539783099, 'H': 0.07576505959411575, 'N': 0.15040266294427146}",1.0,dissipation
"('ecoinvent-3.4-biosphere', '174d35ab-9974-4e6c-bbaf-180f4ccc36bf')",Benzal chloride,"('water', 'ground-, long-term')",kilogram,Benzal chloride,C7H6Cl2,161.03,"[['C', 7], ['H', 6], ['Cl', 2]]","{'C': 0.5221201018443768, 'H': 0.03755821896541017, 'Cl': 0.4403278892131901}",1.0,dissipation
"('ecoinvent-3.4-biosphere', '0015ec22-72cb-4af1-8c7b-0ba0d041553c')",Florasulam,"('soil', 'agricultural')",kilogram,Florasulam,C12H8F3N5O3S,359.29,"[['C', 12], ['H', 8], ['F', 3], ['N', 5], ['O', 3], ['S', 1]]","{'C': 0.4011578390715021, 'H': 0.022444265078348964, 'F': 0.1586295193297893, 'N': 0.19492610426118176, 'O': 0.13358846614155695, 'S': 0.08924545631662444}",1.0,dissipation
"('ecoinvent-3.4-biosphere', '42ac7dee-8152-4874-a742-c1c432792a3a')",Chlorine,"('soil',)",kilogram,Chlorine,Cl2,70.9,"[['Cl', 2]]",{'Cl': 1.0},1.0,dissipation
"('ecoinvent-3.4-biosphere', 'bef7c90d-9f65-483c-b6b6-4b5d1086c878')",Mecoprop,"('soil', 'agricultural')",kilogram,Mecoprop,C10H11ClO3,214.64,"[['C', 10], ['H', 11], ['Cl', 1], ['O', 3]]","{'C': 0.5595881475959746, 'H': 0.05165859112933285, 'Cl': 0.1651742452478569, 'O': 0.22361628773760717}",1.0,dissipation
"('ecoinvent-3.4-biosphere', '81057475-9f8a-47ff-8c0b-ce702467fa72')",Methyl borate,"('water', 'ground-')",kilogram,Methyl borate,C3H9BO3,103.92,"[['C', 3], ['H', 9], ['B', 1], ['O', 3]]","{'C': 0.3467378752886836, 'H': 0.08729792147806004, 'B': 0.10402232486528099, 'O': 0.461864896073903}",1.0,dissipation
"('ecoinvent-3.4-biosphere', 'a912f450-5233-489b-a2e9-8c029fab480f')",Calcium,"('air', 'urban air close to ground')",kilogram,Calcium,Ca,40.08,"[['Ca', 1]]",{'Ca': 1.0},1.0,dissipation
"('ecoinvent-3.4-biosphere', '5370addb-668e-4223-9a58-8ae947807c27')",Chlorine,"('air', 'low population density, long-term')",kilogram,Chlorine,Cl2,70.9,"[['Cl', 2]]",{'Cl': 1.0},1.0,dissipation
"('ecoinvent-3.4-biosphere', 'e52f678d-50c0-4154-b271-5e3b5402e21a')",Bromine,"('air', 'low population density, long-term')",kilogram,Bromine,Br2,159.81,"[['Br', 2]]",{'Br': 1.0},1.0,dissipation
"('ecoinvent-3.4-biosphere', 'f40d6828-f6de-43cd-9b93-e78813bdd140')",Butyrolactone,"('air', 'low population density, long-term')",kilogram,Butyrolactone,C4H6O2,86.09,"[['C', 4], ['H', 6], ['O', 2]]","{'C': 0.558067139040539, 'H': 0.0702520617957951, 'O': 0.3716807991636659}",1.0,dissipation
"('ecoinvent-3.4-biosphere', 'b12d380e-4a5a-40a7-89da-76a6c3b97bd2')",Chlorate,"('water', 'ground-')",kilogram,Chlorate,ClO3-,83.45,"[['Cl', 1], ['O', 3]]","{'Cl': 0.42484122228879573, 'O': 0.5751587777112043}",1.0,dissipation
"('ecoinvent-3.4-biosphere', 'b8de5961-4e83-4731-bac1-77a4d01234a4')",Vanadium,"('air', 'low population density, long-term')",kilogram,Vanadium,V,50.9415,"[['V', 1]]",{'V': 1.0},1.0,dissipation
"('ecoinvent-3.4-biosphere', 'd5649872-502b-4d23-b882-26d74a9fc4b4')",2-Methyl pentane,"('air', 'urban air close to ground')",kilogram,2-Methyl pentane,C6H14,86.18,"[['C', 6], ['H', 14]]","{'C': 0.8362265026688327, 'H': 0.16375029009050823}",1.0,dissipation
"('ecoinvent-3.4-biosphere', '9ab5099c-e419-4999-a604-1f1c1f361092')",Potassium chloride,"('air', 'low population density, long-term')",kilogram,Potassium chloride,ClK,74.55,"[['Cl', 1], ['K', 1]]","{'Cl': 0.47556002682763254, 'K': 0.5244533869885982}",1.0,dissipation
"('ecoinvent-3.4-biosphere', '50432644-8568-444e-b7e7-8e37a7e1f3e3')","Ethane, 1-chloro-1,1-difluoro-, HCFC-142b","('air', 'low population density, long-term')",kilogram,Ethane,C2H6,30.07,"[['C', 2], ['H', 6]]","{'C': 0.7988693049551047, 'H': 0.20113069504489525}",1.0,dissipation
"('ecoinvent-3.4-biosphere', '796d4439-8221-41ad-8732-19033339e66e')",Fluoranthene,"('water', 'surface water')",kilogram,Fluoranthene,C16H10,202.25,"[['C', 16], ['H', 10]]","{'C': 0.9501903584672434, 'H': 0.049839307787391846}",1.0,dissipation
"('ecoinvent-3.4-biosphere', 'cf7738ce-05a3-4fee-af0c-37386e0c28e3')",Lambda-cyhalothrin,"('water', 'surface water')",kilogram,Lambda-cyhalothrin,C23H19ClF3NO3,449.8,"[['C', 23], ['H', 19], ['Cl', 1], ['F', 3], ['N', 1], ['O', 3]]","{'C': 0.6141685193419297, 'H': 0.0425789239662072, 'Cl': 0.0788194753223655, 'F': 0.1267096487327701, 'N': 0.031140506891951976, 'O': 0.10670742552245442}",1.0,dissipation
"('ecoinvent-3.4-biosphere', '5896c761-4e02-4573-8747-c4bbf73162c0')",Phenol,"('air',)",kilogram,Phenol,C6H6O,94.11,"[['C', 6], ['H', 6], ['O', 1]]","{'C': 0.765763468281798, 'H': 0.06426522154925088, 'O': 0.17000318775900541}",1.0,dissipation
"('ecoinvent-3.4-biosphere', 'a65f4744-f555-44cb-8534-aa5adc72d7a7')",Benzal chloride,"('air',)",kilogram,Benzal chloride,C7H6Cl2,161.03,"[['C', 7], ['H', 6], ['Cl', 2]]","{'C': 0.5221201018443768, 'H': 0.03755821896541017, 'Cl': 0.4403278892131901}",1.0,dissipation
"('ecoinvent-3.4-biosphere', '31a3e44c-4098-461e-aba2-f79540e05087')","Methane, dichlorodifluoro-, CFC-12","('air', 'urban air close to ground')",kilogram,Methane,CH4,16.043,"[['C', 1], ['H', 4]]","{'C': 0.7486754347690582, 'H': 0.2513245652309419}",1.0,dissipation
"('ecoinvent-3.4-biosphere', '082c37bb-a9f2-46e7-97de-5a023050ab7a')",Hexamethyldisilizane,"('air', 'lower stratosphere + upper troposphere')",kilogram,Hexamethyldisilizane,C6H19NSi2,161.39,"[['C', 6], ['H', 19], ['N', 1], ['Si', 2]]","{'C': 0.44653324245616216, 'H': 0.11866906251936304, 'N': 0.0867897639258938, 'Si': 0.3480513042939464}",1.0,dissipation
"('ecoinvent-3.4-biosphere', '3400c608-5098-4f36-8d72-e5a20e0a5c39')","Toluene, 2-chloro","('air', 'low population density, long-term')",kilogram,Toluene,C7H8,92.14,"[['C', 7], ['H', 8]]","{'C': 0.9124918602127198, 'H': 0.08751899283698719}",1.0,dissipation
"('ecoinvent-3.4-biosphere', '11b6407e-a10b-477f-8dfd-53cb425f62b0')",Diethylene glycol,"('water', 'ocean')",kilogram,Diethylene glycol,C4H10O3,106.12,"[['C', 4], ['H', 10], ['O', 3]]","{'C': 0.4527327553712778, 'H': 0.09498680738786279, 'O': 0.4522898605352431}",1.0,dissipation
"('ecoinvent-3.4-biosphere', '13be989f-9a8e-420d-b27d-47c3565eb77c')",Piperonyl butoxide,"('soil', 'agricultural')",kilogram,Piperonyl butoxide,C19H30O5,338.4,"[['C', 19], ['H', 30], ['O', 5]]","{'C': 0.6743764775413711, 'H': 0.08936170212765959, 'O': 0.23639184397163124}",1.0,dissipation
"('ecoinvent-3.4-biosphere', '88cde01c-df69-40bb-9b14-6eac71bea5b8')",Copper,"('air', 'urban air close to ground')",kilogram,Copper,Cu,63.55,"[['Cu', 1]]",{'Cu': 1.0},1.0,dissipation
"('ecoinvent-3.4-biosphere', '914b6c95-c6c3-4dab-b75f-9ac6a6f78bfd')",Zirconium,"('air', 'urban air close to ground')",kilogram,Zirconium,Zr,91.22,"[['Zr', 1]]",{'Zr': 1.0},1.0,dissipation
"('ecoinvent-3.4-biosphere', '12d6029e-3801-42ee-a1bc-1ebf936884fc')",Cadmium,"('soil',)",kilogram,Cadmium,Cd,112.41,"[['Cd', 1]]",{'Cd': 1.0},1.0,dissipation
"('ecoinvent-3.4-biosphere', 'ee7b9d2a-a8d7-4df3-ad61-7dd51a39480d')",Silicon tetrafluoride,"('air', 'non-urban air or from high stacks')",kilogram,Silicon tetrafluoride,F4Si,104.079,"[['F', 4], ['Si', 1]]","{'F': 0.7301376838747491, 'Si': 0.2698527080390857}",1.0,dissipation
"('ecoinvent-3.4-biosphere', '41067ac7-bf36-47ef-a19f-683d9b758a28')",Hexane,"('air', 'non-urban air or from high stacks')",kilogram,Hexane,C6H14,86.18,"[['C', 6], ['H', 14]]","{'C': 0.8362265026688327, 'H': 0.16375029009050823}",1.0,dissipation
"('ecoinvent-3.4-biosphere', 'f5e7e615-4160-4df9-b39b-7463eaed77c7')",Phosphorus,"('air', 'lower stratosphere + upper troposphere')",kilogram,Phosphorus,P,30.973762,"[['P', 1]]",{'P': 1.0},1.0,dissipation
"('ecoinvent-3.4-biosphere', '66f99038-3c27-45fa-9152-378833cdfb4a')",Chloride,"('soil', 'forestry')",kilogram,Chloride,Cl-,35.45,"[['Cl', 1]]",{'Cl': 1.0},1.0,dissipation
"('ecoinvent-3.4-biosphere', 'aec794cd-e559-46f6-a2a0-7f4ef195144c')",Propane,"('air', 'lower stratosphere + upper troposphere')",kilogram,Propane,C3H8,44.1,"[['C', 3], ['H', 8]]","{'C': 0.8170748299319728, 'H': 0.18285714285714286}",1.0,dissipation
"('ecoinvent-3.4-biosphere', 'f5613910-92ec-4bf3-9585-926749432289')",Imazamox,"('soil', 'agricultural')",kilogram,Imazamox,C15H19N3O4,305.33,"[['C', 15], ['H', 19], ['N', 3], ['O', 4]]","{'C': 0.5900664854419808, 'H': 0.06272557560672061, 'N': 0.13762486490027184, 'O': 0.20959617463072744}",1.0,dissipation
"('ecoinvent-3.4-biosphere', 'e65a9c58-21f1-48b6-b738-d05a8f10e5f3')",Chromium,"('soil', 'industrial')",kilogram,Chromium,Cr,51.996,"[['Cr', 1]]",{'Cr': 1.0},1.0,dissipation
"('ecoinvent-3.4-biosphere', 'f4d0a2c8-efef-4188-85da-5801097389a2')",Arsenic,"('air', 'urban air close to ground')",kilogram,Arsenic,As,74.92159,"[['As', 1]]",{'As': 1.0},1.0,dissipation
"('ecoinvent-3.4-biosphere', '1c84549b-9317-44b8-ad79-29c587e43bd3')",Hydrogen,"('air', 'non-urban air or from high stacks')",kilogram,Hydrogen,H2,2.016,"[['H', 2]]",{'H': 1.0},1.0,dissipation
"('ecoinvent-3.4-biosphere', '98fc8cad-e186-4353-8ffb-92ddae8cc685')",Thifensulfuron,"('air', 'non-urban air or from high stacks')",kilogram,Thifensulfuron,C11H11N5O6S2,373.4,"[['C', 11], ['H', 11], ['N', 5], ['O', 6], ['S', 2]]","{'C': 0.3538323513658275, 'H': 0.02969469737546867, 'N': 0.187560257096947, 'O': 0.25708087841456884, 'S': 0.17174611676486343}",1.0,dissipation
"('ecoinvent-3.4-biosphere', 'f3cf9958-739f-41c1-a679-f550cf0e9b6c')",1-Pentene,"('water', 'surface water')",kilogram,1-Pentene,C5H10,70.13,"[['C', 5], ['H', 10]]","{'C': 0.8563382290032796, 'H': 0.14373306716098674}",1.0,dissipation
"('ecoinvent-3.4-biosphere', '91b452dc-ddbd-40a4-9281-33303109495e')",Trifluralin,"('soil', 'agricultural')",kilogram,Trifluralin,C13H16F3N3O4,335.28,"[['C', 13], ['H', 16], ['F', 3], ['N', 3], ['O', 4]]","{'C': 0.4657092579336674, 'H': 0.04810307802433787, 'F': 0.16998926270579814, 'N': 0.12533106657122406, 'O': 0.19087329992841806}",1.0,dissipation
"('ecoinvent-3.4-biosphere', '98b0b2a5-8c73-4cf0-be04-a6a4e8889bb1')",Methyl acetate,"('water', 'surface water')",kilogram,Methyl acetate,C3H6O2,74.08,"[['C', 3], ['H', 6], ['O', 2]]","{'C': 0.4864065874730022, 'H': 0.08164146868250541, 'O': 0.4319384449244061}",1.0,dissipation
"('ecoinvent-3.4-biosphere', 'e4ad89a2-c1d3-4d0b-ad44-2a7ff00b1f39')",Platinum,"('air', 'urban air close to ground')",kilogram,Platinum,Pt,195.08,"[['Pt', 1]]",{'Pt': 1.0},1.0,dissipation
"('ecoinvent-3.4-biosphere', 'cff14545-edc5-4302-97f4-9bdcd8d1800f')",Dipropylamine,"('water', 'ocean')",kilogram,Dipropylamine,C6H15N,101.19,"[['C', 6], ['H', 15], ['N', 1]]","{'C': 0.7121849985176402, 'H': 0.14942187963237474, 'N': 0.13842276904832493}",1.0,dissipation
"('ecoinvent-3.4-biosphere', 'a5506f4b-113f-4713-95c3-c819dde6e48b')",Nickel,"('air',)",kilogram,Nickel,Ni,58.693,"[['Ni', 1]]",{'Ni': 1.0},1.0,dissipation
"('ecoinvent-3.4-biosphere', 'de9e0841-d02a-4af0-993a-39e32e69e7d3')",Alachlor,"('air', 'non-urban air or from high stacks')",kilogram,Alachlor,C14H20ClNO2,269.77,"[['C', 14], ['H', 20], ['Cl', 1], ['N', 1], ['O', 2]]","{'C': 0.6233235719316456, 'H': 0.0747303258331171, 'Cl': 0.13141935723023318, 'N': 0.051922007636134485, 'O': 0.1186121510916707}",1.0,dissipation
"('ecoinvent-3.4-biosphere', 'a79be2ee-ac83-4328-a136-a34ba1f99089')",Selenium,"('air', 'urban air close to ground')",kilogram,Selenium,Se,78.97,"[['Se', 1]]",{'Se': 1.0},1.0,dissipation
"('ecoinvent-3.4-biosphere', 'ac84dcb0-8ff0-4aa5-a9c4-f6c5129f6f86')",Nitrobenzene,"('water', 'surface water')",kilogram,Nitrobenzene,C6H5NO2,123.11,"[['C', 6], ['H', 5], ['N', 1], ['O', 2]]","{'C': 0.5853789294127204, 'H': 0.04093899764438307, 'N': 0.11377629762001462, 'O': 0.2599138981398749}",1.0,dissipation
"('ecoinvent-3.4-biosphere', 'edef6579-93cd-4971-98ac-4241071af450')","PAH, polycyclic aromatic hydrocarbons","('water', 'ground-, long-term')",kilogram,PAH,C9H10N2O3,194.19,"[['C', 9], ['H', 10], ['N', 2], ['O', 3]]","{'C': 0.556666151707091, 'H': 0.05190792522786961, 'N': 0.14426077552912095, 'O': 0.24716514753591842}",1.0,dissipation
"('ecoinvent-3.4-biosphere', 'ce6294f5-2ed7-46ee-a967-33e265e34455')","Ethane, 1,1,1-trichloro-, HCFC-140","('air',)",kilogram,Ethane,C2H6,30.07,"[['C', 2], ['H', 6]]","{'C': 0.7988693049551047, 'H': 0.20113069504489525}",1.0,dissipation
"('ecoinvent-3.4-biosphere', '15b58430-7bd4-4c6c-967e-514538c85b8d')",Acenaphthylene,"('water', 'ground-, long-term')",kilogram,Acenaphthylene,C12H8,152.19,"[['C', 12], ['H', 8]]","{'C': 0.9470530258229845, 'H': 0.05298639858072147}",1.0,dissipation
"('ecoinvent-3.4-biosphere', '2a5ed451-12a2-47db-b4dc-fa0bfbc01d79')",Chromium,"('air', 'lower stratosphere + upper troposphere')",kilogram,Chromium,Cr,51.996,"[['Cr', 1]]",{'Cr': 1.0},1.0,dissipation
"('ecoinvent-3.4-biosphere', '8c52f40c-69b7-4538-8923-b371523c71f5')",Sulfur dioxide,"('air', 'urban air close to ground')",kilogram,Sulfur dioxide,O2S,64.07,"[['O', 2], ['S', 1]]","{'O': 0.49942250663336984, 'S': 0.5004682378648354}",1.0,dissipation
"('ecoinvent-3.4-biosphere', 'adf3c3e9-c6b7-42bc-b114-112f050e44fd')",Formamide,"('water', 'ground-, long-term')",kilogram,Formamide,CH3NO,45.041,"[['C', 1], ['H', 3], ['N', 1], ['O', 1]]","{'C': 0.2666681467995826, 'H': 0.0671388290668502, 'N': 0.310983326302702, 'O': 0.35520969783086526}",1.0,dissipation
"('ecoinvent-3.4-biosphere', 'd482b568-0604-4433-87b2-1340f7a17512')",Methanol,"('air', 'low population density, long-term')",kilogram,Methanol,CH4O,32.042,"[['C', 1], ['H', 4], ['O', 1]]","{'C': 0.3748517570688471, 'H': 0.12583484177017665, 'O': 0.4993134011609762}",1.0,dissipation
"('ecoinvent-3.4-biosphere', 'fc9f9a81-c4b9-4dce-bc20-9f04e05ca2f1')",Acetaldehyde,"('air', 'non-urban air or from high stacks')",kilogram,Acetaldehyde,C2H4O,44.05,"[['C', 2], ['H', 4], ['O', 1]]","{'C': 0.5453348467650397, 'H': 0.09153234960272419, 'O': 0.3632009080590239}",1.0,dissipation
"('ecoinvent-3.4-biosphere', '7d05319a-1260-45e0-8872-d5ff1712ea7e')","Ethane, 1,2-dichloro-1,1,2,2-tetrafluoro-, CFC-114","('air', 'lower stratosphere + upper troposphere')",kilogram,Ethane,C2H6,30.07,"[['C', 2], ['H', 6]]","{'C': 0.7988693049551047, 'H': 0.20113069504489525}",1.0,dissipation
"('ecoinvent-3.4-biosphere', 'eabb67d6-08cc-4c6e-ad95-6509e778730a')","Acrylate, ion","('water', 'surface water')",kilogram,Acrylate,C3H3O2-,71.05,"[['C', 3], ['H', 3], ['O', 2]]","{'C': 0.5071498944405348, 'H': 0.0425615763546798, 'O': 0.4503589021815623}",1.0,dissipation
"('ecoinvent-3.4-biosphere', '142ce3b0-4bd6-47a3-9991-7c657c947ffe')",Furan,"('air', 'non-urban air or from high stacks')",kilogram,Furan,C4H4O,68.07,"[['C', 4], ['H', 4], ['O', 1]]","{'C': 0.7058028500073454, 'H': 0.05923314235345968, 'O': 0.2350374614367563}",1.0,dissipation
"('ecoinvent-3.4-biosphere', '1a13d6e7-45c9-427a-a3c9-38887ce7b86a')",Ethyne,"('air', 'urban air close to ground')",kilogram,Ethyne,C2H2,26.04,"[['C', 2], ['H', 2]]","{'C': 0.9225038402457757, 'H': 0.07741935483870968}",1.0,dissipation
"('ecoinvent-3.4-biosphere', '77db8bd1-5a69-465c-b51f-7b27fbb574a5')","Benzene, dichloro","('air', 'lower stratosphere + upper troposphere')",kilogram,Benzene,C6H6,78.11,"[['C', 6], ['H', 6]]","{'C': 0.9226219434131354, 'H': 0.07742926641915247}",1.0,dissipation
"('ecoinvent-3.4-biosphere', '0e20b8fa-3f9a-41f2-b9aa-2b4e32c62264')",MCPB,"('air', 'non-urban air or from high stacks')",kilogram,MCPB,C11H13ClO3,228.67,"[['C', 11], ['H', 13], ['Cl', 1], ['O', 3]]","{'C': 0.5777802072856081, 'H': 0.05730528709494031, 'Cl': 0.15504001399396514, 'O': 0.20989635719595925}",1.0,dissipation
"('ecoinvent-3.4-biosphere', 'b1991748-2151-4b51-8cdb-a8b4203677dc')",Chloride,"('soil', 'industrial')",kilogram,Chloride,Cl-,35.45,"[['Cl', 1]]",{'Cl': 1.0},1.0,dissipation
"('ecoinvent-3.4-biosphere', 'a61637db-d0a5-40c3-8969-e0b03509b667')",Benzaldehyde,"('air', 'low population density, long-term')",kilogram,Benzaldehyde,C7H6O,106.12,"[['C', 7], ['H', 6], ['O', 1]]","{'C': 0.7922823218997361, 'H': 0.05699208443271767, 'O': 0.15076328684508103}",1.0,dissipation
"('ecoinvent-3.4-biosphere', 'a4f6341b-1762-4222-9024-bfd91f63588f')","AOX, Adsorbable Organic Halogen as Cl","('water',)",kilogram,AOX,C19H30O2,290.4,"[['C', 19], ['H', 30], ['O', 2]]","{'C': 0.7858436639118457, 'H': 0.1041322314049587, 'O': 0.11018595041322315}",1.0,dissipation
"('ecoinvent-3.4-biosphere', '88eaa159-4194-49eb-9905-9b937e644fb8')",Fluoboric acid,"('water', 'surface water')",kilogram,Fluoboric acid,BF4H,87.82,"[['B', 1], ['F', 4], ['H', 1]]","{'B': 0.123092689592348, 'F': 0.8653154179002507, 'H': 0.011478023229332727}",1.0,dissipation
"('ecoinvent-3.4-biosphere', '5df11cc8-e2fc-4b82-832b-e593cca2a77f')",o-Xylene,"('water', 'ground-, long-term')",kilogram,o-Xylene,C8H10,106.16,"[['C', 8], ['H', 10]]","{'C': 0.9051243406179351, 'H': 0.09495101733232857}",1.0,dissipation
"('ecoinvent-3.4-biosphere', '813b3b1d-4b12-44cd-bbb9-5c384ba019d2')",Propylamine,"('water', 'surface water')",kilogram,Propylamine,C3H9N,59.11,"[['C', 3], ['H', 9], ['N', 1]]","{'C': 0.6095922855692777, 'H': 0.15347656910844187, 'N': 0.23696498054474707}",1.0,dissipation
"('ecoinvent-3.4-biosphere', 'b83f893c-f4b4-473f-bd13-a23fd300c5d1')",Butanol,"('air', 'lower stratosphere + upper troposphere')",kilogram,Butanol,C4H10O,74.12,"[['C', 4], ['H', 10], ['O', 1]]","{'C': 0.6481921208850512, 'H': 0.13599568267674042, 'O': 0.21585267134376687}",1.0,dissipation
"('ecoinvent-3.4-biosphere', 'fa0c2bee-8dd9-4f8a-8489-b1f3b43de958')","Ethane, 1,1,1,2-tetrafluoro-, HFC-134a","('air', 'urban air close to ground')",kilogram,Ethane,C2H6,30.07,"[['C', 2], ['H', 6]]","{'C': 0.7988693049551047, 'H': 0.20113069504489525}",1.0,dissipation
"('ecoinvent-3.4-biosphere', '7fb8e798-1c30-4bfb-ba1a-66602300cd1b')",Fluosilicic acid,"('water', 'ocean')",kilogram,Fluosilicic acid,F6H2Si,144.091,"[['F', 6], ['H', 2], ['Si', 1]]","{'F': 0.7910834125656703, 'H': 0.013991158365199768, 'Si': 0.194918489010417}",1.0,dissipation
"('ecoinvent-3.4-biosphere', '108e9780-646b-448d-903b-609b3f65950b')",Butyl acetate,"('air', 'urban air close to ground')",kilogram,Butyl acetate,C6H12O2,116.16,"[['C', 6], ['H', 12], ['O', 2]]","{'C': 0.6204028925619836, 'H': 0.10413223140495868, 'O': 0.27546487603305786}",1.0,dissipation
"('ecoinvent-3.4-biosphere', 'd3a1c5ec-009f-475d-8db5-9d619ba2f62f')",Ethylene diamine,"('air', 'non-urban air or from high stacks')",kilogram,Ethylene diamine,C2H8N2,60.1,"[['C', 2], ['H', 8], ['N', 2]]","{'C': 0.3997004991680532, 'H': 0.1341763727121464, 'N': 0.46612312811980033}",1.0,dissipation
"('ecoinvent-3.4-biosphere', 'c13fc7a0-f240-468b-aaf6-e781743a46d5')",Zirconium,"('air',)",kilogram,Zirconium,Zr,91.22,"[['Zr', 1]]",{'Zr': 1.0},1.0,dissipation
"('ecoinvent-3.4-biosphere', '22b0b296-d066-4159-a44b-69fdb17dc802')",Formaldehyde,"('air', 'lower stratosphere + upper troposphere')",kilogram,Formaldehyde,CH2O,30.026,"[['C', 1], ['H', 2], ['O', 1]]","{'C': 0.4000199826816759, 'H': 0.06714181043095983, 'O': 0.5328382068873643}",1.0,dissipation
"('ecoinvent-3.4-biosphere', 'b43924b1-3715-48b2-aa20-78f67b3f6e0e')",Ethylamine,"('water', 'ground-, long-term')",kilogram,Ethylamine,C2H7N,45.08,"[['C', 2], ['H', 7], ['N', 1]]","{'C': 0.5328748890860692, 'H': 0.1565217391304348, 'N': 0.3107142857142857}",1.0,dissipation
"('ecoinvent-3.4-biosphere', 'f9f12076-1cdf-4a3d-a70d-eab640038144')",o-Nitrotoluene,"('air',)",kilogram,o-Nitrotoluene,C7H7NO2,137.14,"[['C', 7], ['H', 7], ['N', 1], ['O', 2]]","{'C': 0.6130742307131399, 'H': 0.051451071897331196, 'N': 0.10213650284380925, 'O': 0.23332361090856063}",1.0,dissipation
"('ecoinvent-3.4-biosphere', 'f8ac9a93-5172-4349-bc59-01af13f7dbb6')",Sodium formate,"('water',)",kilogram,Sodium formate,CHNaO2,68.007,"[['C', 1], ['H', 1], ['Na', 1], ['O', 2]]","{'C': 0.17661417207052213, 'H': 0.014822003617274692, 'Na': 0.3380534356757392, 'O': 0.4705103886364639}",1.0,dissipation
"('ecoinvent-3.4-biosphere', 'bb656df7-0d8a-427c-b58c-02962e50df57')",Ethyl acetate,"('air', 'lower stratosphere + upper troposphere')",kilogram,Ethyl acetate,C4H8O2,88.11,"[['C', 4], ['H', 8], ['O', 2]]","{'C': 0.5452729542617183, 'H': 0.09152196118488254, 'O': 0.3631596867551924}",1.0,dissipation
"('ecoinvent-3.4-biosphere', 'dbf49708-ee0c-44f2-8662-5edd89ad472b')",Beryllium,"('soil',)",kilogram,Beryllium,Be,9.012183,"[['Be', 1]]",{'Be': 1.0},1.0,dissipation
"('ecoinvent-3.4-biosphere', 'aec25913-c64b-4046-8ac9-a48587771b0d')",Dimethylamine,"('water', 'ground-, long-term')",kilogram,Dimethylamine,C2H7N,45.08,"[['C', 2], ['H', 7], ['N', 1]]","{'C': 0.5328748890860692, 'H': 0.1565217391304348, 'N': 0.3107142857142857}",1.0,dissipation
"('ecoinvent-3.4-biosphere', '989fb36e-b530-46b4-88c2-a28d9f1efa7b')",Potassium chloride,"('air', 'non-urban air or from high stacks')",kilogram,Potassium chloride,ClK,74.55,"[['Cl', 1], ['K', 1]]","{'Cl': 0.47556002682763254, 'K': 0.5244533869885982}",1.0,dissipation
"('ecoinvent-3.4-biosphere', 'f1f38546-77eb-41ae-8810-bfcf66aa6a18')",Benzyl alcohol,"('water', 'ground-, long-term')",kilogram,Benzyl alcohol,C7H8O,108.14,"[['C', 7], ['H', 8], ['O', 1]]","{'C': 0.7774828925466987, 'H': 0.0745700018494544, 'O': 0.14794710560384686}",1.0,dissipation
"('ecoinvent-3.4-biosphere', 'ffaaffd3-5deb-4508-9e5f-e47f551ac2b8')",Cyfluthrin,"('air', 'non-urban air or from high stacks')",kilogram,Cyfluthrin,C22H18Cl2FNO3,434.3,"[['C', 22], ['H', 18], ['Cl', 2], ['F', 1], ['N', 1], ['O', 3]]","{'C': 0.6084319594750172, 'H': 0.04177757310614782, 'Cl': 0.1632650241768363, 'F': 0.04374395579092793, 'N': 0.032251899608565504, 'O': 0.1105157725074833}",1.0,dissipation
"('ecoinvent-3.4-biosphere', '8732d8b5-7f41-498c-be37-5bcd7a802ee6')",Acenaphthene,"('water',)",kilogram,Acenaphthene,C12H10,154.21,"[['C', 12], ['H', 10]]","{'C': 0.9346475585240905, 'H': 0.06536541080344983}",1.0,dissipation
"('ecoinvent-3.4-biosphere', '74f5020d-ee9e-400b-9e64-03dead9e4ffa')","Perchlorate, ion","('water', 'ground-')",kilogram,Perchlorate,ClO4-,99.45,"[['Cl', 1], ['O', 4]]","{'Cl': 0.35649069884364004, 'O': 0.643499245852187}",1.0,dissipation
"('ecoinvent-3.4-biosphere', 'a9dab180-06d5-417f-b1ca-8366ccd7a9df')","Methane, dichloro-, HCC-30","('water', 'ground-')",kilogram,Methane,CH4,16.043,"[['C', 1], ['H', 4]]","{'C': 0.7486754347690582, 'H': 0.2513245652309419}",1.0,dissipation
"('ecoinvent-3.4-biosphere', 'b6e37022-cef7-4b2a-9e1e-f6ae4a0503e7')",Fenoxaprop-P ethyl ester,"('soil', 'agricultural')",kilogram,Fenoxaprop-P ethyl ester,C18H16ClNO5,361.8,"[['C', 18], ['H', 16], ['Cl', 1], ['N', 1], ['O', 5]]","{'C': 0.5975621890547262, 'H': 0.04457711442786069, 'Cl': 0.09799060254284135, 'N': 0.038714759535655056, 'O': 0.2211028192371476}",1.0,dissipation
"('ecoinvent-3.4-biosphere', '47a8dfb8-f1e5-4460-b7ca-eeea1ca44596')",1-Pentene,"('air', 'low population density, long-term')",kilogram,1-Pentene,C5H10,70.13,"[['C', 5], ['H', 10]]","{'C': 0.8563382290032796, 'H': 0.14373306716098674}",1.0,dissipation
"('ecoinvent-3.4-biosphere', 'd30c7d00-977b-44f7-bab1-eb11c2a5c589')",Anthracene,"('water',)",kilogram,Anthracene,C14H10,178.23,"[['C', 14], ['H', 10]]","{'C': 0.9434663075800932, 'H': 0.056556135330752405}",1.0,dissipation
"('ecoinvent-3.4-biosphere', 'c941d6d0-a56c-4e6c-95de-ac685635218d')",Hydrogen chloride,"('air',)",kilogram,Hydrogen chloride,ClH,36.46,"[['Cl', 1], ['H', 1]]","{'Cl': 0.9723806911684038, 'H': 0.02764673614920461}",1.0,dissipation
"('ecoinvent-3.4-biosphere', '8a4f6db6-dfe0-4247-8b0b-142ed2b7aab6')",Glutaraldehyde,"('water',)",kilogram,Glutaraldehyde,C5H8O2,100.12,"[['C', 5], ['H', 8], ['O', 2]]","{'C': 0.5998302037554933, 'H': 0.08054334798242109, 'O': 0.31959648421893727}",1.0,dissipation
"('ecoinvent-3.4-biosphere', '37e9c994-3d69-4fb8-a935-ba30e6d64ae3')",Cyclanilide,"('soil', 'agricultural')",kilogram,Cyclanilide,C11H9Cl2NO3,274.1,"[['C', 11], ['H', 9], ['Cl', 2], ['N', 1], ['O', 3]]","{'C': 0.4820175118569864, 'H': 0.03309740970448741, 'Cl': 0.2586866107260124, 'N': 0.051101787668734036, 'O': 0.1751076249543962}",1.0,dissipation
"('ecoinvent-3.4-biosphere', 'af99a064-3ca7-43cd-9c72-cf20d245b0a8')",Chlorimuron-ethyl,"('soil', 'agricultural')",kilogram,Chlorimuron-ethyl,C15H15ClN4O6S,414.8,"[['C', 15], ['H', 15], ['Cl', 1], ['N', 4], ['O', 6], ['S', 1]]","{'C': 0.43434185149469623, 'H': 0.036451301832208294, 'Cl': 0.08547010607521698, 'N': 0.13507232401157185, 'O': 0.23142237222757955, 'S': 0.07730231436837029}",1.0,dissipation
"('ecoinvent-3.4-biosphere', '47d20967-a49a-4fb3-881d-51956520449e')",Selenium,"('soil', 'forestry')",kilogram,Selenium,Se,78.97,"[['Se', 1]]",{'Se': 1.0},1.0,dissipation
"('ecoinvent-3.4-biosphere', '415f43c0-3908-418d-95cd-fca46ec371b9')",MCPB,"('soil', 'agricultural')",kilogram,MCPB,C11H13ClO3,228.67,"[['C', 11], ['H', 13], ['Cl', 1], ['O', 3]]","{'C': 0.5777802072856081, 'H': 0.05730528709494031, 'Cl': 0.15504001399396514, 'O': 0.20989635719595925}",1.0,dissipation
"('ecoinvent-3.4-biosphere', 'ed1aff41-0bfc-48b8-8250-840c0a2f6961')",2-Propanol,"('air', 'non-urban air or from high stacks')",kilogram,2-Propanol,C3H8O,60.1,"[['C', 3], ['H', 8], ['O', 1]]","{'C': 0.5995507487520799, 'H': 0.1341763727121464, 'O': 0.2662063227953411}",1.0,dissipation
"('ecoinvent-3.4-biosphere', '67abf374-4b8d-426b-8664-e4246535ba8b')","Phthalate, butyl-benzyl-","('water', 'ocean')",kilogram,Phthalate,C8H4O4-2,164.11,"[['C', 8], ['H', 4], ['O', 4]]","{'C': 0.5855097190908536, 'H': 0.024568886722320393, 'O': 0.3899579550301627}",1.0,dissipation
"('ecoinvent-3.4-biosphere', '84386543-b148-465b-9265-ad638c12e263')","Ethane, pentafluoro-, HFC-125","('air', 'non-urban air or from high stacks')",kilogram,Ethane,C2H6,30.07,"[['C', 2], ['H', 6]]","{'C': 0.7988693049551047, 'H': 0.20113069504489525}",1.0,dissipation
"('ecoinvent-3.4-biosphere', 'de8ff400-b20e-4f36-a2c4-ec848b07c84f')",Chloramine,"('air', 'non-urban air or from high stacks')",kilogram,Chloramine,ClH2N,51.47,"[['Cl', 1], ['H', 2], ['N', 1]]","{'Cl': 0.688809014960171, 'H': 0.039168447639401596, 'N': 0.27213911016125897}",1.0,dissipation
"('ecoinvent-3.4-biosphere', 'dbdaa334-3101-418d-bc52-8ddb066864d6')",Diethylene glycol,"('air', 'lower stratosphere + upper troposphere')",kilogram,Diethylene glycol,C4H10O3,106.12,"[['C', 4], ['H', 10], ['O', 3]]","{'C': 0.4527327553712778, 'H': 0.09498680738786279, 'O': 0.4522898605352431}",1.0,dissipation
"('ecoinvent-3.4-biosphere', '80c83d84-1aad-489a-9c7f-1d65b7f84f45')",Silicon tetrafluoride,"('air', 'lower stratosphere + upper troposphere')",kilogram,Silicon tetrafluoride,F4Si,104.079,"[['F', 4], ['Si', 1]]","{'F': 0.7301376838747491, 'Si': 0.2698527080390857}",1.0,dissipation
"('ecoinvent-3.4-biosphere', 'aa87ecd1-b103-4f43-b8dc-d44785c43fd4')",Anthracene,"('water', 'surface water')",kilogram,Anthracene,C14H10,178.23,"[['C', 14], ['H', 10]]","{'C': 0.9434663075800932, 'H': 0.056556135330752405}",1.0,dissipation
"('ecoinvent-3.4-biosphere', '895fa803-ad56-4b1d-a37b-23a9135ce26a')",Phenanthrene,"('air',)",kilogram,Phenanthrene,C14H10,178.23,"[['C', 14], ['H', 10]]","{'C': 0.9434663075800932, 'H': 0.056556135330752405}",1.0,dissipation
"('ecoinvent-3.4-biosphere', 'b10faa87-2c1d-4f6e-aa65-9f80b376939a')",Cobalt,"('air', 'non-urban air or from high stacks')",kilogram,Cobalt,Co,58.93319,"[['Co', 1]]",{'Co': 1.0},1.0,dissipation
"('ecoinvent-3.4-biosphere', '54287273-55f8-4e8f-a115-8ff1aa5025d3')","Cyhalothrin, gamma-","('air', 'non-urban air or from high stacks')",kilogram,Cyhalothrin,C23H19ClF3NO3,449.8,"[['C', 23], ['H', 19], ['Cl', 1], ['F', 3], ['N', 1], ['O', 3]]","{'C': 0.6141685193419297, 'H': 0.0425789239662072, 'Cl': 0.0788194753223655, 'F': 0.1267096487327701, 'N': 0.031140506891951976, 'O': 0.10670742552245442}",1.0,dissipation
"('ecoinvent-3.4-biosphere', '90a31971-00a7-4493-a920-6df37926a047')",Butyrolactone,"('water', 'ocean')",kilogram,Butyrolactone,C4H6O2,86.09,"[['C', 4], ['H', 6], ['O', 2]]","{'C': 0.558067139040539, 'H': 0.0702520617957951, 'O': 0.3716807991636659}",1.0,dissipation
"('ecoinvent-3.4-biosphere', '2df9d4e0-f095-4089-be46-1c1acbcf3a09')","Toluene, 2-chloro","('air', 'lower stratosphere + upper troposphere')",kilogram,Toluene,C7H8,92.14,"[['C', 7], ['H', 8]]","{'C': 0.9124918602127198, 'H': 0.08751899283698719}",1.0,dissipation
"('ecoinvent-3.4-biosphere', '68b769b3-46f3-4b8e-a4f3-45a0fd85bf1b')","Ethene, chloro-","('air', 'low population density, long-term')",kilogram,Ethene,C2H4,28.05,"[['C', 2], ['H', 4]]","{'C': 0.8563992869875222, 'H': 0.14374331550802139}",1.0,dissipation
"('ecoinvent-3.4-biosphere', '0015315d-a2b8-4b72-8e60-0d34a72e6de8')","Ethene, tetrachloro-","('water', 'ground-, long-term')",kilogram,Ethene,C2H4,28.05,"[['C', 2], ['H', 4]]","{'C': 0.8563992869875222, 'H': 0.14374331550802139}",1.0,dissipation
"('ecoinvent-3.4-biosphere', 'c36f35d1-e815-4c85-8686-1a2d21264a2c')",Ammonium carbonate,"('air',)",kilogram,Ammonium carbonate,CH8N2O3,96.09,"[['C', 1], ['H', 8], ['N', 2], ['O', 3]]","{'C': 0.1249973982724529, 'H': 0.08392132375897596, 'N': 0.2915391820168592, 'O': 0.49950046831095846}",1.0,dissipation
"('ecoinvent-3.4-biosphere', '19e10755-75cf-4518-98c3-624201ac089f')",Chlorosulfonic acid,"('air',)",kilogram,Chlorosulfonic acid,ClHO3S,116.53,"[['Cl', 1], ['H', 1], ['O', 3], ['S', 1]]","{'Cl': 0.30423925169484256, 'H': 0.008650133012958037, 'O': 0.41188535141165367, 'S': 0.2751651935124002}",1.0,dissipation
"('ecoinvent-3.4-biosphere', '6446e9ba-9cdd-410e-aae3-41d71d971750')","Acrylate, ion","('water', 'ocean')",kilogram,Acrylate,C3H3O2-,71.05,"[['C', 3], ['H', 3], ['O', 2]]","{'C': 0.5071498944405348, 'H': 0.0425615763546798, 'O': 0.4503589021815623}",1.0,dissipation
"('ecoinvent-3.4-biosphere', 'faa118a7-50b6-4ea9-94bb-40a55a0e39f2')",Indoxacarb,"('soil', 'agricultural')",kilogram,Indoxacarb,C22H17ClF3N3O7,527.8,"[['C', 22], ['H', 17], ['Cl', 1], ['F', 3], ['N', 3], ['O', 7]]","{'C': 0.5006479727169382, 'H': 0.03246684350132626, 'Cl': 0.06717127699886322, 'F': 0.10798408488063661, 'N': 0.07961538461538463, 'O': 0.2121883289124669}",1.0,dissipation
"('ecoinvent-3.4-biosphere', '68ba2022-830e-45fb-8c85-b35e94754ae9')",Chromium VI,"('soil',)",kilogram,Chromium,Cr,51.996,"[['Cr', 1]]",{'Cr': 1.0},1.0,dissipation
"('ecoinvent-3.4-biosphere', '745503c2-768d-4f2c-b63c-bb75c1c5419c')",Heptane,"('air', 'lower stratosphere + upper troposphere')",kilogram,Heptane,C7H16,100.2,"[['C', 7], ['H', 16]]","{'C': 0.8390918163672654, 'H': 0.1609580838323353}",1.0,dissipation
"('ecoinvent-3.4-biosphere', 'a2dbe034-4c91-4cc6-9845-81d9698b9f2d')",Triethylene glycol,"('water', 'ground-')",kilogram,Triethylene glycol,C6H14O4,150.17,"[['C', 6], ['H', 14], ['O', 4]]","{'C': 0.4798961177332357, 'H': 0.09397349670373577, 'O': 0.42615702204168615}",1.0,dissipation
"('ecoinvent-3.4-biosphere', '20750a37-320b-48cb-9fd4-366a86fcd6d6')","Ethene, chloro-","('air', 'lower stratosphere + upper troposphere')",kilogram,Ethene,C2H4,28.05,"[['C', 2], ['H', 4]]","{'C': 0.8563992869875222, 'H': 0.14374331550802139}",1.0,dissipation
"('ecoinvent-3.4-biosphere', '944e2b6d-7a4e-4d37-875d-12e9ab746375')",Monochloroethane,"('water', 'ocean')",kilogram,Monochloroethane,C2H5Cl,64.51,"[['C', 2], ['H', 5], ['Cl', 1]]","{'C': 0.37237637575569676, 'H': 0.07812742210509997, 'Cl': 0.5495737095024027}",1.0,dissipation
"('ecoinvent-3.4-biosphere', '2c872773-0a29-4831-93b9-d49b116fa7d5')",Barium,"('water', 'surface water')",kilogram,Barium,Ba,137.33,"[['Ba', 1]]",{'Ba': 1.0},1.0,dissipation
"('ecoinvent-3.4-biosphere', '374b89b9-1abe-4557-aff3-fb772bffe01b')",Propionic acid,"('water', 'surface water')",kilogram,Propionic acid,C3H6O2,74.08,"[['C', 3], ['H', 6], ['O', 2]]","{'C': 0.4864065874730022, 'H': 0.08164146868250541, 'O': 0.4319384449244061}",1.0,dissipation
"('ecoinvent-3.4-biosphere', '8e037b16-1a38-4220-996e-9f11e89ff194')",Ethylene oxide,"('water',)",kilogram,Ethylene oxide,C2H4O,44.05,"[['C', 2], ['H', 4], ['O', 1]]","{'C': 0.5453348467650397, 'H': 0.09153234960272419, 'O': 0.3632009080590239}",1.0,dissipation
"('ecoinvent-3.4-biosphere', 'f714e13b-86ef-4cd2-8248-2495f1a2d2e4')",Sodium dichromate,"('air', 'non-urban air or from high stacks')",kilogram,Sodium dichromate,Cr2Na2O7,261.97,"[['Cr', 2], ['Na', 2], ['O', 7]]","{'Cr': 0.39696148413940524, 'Na': 0.17551628049013243, 'O': 0.42750314921555904}",1.0,dissipation
"('ecoinvent-3.4-biosphere', 'e1da7e11-cc2c-4ea2-a42a-bf558150014b')","Carbon monoxide, from soil or biomass stock","('air', 'lower stratosphere + upper troposphere')",kilogram,Carbon monoxide,CO,28.01,"[['C', 1], ['O', 1]]","{'C': 0.42881113887897176, 'O': 0.5711888611210282}",1.0,dissipation
"('ecoinvent-3.4-biosphere', '0e940fff-f3ba-41b4-a5c6-d53a88bfc707')",Sulfide,"('water', 'surface water')",kilogram,Sulfide,S-2,32.07,"[['S', 1]]",{'S': 1.0},1.0,dissipation
"('ecoinvent-3.4-biosphere', 'ab79f4bd-b0cd-40f3-b3e1-20bf24802730')",Ethylene diamine,"('water', 'ground-')",kilogram,Ethylene diamine,C2H8N2,60.1,"[['C', 2], ['H', 8], ['N', 2]]","{'C': 0.3997004991680532, 'H': 0.1341763727121464, 'N': 0.46612312811980033}",1.0,dissipation
"('ecoinvent-3.4-biosphere', 'cfd4f0cb-8f13-4d7b-a3a7-ea454aa7643a')",Boron carbide,"('water', 'surface water')",kilogram,Boron carbide,CB4,55.3,"[['C', 1], ['B', 4]]","{'C': 0.21719710669077757, 'B': 0.7819168173598554}",1.0,dissipation
"('ecoinvent-3.4-biosphere', '4c08620f-1001-43b2-a42c-e02163ac41a3')",Benzaldehyde,"('air', 'lower stratosphere + upper troposphere')",kilogram,Benzaldehyde,C7H6O,106.12,"[['C', 7], ['H', 6], ['O', 1]]","{'C': 0.7922823218997361, 'H': 0.05699208443271767, 'O': 0.15076328684508103}",1.0,dissipation
"('ecoinvent-3.4-biosphere', 'bb472a88-f118-4e3c-9305-3f206aaa8a41')",Dichlorprop,"('water', 'surface water')",kilogram,Dichlorprop,C9H8Cl2O3,235.06,"[['C', 9], ['H', 8], ['Cl', 2], ['O', 3]]","{'C': 0.4598783289372926, 'H': 0.034306134603930914, 'Cl': 0.30165064238917727, 'O': 0.20419041946737004}",1.0,dissipation
"('ecoinvent-3.4-biosphere', '4b470546-8110-49f5-af13-1bf7eb11b78e')",Methanesulfonic acid,"('air', 'lower stratosphere + upper troposphere')",kilogram,Methanesulfonic acid,CH4O3S,96.11,"[['C', 1], ['H', 4], ['O', 3], ['S', 1]]","{'C': 0.12497138695245032, 'H': 0.04195193008011654, 'O': 0.49939652481531577, 'S': 0.3336281344292997}",1.0,dissipation
"('ecoinvent-3.4-biosphere', '31913320-21f3-4cc2-b09a-a15ac9b65f5e')",Dithianon,"('soil', 'agricultural')",kilogram,Dithianon,C14H4N2O2S2,296.3,"[['C', 14], ['H', 4], ['N', 2], ['O', 2], ['S', 2]]","{'C': 0.5675126560917988, 'H': 0.013607829902126223, 'N': 0.09454606817414782, 'O': 0.10799190010124873, 'S': 0.2164360445494431}",1.0,dissipation
"('ecoinvent-3.4-biosphere', '2716807d-0266-48ff-bb7a-6e6c5fbfd5c5')","Methane, dichloro-, HCC-30","('air', 'urban air close to ground')",kilogram,Methane,CH4,16.043,"[['C', 1], ['H', 4]]","{'C': 0.7486754347690582, 'H': 0.2513245652309419}",1.0,dissipation
"('ecoinvent-3.4-biosphere', '4e2078f2-3ac3-46d1-8ee8-a23c8d1909ed')",Iodine,"('air', 'lower stratosphere + upper troposphere')",kilogram,Iodine,I2,253.8089,"[['I', 2]]",{'I': 1.0},1.0,dissipation
"('ecoinvent-3.4-biosphere', '8a2ab025-c85d-49f0-9229-45f211ea6890')",Boron carbide,"('air', 'non-urban air or from high stacks')",kilogram,Boron carbide,CB4,55.3,"[['C', 1], ['B', 4]]","{'C': 0.21719710669077757, 'B': 0.7819168173598554}",1.0,dissipation
"('ecoinvent-3.4-biosphere', '03b279a7-4626-4703-a451-d0650599dbd9')",Chromium VI,"('air', 'non-urban air or from high stacks')",kilogram,Chromium,Cr,51.996,"[['Cr', 1]]",{'Cr': 1.0},1.0,dissipation
"('ecoinvent-3.4-biosphere', '5a04372c-ac1c-45a8-b386-b0fa174c09da')",Bromate,"('water', 'ocean')",kilogram,Bromate,BrO3-,127.9,"[['Br', 1], ['O', 3]]","{'Br': 0.6247380766223611, 'O': 0.3752697419859265}",1.0,dissipation
"('ecoinvent-3.4-biosphere', 'e8ee3fc4-2890-4d6a-a1df-40c4b48d698b')",Butyrolactone,"('air', 'non-urban air or from high stacks')",kilogram,Butyrolactone,C4H6O2,86.09,"[['C', 4], ['H', 6], ['O', 2]]","{'C': 0.558067139040539, 'H': 0.0702520617957951, 'O': 0.3716807991636659}",1.0,dissipation
"('ecoinvent-3.4-biosphere', 'c4c2bc7a-c7c2-4ace-9d25-152b25cb1a07')",Butene,"('water', 'ocean')",kilogram,Butene,C4H8,56.11,"[['C', 4], ['H', 8]]","{'C': 0.8562466583496703, 'H': 0.14371769738014614}",1.0,dissipation
"('ecoinvent-3.4-biosphere', 'd8b6c259-4e1a-4482-8eed-237cde14f346')",Phenol,"('air', 'lower stratosphere + upper troposphere')",kilogram,Phenol,C6H6O,94.11,"[['C', 6], ['H', 6], ['O', 1]]","{'C': 0.765763468281798, 'H': 0.06426522154925088, 'O': 0.17000318775900541}",1.0,dissipation
"('ecoinvent-3.4-biosphere', 'ff904733-0b42-4928-a984-b231b8ff1823')",Fluometuron,"('soil', 'agricultural')",kilogram,Fluometuron,C10H11F3N2O,232.2,"[['C', 10], ['H', 11], ['F', 3], ['N', 2], ['O', 1]]","{'C': 0.5172695951765719, 'H': 0.04775193798449613, 'F': 0.24545219638242896, 'N': 0.12064599483204135, 'O': 0.06890180878552972}",1.0,dissipation
"('ecoinvent-3.4-biosphere', 'f6e3ce3b-ce57-4313-ac88-59a8361925cf')",Butanol,"('water', 'surface water')",kilogram,Butanol,C4H10O,74.12,"[['C', 4], ['H', 10], ['O', 1]]","{'C': 0.6481921208850512, 'H': 0.13599568267674042, 'O': 0.21585267134376687}",1.0,dissipation
"('ecoinvent-3.4-biosphere', '932d7913-eb64-484c-b2ec-7aae36e29017')",Cyanoacetic acid,"('air', 'urban air close to ground')",kilogram,Cyanoacetic acid,C3H3NO2,85.06,"[['C', 3], ['H', 3], ['N', 1], ['O', 2]]","{'C': 0.42361862214907126, 'H': 0.035551375499647306, 'N': 0.16467199623794967, 'O': 0.37618151892781565}",1.0,dissipation
"('ecoinvent-3.4-biosphere', '024e919d-91ee-47c7-9f0b-ebe851cc61fb')",Chlorate,"('water',)",kilogram,Chlorate,ClO3-,83.45,"[['Cl', 1], ['O', 3]]","{'Cl': 0.42484122228879573, 'O': 0.5751587777112043}",1.0,dissipation
"('ecoinvent-3.4-biosphere', '9645e02f-855a-4b9f-8baf-f34a08fa80c4')","Benzene, dichloro","('air', 'urban air close to ground')",kilogram,Benzene,C6H6,78.11,"[['C', 6], ['H', 6]]","{'C': 0.9226219434131354, 'H': 0.07742926641915247}",1.0,dissipation
"('ecoinvent-3.4-biosphere', '2beb46d1-2d1d-48ca-bf95-f0668fed29bf')","Titanium, ion","('water', 'ocean')",kilogram,Titanium,Ti,47.867,"[['Ti', 1]]",{'Ti': 1.0},1.0,dissipation
"('ecoinvent-3.4-biosphere', '1fa8ca7c-c285-49c5-a96d-60a3dc467310')",Tetramethyl ammonium hydroxide,"('air', 'lower stratosphere + upper troposphere')",kilogram,Tetramethyl ammonium hydroxide,C4H13NO,91.15,"[['C', 4], ['H', 13], ['N', 1], ['O', 1]]","{'C': 0.5270872188699944, 'H': 0.14376302797586393, 'N': 0.1536697750959956, 'O': 0.17552386176631926}",1.0,dissipation
"('ecoinvent-3.4-biosphere', '647ae26f-f2fe-44cb-ac81-39bb7736f28e')","Ethane, 1,1,1,2-tetrafluoro-, HFC-134a","('air', 'low population density, long-term')",kilogram,Ethane,C2H6,30.07,"[['C', 2], ['H', 6]]","{'C': 0.7988693049551047, 'H': 0.20113069504489525}",1.0,dissipation
"('ecoinvent-3.4-biosphere', '9ce88274-57b6-42ed-a78b-4abef2301865')",Cobalt,"('air', 'lower stratosphere + upper troposphere')",kilogram,Cobalt,Co,58.93319,"[['Co', 1]]",{'Co': 1.0},1.0,dissipation
"('ecoinvent-3.4-biosphere', 'ebb88ef4-50ab-4e3b-9251-c5fcdf6b4768')",Silver,"('air',)",kilogram,Silver,Ag,107.868,"[['Ag', 1]]",{'Ag': 1.0},1.0,dissipation
"('ecoinvent-3.4-biosphere', 'fc2371dc-5bff-41f6-a155-697fbf727b56')",Silicon,"('water', 'surface water')",kilogram,Silicon,Si,28.085,"[['Si', 1]]",{'Si': 1.0},1.0,dissipation
"('ecoinvent-3.4-biosphere', 'aba012db-c837-4d42-8679-4436e19a5944')",Carbaryl,"('water', 'surface water')",kilogram,Carbaryl,C12H11NO2,201.22,"[['C', 12], ['H', 11], ['N', 1], ['O', 2]]","{'C': 0.7162906271742372, 'H': 0.0551038664148693, 'N': 0.06961037670211709, 'O': 0.15901997813338634}",1.0,dissipation
"('ecoinvent-3.4-biosphere', '412022a7-3c01-4e3c-92c8-d710927ed17a')",Anthranilic acid,"('air', 'low population density, long-term')",kilogram,Anthranilic acid,C7H7NO2,137.14,"[['C', 7], ['H', 7], ['N', 1], ['O', 2]]","{'C': 0.6130742307131399, 'H': 0.051451071897331196, 'N': 0.10213650284380925, 'O': 0.23332361090856063}",1.0,dissipation
"('ecoinvent-3.4-biosphere', '3b25024e-0347-411b-9315-c85f74e3b3ed')",Propylamine,"('air',)",kilogram,Propylamine,C3H9N,59.11,"[['C', 3], ['H', 9], ['N', 1]]","{'C': 0.6095922855692777, 'H': 0.15347656910844187, 'N': 0.23696498054474707}",1.0,dissipation
"('ecoinvent-3.4-biosphere', '585da516-b59a-43b4-83c1-6ccf4d28c83b')",Furan,"('air', 'urban air close to ground')",kilogram,Furan,C4H4O,68.07,"[['C', 4], ['H', 4], ['O', 1]]","{'C': 0.7058028500073454, 'H': 0.05923314235345968, 'O': 0.2350374614367563}",1.0,dissipation
"('ecoinvent-3.4-biosphere', '19b0229f-7cda-4154-baee-c1b1efef532a')",Fluoboric acid,"('water',)",kilogram,Fluoboric acid,BF4H,87.82,"[['B', 1], ['F', 4], ['H', 1]]","{'B': 0.123092689592348, 'F': 0.8653154179002507, 'H': 0.011478023229332727}",1.0,dissipation
"('ecoinvent-3.4-biosphere', '365dffb2-9e7a-44fa-a512-8c851fc7094c')",t-Butylamine,"('water',)",kilogram,t-Butylamine,C4H11N,73.14,"[['C', 4], ['H', 11], ['N', 1]]","{'C': 0.6568772217664752, 'H': 0.15159967186218212, 'N': 0.19150943396226414}",1.0,dissipation
"('ecoinvent-3.4-biosphere', 'd8f9ccf6-fd32-4348-83c0-1cee724af9ae')","Copper, ion","('water', 'ocean')",kilogram,Copper,Cu,63.55,"[['Cu', 1]]",{'Cu': 1.0},1.0,dissipation
"('ecoinvent-3.4-biosphere', '37d7d60d-3682-4da4-aa64-99c51b5d524b')",Trimethylamine,"('air', 'urban air close to ground')",kilogram,Trimethylamine,C3H9N,59.11,"[['C', 3], ['H', 9], ['N', 1]]","{'C': 0.6095922855692777, 'H': 0.15347656910844187, 'N': 0.23696498054474707}",1.0,dissipation
"('ecoinvent-3.4-biosphere', '591de726-f2c7-43ba-8e22-15fd08acc8dc')",Chromium,"('soil', 'forestry')",kilogram,Chromium,Cr,51.996,"[['Cr', 1]]",{'Cr': 1.0},1.0,dissipation
"('ecoinvent-3.4-biosphere', '8ab803d5-39b7-4fcc-9018-896720031143')","VOC, volatile organic compounds, unspecified origin","('water', 'ground-')",kilogram,VOC,C16H16N4O2,296.32,"[['C', 16], ['H', 16], ['N', 4], ['O', 2]]","{'C': 0.6485421166306695, 'H': 0.054427645788336934, 'N': 0.189079373650108, 'O': 0.10798461123110152}",1.0,dissipation
"('ecoinvent-3.4-biosphere', '140821a2-66bf-5600-9934-889cbf313c1e')",Phosphorus oxychloride,"('water',)",kilogram,Phosphorus oxychloride,Cl3OP,153.33,"[['Cl', 3], ['O', 1], ['P', 1]]","{'Cl': 0.6936607317550382, 'O': 0.10434357268636274, 'P': 0.20200873932042}",1.0,dissipation
"('ecoinvent-3.4-biosphere', '50fb73f7-935a-4cf8-81a0-ff3ca0ea35f9')",Phenmedipham,"('soil', 'agricultural')",kilogram,Phenmedipham,C16H16N2O4,300.31,"[['C', 16], ['H', 16], ['N', 2], ['O', 4]]","{'C': 0.6399254104092438, 'H': 0.05370450534447738, 'N': 0.09328360693949585, 'O': 0.2130997968765609}",1.0,dissipation
"('ecoinvent-3.4-biosphere', '58a3086e-3ded-4751-a313-05608f725081')",Boron,"('soil', 'industrial')",kilogram,Boron,B,10.81,"[['B', 1]]",{'B': 1.0},1.0,dissipation
"('ecoinvent-3.4-biosphere', '79b3f708-dd3f-4ccb-9121-a4cdd46e0dc4')",o-Dichlorobenzene,"('water', 'surface water')",kilogram,o-Dichlorobenzene,C6H4Cl2,147.0,"[['C', 6], ['H', 4], ['Cl', 2]]","{'C': 0.4902448979591837, 'H': 0.027428571428571427, 'Cl': 0.48235374149659865}",1.0,dissipation
"('ecoinvent-3.4-biosphere', '29bb09a9-cfef-419e-8322-88e2f6bc0558')",Bentazone,"('air', 'non-urban air or from high stacks')",kilogram,Bentazone,C10H12N2O3S,240.28,"[['C', 10], ['H', 12], ['N', 2], ['O', 3], ['S', 1]]","{'C': 0.49987514566339264, 'H': 0.05034126852005993, 'N': 0.11658897952388879, 'O': 0.19975445313800566, 'S': 0.13344847677709337}",1.0,dissipation
"('ecoinvent-3.4-biosphere', 'db0bac33-49e5-4888-89bd-15f4bfe11e51')",Bifenox,"('soil', 'agricultural')",kilogram,Bifenox,C14H9Cl2NO5,342.1,"[['C', 14], ['H', 9], ['Cl', 2], ['N', 1], ['O', 5]]","{'C': 0.49153463899444605, 'H': 0.026518561824028057, 'Cl': 0.20726688102893892, 'N': 0.040944168371821105, 'O': 0.23383513592516808}",1.0,dissipation
"('ecoinvent-3.4-biosphere', 'b11d2f9f-1fee-49ca-aef6-de238b8f98c9')",Foramsulfuron,"('soil', 'agricultural')",kilogram,Foramsulfuron,C17H20N6O7S,452.4,"[['C', 17], ['H', 20], ['N', 6], ['O', 7], ['S', 1]]","{'C': 0.451341732979664, 'H': 0.04456233421750663, 'N': 0.18576923076923077, 'O': 0.247553050397878, 'S': 0.07087754199823165}",1.0,dissipation
"('ecoinvent-3.4-biosphere', '60340c7f-e9ce-474f-ac08-a6d4d9f864fc')",Monochloroethane,"('water',)",kilogram,Monochloroethane,C2H5Cl,64.51,"[['C', 2], ['H', 5], ['Cl', 1]]","{'C': 0.37237637575569676, 'H': 0.07812742210509997, 'Cl': 0.5495737095024027}",1.0,dissipation
"('ecoinvent-3.4-biosphere', '5457df7d-0461-407c-9f09-0338dbff77ef')",Beryllium,"('air', 'low population density, long-term')",kilogram,Beryllium,Be,9.012183,"[['Be', 1]]",{'Be': 1.0},1.0,dissipation
"('ecoinvent-3.4-biosphere', '52317c31-7bdc-47de-9c23-ecf55127de75')",Uranium,"('air', 'urban air close to ground')",kilogram,Uranium,U,238.0289,"[['U', 1]]",{'U': 1.0},1.0,dissipation
"('ecoinvent-3.4-biosphere', '33fd8342-58e7-45c9-ad92-0951c002c403')","Iron, ion","('water', 'ground-')",kilogram,Iron,Fe,55.84,"[['Fe', 1]]",{'Fe': 1.0},1.0,dissipation
"('ecoinvent-3.4-biosphere', '7198aaf8-0acc-428d-8da0-558911e24f95')",Butyl acetate,"('water',)",kilogram,Butyl acetate,C6H12O2,116.16,"[['C', 6], ['H', 12], ['O', 2]]","{'C': 0.6204028925619836, 'H': 0.10413223140495868, 'O': 0.27546487603305786}",1.0,dissipation
"('ecoinvent-3.4-biosphere', 'dbe2e16b-e0f9-4743-914c-50c8b11682c8')",Diisobutyl ketone,"('water',)",kilogram,Diisobutyl ketone,C9H18O,142.24,"[['C', 9], ['H', 18], ['O', 1]]","{'C': 0.7599760967379077, 'H': 0.12755905511811022, 'O': 0.1124789088863892}",1.0,dissipation
"('ecoinvent-3.4-biosphere', '82fa5668-89f9-491a-ad61-67ec56d2e744')",Chloramine,"('water', 'ocean')",kilogram,Chloramine,ClH2N,51.47,"[['Cl', 1], ['H', 2], ['N', 1]]","{'Cl': 0.688809014960171, 'H': 0.039168447639401596, 'N': 0.27213911016125897}",1.0,dissipation
"('ecoinvent-3.4-biosphere', 'f7340d88-d66b-45c8-89af-251646b2c12e')",Spinosad,"('soil', 'agricultural')",kilogram,Spinosad,C83H132N2O20,1477.9,"[['C', 83], ['H', 132], ['N', 2], ['O', 20]]","{'C': 0.6745469923540157, 'H': 0.0900304486095135, 'N': 0.018955274375803504, 'O': 0.21650991271398606}",1.0,dissipation
"('ecoinvent-3.4-biosphere', '1f455f6d-473e-4a50-af39-26dde8cd6479')","Benzene, ethyl-","('water', 'ground-')",kilogram,Benzene,C6H6,78.11,"[['C', 6], ['H', 6]]","{'C': 0.9226219434131354, 'H': 0.07742926641915247}",1.0,dissipation
"('ecoinvent-3.4-biosphere', 'ef90b8a8-d053-4927-9efe-841d9e1f3a5e')",Palladium,"('water', 'ground-, long-term')",kilogram,Palladium,Pd,106.42,"[['Pd', 1]]",{'Pd': 1.0},1.0,dissipation
"('ecoinvent-3.4-biosphere', '50e083ba-5784-4801-8011-164a14c61b5a')",m-Xylene,"('air', 'lower stratosphere + upper troposphere')",kilogram,m-Xylene,C8H10,106.16,"[['C', 8], ['H', 10]]","{'C': 0.9051243406179351, 'H': 0.09495101733232857}",1.0,dissipation
"('ecoinvent-3.4-biosphere', '1992f951-d2c6-428d-9ff9-dac673f2b532')",Methamidophos,"('soil', 'agricultural')",kilogram,Methamidophos,C2H8NO2PS,141.13,"[['C', 2], ['H', 8], ['N', 1], ['O', 2], ['P', 1], ['S', 1]]","{'C': 0.17021186140437894, 'H': 0.05713880819102955, 'N': 0.099248919435981, 'O': 0.22672713101395878, 'P': 0.2194714093389074, 'S': 0.22720187061574434}",1.0,dissipation
"('ecoinvent-3.4-biosphere', '938b8b4d-9401-40de-901a-6e545a6f8d2a')",Hydrogen,"('air', 'low population density, long-term')",kilogram,Hydrogen,H2,2.016,"[['H', 2]]",{'H': 1.0},1.0,dissipation
"('ecoinvent-3.4-biosphere', '4c0af94e-e0d5-4409-9ec4-ac501a99aabd')",Sodium dichromate,"('air', 'lower stratosphere + upper troposphere')",kilogram,Sodium dichromate,Cr2Na2O7,261.97,"[['Cr', 2], ['Na', 2], ['O', 7]]","{'Cr': 0.39696148413940524, 'Na': 0.17551628049013243, 'O': 0.42750314921555904}",1.0,dissipation
"('ecoinvent-3.4-biosphere', '0d7ef054-35e2-4d02-9113-574d7f022631')",Silicon,"('air', 'lower stratosphere + upper troposphere')",kilogram,Silicon,Si,28.085,"[['Si', 1]]",{'Si': 1.0},1.0,dissipation
"('ecoinvent-3.4-biosphere', 'e4e17609-7a80-455d-a4e3-88af8695f987')",Pendimethalin,"('air', 'non-urban air or from high stacks')",kilogram,Pendimethalin,C13H19N3O4,281.31,"[['C', 13], ['H', 19], ['N', 3], ['O', 4]]","{'C': 0.5550566990153212, 'H': 0.06808147595179695, 'N': 0.14937613309160713, 'O': 0.2274928015356724}",1.0,dissipation
"('ecoinvent-3.4-biosphere', 'df260d38-1369-4524-a83a-bbd8ace56681')",Flutolanil,"('soil', 'agricultural')",kilogram,Flutolanil,C17H16F3NO2,323.31,"[['C', 17], ['H', 16], ['F', 3], ['N', 1], ['O', 2]]","{'C': 0.6315517614673223, 'H': 0.04988401224830658, 'F': 0.17628282453372923, 'N': 0.04332374501252668, 'O': 0.09897002876496243}",1.0,dissipation
"('ecoinvent-3.4-biosphere', 'b821ad93-ba6a-4d74-b6ae-ca12cd9563d7')","Carbon monoxide, non-fossil","('air', 'non-urban air or from high stacks')",kilogram,Carbon monoxide,CO,28.01,"[['C', 1], ['O', 1]]","{'C': 0.42881113887897176, 'O': 0.5711888611210282}",1.0,dissipation
"('ecoinvent-3.4-biosphere', '7c034422-6b7a-49c8-afcf-d02cadce9cd5')",Quizalofop-ethyl,"('air', 'non-urban air or from high stacks')",kilogram,Quizalofop-ethyl,C19H17ClN2O4,372.8,"[['C', 19], ['H', 17], ['Cl', 1], ['N', 2], ['O', 4]]","{'C': 0.6121486051502145, 'H': 0.0459656652360515, 'Cl': 0.09509924892703864, 'N': 0.07514484978540772, 'O': 0.17166309012875536}",1.0,dissipation
"('ecoinvent-3.4-biosphere', '0d9f52b2-f2d5-46a3-90a3-e22ef252cc37')",Strontium,"('air',)",kilogram,Strontium,Sr,87.62,"[['Sr', 1]]",{'Sr': 1.0},1.0,dissipation
"('ecoinvent-3.4-biosphere', '2267ffd7-fe74-441e-873b-dd66c26a5e9f')",Cesium,"('water', 'ground-, long-term')",kilogram,Cesium,Cs,132.905452,"[['Cs', 1]]",{'Cs': 1.0},1.0,dissipation
"('ecoinvent-3.4-biosphere', '93989f96-b679-44b6-8cd2-f768fa3d3152')",Trimethylamine,"('water', 'ocean')",kilogram,Trimethylamine,C3H9N,59.11,"[['C', 3], ['H', 9], ['N', 1]]","{'C': 0.6095922855692777, 'H': 0.15347656910844187, 'N': 0.23696498054474707}",1.0,dissipation
"('ecoinvent-3.4-biosphere', '01e16652-6f42-42f4-a23d-d10f166aaec9')",Methyl formate,"('water', 'ground-, long-term')",kilogram,Methyl formate,C2H4O2,60.05,"[['C', 2], ['H', 4], ['O', 2]]","{'C': 0.40003330557868444, 'H': 0.06714404662781016, 'O': 0.5328559533721899}",1.0,dissipation
"('ecoinvent-3.4-biosphere', 'bbff44a2-cd6d-4200-98c7-e4f772fd24c5')",N-Bromoacetamide,"('air', 'lower stratosphere + upper troposphere')",kilogram,N-Bromoacetamide,C2H4BrNO,137.96,"[['C', 2], ['H', 4], ['Br', 1], ['N', 1], ['O', 1]]","{'C': 0.17412293418382138, 'H': 0.029225862568860537, 'Br': 0.5791823717019425, 'N': 0.10152942881994781, 'O': 0.11596839663670629}",1.0,dissipation
"('ecoinvent-3.4-biosphere', '6292cdc2-9abd-4a50-8a0b-43471e07b369')","Ethane, 1,2-dichloro-","('water', 'ocean')",kilogram,Ethane,C2H6,30.07,"[['C', 2], ['H', 6]]","{'C': 0.7988693049551047, 'H': 0.20113069504489525}",1.0,dissipation
"('ecoinvent-3.4-biosphere', '84f7125c-2ada-4bb1-abc6-554c40d1eeed')",Hypochlorite,"('water', 'surface water')",kilogram,Hypochlorite,ClO-,51.45,"[['Cl', 1], ['O', 1]]","{'Cl': 0.6890767735665695, 'O': 0.31096209912536443}",1.0,dissipation
"('ecoinvent-3.4-biosphere', 'a794b444-2b77-4449-8592-0efda101b0c2')",Paraquat,"('air', 'non-urban air or from high stacks')",kilogram,Paraquat,C12H14N2+2,186.25,"[['C', 12], ['H', 14], ['N', 2]]","{'C': 0.7738630872483222, 'H': 0.07576912751677853, 'N': 0.15041073825503357}",1.0,dissipation
"('ecoinvent-3.4-biosphere', 'b1fca66f-8e83-469a-a7b5-018e14d5d545')",Phosphorus,"('water', 'ground-')",kilogram,Phosphorus,P,30.973762,"[['P', 1]]",{'P': 1.0},1.0,dissipation
"('ecoinvent-3.4-biosphere', '2bf2965d-d5ce-5e65-ad9d-b0b636c70b20')",Barium sulfide,"('water',)",kilogram,Barium sulfide,BaS,169.39,"[['Ba', 1], ['S', 1]]","{'Ba': 0.8107149182360235, 'S': 0.18929688883641302}",1.0,dissipation
"('ecoinvent-3.4-biosphere', 'cbe3d924-dd94-4208-bdbc-9aed29bbc770')",Chloroform,"('water', 'ground-')",kilogram,Chloroform,CHCl3,119.37,"[['C', 1], ['H', 1], ['Cl', 3]]","{'C': 0.1006199212532462, 'H': 0.008444332746921336, 'Cl': 0.891002764513697}",1.0,dissipation
"('ecoinvent-3.4-biosphere', '91f6386a-af2e-4bbb-a05c-62e4483b1bcf')",Butene,"('air',)",kilogram,Butene,C4H8,56.11,"[['C', 4], ['H', 8]]","{'C': 0.8562466583496703, 'H': 0.14371769738014614}",1.0,dissipation
"('ecoinvent-3.4-biosphere', '643e2fb1-a875-40a8-aaf5-ea4bde9a4872')",Chloramine,"('air',)",kilogram,Chloramine,ClH2N,51.47,"[['Cl', 1], ['H', 2], ['N', 1]]","{'Cl': 0.688809014960171, 'H': 0.039168447639401596, 'N': 0.27213911016125897}",1.0,dissipation
"('ecoinvent-3.4-biosphere', 'a028cff8-e405-4d44-8322-f46e9e51bcdc')","Benzene, hexachloro-","('air', 'non-urban air or from high stacks')",kilogram,Benzene,C6H6,78.11,"[['C', 6], ['H', 6]]","{'C': 0.9226219434131354, 'H': 0.07742926641915247}",1.0,dissipation
"('ecoinvent-3.4-biosphere', '35357464-0d86-4bbd-940f-7d0dd8e5df57')",Benzo(b)fluoranthene,"('air',)",kilogram,Benzo(b)fluoranthene,C20H12,252.3,"[['C', 20], ['H', 12]]","{'C': 0.9521204914783986, 'H': 0.04794292508917954}",1.0,dissipation
"('ecoinvent-3.4-biosphere', '370bbcdd-6395-4af8-b049-fc5f7339a437')",Bromoxynil,"('water', 'ground-')",kilogram,Bromoxynil,C7H3Br2NO,276.91,"[['C', 7], ['H', 3], ['Br', 2], ['N', 1], ['O', 1]]","{'C': 0.3036257267704308, 'H': 0.010920515691018741, 'Br': 0.5771116969412444, 'N': 0.050583221985482645, 'O': 0.05777689502004261}",1.0,dissipation
"('ecoinvent-3.4-biosphere', 'cc05b490-fe4b-47ac-893c-951b0f359285')",Fomesafen,"('soil', 'agricultural')",kilogram,Fomesafen,C15H10ClF3N2O6S,438.8,"[['C', 15], ['H', 10], ['Cl', 1], ['F', 3], ['N', 2], ['O', 6], ['S', 1]]","{'C': 0.41058568824065633, 'H': 0.022971741112123974, 'Cl': 0.08079535095715588, 'F': 0.12988605287146762, 'N': 0.0638422971741112, 'O': 0.2187648131267092, 'S': 0.07307429352780309}",1.0,dissipation
"('ecoinvent-3.4-biosphere', '77927dac-dea3-429d-a434-d5a71d92c4f7')",Antimony,"('air',)",kilogram,Antimony,Sb,121.76,"[['Sb', 1]]",{'Sb': 1.0},1.0,dissipation
"('ecoinvent-3.4-biosphere', 'e7909b88-81ef-49d8-8ed0-382ce148ef26')",Sodium formate,"('air', 'low population density, long-term')",kilogram,Sodium formate,CHNaO2,68.007,"[['C', 1], ['H', 1], ['Na', 1], ['O', 2]]","{'C': 0.17661417207052213, 'H': 0.014822003617274692, 'Na': 0.3380534356757392, 'O': 0.4705103886364639}",1.0,dissipation
"('ecoinvent-3.4-biosphere', '04f9be83-433e-4564-af72-98e463e5b616')",Isoproturon,"('soil', 'agricultural')",kilogram,Isoproturon,C12H18N2O,206.28,"[['C', 12], ['H', 18], ['N', 2], ['O', 1]]","{'C': 0.6987201861547412, 'H': 0.08795811518324606, 'N': 0.13580570098894706, 'O': 0.07755962769051775}",1.0,dissipation
"('ecoinvent-3.4-biosphere', 'd3f5d0b9-0155-4800-9dbb-b0583948c8c6')",Ethanol,"('air',)",kilogram,Ethanol,C2H6O,46.07,"[['C', 2], ['H', 6], ['O', 1]]","{'C': 0.5214239201215541, 'H': 0.1312784892554808, 'O': 0.3472758845235511}",1.0,dissipation
"('ecoinvent-3.4-biosphere', '6d69a034-5e39-4181-a1e8-00932c086908')",Benzo(k)fluoranthene,"('water', 'ground-')",kilogram,Benzo(k)fluoranthene,C20H12,252.3,"[['C', 20], ['H', 12]]","{'C': 0.9521204914783986, 'H': 0.04794292508917954}",1.0,dissipation
"('ecoinvent-3.4-biosphere', '7d0a70b2-a645-49a1-baa2-26b1c782f17c')",Monoethanolamine,"('air', 'low population density, long-term')",kilogram,Monoethanolamine,C2H7NO,61.08,"[['C', 2], ['H', 7], ['N', 1], ['O', 1]]","{'C': 0.3932874918140144, 'H': 0.11552062868369352, 'N': 0.2293222003929273, 'O': 0.26193516699410613}",1.0,dissipation
"('ecoinvent-3.4-biosphere', '1eb38c24-2814-4c8e-bfdc-13467bab783c')",Dinoseb,"('soil', 'agricultural')",kilogram,Dinoseb,C10H12N2O5,240.21,"[['C', 10], ['H', 12], ['N', 2], ['O', 5]]","{'C': 0.5000208151201032, 'H': 0.05035593855376545, 'N': 0.11662295491444985, 'O': 0.3330211065317847}",1.0,dissipation
"('ecoinvent-3.4-biosphere', 'e54cd899-0a5e-46b6-a43d-d555ac0af682')",Barite,"('water', 'surface water')",kilogram,Barite,BaO4S,233.39,"[['Ba', 1], ['O', 4], ['S', 1]]","{'Ba': 0.588401388234286, 'O': 0.2742019795192596, 'S': 0.13738806289901023}",1.0,dissipation
"('ecoinvent-3.4-biosphere', 'c864aa15-0abc-41ad-9889-348106e485d8')",Lead,"('water', 'ground-')",kilogram,Lead,Pb,207.0,"[['Pb', 1]]",{'Pb': 1.0},1.0,dissipation
"('ecoinvent-3.4-biosphere', 'd25a3860-4be0-4fb3-ae03-2a4f04d2aa6f')",2-Methyl pentane,"('air', 'non-urban air or from high stacks')",kilogram,2-Methyl pentane,C6H14,86.18,"[['C', 6], ['H', 14]]","{'C': 0.8362265026688327, 'H': 0.16375029009050823}",1.0,dissipation
"('ecoinvent-3.4-biosphere', '09cf7c11-0269-4fc1-a5f3-47121a7882d3')","Lithium, ion","('water', 'ground-')",kilogram,Lithium,Li,7.0,"[['Li', 1]]",{'Li': 1.0},1.0,dissipation
"('ecoinvent-3.4-biosphere', '4cb5fe3d-123b-4ae3-8ead-e3825fddf58e')",Bromine,"('air', 'lower stratosphere + upper troposphere')",kilogram,Bromine,Br2,159.81,"[['Br', 2]]",{'Br': 1.0},1.0,dissipation
"('ecoinvent-3.4-biosphere', '7672267f-4541-4c9a-9ca0-ec2f41b95cbc')",Beryllium,"('water', 'ocean')",kilogram,Beryllium,Be,9.012183,"[['Be', 1]]",{'Be': 1.0},1.0,dissipation
"('ecoinvent-3.4-biosphere', 'f7c6455a-51e5-4aba-8361-99b98d47c47b')",Propiconazole,"('soil', 'agricultural')",kilogram,Propiconazole,C15H17Cl2N3O2,342.2,"[['C', 15], ['H', 17], ['Cl', 2], ['N', 3], ['O', 2]]","{'C': 0.5264903565166569, 'H': 0.0500759789596727, 'Cl': 0.2072063120981882, 'N': 0.12279661016949153, 'O': 0.09350672121566336}",1.0,dissipation
"('ecoinvent-3.4-biosphere', 'f2d8ab10-7974-4038-9339-b8a204d26331')",Dimethyl ether,"('air', 'low population density, long-term')",kilogram,Dimethyl ether,C2H6O,46.07,"[['C', 2], ['H', 6], ['O', 1]]","{'C': 0.5214239201215541, 'H': 0.1312784892554808, 'O': 0.3472758845235511}",1.0,dissipation
"('ecoinvent-3.4-biosphere', 'c0b35c79-b073-40b6-931b-dfac9703acae')",Fluoboric acid,"('water', 'ground-, long-term')",kilogram,Fluoboric acid,BF4H,87.82,"[['B', 1], ['F', 4], ['H', 1]]","{'B': 0.123092689592348, 'F': 0.8653154179002507, 'H': 0.011478023229332727}",1.0,dissipation
"('ecoinvent-3.4-biosphere', '454c61fd-c52b-4a04-9731-f141bb7b5264')",Selenium,"('air',)",kilogram,Selenium,Se,78.97,"[['Se', 1]]",{'Se': 1.0},1.0,dissipation
"('ecoinvent-3.4-biosphere', 'b028ffea-ecff-4f0e-a2b0-a84eb647cdae')",Ethalfluralin,"('soil', 'agricultural')",kilogram,Ethalfluralin,C13H14F3N3O4,333.26,"[['C', 13], ['H', 14], ['F', 3], ['N', 3], ['O', 4]]","{'C': 0.46853207705695255, 'H': 0.0423453159695133, 'F': 0.17101962431734982, 'N': 0.12609073996279183, 'O': 0.19203024665426394}",1.0,dissipation
"('ecoinvent-3.4-biosphere', 'e5ea66ee-28e2-4e9b-9a25-4414551d821c')",Nitrogen,"('air',)",kilogram,Nitrogen,N2,28.014,"[['N', 2]]",{'N': 1.0},1.0,dissipation
"('ecoinvent-3.4-biosphere', 'c4302ab1-eb6d-458b-86ad-f7d7d4df411e')",Diazinon,"('soil', 'agricultural')",kilogram,Diazinon,C12H21N2O3PS,304.35,"[['C', 12], ['H', 21], ['N', 2], ['O', 3], ['P', 1], ['S', 1]]","{'C': 0.4735731887629374, 'H': 0.06955150320354854, 'N': 0.09204534253326761, 'O': 0.15770330211927056, 'P': 0.10177098735009035, 'S': 0.10535567603088548}",1.0,dissipation
"('ecoinvent-3.4-biosphere', 'ad273394-b76d-4c19-a140-3112bdec8524')",Dipropylamine,"('air',)",kilogram,Dipropylamine,C6H15N,101.19,"[['C', 6], ['H', 15], ['N', 1]]","{'C': 0.7121849985176402, 'H': 0.14942187963237474, 'N': 0.13842276904832493}",1.0,dissipation
"('ecoinvent-3.4-biosphere', '473826ae-125a-4b02-8c8e-c84322491d80')",Dinitrogen monoxide,"('air', 'lower stratosphere + upper troposphere')",kilogram,Dinitrogen monoxide,N2O,44.013,"[['N', 2], ['O', 1]]","{'N': 0.6364937632063254, 'O': 0.3635062367936746}",1.0,dissipation
"('ecoinvent-3.4-biosphere', '6c977009-5c4e-4901-a4c1-ab20389cb972')","Methane, non-fossil","('air', 'low population density, long-term')",kilogram,Methane,CH4,16.043,"[['C', 1], ['H', 4]]","{'C': 0.7486754347690582, 'H': 0.2513245652309419}",1.0,dissipation
"('ecoinvent-3.4-biosphere', 'af97a8ee-abed-4866-9330-89844b9f135e')",Furathiocarb,"('soil', 'agricultural')",kilogram,Furathiocarb,C18H26N2O5S,382.5,"[['C', 18], ['H', 26], ['N', 2], ['O', 5], ['S', 1]]","{'C': 0.5652235294117647, 'H': 0.06851764705882353, 'N': 0.0732392156862745, 'O': 0.2091372549019608, 'S': 0.08383006535947712}",1.0,dissipation
"('ecoinvent-3.4-biosphere', '2cfb7e90-7484-48e3-9885-a7f097965ec3')",Anthranilic acid,"('air', 'non-urban air or from high stacks')",kilogram,Anthranilic acid,C7H7NO2,137.14,"[['C', 7], ['H', 7], ['N', 1], ['O', 2]]","{'C': 0.6130742307131399, 'H': 0.051451071897331196, 'N': 0.10213650284380925, 'O': 0.23332361090856063}",1.0,dissipation
"('ecoinvent-3.4-biosphere', '071efe89-12e0-4ff8-80d1-4e6cf1e37233')",Monoethanolamine,"('water',)",kilogram,Monoethanolamine,C2H7NO,61.08,"[['C', 2], ['H', 7], ['N', 1], ['O', 1]]","{'C': 0.3932874918140144, 'H': 0.11552062868369352, 'N': 0.2293222003929273, 'O': 0.26193516699410613}",1.0,dissipation
"('ecoinvent-3.4-biosphere', 'c4028889-1082-4e18-a563-df3fa555828a')",Lanthanum,"('air', 'non-urban air or from high stacks')",kilogram,Lanthanum,La,138.9055,"[['La', 1]]",{'La': 1.0},1.0,dissipation
"('ecoinvent-3.4-biosphere', 'a0544534-e298-46a9-bbd2-949902ac1487')",Flurochloridone,"('soil', 'agricultural')",kilogram,Flurochloridone,C12H10Cl2F3NO,312.11,"[['C', 12], ['H', 10], ['Cl', 2], ['F', 3], ['N', 1], ['O', 1]]","{'C': 0.4617987248085611, 'H': 0.03229630578962545, 'Cl': 0.22718272403960144, 'F': 0.1826086956521739, 'N': 0.04487840825350037, 'O': 0.051260773445259686}",1.0,dissipation
"('ecoinvent-3.4-biosphere', 'f4a1e10b-ed51-433e-a2f5-2a99f231a5e5')",Butane,"('air', 'low population density, long-term')",kilogram,Butane,C4H10,58.12,"[['C', 4], ['H', 10]]","{'C': 0.8266345492085341, 'H': 0.1734342739160358}",1.0,dissipation
"('ecoinvent-3.4-biosphere', '1a6a1429-fd97-48cb-b7b7-3433f2fb16f9')",Bromide,"('water', 'ocean')",kilogram,Bromide,Br-,79.9,"[['Br', 1]]",{'Br': 1.0},1.0,dissipation
"('ecoinvent-3.4-biosphere', '602604be-f24c-41f0-8d02-f05d0e005fb0')",Lactic acid,"('water', 'surface water')",kilogram,Lactic acid,C3H6O3,90.08,"[['C', 3], ['H', 6], ['O', 3]]","{'C': 0.4000111012433393, 'H': 0.06714031971580817, 'O': 0.5328263765541741}",1.0,dissipation
"('ecoinvent-3.4-biosphere', '21707ec1-bc38-4b1c-ac8b-0a2b3f7d5ec9')","Phthalate, butyl-benzyl-","('water', 'ground-, long-term')",kilogram,Phthalate,C8H4O4-2,164.11,"[['C', 8], ['H', 4], ['O', 4]]","{'C': 0.5855097190908536, 'H': 0.024568886722320393, 'O': 0.3899579550301627}",1.0,dissipation
"('ecoinvent-3.4-biosphere', '085bfe35-58e0-4a33-850c-4cb87ce32352')",Ozone,"('air', 'lower stratosphere + upper troposphere')",kilogram,Ozone,O3,47.998,"[['O', 3]]",{'O': 1.0},1.0,dissipation
"('ecoinvent-3.4-biosphere', '31eacbfc-683a-4d36-afc1-80dee42a3b94')",Sulfate,"('water', 'ground-')",kilogram,Sulfate,O4S-2,96.07,"[['O', 4], ['S', 1]]","{'O': 0.6661392734464454, 'S': 0.33376704486312064}",1.0,dissipation
"('ecoinvent-3.4-biosphere', '4f446a20-f1a5-4bde-a7a0-441315db1833')",Esfenvalerate,"('air', 'non-urban air or from high stacks')",kilogram,Esfenvalerate,C25H22ClNO3,419.9,"[['C', 25], ['H', 22], ['Cl', 1], ['N', 1], ['O', 3]]","{'C': 0.7151107406525363, 'H': 0.05281257442248155, 'Cl': 0.08443200762086212, 'N': 0.033357942367230296, 'O': 0.11430578709216481}",1.0,dissipation
"('ecoinvent-3.4-biosphere', '14a8c75b-9985-4009-bf45-dc6d3bb4e52e')",Propionic acid,"('water', 'ground-')",kilogram,Propionic acid,C3H6O2,74.08,"[['C', 3], ['H', 6], ['O', 2]]","{'C': 0.4864065874730022, 'H': 0.08164146868250541, 'O': 0.4319384449244061}",1.0,dissipation
"('ecoinvent-3.4-biosphere', '7880e65c-0321-4295-ba55-3186ad36e489')",Aluminium,"('water',)",kilogram,Aluminium,Al,26.981538,"[['Al', 1]]",{'Al': 1.0},1.0,dissipation
"('ecoinvent-3.4-biosphere', '284d6491-de2c-4124-95db-7732cbb5136c')",Furan,"('air',)",kilogram,Furan,C4H4O,68.07,"[['C', 4], ['H', 4], ['O', 1]]","{'C': 0.7058028500073454, 'H': 0.05923314235345968, 'O': 0.2350374614367563}",1.0,dissipation
"('ecoinvent-3.4-biosphere', 'caeb15fa-9711-4d37-99a2-d12c7823b8bc')",2-Propanol,"('water', 'surface water')",kilogram,2-Propanol,C3H8O,60.1,"[['C', 3], ['H', 8], ['O', 1]]","{'C': 0.5995507487520799, 'H': 0.1341763727121464, 'O': 0.2662063227953411}",1.0,dissipation
"('ecoinvent-3.4-biosphere', 'ac7e2a8c-bf1a-42c7-b033-179a039dd437')",Butyrolactone,"('air', 'lower stratosphere + upper troposphere')",kilogram,Butyrolactone,C4H6O2,86.09,"[['C', 4], ['H', 6], ['O', 2]]","{'C': 0.558067139040539, 'H': 0.0702520617957951, 'O': 0.3716807991636659}",1.0,dissipation
"('ecoinvent-3.4-biosphere', '890c5bad-2446-483f-bc18-e8e514d866f2')",Chloramine,"('water', 'ground-, long-term')",kilogram,Chloramine,ClH2N,51.47,"[['Cl', 1], ['H', 2], ['N', 1]]","{'Cl': 0.688809014960171, 'H': 0.039168447639401596, 'N': 0.27213911016125897}",1.0,dissipation
"('ecoinvent-3.4-biosphere', '8000fc7d-edfe-4970-9224-a4c05281d46b')",Scandium,"('air',)",kilogram,Scandium,Sc,44.95591,"[['Sc', 1]]",{'Sc': 1.0},1.0,dissipation
"('ecoinvent-3.4-biosphere', '2563243b-9991-4fb4-bfe7-4239c25de7db')",Methyl formate,"('air', 'low population density, long-term')",kilogram,Methyl formate,C2H4O2,60.05,"[['C', 2], ['H', 4], ['O', 2]]","{'C': 0.40003330557868444, 'H': 0.06714404662781016, 'O': 0.5328559533721899}",1.0,dissipation
"('ecoinvent-3.4-biosphere', '856c9aa2-c20c-49a8-9417-c71bdb5f17b0')",Sulfur hexafluoride,"('air', 'urban air close to ground')",kilogram,Sulfur hexafluoride,F6S,146.06,"[['F', 6], ['S', 1]]","{'F': 0.7804190058879912, 'S': 0.21953306860194438}",1.0,dissipation
"('ecoinvent-3.4-biosphere', '021b8f30-26ac-4012-880a-69bfd65bfed4')",Sodium perchlorate,"('air', 'lower stratosphere + upper troposphere')",kilogram,Sodium perchlorate,ClNaO4,122.44,"[['Cl', 1], ['Na', 1], ['O', 4]]","{'Cl': 0.28955406729826855, 'Na': 0.18776543613198302, 'O': 0.522672329304149}",1.0,dissipation
"('ecoinvent-3.4-biosphere', '681a6b38-cc7c-4968-aedc-80ce8033a101')",Butyrolactone,"('water', 'surface water')",kilogram,Butyrolactone,C4H6O2,86.09,"[['C', 4], ['H', 6], ['O', 2]]","{'C': 0.558067139040539, 'H': 0.0702520617957951, 'O': 0.3716807991636659}",1.0,dissipation
"('ecoinvent-3.4-biosphere', 'c8e91ad0-a019-492d-87d6-5885a8d1258d')",Sodium perchlorate,"('air', 'urban air close to ground')",kilogram,Sodium perchlorate,ClNaO4,122.44,"[['Cl', 1], ['Na', 1], ['O', 4]]","{'Cl': 0.28955406729826855, 'Na': 0.18776543613198302, 'O': 0.522672329304149}",1.0,dissipation
"('ecoinvent-3.4-biosphere', '111c5f0c-3dda-4b7c-a5e2-aaada6ab6f79')",Cycloxydim,"('soil', 'agricultural')",kilogram,Cycloxydim,C17H27NO3S,325.5,"[['C', 17], ['H', 27], ['N', 1], ['O', 3], ['S', 1]]","{'C': 0.6273026113671274, 'H': 0.08361290322580646, 'N': 0.043032258064516125, 'O': 0.14745622119815668, 'S': 0.09850998463901689}",1.0,dissipation
"('ecoinvent-3.4-biosphere', 'f50e961a-3089-437f-af3c-1099a8a3e1ed')",Hydrazine,"('water', 'ground-')",kilogram,Hydrazine,H4N2,32.046,"[['H', 4], ['N', 2]]","{'H': 0.12581913499344693, 'N': 0.8741808650065531}",1.0,dissipation
"('ecoinvent-3.4-biosphere', '90f7c1f9-e57e-4806-a154-5be9a6e1ac2e')",Isoxaflutole,"('soil', 'agricultural')",kilogram,Isoxaflutole,C15H12F3NO4S,359.3,"[['C', 15], ['H', 12], ['F', 3], ['N', 1], ['O', 4], ['S', 1]]","{'C': 0.5014333426106318, 'H': 0.03366546061786808, 'F': 0.15862510436960756, 'N': 0.03898413581964932, 'O': 0.17811299749512943, 'S': 0.0892429724464236}",1.0,dissipation
"('ecoinvent-3.4-biosphere', 'd8fc7282-04be-4c6f-ba85-60b0444af8ae')","Methane, dichlorofluoro-, HCFC-21","('water', 'surface water')",kilogram,Methane,CH4,16.043,"[['C', 1], ['H', 4]]","{'C': 0.7486754347690582, 'H': 0.2513245652309419}",1.0,dissipation
"('ecoinvent-3.4-biosphere', '2460f868-54a9-404c-bec8-c809a44ae72c')",Manganese,"('air', 'non-urban air or from high stacks')",kilogram,Manganese,Mn,54.93804,"[['Mn', 1]]",{'Mn': 1.0},1.0,dissipation
"('ecoinvent-3.4-biosphere', '2e0c9efa-d55c-49db-8be3-0376d5921ff4')",Aluminium,"('water', 'ground-')",kilogram,Aluminium,Al,26.981538,"[['Al', 1]]",{'Al': 1.0},1.0,dissipation
"('ecoinvent-3.4-biosphere', 'cc1c987a-2b6e-4cbc-969a-73f1c96de448')",Sodium,"('soil', 'industrial')",kilogram,Sodium,Na,22.9897693,"[['Na', 1]]",{'Na': 1.0},1.0,dissipation
"('ecoinvent-3.4-biosphere', '82688564-c9d5-43ab-876e-1eb16fd97130')",Sethoxydim,"('soil', 'agricultural')",kilogram,Sethoxydim,C17H29NO3S,327.5,"[['C', 17], ['H', 29], ['N', 1], ['O', 3], ['S', 1]]","{'C': 0.6234717557251908, 'H': 0.08925801526717557, 'N': 0.04276946564885496, 'O': 0.1465557251908397, 'S': 0.09790839694656488}",1.0,dissipation
"('ecoinvent-3.4-biosphere', '6edcc2df-88a3-48e1-83d8-ffc38d31c35b')","Carbon monoxide, fossil","('air', 'urban air close to ground')",kilogram,Carbon monoxide,CO,28.01,"[['C', 1], ['O', 1]]","{'C': 0.42881113887897176, 'O': 0.5711888611210282}",1.0,dissipation
"('ecoinvent-3.4-biosphere', '1727b41d-377e-43cd-bc01-9eaba946eccb')",Phosphate,"('water', 'surface water')",kilogram,Phosphate,O4P-3,94.971,"[['O', 4], ['P', 1]]","{'O': 0.6738478061724105, 'P': 0.3261416642975224}",1.0,dissipation
"('ecoinvent-3.4-biosphere', 'fd776e0f-85db-4940-9b9f-5c42dd16af12')",Sodium perchlorate,"('air', 'low population density, long-term')",kilogram,Sodium perchlorate,ClNaO4,122.44,"[['Cl', 1], ['Na', 1], ['O', 4]]","{'Cl': 0.28955406729826855, 'Na': 0.18776543613198302, 'O': 0.522672329304149}",1.0,dissipation
"('ecoinvent-3.4-biosphere', '22698b26-ab11-43eb-a48f-3e46863555cc')","Ethene, trichloro-","('air', 'non-urban air or from high stacks')",kilogram,Ethene,C2H4,28.05,"[['C', 2], ['H', 4]]","{'C': 0.8563992869875222, 'H': 0.14374331550802139}",1.0,dissipation
"('ecoinvent-3.4-biosphere', '6230c099-a983-4d9d-98a8-a0697962bec3')",Lithium,"('soil',)",kilogram,Lithium,Li,7.0,"[['Li', 1]]",{'Li': 1.0},1.0,dissipation
"('ecoinvent-3.4-biosphere', 'd73b06f1-4a08-445b-919a-e8f3e98d4ad1')",Methyl acrylate,"('air', 'non-urban air or from high stacks')",kilogram,Methyl acrylate,C4H6O2,86.09,"[['C', 4], ['H', 6], ['O', 2]]","{'C': 0.558067139040539, 'H': 0.0702520617957951, 'O': 0.3716807991636659}",1.0,dissipation
"('ecoinvent-3.4-biosphere', '5189de76-6bbb-44ba-8c42-5714f1b4371f')",Nitrate,"('water',)",kilogram,Nitrate,NO3-,62.005,"[['N', 1], ['O', 3]]","{'N': 0.22590113700508022, 'O': 0.7740827352632852}",1.0,dissipation
"('ecoinvent-3.4-biosphere', 'f8448f5d-a27f-4fa9-a731-94cb3b9eb7f3')",Spiroxamine,"('soil', 'agricultural')",kilogram,Spiroxamine,C18H35NO2,297.5,"[['C', 18], ['H', 35], ['N', 1], ['O', 2]]","{'C': 0.7267159663865546, 'H': 0.11858823529411765, 'N': 0.04708235294117647, 'O': 0.10755630252100841}",1.0,dissipation
"('ecoinvent-3.4-biosphere', '2566a811-5c71-4cef-9c90-cd3840cd707b')",Fluosilicic acid,"('air', 'non-urban air or from high stacks')",kilogram,Fluosilicic acid,F6H2Si,144.091,"[['F', 6], ['H', 2], ['Si', 1]]","{'F': 0.7910834125656703, 'H': 0.013991158365199768, 'Si': 0.194918489010417}",1.0,dissipation
"('ecoinvent-3.4-biosphere', '6d89125e-e9b7-4d7e-a1fc-ada45dbd8815')","Carbon dioxide, from soil or biomass stock","('air', 'lower stratosphere + upper troposphere')",kilogram,Carbon dioxide,CO2,44.009,"[['C', 1], ['O', 2]]","{'C': 0.27292144788565975, 'O': 0.7270785521143402}",1.0,dissipation
"('ecoinvent-3.4-biosphere', '0017ce28-9f7a-404b-ad55-d3f43ad13cae')",Benzo(ghi)perylene,"('water', 'surface water')",kilogram,Benzo(ghi)perylene,C22H12,276.3,"[['C', 22], ['H', 12]]","{'C': 0.9563590300398116, 'H': 0.04377850162866449}",1.0,dissipation
"('ecoinvent-3.4-biosphere', 'a71b27f2-3bcb-4bcc-a0c6-b6a123f0b42e')",Methyl formate,"('air', 'urban air close to ground')",kilogram,Methyl formate,C2H4O2,60.05,"[['C', 2], ['H', 4], ['O', 2]]","{'C': 0.40003330557868444, 'H': 0.06714404662781016, 'O': 0.5328559533721899}",1.0,dissipation
"('ecoinvent-3.4-biosphere', 'b84e31d0-cf7b-4c3f-bc8a-3cc93bdb30d9')",Fluoride,"('water', 'ground-')",kilogram,Fluoride,F-,18.99840316,"[['F', 1]]",{'F': 1.0},1.0,dissipation
"('ecoinvent-3.4-biosphere', '4a28ea6f-3e26-4a84-a8f5-6a9596651d1c')",Acrylonitrile,"('air', 'low population density, long-term')",kilogram,Acrylonitrile,C3H3N,53.06,"[['C', 3], ['H', 3], ['N', 1]]","{'C': 0.6790991330569167, 'H': 0.05699208443271767, 'N': 0.26398416886543535}",1.0,dissipation
"('ecoinvent-3.4-biosphere', '6b7a3386-4aa7-4e58-9450-41130dbfa099')",Lenacil,"('soil', 'agricultural')",kilogram,Lenacil,C13H18N2O2,234.29,"[['C', 13], ['H', 18], ['N', 2], ['O', 2]]","{'C': 0.6664518331981732, 'H': 0.07744248580818643, 'N': 0.11956976396773229, 'O': 0.13657433095736055}",1.0,dissipation
"('ecoinvent-3.4-biosphere', 'bb9a0c00-e0af-4926-8b0e-0a0be79abaf6')",Methabenzthiazuron,"('soil', 'agricultural')",kilogram,Methabenzthiazuron,C10H11N3OS,221.28,"[['C', 10], ['H', 11], ['N', 3], ['O', 1], ['S', 1]]","{'C': 0.5427964569775849, 'H': 0.05010845986984816, 'N': 0.18989967462039045, 'O': 0.07230206073752712, 'S': 0.14490690527838032}",1.0,dissipation
"('ecoinvent-3.4-biosphere', 'c2109686-6a9f-40b7-bf55-55b967833e34')","Phthalate, dioctyl-","('water', 'ground-')",kilogram,Phthalate,C8H4O4-2,164.11,"[['C', 8], ['H', 4], ['O', 4]]","{'C': 0.5855097190908536, 'H': 0.024568886722320393, 'O': 0.3899579550301627}",1.0,dissipation
"('ecoinvent-3.4-biosphere', '7bbe624a-3626-46d4-abf4-86bda793bdd7')",t-Butylamine,"('air',)",kilogram,t-Butylamine,C4H11N,73.14,"[['C', 4], ['H', 11], ['N', 1]]","{'C': 0.6568772217664752, 'H': 0.15159967186218212, 'N': 0.19150943396226414}",1.0,dissipation
"('ecoinvent-3.4-biosphere', '66bfb434-78ab-4183-b1a7-7f87d08974fa')",Mercury,"('water', 'surface water')",kilogram,Mercury,Hg,200.59,"[['Hg', 1]]",{'Hg': 1.0},1.0,dissipation
"('ecoinvent-3.4-biosphere', '2fd1f829-b1c3-4464-bc13-315d40387228')",Hydrogen peroxide,"('air', 'lower stratosphere + upper troposphere')",kilogram,Hydrogen peroxide,H2O2,34.015,"[['H', 2], ['O', 2]]","{'H': 0.059267970013229455, 'O': 0.9407026311921212}",1.0,dissipation
"('ecoinvent-3.4-biosphere', '6d9d5607-330d-4f8d-95bb-e6280c9dad6c')",Rotenone,"('soil', 'agricultural')",kilogram,Rotenone,C23H22O6,394.4,"[['C', 23], ['H', 22], ['O', 6]]","{'C': 0.7004386409736308, 'H': 0.056227180527383375, 'O': 0.2433924949290061}",1.0,dissipation
"('ecoinvent-3.4-biosphere', 'c1ad9058-6019-4835-ab47-d3e3f35b94d9')",Propamocarb HCl,"('soil', 'agricultural')",kilogram,Propamocarb HCl,C9H21ClN2O2,224.73,"[['C', 9], ['H', 21], ['Cl', 1], ['N', 2], ['O', 2]]","{'C': 0.48101722066479774, 'H': 0.09419303163796557, 'Cl': 0.15775819872736174, 'N': 0.12465625417167267, 'O': 0.14238419436657324}",1.0,dissipation
"('ecoinvent-3.4-biosphere', '62e75c30-0933-4b72-a2ec-6251b7ab8e67')",Aniline,"('air', 'lower stratosphere + upper troposphere')",kilogram,Aniline,C6H7N,93.13,"[['C', 6], ['H', 7], ['N', 1]]","{'C': 0.773821539783099, 'H': 0.07576505959411575, 'N': 0.15040266294427146}",1.0,dissipation
"('ecoinvent-3.4-biosphere', '1f5330ac-e81c-45f2-8c9c-335b531faab0')","PAH, polycyclic aromatic hydrocarbons","('air', 'lower stratosphere + upper troposphere')",kilogram,PAH,C9H10N2O3,194.19,"[['C', 9], ['H', 10], ['N', 2], ['O', 3]]","{'C': 0.556666151707091, 'H': 0.05190792522786961, 'N': 0.14426077552912095, 'O': 0.24716514753591842}",1.0,dissipation
"('ecoinvent-3.4-biosphere', 'e5d3a0ba-404d-4aff-98ce-30bbf6474436')",Ethylene diamine,"('water', 'ground-, long-term')",kilogram,Ethylene diamine,C2H8N2,60.1,"[['C', 2], ['H', 8], ['N', 2]]","{'C': 0.3997004991680532, 'H': 0.1341763727121464, 'N': 0.46612312811980033}",1.0,dissipation
"('ecoinvent-3.4-biosphere', '15fd8f0f-c3c2-4f63-b8d0-86793a22aacd')",Calcium,"('air', 'non-urban air or from high stacks')",kilogram,Calcium,Ca,40.08,"[['Ca', 1]]",{'Ca': 1.0},1.0,dissipation
"('ecoinvent-3.4-biosphere', '98d3f159-b420-4e43-aab5-4fd093b82429')",2-Nitrobenzoic acid,"('air',)",kilogram,2-Nitrobenzoic acid,C7H5NO4,167.12,"[['C', 7], ['H', 5], ['N', 1], ['O', 4]]","{'C': 0.5030935854475825, 'H': 0.03015797032072762, 'N': 0.08381402584968885, 'O': 0.382934418382001}",1.0,dissipation
"('ecoinvent-3.4-biosphere', 'd216b8b6-3744-447a-be01-989a5985cc35')",Oxadixyl,"('soil', 'agricultural')",kilogram,Oxadixyl,C14H18N2O4,278.3,"[['C', 14], ['H', 18], ['N', 2], ['O', 4]]","{'C': 0.6042184692777578, 'H': 0.06519583183614804, 'N': 0.10066115702479338, 'O': 0.22995328781890045}",1.0,dissipation
"('ecoinvent-3.4-biosphere', 'e468ca97-9888-46ec-9b2e-3e25b0d55549')",Ethene,"('water', 'ground-')",kilogram,Ethene,C2H4,28.05,"[['C', 2], ['H', 4]]","{'C': 0.8563992869875222, 'H': 0.14374331550802139}",1.0,dissipation
"('ecoinvent-3.4-biosphere', '2061c1e1-6a81-47ad-8a1d-81dd30783f2c')",Fluosilicic acid,"('water',)",kilogram,Fluosilicic acid,F6H2Si,144.091,"[['F', 6], ['H', 2], ['Si', 1]]","{'F': 0.7910834125656703, 'H': 0.013991158365199768, 'Si': 0.194918489010417}",1.0,dissipation
"('ecoinvent-3.4-biosphere', '235b2f02-ff98-4da9-82e2-e4246c7b7990')",Sodium,"('air',)",kilogram,Sodium,Na,22.9897693,"[['Na', 1]]",{'Na': 1.0},1.0,dissipation
"('ecoinvent-3.4-biosphere', '43bc4fc0-bfeb-46d6-b3de-f69c3ccd622a')","Methane, chlorotrifluoro-, CFC-13","('air', 'urban air close to ground')",kilogram,Methane,CH4,16.043,"[['C', 1], ['H', 4]]","{'C': 0.7486754347690582, 'H': 0.2513245652309419}",1.0,dissipation
"('ecoinvent-3.4-biosphere', '195e0a29-e62d-47fc-b1f6-7155939e2b25')",Pendimethalin,"('water', 'surface water')",kilogram,Pendimethalin,C13H19N3O4,281.31,"[['C', 13], ['H', 19], ['N', 3], ['O', 4]]","{'C': 0.5550566990153212, 'H': 0.06808147595179695, 'N': 0.14937613309160713, 'O': 0.2274928015356724}",1.0,dissipation
"('ecoinvent-3.4-biosphere', '56a24912-2d66-4124-87d8-f760c2fe3973')",Selenium,"('soil', 'industrial')",kilogram,Selenium,Se,78.97,"[['Se', 1]]",{'Se': 1.0},1.0,dissipation
"('ecoinvent-3.4-biosphere', '0ace7678-a181-48e8-8728-d912a8b56c57')",Aluminium,"('water', 'ocean')",kilogram,Aluminium,Al,26.981538,"[['Al', 1]]",{'Al': 1.0},1.0,dissipation
"('ecoinvent-3.4-biosphere', 'c8896e68-6c78-43be-a31b-bc5d2307f40a')",Fenpropimorph,"('soil', 'agricultural')",kilogram,Fenpropimorph,C20H33NO,303.5,"[['C', 20], ['H', 33], ['N', 1], ['O', 1]]","{'C': 0.7914991762767709, 'H': 0.1096013179571664, 'N': 0.04615156507413509, 'O': 0.05271499176276771}",1.0,dissipation
"('ecoinvent-3.4-biosphere', '2d17bb2f-2072-4a7a-a672-9550a97c14f5')",Ethylene glycol monoethyl ether,"('air', 'non-urban air or from high stacks')",kilogram,Ethylene glycol monoethyl ether,C4H10O2,90.12,"[['C', 4], ['H', 10], ['O', 2]]","{'C': 0.5331114070128716, 'H': 0.11185086551264979, 'O': 0.35505992010652465}",1.0,dissipation
"('ecoinvent-3.4-biosphere', 'b66104c3-8096-4c8d-abbc-cae04770d8d1')","Chlorosilane, trimethyl-","('air', 'low population density, long-term')",kilogram,Chlorosilane,ClH3Si,66.56,"[['Cl', 1], ['H', 3], ['Si', 1]]","{'Cl': 0.5326472355769231, 'H': 0.045432692307692306, 'Si': 0.4219651442307692}",1.0,dissipation
"('ecoinvent-3.4-biosphere', '1f130425-11f9-4ec2-8d2f-d282acaacf5c')",Acetone,"('air', 'urban air close to ground')",kilogram,Acetone,C3H6O,58.08,"[['C', 3], ['H', 6], ['O', 1]]","{'C': 0.6204028925619836, 'H': 0.10413223140495868, 'O': 0.27546487603305786}",1.0,dissipation
"('ecoinvent-3.4-biosphere', 'f2663c0c-3618-4095-b8d8-9c3b5c7097fb')",Butene,"('air', 'lower stratosphere + upper troposphere')",kilogram,Butene,C4H8,56.11,"[['C', 4], ['H', 8]]","{'C': 0.8562466583496703, 'H': 0.14371769738014614}",1.0,dissipation
"('ecoinvent-3.4-biosphere', 'b0cfe7ff-d676-440b-a113-414b733daaf8')","Chlorosilane, trimethyl-","('air', 'lower stratosphere + upper troposphere')",kilogram,Chlorosilane,ClH3Si,66.56,"[['Cl', 1], ['H', 3], ['Si', 1]]","{'Cl': 0.5326472355769231, 'H': 0.045432692307692306, 'Si': 0.4219651442307692}",1.0,dissipation
"('ecoinvent-3.4-biosphere', 'd17f1c53-ff95-4005-9f1b-131ca9791cdb')",Chlorine,"('water', 'ground-')",kilogram,Chlorine,Cl2,70.9,"[['Cl', 2]]",{'Cl': 1.0},1.0,dissipation
"('ecoinvent-3.4-biosphere', 'e06e2e1e-ad87-49e2-a184-f2d1c48b7b46')","Methane, chlorotrifluoro-, CFC-13","('air',)",kilogram,Methane,CH4,16.043,"[['C', 1], ['H', 4]]","{'C': 0.7486754347690582, 'H': 0.2513245652309419}",1.0,dissipation
"('ecoinvent-3.4-biosphere', '8e7d8523-2761-4eb1-a55a-958be4b0d23b')",Boron trifluoride,"('air',)",kilogram,Boron trifluoride,BF3,67.81,"[['B', 1], ['F', 3]]","{'B': 0.15941601533697095, 'F': 0.8404955021383277}",1.0,dissipation
"('ecoinvent-3.4-biosphere', '5c7c5065-a636-4367-bf0a-8552609ffec7')",Dicamba,"('water', 'surface water')",kilogram,Dicamba,C8H6Cl2O3,221.03,"[['C', 8], ['H', 6], ['Cl', 2], ['O', 3]]","{'C': 0.43472831742297424, 'H': 0.02736280142967018, 'Cl': 0.3207980817083654, 'O': 0.21715151789349862}",1.0,dissipation
"('ecoinvent-3.4-biosphere', '3e757249-9471-4e91-94e1-27346cbc7b82')","Benzene, chloro-","('water', 'ground-, long-term')",kilogram,Benzene,C6H6,78.11,"[['C', 6], ['H', 6]]","{'C': 0.9226219434131354, 'H': 0.07742926641915247}",1.0,dissipation
"('ecoinvent-3.4-biosphere', '94eb8352-8af0-4929-b883-864b27fcfc96')",Propene,"('water',)",kilogram,Propene,C3H6,42.08,"[['C', 3], ['H', 6]]","{'C': 0.8562975285171104, 'H': 0.14372623574144489}",1.0,dissipation
"('ecoinvent-3.4-biosphere', 'ef4566f0-60d5-4bbe-a2cb-7268a81fecd4')","Methane, from soil or biomass stock","('air', 'lower stratosphere + upper troposphere')",kilogram,Methane,CH4,16.043,"[['C', 1], ['H', 4]]","{'C': 0.7486754347690582, 'H': 0.2513245652309419}",1.0,dissipation
"('ecoinvent-3.4-biosphere', '90f722bf-cb9b-571a-88fc-34286632bdc4')",Ethylene,"('air',)",kilogram,Ethylene,C2H4,28.05,"[['C', 2], ['H', 4]]","{'C': 0.8563992869875222, 'H': 0.14374331550802139}",1.0,dissipation
"('ecoinvent-3.4-biosphere', 'bedc1f3e-71d2-4bb9-9699-c77603031f81')",Diflubenzuron,"('air', 'non-urban air or from high stacks')",kilogram,Diflubenzuron,C14H9ClF2N2O2,310.68,"[['C', 14], ['H', 9], ['Cl', 1], ['F', 2], ['N', 2], ['O', 2]]","{'C': 0.5412450109437363, 'H': 0.029200463499420622, 'Cl': 0.11411420110724863, 'F': 0.12229947212565985, 'N': 0.09016994978756276, 'O': 0.1029934337582078}",1.0,dissipation
"('ecoinvent-3.4-biosphere', '0e1c17ae-8144-4714-a7cd-786a5480f423')",Barium,"('water',)",kilogram,Barium,Ba,137.33,"[['Ba', 1]]",{'Ba': 1.0},1.0,dissipation
"('ecoinvent-3.4-biosphere', 'dd786e61-d387-4dc4-8314-2a5f958e7168')",Cyfluthrin,"('soil', 'agricultural')",kilogram,Cyfluthrin,C22H18Cl2FNO3,434.3,"[['C', 22], ['H', 18], ['Cl', 2], ['F', 1], ['N', 1], ['O', 3]]","{'C': 0.6084319594750172, 'H': 0.04177757310614782, 'Cl': 0.1632650241768363, 'F': 0.04374395579092793, 'N': 0.032251899608565504, 'O': 0.1105157725074833}",1.0,dissipation
"('ecoinvent-3.4-biosphere', 'ef06f2a4-4b8c-4740-9e06-0c2126d1839a')",Methyl acetate,"('air', 'urban air close to ground')",kilogram,Methyl acetate,C3H6O2,74.08,"[['C', 3], ['H', 6], ['O', 2]]","{'C': 0.4864065874730022, 'H': 0.08164146868250541, 'O': 0.4319384449244061}",1.0,dissipation
"('ecoinvent-3.4-biosphere', '64836dd0-8b0f-41ba-a7d3-be54358fc4b3')",Phenol,"('water', 'surface water')",kilogram,Phenol,C6H6O,94.11,"[['C', 6], ['H', 6], ['O', 1]]","{'C': 0.765763468281798, 'H': 0.06426522154925088, 'O': 0.17000318775900541}",1.0,dissipation
"('ecoinvent-3.4-biosphere', '01285299-c683-4e15-b654-201987a7a738')",Chromium VI,"('soil', 'forestry')",kilogram,Chromium,Cr,51.996,"[['Cr', 1]]",{'Cr': 1.0},1.0,dissipation
"('ecoinvent-3.4-biosphere', '74eb3f02-09ec-46ce-8ee8-d67d0900136b')",Cobalt,"('air', 'low population density, long-term')",kilogram,Cobalt,Co,58.93319,"[['Co', 1]]",{'Co': 1.0},1.0,dissipation
"('ecoinvent-3.4-biosphere', '16316600-f12a-410b-8726-3faee64de60a')",Silver,"('soil', 'industrial')",kilogram,Silver,Ag,107.868,"[['Ag', 1]]",{'Ag': 1.0},1.0,dissipation
"('ecoinvent-3.4-biosphere', 'af60ad28-ce2b-4ea0-9277-983538e1a739')",Chromium IV,"('air', 'urban air close to ground')",kilogram,Chromium,Cr,51.996,"[['Cr', 1]]",{'Cr': 1.0},1.0,dissipation
"('ecoinvent-3.4-biosphere', '5ce378a0-b48d-471c-977d-79681521efde')",Zinc,"('air',)",kilogram,Zinc,Zn,65.4,"[['Zn', 1]]",{'Zn': 1.0},1.0,dissipation
"('ecoinvent-3.4-biosphere', 'f28d5dfb-632d-469b-b0c2-a55ce78155ff')",Fenoxaprop,"('air', 'non-urban air or from high stacks')",kilogram,Fenoxaprop,C16H12ClNO5,333.72,"[['C', 16], ['H', 12], ['Cl', 1], ['N', 1], ['O', 5]]","{'C': 0.5758600023972191, 'H': 0.036245954692556634, 'Cl': 0.10623576651084742, 'N': 0.04197231211794318, 'O': 0.2397069399496584}",1.0,dissipation
"('ecoinvent-3.4-biosphere', '26eb22d8-e0cf-45a6-b09e-b8609fe6c8eb')",Acenaphthene,"('water', 'ground-, long-term')",kilogram,Acenaphthene,C12H10,154.21,"[['C', 12], ['H', 10]]","{'C': 0.9346475585240905, 'H': 0.06536541080344983}",1.0,dissipation
"('ecoinvent-3.4-biosphere', 'abb7f444-e74a-46b5-a6a5-080a847cbbc5')",Strontium,"('air', 'urban air close to ground')",kilogram,Strontium,Sr,87.62,"[['Sr', 1]]",{'Sr': 1.0},1.0,dissipation
"('ecoinvent-3.4-biosphere', 'cdf99498-1489-4226-97ad-94fa85b0528b')",t-Butylamine,"('air', 'urban air close to ground')",kilogram,t-Butylamine,C4H11N,73.14,"[['C', 4], ['H', 11], ['N', 1]]","{'C': 0.6568772217664752, 'H': 0.15159967186218212, 'N': 0.19150943396226414}",1.0,dissipation
"('ecoinvent-3.4-biosphere', '8c690557-25ce-48f2-91b9-58126e82aaf6')",Bromoxynil,"('air', 'non-urban air or from high stacks')",kilogram,Bromoxynil,C7H3Br2NO,276.91,"[['C', 7], ['H', 3], ['Br', 2], ['N', 1], ['O', 1]]","{'C': 0.3036257267704308, 'H': 0.010920515691018741, 'Br': 0.5771116969412444, 'N': 0.050583221985482645, 'O': 0.05777689502004261}",1.0,dissipation
"('ecoinvent-3.4-biosphere', '4394c871-7245-4bfc-8e9d-9a875e81b7ee')",Monochloroethane,"('air', 'lower stratosphere + upper troposphere')",kilogram,Monochloroethane,C2H5Cl,64.51,"[['C', 2], ['H', 5], ['Cl', 1]]","{'C': 0.37237637575569676, 'H': 0.07812742210509997, 'Cl': 0.5495737095024027}",1.0,dissipation
"('ecoinvent-3.4-biosphere', '5188df39-2bb8-4826-b469-fa9f86bacc09')","Carbon dioxide, from soil or biomass stock","('air', 'indoor')",kilogram,Carbon dioxide,CO2,44.009,"[['C', 1], ['O', 2]]","{'C': 0.27292144788565975, 'O': 0.7270785521143402}",1.0,dissipation
"('ecoinvent-3.4-biosphere', '24da5f03-1b1e-4a60-a925-248122c9d2a0')",Magnesium,"('air', 'lower stratosphere + upper troposphere')",kilogram,Magnesium,Mg,24.305,"[['Mg', 1]]",{'Mg': 1.0},1.0,dissipation
"('ecoinvent-3.4-biosphere', '899759dd-b3e2-4611-b052-c8bdd74346bd')","Methane, dichlorofluoro-, HCFC-21","('water', 'ocean')",kilogram,Methane,CH4,16.043,"[['C', 1], ['H', 4]]","{'C': 0.7486754347690582, 'H': 0.2513245652309419}",1.0,dissipation
"('ecoinvent-3.4-biosphere', '4f061396-da10-49b3-a7ac-ac1d2eb49fa1')",Dimethyl ether,"('air', 'lower stratosphere + upper troposphere')",kilogram,Dimethyl ether,C2H6O,46.07,"[['C', 2], ['H', 6], ['O', 1]]","{'C': 0.5214239201215541, 'H': 0.1312784892554808, 'O': 0.3472758845235511}",1.0,dissipation
"('ecoinvent-3.4-biosphere', '38321e66-f6ab-4908-b26f-c17267559bc5')",Argon-40,"('air',)",kilogram,Argon-40,Ar,39.9,"[['Ar', 1]]",{'Ar': 1.0},1.0,dissipation
"('ecoinvent-3.4-biosphere', 'a259eb99-e741-49e6-8b3f-8985c018be28')",Sulfate,"('air', 'low population density, long-term')",kilogram,Sulfate,O4S-2,96.07,"[['O', 4], ['S', 1]]","{'O': 0.6661392734464454, 'S': 0.33376704486312064}",1.0,dissipation
"('ecoinvent-3.4-biosphere', '7ae387da-8a0f-4931-97d4-49e93c0f5482')",Thallium,"('water', 'ocean')",kilogram,Thallium,Tl,204.383,"[['Tl', 1]]",{'Tl': 1.0},1.0,dissipation
"('ecoinvent-3.4-biosphere', 'e9acbffd-7211-42e2-9f3a-cd9556e21132')",Acetic acid,"('air', 'low population density, long-term')",kilogram,Acetic acid,C2H4O2,60.05,"[['C', 2], ['H', 4], ['O', 2]]","{'C': 0.40003330557868444, 'H': 0.06714404662781016, 'O': 0.5328559533721899}",1.0,dissipation
"('ecoinvent-3.4-biosphere', '1bb6a502-3ff9-4a79-835c-5588b855f1f5')",Benzene,"('air', 'urban air close to ground')",kilogram,Benzene,C6H6,78.11,"[['C', 6], ['H', 6]]","{'C': 0.9226219434131354, 'H': 0.07742926641915247}",1.0,dissipation
"('ecoinvent-3.4-biosphere', '54fbc219-056c-4156-ae4f-f3a5d598665f')",Monoethanolamine,"('air', 'non-urban air or from high stacks')",kilogram,Monoethanolamine,C2H7NO,61.08,"[['C', 2], ['H', 7], ['N', 1], ['O', 1]]","{'C': 0.3932874918140144, 'H': 0.11552062868369352, 'N': 0.2293222003929273, 'O': 0.26193516699410613}",1.0,dissipation
"('ecoinvent-3.4-biosphere', 'c0f2ec91-162c-4706-b08c-9aa212fbe176')",Cinidon-ethyl,"('soil', 'agricultural')",kilogram,Cinidon-ethyl,C19H17Cl2NO4,394.2,"[['C', 19], ['H', 17], ['Cl', 2], ['N', 1], ['O', 4]]","{'C': 0.5789167935058346, 'H': 0.04347031963470319, 'Cl': 0.17987316083206495, 'N': 0.03553272450532725, 'O': 0.1623439878234399}",1.0,dissipation
"('ecoinvent-3.4-biosphere', '1c389e81-9f9d-4e52-a6e9-11cc6b73d90d')",Fluorine,"('air',)",kilogram,Fluorine,F2,37.99680632,"[['F', 2]]",{'F': 1.0},1.0,dissipation
"('ecoinvent-3.4-biosphere', 'a72a45ee-395a-4d25-b893-9d183e43e76e')",Nickel,"('soil', 'industrial')",kilogram,Nickel,Ni,58.693,"[['Ni', 1]]",{'Ni': 1.0},1.0,dissipation
"('ecoinvent-3.4-biosphere', '4a156a66-eb3e-4f87-90a2-ccd13bf942ff')",Titanium,"('air', 'non-urban air or from high stacks')",kilogram,Titanium,Ti,47.867,"[['Ti', 1]]",{'Ti': 1.0},1.0,dissipation
"('ecoinvent-3.4-biosphere', '134c89a1-e244-4664-945c-5ebf5f394297')","VOC, volatile organic compounds, unspecified origin","('water', 'ground-, long-term')",kilogram,VOC,C16H16N4O2,296.32,"[['C', 16], ['H', 16], ['N', 4], ['O', 2]]","{'C': 0.6485421166306695, 'H': 0.054427645788336934, 'N': 0.189079373650108, 'O': 0.10798461123110152}",1.0,dissipation
"('ecoinvent-3.4-biosphere', '7ae0a943-090b-4da6-899f-8c53a33a1db2')",Diethyl ether,"('air', 'low population density, long-term')",kilogram,Diethyl ether,C4H10O,74.12,"[['C', 4], ['H', 10], ['O', 1]]","{'C': 0.6481921208850512, 'H': 0.13599568267674042, 'O': 0.21585267134376687}",1.0,dissipation
"('ecoinvent-3.4-biosphere', '42a2f3e7-5393-4a69-9b0b-f70a9139ee24')",Ethyne,"('air',)",kilogram,Ethyne,C2H2,26.04,"[['C', 2], ['H', 2]]","{'C': 0.9225038402457757, 'H': 0.07741935483870968}",1.0,dissipation
"('ecoinvent-3.4-biosphere', '276e755c-ed57-466a-b555-4658c791f385')",Beryllium,"('water', 'surface water')",kilogram,Beryllium,Be,9.012183,"[['Be', 1]]",{'Be': 1.0},1.0,dissipation
"('ecoinvent-3.4-biosphere', 'b5382d42-b1ee-4992-ba8d-a362b33d0401')",Dichlorprop,"('soil', 'agricultural')",kilogram,Dichlorprop,C9H8Cl2O3,235.06,"[['C', 9], ['H', 8], ['Cl', 2], ['O', 3]]","{'C': 0.4598783289372926, 'H': 0.034306134603930914, 'Cl': 0.30165064238917727, 'O': 0.20419041946737004}",1.0,dissipation
"('ecoinvent-3.4-biosphere', '6ba443e3-9361-47c9-a2cd-c9f4957217b7')",Ethylene diamine,"('water', 'surface water')",kilogram,Ethylene diamine,C2H8N2,60.1,"[['C', 2], ['H', 8], ['N', 2]]","{'C': 0.3997004991680532, 'H': 0.1341763727121464, 'N': 0.46612312811980033}",1.0,dissipation
"('ecoinvent-3.4-biosphere', '63e44a83-eb3d-44b6-9e2f-41b1b088d93d')",Buprofezin,"('soil', 'agricultural')",kilogram,Buprofezin,C16H23N3OS,305.4,"[['C', 16], ['H', 23], ['N', 3], ['O', 1], ['S', 1]]","{'C': 0.629259986902423, 'H': 0.07591355599214146, 'N': 0.1375933202357564, 'O': 0.052387033398821226, 'S': 0.10499345121152587}",1.0,dissipation
"('ecoinvent-3.4-biosphere', '7fdd39dc-4b73-4fa3-a28c-18f52ddce951')",Sodium chlorate,"('water', 'ground-')",kilogram,Sodium chlorate,ClNaO3,106.44,"[['Cl', 1], ['Na', 1], ['O', 3]]","{'Cl': 0.3330796692972567, 'Na': 0.21599022923712888, 'O': 0.45093010146561446}",1.0,dissipation
"('ecoinvent-3.4-biosphere', 'a9224ed8-bdfd-4e66-9e97-df752e2485ef')",Propanil,"('soil', 'agricultural')",kilogram,Propanil,C9H9Cl2NO,218.08,"[['C', 9], ['H', 9], ['Cl', 2], ['N', 1], ['O', 1]]","{'C': 0.4956850696991929, 'H': 0.04159941305942773, 'Cl': 0.3251375641966251, 'N': 0.06422872340425531, 'O': 0.07336298606016141}",1.0,dissipation
"('ecoinvent-3.4-biosphere', '88170f48-29c2-4dcf-9042-8b9d6efb088c')",Chlorosulfonic acid,"('water', 'ground-, long-term')",kilogram,Chlorosulfonic acid,ClHO3S,116.53,"[['Cl', 1], ['H', 1], ['O', 3], ['S', 1]]","{'Cl': 0.30423925169484256, 'H': 0.008650133012958037, 'O': 0.41188535141165367, 'S': 0.2751651935124002}",1.0,dissipation
"('ecoinvent-3.4-biosphere', '88721eca-7e30-45a2-9fdb-3f15788c7bd0')","Phthalate, dimethyl-","('water', 'ocean')",kilogram,Phthalate,C8H4O4-2,164.11,"[['C', 8], ['H', 4], ['O', 4]]","{'C': 0.5855097190908536, 'H': 0.024568886722320393, 'O': 0.3899579550301627}",1.0,dissipation
"('ecoinvent-3.4-biosphere', 'e030108f-2125-4bcb-a73b-ad72130fcca3')","Nickel, ion","('water', 'ground-')",kilogram,Nickel,Ni,58.693,"[['Ni', 1]]",{'Ni': 1.0},1.0,dissipation
"('ecoinvent-3.4-biosphere', '489cdf1b-997d-4425-a56e-491c24b89e29')",Trichlorosilane,"('air', 'non-urban air or from high stacks')",kilogram,Trichlorosilane,Cl3HSi,135.45,"[['Cl', 3], ['H', 1], ['Si', 1]]","{'Cl': 0.7852270210409746, 'H': 0.0074418604651162795, 'Si': 0.20735326688815062}",1.0,dissipation
"('ecoinvent-3.4-biosphere', '51c58d09-0699-4d51-80b3-a1bb2b9313e4')","Carbon monoxide, from soil or biomass stock","('air', 'urban air close to ground')",kilogram,Carbon monoxide,CO,28.01,"[['C', 1], ['O', 1]]","{'C': 0.42881113887897176, 'O': 0.5711888611210282}",1.0,dissipation
"('ecoinvent-3.4-biosphere', 'ce88a9b6-0afa-4f68-9b32-8c3438bf4025')",Silicon,"('water', 'ground-, long-term')",kilogram,Silicon,Si,28.085,"[['Si', 1]]",{'Si': 1.0},1.0,dissipation
"('ecoinvent-3.4-biosphere', '53fc7ec9-1b3f-4d89-ade6-8ca2934c1695')",Butene,"('air', 'urban air close to ground')",kilogram,Butene,C4H8,56.11,"[['C', 4], ['H', 8]]","{'C': 0.8562466583496703, 'H': 0.14371769738014614}",1.0,dissipation
"('ecoinvent-3.4-biosphere', 'ccc38b36-b24f-4630-a8b1-27eccb0b2dfc')",Isopropylamine,"('air', 'non-urban air or from high stacks')",kilogram,Isopropylamine,C3H9N,59.11,"[['C', 3], ['H', 9], ['N', 1]]","{'C': 0.6095922855692777, 'H': 0.15347656910844187, 'N': 0.23696498054474707}",1.0,dissipation
"('ecoinvent-3.4-biosphere', 'b918120c-5dd9-4a28-86ee-9b05a42bdd01')",Diflubenzuron,"('soil', 'agricultural')",kilogram,Diflubenzuron,C14H9ClF2N2O2,310.68,"[['C', 14], ['H', 9], ['Cl', 1], ['F', 2], ['N', 2], ['O', 2]]","{'C': 0.5412450109437363, 'H': 0.029200463499420622, 'Cl': 0.11411420110724863, 'F': 0.12229947212565985, 'N': 0.09016994978756276, 'O': 0.1029934337582078}",1.0,dissipation
"('ecoinvent-3.4-biosphere', '0795345f-c7ae-410c-ad25-1845784c75f5')","Methane, fossil","('air',)",kilogram,Methane,CH4,16.043,"[['C', 1], ['H', 4]]","{'C': 0.7486754347690582, 'H': 0.2513245652309419}",1.0,dissipation
"('ecoinvent-3.4-biosphere', '0a5e8a67-f9ae-48b3-bfa7-e9d37c30a191')",Copper,"('soil', 'industrial')",kilogram,Copper,Cu,63.55,"[['Cu', 1]]",{'Cu': 1.0},1.0,dissipation
"('ecoinvent-3.4-biosphere', '865f863b-8d32-47fa-94db-ee56dc6bb923')",Tefluthrin,"('water', 'surface water')",kilogram,Tefluthrin,C17H14ClF7O2,418.7,"[['C', 17], ['H', 14], ['Cl', 1], ['F', 7], ['O', 2]]","{'C': 0.4876689754000477, 'H': 0.03370432290422737, 'Cl': 0.08467399092428948, 'F': 0.31761643181275384, 'O': 0.07642225937425365}",1.0,dissipation
"('ecoinvent-3.4-biosphere', '4b09c2cb-937f-43a5-a3f8-b20ff8f047d3')",Iodide,"('water', 'ocean')",kilogram,Iodide,I-,126.9045,"[['I', 1]]",{'I': 1.0},1.0,dissipation
"('ecoinvent-3.4-biosphere', 'd4f71fc2-2fb6-4d80-b3cd-6e4f197a114f')",Ozone,"('air', 'urban air close to ground')",kilogram,Ozone,O3,47.998,"[['O', 3]]",{'O': 1.0},1.0,dissipation
"('ecoinvent-3.4-biosphere', '5d1701c5-c4ef-49c7-8a68-ce7c255eee9f')","Ethane, pentafluoro-, HFC-125","('air', 'urban air close to ground')",kilogram,Ethane,C2H6,30.07,"[['C', 2], ['H', 6]]","{'C': 0.7988693049551047, 'H': 0.20113069504489525}",1.0,dissipation
"('ecoinvent-3.4-biosphere', 'eee7f4df-d621-439a-a89a-edf2d761d848')",Pentane,"('air', 'low population density, long-term')",kilogram,Pentane,C5H12,72.15,"[['C', 5], ['H', 12]]","{'C': 0.8323631323631322, 'H': 0.16765072765072764}",1.0,dissipation
"('ecoinvent-3.4-biosphere', '50f05f8e-a062-4298-a805-0f230ef6ff5d')",Norflurazon,"('soil', 'agricultural')",kilogram,Norflurazon,C12H9ClF3N3O,303.67,"[['C', 12], ['H', 9], ['Cl', 1], ['F', 3], ['N', 3], ['O', 1]]","{'C': 0.4746336483682945, 'H': 0.029874534856917045, 'Cl': 0.11674844403464288, 'F': 0.18768399907794645, 'N': 0.13837718576085883, 'O': 0.052685480949715154}",1.0,dissipation
"('ecoinvent-3.4-biosphere', '38439e6a-ce6d-40cc-b78d-97c09d87e7d7')",m-Xylene,"('water', 'ocean')",kilogram,m-Xylene,C8H10,106.16,"[['C', 8], ['H', 10]]","{'C': 0.9051243406179351, 'H': 0.09495101733232857}",1.0,dissipation
"('ecoinvent-3.4-biosphere', '7fee540e-a611-40bf-beec-72a1b883c6d3')","Toluene, 2-chloro","('water', 'ground-')",kilogram,Toluene,C7H8,92.14,"[['C', 7], ['H', 8]]","{'C': 0.9124918602127198, 'H': 0.08751899283698719}",1.0,dissipation
"('ecoinvent-3.4-biosphere', '33a69662-583b-45b8-8cb9-94f59fca9133')","Methane, trichlorofluoro-, CFC-11","('air', 'urban air close to ground')",kilogram,Methane,CH4,16.043,"[['C', 1], ['H', 4]]","{'C': 0.7486754347690582, 'H': 0.2513245652309419}",1.0,dissipation
"('ecoinvent-3.4-biosphere', '98c66fdb-091d-46e9-a533-686f821e8f6a')",Propane,"('air', 'urban air close to ground')",kilogram,Propane,C3H8,44.1,"[['C', 3], ['H', 8]]","{'C': 0.8170748299319728, 'H': 0.18285714285714286}",1.0,dissipation
"('ecoinvent-3.4-biosphere', '6192f17c-9390-4381-9e58-99e384428da5')",Ethylene glycol monoethyl ether,"('water', 'surface water')",kilogram,Ethylene glycol monoethyl ether,C4H10O2,90.12,"[['C', 4], ['H', 10], ['O', 2]]","{'C': 0.5331114070128716, 'H': 0.11185086551264979, 'O': 0.35505992010652465}",1.0,dissipation
"('ecoinvent-3.4-biosphere', '242b4a08-f6ff-496d-ae0f-bf8f8bc77692')",Boron,"('water', 'ground-')",kilogram,Boron,B,10.81,"[['B', 1]]",{'B': 1.0},1.0,dissipation
"('ecoinvent-3.4-biosphere', 'f97ee737-45ca-4a19-bbf4-30746bfa6fb4')",Mefenpyr-diethyl,"('soil', 'agricultural')",kilogram,Mefenpyr-diethyl,C16H18Cl2N2O4,373.2,"[['C', 16], ['H', 18], ['Cl', 2], ['N', 2], ['O', 4]]","{'C': 0.5149410503751339, 'H': 0.048617363344051444, 'Cl': 0.18999464094319402, 'N': 0.07506430868167202, 'O': 0.1714790996784566}",1.0,dissipation
"('ecoinvent-3.4-biosphere', '171aebab-b5e0-493f-8776-43e1a694666f')",Metribuzin,"('soil', 'agricultural')",kilogram,Metribuzin,C8H14N4OS,214.29,"[['C', 8], ['H', 14], ['N', 4], ['O', 1], ['S', 1]]","{'C': 0.448401698632694, 'H': 0.06585468290634187, 'N': 0.2614587708245835, 'O': 0.0746605067898642, 'S': 0.1496336739931868}",1.0,dissipation
"('ecoinvent-3.4-biosphere', 'd94a5a1a-bc06-48fd-b6d9-7477ea65cacd')",Carbon disulfide,"('air',)",kilogram,Carbon disulfide,CS2,76.15,"[['C', 1], ['S', 2]]","{'C': 0.1577281680892974, 'S': 0.8421536441234404}",1.0,dissipation
"('ecoinvent-3.4-biosphere', 'b9c1ac70-e2eb-4fcd-bc63-befa92866af5')","Methane, chlorotrifluoro-, CFC-13","('air', 'lower stratosphere + upper troposphere')",kilogram,Methane,CH4,16.043,"[['C', 1], ['H', 4]]","{'C': 0.7486754347690582, 'H': 0.2513245652309419}",1.0,dissipation
"('ecoinvent-3.4-biosphere', '876d4bb6-badc-4d04-a193-71b68e908737')",Ethephon,"('air', 'non-urban air or from high stacks')",kilogram,Ethephon,C2H6ClO3P,144.49,"[['C', 2], ['H', 6], ['Cl', 1], ['O', 3], ['P', 1]]","{'C': 0.16625371998062147, 'H': 0.04185756799778531, 'Cl': 0.245366461346806, 'O': 0.33218215793480516, 'P': 0.2143677763167001}",1.0,dissipation
"('ecoinvent-3.4-biosphere', '42411268-27a7-4276-9896-e47900fa0606')",Formate,"('water', 'surface water')",kilogram,Formate,CHO2-,45.017,"[['C', 1], ['H', 1], ['O', 2]]","{'C': 0.2668103161028056, 'H': 0.022391540973410045, 'O': 0.7107981429237843}",1.0,dissipation
"('ecoinvent-3.4-biosphere', '38574d8f-e0f9-4a7c-8edc-70193e608c57')",Carbon disulfide,"('water',)",kilogram,Carbon disulfide,CS2,76.15,"[['C', 1], ['S', 2]]","{'C': 0.1577281680892974, 'S': 0.8421536441234404}",1.0,dissipation
"('ecoinvent-3.4-biosphere', 'd3f2bf47-65db-4bc7-8334-eb5107e7585a')","Ethene, chloro-","('water',)",kilogram,Ethene,C2H4,28.05,"[['C', 2], ['H', 4]]","{'C': 0.8563992869875222, 'H': 0.14374331550802139}",1.0,dissipation
"('ecoinvent-3.4-biosphere', 'd60f27da-703f-4c04-bad4-7e978a375205')",Acetone,"('water', 'ground-')",kilogram,Acetone,C3H6O,58.08,"[['C', 3], ['H', 6], ['O', 1]]","{'C': 0.6204028925619836, 'H': 0.10413223140495868, 'O': 0.27546487603305786}",1.0,dissipation
"('ecoinvent-3.4-biosphere', 'c03dae87-d4f6-4521-b15a-18ef2cbe9ed0')",Arsine,"('air', 'non-urban air or from high stacks')",kilogram,Arsine,AsH3,77.946,"[['As', 1], ['H', 3]]","{'As': 0.9612039103995074, 'H': 0.03879608960049265}",1.0,dissipation
"('ecoinvent-3.4-biosphere', '300bed66-a3c8-46cf-92c2-92d28dff9f91')","PAH, polycyclic aromatic hydrocarbons","('water', 'ocean')",kilogram,PAH,C9H10N2O3,194.19,"[['C', 9], ['H', 10], ['N', 2], ['O', 3]]","{'C': 0.556666151707091, 'H': 0.05190792522786961, 'N': 0.14426077552912095, 'O': 0.24716514753591842}",1.0,dissipation
"('ecoinvent-3.4-biosphere', 'e401b1cf-f424-4837-a5f0-410514498b58')",Flumetsulam,"('soil', 'agricultural')",kilogram,Flumetsulam,C12H9F2N5O2S,325.3,"[['C', 12], ['H', 9], ['F', 2], ['N', 5], ['O', 2], ['S', 1]]","{'C': 0.4430740854595758, 'H': 0.027888103289271438, 'F': 0.1168029511220412, 'N': 0.21529357516138947, 'O': 0.09836458653550569, 'S': 0.09857055026129725}",1.0,dissipation
"('ecoinvent-3.4-biosphere', '700969dc-4def-4093-98a0-adbb65771fcd')",Butene,"('water',)",kilogram,Butene,C4H8,56.11,"[['C', 4], ['H', 8]]","{'C': 0.8562466583496703, 'H': 0.14371769738014614}",1.0,dissipation
"('ecoinvent-3.4-biosphere', 'd0e162d5-40b4-4310-a45b-52d0a4f0ef52')",Hydrazine,"('water', 'ocean')",kilogram,Hydrazine,H4N2,32.046,"[['H', 4], ['N', 2]]","{'H': 0.12581913499344693, 'N': 0.8741808650065531}",1.0,dissipation
"('ecoinvent-3.4-biosphere', 'be248928-14cd-4478-978c-13c040c1c4a9')",Boron trifluoride,"('air', 'non-urban air or from high stacks')",kilogram,Boron trifluoride,BF3,67.81,"[['B', 1], ['F', 3]]","{'B': 0.15941601533697095, 'F': 0.8404955021383277}",1.0,dissipation
"('ecoinvent-3.4-biosphere', 'f1a587cf-0335-4410-b7d3-ea90497a07a6')",Sodium tetrahydridoborate,"('air', 'lower stratosphere + upper troposphere')",kilogram,Sodium tetrahydridoborate,BH4Na,37.84,"[['B', 1], ['H', 4], ['Na', 1]]","{'B': 0.285676532769556, 'H': 0.10655391120507399, 'Na': 0.6075581395348836}",1.0,dissipation
"('ecoinvent-3.4-biosphere', '4d40d8e3-9bc7-4ab1-ac5c-4f4a76fda8e5')",Chromium,"('air', 'non-urban air or from high stacks')",kilogram,Chromium,Cr,51.996,"[['Cr', 1]]",{'Cr': 1.0},1.0,dissipation
"('ecoinvent-3.4-biosphere', '1a5850a0-0069-4b73-bb91-7a61e8d45ae5')",Vanadium,"('soil', 'industrial')",kilogram,Vanadium,V,50.9415,"[['V', 1]]",{'V': 1.0},1.0,dissipation
"('ecoinvent-3.4-biosphere', 'fe4613d7-1ed8-427d-9b06-c8e8f4f5e1b1')",Lead,"('air', 'lower stratosphere + upper troposphere')",kilogram,Lead,Pb,207.0,"[['Pb', 1]]",{'Pb': 1.0},1.0,dissipation
"('ecoinvent-3.4-biosphere', '26b5c174-e20e-430a-a4b1-44de4af8b40f')",Methyl ethyl ketone,"('air', 'urban air close to ground')",kilogram,Methyl ethyl ketone,C4H8O,72.11,"[['C', 4], ['H', 8], ['O', 1]]","{'C': 0.6662598807377618, 'H': 0.11182914990985994, 'O': 0.22186936624601306}",1.0,dissipation
"('ecoinvent-3.4-biosphere', 'dbdc3ea8-cc2b-4dbe-82b9-e954e333281d')","Vanadium, ion","('water', 'ocean')",kilogram,Vanadium,V,50.9415,"[['V', 1]]",{'V': 1.0},1.0,dissipation
"('ecoinvent-3.4-biosphere', '17f06f74-feea-4b7c-a125-a67ae6e1dcfb')",2-Methyl-1-propanol,"('air', 'lower stratosphere + upper troposphere')",kilogram,2-Methyl-1-propanol,C4H10O,74.12,"[['C', 4], ['H', 10], ['O', 1]]","{'C': 0.6481921208850512, 'H': 0.13599568267674042, 'O': 0.21585267134376687}",1.0,dissipation
"('ecoinvent-3.4-biosphere', 'a805071f-ce96-4d72-bdd5-4334d9aa3c23')",Tebuconazole,"('soil', 'agricultural')",kilogram,Tebuconazole,C16H22ClN3O,307.82,"[['C', 16], ['H', 22], ['Cl', 1], ['N', 3], ['O', 1]]","{'C': 0.624312910142291, 'H': 0.07204210252745112, 'Cl': 0.11517445260217012, 'N': 0.13651159768695992, 'O': 0.05197518030017543}",1.0,dissipation
"('ecoinvent-3.4-biosphere', '9c706cff-cb82-4207-a589-95896e04dc08')",Manganese,"('soil', 'industrial')",kilogram,Manganese,Mn,54.93804,"[['Mn', 1]]",{'Mn': 1.0},1.0,dissipation
"('ecoinvent-3.4-biosphere', 'fd153f15-1d16-410a-91fa-04d205e36c43')",Copper,"('air', 'low population density, long-term')",kilogram,Copper,Cu,63.55,"[['Cu', 1]]",{'Cu': 1.0},1.0,dissipation
"('ecoinvent-3.4-biosphere', '9122eb15-12c8-4621-a036-209f6c06e3fb')",Napropamide,"('soil', 'agricultural')",kilogram,Napropamide,C17H21NO2,271.35,"[['C', 17], ['H', 21], ['N', 1], ['O', 2]]","{'C': 0.752485719550396, 'H': 0.0780099502487562, 'N': 0.051619679380873404, 'O': 0.11792150359314538}",1.0,dissipation
"('ecoinvent-3.4-biosphere', '3bbc78d0-08c4-48ef-a863-704e32fddcb3')",Hexane,"('air', 'urban air close to ground')",kilogram,Hexane,C6H14,86.18,"[['C', 6], ['H', 14]]","{'C': 0.8362265026688327, 'H': 0.16375029009050823}",1.0,dissipation
"('ecoinvent-3.4-biosphere', '99dfc9b6-7e98-4751-9a50-39d19cbe6d5a')",Ethylamine,"('air', 'lower stratosphere + upper troposphere')",kilogram,Ethylamine,C2H7N,45.08,"[['C', 2], ['H', 7], ['N', 1]]","{'C': 0.5328748890860692, 'H': 0.1565217391304348, 'N': 0.3107142857142857}",1.0,dissipation
"('ecoinvent-3.4-biosphere', '1c0699e2-9be2-4c30-8328-fc0ad8caac58')",Pirimicarb,"('soil', 'agricultural')",kilogram,Pirimicarb,C11H18N4O2,238.29,"[['C', 11], ['H', 18], ['N', 4], ['O', 2]]","{'C': 0.5544546560913173, 'H': 0.07614251542238448, 'N': 0.2351252675311595, 'O': 0.13428175752234672}",1.0,dissipation
"('ecoinvent-3.4-biosphere', '5d0058e0-ad1b-4c15-b0ff-a665bb04154f')",Phosphoric acid,"('air', 'urban air close to ground')",kilogram,Phosphoric acid,H3O4P,97.995,"[['H', 3], ['O', 4], ['P', 1]]","{'H': 0.030858717281493954, 'O': 0.6530537272309812, 'P': 0.31607735088524924}",1.0,dissipation
"('ecoinvent-3.4-biosphere', '9540d6dc-b589-4fbb-8260-1b6a88b8bf11')",Thallium,"('air', 'non-urban air or from high stacks')",kilogram,Thallium,Tl,204.383,"[['Tl', 1]]",{'Tl': 1.0},1.0,dissipation
"('ecoinvent-3.4-biosphere', '9a366c85-61a0-48bd-8af0-a2a96b327bc1')","Methane, tetrachloro-, R-10","('water',)",kilogram,Methane,CH4,16.043,"[['C', 1], ['H', 4]]","{'C': 0.7486754347690582, 'H': 0.2513245652309419}",1.0,dissipation
"('ecoinvent-3.4-biosphere', 'a0cb36a5-d726-4c6e-9787-971cc763d294')",2-Methyl-1-propanol,"('water', 'ground-, long-term')",kilogram,2-Methyl-1-propanol,C4H10O,74.12,"[['C', 4], ['H', 10], ['O', 1]]","{'C': 0.6481921208850512, 'H': 0.13599568267674042, 'O': 0.21585267134376687}",1.0,dissipation
"('ecoinvent-3.4-biosphere', '7b192eb2-644e-544a-9299-4a79cb4dd479')",Aluminium hydroxide,"('water',)",kilogram,Aluminium hydroxide,AlH3O3,78.004,"[['Al', 1], ['H', 3], ['O', 3]]","{'Al': 0.34590533818778524, 'H': 0.03876724270550228, 'O': 0.6153145992513204}",1.0,dissipation
"('ecoinvent-3.4-biosphere', '227f85d8-5156-461f-9d03-03960287debf')",Ethyl acetate,"('air', 'low population density, long-term')",kilogram,Ethyl acetate,C4H8O2,88.11,"[['C', 4], ['H', 8], ['O', 2]]","{'C': 0.5452729542617183, 'H': 0.09152196118488254, 'O': 0.3631596867551924}",1.0,dissipation
"('ecoinvent-3.4-biosphere', '708085b8-37a1-4116-aab9-229cfef519a0')","Ethane, hexachloro-","('water', 'surface water')",kilogram,Ethane,C2H6,30.07,"[['C', 2], ['H', 6]]","{'C': 0.7988693049551047, 'H': 0.20113069504489525}",1.0,dissipation
"('ecoinvent-3.4-biosphere', 'fd61d155-3b34-46d5-8769-efb3e806f545')",Mercury,"('water', 'ocean')",kilogram,Mercury,Hg,200.59,"[['Hg', 1]]",{'Hg': 1.0},1.0,dissipation
"('ecoinvent-3.4-biosphere', '662c6aea-3c5b-4205-a3e0-942f29af03c4')",Oryzalin,"('soil', 'agricultural')",kilogram,Oryzalin,C12H18N4O6S,346.36,"[['C', 12], ['H', 18], ['N', 4], ['O', 6], ['S', 1]]","{'C': 0.41613350271393923, 'H': 0.05238480194017784, 'N': 0.16176232821341954, 'O': 0.2771509412172306, 'S': 0.09257708742349}",1.0,dissipation
"('ecoinvent-3.4-biosphere', '2cfcbe85-0dfd-4414-8683-ecc74392346c')","PAH, polycyclic aromatic hydrocarbons","('water', 'ground-')",kilogram,PAH,C9H10N2O3,194.19,"[['C', 9], ['H', 10], ['N', 2], ['O', 3]]","{'C': 0.556666151707091, 'H': 0.05190792522786961, 'N': 0.14426077552912095, 'O': 0.24716514753591842}",1.0,dissipation
"('ecoinvent-3.4-biosphere', '0a11b30c-b502-414a-8b73-31375233cc17')",Borate,"('water', 'surface water')",kilogram,Borate,BO3-3,58.81,"[['B', 1], ['O', 3]]","{'B': 0.18381227682366943, 'O': 0.816136711443632}",1.0,dissipation
"('ecoinvent-3.4-biosphere', 'b748f6f1-7061-4243-89c7-3f2d01dcec07')",Nitrogen,"('soil',)",kilogram,Nitrogen,N2,28.014,"[['N', 2]]",{'N': 1.0},1.0,dissipation
"('ecoinvent-3.4-biosphere', 'e1bd008f-c3c2-47f1-ab60-35e1a842acc0')","Arsenic, ion","('water',)",kilogram,Arsenic,As,74.92159,"[['As', 1]]",{'As': 1.0},1.0,dissipation
"('ecoinvent-3.4-biosphere', '7e7039a1-6186-4ef6-a7e6-d135b7fe5601')",Diethylamine,"('air', 'urban air close to ground')",kilogram,Diethylamine,C4H11N,73.14,"[['C', 4], ['H', 11], ['N', 1]]","{'C': 0.6568772217664752, 'H': 0.15159967186218212, 'N': 0.19150943396226414}",1.0,dissipation
"('ecoinvent-3.4-biosphere', '43a411aa-8f29-4744-bc56-1deaa8105338')",Ethylene oxide,"('air', 'non-urban air or from high stacks')",kilogram,Ethylene oxide,C2H4O,44.05,"[['C', 2], ['H', 4], ['O', 1]]","{'C': 0.5453348467650397, 'H': 0.09153234960272419, 'O': 0.3632009080590239}",1.0,dissipation
"('ecoinvent-3.4-biosphere', '0ed1b1a1-e56d-4860-bac7-d76a39bde930')",Silver,"('air', 'low population density, long-term')",kilogram,Silver,Ag,107.868,"[['Ag', 1]]",{'Ag': 1.0},1.0,dissipation
"('ecoinvent-3.4-biosphere', '35f2e680-fd3b-4fce-8ae2-a700438aa097')",3-Methyl-1-butanol,"('water', 'ground-')",kilogram,3-Methyl-1-butanol,C5H12O,88.15,"[['C', 5], ['H', 12], ['O', 1]]","{'C': 0.6812819058423141, 'H': 0.13722064662507089, 'O': 0.18149744753261485}",1.0,dissipation
"('ecoinvent-3.4-biosphere', '8b1912e7-fa62-4fa7-9d33-46da503ad788')","Methane, chloro-fluoro-, HCFC-31","('air', 'low population density, long-term')",kilogram,Methane,CH4,16.043,"[['C', 1], ['H', 4]]","{'C': 0.7486754347690582, 'H': 0.2513245652309419}",1.0,dissipation
"('ecoinvent-3.4-biosphere', '2e2a9226-1d5a-4adf-aa0f-6a4b9499e8d7')",Ethylamine,"('water', 'surface water')",kilogram,Ethylamine,C2H7N,45.08,"[['C', 2], ['H', 7], ['N', 1]]","{'C': 0.5328748890860692, 'H': 0.1565217391304348, 'N': 0.3107142857142857}",1.0,dissipation
"('ecoinvent-3.4-biosphere', 'a998fad5-65bc-4ea9-905b-df4d5e667358')",Acenaphthylene,"('water', 'ground-')",kilogram,Acenaphthylene,C12H8,152.19,"[['C', 12], ['H', 8]]","{'C': 0.9470530258229845, 'H': 0.05298639858072147}",1.0,dissipation
"('ecoinvent-3.4-biosphere', 'aa2f15ce-fc50-4252-89d8-89e06b4f588a')",Molinate,"('soil', 'agricultural')",kilogram,Molinate,C9H17NOS,187.3,"[['C', 9], ['H', 17], ['N', 1], ['O', 1], ['S', 1]]","{'C': 0.5771436198611851, 'H': 0.09148958889482113, 'N': 0.07478376935397757, 'O': 0.08541911372130272, 'S': 0.17119594233849436}",1.0,dissipation
"('ecoinvent-3.4-biosphere', 'cdce48e7-8c92-4214-b948-cc46a4700fe6')",2-Aminopropanol,"('air', 'low population density, long-term')",kilogram,2-Aminopropanol,C3H9NO,75.11,"[['C', 3], ['H', 9], ['N', 1], ['O', 1]]","{'C': 0.4797363866329384, 'H': 0.12078285181733457, 'N': 0.1864864864864865, 'O': 0.21300758886965784}",1.0,dissipation
"('ecoinvent-3.4-biosphere', '297cc04f-e215-433c-ae3b-d1e34464c785')","Potassium, ion","('water', 'ocean')",kilogram,Potassium,K,39.0983,"[['K', 1]]",{'K': 1.0},1.0,dissipation
"('ecoinvent-3.4-biosphere', '6b3026ac-76b1-493d-bbcc-1281ac24905e')",Propargite,"('soil', 'agricultural')",kilogram,Propargite,C19H26O4S,350.5,"[['C', 19], ['H', 26], ['O', 4], ['S', 1]]","{'C': 0.651095577746077, 'H': 0.07477318116975748, 'O': 0.18258487874465051, 'S': 0.09148359486447931}",1.0,dissipation
"('ecoinvent-3.4-biosphere', 'ce9fd912-233a-4807-a33e-0323b1e4a7a2')",Magnesium,"('water', 'ground-, long-term')",kilogram,Magnesium,Mg,24.305,"[['Mg', 1]]",{'Mg': 1.0},1.0,dissipation
"('ecoinvent-3.4-biosphere', '67a1322b-6798-46a8-be95-03fe92d8e779')",Urea,"('water', 'ocean')",kilogram,Urea,CH4N2O,60.056,"[['C', 1], ['H', 4], ['N', 2], ['O', 1]]","{'C': 0.1999966697748768, 'H': 0.06713733848408153, 'N': 0.46646463300919144, 'O': 0.2664013587318503}",1.0,dissipation
"('ecoinvent-3.4-biosphere', '6ec6cdaa-5a01-46d4-b716-1905e56690ea')","Nickel, ion","('water',)",kilogram,Nickel,Ni,58.693,"[['Ni', 1]]",{'Ni': 1.0},1.0,dissipation
"('ecoinvent-3.4-biosphere', '8d226423-1351-4366-b09f-d16c9e38683c')",Zinc,"('soil', 'forestry')",kilogram,Zinc,Zn,65.4,"[['Zn', 1]]",{'Zn': 1.0},1.0,dissipation
"('ecoinvent-3.4-biosphere', '3563bb9d-4020-4635-890b-6de95036911f')",Fluazifop-p-butyl,"('air', 'non-urban air or from high stacks')",kilogram,Fluazifop-p-butyl,C19H20F3NO4,383.4,"[['C', 19], ['H', 20], ['F', 3], ['N', 1], ['O', 4]]","{'C': 0.5952243088158581, 'H': 0.05258215962441315, 'F': 0.14865414710485134, 'N': 0.03653364632237872, 'O': 0.1669170579029734}",1.0,dissipation
"('ecoinvent-3.4-biosphere', '76152de4-9499-48f7-af98-a5d41842484a')",Iron,"('air', 'non-urban air or from high stacks')",kilogram,Iron,Fe,55.84,"[['Fe', 1]]",{'Fe': 1.0},1.0,dissipation
"('ecoinvent-3.4-biosphere', 'ef4884eb-c75d-4ef8-9170-11b20401cbca')",MSMA,"('soil', 'agricultural')",kilogram,MSMA,CH4AsNaO3,161.952,"[['C', 1], ['H', 4], ['As', 1], ['Na', 1], ['O', 3]]","{'C': 0.07416394981229006, 'H': 0.024896265560165977, 'As': 0.46261855364552457, 'Na': 0.14195564117763287, 'O': 0.2963655898043865}",1.0,dissipation
"('ecoinvent-3.4-biosphere', '5719929a-8c5b-48cc-a039-b11a9f380467')",Barium,"('soil', 'industrial')",kilogram,Barium,Ba,137.33,"[['Ba', 1]]",{'Ba': 1.0},1.0,dissipation
"('ecoinvent-3.4-biosphere', '78c3efe4-421c-4d30-82e4-b97ac5124993')",Sulfur dioxide,"('air', 'non-urban air or from high stacks')",kilogram,Sulfur dioxide,O2S,64.07,"[['O', 2], ['S', 1]]","{'O': 0.49942250663336984, 'S': 0.5004682378648354}",1.0,dissipation
"('ecoinvent-3.4-biosphere', 'de875382-6ef2-454c-b828-2c3a5080d39c')",Fluoride,"('soil',)",kilogram,Fluoride,F-,18.99840316,"[['F', 1]]",{'F': 1.0},1.0,dissipation
"('ecoinvent-3.4-biosphere', '4f722a22-e077-4626-830a-c57d856decc0')","Perchlorate, ion","('water',)",kilogram,Perchlorate,ClO4-,99.45,"[['Cl', 1], ['O', 4]]","{'Cl': 0.35649069884364004, 'O': 0.643499245852187}",1.0,dissipation
"('ecoinvent-3.4-biosphere', '446d8fe4-fde6-4640-bc23-f04a663bbc04')",Iodine,"('air',)",kilogram,Iodine,I2,253.8089,"[['I', 2]]",{'I': 1.0},1.0,dissipation
"('ecoinvent-3.4-biosphere', '460716f9-f5b8-4ee0-8198-545b24822124')",Sodium,"('air', 'lower stratosphere + upper troposphere')",kilogram,Sodium,Na,22.9897693,"[['Na', 1]]",{'Na': 1.0},1.0,dissipation
"('ecoinvent-3.4-biosphere', '82957257-07f3-4536-ac8b-175cb2353c75')","Methane, bromotrifluoro-, Halon 1301","('air', 'non-urban air or from high stacks')",kilogram,Methane,CH4,16.043,"[['C', 1], ['H', 4]]","{'C': 0.7486754347690582, 'H': 0.2513245652309419}",1.0,dissipation
"('ecoinvent-3.4-biosphere', '21b46c65-491e-40a9-ac74-5877af997d7c')",Sodium chlorate,"('air', 'urban air close to ground')",kilogram,Sodium chlorate,ClNaO3,106.44,"[['Cl', 1], ['Na', 1], ['O', 3]]","{'Cl': 0.3330796692972567, 'Na': 0.21599022923712888, 'O': 0.45093010146561446}",1.0,dissipation
"('ecoinvent-3.4-biosphere', '0486ee88-c74a-479e-aa6f-2fbc4a96378d')",Gold,"('water', 'ground-, long-term')",kilogram,Gold,Au,196.96657,"[['Au', 1]]",{'Au': 1.0},1.0,dissipation
"('ecoinvent-3.4-biosphere', '185d4f1e-6d28-551b-8951-672805c4d8e5')",Decanoic acid,"('water',)",kilogram,Decanoic acid,C10H20O2,172.26,"[['C', 10], ['H', 20], ['O', 2]]","{'C': 0.6972599558806455, 'H': 0.11703239289446186, 'O': 0.18575409265064438}",1.0,dissipation
"('ecoinvent-3.4-biosphere', '7f4b72f2-fcd8-481f-9931-eb2cde502add')",Nitrobenzene,"('air', 'non-urban air or from high stacks')",kilogram,Nitrobenzene,C6H5NO2,123.11,"[['C', 6], ['H', 5], ['N', 1], ['O', 2]]","{'C': 0.5853789294127204, 'H': 0.04093899764438307, 'N': 0.11377629762001462, 'O': 0.2599138981398749}",1.0,dissipation
"('ecoinvent-3.4-biosphere', '1f4afa32-a9a2-40da-8396-104452cb637f')",Acenaphthene,"('air',)",kilogram,Acenaphthene,C12H10,154.21,"[['C', 12], ['H', 10]]","{'C': 0.9346475585240905, 'H': 0.06536541080344983}",1.0,dissipation
"('ecoinvent-3.4-biosphere', 'a916ca1b-4ece-4630-a563-ae3253efc04f')","Methane, trichlorofluoro-, CFC-11","('air', 'non-urban air or from high stacks')",kilogram,Methane,CH4,16.043,"[['C', 1], ['H', 4]]","{'C': 0.7486754347690582, 'H': 0.2513245652309419}",1.0,dissipation
"('ecoinvent-3.4-biosphere', '8a2c92a3-7210-4560-bfd9-d3cc7d09ad72')",Trifluralin,"('air', 'non-urban air or from high stacks')",kilogram,Trifluralin,C13H16F3N3O4,335.28,"[['C', 13], ['H', 16], ['F', 3], ['N', 3], ['O', 4]]","{'C': 0.4657092579336674, 'H': 0.04810307802433787, 'F': 0.16998926270579814, 'N': 0.12533106657122406, 'O': 0.19087329992841806}",1.0,dissipation
"('ecoinvent-3.4-biosphere', 'db907ff7-6cf0-4f88-9376-116262dfad6d')","Ethane, 2,2-dichloro-1,1,1-trifluoro-, HCFC-123","('air', 'urban air close to ground')",kilogram,Ethane,C2H6,30.07,"[['C', 2], ['H', 6]]","{'C': 0.7988693049551047, 'H': 0.20113069504489525}",1.0,dissipation
"('ecoinvent-3.4-biosphere', '738d4e72-bfb8-44ca-8d2d-3fd67fdbf59a')",Propylene oxide,"('water', 'ground-')",kilogram,Propylene oxide,C3H6O,58.08,"[['C', 3], ['H', 6], ['O', 1]]","{'C': 0.6204028925619836, 'H': 0.10413223140495868, 'O': 0.27546487603305786}",1.0,dissipation
"('ecoinvent-3.4-biosphere', '3d36c0c1-aff6-4ec3-ba35-18831b9ef85e')",Acetyl chloride,"('water', 'ground-, long-term')",kilogram,Acetyl chloride,C2H3ClO,78.5,"[['C', 2], ['H', 3], ['Cl', 1], ['O', 1]]","{'C': 0.30601273885350316, 'H': 0.03852229299363057, 'Cl': 0.45163057324840766, 'O': 0.20380891719745223}",1.0,dissipation
"('ecoinvent-3.4-biosphere', 'bd1ea45b-ac3c-4f6d-8383-a48339227ee2')",Diethylamine,"('water', 'ground-, long-term')",kilogram,Diethylamine,C4H11N,73.14,"[['C', 4], ['H', 11], ['N', 1]]","{'C': 0.6568772217664752, 'H': 0.15159967186218212, 'N': 0.19150943396226414}",1.0,dissipation
"('ecoinvent-3.4-biosphere', '06f0a67c-ec68-435d-8c32-0decd79a4a1a')","Aldehydes, unspecified","('air',)",kilogram,Aldehydes,C20H30O5,350.4,"[['C', 20], ['H', 30], ['O', 5]]","{'C': 0.6855593607305935, 'H': 0.0863013698630137, 'O': 0.22829623287671236}",1.0,dissipation
"('ecoinvent-3.4-biosphere', '49803ad0-9ca2-4507-a5ea-f152d16c929d')",Antimony,"('air', 'lower stratosphere + upper troposphere')",kilogram,Antimony,Sb,121.76,"[['Sb', 1]]",{'Sb': 1.0},1.0,dissipation
"('ecoinvent-3.4-biosphere', 'b4604f84-4a09-412e-86ed-078533d9da5d')",Acetonitrile,"('water', 'surface water')",kilogram,Acetonitrile,C2H3N,41.05,"[['C', 2], ['H', 3], ['N', 1]]","{'C': 0.5851887941534714, 'H': 0.07366626065773448, 'N': 0.3412180267965895}",1.0,dissipation
"('ecoinvent-3.4-biosphere', '131565d8-5d8d-466f-be1d-3615fb77da86')",Sodium hydroxide,"('air', 'lower stratosphere + upper troposphere')",kilogram,Sodium hydroxide,HNaO,39.997,"[['H', 1], ['Na', 1], ['O', 1]]","{'H': 0.025201890141760632, 'Na': 0.5747931094832112, 'O': 0.4000050003750281}",1.0,dissipation
"('ecoinvent-3.4-biosphere', '77c46f0e-c8c0-4bc3-992c-2a9725d49f70')",Bromine,"('air', 'urban air close to ground')",kilogram,Bromine,Br2,159.81,"[['Br', 2]]",{'Br': 1.0},1.0,dissipation
"('ecoinvent-3.4-biosphere', '51dfb4b5-5422-40b7-8692-1ca3559c0a8b')",Imazaquin,"('air', 'non-urban air or from high stacks')",kilogram,Imazaquin,C17H17N3O3,311.33,"[['C', 17], ['H', 17], ['N', 3], ['O', 3]]","{'C': 0.6558539170654932, 'H': 0.055041274531847234, 'N': 0.13497253717919894, 'O': 0.1541676035075322}",1.0,dissipation
"('ecoinvent-3.4-biosphere', '130bbacf-e7c7-4ffd-b109-4d576f1d02c1')","Potassium, ion","('water',)",kilogram,Potassium,K,39.0983,"[['K', 1]]",{'K': 1.0},1.0,dissipation
"('ecoinvent-3.4-biosphere', 'e336eee7-148a-4d1c-8027-780cbfafa12b')",Copper,"('air', 'non-urban air or from high stacks')",kilogram,Copper,Cu,63.55,"[['Cu', 1]]",{'Cu': 1.0},1.0,dissipation
"('ecoinvent-3.4-biosphere', 'c975a4d6-eb2f-4607-9ddd-27577a37e3ba')",Barite,"('water', 'ground-, long-term')",kilogram,Barite,BaO4S,233.39,"[['Ba', 1], ['O', 4], ['S', 1]]","{'Ba': 0.588401388234286, 'O': 0.2742019795192596, 'S': 0.13738806289901023}",1.0,dissipation
"('ecoinvent-3.4-biosphere', 'ffcd4d88-aeb9-491c-ae8c-98838ed38b4d')",Aniline,"('air',)",kilogram,Aniline,C6H7N,93.13,"[['C', 6], ['H', 7], ['N', 1]]","{'C': 0.773821539783099, 'H': 0.07576505959411575, 'N': 0.15040266294427146}",1.0,dissipation
"('ecoinvent-3.4-biosphere', '040b40e8-bc9f-4219-ba9f-b648cb4c7a98')",N-Bromoacetamide,"('air', 'low population density, long-term')",kilogram,N-Bromoacetamide,C2H4BrNO,137.96,"[['C', 2], ['H', 4], ['Br', 1], ['N', 1], ['O', 1]]","{'C': 0.17412293418382138, 'H': 0.029225862568860537, 'Br': 0.5791823717019425, 'N': 0.10152942881994781, 'O': 0.11596839663670629}",1.0,dissipation
"('ecoinvent-3.4-biosphere', '295060ba-3c3d-45e4-99ca-e17b1204b553')",Manganese,"('air',)",kilogram,Manganese,Mn,54.93804,"[['Mn', 1]]",{'Mn': 1.0},1.0,dissipation
"('ecoinvent-3.4-biosphere', '070f9c6e-584d-40ed-8b07-6b1f7f75dd3f')",Strontium,"('water', 'ground-')",kilogram,Strontium,Sr,87.62,"[['Sr', 1]]",{'Sr': 1.0},1.0,dissipation
"('ecoinvent-3.4-biosphere', '6575edf4-826c-4e99-a21a-08a1afec1396')",Silicon,"('soil',)",kilogram,Silicon,Si,28.085,"[['Si', 1]]",{'Si': 1.0},1.0,dissipation
"('ecoinvent-3.4-biosphere', '541a823c-0aad-4dc4-9123-d4af4647d942')",1-Pentanol,"('air', 'urban air close to ground')",kilogram,1-Pentanol,C5H12O,88.15,"[['C', 5], ['H', 12], ['O', 1]]","{'C': 0.6812819058423141, 'H': 0.13722064662507089, 'O': 0.18149744753261485}",1.0,dissipation
"('ecoinvent-3.4-biosphere', '7e769b3e-03fb-4b53-be15-85a910dcfea9')","Zinc, ion","('water', 'ground-')",kilogram,Zinc,Zn,65.4,"[['Zn', 1]]",{'Zn': 1.0},1.0,dissipation
"('ecoinvent-3.4-biosphere', 'f0cc0453-32c0-48f5-b8d4-fc87d100b8d9')",Isoprene,"('air', 'low population density, long-term')",kilogram,Isoprene,C5H8,68.12,"[['C', 5], ['H', 8]]","{'C': 0.8816059894304168, 'H': 0.11837933059307104}",1.0,dissipation
"('ecoinvent-3.4-biosphere', 'ff45a199-18e0-4777-886b-e2d0422d2f82')",Acetonitrile,"('air',)",kilogram,Acetonitrile,C2H3N,41.05,"[['C', 2], ['H', 3], ['N', 1]]","{'C': 0.5851887941534714, 'H': 0.07366626065773448, 'N': 0.3412180267965895}",1.0,dissipation
"('ecoinvent-3.4-biosphere', '6abb5a34-7f0b-4a9a-8452-211a0ebee04d')",3-Methyl-1-butanol,"('water', 'surface water')",kilogram,3-Methyl-1-butanol,C5H12O,88.15,"[['C', 5], ['H', 12], ['O', 1]]","{'C': 0.6812819058423141, 'H': 0.13722064662507089, 'O': 0.18149744753261485}",1.0,dissipation
"('ecoinvent-3.4-biosphere', 'e0401210-0377-4670-84af-12247ca20bed')",Aluminium,"('soil',)",kilogram,Aluminium,Al,26.981538,"[['Al', 1]]",{'Al': 1.0},1.0,dissipation
"('ecoinvent-3.4-biosphere', '398ff31a-d870-4542-8ce0-9fea0e7d8110')",Chloramine,"('water', 'surface water')",kilogram,Chloramine,ClH2N,51.47,"[['Cl', 1], ['H', 2], ['N', 1]]","{'Cl': 0.688809014960171, 'H': 0.039168447639401596, 'N': 0.27213911016125897}",1.0,dissipation
"('ecoinvent-3.4-biosphere', '32d98afc-e42b-46f6-b53e-9c949875ab20')",Benzo(a)pyrene,"('air', 'low population density, long-term')",kilogram,Benzo(a)pyrene,C20H12,252.3,"[['C', 20], ['H', 12]]","{'C': 0.9521204914783986, 'H': 0.04794292508917954}",1.0,dissipation
"('ecoinvent-3.4-biosphere', '8ca6c84b-7f56-47e6-8d17-4f2dbc49a943')","Methane, chlorodifluoro-, HCFC-22","('air', 'urban air close to ground')",kilogram,Methane,CH4,16.043,"[['C', 1], ['H', 4]]","{'C': 0.7486754347690582, 'H': 0.2513245652309419}",1.0,dissipation
"('ecoinvent-3.4-biosphere', 'bb6d97ec-cfaa-49e1-8105-89abf4319656')",Iodide,"('soil', 'industrial')",kilogram,Iodide,I-,126.9045,"[['I', 1]]",{'I': 1.0},1.0,dissipation
"('ecoinvent-3.4-biosphere', '723a8b35-613c-4dbb-91af-ed3c06e273cc')",TCMTB,"('soil', 'agricultural')",kilogram,TCMTB,C9H6N2S3,238.4,"[['C', 9], ['H', 6], ['N', 2], ['S', 3]]","{'C': 0.4534354026845637, 'H': 0.025369127516778524, 'N': 0.11750838926174496, 'S': 0.40350251677852345}",1.0,dissipation
"('ecoinvent-3.4-biosphere', '46e6f5f7-6541-494f-a9bb-66918fb5d592')","AOX, Adsorbable Organic Halogen as Cl","('water', 'ocean')",kilogram,AOX,C19H30O2,290.4,"[['C', 19], ['H', 30], ['O', 2]]","{'C': 0.7858436639118457, 'H': 0.1041322314049587, 'O': 0.11018595041322315}",1.0,dissipation
"('ecoinvent-3.4-biosphere', 'bac53020-1fed-4119-9242-33e4a2597560')",Bromine,"('water', 'surface water')",kilogram,Bromine,Br2,159.81,"[['Br', 2]]",{'Br': 1.0},1.0,dissipation
"('ecoinvent-3.4-biosphere', '569d6913-cb05-4f39-8543-9f7c5cc845f8')",Sodium hydroxide,"('air', 'low population density, long-term')",kilogram,Sodium hydroxide,HNaO,39.997,"[['H', 1], ['Na', 1], ['O', 1]]","{'H': 0.025201890141760632, 'Na': 0.5747931094832112, 'O': 0.4000050003750281}",1.0,dissipation
"('ecoinvent-3.4-biosphere', 'bc069d24-fbbd-4c05-8b6e-4089dc8249ae')","Ammonium, ion","('water', 'ocean')",kilogram,Ammonium,H4N+,18.039,"[['H', 4], ['N', 1]]","{'H': 0.22351571594877764, 'N': 0.7764842840512223}",1.0,dissipation
"('ecoinvent-3.4-biosphere', 'f6266ac7-9608-47f2-bc91-3857eb366446')",Scandium,"('water', 'ground-, long-term')",kilogram,Scandium,Sc,44.95591,"[['Sc', 1]]",{'Sc': 1.0},1.0,dissipation
"('ecoinvent-3.4-biosphere', '00df61ec-de0a-4f06-8736-839c6d225859')",Cyanoacetic acid,"('air', 'low population density, long-term')",kilogram,Cyanoacetic acid,C3H3NO2,85.06,"[['C', 3], ['H', 3], ['N', 1], ['O', 2]]","{'C': 0.42361862214907126, 'H': 0.035551375499647306, 'N': 0.16467199623794967, 'O': 0.37618151892781565}",1.0,dissipation
"('ecoinvent-3.4-biosphere', '4407dc37-09ec-4d52-b65a-9c3f0a88306d')",Ethylene oxide,"('air',)",kilogram,Ethylene oxide,C2H4O,44.05,"[['C', 2], ['H', 4], ['O', 1]]","{'C': 0.5453348467650397, 'H': 0.09153234960272419, 'O': 0.3632009080590239}",1.0,dissipation
"('ecoinvent-3.4-biosphere', '72f14baf-d36c-4f8e-8c17-5304a995f00a')","DOC, Dissolved Organic Carbon","('water', 'ocean')",kilogram,DOC,C21H30O3,330.5,"[['C', 21], ['H', 30], ['O', 3]]","{'C': 0.7631800302571861, 'H': 0.09149773071104388, 'O': 0.14522541603630862}",1.0,dissipation
"('ecoinvent-3.4-biosphere', 'bda0ac8a-4254-42e5-8265-6b469df4c2c8')",Potassium hydroxide,"('air', 'low population density, long-term')",kilogram,Potassium hydroxide,HKO,56.106,"[['H', 1], ['K', 1], ['O', 1]]","{'H': 0.017965992941931345, 'K': 0.6968595159163012, 'O': 0.285156667736071}",1.0,dissipation
"('ecoinvent-3.4-biosphere', 'd9224532-4d6d-4400-8a78-83fca1649548')",Hydroxide,"('water',)",kilogram,Hydroxide,HO-,17.007,"[['H', 1], ['O', 1]]","{'H': 0.05926971247133533, 'O': 0.9407302875286646}",1.0,dissipation
"('ecoinvent-3.4-biosphere', '48fececf-9b55-408d-9782-72057c79effe')",Propylene oxide,"('water',)",kilogram,Propylene oxide,C3H6O,58.08,"[['C', 3], ['H', 6], ['O', 1]]","{'C': 0.6204028925619836, 'H': 0.10413223140495868, 'O': 0.27546487603305786}",1.0,dissipation
"('ecoinvent-3.4-biosphere', '68d2ae4b-ab2c-4aab-a0b0-96231ea03a91')",Ethylamine,"('air', 'low population density, long-term')",kilogram,Ethylamine,C2H7N,45.08,"[['C', 2], ['H', 7], ['N', 1]]","{'C': 0.5328748890860692, 'H': 0.1565217391304348, 'N': 0.3107142857142857}",1.0,dissipation
"('ecoinvent-3.4-biosphere', '2e2c0b46-41cf-4be8-9a92-246aecc58608')",Ethylene glycol monoethyl ether,"('water', 'ground-, long-term')",kilogram,Ethylene glycol monoethyl ether,C4H10O2,90.12,"[['C', 4], ['H', 10], ['O', 2]]","{'C': 0.5331114070128716, 'H': 0.11185086551264979, 'O': 0.35505992010652465}",1.0,dissipation
"('ecoinvent-3.4-biosphere', 'f74f45cd-431c-48a5-b0f7-dc4632089fb4')","Phthalate, dibutyl-","('water', 'ocean')",kilogram,Phthalate,C8H4O4-2,164.11,"[['C', 8], ['H', 4], ['O', 4]]","{'C': 0.5855097190908536, 'H': 0.024568886722320393, 'O': 0.3899579550301627}",1.0,dissipation
"('ecoinvent-3.4-biosphere', '7bddbf65-6f39-4ae1-bddf-d8d4632c8efe')",Quizalofop-p-ethyl,"('soil', 'agricultural')",kilogram,Quizalofop-p-ethyl,C19H17ClN2O4,372.8,"[['C', 19], ['H', 17], ['Cl', 1], ['N', 2], ['O', 4]]","{'C': 0.6121486051502145, 'H': 0.0459656652360515, 'Cl': 0.09509924892703864, 'N': 0.07514484978540772, 'O': 0.17166309012875536}",1.0,dissipation
"('ecoinvent-3.4-biosphere', '7dd051f1-c653-44d9-90e4-828f144253c3')",Hydrochloric acid,"('water',)",kilogram,Hydrochloric acid,ClH,36.46,"[['Cl', 1], ['H', 1]]","{'Cl': 0.9723806911684038, 'H': 0.02764673614920461}",1.0,dissipation
"('ecoinvent-3.4-biosphere', '79607917-9e12-4292-b289-21ff2b36e04b')","DOC, Dissolved Organic Carbon","('water',)",kilogram,DOC,C21H30O3,330.5,"[['C', 21], ['H', 30], ['O', 3]]","{'C': 0.7631800302571861, 'H': 0.09149773071104388, 'O': 0.14522541603630862}",1.0,dissipation
"('ecoinvent-3.4-biosphere', '4f7ebc48-dbe2-4dd9-be92-e81f22520694')",Chloroform,"('water', 'ground-, long-term')",kilogram,Chloroform,CHCl3,119.37,"[['C', 1], ['H', 1], ['Cl', 3]]","{'C': 0.1006199212532462, 'H': 0.008444332746921336, 'Cl': 0.891002764513697}",1.0,dissipation
"('ecoinvent-3.4-biosphere', '46bce580-a40e-4bb4-a835-083a519f3b50')",Pyridate,"('soil', 'agricultural')",kilogram,Pyridate,C19H23ClN2O2S,378.9,"[['C', 19], ['H', 23], ['Cl', 1], ['N', 2], ['O', 2], ['S', 1]]","{'C': 0.6022934811295856, 'H': 0.061187648456057016, 'Cl': 0.09356822380575351, 'N': 0.07393507521773555, 'O': 0.08444972288202693, 'S': 0.08462655054103985}",1.0,dissipation
"('ecoinvent-3.4-biosphere', '18ddd879-5496-4419-8ab7-e0d3864d977d')","Methane, bromotrifluoro-, Halon 1301","('air', 'urban air close to ground')",kilogram,Methane,CH4,16.043,"[['C', 1], ['H', 4]]","{'C': 0.7486754347690582, 'H': 0.2513245652309419}",1.0,dissipation
"('ecoinvent-3.4-biosphere', '8e0afcd9-9955-41d4-8ad0-397a38f82dca')",Trimethylamine,"('air',)",kilogram,Trimethylamine,C3H9N,59.11,"[['C', 3], ['H', 9], ['N', 1]]","{'C': 0.6095922855692777, 'H': 0.15347656910844187, 'N': 0.23696498054474707}",1.0,dissipation
"('ecoinvent-3.4-biosphere', '7000de19-18c4-4bfd-90a2-9b1f2346eb99')",Prometryn,"('soil', 'agricultural')",kilogram,Prometryn,C10H19N5S,241.36,"[['C', 10], ['H', 19], ['N', 5], ['S', 1]]","{'C': 0.49763838249917125, 'H': 0.07935034802784223, 'N': 0.29016821345707655, 'S': 0.13285134239310573}",1.0,dissipation
"('ecoinvent-3.4-biosphere', '996829cc-2d40-418a-beda-7c50399952f9')",Nitrogen,"('water', 'ocean')",kilogram,Nitrogen,N2,28.014,"[['N', 2]]",{'N': 1.0},1.0,dissipation
"('ecoinvent-3.4-biosphere', 'a11b8022-1e48-4023-8985-58ec1ea62083')",Methyl formate,"('water', 'ocean')",kilogram,Methyl formate,C2H4O2,60.05,"[['C', 2], ['H', 4], ['O', 2]]","{'C': 0.40003330557868444, 'H': 0.06714404662781016, 'O': 0.5328559533721899}",1.0,dissipation
"('ecoinvent-3.4-biosphere', '7ecc2b66-8dde-4266-8832-f492f564377b')",Sulfuric acid,"('air', 'urban air close to ground')",kilogram,Sulfuric acid,H2O4S,98.08,"[['H', 2], ['O', 4], ['S', 1]]","{'H': 0.020554649265905382, 'O': 0.6524877650897227, 'S': 0.3269269983686786}",1.0,dissipation
"('ecoinvent-3.4-biosphere', '8a3a44e4-e2f1-476d-9e9e-a90fda263fe3')","Ethane, 1,2-dichloro-1,1,2,2-tetrafluoro-, CFC-114","('air',)",kilogram,Ethane,C2H6,30.07,"[['C', 2], ['H', 6]]","{'C': 0.7988693049551047, 'H': 0.20113069504489525}",1.0,dissipation
"('ecoinvent-3.4-biosphere', 'c26d4716-ce1e-43da-a662-cd9498b1e8bc')",Molybdenum,"('air', 'urban air close to ground')",kilogram,Molybdenum,Mo,95.95,"[['Mo', 1]]",{'Mo': 1.0},1.0,dissipation
"('ecoinvent-3.4-biosphere', '0545c382-2312-43b6-9ec3-63dbb1438565')",Nickel,"('air', 'lower stratosphere + upper troposphere')",kilogram,Nickel,Ni,58.693,"[['Ni', 1]]",{'Ni': 1.0},1.0,dissipation
"('ecoinvent-3.4-biosphere', '5dbca6b8-877c-42dc-9668-aefa62834ade')",Tungsten,"('soil', 'forestry')",kilogram,Tungsten,W,183.84,"[['W', 1]]",{'W': 1.0},1.0,dissipation
"('ecoinvent-3.4-biosphere', '2256cd1c-760f-43b0-aa1c-5229ba199150')","Ethene, chloro-","('air', 'non-urban air or from high stacks')",kilogram,Ethene,C2H4,28.05,"[['C', 2], ['H', 4]]","{'C': 0.8563992869875222, 'H': 0.14374331550802139}",1.0,dissipation
"('ecoinvent-3.4-biosphere', 'c7c769bb-89b9-4459-afed-e3acecd39339')",Sulfur hexafluoride,"('air', 'non-urban air or from high stacks')",kilogram,Sulfur hexafluoride,F6S,146.06,"[['F', 6], ['S', 1]]","{'F': 0.7804190058879912, 'S': 0.21953306860194438}",1.0,dissipation
"('ecoinvent-3.4-biosphere', '49c594c6-b6a8-42a3-95c5-cca812fda80b')","Carbon monoxide, fossil","('air', 'low population density, long-term')",kilogram,Carbon monoxide,CO,28.01,"[['C', 1], ['O', 1]]","{'C': 0.42881113887897176, 'O': 0.5711888611210282}",1.0,dissipation
"('ecoinvent-3.4-biosphere', '3d92a9a3-8942-4ed9-8522-fe027656e9e9')",Tebutam,"('soil', 'agricultural')",kilogram,Tebutam,C15H23NO,233.35,"[['C', 15], ['H', 23], ['N', 1], ['O', 1]]","{'C': 0.7720805656738804, 'H': 0.09935290336404544, 'N': 0.06002571244911078, 'O': 0.06856224555388901}",1.0,dissipation
"('ecoinvent-3.4-biosphere', 'cf8e8ae6-d6ea-4e8f-912d-5445e45e2f8d')",Isopropylamine,"('water', 'ground-, long-term')",kilogram,Isopropylamine,C3H9N,59.11,"[['C', 3], ['H', 9], ['N', 1]]","{'C': 0.6095922855692777, 'H': 0.15347656910844187, 'N': 0.23696498054474707}",1.0,dissipation
"('ecoinvent-3.4-biosphere', '2a46d676-6d14-4541-8cbf-e29d9996c76d')",Tefluthrin,"('water', 'ground-')",kilogram,Tefluthrin,C17H14ClF7O2,418.7,"[['C', 17], ['H', 14], ['Cl', 1], ['F', 7], ['O', 2]]","{'C': 0.4876689754000477, 'H': 0.03370432290422737, 'Cl': 0.08467399092428948, 'F': 0.31761643181275384, 'O': 0.07642225937425365}",1.0,dissipation
"('ecoinvent-3.4-biosphere', 'c4db66cb-0449-4c8c-ab90-efc3329e62df')",Nitrobenzene,"('air', 'low population density, long-term')",kilogram,Nitrobenzene,C6H5NO2,123.11,"[['C', 6], ['H', 5], ['N', 1], ['O', 2]]","{'C': 0.5853789294127204, 'H': 0.04093899764438307, 'N': 0.11377629762001462, 'O': 0.2599138981398749}",1.0,dissipation
"('ecoinvent-3.4-biosphere', 'c492ac36-a5e1-446c-92c5-110a55654a80')",Chrysene,"('air',)",kilogram,Chrysene,C18H12,228.3,"[['C', 18], ['H', 12]]","{'C': 0.9469908015768724, 'H': 0.05298291721419185}",1.0,dissipation
"('ecoinvent-3.4-biosphere', '3184c902-c587-4fd7-bd89-769d3cf30072')",Barium,"('water', 'ground-, long-term')",kilogram,Barium,Ba,137.33,"[['Ba', 1]]",{'Ba': 1.0},1.0,dissipation
"('ecoinvent-3.4-biosphere', '53225326-6737-4c40-86d4-87893525fd1a')","Thiocyanate, ion","('water', 'ocean')",kilogram,Thiocyanate,CNS-,58.08,"[['C', 1], ['N', 1], ['S', 1]]","{'C': 0.20680096418732782, 'N': 0.24116735537190082, 'S': 0.5520833333333333}",1.0,dissipation
"('ecoinvent-3.4-biosphere', '595f08d9-6304-497e-bb7d-48b6d2d8bff3')",Uranium,"('air',)",kilogram,Uranium,U,238.0289,"[['U', 1]]",{'U': 1.0},1.0,dissipation
"('ecoinvent-3.4-biosphere', 'b00950bc-99cb-4ee2-bbc0-5f878ea170c3')",Sulfur trioxide,"('air', 'urban air close to ground')",kilogram,Sulfur trioxide,O3S,80.07,"[['O', 3], ['S', 1]]","{'O': 0.5994379917572125, 'S': 0.400462095666292}",1.0,dissipation
"('ecoinvent-3.4-biosphere', '033d3a16-e1a2-4ce8-8769-f4ea867801ca')","Ethane, 1,1-dichloro-1-fluoro-, HCFC-141b","('air', 'urban air close to ground')",kilogram,Ethane,C2H6,30.07,"[['C', 2], ['H', 6]]","{'C': 0.7988693049551047, 'H': 0.20113069504489525}",1.0,dissipation
"('ecoinvent-3.4-biosphere', '299c6564-426e-48c3-b516-fdf301d12127')","Methane, from soil or biomass stock","('air', 'urban air close to ground')",kilogram,Methane,CH4,16.043,"[['C', 1], ['H', 4]]","{'C': 0.7486754347690582, 'H': 0.2513245652309419}",1.0,dissipation
"('ecoinvent-3.4-biosphere', 'd317b7de-adc0-478c-8c7f-9d6d0f476e97')",Fenpiclonil,"('soil', 'agricultural')",kilogram,Fenpiclonil,C11H6Cl2N2,237.08,"[['C', 11], ['H', 6], ['Cl', 2], ['N', 2]]","{'C': 0.5572844609414542, 'H': 0.02551037624430572, 'Cl': 0.29908047916315167, 'N': 0.1181626455204994}",1.0,dissipation
"('ecoinvent-3.4-biosphere', '57bdb443-d4a6-423d-8024-959b8261d02e')","Methane, non-fossil","('air', 'non-urban air or from high stacks')",kilogram,Methane,CH4,16.043,"[['C', 1], ['H', 4]]","{'C': 0.7486754347690582, 'H': 0.2513245652309419}",1.0,dissipation
"('ecoinvent-3.4-biosphere', '9f1f46bb-5629-4fd5-bed0-06f58800017a')",Carfentrazone-ethyl,"('air', 'non-urban air or from high stacks')",kilogram,Carfentrazone-ethyl,C15H14Cl2F3N3O3,412.2,"[['C', 15], ['H', 14], ['Cl', 2], ['F', 3], ['N', 3], ['O', 3]]","{'C': 0.43708151382823873, 'H': 0.03423580786026201, 'Cl': 0.17201843765162544, 'F': 0.13826783114992722, 'N': 0.10194323144104804, 'O': 0.1164410480349345}",1.0,dissipation
"('ecoinvent-3.4-biosphere', 'e2128dc4-e065-4030-81b3-c978d7bc48ec')",Mercury,"('soil', 'industrial')",kilogram,Mercury,Hg,200.59,"[['Hg', 1]]",{'Hg': 1.0},1.0,dissipation
"('ecoinvent-3.4-biosphere', '91d68678-7ed7-417a-86a7-a486c7b8a973')",Carfentrazone-ethyl,"('soil', 'agricultural')",kilogram,Carfentrazone-ethyl,C15H14Cl2F3N3O3,412.2,"[['C', 15], ['H', 14], ['Cl', 2], ['F', 3], ['N', 3], ['O', 3]]","{'C': 0.43708151382823873, 'H': 0.03423580786026201, 'Cl': 0.17201843765162544, 'F': 0.13826783114992722, 'N': 0.10194323144104804, 'O': 0.1164410480349345}",1.0,dissipation
"('ecoinvent-3.4-biosphere', '71a6ea76-6642-4573-bed2-c1884e6792fd')","Ethane, 2-chloro-1,1,1,2-tetrafluoro-, HCFC-124","('air', 'non-urban air or from high stacks')",kilogram,Ethane,C2H6,30.07,"[['C', 2], ['H', 6]]","{'C': 0.7988693049551047, 'H': 0.20113069504489525}",1.0,dissipation
"('ecoinvent-3.4-biosphere', '2712fe5f-0d3c-4c8e-8bc4-26c604413849')","Cadmium, ion","('water',)",kilogram,Cadmium,Cd,112.41,"[['Cd', 1]]",{'Cd': 1.0},1.0,dissipation
"('ecoinvent-3.4-biosphere', '725c7923-0ed8-43e5-b485-fad7e34bef08')","DOC, Dissolved Organic Carbon","('water', 'ground-, long-term')",kilogram,DOC,C21H30O3,330.5,"[['C', 21], ['H', 30], ['O', 3]]","{'C': 0.7631800302571861, 'H': 0.09149773071104388, 'O': 0.14522541603630862}",1.0,dissipation
"('ecoinvent-3.4-biosphere', '8b03ef98-860a-4870-a598-199cd9679f67')",Trichlorosilane,"('water', 'ground-, long-term')",kilogram,Trichlorosilane,Cl3HSi,135.45,"[['Cl', 3], ['H', 1], ['Si', 1]]","{'Cl': 0.7852270210409746, 'H': 0.0074418604651162795, 'Si': 0.20735326688815062}",1.0,dissipation
"('ecoinvent-3.4-biosphere', '3feb6415-ae50-4bb7-b9d1-c18d99f8a87f')","Methane, trichlorofluoro-, CFC-11","('air', 'low population density, long-term')",kilogram,Methane,CH4,16.043,"[['C', 1], ['H', 4]]","{'C': 0.7486754347690582, 'H': 0.2513245652309419}",1.0,dissipation
"('ecoinvent-3.4-biosphere', '4925cde1-9f43-43d3-bcf1-4865b8de6634')","Ethane, chloropentafluoro-, CFC-115","('air', 'low population density, long-term')",kilogram,Ethane,C2H6,30.07,"[['C', 2], ['H', 6]]","{'C': 0.7988693049551047, 'H': 0.20113069504489525}",1.0,dissipation
"('ecoinvent-3.4-biosphere', '9bc66656-9f37-44bc-ae0b-5d5243b8137e')","Ethene, tetrachloro-","('air',)",kilogram,Ethene,C2H4,28.05,"[['C', 2], ['H', 4]]","{'C': 0.8563992869875222, 'H': 0.14374331550802139}",1.0,dissipation
"('ecoinvent-3.4-biosphere', '0d3ccb17-b3fe-4c08-b7cb-458ed3ababf1')",Ethanol,"('air', 'non-urban air or from high stacks')",kilogram,Ethanol,C2H6O,46.07,"[['C', 2], ['H', 6], ['O', 1]]","{'C': 0.5214239201215541, 'H': 0.1312784892554808, 'O': 0.3472758845235511}",1.0,dissipation
"('ecoinvent-3.4-biosphere', '5debbf40-9fc7-4115-b276-9dcae25f4cdd')",Benzo(a)pyrene,"('water', 'surface water')",kilogram,Benzo(a)pyrene,C20H12,252.3,"[['C', 20], ['H', 12]]","{'C': 0.9521204914783986, 'H': 0.04794292508917954}",1.0,dissipation
"('ecoinvent-3.4-biosphere', 'b3ebd051-6ad4-4741-abf3-b55cad059e2c')",Cyanoacetic acid,"('air', 'lower stratosphere + upper troposphere')",kilogram,Cyanoacetic acid,C3H3NO2,85.06,"[['C', 3], ['H', 3], ['N', 1], ['O', 2]]","{'C': 0.42361862214907126, 'H': 0.035551375499647306, 'N': 0.16467199623794967, 'O': 0.37618151892781565}",1.0,dissipation
"('ecoinvent-3.4-biosphere', '8a515488-6475-42d0-bdf3-00a89ac06d0d')",Ethyne,"('air', 'low population density, long-term')",kilogram,Ethyne,C2H2,26.04,"[['C', 2], ['H', 2]]","{'C': 0.9225038402457757, 'H': 0.07741935483870968}",1.0,dissipation
"('ecoinvent-3.4-biosphere', 'b350979f-1ec0-4f66-8f30-c0a216ae5455')",Ethylene oxide,"('water', 'ocean')",kilogram,Ethylene oxide,C2H4O,44.05,"[['C', 2], ['H', 4], ['O', 1]]","{'C': 0.5453348467650397, 'H': 0.09153234960272419, 'O': 0.3632009080590239}",1.0,dissipation
"('ecoinvent-3.4-biosphere', '62c14aa1-ef5b-4bbc-8601-a5002e05f6e5')",Scandium,"('soil', 'forestry')",kilogram,Scandium,Sc,44.95591,"[['Sc', 1]]",{'Sc': 1.0},1.0,dissipation
"('ecoinvent-3.4-biosphere', '9fbec2f4-6b42-4e63-9573-14e04befe20f')",4-Methyl-2-pentanone,"('air', 'urban air close to ground')",kilogram,4-Methyl-2-pentanone,C6H12O,100.16,"[['C', 6], ['H', 12], ['O', 1]]","{'C': 0.719508785942492, 'H': 0.12076677316293931, 'O': 0.1597344249201278}",1.0,dissipation
"('ecoinvent-3.4-biosphere', 'e86bfec2-1025-4fa2-90b1-81e35e621e91')","Ethane, 1,1,1-trifluoro-, HFC-143a","('air',)",kilogram,Ethane,C2H6,30.07,"[['C', 2], ['H', 6]]","{'C': 0.7988693049551047, 'H': 0.20113069504489525}",1.0,dissipation
"('ecoinvent-3.4-biosphere', '969e148a-eeb1-4d37-b388-8cee13212281')",Fluoboric acid,"('water', 'ocean')",kilogram,Fluoboric acid,BF4H,87.82,"[['B', 1], ['F', 4], ['H', 1]]","{'B': 0.123092689592348, 'F': 0.8653154179002507, 'H': 0.011478023229332727}",1.0,dissipation
"('ecoinvent-3.4-biosphere', 'e8fc62ba-678e-4706-97d2-b79d83e227d5')",Nickel,"('air', 'non-urban air or from high stacks')",kilogram,Nickel,Ni,58.693,"[['Ni', 1]]",{'Ni': 1.0},1.0,dissipation
"('ecoinvent-3.4-biosphere', '04a6edb8-624a-484e-8f85-d771657adae7')","Methane, dichlorofluoro-, HCFC-21","('air',)",kilogram,Methane,CH4,16.043,"[['C', 1], ['H', 4]]","{'C': 0.7486754347690582, 'H': 0.2513245652309419}",1.0,dissipation
"('ecoinvent-3.4-biosphere', '44d3e792-7c9e-48ab-9de9-acfa2e097f26')",Copper,"('soil',)",kilogram,Copper,Cu,63.55,"[['Cu', 1]]",{'Cu': 1.0},1.0,dissipation
"('ecoinvent-3.4-biosphere', '43398c2a-4ceb-4c7f-8ffc-37d2b78e22a3')",Dimethylamine,"('water',)",kilogram,Dimethylamine,C2H7N,45.08,"[['C', 2], ['H', 7], ['N', 1]]","{'C': 0.5328748890860692, 'H': 0.1565217391304348, 'N': 0.3107142857142857}",1.0,dissipation
"('ecoinvent-3.4-biosphere', '34de4196-871a-4db8-a182-589ab780a935')","Methane, dichlorofluoro-, HCFC-21","('air', 'low population density, long-term')",kilogram,Methane,CH4,16.043,"[['C', 1], ['H', 4]]","{'C': 0.7486754347690582, 'H': 0.2513245652309419}",1.0,dissipation
"('ecoinvent-3.4-biosphere', 'f992dcb8-c19c-46b1-a36b-3053ef83b755')",Thiram,"('soil', 'agricultural')",kilogram,Thiram,C6H12N2S4,240.4,"[['C', 6], ['H', 12], ['N', 2], ['S', 4]]","{'C': 0.29977537437603996, 'H': 0.05031613976705491, 'N': 0.11653078202995008, 'S': 0.5335274542429284}",1.0,dissipation
"('ecoinvent-3.4-biosphere', 'ba38866f-4480-48a7-9e22-92a16fc3e9c5')",Methyl acetate,"('air', 'non-urban air or from high stacks')",kilogram,Methyl acetate,C3H6O2,74.08,"[['C', 3], ['H', 6], ['O', 2]]","{'C': 0.4864065874730022, 'H': 0.08164146868250541, 'O': 0.4319384449244061}",1.0,dissipation
"('ecoinvent-3.4-biosphere', 'f8f45bf4-3126-41ac-918f-944a028c2ac8')",Palladium,"('water', 'ocean')",kilogram,Palladium,Pd,106.42,"[['Pd', 1]]",{'Pd': 1.0},1.0,dissipation
"('ecoinvent-3.4-biosphere', 'd493b514-f36d-482f-a978-63b5a1889bc2')",Borate,"('water',)",kilogram,Borate,BO3-3,58.81,"[['B', 1], ['O', 3]]","{'B': 0.18381227682366943, 'O': 0.816136711443632}",1.0,dissipation
"('ecoinvent-3.4-biosphere', '5933e933-9eaf-4f97-ae63-5eb1eea95e53')",Ethyl acetate,"('air', 'non-urban air or from high stacks')",kilogram,Ethyl acetate,C4H8O2,88.11,"[['C', 4], ['H', 8], ['O', 2]]","{'C': 0.5452729542617183, 'H': 0.09152196118488254, 'O': 0.3631596867551924}",1.0,dissipation
"('ecoinvent-3.4-biosphere', 'e91093c9-20df-49c5-8960-eabf05af6832')",Acetone,"('air', 'low population density, long-term')",kilogram,Acetone,C3H6O,58.08,"[['C', 3], ['H', 6], ['O', 1]]","{'C': 0.6204028925619836, 'H': 0.10413223140495868, 'O': 0.27546487603305786}",1.0,dissipation
"('ecoinvent-3.4-biosphere', 'fa30d40e-91e8-4a8a-b9e1-f1a6b330a096')","Perchlorate, ion","('water', 'ground-, long-term')",kilogram,Perchlorate,ClO4-,99.45,"[['Cl', 1], ['O', 4]]","{'Cl': 0.35649069884364004, 'O': 0.643499245852187}",1.0,dissipation
"('ecoinvent-3.4-biosphere', '5c238e5f-97c8-4837-8d67-48899ddd43be')",Acenaphthene,"('water', 'surface water')",kilogram,Acenaphthene,C12H10,154.21,"[['C', 12], ['H', 10]]","{'C': 0.9346475585240905, 'H': 0.06536541080344983}",1.0,dissipation
"('ecoinvent-3.4-biosphere', 'f4acd7b6-e3a1-44d9-b3ce-4abcf440f6fc')",Propylamine,"('air', 'lower stratosphere + upper troposphere')",kilogram,Propylamine,C3H9N,59.11,"[['C', 3], ['H', 9], ['N', 1]]","{'C': 0.6095922855692777, 'H': 0.15347656910844187, 'N': 0.23696498054474707}",1.0,dissipation
"('ecoinvent-3.4-biosphere', '2e718246-b4f2-44e3-bcc5-2ce3496d2db6')",Prohexadione-calcium,"('soil', 'agricultural')",kilogram,Prohexadione-calcium,C10H10CaO5,250.26,"[['C', 10], ['H', 10], ['Ca', 1], ['O', 5]]","{'C': 0.47994086150403575, 'H': 0.04027811076480461, 'Ca': 0.16014544873331737, 'O': 0.319647566530808}",1.0,dissipation
"('ecoinvent-3.4-biosphere', '6cfec9aa-691b-4be2-940d-56e73fda16de')",Ethane,"('air', 'lower stratosphere + upper troposphere')",kilogram,Ethane,C2H6,30.07,"[['C', 2], ['H', 6]]","{'C': 0.7988693049551047, 'H': 0.20113069504489525}",1.0,dissipation
"('ecoinvent-3.4-biosphere', 'e7f7fd97-a1c8-4be9-8a21-68ef06437d20')",Formic acid,"('air', 'non-urban air or from high stacks')",kilogram,Formic acid,CH2O2,46.025,"[['C', 1], ['H', 2], ['O', 2]]","{'C': 0.260966865833786, 'H': 0.04380228136882129, 'O': 0.6952308527973927}",1.0,dissipation
"('ecoinvent-3.4-biosphere', '8f371d76-4cd1-4670-83c4-ae2b3b3355c6')",Diethylene glycol,"('water', 'ground-')",kilogram,Diethylene glycol,C4H10O3,106.12,"[['C', 4], ['H', 10], ['O', 3]]","{'C': 0.4527327553712778, 'H': 0.09498680738786279, 'O': 0.4522898605352431}",1.0,dissipation
"('ecoinvent-3.4-biosphere', '10df31ce-d6ad-42b6-8fb2-9dfdb588e9ec')",Benzo(b)fluoranthene,"('water', 'surface water')",kilogram,Benzo(b)fluoranthene,C20H12,252.3,"[['C', 20], ['H', 12]]","{'C': 0.9521204914783986, 'H': 0.04794292508917954}",1.0,dissipation
"('ecoinvent-3.4-biosphere', '97afe0e8-be32-431e-94ea-a1fa5d156c76')",Endothall,"('soil', 'agricultural')",kilogram,Endothall,C8H10O5,186.16,"[['C', 8], ['H', 10], ['O', 5]]","{'C': 0.5161581435324452, 'H': 0.054146970348087665, 'O': 0.42971100128921363}",1.0,dissipation
"('ecoinvent-3.4-biosphere', 'aa7cac3a-3625-41d4-bc54-33e2cf11ec46')","Carbon dioxide, fossil","('air', 'non-urban air or from high stacks')",kilogram,Carbon dioxide,CO2,44.009,"[['C', 1], ['O', 2]]","{'C': 0.27292144788565975, 'O': 0.7270785521143402}",1.0,dissipation
"('ecoinvent-3.4-biosphere', '4e1c58e6-4eb7-4ca6-8db9-6c4a6932bc1f')",t-Butylamine,"('air', 'low population density, long-term')",kilogram,t-Butylamine,C4H11N,73.14,"[['C', 4], ['H', 11], ['N', 1]]","{'C': 0.6568772217664752, 'H': 0.15159967186218212, 'N': 0.19150943396226414}",1.0,dissipation
"('ecoinvent-3.4-biosphere', '3c2d03ee-5d0a-4866-b0de-5d4bd1823b1a')",Sodium chlorate,"('water', 'ground-, long-term')",kilogram,Sodium chlorate,ClNaO3,106.44,"[['Cl', 1], ['Na', 1], ['O', 3]]","{'Cl': 0.3330796692972567, 'Na': 0.21599022923712888, 'O': 0.45093010146561446}",1.0,dissipation
"('ecoinvent-3.4-biosphere', '95886a55-63a7-4e2e-8120-6cd2e6afbbfc')",Phosphorus trichloride,"('air', 'low population density, long-term')",kilogram,Phosphorus trichloride,Cl3P,137.33,"[['Cl', 3], ['P', 1]]","{'Cl': 0.7744775358625209, 'P': 0.2255443093278963}",1.0,dissipation
"('ecoinvent-3.4-biosphere', '80059f17-e3f9-4041-9fdc-31658ce27288')",Quinoxyfen,"('soil', 'agricultural')",kilogram,Quinoxyfen,C15H8Cl2FNO,308.1,"[['C', 15], ['H', 8], ['Cl', 2], ['F', 1], ['N', 1], ['O', 1]]","{'C': 0.584761441090555, 'H': 0.026173320350535538, 'Cl': 0.23013956507627395, 'F': 0.06166179811749432, 'N': 0.045462512171372926, 'O': 0.05192794547224927}",1.0,dissipation
"('ecoinvent-3.4-biosphere', '6f8ce7a4-d66a-4593-9314-51778aa09d4b')","Ethane, chloropentafluoro-, CFC-115","('air', 'non-urban air or from high stacks')",kilogram,Ethane,C2H6,30.07,"[['C', 2], ['H', 6]]","{'C': 0.7988693049551047, 'H': 0.20113069504489525}",1.0,dissipation
"('ecoinvent-3.4-biosphere', 'a31cd36e-e3ca-42ac-8d71-de1b6b12f523')",Isoprene,"('air', 'lower stratosphere + upper troposphere')",kilogram,Isoprene,C5H8,68.12,"[['C', 5], ['H', 8]]","{'C': 0.8816059894304168, 'H': 0.11837933059307104}",1.0,dissipation
"('ecoinvent-3.4-biosphere', '4a786a72-4967-453c-b752-2cb1eaf73a0b')",Flucarbazone sodium salt,"('soil', 'agricultural')",kilogram,Flucarbazone sodium salt,C12H10F3N4NaO6S,418.28,"[['C', 12], ['H', 10], ['F', 3], ['N', 4], ['Na', 1], ['O', 6], ['S', 1]]","{'C': 0.3445825762647031, 'H': 0.02409868987281247, 'F': 0.13625800898919385, 'N': 0.133948551209716, 'Na': 0.05496318255713876, 'O': 0.22949698766376592, 'S': 0.0766591756717988}",1.0,dissipation
"('ecoinvent-3.4-biosphere', '0bb03c13-6035-4e0c-88a7-2c7d0bcd4125')",Boron trifluoride,"('air', 'lower stratosphere + upper troposphere')",kilogram,Boron trifluoride,BF3,67.81,"[['B', 1], ['F', 3]]","{'B': 0.15941601533697095, 'F': 0.8404955021383277}",1.0,dissipation
"('ecoinvent-3.4-biosphere', '4c44e04f-9b3d-4389-bf08-1bddf9dfa9e7')",Fosetyl-aluminium,"('soil', 'agricultural')",kilogram,Fosetyl-aluminium,C6H15AlO9P3+3,351.08,"[['C', 6], ['H', 15], ['Al', 1], ['O', 9], ['P', 3]]","{'C': 0.20526945425544038, 'H': 0.04306710721203145, 'Al': 0.07685427822718469, 'O': 0.4101372906460067, 'P': 0.2646747180129885}",1.0,dissipation
"('ecoinvent-3.4-biosphere', '442511cc-a98b-4242-9229-5736cb9a9399')",Molybdenum,"('water', 'surface water')",kilogram,Molybdenum,Mo,95.95,"[['Mo', 1]]",{'Mo': 1.0},1.0,dissipation
"('ecoinvent-3.4-biosphere', '2bb2d63d-ad12-442f-af58-009b08ce2df4')",Sodium hypochlorite,"('air', 'low population density, long-term')",kilogram,Sodium hypochlorite,ClNaO,74.44,"[['Cl', 1], ['Na', 1], ['O', 1]]","{'Cl': 0.4762627619559377, 'Na': 0.3088393336915637, 'O': 0.21492477162815693}",1.0,dissipation
"('ecoinvent-3.4-biosphere', 'acfeda73-2eee-4ca2-ad41-e8c564e75cec')",Dimethyl ether,"('air',)",kilogram,Dimethyl ether,C2H6O,46.07,"[['C', 2], ['H', 6], ['O', 1]]","{'C': 0.5214239201215541, 'H': 0.1312784892554808, 'O': 0.3472758845235511}",1.0,dissipation
"('ecoinvent-3.4-biosphere', '85e6e865-0116-406a-b60d-4e88e2cf8c26')",Carbon disulfide,"('water', 'ground-, long-term')",kilogram,Carbon disulfide,CS2,76.15,"[['C', 1], ['S', 2]]","{'C': 0.1577281680892974, 'S': 0.8421536441234404}",1.0,dissipation
"('ecoinvent-3.4-biosphere', 'ebadae73-f4ff-4594-8241-0fafa5f972d2')",Sulfite,"('water', 'ocean')",kilogram,Sulfite,O3S-2,80.07,"[['O', 3], ['S', 1]]","{'O': 0.5994379917572125, 'S': 0.400462095666292}",1.0,dissipation
"('ecoinvent-3.4-biosphere', '800ec8a5-e0f2-4f47-8c43-dd93962cc0da')",Lithium carbonate,"('air',)",kilogram,Lithium carbonate,CLi2O3,73.9,"[['C', 1], ['Li', 2], ['O', 3]]","{'C': 0.16253044654939106, 'Li': 0.1878484438430311, 'O': 0.6494857916102841}",1.0,dissipation
"('ecoinvent-3.4-biosphere', '6fa8a7df-bd00-4b65-82bd-23b6a4cffe6a')",Thallium,"('soil',)",kilogram,Thallium,Tl,204.383,"[['Tl', 1]]",{'Tl': 1.0},1.0,dissipation
"('ecoinvent-3.4-biosphere', '81e17d9a-3e0b-414e-9b2e-eca7e5b3bd4a')",Chromium VI,"('air',)",kilogram,Chromium,Cr,51.996,"[['Cr', 1]]",{'Cr': 1.0},1.0,dissipation
"('ecoinvent-3.4-biosphere', 'bbd89c3f-b232-49aa-8ce7-45758afe4479')",Benzene,"('water', 'ground-')",kilogram,Benzene,C6H6,78.11,"[['C', 6], ['H', 6]]","{'C': 0.9226219434131354, 'H': 0.07742926641915247}",1.0,dissipation
"('ecoinvent-3.4-biosphere', '8c1489f3-f3cc-4c8d-a15e-6a5f91cf8abb')",Formamide,"('water', 'ocean')",kilogram,Formamide,CH3NO,45.041,"[['C', 1], ['H', 3], ['N', 1], ['O', 1]]","{'C': 0.2666681467995826, 'H': 0.0671388290668502, 'N': 0.310983326302702, 'O': 0.35520969783086526}",1.0,dissipation
"('ecoinvent-3.4-biosphere', '0650f48f-c6c9-44ae-ac49-c3bae05220c3')",Ethylene diamine,"('water',)",kilogram,Ethylene diamine,C2H8N2,60.1,"[['C', 2], ['H', 8], ['N', 2]]","{'C': 0.3997004991680532, 'H': 0.1341763727121464, 'N': 0.46612312811980033}",1.0,dissipation
"('ecoinvent-3.4-biosphere', 'e0d8e366-5778-4dc2-aefd-2eb2e40f4066')",Benzo(k)fluoranthene,"('water', 'ground-, long-term')",kilogram,Benzo(k)fluoranthene,C20H12,252.3,"[['C', 20], ['H', 12]]","{'C': 0.9521204914783986, 'H': 0.04794292508917954}",1.0,dissipation
"('ecoinvent-3.4-biosphere', '30533fd3-b19c-44fc-9a88-fb6b12409b47')","Ethane, chloropentafluoro-, CFC-115","('air', 'lower stratosphere + upper troposphere')",kilogram,Ethane,C2H6,30.07,"[['C', 2], ['H', 6]]","{'C': 0.7988693049551047, 'H': 0.20113069504489525}",1.0,dissipation
"('ecoinvent-3.4-biosphere', 'f2e4394f-61bb-5493-983d-d3d5b7b96a41')",Bromopropane,"('air',)",kilogram,Bromopropane,C3H7Br,122.99,"[['C', 3], ['H', 7], ['Br', 1]]","{'C': 0.29297503862102614, 'H': 0.05737051792828685, 'Br': 0.6496788356776974}",1.0,dissipation
"('ecoinvent-3.4-biosphere', 'd761f94e-517d-41cf-89fa-17dc72f7a69b')",Phosphorus,"('air',)",kilogram,Phosphorus,P,30.973762,"[['P', 1]]",{'P': 1.0},1.0,dissipation
"('ecoinvent-3.4-biosphere', '43b29ad9-26dd-4838-b931-6216e55a0120')",Antimony,"('air', 'non-urban air or from high stacks')",kilogram,Antimony,Sb,121.76,"[['Sb', 1]]",{'Sb': 1.0},1.0,dissipation
"('ecoinvent-3.4-biosphere', '7ed6dc0d-9c2e-4046-a44b-e8a708c2081e')",Acrolein,"('air', 'urban air close to ground')",kilogram,Acrolein,C3H4O,56.06,"[['C', 3], ['H', 4], ['O', 1]]","{'C': 0.6427577595433465, 'H': 0.0719229397074563, 'O': 0.28539065287192295}",1.0,dissipation
"('ecoinvent-3.4-biosphere', '50f3bc1e-fafc-44a2-9800-4468d8c3b643')",Hydrogen chloride,"('air', 'lower stratosphere + upper troposphere')",kilogram,Hydrogen chloride,ClH,36.46,"[['Cl', 1], ['H', 1]]","{'Cl': 0.9723806911684038, 'H': 0.02764673614920461}",1.0,dissipation
"('ecoinvent-3.4-biosphere', 'd380bac0-e4c5-430a-b75f-ace6b50a3e30')",Sodium chlorate,"('air',)",kilogram,Sodium chlorate,ClNaO3,106.44,"[['Cl', 1], ['Na', 1], ['O', 3]]","{'Cl': 0.3330796692972567, 'Na': 0.21599022923712888, 'O': 0.45093010146561446}",1.0,dissipation
"('ecoinvent-3.4-biosphere', 'd689f35b-5ebf-4b87-bb12-c4e316219275')",Maneb,"('soil', 'agricultural')",kilogram,Maneb,C4H6MnN2S4,265.3,"[['C', 4], ['H', 6], ['Mn', 1], ['N', 2], ['S', 4]]","{'C': 0.1810931021485111, 'H': 0.02279683377308707, 'Mn': 0.20707877874104788, 'N': 0.10559366754617414, 'S': 0.4834526950621937}",1.0,dissipation
"('ecoinvent-3.4-biosphere', 'dfe1da1e-7756-4f7e-a393-6d5e2342a962')","Methane, tetrafluoro-, R-14","('air', 'urban air close to ground')",kilogram,Methane,CH4,16.043,"[['C', 1], ['H', 4]]","{'C': 0.7486754347690582, 'H': 0.2513245652309419}",1.0,dissipation
"('ecoinvent-3.4-biosphere', '6bc9e39e-bfc5-4929-88d9-863684901143')",Titanium,"('soil',)",kilogram,Titanium,Ti,47.867,"[['Ti', 1]]",{'Ti': 1.0},1.0,dissipation
"('ecoinvent-3.4-biosphere', '21f84442-7dc8-492a-8253-867dd1caf8d6')",Carbetamide,"('soil', 'agricultural')",kilogram,Carbetamide,C12H16N2O3,236.27,"[['C', 12], ['H', 16], ['N', 2], ['O', 3]]","{'C': 0.6100308968552927, 'H': 0.06826088796715622, 'N': 0.1185677402971177, 'O': 0.2031447073263639}",1.0,dissipation
"('ecoinvent-3.4-biosphere', '0f440cc0-0f74-446d-99d6-8ff0e97a2444')",Ammonia,"('air', 'non-urban air or from high stacks')",kilogram,Ammonia,H3N,17.031,"[['H', 3], ['N', 1]]","{'H': 0.1775585696670777, 'N': 0.8224414303329224}",1.0,dissipation
"('ecoinvent-3.4-biosphere', 'b59aad72-50dd-4938-93bd-9ed99ab720af')",Halosulfuron-methyl,"('soil', 'agricultural')",kilogram,Halosulfuron-methyl,C13H15ClN6O7S,434.81,"[['C', 13], ['H', 15], ['Cl', 1], ['N', 6], ['O', 7], ['S', 1]]","{'C': 0.3591062763045928, 'H': 0.03477380925001725, 'Cl': 0.08153676318391942, 'N': 0.19328442308134589, 'O': 0.25756767323658614, 'S': 0.07374485407419332}",1.0,dissipation
"('ecoinvent-3.4-biosphere', 'c46a1f56-c012-4ee9-ae49-48641d0cdbf5')","Ethene, trichloro-","('water', 'ground-, long-term')",kilogram,Ethene,C2H4,28.05,"[['C', 2], ['H', 4]]","{'C': 0.8563992869875222, 'H': 0.14374331550802139}",1.0,dissipation
"('ecoinvent-3.4-biosphere', 'a4c31e2a-915e-4ab2-accd-d3ae93d2e01e')","Titanium, ion","('water',)",kilogram,Titanium,Ti,47.867,"[['Ti', 1]]",{'Ti': 1.0},1.0,dissipation
"('ecoinvent-3.4-biosphere', 'fe2f33dc-75a6-4f18-852d-45da3b54f983')",Epichlorohydrin,"('air', 'low population density, long-term')",kilogram,Epichlorohydrin,C3H5ClO,92.52,"[['C', 3], ['H', 5], ['Cl', 1], ['O', 1]]","{'C': 0.38946173800259404, 'H': 0.054474708171206226, 'Cl': 0.38319282317336795, 'O': 0.1729247730220493}",1.0,dissipation
"('ecoinvent-3.4-biosphere', '52a00fec-4289-485c-a56e-380de43e1b97')",Trifloxystrobin,"('water', 'surface water')",kilogram,Trifloxystrobin,C20H19F3N2O4,408.4,"[['C', 20], ['H', 19], ['F', 3], ['N', 2], ['O', 4]]","{'C': 0.588197845249755, 'H': 0.046895200783545546, 'F': 0.1395543584720862, 'N': 0.06859451518119491, 'O': 0.15669931439764936}",1.0,dissipation
"('ecoinvent-3.4-biosphere', 'c28194ca-3ebc-4f8b-a456-f133e8d0aaee')",Methyl formate,"('water',)",kilogram,Methyl formate,C2H4O2,60.05,"[['C', 2], ['H', 4], ['O', 2]]","{'C': 0.40003330557868444, 'H': 0.06714404662781016, 'O': 0.5328559533721899}",1.0,dissipation
"('ecoinvent-3.4-biosphere', '8a3e8643-00f3-4a90-8ed3-a9561debcf05')",Butyl acetate,"('water', 'ground-, long-term')",kilogram,Butyl acetate,C6H12O2,116.16,"[['C', 6], ['H', 12], ['O', 2]]","{'C': 0.6204028925619836, 'H': 0.10413223140495868, 'O': 0.27546487603305786}",1.0,dissipation
"('ecoinvent-3.4-biosphere', 'fc1e35a8-88d4-4baf-a41a-563af2af9174')",Bromate,"('water', 'ground-, long-term')",kilogram,Bromate,BrO3-,127.9,"[['Br', 1], ['O', 3]]","{'Br': 0.6247380766223611, 'O': 0.3752697419859265}",1.0,dissipation
"('ecoinvent-3.4-biosphere', '9033de29-de9e-44b5-aea0-c9edb9ca2dd4')",Propanal,"('water', 'ground-, long-term')",kilogram,Propanal,C3H6O,58.08,"[['C', 3], ['H', 6], ['O', 1]]","{'C': 0.6204028925619836, 'H': 0.10413223140495868, 'O': 0.27546487603305786}",1.0,dissipation
"('ecoinvent-3.4-biosphere', 'db5aeca7-a390-4f6e-ad8b-9b4deeba5fae')",Ethylene oxide,"('water', 'ground-, long-term')",kilogram,Ethylene oxide,C2H4O,44.05,"[['C', 2], ['H', 4], ['O', 1]]","{'C': 0.5453348467650397, 'H': 0.09153234960272419, 'O': 0.3632009080590239}",1.0,dissipation
"('ecoinvent-3.4-biosphere', '6b29d83a-c43c-484c-8e73-474a8a22d71e')",Chromium,"('air', 'low population density, long-term')",kilogram,Chromium,Cr,51.996,"[['Cr', 1]]",{'Cr': 1.0},1.0,dissipation
"('ecoinvent-3.4-biosphere', 'a65308df-73ac-4aa8-88f0-319743a50293')",t-Butyl methyl ether,"('water', 'ground-, long-term')",kilogram,t-Butyl methyl ether,C5H12O,88.15,"[['C', 5], ['H', 12], ['O', 1]]","{'C': 0.6812819058423141, 'H': 0.13722064662507089, 'O': 0.18149744753261485}",1.0,dissipation
"('ecoinvent-3.4-biosphere', 'b7720f05-761d-4aa1-a672-4f6bd28a0369')","Ethane, hexachloro-","('water', 'ground-')",kilogram,Ethane,C2H6,30.07,"[['C', 2], ['H', 6]]","{'C': 0.7988693049551047, 'H': 0.20113069504489525}",1.0,dissipation
"('ecoinvent-3.4-biosphere', '9b132374-dce2-4ce0-86aa-53201b30f617')","Ethane, 1,1,2-trichloro-1,2,2-trifluoro-, CFC-113","('air', 'urban air close to ground')",kilogram,Ethane,C2H6,30.07,"[['C', 2], ['H', 6]]","{'C': 0.7988693049551047, 'H': 0.20113069504489525}",1.0,dissipation
"('ecoinvent-3.4-biosphere', '20d4d821-f4f7-4017-8810-f822fcdf619e')",Hydrogen sulfide,"('air',)",kilogram,Hydrogen sulfide,H2S,34.08,"[['H', 2], ['S', 1]]","{'H': 0.05915492957746479, 'S': 0.9408744131455399}",1.0,dissipation
"('ecoinvent-3.4-biosphere', '32bd196f-401c-4ece-bc45-a3b5ab7fd6fc')",Dimethyl malonate,"('air', 'non-urban air or from high stacks')",kilogram,Dimethyl malonate,C5H8O4,132.11,"[['C', 5], ['H', 8], ['O', 4]]","{'C': 0.45458330179395945, 'H': 0.06104004238891832, 'O': 0.4844145030656271}",1.0,dissipation
"('ecoinvent-3.4-biosphere', '811220d4-55e0-441f-8185-59e51207a79d')",Gold,"('water', 'ground-')",kilogram,Gold,Au,196.96657,"[['Au', 1]]",{'Au': 1.0},1.0,dissipation
"('ecoinvent-3.4-biosphere', '65a6b1d7-ced3-4ae3-9789-c82060af6b2f')",Tebuconazole,"('air', 'non-urban air or from high stacks')",kilogram,Tebuconazole,C16H22ClN3O,307.82,"[['C', 16], ['H', 22], ['Cl', 1], ['N', 3], ['O', 1]]","{'C': 0.624312910142291, 'H': 0.07204210252745112, 'Cl': 0.11517445260217012, 'N': 0.13651159768695992, 'O': 0.05197518030017543}",1.0,dissipation
"('ecoinvent-3.4-biosphere', '1dfddbaf-11aa-4001-89e7-1303b3a95e02')",Monochloroethane,"('air', 'non-urban air or from high stacks')",kilogram,Monochloroethane,C2H5Cl,64.51,"[['C', 2], ['H', 5], ['Cl', 1]]","{'C': 0.37237637575569676, 'H': 0.07812742210509997, 'Cl': 0.5495737095024027}",1.0,dissipation
"('ecoinvent-3.4-biosphere', 'f3254744-2459-4052-92cc-e6284c9c883b')",Chloroacetic acid,"('air', 'low population density, long-term')",kilogram,Chloroacetic acid,C2H3ClO2,94.5,"[['C', 2], ['H', 3], ['Cl', 1], ['O', 2]]","{'C': 0.2542010582010582, 'H': 0.032, 'Cl': 0.3751640211640212, 'O': 0.33860317460317463}",1.0,dissipation
"('ecoinvent-3.4-biosphere', 'ccfea48e-0aec-4573-8ed1-fb7c0f1b14ae')",1-Pentene,"('air', 'non-urban air or from high stacks')",kilogram,1-Pentene,C5H10,70.13,"[['C', 5], ['H', 10]]","{'C': 0.8563382290032796, 'H': 0.14373306716098674}",1.0,dissipation
"('ecoinvent-3.4-biosphere', 'ce312691-69ee-4cdb-9bd6-f717955b94b8')",Chlorine,"('water', 'surface water')",kilogram,Chlorine,Cl2,70.9,"[['Cl', 2]]",{'Cl': 1.0},1.0,dissipation
"('ecoinvent-3.4-biosphere', '6b248529-b754-4be7-8b1a-91b9756fc2bc')",Hexane,"('air',)",kilogram,Hexane,C6H14,86.18,"[['C', 6], ['H', 14]]","{'C': 0.8362265026688327, 'H': 0.16375029009050823}",1.0,dissipation
"('ecoinvent-3.4-biosphere', '3277c200-21e3-4b45-8dcc-97cdc2e4c245')",Tungsten,"('water', 'ground-')",kilogram,Tungsten,W,183.84,"[['W', 1]]",{'W': 1.0},1.0,dissipation
"('ecoinvent-3.4-biosphere', 'afcbd980-14c2-4e1d-a0aa-5f6464e5c76b')",Hydrogen chloride,"('air', 'urban air close to ground')",kilogram,Hydrogen chloride,ClH,36.46,"[['Cl', 1], ['H', 1]]","{'Cl': 0.9723806911684038, 'H': 0.02764673614920461}",1.0,dissipation
"('ecoinvent-3.4-biosphere', 'e259263c-d1f1-449f-bb9b-73c6d0a32a00')","Carbon dioxide, fossil","('air', 'low population density, long-term')",kilogram,Carbon dioxide,CO2,44.009,"[['C', 1], ['O', 2]]","{'C': 0.27292144788565975, 'O': 0.7270785521143402}",1.0,dissipation
"('ecoinvent-3.4-biosphere', 'e24da787-41ae-4aa3-b13b-36862b5fd10e')",Bromoxynil,"('soil', 'agricultural')",kilogram,Bromoxynil,C7H3Br2NO,276.91,"[['C', 7], ['H', 3], ['Br', 2], ['N', 1], ['O', 1]]","{'C': 0.3036257267704308, 'H': 0.010920515691018741, 'Br': 0.5771116969412444, 'N': 0.050583221985482645, 'O': 0.05777689502004261}",1.0,dissipation
"('ecoinvent-3.4-biosphere', '1ec6c4b4-ee5f-4788-8683-c95a84d6d63c')",Heptane,"('air',)",kilogram,Heptane,C7H16,100.2,"[['C', 7], ['H', 16]]","{'C': 0.8390918163672654, 'H': 0.1609580838323353}",1.0,dissipation
"('ecoinvent-3.4-biosphere', '4909973f-d10f-41aa-bf17-68f1d9dd21bc')",Methyl acrylate,"('air', 'lower stratosphere + upper troposphere')",kilogram,Methyl acrylate,C4H6O2,86.09,"[['C', 4], ['H', 6], ['O', 2]]","{'C': 0.558067139040539, 'H': 0.0702520617957951, 'O': 0.3716807991636659}",1.0,dissipation
"('ecoinvent-3.4-biosphere', '5064da53-d4ec-44ee-ba23-b20a4f8c4964')",Butadiene,"('air',)",kilogram,Butadiene,C4H6,54.09,"[['C', 4], ['H', 6]]","{'C': 0.8882233314845627, 'H': 0.11181364392678868}",1.0,dissipation
"('ecoinvent-3.4-biosphere', 'efc4290c-1404-4e01-8b5e-e75c6d90615c')",Butanol,"('air', 'urban air close to ground')",kilogram,Butanol,C4H10O,74.12,"[['C', 4], ['H', 10], ['O', 1]]","{'C': 0.6481921208850512, 'H': 0.13599568267674042, 'O': 0.21585267134376687}",1.0,dissipation
"('ecoinvent-3.4-biosphere', 'ed975027-d31b-429b-ae6b-70b70df7bf5b')",Phosphine,"('air', 'non-urban air or from high stacks')",kilogram,Phosphine,H3P,33.998,"[['H', 3], ['P', 1]]","{'H': 0.08894640861227132, 'P': 0.9110535913877288}",1.0,dissipation
"('ecoinvent-3.4-biosphere', 'cb29369f-6e3a-42b2-868c-1da562585995')",Benzal chloride,"('water',)",kilogram,Benzal chloride,C7H6Cl2,161.03,"[['C', 7], ['H', 6], ['Cl', 2]]","{'C': 0.5221201018443768, 'H': 0.03755821896541017, 'Cl': 0.4403278892131901}",1.0,dissipation
"('ecoinvent-3.4-biosphere', '9e8d685c-9948-4dc0-9c0b-d5c511e14d05')",Cyanide,"('air', 'non-urban air or from high stacks')",kilogram,Cyanide,CN-,26.017,"[['C', 1], ['N', 1]]","{'C': 0.4616596840527347, 'N': 0.5383787523542299}",1.0,dissipation
"('ecoinvent-3.4-biosphere', '965244c8-43ad-4629-91df-43c845d391e5')",Boron carbide,"('water', 'ocean')",kilogram,Boron carbide,CB4,55.3,"[['C', 1], ['B', 4]]","{'C': 0.21719710669077757, 'B': 0.7819168173598554}",1.0,dissipation
"('ecoinvent-3.4-biosphere', '9dfa8601-c11b-4d60-b906-ee5d7b57d639')",Ethylene diamine,"('air', 'low population density, long-term')",kilogram,Ethylene diamine,C2H8N2,60.1,"[['C', 2], ['H', 8], ['N', 2]]","{'C': 0.3997004991680532, 'H': 0.1341763727121464, 'N': 0.46612312811980033}",1.0,dissipation
"('ecoinvent-3.4-biosphere', '4e44630f-4197-4f05-809f-0fef07fba7d3')",2-Methyl-2-butene,"('air',)",kilogram,2-Methyl-2-butene,C5H10,70.13,"[['C', 5], ['H', 10]]","{'C': 0.8563382290032796, 'H': 0.14373306716098674}",1.0,dissipation
"('ecoinvent-3.4-biosphere', 'e67ada08-e113-4e05-b0a4-029a72e199a0')","Ethene, chloro-","('water', 'ocean')",kilogram,Ethene,C2H4,28.05,"[['C', 2], ['H', 4]]","{'C': 0.8563992869875222, 'H': 0.14374331550802139}",1.0,dissipation
"('ecoinvent-3.4-biosphere', 'b7d33401-f34b-4571-a10d-82f7b38b32ea')",Benzyl alcohol,"('water', 'ground-')",kilogram,Benzyl alcohol,C7H8O,108.14,"[['C', 7], ['H', 8], ['O', 1]]","{'C': 0.7774828925466987, 'H': 0.0745700018494544, 'O': 0.14794710560384686}",1.0,dissipation
"('ecoinvent-3.4-biosphere', 'bce77a75-c399-4fa6-94ab-90d0e704ebde')",Monochloroethane,"('air',)",kilogram,Monochloroethane,C2H5Cl,64.51,"[['C', 2], ['H', 5], ['Cl', 1]]","{'C': 0.37237637575569676, 'H': 0.07812742210509997, 'Cl': 0.5495737095024027}",1.0,dissipation
"('ecoinvent-3.4-biosphere', '25131632-4b24-4625-8940-60d00385dad5')",Chlorate,"('water', 'surface water')",kilogram,Chlorate,ClO3-,83.45,"[['Cl', 1], ['O', 3]]","{'Cl': 0.42484122228879573, 'O': 0.5751587777112043}",1.0,dissipation
"('ecoinvent-3.4-biosphere', '641ba62d-63a4-451c-bff0-aa5c08965393')","PAH, polycyclic aromatic hydrocarbons","('air', 'low population density, long-term')",kilogram,PAH,C9H10N2O3,194.19,"[['C', 9], ['H', 10], ['N', 2], ['O', 3]]","{'C': 0.556666151707091, 'H': 0.05190792522786961, 'N': 0.14426077552912095, 'O': 0.24716514753591842}",1.0,dissipation
"('ecoinvent-3.4-biosphere', '7d28533b-a7ad-4acc-914a-f534829b2e78')",Palladium,"('water',)",kilogram,Palladium,Pd,106.42,"[['Pd', 1]]",{'Pd': 1.0},1.0,dissipation
"('ecoinvent-3.4-biosphere', 'f5d022f1-c26d-4044-ac88-d7c5bbff83c4')",Nitrite,"('water', 'ground-, long-term')",kilogram,Nitrite,NO2-,46.006,"[['N', 1], ['O', 2]]","{'N': 0.30446028778854933, 'O': 0.6955179759161849}",1.0,dissipation
"('ecoinvent-3.4-biosphere', '27d03876-622e-4951-8547-ce331b7d3521')",Sulfentrazone,"('air', 'non-urban air or from high stacks')",kilogram,Sulfentrazone,C11H10Cl2F2N4O3S,387.2,"[['C', 11], ['H', 10], ['Cl', 2], ['F', 2], ['N', 4], ['O', 3], ['S', 1]]","{'C': 0.3412215909090909, 'H': 0.02603305785123967, 'Cl': 0.183125, 'F': 0.09813016528925621, 'N': 0.1447004132231405, 'O': 0.12395919421487604, 'S': 0.0828125}",1.0,dissipation
"('ecoinvent-3.4-biosphere', '127ff74d-018b-43b9-8a4e-fb5577d5ee5a')","Ethene, chloro-","('air', 'urban air close to ground')",kilogram,Ethene,C2H4,28.05,"[['C', 2], ['H', 4]]","{'C': 0.8563992869875222, 'H': 0.14374331550802139}",1.0,dissipation
"('ecoinvent-3.4-biosphere', 'f5a070c3-4239-4130-b224-130f18b50ada')",Tebufenozide,"('soil', 'agricultural')",kilogram,Tebufenozide,C22H28N2O2,352.5,"[['C', 22], ['H', 28], ['N', 2], ['O', 2]]","{'C': 0.7496226950354609, 'H': 0.08006808510638298, 'N': 0.07947234042553192, 'O': 0.09077446808510639}",1.0,dissipation
"('ecoinvent-3.4-biosphere', 'c07b56e8-5bbe-45f3-8d79-46c7a29c0a42')",Propylene oxide,"('water', 'ocean')",kilogram,Propylene oxide,C3H6O,58.08,"[['C', 3], ['H', 6], ['O', 1]]","{'C': 0.6204028925619836, 'H': 0.10413223140495868, 'O': 0.27546487603305786}",1.0,dissipation
"('ecoinvent-3.4-biosphere', 'b2a002a3-e8db-49b0-918d-6e2136653321')",Propylamine,"('water', 'ocean')",kilogram,Propylamine,C3H9N,59.11,"[['C', 3], ['H', 9], ['N', 1]]","{'C': 0.6095922855692777, 'H': 0.15347656910844187, 'N': 0.23696498054474707}",1.0,dissipation
"('ecoinvent-3.4-biosphere', '6abf9e1a-c33e-49ae-aeae-ab84cee7d2ab')",Dimethyl ether,"('air', 'indoor')",kilogram,Dimethyl ether,C2H6O,46.07,"[['C', 2], ['H', 6], ['O', 1]]","{'C': 0.5214239201215541, 'H': 0.1312784892554808, 'O': 0.3472758845235511}",1.0,dissipation
"('ecoinvent-3.4-biosphere', 'd157416d-db9b-4f88-a7f3-a9a5f1ea88f2')",Acetic acid,"('air',)",kilogram,Acetic acid,C2H4O2,60.05,"[['C', 2], ['H', 4], ['O', 2]]","{'C': 0.40003330557868444, 'H': 0.06714404662781016, 'O': 0.5328559533721899}",1.0,dissipation
"('ecoinvent-3.4-biosphere', 'b90c9726-20b9-4d44-b169-368273e9a3d4')",Metolachlor,"('air', 'non-urban air or from high stacks')",kilogram,Metolachlor,C15H22ClNO2,283.79,"[['C', 15], ['H', 22], ['Cl', 1], ['N', 1], ['O', 2]]","{'C': 0.6348532365481517, 'H': 0.07814228831177984, 'Cl': 0.1249268825540012, 'N': 0.049356918848444266, 'O': 0.11275238732865851}",1.0,dissipation
"('ecoinvent-3.4-biosphere', 'ee31ac2a-9336-4ed6-8077-9663003bc2f9')","Methane, bromochlorodifluoro-, Halon 1211","('air',)",kilogram,Methane,CH4,16.043,"[['C', 1], ['H', 4]]","{'C': 0.7486754347690582, 'H': 0.2513245652309419}",1.0,dissipation
"('ecoinvent-3.4-biosphere', '0e7c1a7b-cd98-4f8d-a619-a687d3e2cb48')","Ethene, trichloro-","('air', 'urban air close to ground')",kilogram,Ethene,C2H4,28.05,"[['C', 2], ['H', 4]]","{'C': 0.8563992869875222, 'H': 0.14374331550802139}",1.0,dissipation
"('ecoinvent-3.4-biosphere', 'c5c25aa6-d630-40bd-bed7-4e718c877ef4')",Tri-allate,"('soil', 'agricultural')",kilogram,Tri-allate,C10H16Cl3NOS,304.7,"[['C', 10], ['H', 16], ['Cl', 3], ['N', 1], ['O', 1], ['S', 1]]","{'C': 0.39419100754840825, 'H': 0.05293075155891041, 'Cl': 0.34906137184115527, 'N': 0.04596980636691828, 'O': 0.05250738431243847, 'S': 0.10523465703971119}",1.0,dissipation
"('ecoinvent-3.4-biosphere', '714958de-a211-4a3c-8dce-848ccb79b094')",Tungsten,"('air', 'low population density, long-term')",kilogram,Tungsten,W,183.84,"[['W', 1]]",{'W': 1.0},1.0,dissipation
"('ecoinvent-3.4-biosphere', '72b26150-457e-47b6-a77c-987c2e76f704')",Bromide,"('water',)",kilogram,Bromide,Br-,79.9,"[['Br', 1]]",{'Br': 1.0},1.0,dissipation
"('ecoinvent-3.4-biosphere', '79a87f98-0b00-4e7e-86f8-70667307f696')",2-Methyl-2-butene,"('air', 'urban air close to ground')",kilogram,2-Methyl-2-butene,C5H10,70.13,"[['C', 5], ['H', 10]]","{'C': 0.8563382290032796, 'H': 0.14373306716098674}",1.0,dissipation
"('ecoinvent-3.4-biosphere', 'ebc4c2a3-c004-4053-8048-f41fdd9324c8')",Arsenic,"('soil', 'industrial')",kilogram,Arsenic,As,74.92159,"[['As', 1]]",{'As': 1.0},1.0,dissipation
"('ecoinvent-3.4-biosphere', 'ec693fa1-9718-437a-8604-e916ff9d7b62')",Acetyl chloride,"('water', 'ocean')",kilogram,Acetyl chloride,C2H3ClO,78.5,"[['C', 2], ['H', 3], ['Cl', 1], ['O', 1]]","{'C': 0.30601273885350316, 'H': 0.03852229299363057, 'Cl': 0.45163057324840766, 'O': 0.20380891719745223}",1.0,dissipation
"('ecoinvent-3.4-biosphere', 'af9793ba-25a1-4928-a14a-4bcf7d5bd3f7')","Silver, ion","('water', 'surface water')",kilogram,Silver,Ag,107.868,"[['Ag', 1]]",{'Ag': 1.0},1.0,dissipation
"('ecoinvent-3.4-biosphere', '59e05e46-aeee-4b33-8878-746810c16cbf')",Methyl acrylate,"('water', 'surface water')",kilogram,Methyl acrylate,C4H6O2,86.09,"[['C', 4], ['H', 6], ['O', 2]]","{'C': 0.558067139040539, 'H': 0.0702520617957951, 'O': 0.3716807991636659}",1.0,dissipation
"('ecoinvent-3.4-biosphere', 'b905c8b8-a681-4c0b-8f38-baa5999e2da6')",Lithium carbonate,"('air', 'non-urban air or from high stacks')",kilogram,Lithium carbonate,CLi2O3,73.9,"[['C', 1], ['Li', 2], ['O', 3]]","{'C': 0.16253044654939106, 'Li': 0.1878484438430311, 'O': 0.6494857916102841}",1.0,dissipation
"('ecoinvent-3.4-biosphere', '96b0e9d0-5bfc-4113-ac30-c9b8a310b534')",Fluoride,"('water',)",kilogram,Fluoride,F-,18.99840316,"[['F', 1]]",{'F': 1.0},1.0,dissipation
"('ecoinvent-3.4-biosphere', 'f16fa1da-e426-4820-bf9d-71595c22283b')",Calcium,"('soil', 'agricultural')",kilogram,Calcium,Ca,40.08,"[['Ca', 1]]",{'Ca': 1.0},1.0,dissipation
"('ecoinvent-3.4-biosphere', '71cfe87c-ab80-421e-adba-afb7d5bd0861')","Silver, ion","('water', 'ground-')",kilogram,Silver,Ag,107.868,"[['Ag', 1]]",{'Ag': 1.0},1.0,dissipation
"('ecoinvent-3.4-biosphere', 'a25e7873-b0fd-46eb-81da-e49d84c2ac25')",Benomyl,"('soil', 'agricultural')",kilogram,Benomyl,C14H18N4O3,290.32,"[['C', 14], ['H', 18], ['N', 4], ['O', 3]]","{'C': 0.5792022595756406, 'H': 0.062496555524938, 'N': 0.19298704877376688, 'O': 0.16532446955084046}",1.0,dissipation
"('ecoinvent-3.4-biosphere', 'e91313f6-129e-4bdb-8217-61756ce5b37b')",Fenamiphos,"('soil', 'agricultural')",kilogram,Fenamiphos,C13H22NO3PS,303.36,"[['C', 13], ['H', 22], ['N', 1], ['O', 3], ['P', 1], ['S', 1]]","{'C': 0.5147118934599156, 'H': 0.07310126582278481, 'N': 0.04617286392405063, 'O': 0.15821795886075948, 'P': 0.10210311181434599, 'S': 0.10569949894514767}",1.0,dissipation
"('ecoinvent-3.4-biosphere', '55640730-a22e-4972-8709-f05c560b2d8b')",Palladium,"('water', 'ground-')",kilogram,Palladium,Pd,106.42,"[['Pd', 1]]",{'Pd': 1.0},1.0,dissipation
"('ecoinvent-3.4-biosphere', 'f8f772bc-7204-4fda-aa97-080fd0f1b34c')",Titanium,"('air', 'urban air close to ground')",kilogram,Titanium,Ti,47.867,"[['Ti', 1]]",{'Ti': 1.0},1.0,dissipation
"('ecoinvent-3.4-biosphere', '3bd4b93d-298c-4e3f-88bb-864569350e60')","Ethene, chloro-","('water', 'ground-')",kilogram,Ethene,C2H4,28.05,"[['C', 2], ['H', 4]]","{'C': 0.8563992869875222, 'H': 0.14374331550802139}",1.0,dissipation
"('ecoinvent-3.4-biosphere', 'dc46afa7-0142-49e8-a353-ab6a1327bbc8')","Phenol, pentachloro-","('air', 'non-urban air or from high stacks')",kilogram,Phenol,C6H6O,94.11,"[['C', 6], ['H', 6], ['O', 1]]","{'C': 0.765763468281798, 'H': 0.06426522154925088, 'O': 0.17000318775900541}",1.0,dissipation
"('ecoinvent-3.4-biosphere', '9c649513-6b8d-4c6d-bb74-927cc1c8fc8d')",Disulfoton,"('soil', 'agricultural')",kilogram,Disulfoton,C8H19O2PS3,274.4,"[['C', 8], ['H', 19], ['O', 2], ['P', 1], ['S', 3]]","{'C': 0.3501749271137026, 'H': 0.06979591836734694, 'O': 0.11661078717201168, 'P': 0.11287900874635569, 'S': 0.35056486880466475}",1.0,dissipation
"('ecoinvent-3.4-biosphere', '4573f0c9-0fdd-413f-ae74-e27290f40743')",Sodium,"('soil',)",kilogram,Sodium,Na,22.9897693,"[['Na', 1]]",{'Na': 1.0},1.0,dissipation
"('ecoinvent-3.4-biosphere', '55bf893f-0d89-429c-be59-2f99b33ddb11')","Calcium, ion","('water', 'ocean')",kilogram,Calcium,Ca,40.08,"[['Ca', 1]]",{'Ca': 1.0},1.0,dissipation
"('ecoinvent-3.4-biosphere', '8de41dc8-4edd-4183-9cf7-fffd7d38ee23')",Sodium formate,"('water', 'surface water')",kilogram,Sodium formate,CHNaO2,68.007,"[['C', 1], ['H', 1], ['Na', 1], ['O', 2]]","{'C': 0.17661417207052213, 'H': 0.014822003617274692, 'Na': 0.3380534356757392, 'O': 0.4705103886364639}",1.0,dissipation
"('ecoinvent-3.4-biosphere', '8af1b210-ae85-4b60-9644-d5d180075037')",Sulfide,"('water',)",kilogram,Sulfide,S-2,32.07,"[['S', 1]]",{'S': 1.0},1.0,dissipation
"('ecoinvent-3.4-biosphere', '92681c17-2514-4151-aabf-baee3fd8e5f5')",tau-Fluvalinate,"('soil', 'agricultural')",kilogram,tau-Fluvalinate,C26H22ClF3N2O3,502.9,"[['C', 26], ['H', 22], ['Cl', 1], ['F', 3], ['N', 2], ['O', 3]]","{'C': 0.6209703718433088, 'H': 0.04409624179757408, 'Cl': 0.07049711672300657, 'F': 0.11333068204414397, 'N': 0.05570491151322331, 'O': 0.09544044541658382}",1.0,dissipation
"('ecoinvent-3.4-biosphere', '096bf756-c3fa-4470-9059-ac1b059081e0')",Benzyl alcohol,"('water', 'surface water')",kilogram,Benzyl alcohol,C7H8O,108.14,"[['C', 7], ['H', 8], ['O', 1]]","{'C': 0.7774828925466987, 'H': 0.0745700018494544, 'O': 0.14794710560384686}",1.0,dissipation
"('ecoinvent-3.4-biosphere', '39946c56-cdf6-4a22-9ac9-1cd333b65533')",Toluene,"('air', 'urban air close to ground')",kilogram,Toluene,C7H8,92.14,"[['C', 7], ['H', 8]]","{'C': 0.9124918602127198, 'H': 0.08751899283698719}",1.0,dissipation
"('ecoinvent-3.4-biosphere', '599e7856-605e-47eb-b780-ab039f2d4006')",Sulfur,"('soil', 'forestry')",kilogram,Sulfur,S,32.07,"[['S', 1]]",{'S': 1.0},1.0,dissipation
"('ecoinvent-3.4-biosphere', '4c0d236e-e50f-409e-b84b-b053da3394fa')",Boron carbide,"('air',)",kilogram,Boron carbide,CB4,55.3,"[['C', 1], ['B', 4]]","{'C': 0.21719710669077757, 'B': 0.7819168173598554}",1.0,dissipation
"('ecoinvent-3.4-biosphere', '313cdf6d-ac44-4583-87a1-5f2ba3413a88')",Formamide,"('air', 'lower stratosphere + upper troposphere')",kilogram,Formamide,CH3NO,45.041,"[['C', 1], ['H', 3], ['N', 1], ['O', 1]]","{'C': 0.2666681467995826, 'H': 0.0671388290668502, 'N': 0.310983326302702, 'O': 0.35520969783086526}",1.0,dissipation
"('ecoinvent-3.4-biosphere', '20bc9500-2e2f-4cba-9332-8ea17d362aba')",Bromine,"('water', 'ground-, long-term')",kilogram,Bromine,Br2,159.81,"[['Br', 2]]",{'Br': 1.0},1.0,dissipation
"('ecoinvent-3.4-biosphere', '288c4e8a-d371-4bc1-b45b-c4b0cefd400e')","Methane, from soil or biomass stock","('air', 'indoor')",kilogram,Methane,CH4,16.043,"[['C', 1], ['H', 4]]","{'C': 0.7486754347690582, 'H': 0.2513245652309419}",1.0,dissipation
"('ecoinvent-3.4-biosphere', 'd46ae140-6502-4335-ab1c-9d6eab19ce78')",Chlorosulfonic acid,"('air', 'urban air close to ground')",kilogram,Chlorosulfonic acid,ClHO3S,116.53,"[['Cl', 1], ['H', 1], ['O', 3], ['S', 1]]","{'Cl': 0.30423925169484256, 'H': 0.008650133012958037, 'O': 0.41188535141165367, 'S': 0.2751651935124002}",1.0,dissipation
"('ecoinvent-3.4-biosphere', '7c76ca96-5e7e-43be-aa71-a64627cdca23')",Dimethyl ether,"('air', 'urban air close to ground')",kilogram,Dimethyl ether,C2H6O,46.07,"[['C', 2], ['H', 6], ['O', 1]]","{'C': 0.5214239201215541, 'H': 0.1312784892554808, 'O': 0.3472758845235511}",1.0,dissipation
"('ecoinvent-3.4-biosphere', 'b605b6eb-8760-4142-b741-2844b00ccbb1')",Calcium hydroxide,"('air', 'non-urban air or from high stacks')",kilogram,Calcium hydroxide,CaH2O2,74.09,"[['Ca', 1], ['H', 2], ['O', 2]]","{'Ca': 0.5409366986097989, 'H': 0.027210149817789173, 'O': 0.43188014576865974}",1.0,dissipation
"('ecoinvent-3.4-biosphere', '6a45c705-855a-416d-8459-5fb6521b9b73')",Methomyl,"('air', 'non-urban air or from high stacks')",kilogram,Methomyl,C5H10N2O2S,162.21,"[['C', 5], ['H', 10], ['N', 2], ['O', 2], ['S', 1]]","{'C': 0.37022994883176125, 'H': 0.06214166820787867, 'N': 0.17270205289439614, 'O': 0.1972628074717958, 'S': 0.197675852290241}",1.0,dissipation
"('ecoinvent-3.4-biosphere', 'abcbc5ab-2f85-4da1-9bf0-5db48390a6ea')",Pyriproxyfen,"('soil', 'agricultural')",kilogram,Pyriproxyfen,C20H19NO3,321.4,"[['C', 20], ['H', 19], ['N', 1], ['O', 3]]","{'C': 0.747417548226509, 'H': 0.05958929682638457, 'N': 0.04358120721841942, 'O': 0.1493372744243933}",1.0,dissipation
"('ecoinvent-3.4-biosphere', 'd42cf485-e4e1-4f13-8d6c-7d8b8a3903df')",Phenanthrene,"('water', 'surface water')",kilogram,Phenanthrene,C14H10,178.23,"[['C', 14], ['H', 10]]","{'C': 0.9434663075800932, 'H': 0.056556135330752405}",1.0,dissipation
"('ecoinvent-3.4-biosphere', '421d36f5-2678-4c1b-ba10-6b43521f0859')",Flumetsulam,"('air', 'non-urban air or from high stacks')",kilogram,Flumetsulam,C12H9F2N5O2S,325.3,"[['C', 12], ['H', 9], ['F', 2], ['N', 5], ['O', 2], ['S', 1]]","{'C': 0.4430740854595758, 'H': 0.027888103289271438, 'F': 0.1168029511220412, 'N': 0.21529357516138947, 'O': 0.09836458653550569, 'S': 0.09857055026129725}",1.0,dissipation
"('ecoinvent-3.4-biosphere', 'b2631209-8374-431e-b7d5-56c96c6b6d79')",Phosphorus,"('water', 'surface water')",kilogram,Phosphorus,P,30.973762,"[['P', 1]]",{'P': 1.0},1.0,dissipation
"('ecoinvent-3.4-biosphere', 'e4f58170-4339-44d0-bec7-bdf6445b45ee')",Styrene,"('water',)",kilogram,Styrene,C8H8,104.15,"[['C', 8], ['H', 8]]","{'C': 0.9225924147863657, 'H': 0.07742678828612577}",1.0,dissipation
"('ecoinvent-3.4-biosphere', 'd43f7827-b47b-4652-8366-f370995fd206')","Nitrogen, organic bound","('water', 'surface water')",kilogram,Nitrogen,N2,28.014,"[['N', 2]]",{'N': 1.0},1.0,dissipation
"('ecoinvent-3.4-biosphere', '70c436a2-c304-4405-9230-dcfbb7b11dde')",4-Methyl-2-pentanol,"('water', 'ground-')",kilogram,4-Methyl-2-pentanol,C6H14O,102.17,"[['C', 6], ['H', 14], ['O', 1]]","{'C': 0.7053538220612704, 'H': 0.13812273661544486, 'O': 0.15659195458549477}",1.0,dissipation
"('ecoinvent-3.4-biosphere', '13331e67-6006-48c4-bdb4-340c12010036')","Ammonium, ion","('water', 'surface water')",kilogram,Ammonium,H4N+,18.039,"[['H', 4], ['N', 1]]","{'H': 0.22351571594877764, 'N': 0.7764842840512223}",1.0,dissipation
"('ecoinvent-3.4-biosphere', '490b267b-f429-4d9a-ac79-224e37fb4d58')",Phosphate,"('water', 'ground-, long-term')",kilogram,Phosphate,O4P-3,94.971,"[['O', 4], ['P', 1]]","{'O': 0.6738478061724105, 'P': 0.3261416642975224}",1.0,dissipation
"('ecoinvent-3.4-biosphere', 'b8823bae-a149-44d7-825b-30708a97cb5f')",Silicon,"('water',)",kilogram,Silicon,Si,28.085,"[['Si', 1]]",{'Si': 1.0},1.0,dissipation
"('ecoinvent-3.4-biosphere', 'aeb30261-e0d7-4c02-9f00-3c5df948a553')",Methyl lactate,"('air', 'low population density, long-term')",kilogram,Methyl lactate,C4H8O3,104.1,"[['C', 4], ['H', 8], ['O', 3]]","{'C': 0.46151777137367916, 'H': 0.07746397694524496, 'O': 0.4610662824207493}",1.0,dissipation
"('ecoinvent-3.4-biosphere', '4c097625-506e-4dfc-a170-75fda90cf7cb')",Nitrogen fluoride,"('air', 'low population density, long-term')",kilogram,Nitrogen fluoride,F3N,71.002,"[['F', 3], ['N', 1]]","{'F': 0.8027097828230191, 'N': 0.1972761330666742}",1.0,dissipation
"('ecoinvent-3.4-biosphere', 'd9da59f1-695d-465b-959d-1cff9d86d923')",Pentane,"('air', 'lower stratosphere + upper troposphere')",kilogram,Pentane,C5H12,72.15,"[['C', 5], ['H', 12]]","{'C': 0.8323631323631322, 'H': 0.16765072765072764}",1.0,dissipation
"('ecoinvent-3.4-biosphere', '20557d93-2b1c-49b5-b6c0-3528a8bbc307')",Beryllium,"('air',)",kilogram,Beryllium,Be,9.012183,"[['Be', 1]]",{'Be': 1.0},1.0,dissipation
"('ecoinvent-3.4-biosphere', 'c792edbf-a11f-459d-9d92-15ad0c2f0c3c')",Barium,"('soil', 'forestry')",kilogram,Barium,Ba,137.33,"[['Ba', 1]]",{'Ba': 1.0},1.0,dissipation
"('ecoinvent-3.4-biosphere', 'e2d35af7-9806-46ff-9b75-b124a48fa5a1')",Phosphorus,"('air', 'low population density, long-term')",kilogram,Phosphorus,P,30.973762,"[['P', 1]]",{'P': 1.0},1.0,dissipation
"('ecoinvent-3.4-biosphere', 'ec897705-c8d6-44da-b973-57d60e68a289')",Dipropylamine,"('air', 'non-urban air or from high stacks')",kilogram,Dipropylamine,C6H15N,101.19,"[['C', 6], ['H', 15], ['N', 1]]","{'C': 0.7121849985176402, 'H': 0.14942187963237474, 'N': 0.13842276904832493}",1.0,dissipation
"('ecoinvent-3.4-biosphere', 'c3de45a3-e6fd-494e-aa85-d352b478e87b')",Acetamide,"('air', 'non-urban air or from high stacks')",kilogram,Acetamide,C2H5NO,59.07,"[['C', 2], ['H', 5], ['N', 1], ['O', 1]]","{'C': 0.4066700524801083, 'H': 0.08532249873031995, 'N': 0.23712544438801422, 'O': 0.2708481462671407}",1.0,dissipation
"('ecoinvent-3.4-biosphere', '3268d8df-59cc-4740-a89f-dee8355ad7c3')",Sulfur trioxide,"('air',)",kilogram,Sulfur trioxide,O3S,80.07,"[['O', 3], ['S', 1]]","{'O': 0.5994379917572125, 'S': 0.400462095666292}",1.0,dissipation
"('ecoinvent-3.4-biosphere', 'abbd3b09-a7ec-435a-9d01-34cf8581739e')",Chromium VI,"('air', 'lower stratosphere + upper troposphere')",kilogram,Chromium,Cr,51.996,"[['Cr', 1]]",{'Cr': 1.0},1.0,dissipation
"('ecoinvent-3.4-biosphere', '404f6e56-ea30-47ec-9679-ec3955d287b3')","Toluene, 2-chloro","('water', 'ocean')",kilogram,Toluene,C7H8,92.14,"[['C', 7], ['H', 8]]","{'C': 0.9124918602127198, 'H': 0.08751899283698719}",1.0,dissipation
"('ecoinvent-3.4-biosphere', '85c40d9a-cbf0-44f0-a9a2-5b1edee4055a')",Beryllium,"('soil', 'forestry')",kilogram,Beryllium,Be,9.012183,"[['Be', 1]]",{'Be': 1.0},1.0,dissipation
"('ecoinvent-3.4-biosphere', '086f6b04-002c-49a0-9be8-2bad29a9c17a')",Acrolein,"('air', 'low population density, long-term')",kilogram,Acrolein,C3H4O,56.06,"[['C', 3], ['H', 4], ['O', 1]]","{'C': 0.6427577595433465, 'H': 0.0719229397074563, 'O': 0.28539065287192295}",1.0,dissipation
"('ecoinvent-3.4-biosphere', 'b0d2b7b9-c76d-50d4-b776-b9419ae83abe')",Lauric acid,"('air',)",kilogram,Lauric acid,C12H24O2,200.32,"[['C', 12], ['H', 24], ['O', 2]]","{'C': 0.719508785942492, 'H': 0.12076677316293931, 'O': 0.1597344249201278}",1.0,dissipation
"('ecoinvent-3.4-biosphere', 'eebb4011-af1d-4a45-8bc5-a20b6c06fbf4')",Zirconium,"('air', 'non-urban air or from high stacks')",kilogram,Zirconium,Zr,91.22,"[['Zr', 1]]",{'Zr': 1.0},1.0,dissipation
"('ecoinvent-3.4-biosphere', '2f8952b0-c90c-4e3d-b546-52b862fc8f11')",Phosphorus,"('soil', 'industrial')",kilogram,Phosphorus,P,30.973762,"[['P', 1]]",{'P': 1.0},1.0,dissipation
"('ecoinvent-3.4-biosphere', 'e898ea74-a3a1-5b26-a61e-384bffaf2bd6')",Diethanolamine,"('water',)",kilogram,Diethanolamine,C4H11NO2,105.14,"[['C', 4], ['H', 11], ['N', 1], ['O', 2]]","{'C': 0.45695263458246144, 'H': 0.10545938748335554, 'N': 0.13322237017310254, 'O': 0.3043370743770211}",1.0,dissipation
"('ecoinvent-3.4-biosphere', 'b04daef0-4ca6-43e4-8841-4eb95a8a0e6f')",Methanesulfonic acid,"('air', 'low population density, long-term')",kilogram,Methanesulfonic acid,CH4O3S,96.11,"[['C', 1], ['H', 4], ['O', 3], ['S', 1]]","{'C': 0.12497138695245032, 'H': 0.04195193008011654, 'O': 0.49939652481531577, 'S': 0.3336281344292997}",1.0,dissipation
"('ecoinvent-3.4-biosphere', '1aa8fd2e-9fbb-4701-8250-f4e31254b84a')",Tridemorph,"('soil', 'agricultural')",kilogram,Tridemorph,C19H39NO,297.5,"[['C', 19], ['H', 39], ['N', 1], ['O', 1]]","{'C': 0.767089075630252, 'H': 0.13214117647058823, 'N': 0.04708235294117647, 'O': 0.053778151260504205}",1.0,dissipation
"('ecoinvent-3.4-biosphere', '58060894-19d9-4855-84d8-58935a5325f8')",Chromium VI,"('soil', 'industrial')",kilogram,Chromium,Cr,51.996,"[['Cr', 1]]",{'Cr': 1.0},1.0,dissipation
"('ecoinvent-3.4-biosphere', 'c4d10bd2-09da-4082-8cb3-022c92c53221')",Cyanide,"('water',)",kilogram,Cyanide,CN-,26.017,"[['C', 1], ['N', 1]]","{'C': 0.4616596840527347, 'N': 0.5383787523542299}",1.0,dissipation
"('ecoinvent-3.4-biosphere', 'f2cdedb9-7723-4308-b2ef-ad20c93018af')",Acetone,"('water', 'ground-, long-term')",kilogram,Acetone,C3H6O,58.08,"[['C', 3], ['H', 6], ['O', 1]]","{'C': 0.6204028925619836, 'H': 0.10413223140495868, 'O': 0.27546487603305786}",1.0,dissipation
"('ecoinvent-3.4-biosphere', '6ce302db-96b8-4a21-9237-050ecde39aee')",Butene,"('water', 'surface water')",kilogram,Butene,C4H8,56.11,"[['C', 4], ['H', 8]]","{'C': 0.8562466583496703, 'H': 0.14371769738014614}",1.0,dissipation
"('ecoinvent-3.4-biosphere', '016da38a-40a6-483c-b328-9782dc46e802')",Diflufenican,"('soil', 'agricultural')",kilogram,Diflufenican,C19H11F5N2O2,394.3,"[['C', 19], ['H', 11], ['F', 5], ['N', 2], ['O', 2]]","{'C': 0.57876997210246, 'H': 0.028120720263758562, 'F': 0.24090793811818415, 'N': 0.07104742581790514, 'O': 0.08115140755769719}",1.0,dissipation
"('ecoinvent-3.4-biosphere', '6a9c52f3-a397-43be-b1c8-b6c4a4a5df4c')",Methyl acetate,"('water', 'ground-, long-term')",kilogram,Methyl acetate,C3H6O2,74.08,"[['C', 3], ['H', 6], ['O', 2]]","{'C': 0.4864065874730022, 'H': 0.08164146868250541, 'O': 0.4319384449244061}",1.0,dissipation
"('ecoinvent-3.4-biosphere', '7ee1a767-185e-444b-913d-6acbfdbab3bd')",Dimethyl malonate,"('air', 'urban air close to ground')",kilogram,Dimethyl malonate,C5H8O4,132.11,"[['C', 5], ['H', 8], ['O', 4]]","{'C': 0.45458330179395945, 'H': 0.06104004238891832, 'O': 0.4844145030656271}",1.0,dissipation
"('ecoinvent-3.4-biosphere', 'c9125373-0841-4515-9eaf-1bf9a49d51f8')",Fluazinam,"('soil', 'agricultural')",kilogram,Fluazinam,C13H4Cl2F6N4O4,465.09,"[['C', 13], ['H', 4], ['Cl', 2], ['F', 6], ['N', 4], ['O', 4]]","{'C': 0.3357264185426477, 'H': 0.008669289814874541, 'Cl': 0.15245651379302932, 'F': 0.24508804747468232, 'N': 0.1204670063858608, 'O': 0.13759917435335098}",1.0,dissipation
"('ecoinvent-3.4-biosphere', '8216fc31-15a1-4d33-858f-e09650b14c63')",Chromium VI,"('water', 'surface water')",kilogram,Chromium,Cr,51.996,"[['Cr', 1]]",{'Cr': 1.0},1.0,dissipation
"('ecoinvent-3.4-biosphere', 'ebbb166e-83da-4a83-b8d2-678f871ffce7')",Epichlorohydrin,"('air', 'urban air close to ground')",kilogram,Epichlorohydrin,C3H5ClO,92.52,"[['C', 3], ['H', 5], ['Cl', 1], ['O', 1]]","{'C': 0.38946173800259404, 'H': 0.054474708171206226, 'Cl': 0.38319282317336795, 'O': 0.1729247730220493}",1.0,dissipation
"('ecoinvent-3.4-biosphere', '0c906b13-a938-4e0d-9722-ae52ffa41ecd')",Hexamethyldisilizane,"('air', 'low population density, long-term')",kilogram,Hexamethyldisilizane,C6H19NSi2,161.39,"[['C', 6], ['H', 19], ['N', 1], ['Si', 2]]","{'C': 0.44653324245616216, 'H': 0.11866906251936304, 'N': 0.0867897639258938, 'Si': 0.3480513042939464}",1.0,dissipation
"('ecoinvent-3.4-biosphere', 'f4268d83-c423-4369-b9f1-34736ca4e983')",Carbonate,"('water', 'ground-, long-term')",kilogram,Carbonate,CO3-2,60.009,"[['C', 1], ['O', 3]]","{'C': 0.2001533103367828, 'O': 0.7998300254961755}",1.0,dissipation
"('ecoinvent-3.4-biosphere', '46f9fcc3-e595-4252-897e-0e5a997333f0')",Chlorosulfonic acid,"('water',)",kilogram,Chlorosulfonic acid,ClHO3S,116.53,"[['Cl', 1], ['H', 1], ['O', 3], ['S', 1]]","{'Cl': 0.30423925169484256, 'H': 0.008650133012958037, 'O': 0.41188535141165367, 'S': 0.2751651935124002}",1.0,dissipation
"('ecoinvent-3.4-biosphere', '81b3321a-c9d8-4104-a974-5460f1bc5029')",Chromium VI,"('water', 'ocean')",kilogram,Chromium,Cr,51.996,"[['Cr', 1]]",{'Cr': 1.0},1.0,dissipation
"('ecoinvent-3.4-biosphere', 'c10883f9-143d-4f6e-971f-a62174491d4d')","Phthalate, dibutyl-","('water', 'surface water')",kilogram,Phthalate,C8H4O4-2,164.11,"[['C', 8], ['H', 4], ['O', 4]]","{'C': 0.5855097190908536, 'H': 0.024568886722320393, 'O': 0.3899579550301627}",1.0,dissipation
"('ecoinvent-3.4-biosphere', '7da45a0b-0dcf-413c-8de0-44d8ebca9e6e')",Silver,"('soil',)",kilogram,Silver,Ag,107.868,"[['Ag', 1]]",{'Ag': 1.0},1.0,dissipation
"('ecoinvent-3.4-biosphere', 'fdf090d7-ee05-4f33-8b7f-5504c718c3cd')",Nitrogen fluoride,"('air', 'lower stratosphere + upper troposphere')",kilogram,Nitrogen fluoride,F3N,71.002,"[['F', 3], ['N', 1]]","{'F': 0.8027097828230191, 'N': 0.1972761330666742}",1.0,dissipation
"('ecoinvent-3.4-biosphere', '527d6cb5-bbd7-403d-8dcc-b6678fb123f5')",o-Xylene,"('air',)",kilogram,o-Xylene,C8H10,106.16,"[['C', 8], ['H', 10]]","{'C': 0.9051243406179351, 'H': 0.09495101733232857}",1.0,dissipation
"('ecoinvent-3.4-biosphere', '79def65c-bd77-4fb2-a1df-f4dba98ada8f')",Aniline,"('air', 'urban air close to ground')",kilogram,Aniline,C6H7N,93.13,"[['C', 6], ['H', 7], ['N', 1]]","{'C': 0.773821539783099, 'H': 0.07576505959411575, 'N': 0.15040266294427146}",1.0,dissipation
"('ecoinvent-3.4-biosphere', '454e32e4-09f5-4155-ae4c-7deab810a4b2')",Boron carbide,"('air', 'low population density, long-term')",kilogram,Boron carbide,CB4,55.3,"[['C', 1], ['B', 4]]","{'C': 0.21719710669077757, 'B': 0.7819168173598554}",1.0,dissipation
"('ecoinvent-3.4-biosphere', '89ca077d-583d-4293-8d32-248f12bd3e5b')",Tungsten,"('air', 'non-urban air or from high stacks')",kilogram,Tungsten,W,183.84,"[['W', 1]]",{'W': 1.0},1.0,dissipation
"('ecoinvent-3.4-biosphere', '0c209634-80bb-4909-8442-3189b7cb01d7')",Isoprene,"('air',)",kilogram,Isoprene,C5H8,68.12,"[['C', 5], ['H', 8]]","{'C': 0.8816059894304168, 'H': 0.11837933059307104}",1.0,dissipation
"('ecoinvent-3.4-biosphere', 'e5ba3517-a93f-422e-9ce2-f1007fcf6c06')","Methane, trifluoro-, HFC-23","('air',)",kilogram,Methane,CH4,16.043,"[['C', 1], ['H', 4]]","{'C': 0.7486754347690582, 'H': 0.2513245652309419}",1.0,dissipation
"('ecoinvent-3.4-biosphere', '20a718fc-d376-4ca0-a7d5-a45026c936ab')",Chlorosulfonic acid,"('water', 'ocean')",kilogram,Chlorosulfonic acid,ClHO3S,116.53,"[['Cl', 1], ['H', 1], ['O', 3], ['S', 1]]","{'Cl': 0.30423925169484256, 'H': 0.008650133012958037, 'O': 0.41188535141165367, 'S': 0.2751651935124002}",1.0,dissipation
"('ecoinvent-3.4-biosphere', '35753afa-ced2-42df-9f8b-5624920361a2')",Diisobutyl ketone,"('water', 'ground-, long-term')",kilogram,Diisobutyl ketone,C9H18O,142.24,"[['C', 9], ['H', 18], ['O', 1]]","{'C': 0.7599760967379077, 'H': 0.12755905511811022, 'O': 0.1124789088863892}",1.0,dissipation
"('ecoinvent-3.4-biosphere', '3a3489d9-0d1f-4fb1-910a-1fdc7f1e4f71')",Scandium,"('air', 'low population density, long-term')",kilogram,Scandium,Sc,44.95591,"[['Sc', 1]]",{'Sc': 1.0},1.0,dissipation
"('ecoinvent-3.4-biosphere', 'e5d0d6ea-c681-4080-ab05-5d9522c79bd1')",Toluene,"('water', 'ground-')",kilogram,Toluene,C7H8,92.14,"[['C', 7], ['H', 8]]","{'C': 0.9124918602127198, 'H': 0.08751899283698719}",1.0,dissipation
"('ecoinvent-3.4-biosphere', 'b98c02c6-89bb-4dd2-8d68-6af6758db3d9')",Toluene,"('air', 'low population density, long-term')",kilogram,Toluene,C7H8,92.14,"[['C', 7], ['H', 8]]","{'C': 0.9124918602127198, 'H': 0.08751899283698719}",1.0,dissipation
"('ecoinvent-3.4-biosphere', '113746e5-66a9-4d8c-b72b-4a99e7fcd052')","VOC, volatile organic compounds, unspecified origin","('water', 'ocean')",kilogram,VOC,C16H16N4O2,296.32,"[['C', 16], ['H', 16], ['N', 4], ['O', 2]]","{'C': 0.6485421166306695, 'H': 0.054427645788336934, 'N': 0.189079373650108, 'O': 0.10798461123110152}",1.0,dissipation
"('ecoinvent-3.4-biosphere', 'b935e766-fece-4a4f-8f60-b735ea7b214d')",Bromine,"('water',)",kilogram,Bromine,Br2,159.81,"[['Br', 2]]",{'Br': 1.0},1.0,dissipation
"('ecoinvent-3.4-biosphere', '5ff293fa-85f0-4d44-b63b-00f651316fad')",Diborane,"('water',)",kilogram,Diborane,B2H6,27.67,"[['B', 2], ['H', 6]]","{'B': 0.7813516443801951, 'H': 0.21857607517166605}",1.0,dissipation
"('ecoinvent-3.4-biosphere', 'ddc51f31-6807-4e02-9fab-490f3357abbf')",Iodide,"('water',)",kilogram,Iodide,I-,126.9045,"[['I', 1]]",{'I': 1.0},1.0,dissipation
"('ecoinvent-3.4-biosphere', '89dd5dfb-aa72-4c48-aaf7-b0aa16497029')",Metazachlor,"('soil', 'agricultural')",kilogram,Metazachlor,C14H16ClN3O,277.75,"[['C', 14], ['H', 16], ['Cl', 1], ['N', 3], ['O', 1]]","{'C': 0.6054149414941494, 'H': 0.05806660666066607, 'Cl': 0.12764356435643565, 'N': 0.1512907290729073, 'O': 0.0576021602160216}",1.0,dissipation
"('ecoinvent-3.4-biosphere', '85fa4541-289d-4e24-9664-09efa68fe470')",Methyl acrylate,"('water',)",kilogram,Methyl acrylate,C4H6O2,86.09,"[['C', 4], ['H', 6], ['O', 2]]","{'C': 0.558067139040539, 'H': 0.0702520617957951, 'O': 0.3716807991636659}",1.0,dissipation
"('ecoinvent-3.4-biosphere', '7a3b6567-5f36-4142-b390-15fbf940e206')",Cumene,"('water',)",kilogram,Cumene,C9H12,120.19,"[['C', 9], ['H', 12]]","{'C': 0.8994009484982111, 'H': 0.10064065230052417}",1.0,dissipation
"('ecoinvent-3.4-biosphere', 'e7d1072e-68ab-4fb4-b141-feb865e3082d')",Parathion,"('soil', 'agricultural')",kilogram,Parathion,C10H14NO5PS,291.26,"[['C', 10], ['H', 14], ['N', 1], ['O', 5], ['P', 1], ['S', 1]]","{'C': 0.41238069079173245, 'H': 0.04845155531140562, 'N': 0.04809105266771956, 'O': 0.2746515141111035, 'P': 0.10634484652887455, 'S': 0.1100906406646982}",1.0,dissipation
"('ecoinvent-3.4-biosphere', 'dc6dbdaa-9f13-43a8-8af5-6603688c6ad0')",Arsenic,"('air',)",kilogram,Arsenic,As,74.92159,"[['As', 1]]",{'As': 1.0},1.0,dissipation
"('ecoinvent-3.4-biosphere', '7f62f535-e81a-476c-9c39-4d59f289db1a')","Ethane, hexafluoro-, HFC-116","('air', 'lower stratosphere + upper troposphere')",kilogram,Ethane,C2H6,30.07,"[['C', 2], ['H', 6]]","{'C': 0.7988693049551047, 'H': 0.20113069504489525}",1.0,dissipation
"('ecoinvent-3.4-biosphere', 'c9e29113-8f61-41bb-8bc1-b49c6f152fd9')",Cyanide,"('water', 'surface water')",kilogram,Cyanide,CN-,26.017,"[['C', 1], ['N', 1]]","{'C': 0.4616596840527347, 'N': 0.5383787523542299}",1.0,dissipation
"('ecoinvent-3.4-biosphere', '8f6f8a9b-a240-4f27-82e8-99340be4918f')",Hydroxide,"('water', 'ocean')",kilogram,Hydroxide,HO-,17.007,"[['H', 1], ['O', 1]]","{'H': 0.05926971247133533, 'O': 0.9407302875286646}",1.0,dissipation
"('ecoinvent-3.4-biosphere', '050da0cd-2957-45a9-ae7a-ace372083fe5')","Ethane, 2,2-dichloro-1,1,1-trifluoro-, HCFC-123","('air',)",kilogram,Ethane,C2H6,30.07,"[['C', 2], ['H', 6]]","{'C': 0.7988693049551047, 'H': 0.20113069504489525}",1.0,dissipation
"('ecoinvent-3.4-biosphere', '16addd86-288b-419a-8217-75e4197c5f9d')",Phosphorus trichloride,"('air', 'urban air close to ground')",kilogram,Phosphorus trichloride,Cl3P,137.33,"[['Cl', 3], ['P', 1]]","{'Cl': 0.7744775358625209, 'P': 0.2255443093278963}",1.0,dissipation
"('ecoinvent-3.4-biosphere', 'b1cbafef-4c5a-4b5f-9dfa-e49047f5f043')","Toluene, 2-chloro","('water',)",kilogram,Toluene,C7H8,92.14,"[['C', 7], ['H', 8]]","{'C': 0.9124918602127198, 'H': 0.08751899283698719}",1.0,dissipation
"('ecoinvent-3.4-biosphere', 'a6386bef-e154-4862-967c-f3767d7f9a2a')",Methyl formate,"('air', 'non-urban air or from high stacks')",kilogram,Methyl formate,C2H4O2,60.05,"[['C', 2], ['H', 4], ['O', 2]]","{'C': 0.40003330557868444, 'H': 0.06714404662781016, 'O': 0.5328559533721899}",1.0,dissipation
"('ecoinvent-3.4-biosphere', 'c6b0b28d-dddf-4610-b62e-971d328fae57')",Pyrithiobac sodium salt,"('soil', 'agricultural')",kilogram,Pyrithiobac sodium salt,C13H10ClN2NaO4S,348.74,"[['C', 13], ['H', 10], ['Cl', 1], ['N', 2], ['Na', 1], ['O', 4], ['S', 1]]","{'C': 0.44773470207031024, 'H': 0.02890405459654757, 'Cl': 0.10166026265986122, 'N': 0.08032918506623846, 'Na': 0.06592303721970522, 'O': 0.18350633709927167, 'S': 0.09194528875379938}",1.0,dissipation
"('ecoinvent-3.4-biosphere', '7f8fd1ca-0412-4b2e-90fd-a9d294d947a3')",Carbon,"('soil', 'industrial')",kilogram,Carbon,C,12.011,"[['C', 1]]",{'C': 1.0},1.0,dissipation
"('ecoinvent-3.4-biosphere', 'cc62a17a-3209-4f53-af36-b28d60fa1741')",Formaldehyde,"('water', 'ocean')",kilogram,Formaldehyde,CH2O,30.026,"[['C', 1], ['H', 2], ['O', 1]]","{'C': 0.4000199826816759, 'H': 0.06714181043095983, 'O': 0.5328382068873643}",1.0,dissipation
"('ecoinvent-3.4-biosphere', '847e2add-25db-48d1-bb50-6411e82a94c5')",Bromate,"('water', 'ground-')",kilogram,Bromate,BrO3-,127.9,"[['Br', 1], ['O', 3]]","{'Br': 0.6247380766223611, 'O': 0.3752697419859265}",1.0,dissipation
"('ecoinvent-3.4-biosphere', '57af157e-2054-407d-949b-8cc9c2aa4655')",Elemental carbon,"('air', 'urban air close to ground')",kilogram,Elemental carbon,C,12.011,"[['C', 1]]",{'C': 1.0},1.0,dissipation
"('ecoinvent-3.4-biosphere', 'b4f381ed-345e-48eb-b85a-c8b3f4730af1')",Prosulfocarb,"('soil', 'agricultural')",kilogram,Prosulfocarb,C14H21NOS,251.39,"[['C', 14], ['H', 21], ['N', 1], ['O', 1], ['S', 1]]","{'C': 0.6688969330522296, 'H': 0.0842038267234178, 'N': 0.05571820677035682, 'O': 0.06364214964795736, 'S': 0.12755081745495048}",1.0,dissipation
"('ecoinvent-3.4-biosphere', '059e6a26-7035-4621-a360-c71c5778eec8')",2-Methyl pentane,"('air',)",kilogram,2-Methyl pentane,C6H14,86.18,"[['C', 6], ['H', 14]]","{'C': 0.8362265026688327, 'H': 0.16375029009050823}",1.0,dissipation
"('ecoinvent-3.4-biosphere', 'b3701449-fe4b-4513-b4a4-065e62f03e5c')",Titanium,"('air', 'low population density, long-term')",kilogram,Titanium,Ti,47.867,"[['Ti', 1]]",{'Ti': 1.0},1.0,dissipation
"('ecoinvent-3.4-biosphere', '4c0a6227-af22-45cb-b75b-b276ce0e4d47')",Strontium,"('soil',)",kilogram,Strontium,Sr,87.62,"[['Sr', 1]]",{'Sr': 1.0},1.0,dissipation
"('ecoinvent-3.4-biosphere', '39c49db2-409a-4d5d-93f5-454535398965')",Methyl acrylate,"('air',)",kilogram,Methyl acrylate,C4H6O2,86.09,"[['C', 4], ['H', 6], ['O', 2]]","{'C': 0.558067139040539, 'H': 0.0702520617957951, 'O': 0.3716807991636659}",1.0,dissipation
"('ecoinvent-3.4-biosphere', 'a57cb19d-f436-4c0c-a2ab-097c544bd95f')",Silicon,"('soil', 'industrial')",kilogram,Silicon,Si,28.085,"[['Si', 1]]",{'Si': 1.0},1.0,dissipation
"('ecoinvent-3.4-biosphere', '16eeda8a-1ea2-408e-ab37-2648495058dd')","Carbon dioxide, fossil","('air', 'lower stratosphere + upper troposphere')",kilogram,Carbon dioxide,CO2,44.009,"[['C', 1], ['O', 2]]","{'C': 0.27292144788565975, 'O': 0.7270785521143402}",1.0,dissipation
"('ecoinvent-3.4-biosphere', 'e19658ac-3c4a-4cde-90ab-9dc6f569b02b')",Sodium,"('soil', 'forestry')",kilogram,Sodium,Na,22.9897693,"[['Na', 1]]",{'Na': 1.0},1.0,dissipation
"('ecoinvent-3.4-biosphere', 'cbd70647-6237-462a-9d01-d197a8b08506')",Nitrate,"('air', 'non-urban air or from high stacks')",kilogram,Nitrate,NO3-,62.005,"[['N', 1], ['O', 3]]","{'N': 0.22590113700508022, 'O': 0.7740827352632852}",1.0,dissipation
"('ecoinvent-3.4-biosphere', 'b1cb0241-be95-4d53-88a7-8ffeaa1245f9')",Sodium formate,"('water', 'ground-')",kilogram,Sodium formate,CHNaO2,68.007,"[['C', 1], ['H', 1], ['Na', 1], ['O', 2]]","{'C': 0.17661417207052213, 'H': 0.014822003617274692, 'Na': 0.3380534356757392, 'O': 0.4705103886364639}",1.0,dissipation
"('ecoinvent-3.4-biosphere', 'e92a1310-603c-4346-85b8-e4e3192cd75c')",2-Propanol,"('water',)",kilogram,2-Propanol,C3H8O,60.1,"[['C', 3], ['H', 8], ['O', 1]]","{'C': 0.5995507487520799, 'H': 0.1341763727121464, 'O': 0.2662063227953411}",1.0,dissipation
"('ecoinvent-3.4-biosphere', '8638150a-6413-4a26-9a97-c9fc2bbef19b')",Triflusulfuron-methyl,"('soil', 'agricultural')",kilogram,Triflusulfuron-methyl,C17H19F3N6O6S,492.4,"[['C', 17], ['H', 19], ['F', 3], ['N', 6], ['O', 6], ['S', 1]]","{'C': 0.4146770917952884, 'H': 0.03889520714865963, 'F': 0.11574735987002438, 'N': 0.1706783103168156, 'O': 0.19495125913891145, 'S': 0.06511982128350934}",1.0,dissipation
"('ecoinvent-3.4-biosphere', 'b53d3744-3629-4219-be20-980865e54031')",Methane,"('air', 'urban air close to ground')",kilogram,Methane,CH4,16.043,"[['C', 1], ['H', 4]]","{'C': 0.7486754347690582, 'H': 0.2513245652309419}",1.0,dissipation
"('ecoinvent-3.4-biosphere', 'd01e19ca-a74b-4c54-88b8-8effdade14c9')",Calcium hydroxide,"('air', 'low population density, long-term')",kilogram,Calcium hydroxide,CaH2O2,74.09,"[['Ca', 1], ['H', 2], ['O', 2]]","{'Ca': 0.5409366986097989, 'H': 0.027210149817789173, 'O': 0.43188014576865974}",1.0,dissipation
"('ecoinvent-3.4-biosphere', '3573a5af-88f8-4f74-ade7-cd269cbc4e66')",Copper,"('air', 'lower stratosphere + upper troposphere')",kilogram,Copper,Cu,63.55,"[['Cu', 1]]",{'Cu': 1.0},1.0,dissipation
"('ecoinvent-3.4-biosphere', 'cfa25cc2-6bfe-4b96-819f-cd15fd3859d1')","Thiocyanate, ion","('water',)",kilogram,Thiocyanate,CNS-,58.08,"[['C', 1], ['N', 1], ['S', 1]]","{'C': 0.20680096418732782, 'N': 0.24116735537190082, 'S': 0.5520833333333333}",1.0,dissipation
"('ecoinvent-3.4-biosphere', 'a4c2509a-20bb-439d-b993-1b19c4adcd33')",Methyl acetate,"('water', 'ocean')",kilogram,Methyl acetate,C3H6O2,74.08,"[['C', 3], ['H', 6], ['O', 2]]","{'C': 0.4864065874730022, 'H': 0.08164146868250541, 'O': 0.4319384449244061}",1.0,dissipation
"('ecoinvent-3.4-biosphere', '8a422b03-1055-4bc8-b439-27bf8d7eef57')",Tin,"('air', 'low population density, long-term')",kilogram,Tin,Sn,118.71,"[['Sn', 1]]",{'Sn': 1.0},1.0,dissipation
"('ecoinvent-3.4-biosphere', '32cd0492-c0cb-4898-a2b1-675eedc5b688')",Iron,"('air', 'urban air close to ground')",kilogram,Iron,Fe,55.84,"[['Fe', 1]]",{'Fe': 1.0},1.0,dissipation
"('ecoinvent-3.4-biosphere', '663ca947-9c87-4fb3-885f-f65789a93671')",4-Methyl-2-pentanone,"('water', 'ground-, long-term')",kilogram,4-Methyl-2-pentanone,C6H12O,100.16,"[['C', 6], ['H', 12], ['O', 1]]","{'C': 0.719508785942492, 'H': 0.12076677316293931, 'O': 0.1597344249201278}",1.0,dissipation
"('ecoinvent-3.4-biosphere', '9541a975-800f-4fed-9edf-28f6e411a015')","Methane, from soil or biomass stock","('air', 'non-urban air or from high stacks')",kilogram,Methane,CH4,16.043,"[['C', 1], ['H', 4]]","{'C': 0.7486754347690582, 'H': 0.2513245652309419}",1.0,dissipation
"('ecoinvent-3.4-biosphere', 'da5e6be3-ed71-48ac-9397-25bac666c7b7')",Tungsten,"('air',)",kilogram,Tungsten,W,183.84,"[['W', 1]]",{'W': 1.0},1.0,dissipation
"('ecoinvent-3.4-biosphere', '9808cb2d-f1d8-41c2-9a8d-74d5092b27ec')",Acrylonitrile,"('air', 'lower stratosphere + upper troposphere')",kilogram,Acrylonitrile,C3H3N,53.06,"[['C', 3], ['H', 3], ['N', 1]]","{'C': 0.6790991330569167, 'H': 0.05699208443271767, 'N': 0.26398416886543535}",1.0,dissipation
"('ecoinvent-3.4-biosphere', '1c87de06-e58f-4684-a54c-d29f1a251a87')","Chromium, ion","('water', 'ground-')",kilogram,Chromium,Cr,51.996,"[['Cr', 1]]",{'Cr': 1.0},1.0,dissipation
"('ecoinvent-3.4-biosphere', 'ba781ac6-cdf1-4a09-86b5-76b19ed3438b')","Ethane, 1-chloro-1,1-difluoro-, HCFC-142b","('air',)",kilogram,Ethane,C2H6,30.07,"[['C', 2], ['H', 6]]","{'C': 0.7988693049551047, 'H': 0.20113069504489525}",1.0,dissipation
"('ecoinvent-3.4-biosphere', '4295ed5b-9824-4bbf-97a4-fc4cabd87f0d')",Strontium,"('water', 'surface water')",kilogram,Strontium,Sr,87.62,"[['Sr', 1]]",{'Sr': 1.0},1.0,dissipation
"('ecoinvent-3.4-biosphere', 'a817ad04-5b8f-48cd-a2e7-2c798a65f0a7')",Potassium hydroxide,"('air',)",kilogram,Potassium hydroxide,HKO,56.106,"[['H', 1], ['K', 1], ['O', 1]]","{'H': 0.017965992941931345, 'K': 0.6968595159163012, 'O': 0.285156667736071}",1.0,dissipation
"('ecoinvent-3.4-biosphere', 'cc5f1637-8aa5-442f-a8c6-43c8739944a0')",Benzo(k)fluoranthene,"('air',)",kilogram,Benzo(k)fluoranthene,C20H12,252.3,"[['C', 20], ['H', 12]]","{'C': 0.9521204914783986, 'H': 0.04794292508917954}",1.0,dissipation
"('ecoinvent-3.4-biosphere', 'dd2177a3-a3ae-4b66-98f2-a85153cd9416')",Cyanide,"('air', 'low population density, long-term')",kilogram,Cyanide,CN-,26.017,"[['C', 1], ['N', 1]]","{'C': 0.4616596840527347, 'N': 0.5383787523542299}",1.0,dissipation
"('ecoinvent-3.4-biosphere', '9f6d9658-e3f7-4c8b-96da-bfec6511ae7d')",Tribufos,"('soil', 'agricultural')",kilogram,Tribufos,C12H27OPS3,314.5,"[['C', 12], ['H', 27], ['O', 1], ['P', 1], ['S', 3]]","{'C': 0.45828934817170114, 'H': 0.08653736089030208, 'O': 0.050871224165341816, 'P': 0.09848648648648649, 'S': 0.3058664546899841}",1.0,dissipation
"('ecoinvent-3.4-biosphere', '47703131-d6ba-4e54-a25e-26f6fd9ddc1c')",Hydrazine,"('water', 'surface water')",kilogram,Hydrazine,H4N2,32.046,"[['H', 4], ['N', 2]]","{'H': 0.12581913499344693, 'N': 0.8741808650065531}",1.0,dissipation
"('ecoinvent-3.4-biosphere', '8bd01869-7f83-4fcd-a167-af5735fa7ffd')",Scandium,"('soil',)",kilogram,Scandium,Sc,44.95591,"[['Sc', 1]]",{'Sc': 1.0},1.0,dissipation
"('ecoinvent-3.4-biosphere', 'b608516c-d577-4957-bcaa-851c7377ada8')",Ethylene glycol monoethyl ether,"('water',)",kilogram,Ethylene glycol monoethyl ether,C4H10O2,90.12,"[['C', 4], ['H', 10], ['O', 2]]","{'C': 0.5331114070128716, 'H': 0.11185086551264979, 'O': 0.35505992010652465}",1.0,dissipation
"('ecoinvent-3.4-biosphere', 'b0c3054b-6d71-42b1-8575-704c4d049180')",Phosphoric acid,"('air', 'non-urban air or from high stacks')",kilogram,Phosphoric acid,H3O4P,97.995,"[['H', 3], ['O', 4], ['P', 1]]","{'H': 0.030858717281493954, 'O': 0.6530537272309812, 'P': 0.31607735088524924}",1.0,dissipation
"('ecoinvent-3.4-biosphere', '6994b171-4ce1-4877-9c17-c206180fcea3')",Methyl acrylate,"('air', 'urban air close to ground')",kilogram,Methyl acrylate,C4H6O2,86.09,"[['C', 4], ['H', 6], ['O', 2]]","{'C': 0.558067139040539, 'H': 0.0702520617957951, 'O': 0.3716807991636659}",1.0,dissipation
"('ecoinvent-3.4-biosphere', 'ec8144d6-d123-43b1-9c17-a295422a0498')",Copper,"('air',)",kilogram,Copper,Cu,63.55,"[['Cu', 1]]",{'Cu': 1.0},1.0,dissipation
"('ecoinvent-3.4-biosphere', '394c876b-9b10-4f7f-b2b7-4e61b691d7c6')",2-Methyl-2-butene,"('air', 'low population density, long-term')",kilogram,2-Methyl-2-butene,C5H10,70.13,"[['C', 5], ['H', 10]]","{'C': 0.8563382290032796, 'H': 0.14373306716098674}",1.0,dissipation
"('ecoinvent-3.4-biosphere', 'cfa50eaf-a817-4352-b9fe-aa834240d269')",1-Pentanol,"('water', 'ground-, long-term')",kilogram,1-Pentanol,C5H12O,88.15,"[['C', 5], ['H', 12], ['O', 1]]","{'C': 0.6812819058423141, 'H': 0.13722064662507089, 'O': 0.18149744753261485}",1.0,dissipation
"('ecoinvent-3.4-biosphere', '28e1e2d6-97ad-4dfd-932a-9edad36dcab9')","Carbon dioxide, non-fossil","('air', 'low population density, long-term')",kilogram,Carbon dioxide,CO2,44.009,"[['C', 1], ['O', 2]]","{'C': 0.27292144788565975, 'O': 0.7270785521143402}",1.0,dissipation
"('ecoinvent-3.4-biosphere', '4218b9ea-78e7-44b5-b4e1-5a0fca05aeb8')",Methyl parathion,"('soil', 'agricultural')",kilogram,Methyl parathion,C8H10NO5PS,263.21,"[['C', 8], ['H', 10], ['N', 1], ['O', 5], ['P', 1], ['S', 1]]","{'C': 0.36506211770069524, 'H': 0.03829641730937275, 'N': 0.053216063219482544, 'O': 0.30392082367691203, 'P': 0.11767789977584439, 'S': 0.12182287906994416}",1.0,dissipation
"('ecoinvent-3.4-biosphere', '77f17646-cede-4a49-99dd-55950098b077')",Toluene,"('air', 'non-urban air or from high stacks')",kilogram,Toluene,C7H8,92.14,"[['C', 7], ['H', 8]]","{'C': 0.9124918602127198, 'H': 0.08751899283698719}",1.0,dissipation
"('ecoinvent-3.4-biosphere', 'eb23cf3a-b866-458d-94b3-9aee4145fcc9')",Acetamide,"('soil', 'agricultural')",kilogram,Acetamide,C2H5NO,59.07,"[['C', 2], ['H', 5], ['N', 1], ['O', 1]]","{'C': 0.4066700524801083, 'H': 0.08532249873031995, 'N': 0.23712544438801422, 'O': 0.2708481462671407}",1.0,dissipation
"('ecoinvent-3.4-biosphere', '7bbbbe10-92d9-4760-99ac-a9c6bd0985f2')",Butyl acetate,"('water', 'ground-')",kilogram,Butyl acetate,C6H12O2,116.16,"[['C', 6], ['H', 12], ['O', 2]]","{'C': 0.6204028925619836, 'H': 0.10413223140495868, 'O': 0.27546487603305786}",1.0,dissipation
"('ecoinvent-3.4-biosphere', 'e36fb756-d9a7-4b07-a6cb-a1d204b4c350')",Benzo(b)fluoranthene,"('water',)",kilogram,Benzo(b)fluoranthene,C20H12,252.3,"[['C', 20], ['H', 12]]","{'C': 0.9521204914783986, 'H': 0.04794292508917954}",1.0,dissipation
"('ecoinvent-3.4-biosphere', '4c8e3c03-0943-5ddd-aa22-c0314291fdf9')",Dimethyldichlorosilane,"('water',)",kilogram,Dimethyldichlorosilane,C2H6Cl2Si,129.06,"[['C', 2], ['H', 6], ['Cl', 2], ['Si', 1]]","{'C': 0.18613048194638152, 'H': 0.04686192468619247, 'Cl': 0.5494033782736713, 'Si': 0.21761971176197117}",1.0,dissipation
"('ecoinvent-3.4-biosphere', 'e38bceb5-e847-472a-9ea9-1885d958a6b5')",Propylene oxide,"('water', 'ground-, long-term')",kilogram,Propylene oxide,C3H6O,58.08,"[['C', 3], ['H', 6], ['O', 1]]","{'C': 0.6204028925619836, 'H': 0.10413223140495868, 'O': 0.27546487603305786}",1.0,dissipation
"('ecoinvent-3.4-biosphere', '281e1011-f121-4d5b-ad4d-22d562b2c2cd')","Ethane, pentafluoro-, HFC-125","('air',)",kilogram,Ethane,C2H6,30.07,"[['C', 2], ['H', 6]]","{'C': 0.7988693049551047, 'H': 0.20113069504489525}",1.0,dissipation
"('ecoinvent-3.4-biosphere', 'f2127292-61a1-43a3-bae2-fab282d5e941')",Chloroacetic acid,"('water', 'ground-, long-term')",kilogram,Chloroacetic acid,C2H3ClO2,94.5,"[['C', 2], ['H', 3], ['Cl', 1], ['O', 2]]","{'C': 0.2542010582010582, 'H': 0.032, 'Cl': 0.3751640211640212, 'O': 0.33860317460317463}",1.0,dissipation
"('ecoinvent-3.4-biosphere', '69349323-70b7-41d0-aeef-a29b49a89f85')",Tebuconazole,"('water', 'surface water')",kilogram,Tebuconazole,C16H22ClN3O,307.82,"[['C', 16], ['H', 22], ['Cl', 1], ['N', 3], ['O', 1]]","{'C': 0.624312910142291, 'H': 0.07204210252745112, 'Cl': 0.11517445260217012, 'N': 0.13651159768695992, 'O': 0.05197518030017543}",1.0,dissipation
"('ecoinvent-3.4-biosphere', 'bcbf2ad9-c338-4e11-be56-9e07113dafb3')",Chloroacetyl chloride,"('water', 'surface water')",kilogram,Chloroacetyl chloride,C2H2Cl2O,112.94,"[['C', 2], ['H', 2], ['Cl', 2], ['O', 1]]","{'C': 0.2126970072604923, 'H': 0.01785018593943687, 'Cl': 0.6278200814591819, 'O': 0.14165928811758458}",1.0,dissipation
"('ecoinvent-3.4-biosphere', '9682172f-8194-4efc-86e0-d81d189514a7')",Pirimiphos methyl,"('soil', 'agricultural')",kilogram,Pirimiphos methyl,C11H20N3O3PS,305.34,"[['C', 11], ['H', 20], ['N', 3], ['O', 3], ['P', 1], ['S', 1]]","{'C': 0.4327012510643872, 'H': 0.06602475928473178, 'N': 0.13762035763411282, 'O': 0.15719198270780116, 'P': 0.10144101657169058, 'S': 0.10501408266195061}",1.0,dissipation
"('ecoinvent-3.4-biosphere', '15c4b0d9-9004-4444-98f7-a0275a793673')",Diisobutyl ketone,"('water', 'ocean')",kilogram,Diisobutyl ketone,C9H18O,142.24,"[['C', 9], ['H', 18], ['O', 1]]","{'C': 0.7599760967379077, 'H': 0.12755905511811022, 'O': 0.1124789088863892}",1.0,dissipation
"('ecoinvent-3.4-biosphere', '493d1ae0-4f36-4279-9c5e-0c40fb029950')",Urea,"('water', 'surface water')",kilogram,Urea,CH4N2O,60.056,"[['C', 1], ['H', 4], ['N', 2], ['O', 1]]","{'C': 0.1999966697748768, 'H': 0.06713733848408153, 'N': 0.46646463300919144, 'O': 0.2664013587318503}",1.0,dissipation
"('ecoinvent-3.4-biosphere', '3be7ab07-a4fd-4d32-a31f-134d2c5b5143')",Nitrobenzene,"('air',)",kilogram,Nitrobenzene,C6H5NO2,123.11,"[['C', 6], ['H', 5], ['N', 1], ['O', 2]]","{'C': 0.5853789294127204, 'H': 0.04093899764438307, 'N': 0.11377629762001462, 'O': 0.2599138981398749}",1.0,dissipation
"('ecoinvent-3.4-biosphere', 'e070bd24-fd16-4963-8f4d-78bb4c402400')",Tin,"('soil', 'industrial')",kilogram,Tin,Sn,118.71,"[['Sn', 1]]",{'Sn': 1.0},1.0,dissipation
"('ecoinvent-3.4-biosphere', '95b6f6da-49f9-413d-8ff5-5342d6cff588')","Ethane, 1-chloro-1,1-difluoro-, HCFC-142b","('air', 'non-urban air or from high stacks')",kilogram,Ethane,C2H6,30.07,"[['C', 2], ['H', 6]]","{'C': 0.7988693049551047, 'H': 0.20113069504489525}",1.0,dissipation
"('ecoinvent-3.4-biosphere', '780e4e14-bd5b-408c-8304-0db2033561a7')",Lambda-cyhalothrin,"('water', 'ground-')",kilogram,Lambda-cyhalothrin,C23H19ClF3NO3,449.8,"[['C', 23], ['H', 19], ['Cl', 1], ['F', 3], ['N', 1], ['O', 3]]","{'C': 0.6141685193419297, 'H': 0.0425789239662072, 'Cl': 0.0788194753223655, 'F': 0.1267096487327701, 'N': 0.031140506891951976, 'O': 0.10670742552245442}",1.0,dissipation
"('ecoinvent-3.4-biosphere', '5ac2254e-6b60-45f5-a700-6e0b93f411c8')",Sulfur,"('water',)",kilogram,Sulfur,S,32.07,"[['S', 1]]",{'S': 1.0},1.0,dissipation
"('ecoinvent-3.4-biosphere', '8b4f0e68-38d5-4bee-b647-680d3a117560')",Rimsulfuron,"('soil', 'agricultural')",kilogram,Rimsulfuron,C14H17N5O7S2,431.4,"[['C', 14], ['H', 17], ['N', 5], ['O', 7], ['S', 2]]","{'C': 0.3897867408437645, 'H': 0.03972183588317107, 'N': 0.16234353268428373, 'O': 0.2596036161335188, 'S': 0.1486555401019935}",1.0,dissipation
"('ecoinvent-3.4-biosphere', '7348af7c-e102-4a03-a0df-efce16469eed')",Arsenic,"('air', 'non-urban air or from high stacks')",kilogram,Arsenic,As,74.92159,"[['As', 1]]",{'As': 1.0},1.0,dissipation
"('ecoinvent-3.4-biosphere', '9dad0050-5f0b-40d8-9f8d-c23670596611')",Methanol,"('water', 'ground-')",kilogram,Methanol,CH4O,32.042,"[['C', 1], ['H', 4], ['O', 1]]","{'C': 0.3748517570688471, 'H': 0.12583484177017665, 'O': 0.4993134011609762}",1.0,dissipation
"('ecoinvent-3.4-biosphere', '9b60f739-1e89-4e4f-a786-a8086058e656')","Benzene, ethyl-","('air', 'lower stratosphere + upper troposphere')",kilogram,Benzene,C6H6,78.11,"[['C', 6], ['H', 6]]","{'C': 0.9226219434131354, 'H': 0.07742926641915247}",1.0,dissipation
"('ecoinvent-3.4-biosphere', '0e9e6b81-0a68-4350-8368-566c083bd3e0')",Nitrate,"('air', 'lower stratosphere + upper troposphere')",kilogram,Nitrate,NO3-,62.005,"[['N', 1], ['O', 3]]","{'N': 0.22590113700508022, 'O': 0.7740827352632852}",1.0,dissipation
"('ecoinvent-3.4-biosphere', 'be3f7ad0-40e8-4a72-ba7a-8b5c69e42bd9')",Propylene oxide,"('air', 'non-urban air or from high stacks')",kilogram,Propylene oxide,C3H6O,58.08,"[['C', 3], ['H', 6], ['O', 1]]","{'C': 0.6204028925619836, 'H': 0.10413223140495868, 'O': 0.27546487603305786}",1.0,dissipation
"('ecoinvent-3.4-biosphere', '6b9bd023-b581-4dfe-8eca-069a4d646dfb')",Desmedipham,"('soil', 'agricultural')",kilogram,Desmedipham,C16H16N2O4,300.31,"[['C', 16], ['H', 16], ['N', 2], ['O', 4]]","{'C': 0.6399254104092438, 'H': 0.05370450534447738, 'N': 0.09328360693949585, 'O': 0.2130997968765609}",1.0,dissipation
"('ecoinvent-3.4-biosphere', '5c2957fe-5790-4bbe-a7f1-06be8e6fb89a')",Calcium hydroxide,"('air',)",kilogram,Calcium hydroxide,CaH2O2,74.09,"[['Ca', 1], ['H', 2], ['O', 2]]","{'Ca': 0.5409366986097989, 'H': 0.027210149817789173, 'O': 0.43188014576865974}",1.0,dissipation
"('ecoinvent-3.4-biosphere', 'd4238781-b3da-4efc-b20f-a5ec1d9d85b6')",Platinum,"('air', 'non-urban air or from high stacks')",kilogram,Platinum,Pt,195.08,"[['Pt', 1]]",{'Pt': 1.0},1.0,dissipation
"('ecoinvent-3.4-biosphere', '06b8a67f-5044-4060-be71-04e1dfc31e24')",Chlorothalonil,"('soil', 'agricultural')",kilogram,Chlorothalonil,C8Cl4N2,265.9,"[['C', 8], ['Cl', 4], ['N', 2]]","{'C': 0.3613689356901091, 'Cl': 0.5333283189168861, 'N': 0.1053553967657014}",1.0,dissipation
"('ecoinvent-3.4-biosphere', '01174955-d4f9-4825-9188-791b79abc8e1')",Formamide,"('water', 'surface water')",kilogram,Formamide,CH3NO,45.041,"[['C', 1], ['H', 3], ['N', 1], ['O', 1]]","{'C': 0.2666681467995826, 'H': 0.0671388290668502, 'N': 0.310983326302702, 'O': 0.35520969783086526}",1.0,dissipation
"('ecoinvent-3.4-biosphere', '23856318-9583-426b-ab04-12e4506b60a8')",Propene,"('air', 'non-urban air or from high stacks')",kilogram,Propene,C3H6,42.08,"[['C', 3], ['H', 6]]","{'C': 0.8562975285171104, 'H': 0.14372623574144489}",1.0,dissipation
"('ecoinvent-3.4-biosphere', '9f884326-b503-4451-9259-b52f3001bbb8')",Styrene,"('water', 'ground-')",kilogram,Styrene,C8H8,104.15,"[['C', 8], ['H', 8]]","{'C': 0.9225924147863657, 'H': 0.07742678828612577}",1.0,dissipation
"('ecoinvent-3.4-biosphere', 'd32f9dd8-9514-4c22-8c99-2e108609731f')",Bromine,"('air', 'non-urban air or from high stacks')",kilogram,Bromine,Br2,159.81,"[['Br', 2]]",{'Br': 1.0},1.0,dissipation
"('ecoinvent-3.4-biosphere', '46190ab6-8a25-40e2-8be1-b5145fed2f25')",Silicon dioxide,"('water', 'surface water')",kilogram,Silicon dioxide,O2Si,60.084,"[['O', 2], ['Si', 1]]","{'O': 0.5325544238066706, 'Si': 0.46744557619332927}",1.0,dissipation
"('ecoinvent-3.4-biosphere', '9d1efa17-070a-4602-a65f-daf5056b0647')","PAH, polycyclic aromatic hydrocarbons","('air', 'urban air close to ground')",kilogram,PAH,C9H10N2O3,194.19,"[['C', 9], ['H', 10], ['N', 2], ['O', 3]]","{'C': 0.556666151707091, 'H': 0.05190792522786961, 'N': 0.14426077552912095, 'O': 0.24716514753591842}",1.0,dissipation
"('ecoinvent-3.4-biosphere', '9cf3a683-ed3d-40e9-b039-7653e4fc9e20')",Molybdenum,"('soil', 'agricultural')",kilogram,Molybdenum,Mo,95.95,"[['Mo', 1]]",{'Mo': 1.0},1.0,dissipation
"('ecoinvent-3.4-biosphere', '736f52e8-9703-4076-8909-7ae80a7f8005')","Ammonium, ion","('water', 'ground-')",kilogram,Ammonium,H4N+,18.039,"[['H', 4], ['N', 1]]","{'H': 0.22351571594877764, 'N': 0.7764842840512223}",1.0,dissipation
"('ecoinvent-3.4-biosphere', '51f57752-1155-4835-9cbe-95c73f06f2a9')",o-Nitrotoluene,"('air', 'low population density, long-term')",kilogram,o-Nitrotoluene,C7H7NO2,137.14,"[['C', 7], ['H', 7], ['N', 1], ['O', 2]]","{'C': 0.6130742307131399, 'H': 0.051451071897331196, 'N': 0.10213650284380925, 'O': 0.23332361090856063}",1.0,dissipation
"('ecoinvent-3.4-biosphere', 'c4ab841c-b243-45fe-b5f9-258a00016fc9')",Iodosulfuron-methyl-sodium,"('soil', 'agricultural')",kilogram,Iodosulfuron-methyl-sodium,C14H13IN5NaO6S,529.24,"[['C', 14], ['H', 13], ['I', 1], ['N', 5], ['Na', 1], ['O', 6], ['S', 1]]","{'C': 0.3177273070818532, 'H': 0.024760033255233918, 'I': 0.23978535258105962, 'N': 0.1323312674778928, 'Na': 0.04343964930844229, 'O': 0.18138084800846496, 'S': 0.06058687929861688}",1.0,dissipation
"('ecoinvent-3.4-biosphere', '3d07d5f0-4ee5-4803-a5a3-6ad8f89bf4b1')",Boric acid,"('air', 'lower stratosphere + upper troposphere')",kilogram,Boric acid,BH3O3,61.84,"[['B', 1], ['H', 3], ['O', 3]]","{'B': 0.1748059508408797, 'H': 0.04890038809831824, 'O': 0.7761481241914618}",1.0,dissipation
"('ecoinvent-3.4-biosphere', 'b2208d0f-61a7-4813-9861-af03bf496a05')",Bromine,"('water', 'ocean')",kilogram,Bromine,Br2,159.81,"[['Br', 2]]",{'Br': 1.0},1.0,dissipation
"('ecoinvent-3.4-biosphere', '6ed53433-96ff-402c-87d0-52b8271aadac')",4-Methyl-2-pentanone,"('air', 'non-urban air or from high stacks')",kilogram,4-Methyl-2-pentanone,C6H12O,100.16,"[['C', 6], ['H', 12], ['O', 1]]","{'C': 0.719508785942492, 'H': 0.12076677316293931, 'O': 0.1597344249201278}",1.0,dissipation
"('ecoinvent-3.4-biosphere', '8b31d489-c85c-4cd6-bd7b-fc5599acc168')",Sulfur,"('water', 'ground-, long-term')",kilogram,Sulfur,S,32.07,"[['S', 1]]",{'S': 1.0},1.0,dissipation
"('ecoinvent-3.4-biosphere', 'f43b2b80-f5a6-4d31-9980-0754305a978d')","Ethane, 1,1,1-trifluoro-, HFC-143a","('air', 'urban air close to ground')",kilogram,Ethane,C2H6,30.07,"[['C', 2], ['H', 6]]","{'C': 0.7988693049551047, 'H': 0.20113069504489525}",1.0,dissipation
"('ecoinvent-3.4-biosphere', 'fa0d6d19-f82c-4e51-bfad-43a187f6662b')",Chloroacetyl chloride,"('water', 'ground-')",kilogram,Chloroacetyl chloride,C2H2Cl2O,112.94,"[['C', 2], ['H', 2], ['Cl', 2], ['O', 1]]","{'C': 0.2126970072604923, 'H': 0.01785018593943687, 'Cl': 0.6278200814591819, 'O': 0.14165928811758458}",1.0,dissipation
"('ecoinvent-3.4-biosphere', '2813518d-c4a8-4a8d-9542-f1882ec27c1c')",Benzaldehyde,"('air', 'non-urban air or from high stacks')",kilogram,Benzaldehyde,C7H6O,106.12,"[['C', 7], ['H', 6], ['O', 1]]","{'C': 0.7922823218997361, 'H': 0.05699208443271767, 'O': 0.15076328684508103}",1.0,dissipation
"('ecoinvent-3.4-biosphere', 'ae70ca6c-807a-482b-9ddc-e449b4893fe3')",Nitrogen,"('water', 'surface water')",kilogram,Nitrogen,N2,28.014,"[['N', 2]]",{'N': 1.0},1.0,dissipation
"('ecoinvent-3.4-biosphere', '9b505d7c-4239-40e0-9dbe-55d38f3b85b3')","Methane, chlorodifluoro-, HCFC-22","('air', 'low population density, long-term')",kilogram,Methane,CH4,16.043,"[['C', 1], ['H', 4]]","{'C': 0.7486754347690582, 'H': 0.2513245652309419}",1.0,dissipation
"('ecoinvent-3.4-biosphere', '13fb54aa-a54a-48de-b2ec-b9165dea111d')",Ethene,"('air', 'low population density, long-term')",kilogram,Ethene,C2H4,28.05,"[['C', 2], ['H', 4]]","{'C': 0.8563992869875222, 'H': 0.14374331550802139}",1.0,dissipation
"('ecoinvent-3.4-biosphere', '1fee3bdb-480b-4194-b3d7-0e4bd2814c33')",Butyl acetate,"('air', 'low population density, long-term')",kilogram,Butyl acetate,C6H12O2,116.16,"[['C', 6], ['H', 12], ['O', 2]]","{'C': 0.6204028925619836, 'H': 0.10413223140495868, 'O': 0.27546487603305786}",1.0,dissipation
"('ecoinvent-3.4-biosphere', '5efff566-462f-4ded-b5b4-6761cf50c376')",Sulfate,"('water', 'ocean')",kilogram,Sulfate,O4S-2,96.07,"[['O', 4], ['S', 1]]","{'O': 0.6661392734464454, 'S': 0.33376704486312064}",1.0,dissipation
"('ecoinvent-3.4-biosphere', '5e2e1740-1bb9-4157-b816-6cb5aa006437')","Methane, trifluoro-, HFC-23","('air', 'non-urban air or from high stacks')",kilogram,Methane,CH4,16.043,"[['C', 1], ['H', 4]]","{'C': 0.7486754347690582, 'H': 0.2513245652309419}",1.0,dissipation
"('ecoinvent-3.4-biosphere', '5f29e18d-ace2-466c-831e-be1aee84323a')",Hexane,"('air', 'lower stratosphere + upper troposphere')",kilogram,Hexane,C6H14,86.18,"[['C', 6], ['H', 14]]","{'C': 0.8362265026688327, 'H': 0.16375029009050823}",1.0,dissipation
"('ecoinvent-3.4-biosphere', '63fad899-6b8a-484d-bc90-481a58310070')",Ethyl acetate,"('water', 'ground-, long-term')",kilogram,Ethyl acetate,C4H8O2,88.11,"[['C', 4], ['H', 8], ['O', 2]]","{'C': 0.5452729542617183, 'H': 0.09152196118488254, 'O': 0.3631596867551924}",1.0,dissipation
"('ecoinvent-3.4-biosphere', 'fb96e4da-d810-45a0-8b8a-c8f7bb17df38')",Cyclohexane,"('water', 'ground-, long-term')",kilogram,Cyclohexane,C6H12,84.16,"[['C', 6], ['H', 12]]","{'C': 0.8562975285171104, 'H': 0.14372623574144489}",1.0,dissipation
"('ecoinvent-3.4-biosphere', 'a89fab33-8e9b-4683-9da5-8ebd9c293f49')",Boric acid,"('air', 'non-urban air or from high stacks')",kilogram,Boric acid,BH3O3,61.84,"[['B', 1], ['H', 3], ['O', 3]]","{'B': 0.1748059508408797, 'H': 0.04890038809831824, 'O': 0.7761481241914618}",1.0,dissipation
"('ecoinvent-3.4-biosphere', 'a1af6718-19fc-4727-b640-cda0ac7481fc')",Monochloroethane,"('water', 'ground-')",kilogram,Monochloroethane,C2H5Cl,64.51,"[['C', 2], ['H', 5], ['Cl', 1]]","{'C': 0.37237637575569676, 'H': 0.07812742210509997, 'Cl': 0.5495737095024027}",1.0,dissipation
"('ecoinvent-3.4-biosphere', 'feb813f2-ff76-4f52-a966-55297494de4a')",m-Xylene,"('water',)",kilogram,m-Xylene,C8H10,106.16,"[['C', 8], ['H', 10]]","{'C': 0.9051243406179351, 'H': 0.09495101733232857}",1.0,dissipation
"('ecoinvent-3.4-biosphere', '9f5bfac4-cbb6-4b38-afb9-cf563fc5ca15')",Nitrite,"('water',)",kilogram,Nitrite,NO2-,46.006,"[['N', 1], ['O', 2]]","{'N': 0.30446028778854933, 'O': 0.6955179759161849}",1.0,dissipation
"('ecoinvent-3.4-biosphere', '919aa517-c05d-4bcc-9070-422b8e16d9a9')","Phenol, 2,4-dichloro","('air', 'lower stratosphere + upper troposphere')",kilogram,Phenol,C6H6O,94.11,"[['C', 6], ['H', 6], ['O', 1]]","{'C': 0.765763468281798, 'H': 0.06426522154925088, 'O': 0.17000318775900541}",1.0,dissipation
"('ecoinvent-3.4-biosphere', 'ad419049-3445-481f-97a3-3d4529ee924f')",Teflubenzuron,"('soil', 'agricultural')",kilogram,Teflubenzuron,C14H6Cl2F4N2O2,381.1,"[['C', 14], ['H', 6], ['Cl', 2], ['F', 4], ['N', 2], ['O', 2]]","{'C': 0.4412332721070585, 'H': 0.015869850432957227, 'Cl': 0.18605615324061928, 'F': 0.1994017318289163, 'N': 0.0735082655471005, 'O': 0.0839622146418263}",1.0,dissipation
"('ecoinvent-3.4-biosphere', '0a7b2a91-5d35-400b-9a9e-30e195abfe73')","Methane, dichloro-, HCC-30","('water', 'ocean')",kilogram,Methane,CH4,16.043,"[['C', 1], ['H', 4]]","{'C': 0.7486754347690582, 'H': 0.2513245652309419}",1.0,dissipation
"('ecoinvent-3.4-biosphere', 'f4cf8d5c-f030-4b55-a3af-e3c20b855ee8')",Antimony,"('soil', 'agricultural')",kilogram,Antimony,Sb,121.76,"[['Sb', 1]]",{'Sb': 1.0},1.0,dissipation
"('ecoinvent-3.4-biosphere', 'eeaeefc1-0af9-45e5-99a8-2333a387f0ae')",Propanal,"('air', 'urban air close to ground')",kilogram,Propanal,C3H6O,58.08,"[['C', 3], ['H', 6], ['O', 1]]","{'C': 0.6204028925619836, 'H': 0.10413223140495868, 'O': 0.27546487603305786}",1.0,dissipation
"('ecoinvent-3.4-biosphere', 'fa39136e-1ef6-43c1-af68-104da104568d')",Antimony,"('air', 'low population density, long-term')",kilogram,Antimony,Sb,121.76,"[['Sb', 1]]",{'Sb': 1.0},1.0,dissipation
"('ecoinvent-3.4-biosphere', 'fbfabc26-84d9-46cd-9d1b-1a0060325b64')",Selenium,"('air', 'lower stratosphere + upper troposphere')",kilogram,Selenium,Se,78.97,"[['Se', 1]]",{'Se': 1.0},1.0,dissipation
"('ecoinvent-3.4-biosphere', '416eedbd-a7b4-4693-8031-9bfaa2f20ebc')","Ethane, 1,1-dichloro-1-fluoro-, HCFC-141b","('air', 'non-urban air or from high stacks')",kilogram,Ethane,C2H6,30.07,"[['C', 2], ['H', 6]]","{'C': 0.7988693049551047, 'H': 0.20113069504489525}",1.0,dissipation
"('ecoinvent-3.4-biosphere', '59177170-590b-4d94-833a-e23d899f422e')",Esfenvalerate,"('soil', 'agricultural')",kilogram,Esfenvalerate,C25H22ClNO3,419.9,"[['C', 25], ['H', 22], ['Cl', 1], ['N', 1], ['O', 3]]","{'C': 0.7151107406525363, 'H': 0.05281257442248155, 'Cl': 0.08443200762086212, 'N': 0.033357942367230296, 'O': 0.11430578709216481}",1.0,dissipation
"('ecoinvent-3.4-biosphere', '019ad37a-2728-455e-aa8d-c921d26c3cc7')",Ethane thiol,"('air', 'non-urban air or from high stacks')",kilogram,Ethane thiol,C2H6S,62.14,"[['C', 2], ['H', 6], ['S', 1]]","{'C': 0.3865786932732539, 'H': 0.09732861280978436, 'S': 0.5160122304473769}",1.0,dissipation
"('ecoinvent-3.4-biosphere', '26e10723-d896-54ec-ab5b-5a4804d2f9ba')","Bicarbonate, ion","('water',)",kilogram,Bicarbonate,CHO3-,61.017,"[['C', 1], ['H', 1], ['O', 3]]","{'C': 0.19684678040546075, 'H': 0.016519986233344806, 'O': 0.7866168444859629}",1.0,dissipation
"('ecoinvent-3.4-biosphere', '9783014c-4ec6-4c9c-84d7-d34c8b390a0b')",Magnesium,"('water',)",kilogram,Magnesium,Mg,24.305,"[['Mg', 1]]",{'Mg': 1.0},1.0,dissipation
"('ecoinvent-3.4-biosphere', '24acc516-974c-4ff3-b7e1-5950b8d37206')",Magnesium,"('water', 'ground-')",kilogram,Magnesium,Mg,24.305,"[['Mg', 1]]",{'Mg': 1.0},1.0,dissipation
"('ecoinvent-3.4-biosphere', '94426df9-63b1-4dc6-ad1b-3509e22f1154')","Silver, ion","('water', 'ground-, long-term')",kilogram,Silver,Ag,107.868,"[['Ag', 1]]",{'Ag': 1.0},1.0,dissipation
"('ecoinvent-3.4-biosphere', '785e9314-ccf6-4229-98c5-37881d624fc9')",Benzo(k)fluoranthene,"('water',)",kilogram,Benzo(k)fluoranthene,C20H12,252.3,"[['C', 20], ['H', 12]]","{'C': 0.9521204914783986, 'H': 0.04794292508917954}",1.0,dissipation
"('ecoinvent-3.4-biosphere', '1258b87f-6a94-4c0f-a51a-cef98a3bf534')",Formaldehyde,"('air', 'low population density, long-term')",kilogram,Formaldehyde,CH2O,30.026,"[['C', 1], ['H', 2], ['O', 1]]","{'C': 0.4000199826816759, 'H': 0.06714181043095983, 'O': 0.5328382068873643}",1.0,dissipation
"('ecoinvent-3.4-biosphere', '41c97929-4fc4-4c35-bdf8-f999e4b492fd')",MCPA,"('air', 'non-urban air or from high stacks')",kilogram,MCPA,C9H9ClO3,200.62,"[['C', 9], ['H', 9], ['Cl', 1], ['O', 3]]","{'C': 0.538824643604825, 'H': 0.04521981856245638, 'Cl': 0.1767171767520686, 'O': 0.23924334562855148}",1.0,dissipation
"('ecoinvent-3.4-biosphere', 'e142b577-e934-4085-9a07-3983d4d92afb')",Chromium,"('air',)",kilogram,Chromium,Cr,51.996,"[['Cr', 1]]",{'Cr': 1.0},1.0,dissipation
"('ecoinvent-3.4-biosphere', 'f0d1c319-249f-4a89-b0e7-3a5a90a54036')",Cobalt,"('water', 'ground-')",kilogram,Cobalt,Co,58.93319,"[['Co', 1]]",{'Co': 1.0},1.0,dissipation
"('ecoinvent-3.4-biosphere', 'f7ffe5fc-0bb1-4b41-87de-ed914fa637f1')",Bromacil,"('soil', 'agricultural')",kilogram,Bromacil,C9H13BrN2O2,261.12,"[['C', 9], ['H', 13], ['Br', 1], ['N', 2], ['O', 2]]","{'C': 0.4139820772058823, 'H': 0.05018382352941176, 'Br': 0.3060049019607843, 'N': 0.10728400735294118, 'O': 0.12254136029411765}",1.0,dissipation
"('ecoinvent-3.4-biosphere', '68824a06-2815-4202-9f12-efec86f8df89')",Trichlorosilane,"('air', 'urban air close to ground')",kilogram,Trichlorosilane,Cl3HSi,135.45,"[['Cl', 3], ['H', 1], ['Si', 1]]","{'Cl': 0.7852270210409746, 'H': 0.0074418604651162795, 'Si': 0.20735326688815062}",1.0,dissipation
"('ecoinvent-3.4-biosphere', '85727faa-6607-4834-a34c-45a742a24c29')","Chlorosilane, trimethyl-","('water', 'surface water')",kilogram,Chlorosilane,ClH3Si,66.56,"[['Cl', 1], ['H', 3], ['Si', 1]]","{'Cl': 0.5326472355769231, 'H': 0.045432692307692306, 'Si': 0.4219651442307692}",1.0,dissipation
"('ecoinvent-3.4-biosphere', 'f6b4242e-ea42-4d2e-b7c1-ba8e9ed2fbb0')",Acrylic acid,"('air', 'lower stratosphere + upper troposphere')",kilogram,Acrylic acid,C3H4O2,72.06,"[['C', 3], ['H', 4], ['O', 2]]","{'C': 0.5000416319733555, 'H': 0.055953372189841796, 'O': 0.4440466278101582}",1.0,dissipation
"('ecoinvent-3.4-biosphere', '4fde8c19-5560-4fc4-a416-7b244f7439ec')",Metalaxyl-M,"('soil', 'agricultural')",kilogram,Metalaxyl-M,C15H21NO4,279.33,"[['C', 15], ['H', 21], ['N', 1], ['O', 4]]","{'C': 0.6449897970142842, 'H': 0.07578133390613254, 'N': 0.05014498979701429, 'O': 0.22910535925249706}",1.0,dissipation
"('ecoinvent-3.4-biosphere', '5cf4e418-9cd0-5139-bfc2-5d8a8ffda5ff')",Phosphorus trichloride,"('water',)",kilogram,Phosphorus trichloride,Cl3P,137.33,"[['Cl', 3], ['P', 1]]","{'Cl': 0.7744775358625209, 'P': 0.2255443093278963}",1.0,dissipation
"('ecoinvent-3.4-biosphere', '3cee5838-69ba-44f9-bc30-84f82bff2dd9')",Acetonitrile,"('water', 'ground-, long-term')",kilogram,Acetonitrile,C2H3N,41.05,"[['C', 2], ['H', 3], ['N', 1]]","{'C': 0.5851887941534714, 'H': 0.07366626065773448, 'N': 0.3412180267965895}",1.0,dissipation
"('ecoinvent-3.4-biosphere', '5128d076-e7a6-4bba-9a3a-432b2bce31fd')",Boron carbide,"('air', 'lower stratosphere + upper troposphere')",kilogram,Boron carbide,CB4,55.3,"[['C', 1], ['B', 4]]","{'C': 0.21719710669077757, 'B': 0.7819168173598554}",1.0,dissipation
"('ecoinvent-3.4-biosphere', 'f4bb66f1-c78c-409f-8368-85c1205a3573')",Heptane,"('air', 'urban air close to ground')",kilogram,Heptane,C7H16,100.2,"[['C', 7], ['H', 16]]","{'C': 0.8390918163672654, 'H': 0.1609580838323353}",1.0,dissipation
"('ecoinvent-3.4-biosphere', '81305cda-63f1-4c1a-99c6-2c2568550ec4')",Dinitrogen monoxide,"('air', 'low population density, long-term')",kilogram,Dinitrogen monoxide,N2O,44.013,"[['N', 2], ['O', 1]]","{'N': 0.6364937632063254, 'O': 0.3635062367936746}",1.0,dissipation
"('ecoinvent-3.4-biosphere', '468111da-3988-4c54-b6a0-b8feb1b5e5da')",Ethane thiol,"('air',)",kilogram,Ethane thiol,C2H6S,62.14,"[['C', 2], ['H', 6], ['S', 1]]","{'C': 0.3865786932732539, 'H': 0.09732861280978436, 'S': 0.5160122304473769}",1.0,dissipation
"('ecoinvent-3.4-biosphere', '9167dca7-615e-435c-8ba6-dbbf50e50e34')",Formaldehyde,"('air', 'non-urban air or from high stacks')",kilogram,Formaldehyde,CH2O,30.026,"[['C', 1], ['H', 2], ['O', 1]]","{'C': 0.4000199826816759, 'H': 0.06714181043095983, 'O': 0.5328382068873643}",1.0,dissipation
"('ecoinvent-3.4-biosphere', '06699be8-f522-427e-89b5-8ad948a39ecb')",Propiconazole,"('air', 'non-urban air or from high stacks')",kilogram,Propiconazole,C15H17Cl2N3O2,342.2,"[['C', 15], ['H', 17], ['Cl', 2], ['N', 3], ['O', 2]]","{'C': 0.5264903565166569, 'H': 0.0500759789596727, 'Cl': 0.2072063120981882, 'N': 0.12279661016949153, 'O': 0.09350672121566336}",1.0,dissipation
"('ecoinvent-3.4-biosphere', '1e19d86e-968d-4428-984f-70bfd843a8f4')",Arsenic,"('soil', 'forestry')",kilogram,Arsenic,As,74.92159,"[['As', 1]]",{'As': 1.0},1.0,dissipation
"('ecoinvent-3.4-biosphere', 'df5dd437-2e12-4af6-8f7a-9c8224857dc5')","Ethane, hexafluoro-, HFC-116","('air', 'urban air close to ground')",kilogram,Ethane,C2H6,30.07,"[['C', 2], ['H', 6]]","{'C': 0.7988693049551047, 'H': 0.20113069504489525}",1.0,dissipation
"('ecoinvent-3.4-biosphere', 'd8c6318b-f01a-46a4-9345-9caa6b3a6ec2')",Styrene,"('water', 'surface water')",kilogram,Styrene,C8H8,104.15,"[['C', 8], ['H', 8]]","{'C': 0.9225924147863657, 'H': 0.07742678828612577}",1.0,dissipation
"('ecoinvent-3.4-biosphere', 'ff36578b-f403-4656-b934-81d8d4e02dc8')","Titanium, ion","('water', 'surface water')",kilogram,Titanium,Ti,47.867,"[['Ti', 1]]",{'Ti': 1.0},1.0,dissipation
"('ecoinvent-3.4-biosphere', 'be910644-7322-4873-8fd2-b97b1bebe149')",Dimethyl malonate,"('air', 'low population density, long-term')",kilogram,Dimethyl malonate,C5H8O4,132.11,"[['C', 5], ['H', 8], ['O', 4]]","{'C': 0.45458330179395945, 'H': 0.06104004238891832, 'O': 0.4844145030656271}",1.0,dissipation
"('ecoinvent-3.4-biosphere', '77241bc4-5911-40b8-927c-9bf5755c6634')","Phthalate, dibutyl-","('water', 'ground-')",kilogram,Phthalate,C8H4O4-2,164.11,"[['C', 8], ['H', 4], ['O', 4]]","{'C': 0.5855097190908536, 'H': 0.024568886722320393, 'O': 0.3899579550301627}",1.0,dissipation
"('ecoinvent-3.4-biosphere', 'a0f10b49-f9e6-4195-95af-bbc1ba417944')",Ethylamine,"('water',)",kilogram,Ethylamine,C2H7N,45.08,"[['C', 2], ['H', 7], ['N', 1]]","{'C': 0.5328748890860692, 'H': 0.1565217391304348, 'N': 0.3107142857142857}",1.0,dissipation
"('ecoinvent-3.4-biosphere', 'e43a270f-4f88-4789-a0b8-7aba56677743')",Nickel,"('air', 'urban air close to ground')",kilogram,Nickel,Ni,58.693,"[['Ni', 1]]",{'Ni': 1.0},1.0,dissipation
"('ecoinvent-3.4-biosphere', '6ced5488-3363-42ec-b832-f035744056e2')",Dimethyl ether,"('water', 'ground-, long-term')",kilogram,Dimethyl ether,C2H6O,46.07,"[['C', 2], ['H', 6], ['O', 1]]","{'C': 0.5214239201215541, 'H': 0.1312784892554808, 'O': 0.3472758845235511}",1.0,dissipation
"('ecoinvent-3.4-biosphere', '2d4b8ec1-8d53-4e62-8a11-ebc45909b02e')",Phosphorus,"('water',)",kilogram,Phosphorus,P,30.973762,"[['P', 1]]",{'P': 1.0},1.0,dissipation
"('ecoinvent-3.4-biosphere', '4a44767e-63a3-4ba3-8f9e-a193f5b39a61')",Trichlorosilane,"('air', 'low population density, long-term')",kilogram,Trichlorosilane,Cl3HSi,135.45,"[['Cl', 3], ['H', 1], ['Si', 1]]","{'Cl': 0.7852270210409746, 'H': 0.0074418604651162795, 'Si': 0.20735326688815062}",1.0,dissipation
"('ecoinvent-3.4-biosphere', 'fa8dc41a-ffc4-4665-af39-7c813795183a')",Ozone,"('air', 'low population density, long-term')",kilogram,Ozone,O3,47.998,"[['O', 3]]",{'O': 1.0},1.0,dissipation
"('ecoinvent-3.4-biosphere', '44e4d1ce-fa79-4ed5-93f9-445c4ff8df2e')",Sulfur hexafluoride,"('air', 'lower stratosphere + upper troposphere')",kilogram,Sulfur hexafluoride,F6S,146.06,"[['F', 6], ['S', 1]]","{'F': 0.7804190058879912, 'S': 0.21953306860194438}",1.0,dissipation
"('ecoinvent-3.4-biosphere', 'fa334460-698e-4000-a579-468fdf8a96e0')",Tetramethyl ammonium hydroxide,"('air', 'non-urban air or from high stacks')",kilogram,Tetramethyl ammonium hydroxide,C4H13NO,91.15,"[['C', 4], ['H', 13], ['N', 1], ['O', 1]]","{'C': 0.5270872188699944, 'H': 0.14376302797586393, 'N': 0.1536697750959956, 'O': 0.17552386176631926}",1.0,dissipation
"('ecoinvent-3.4-biosphere', 'fd08307f-57b3-4fba-9b06-7fbe7024a636')",Propene,"('water', 'ground-')",kilogram,Propene,C3H6,42.08,"[['C', 3], ['H', 6]]","{'C': 0.8562975285171104, 'H': 0.14372623574144489}",1.0,dissipation
"('ecoinvent-3.4-biosphere', '1fc409bc-b8e7-48b2-92d5-2ced4aa7bae2')","Sodium, ion","('water', 'surface water')",kilogram,Sodium,Na,22.9897693,"[['Na', 1]]",{'Na': 1.0},1.0,dissipation
"('ecoinvent-3.4-biosphere', '07798b07-13be-41f9-b754-5b389695cf78')",Dimethyl malonate,"('air', 'lower stratosphere + upper troposphere')",kilogram,Dimethyl malonate,C5H8O4,132.11,"[['C', 5], ['H', 8], ['O', 4]]","{'C': 0.45458330179395945, 'H': 0.06104004238891832, 'O': 0.4844145030656271}",1.0,dissipation
"('ecoinvent-3.4-biosphere', '4b1709c7-df14-45be-a233-621c76d0b57f')","Phenol, pentachloro-","('air', 'low population density, long-term')",kilogram,Phenol,C6H6O,94.11,"[['C', 6], ['H', 6], ['O', 1]]","{'C': 0.765763468281798, 'H': 0.06426522154925088, 'O': 0.17000318775900541}",1.0,dissipation
"('ecoinvent-3.4-biosphere', 'cacfd448-6c2d-4061-9363-fd506b979f25')","Ethane, 1,1,2-trichloro-1,2,2-trifluoro-, CFC-113","('air',)",kilogram,Ethane,C2H6,30.07,"[['C', 2], ['H', 6]]","{'C': 0.7988693049551047, 'H': 0.20113069504489525}",1.0,dissipation
"('ecoinvent-3.4-biosphere', 'd4256abf-9f73-4373-b1c0-a9532663ba58')",Acetaldehyde,"('water', 'ocean')",kilogram,Acetaldehyde,C2H4O,44.05,"[['C', 2], ['H', 4], ['O', 1]]","{'C': 0.5453348467650397, 'H': 0.09153234960272419, 'O': 0.3632009080590239}",1.0,dissipation
"('ecoinvent-3.4-biosphere', '9c8ad71b-7d45-46f9-85eb-ae0fcb0eeeab')",Barite,"('water', 'ground-')",kilogram,Barite,BaO4S,233.39,"[['Ba', 1], ['O', 4], ['S', 1]]","{'Ba': 0.588401388234286, 'O': 0.2742019795192596, 'S': 0.13738806289901023}",1.0,dissipation
"('ecoinvent-3.4-biosphere', 'aae8ad45-5cea-4b59-b3eb-3a58dd8fc8e9')",Thorium,"('air', 'lower stratosphere + upper troposphere')",kilogram,Thorium,Th,232.038,"[['Th', 1]]",{'Th': 1.0},1.0,dissipation
"('ecoinvent-3.4-biosphere', 'f87e0478-9ba4-4d6b-a1ca-5667d07f3465')",Dipropylamine,"('water', 'surface water')",kilogram,Dipropylamine,C6H15N,101.19,"[['C', 6], ['H', 15], ['N', 1]]","{'C': 0.7121849985176402, 'H': 0.14942187963237474, 'N': 0.13842276904832493}",1.0,dissipation
"('ecoinvent-3.4-biosphere', 'da3057af-dca7-4b7d-b36e-8b241586cc0c')",Formic acid,"('air', 'lower stratosphere + upper troposphere')",kilogram,Formic acid,CH2O2,46.025,"[['C', 1], ['H', 2], ['O', 2]]","{'C': 0.260966865833786, 'H': 0.04380228136882129, 'O': 0.6952308527973927}",1.0,dissipation
"('ecoinvent-3.4-biosphere', '5c049e3f-9246-47d0-ad60-7caaad814b2e')",Bromuconazole,"('soil', 'agricultural')",kilogram,Bromuconazole,C13H12BrCl2N3O,377.1,"[['C', 13], ['H', 12], ['Br', 1], ['Cl', 2], ['N', 3], ['O', 1]]","{'C': 0.41406258286926545, 'H': 0.032076372315035795, 'Br': 0.21189074516043488, 'Cl': 0.18802970034473615, 'N': 0.11143198090692123, 'O': 0.04242641209228321}",1.0,dissipation
"('ecoinvent-3.4-biosphere', '4abbbc48-a8d0-4c3a-9dea-4e67f1505230')","Benzene, ethyl-","('water', 'surface water')",kilogram,Benzene,C6H6,78.11,"[['C', 6], ['H', 6]]","{'C': 0.9226219434131354, 'H': 0.07742926641915247}",1.0,dissipation
"('ecoinvent-3.4-biosphere', 'b8ba284a-9560-40a1-bde9-75943d8c923a')",Chlorosulfonic acid,"('air', 'low population density, long-term')",kilogram,Chlorosulfonic acid,ClHO3S,116.53,"[['Cl', 1], ['H', 1], ['O', 3], ['S', 1]]","{'Cl': 0.30423925169484256, 'H': 0.008650133012958037, 'O': 0.41188535141165367, 'S': 0.2751651935124002}",1.0,dissipation
"('ecoinvent-3.4-biosphere', 'be13179a-7e8b-57f8-9852-137ce88a1525')",Methylamine,"('air',)",kilogram,Methylamine,CH5N,31.057,"[['C', 1], ['H', 5], ['N', 1]]","{'C': 0.3867405093859677, 'H': 0.16228225520816564, 'N': 0.45100943426602697}",1.0,dissipation
"('ecoinvent-3.4-biosphere', '1b4810ed-4537-4cca-83ef-5af8a04668a7')",Benzal chloride,"('air', 'non-urban air or from high stacks')",kilogram,Benzal chloride,C7H6Cl2,161.03,"[['C', 7], ['H', 6], ['Cl', 2]]","{'C': 0.5221201018443768, 'H': 0.03755821896541017, 'Cl': 0.4403278892131901}",1.0,dissipation
"('ecoinvent-3.4-biosphere', '4278f8fe-d3ac-4744-8386-7c8030f7386c')",o-Nitrotoluene,"('air', 'lower stratosphere + upper troposphere')",kilogram,o-Nitrotoluene,C7H7NO2,137.14,"[['C', 7], ['H', 7], ['N', 1], ['O', 2]]","{'C': 0.6130742307131399, 'H': 0.051451071897331196, 'N': 0.10213650284380925, 'O': 0.23332361090856063}",1.0,dissipation
"('ecoinvent-3.4-biosphere', '0f3a98cd-b692-4801-86b5-b2222a953417')",t-Butyl methyl ether,"('water', 'ground-')",kilogram,t-Butyl methyl ether,C5H12O,88.15,"[['C', 5], ['H', 12], ['O', 1]]","{'C': 0.6812819058423141, 'H': 0.13722064662507089, 'O': 0.18149744753261485}",1.0,dissipation
"('ecoinvent-3.4-biosphere', '7a59e8d5-cd11-4ee7-b1ca-30979d2b0b3a')",Chromium VI,"('air', 'urban air close to ground')",kilogram,Chromium,Cr,51.996,"[['Cr', 1]]",{'Cr': 1.0},1.0,dissipation
"('ecoinvent-3.4-biosphere', 'd2025041-20ee-41bb-b2c8-47631e839ff0')","Ethane, 1,1,2-trichloro-1,2,2-trifluoro-, CFC-113","('air', 'low population density, long-term')",kilogram,Ethane,C2H6,30.07,"[['C', 2], ['H', 6]]","{'C': 0.7988693049551047, 'H': 0.20113069504489525}",1.0,dissipation
"('ecoinvent-3.4-biosphere', '4ce23896-a82f-49f1-a8e3-8848734805a3')","Cadmium, ion","('water', 'ground-, long-term')",kilogram,Cadmium,Cd,112.41,"[['Cd', 1]]",{'Cd': 1.0},1.0,dissipation
"('ecoinvent-3.4-biosphere', 'd86d9085-975a-4212-9553-8bde88eb3c9f')","Phthalate, dioctyl-","('water',)",kilogram,Phthalate,C8H4O4-2,164.11,"[['C', 8], ['H', 4], ['O', 4]]","{'C': 0.5855097190908536, 'H': 0.024568886722320393, 'O': 0.3899579550301627}",1.0,dissipation
"('ecoinvent-3.4-biosphere', 'fc91fc6f-596e-424a-9ee4-4432d718a66f')",Silicon,"('water', 'ground-')",kilogram,Silicon,Si,28.085,"[['Si', 1]]",{'Si': 1.0},1.0,dissipation
"('ecoinvent-3.4-biosphere', '834e7547-a8ea-4765-a76e-357612ba65c4')",Sodium hydroxide,"('air', 'urban air close to ground')",kilogram,Sodium hydroxide,HNaO,39.997,"[['H', 1], ['Na', 1], ['O', 1]]","{'H': 0.025201890141760632, 'Na': 0.5747931094832112, 'O': 0.4000050003750281}",1.0,dissipation
"('ecoinvent-3.4-biosphere', 'd0800bcc-833f-4a75-b289-e5cadbd50552')",Ethylamine,"('water', 'ground-')",kilogram,Ethylamine,C2H7N,45.08,"[['C', 2], ['H', 7], ['N', 1]]","{'C': 0.5328748890860692, 'H': 0.1565217391304348, 'N': 0.3107142857142857}",1.0,dissipation
"('ecoinvent-3.4-biosphere', '84aa799e-9d98-4d34-85e0-516d28ab1be9')",Zinc,"('soil', 'agricultural')",kilogram,Zinc,Zn,65.4,"[['Zn', 1]]",{'Zn': 1.0},1.0,dissipation
"('ecoinvent-3.4-biosphere', '781bfb14-d34f-4f99-9d15-d67171d6fc24')",Zeta-cypermethrin,"('air', 'non-urban air or from high stacks')",kilogram,Zeta-cypermethrin,C22H19Cl2NO3,416.3,"[['C', 22], ['H', 19], ['Cl', 2], ['N', 1], ['O', 3]]","{'C': 0.6347393706461685, 'H': 0.04600528465049243, 'Cl': 0.1703242853711266, 'N': 0.033646408839779006, 'O': 0.11529425894787412}",1.0,dissipation
"('ecoinvent-3.4-biosphere', '64165202-4870-47d0-8602-b85e5d672865')",Propene,"('air',)",kilogram,Propene,C3H6,42.08,"[['C', 3], ['H', 6]]","{'C': 0.8562975285171104, 'H': 0.14372623574144489}",1.0,dissipation
"('ecoinvent-3.4-biosphere', '3d5051b0-08d6-40ef-8d0c-de90edb39c39')",Chloroform,"('water',)",kilogram,Chloroform,CHCl3,119.37,"[['C', 1], ['H', 1], ['Cl', 3]]","{'C': 0.1006199212532462, 'H': 0.008444332746921336, 'Cl': 0.891002764513697}",1.0,dissipation
"('ecoinvent-3.4-biosphere', '04cd03b8-8206-4d3a-a910-59ffc0550c2c')",Prosulfuron,"('soil', 'agricultural')",kilogram,Prosulfuron,C15H16F3N5O4S,419.4,"[['C', 15], ['H', 16], ['F', 3], ['N', 5], ['O', 4], ['S', 1]]","{'C': 0.4295779685264664, 'H': 0.038454935622317596, 'F': 0.13589413447782547, 'N': 0.16698855507868385, 'O': 0.15258941344778257, 'S': 0.07645445875059609}",1.0,dissipation
"('ecoinvent-3.4-biosphere', '8c12756d-7419-4926-8aaa-d84900407527')",Lactic acid,"('water',)",kilogram,Lactic acid,C3H6O3,90.08,"[['C', 3], ['H', 6], ['O', 3]]","{'C': 0.4000111012433393, 'H': 0.06714031971580817, 'O': 0.5328263765541741}",1.0,dissipation
"('ecoinvent-3.4-biosphere', '42053ffb-9284-49cb-88f9-33ac5c77be4a')",Manganese,"('air', 'lower stratosphere + upper troposphere')",kilogram,Manganese,Mn,54.93804,"[['Mn', 1]]",{'Mn': 1.0},1.0,dissipation
"('ecoinvent-3.4-biosphere', '5bd325f2-8c4b-4e1f-bb84-2f58900f4d51')",Hexamethyldisilizane,"('air',)",kilogram,Hexamethyldisilizane,C6H19NSi2,161.39,"[['C', 6], ['H', 19], ['N', 1], ['Si', 2]]","{'C': 0.44653324245616216, 'H': 0.11866906251936304, 'N': 0.0867897639258938, 'Si': 0.3480513042939464}",1.0,dissipation
"('ecoinvent-3.4-biosphere', '9597c1a2-ecda-4a89-97c5-efcdc679058d')",Potassium,"('air', 'non-urban air or from high stacks')",kilogram,Potassium,K,39.0983,"[['K', 1]]",{'K': 1.0},1.0,dissipation
"('ecoinvent-3.4-biosphere', '53578c58-7cd6-4623-9dd5-2c275bdc9f38')","Toluene, 2-chloro","('air',)",kilogram,Toluene,C7H8,92.14,"[['C', 7], ['H', 8]]","{'C': 0.9124918602127198, 'H': 0.08751899283698719}",1.0,dissipation
"('ecoinvent-3.4-biosphere', '7346ba9f-476c-4343-9f37-d1bb174eed6d')",Naphtalene,"('air',)",kilogram,Naphtalene,C10H8,128.17,"[['C', 10], ['H', 8]]","{'C': 0.9371147694468284, 'H': 0.06291643910431459}",1.0,dissipation
"('ecoinvent-3.4-biosphere', '2a7b68ff-f12a-44c6-8b31-71ec91d29889')",Tin,"('air',)",kilogram,Tin,Sn,118.71,"[['Sn', 1]]",{'Sn': 1.0},1.0,dissipation
"('ecoinvent-3.4-biosphere', '0ff15165-d761-48c9-9814-2d1dcdd56857')",Lead,"('water', 'ground-, long-term')",kilogram,Lead,Pb,207.0,"[['Pb', 1]]",{'Pb': 1.0},1.0,dissipation
"('ecoinvent-3.4-biosphere', 'c75bec2e-3599-4279-bae3-f8bef3ad2a29')",Ethylene diamine,"('air', 'lower stratosphere + upper troposphere')",kilogram,Ethylene diamine,C2H8N2,60.1,"[['C', 2], ['H', 8], ['N', 2]]","{'C': 0.3997004991680532, 'H': 0.1341763727121464, 'N': 0.46612312811980033}",1.0,dissipation
"('ecoinvent-3.4-biosphere', '189372b3-0e83-4ee0-bf62-b65925068657')",Butyrolactone,"('water', 'ground-, long-term')",kilogram,Butyrolactone,C4H6O2,86.09,"[['C', 4], ['H', 6], ['O', 2]]","{'C': 0.558067139040539, 'H': 0.0702520617957951, 'O': 0.3716807991636659}",1.0,dissipation
"('ecoinvent-3.4-biosphere', '55f0f584-45ca-4bc3-af11-098164f471e6')",Silicon tetrachloride,"('air', 'urban air close to ground')",kilogram,Silicon tetrachloride,Cl4Si,169.9,"[['Cl', 4], ['Si', 1]]","{'Cl': 0.8346792230723956, 'Si': 0.16530900529723366}",1.0,dissipation
"('ecoinvent-3.4-biosphere', 'e189eb4e-0f6a-4054-aaf8-47df28c87ec4')",Cesium,"('water', 'ocean')",kilogram,Cesium,Cs,132.905452,"[['Cs', 1]]",{'Cs': 1.0},1.0,dissipation
"('ecoinvent-3.4-biosphere', 'b54ed595-69b7-478b-88d9-a6bd574d46b8')",Sodium chlorate,"('air', 'lower stratosphere + upper troposphere')",kilogram,Sodium chlorate,ClNaO3,106.44,"[['Cl', 1], ['Na', 1], ['O', 3]]","{'Cl': 0.3330796692972567, 'Na': 0.21599022923712888, 'O': 0.45093010146561446}",1.0,dissipation
"('ecoinvent-3.4-biosphere', 'b3d98733-ae64-474b-b68d-ba681c24c32d')",Ethane thiol,"('air', 'urban air close to ground')",kilogram,Ethane thiol,C2H6S,62.14,"[['C', 2], ['H', 6], ['S', 1]]","{'C': 0.3865786932732539, 'H': 0.09732861280978436, 'S': 0.5160122304473769}",1.0,dissipation
"('ecoinvent-3.4-biosphere', '6366d4ec-5ffc-4488-be51-0c239cdf535d')",Tin,"('air', 'lower stratosphere + upper troposphere')",kilogram,Tin,Sn,118.71,"[['Sn', 1]]",{'Sn': 1.0},1.0,dissipation
"('ecoinvent-3.4-biosphere', 'e98b9661-2844-49dc-9ae4-855b9912c700')",Silicon,"('air',)",kilogram,Silicon,Si,28.085,"[['Si', 1]]",{'Si': 1.0},1.0,dissipation
"('ecoinvent-3.4-biosphere', '13d898ac-b9be-4723-a153-565e2a9144ac')","PAH, polycyclic aromatic hydrocarbons","('air', 'non-urban air or from high stacks')",kilogram,PAH,C9H10N2O3,194.19,"[['C', 9], ['H', 10], ['N', 2], ['O', 3]]","{'C': 0.556666151707091, 'H': 0.05190792522786961, 'N': 0.14426077552912095, 'O': 0.24716514753591842}",1.0,dissipation
"('ecoinvent-3.4-biosphere', 'c5a05d85-646d-4c61-860c-5558eb1990f4')","Phthalate, dioctyl-","('water', 'surface water')",kilogram,Phthalate,C8H4O4-2,164.11,"[['C', 8], ['H', 4], ['O', 4]]","{'C': 0.5855097190908536, 'H': 0.024568886722320393, 'O': 0.3899579550301627}",1.0,dissipation
"('ecoinvent-3.4-biosphere', 'c1624070-6619-4143-b63e-1ec82d65ad23')",Methyl formate,"('water', 'ground-')",kilogram,Methyl formate,C2H4O2,60.05,"[['C', 2], ['H', 4], ['O', 2]]","{'C': 0.40003330557868444, 'H': 0.06714404662781016, 'O': 0.5328559533721899}",1.0,dissipation
"('ecoinvent-3.4-biosphere', 'ada09403-d5f2-4496-9201-a6dcca0b1717')",Propene,"('air', 'urban air close to ground')",kilogram,Propene,C3H6,42.08,"[['C', 3], ['H', 6]]","{'C': 0.8562975285171104, 'H': 0.14372623574144489}",1.0,dissipation
"('ecoinvent-3.4-biosphere', 'cc667a3d-e88b-42f7-b265-461b7d66837f')",Diflufenzopyr-sodium,"('soil', 'agricultural')",kilogram,Diflufenzopyr-sodium,C15H11F2N4NaO3,356.26,"[['C', 15], ['H', 11], ['F', 2], ['N', 4], ['Na', 1], ['O', 3]]","{'C': 0.5057121203615337, 'H': 0.03112333688878909, 'F': 0.10665244484365352, 'N': 0.15726716443047212, 'Na': 0.06453152192219165, 'O': 0.13472463930837028}",1.0,dissipation
"('ecoinvent-3.4-biosphere', 'b8c794de-ac20-47f6-ae87-84d91e95da93')","Sulfate, ion","('water', 'ground-')",kilogram,Sulfate,O4S-2,96.07,"[['O', 4], ['S', 1]]","{'O': 0.6661392734464454, 'S': 0.33376704486312064}",1.0,dissipation
"('ecoinvent-3.4-biosphere', '8e123669-94d3-41d8-9480-a79211fe7c43')",Lead,"('air',)",kilogram,Lead,Pb,207.0,"[['Pb', 1]]",{'Pb': 1.0},1.0,dissipation
"('ecoinvent-3.4-biosphere', '33a791a2-a1e7-446b-b25a-b3be6159bae4')","Methane, difluoro-, HFC-32","('air', 'low population density, long-term')",kilogram,Methane,CH4,16.043,"[['C', 1], ['H', 4]]","{'C': 0.7486754347690582, 'H': 0.2513245652309419}",1.0,dissipation
"('ecoinvent-3.4-biosphere', '878099e4-3f82-4ec6-88c5-1acd745bf01a')",2-Nitrobenzoic acid,"('air', 'lower stratosphere + upper troposphere')",kilogram,2-Nitrobenzoic acid,C7H5NO4,167.12,"[['C', 7], ['H', 5], ['N', 1], ['O', 4]]","{'C': 0.5030935854475825, 'H': 0.03015797032072762, 'N': 0.08381402584968885, 'O': 0.382934418382001}",1.0,dissipation
"('ecoinvent-3.4-biosphere', '934c5e25-5370-421c-b079-07d01c49dedb')",Diuron,"('soil', 'agricultural')",kilogram,Diuron,C9H10Cl2N2O,233.09,"[['C', 9], ['H', 10], ['Cl', 2], ['N', 2], ['O', 1]]","{'C': 0.46376506928654165, 'H': 0.043245098459822384, 'Cl': 0.30420009438414347, 'N': 0.12018533613625637, 'O': 0.06863872323995024}",1.0,dissipation
"('ecoinvent-3.4-biosphere', '651cbfbb-3027-4e20-a5b0-4a67e86e837a')",1-Pentene,"('air',)",kilogram,1-Pentene,C5H10,70.13,"[['C', 5], ['H', 10]]","{'C': 0.8563382290032796, 'H': 0.14373306716098674}",1.0,dissipation
"('ecoinvent-3.4-biosphere', '6bdb666d-e227-4f57-9b1d-d25009d3c44b')","Methane, bromo-, Halon 1001","('air', 'lower stratosphere + upper troposphere')",kilogram,Methane,CH4,16.043,"[['C', 1], ['H', 4]]","{'C': 0.7486754347690582, 'H': 0.2513245652309419}",1.0,dissipation
"('ecoinvent-3.4-biosphere', '4010918f-7fd0-4925-8fbb-8fd7a44a806c')",Lead,"('soil', 'agricultural')",kilogram,Lead,Pb,207.0,"[['Pb', 1]]",{'Pb': 1.0},1.0,dissipation
"('ecoinvent-3.4-biosphere', 'ebc5f04e-ae40-49b1-b07b-495f67e26c28')",Rubidium,"('water', 'ocean')",kilogram,Rubidium,Rb,85.468,"[['Rb', 1]]",{'Rb': 1.0},1.0,dissipation
"('ecoinvent-3.4-biosphere', '479daf8f-657e-46a6-bdea-3cb2c61c44b1')",Silicon,"('air', 'non-urban air or from high stacks')",kilogram,Silicon,Si,28.085,"[['Si', 1]]",{'Si': 1.0},1.0,dissipation
"('ecoinvent-3.4-biosphere', 'de8d76cb-7216-4e6f-8bf2-8cdf76e99902')","Methane, dichlorofluoro-, HCFC-21","('air', 'lower stratosphere + upper troposphere')",kilogram,Methane,CH4,16.043,"[['C', 1], ['H', 4]]","{'C': 0.7486754347690582, 'H': 0.2513245652309419}",1.0,dissipation
"('ecoinvent-3.4-biosphere', 'a2f886e3-8db8-4bce-bedf-b2004b4cc558')",Ethofumesate,"('soil', 'agricultural')",kilogram,Ethofumesate,C13H18O5S,286.35,"[['C', 13], ['H', 18], ['O', 5], ['S', 1]]","{'C': 0.5452872359001222, 'H': 0.06336301728653744, 'O': 0.27936092194866424, 'S': 0.11197834817530992}",1.0,dissipation
"('ecoinvent-3.4-biosphere', 'e40fb8b9-a290-44df-9d22-71a164f0c2d9')",m-Xylene,"('water', 'surface water')",kilogram,m-Xylene,C8H10,106.16,"[['C', 8], ['H', 10]]","{'C': 0.9051243406179351, 'H': 0.09495101733232857}",1.0,dissipation
"('ecoinvent-3.4-biosphere', 'c9a8073a-8a19-5b9b-a120-7d549563b67b')",Hydrochloric acid,"('air',)",kilogram,Hydrochloric acid,ClH,36.46,"[['Cl', 1], ['H', 1]]","{'Cl': 0.9723806911684038, 'H': 0.02764673614920461}",1.0,dissipation
"('ecoinvent-3.4-biosphere', 'b0546417-3064-4878-bd6f-2da75cefdf63')",Manganese,"('air', 'urban air close to ground')",kilogram,Manganese,Mn,54.93804,"[['Mn', 1]]",{'Mn': 1.0},1.0,dissipation
"('ecoinvent-3.4-biosphere', '0131a35d-1d37-46ee-aed2-5ca12ac07ad4')","Chlorosilane, trimethyl-","('air', 'urban air close to ground')",kilogram,Chlorosilane,ClH3Si,66.56,"[['Cl', 1], ['H', 3], ['Si', 1]]","{'Cl': 0.5326472355769231, 'H': 0.045432692307692306, 'Si': 0.4219651442307692}",1.0,dissipation
"('ecoinvent-3.4-biosphere', '36b303da-afe4-449b-92ac-b16226cbadd5')",Carbon disulfide,"('water', 'ocean')",kilogram,Carbon disulfide,CS2,76.15,"[['C', 1], ['S', 2]]","{'C': 0.1577281680892974, 'S': 0.8421536441234404}",1.0,dissipation
"('ecoinvent-3.4-biosphere', '57f4185b-38de-46af-a759-9333e0ba29c5')","Benzene, chloro-","('water', 'ocean')",kilogram,Benzene,C6H6,78.11,"[['C', 6], ['H', 6]]","{'C': 0.9226219434131354, 'H': 0.07742926641915247}",1.0,dissipation
"('ecoinvent-3.4-biosphere', 'ba1a3dcb-d53a-42fd-80f0-d09f3a12ffe2')","Aldehydes, unspecified","('air', 'non-urban air or from high stacks')",kilogram,Aldehydes,C20H30O5,350.4,"[['C', 20], ['H', 30], ['O', 5]]","{'C': 0.6855593607305935, 'H': 0.0863013698630137, 'O': 0.22829623287671236}",1.0,dissipation
"('ecoinvent-3.4-biosphere', 'e9a52ea8-864d-4ed7-94dd-64bef4cae2cd')",N-Bromoacetamide,"('air', 'urban air close to ground')",kilogram,N-Bromoacetamide,C2H4BrNO,137.96,"[['C', 2], ['H', 4], ['Br', 1], ['N', 1], ['O', 1]]","{'C': 0.17412293418382138, 'H': 0.029225862568860537, 'Br': 0.5791823717019425, 'N': 0.10152942881994781, 'O': 0.11596839663670629}",1.0,dissipation
"('ecoinvent-3.4-biosphere', '504672ba-784f-4c87-bf3e-ede17992e4a2')",Nicosulfuron,"('soil', 'agricultural')",kilogram,Nicosulfuron,C15H18N6O6S,410.4,"[['C', 15], ['H', 18], ['N', 6], ['O', 6], ['S', 1]]","{'C': 0.4389985380116959, 'H': 0.04421052631578947, 'N': 0.20478070175438598, 'O': 0.23390350877192984, 'S': 0.07813109161793372}",1.0,dissipation
"('ecoinvent-3.4-biosphere', '78259cf2-1bb2-41ec-941c-9d70909df094')",Chloroform,"('air', 'low population density, long-term')",kilogram,Chloroform,CHCl3,119.37,"[['C', 1], ['H', 1], ['Cl', 3]]","{'C': 0.1006199212532462, 'H': 0.008444332746921336, 'Cl': 0.891002764513697}",1.0,dissipation
"('ecoinvent-3.4-biosphere', '50eebfd4-1b99-45d6-a149-68a6d4568cb4')",Cloquintocet-mexyl,"('soil', 'agricultural')",kilogram,Cloquintocet-mexyl,C18H22ClNO3,335.8,"[['C', 18], ['H', 22], ['Cl', 1], ['N', 1], ['O', 3]]","{'C': 0.6438296605122096, 'H': 0.066039309112567, 'Cl': 0.10557772483621204, 'N': 0.04171232876712329, 'O': 0.142933293627159}",1.0,dissipation
"('ecoinvent-3.4-biosphere', '9c2e78e0-38d7-4eb7-a40f-31c7308b1dd6')",Butyrolactone,"('water',)",kilogram,Butyrolactone,C4H6O2,86.09,"[['C', 4], ['H', 6], ['O', 2]]","{'C': 0.558067139040539, 'H': 0.0702520617957951, 'O': 0.3716807991636659}",1.0,dissipation
"('ecoinvent-3.4-biosphere', '61adbbe0-009c-4820-b38b-a2c3c42b918e')",o-Nitrotoluene,"('air', 'non-urban air or from high stacks')",kilogram,o-Nitrotoluene,C7H7NO2,137.14,"[['C', 7], ['H', 7], ['N', 1], ['O', 2]]","{'C': 0.6130742307131399, 'H': 0.051451071897331196, 'N': 0.10213650284380925, 'O': 0.23332361090856063}",1.0,dissipation
"('ecoinvent-3.4-biosphere', '7bdab722-11d0-4c42-a099-6f9ed510a44a')",Magnesium,"('water', 'surface water')",kilogram,Magnesium,Mg,24.305,"[['Mg', 1]]",{'Mg': 1.0},1.0,dissipation
"('ecoinvent-3.4-biosphere', 'eba1a8ae-fb73-52f4-b1b5-fb28dccd826d')",Dodecanol,"('water',)",kilogram,Dodecanol,C12H26O,186.33,"[['C', 12], ['H', 26], ['O', 1]]","{'C': 0.7735308323941394, 'H': 0.14065367895668973, 'O': 0.08586379004991145}",1.0,dissipation
"('ecoinvent-3.4-biosphere', '324c68b1-5c09-4080-bb88-dd8b6c0f796d')",Benzal chloride,"('water', 'ocean')",kilogram,Benzal chloride,C7H6Cl2,161.03,"[['C', 7], ['H', 6], ['Cl', 2]]","{'C': 0.5221201018443768, 'H': 0.03755821896541017, 'Cl': 0.4403278892131901}",1.0,dissipation
"('ecoinvent-3.4-biosphere', 'b3b430f2-1a9e-4db3-8379-85097a24de1f')",Dimethachlor,"('soil', 'agricultural')",kilogram,Dimethachlor,C13H18ClNO2,255.74,"[['C', 13], ['H', 18], ['Cl', 1], ['N', 1], ['O', 2]]","{'C': 0.6105536873387033, 'H': 0.07094705560334715, 'Cl': 0.13862907640572458, 'N': 0.05477047000860248, 'O': 0.12511926175021507}",1.0,dissipation
"('ecoinvent-3.4-biosphere', 'a93012b9-5223-4716-842b-23d4bb53119f')",Methyl ethyl ketone,"('air', 'low population density, long-term')",kilogram,Methyl ethyl ketone,C4H8O,72.11,"[['C', 4], ['H', 8], ['O', 1]]","{'C': 0.6662598807377618, 'H': 0.11182914990985994, 'O': 0.22186936624601306}",1.0,dissipation
"('ecoinvent-3.4-biosphere', 'f2d5f01a-3e16-4a6c-a3dc-f6ee9a728957')",Toluene,"('water', 'ocean')",kilogram,Toluene,C7H8,92.14,"[['C', 7], ['H', 8]]","{'C': 0.9124918602127198, 'H': 0.08751899283698719}",1.0,dissipation
"('ecoinvent-3.4-biosphere', 'fe58044a-f54b-4c93-8c79-9cbdea3dfc6a')",Fluorine,"('air', 'lower stratosphere + upper troposphere')",kilogram,Fluorine,F2,37.99680632,"[['F', 2]]",{'F': 1.0},1.0,dissipation
"('ecoinvent-3.4-biosphere', '379a827c-3290-4810-9689-b9e892945836')",Ethanol,"('air', 'urban air close to ground')",kilogram,Ethanol,C2H6O,46.07,"[['C', 2], ['H', 6], ['O', 1]]","{'C': 0.5214239201215541, 'H': 0.1312784892554808, 'O': 0.3472758845235511}",1.0,dissipation
"('ecoinvent-3.4-biosphere', 'b34d0551-cb9a-4d3f-95ad-2cdb380d5cd1')",Chloramine,"('air', 'urban air close to ground')",kilogram,Chloramine,ClH2N,51.47,"[['Cl', 1], ['H', 2], ['N', 1]]","{'Cl': 0.688809014960171, 'H': 0.039168447639401596, 'N': 0.27213911016125897}",1.0,dissipation
"('ecoinvent-3.4-biosphere', 'ee018b5e-c9c3-486b-aeb4-ef045a4e3ccd')",Strontium,"('soil', 'industrial')",kilogram,Strontium,Sr,87.62,"[['Sr', 1]]",{'Sr': 1.0},1.0,dissipation
"('ecoinvent-3.4-biosphere', 'e1cc645c-9d74-40ff-a4b0-b0591d8717e5')",Diethylene glycol,"('air', 'non-urban air or from high stacks')",kilogram,Diethylene glycol,C4H10O3,106.12,"[['C', 4], ['H', 10], ['O', 3]]","{'C': 0.4527327553712778, 'H': 0.09498680738786279, 'O': 0.4522898605352431}",1.0,dissipation
"('ecoinvent-3.4-biosphere', '4d567c70-f938-4a8f-b2ad-10c0b8f1366c')",Propanol,"('water',)",kilogram,Propanol,C3H8O,60.1,"[['C', 3], ['H', 8], ['O', 1]]","{'C': 0.5995507487520799, 'H': 0.1341763727121464, 'O': 0.2662063227953411}",1.0,dissipation
"('ecoinvent-3.4-biosphere', 'cb16ed3f-19b5-45c6-b504-b2be562d0002')",Thorium,"('air', 'urban air close to ground')",kilogram,Thorium,Th,232.038,"[['Th', 1]]",{'Th': 1.0},1.0,dissipation
"('ecoinvent-3.4-biosphere', 'd4291dd5-dae8-47fa-bf06-466fcecbc210')",Cobalt,"('water', 'surface water')",kilogram,Cobalt,Co,58.93319,"[['Co', 1]]",{'Co': 1.0},1.0,dissipation
"('ecoinvent-3.4-biosphere', 'fc84887d-158e-4067-80dc-9743165bd70d')",Arsenic,"('soil',)",kilogram,Arsenic,As,74.92159,"[['As', 1]]",{'As': 1.0},1.0,dissipation
"('ecoinvent-3.4-biosphere', '2ffd03dc-a8df-467d-a362-b1f9f3136abc')",Triforine,"('soil', 'agricultural')",kilogram,Triforine,C10H14Cl6N4O2,435.0,"[['C', 10], ['H', 14], ['Cl', 6], ['N', 4], ['O', 2]]","{'C': 0.2761149425287356, 'H': 0.032441379310344826, 'Cl': 0.4890068965517242, 'N': 0.1288, 'O': 0.07355862068965517}",1.0,dissipation
"('ecoinvent-3.4-biosphere', '097cecfb-bed2-43a0-81b7-c153d0bb14b9')",Phosphine,"('air',)",kilogram,Phosphine,H3P,33.998,"[['H', 3], ['P', 1]]","{'H': 0.08894640861227132, 'P': 0.9110535913877288}",1.0,dissipation
"('ecoinvent-3.4-biosphere', '7da26881-518f-4b1b-87bf-7d1f633a7c1a')",Thallium,"('water', 'ground-')",kilogram,Thallium,Tl,204.383,"[['Tl', 1]]",{'Tl': 1.0},1.0,dissipation
"('ecoinvent-3.4-biosphere', 'e2380d91-f278-41ee-9926-15272a7d1443')","Titanium, ion","('water', 'ground-')",kilogram,Titanium,Ti,47.867,"[['Ti', 1]]",{'Ti': 1.0},1.0,dissipation
"('ecoinvent-3.4-biosphere', 'f322122f-3059-4cfb-8754-efc82548e7f0')","Ethane, 2,2-dichloro-1,1,1-trifluoro-, HCFC-123","('air', 'low population density, long-term')",kilogram,Ethane,C2H6,30.07,"[['C', 2], ['H', 6]]","{'C': 0.7988693049551047, 'H': 0.20113069504489525}",1.0,dissipation
"('ecoinvent-3.4-biosphere', 'fbebc389-bce6-4540-8869-50076139f370')",Metamitron,"('soil', 'agricultural')",kilogram,Metamitron,C10H10N4O,202.21,"[['C', 10], ['H', 10], ['N', 4], ['O', 1]]","{'C': 0.5939864497304781, 'H': 0.049849166707877944, 'N': 0.2770782849512882, 'O': 0.07912071608723605}",1.0,dissipation
"('ecoinvent-3.4-biosphere', '08b928d8-1812-4e0b-b057-4bcaaba24865')","Phenol, pentachloro-","('air', 'urban air close to ground')",kilogram,Phenol,C6H6O,94.11,"[['C', 6], ['H', 6], ['O', 1]]","{'C': 0.765763468281798, 'H': 0.06426522154925088, 'O': 0.17000318775900541}",1.0,dissipation
"('ecoinvent-3.4-biosphere', '53a12896-8a5b-40b6-81ff-24379f17a050')",Cyclohexane,"('water',)",kilogram,Cyclohexane,C6H12,84.16,"[['C', 6], ['H', 12]]","{'C': 0.8562975285171104, 'H': 0.14372623574144489}",1.0,dissipation
"('ecoinvent-3.4-biosphere', 'deec5cec-4d8d-492a-9b0c-eab92dd55af8')",Butene,"('air', 'non-urban air or from high stacks')",kilogram,Butene,C4H8,56.11,"[['C', 4], ['H', 8]]","{'C': 0.8562466583496703, 'H': 0.14371769738014614}",1.0,dissipation
"('ecoinvent-3.4-biosphere', '506fe866-1081-4152-a19d-b50825f99d83')",Bromate,"('water',)",kilogram,Bromate,BrO3-,127.9,"[['Br', 1], ['O', 3]]","{'Br': 0.6247380766223611, 'O': 0.3752697419859265}",1.0,dissipation
"('ecoinvent-3.4-biosphere', 'ee9fdd7c-5e29-4bdb-852a-3258f06ec2ab')","Sodium, ion","('water', 'ground-')",kilogram,Sodium,Na,22.9897693,"[['Na', 1]]",{'Na': 1.0},1.0,dissipation
"('ecoinvent-3.4-biosphere', '8f3e0579-d07d-48c9-b41a-fb559728f9c0')","Ethane, hexafluoro-, HFC-116","('air', 'non-urban air or from high stacks')",kilogram,Ethane,C2H6,30.07,"[['C', 2], ['H', 6]]","{'C': 0.7988693049551047, 'H': 0.20113069504489525}",1.0,dissipation
"('ecoinvent-3.4-biosphere', 'fc121a47-0538-406f-a335-edd1aac9fae6')","Ethane, 1,1,1-trichloro-, HCFC-140","('water', 'ground-, long-term')",kilogram,Ethane,C2H6,30.07,"[['C', 2], ['H', 6]]","{'C': 0.7988693049551047, 'H': 0.20113069504489525}",1.0,dissipation
"('ecoinvent-3.4-biosphere', 'dc64ecac-a65f-4d9a-9de6-557f1135659f')",Aclonifen,"('soil', 'agricultural')",kilogram,Aclonifen,C12H9ClN2O3,264.66,"[['C', 12], ['H', 9], ['Cl', 1], ['N', 2], ['O', 3]]","{'C': 0.5445930627975516, 'H': 0.0342779415098617, 'Cl': 0.13395677472984205, 'N': 0.1058490138290637, 'O': 0.18135343459532985}",1.0,dissipation
"('ecoinvent-3.4-biosphere', 'ebb21cc2-3bb4-45eb-8f7f-58bf297f6431')",Tribenuron-methyl,"('soil', 'agricultural')",kilogram,Tribenuron-methyl,C15H17N5O6S,395.4,"[['C', 15], ['H', 17], ['N', 5], ['O', 6], ['S', 1]]","{'C': 0.4556525037936267, 'H': 0.043338391502276176, 'N': 0.17712443095599392, 'O': 0.24277693474962064, 'S': 0.08109509357612545}",1.0,dissipation
"('ecoinvent-3.4-biosphere', 'c2e854f9-fe22-4fe7-9083-cf6d0a8c7254')",Chromium VI,"('air', 'low population density, long-term')",kilogram,Chromium,Cr,51.996,"[['Cr', 1]]",{'Cr': 1.0},1.0,dissipation
"('ecoinvent-3.4-biosphere', '4dbacf72-5a37-407e-9f02-1e618e58075a')",Chlorsulfuron,"('soil', 'agricultural')",kilogram,Chlorsulfuron,C12H12ClN5O4S,357.77,"[['C', 12], ['H', 12], ['Cl', 1], ['N', 5], ['O', 4], ['S', 1]]","{'C': 0.4028621740224167, 'H': 0.033809430639796516, 'Cl': 0.09909439025071975, 'N': 0.19575425552729409, 'O': 0.1788746960337647, 'S': 0.08962461916873969}",1.0,dissipation
"('ecoinvent-3.4-biosphere', 'fbe48c6a-321d-44ae-8883-b6fa4e0f4e77')",Aldicarb,"('soil', 'agricultural')",kilogram,Aldicarb,C7H14N2O2S,190.27,"[['C', 7], ['H', 14], ['N', 2], ['O', 2], ['S', 1]]","{'C': 0.4418825879014032, 'H': 0.07416828717086245, 'N': 0.1472328795921585, 'O': 0.16817154569821832, 'S': 0.16852367688022282}",1.0,dissipation
"('ecoinvent-3.4-biosphere', '006aa3f7-59ba-450f-aa45-a2b2d1752647')",Sulfate,"('air', 'non-urban air or from high stacks')",kilogram,Sulfate,O4S-2,96.07,"[['O', 4], ['S', 1]]","{'O': 0.6661392734464454, 'S': 0.33376704486312064}",1.0,dissipation
"('ecoinvent-3.4-biosphere', '381a22c9-3722-4378-810d-86958f7b6d32')",Cobalt,"('soil', 'industrial')",kilogram,Cobalt,Co,58.93319,"[['Co', 1]]",{'Co': 1.0},1.0,dissipation
"('ecoinvent-3.4-biosphere', '5e02df40-53f4-42c4-b809-84a474fa08e8')",Propylene oxide,"('air', 'lower stratosphere + upper troposphere')",kilogram,Propylene oxide,C3H6O,58.08,"[['C', 3], ['H', 6], ['O', 1]]","{'C': 0.6204028925619836, 'H': 0.10413223140495868, 'O': 0.27546487603305786}",1.0,dissipation
"('ecoinvent-3.4-biosphere', 'bc0a4d1f-3ada-4dd8-8ab4-97dc45db3295')",Carbendazim,"('soil', 'agricultural')",kilogram,Carbendazim,C9H9N3O2,191.19,"[['C', 9], ['H', 9], ['N', 3], ['O', 2]]","{'C': 0.5654009100894398, 'H': 0.04745018044876824, 'N': 0.21978659971755846, 'O': 0.1673623097442335}",1.0,dissipation
"('ecoinvent-3.4-biosphere', 'b5fae91e-cff0-4513-a997-cdb6922f1ab4')",Iodide,"('water', 'ground-, long-term')",kilogram,Iodide,I-,126.9045,"[['I', 1]]",{'I': 1.0},1.0,dissipation
"('ecoinvent-3.4-biosphere', 'c63b5ff6-0ca1-44a0-92ba-f634fb8373ad')",Atrazine,"('air', 'non-urban air or from high stacks')",kilogram,Atrazine,C8H14ClN5,215.68,"[['C', 8], ['H', 14], ['Cl', 1], ['N', 5]]","{'C': 0.44551186943620175, 'H': 0.06543026706231454, 'Cl': 0.1643777818991098, 'N': 0.32471717359050445}",1.0,dissipation
"('ecoinvent-3.4-biosphere', '8812d43d-8302-4adc-95da-8338976e56a6')",Hydrogen carbonate,"('water', 'ocean')",kilogram,Hydrogen carbonate,CHO3-,61.017,"[['C', 1], ['H', 1], ['O', 3]]","{'C': 0.19684678040546075, 'H': 0.016519986233344806, 'O': 0.7866168444859629}",1.0,dissipation
"('ecoinvent-3.4-biosphere', 'e4369d6b-1c65-455b-bce2-8b74636a3c80')",Benazolin,"('soil', 'agricultural')",kilogram,Benazolin,C9H6ClNO3S,243.67,"[['C', 9], ['H', 6], ['Cl', 1], ['N', 1], ['O', 3], ['S', 1]]","{'C': 0.44362867813025814, 'H': 0.024820453892559612, 'Cl': 0.14549595764763823, 'N': 0.05748348175811548, 'O': 0.19697541757294704, 'S': 0.13159190708745433}",1.0,dissipation
"('ecoinvent-3.4-biosphere', 'de444dc0-5964-4501-8367-50ba53bfc6b9')","Iron, ion","('water',)",kilogram,Iron,Fe,55.84,"[['Fe', 1]]",{'Fe': 1.0},1.0,dissipation
"('ecoinvent-3.4-biosphere', '31ba993d-f8aa-44c0-bae1-b6c2081144f6')",Benzene,"('water',)",kilogram,Benzene,C6H6,78.11,"[['C', 6], ['H', 6]]","{'C': 0.9226219434131354, 'H': 0.07742926641915247}",1.0,dissipation
"('ecoinvent-3.4-biosphere', '2c5362e9-ff22-46b4-9dad-3c765df0ac3f')",Acrylonitrile,"('water',)",kilogram,Acrylonitrile,C3H3N,53.06,"[['C', 3], ['H', 3], ['N', 1]]","{'C': 0.6790991330569167, 'H': 0.05699208443271767, 'N': 0.26398416886543535}",1.0,dissipation
"('ecoinvent-3.4-biosphere', '87f683ed-44ae-41a6-b4bc-230622f8cfef')",Ethene,"('air', 'non-urban air or from high stacks')",kilogram,Ethene,C2H4,28.05,"[['C', 2], ['H', 4]]","{'C': 0.8563992869875222, 'H': 0.14374331550802139}",1.0,dissipation
"('ecoinvent-3.4-biosphere', '8b1020ea-0714-40df-8ea9-450e26963a43')",Mesotrione,"('soil', 'agricultural')",kilogram,Mesotrione,C14H13NO7S,339.32,"[['C', 14], ['H', 13], ['N', 1], ['O', 7], ['S', 1]]","{'C': 0.49556171165861135, 'H': 0.0386184132971826, 'N': 0.04127961805964871, 'O': 0.33005127902864556, 'S': 0.09449781916774726}",1.0,dissipation
"('ecoinvent-3.4-biosphere', 'e60edb16-3c74-415b-9aff-a22a6f49fecb')","Arsenic, ion","('water', 'ground-, long-term')",kilogram,Arsenic,As,74.92159,"[['As', 1]]",{'As': 1.0},1.0,dissipation
"('ecoinvent-3.4-biosphere', '8f871bab-96dc-49d9-bf08-12cdd0715901')",Zinc,"('air', 'low population density, long-term')",kilogram,Zinc,Zn,65.4,"[['Zn', 1]]",{'Zn': 1.0},1.0,dissipation
"('ecoinvent-3.4-biosphere', '6f14445c-eaa5-4fee-b006-e10cef4f82d2')",Bromine,"('soil', 'forestry')",kilogram,Bromine,Br2,159.81,"[['Br', 2]]",{'Br': 1.0},1.0,dissipation
"('ecoinvent-3.4-biosphere', '8e30c990-5ed4-4f94-9d0e-2f5e4ff1a1f9')",Ethane,"('air',)",kilogram,Ethane,C2H6,30.07,"[['C', 2], ['H', 6]]","{'C': 0.7988693049551047, 'H': 0.20113069504489525}",1.0,dissipation
"('ecoinvent-3.4-biosphere', 'b88999ec-84fd-462d-9dec-7e20a4636a58')",Zinc,"('soil', 'industrial')",kilogram,Zinc,Zn,65.4,"[['Zn', 1]]",{'Zn': 1.0},1.0,dissipation
"('ecoinvent-3.4-biosphere', 'ea4e9316-5080-4b3b-bbf3-1949f6d7577a')",Phosphorus,"('air', 'non-urban air or from high stacks')",kilogram,Phosphorus,P,30.973762,"[['P', 1]]",{'P': 1.0},1.0,dissipation
"('ecoinvent-3.4-biosphere', 'f6432a5a-eb35-4395-9909-5d0e17296681')",Acenaphthene,"('air', 'lower stratosphere + upper troposphere')",kilogram,Acenaphthene,C12H10,154.21,"[['C', 12], ['H', 10]]","{'C': 0.9346475585240905, 'H': 0.06536541080344983}",1.0,dissipation
"('ecoinvent-3.4-biosphere', 'deb80fa5-4d0a-427e-9526-443f88d17b53')","Ethane, 1,2-dichloro-","('water',)",kilogram,Ethane,C2H6,30.07,"[['C', 2], ['H', 6]]","{'C': 0.7988693049551047, 'H': 0.20113069504489525}",1.0,dissipation
"('ecoinvent-3.4-biosphere', '009f3374-e604-4e24-88f5-d785cd93aac7')",Diclofop,"('soil', 'agricultural')",kilogram,Diclofop,C15H12Cl2O4,327.2,"[['C', 15], ['H', 12], ['Cl', 2], ['O', 4]]","{'C': 0.5506265281173595, 'H': 0.036968215158924206, 'Cl': 0.21670537897310516, 'O': 0.19558679706601467}",1.0,dissipation
"('ecoinvent-3.4-biosphere', '67dd6e98-c44a-491d-97b1-8961777538a5')",Diethyl ether,"('air', 'lower stratosphere + upper troposphere')",kilogram,Diethyl ether,C4H10O,74.12,"[['C', 4], ['H', 10], ['O', 1]]","{'C': 0.6481921208850512, 'H': 0.13599568267674042, 'O': 0.21585267134376687}",1.0,dissipation
"('ecoinvent-3.4-biosphere', '837083ce-41cd-49f3-a849-d79564dac238')",Lead,"('soil', 'forestry')",kilogram,Lead,Pb,207.0,"[['Pb', 1]]",{'Pb': 1.0},1.0,dissipation
"('ecoinvent-3.4-biosphere', '1f5c895e-f17c-4e2e-ba55-368273bdcf21')",Propanol,"('water', 'ocean')",kilogram,Propanol,C3H8O,60.1,"[['C', 3], ['H', 8], ['O', 1]]","{'C': 0.5995507487520799, 'H': 0.1341763727121464, 'O': 0.2662063227953411}",1.0,dissipation
"('ecoinvent-3.4-biosphere', '17b87359-36f1-4ad3-a019-73e40fc2efc7')",Flufenacet,"('air', 'non-urban air or from high stacks')",kilogram,Flufenacet,C14H13F4N3O2S,363.33,"[['C', 14], ['H', 13], ['F', 4], ['N', 3], ['O', 2], ['S', 1]]","{'C': 0.4628134203066083, 'H': 0.03606638593014615, 'F': 0.2091542124239672, 'N': 0.11565518949715135, 'O': 0.08806869787796219, 'S': 0.08825310323947926}",1.0,dissipation
"('ecoinvent-3.4-biosphere', 'c2cc0ba3-a0c4-4bb4-9b85-3ff9dae2061f')",Sulfur,"('water', 'ground-')",kilogram,Sulfur,S,32.07,"[['S', 1]]",{'S': 1.0},1.0,dissipation
"('ecoinvent-3.4-biosphere', 'f7ef52c3-1fc7-4c2f-b002-83fab5a50a7f')",Sulfide,"('water', 'ground-')",kilogram,Sulfide,S-2,32.07,"[['S', 1]]",{'S': 1.0},1.0,dissipation
"('ecoinvent-3.4-biosphere', 'b7cd268b-1b52-45f1-91fe-cd51bf59d21d')",Fipronil,"('soil', 'agricultural')",kilogram,Fipronil,C12H4Cl2F6N4OS,437.1,"[['C', 12], ['H', 4], ['Cl', 2], ['F', 6], ['N', 4], ['O', 1], ['S', 1]]","{'C': 0.32974605353466024, 'H': 0.009224433768016472, 'Cl': 0.16221917181423015, 'F': 0.2607824296499657, 'N': 0.12818119423472887, 'O': 0.03660260809883322, 'S': 0.07335849919926789}",1.0,dissipation
"('ecoinvent-3.4-biosphere', '5f1878da-0442-40c8-8c89-7173d67697cf')","Aldehydes, unspecified","('air', 'low population density, long-term')",kilogram,Aldehydes,C20H30O5,350.4,"[['C', 20], ['H', 30], ['O', 5]]","{'C': 0.6855593607305935, 'H': 0.0863013698630137, 'O': 0.22829623287671236}",1.0,dissipation
"('ecoinvent-3.4-biosphere', 'b9a9b2ad-5db3-47aa-81de-3a48ae9ad4ec')",Butanol,"('air',)",kilogram,Butanol,C4H10O,74.12,"[['C', 4], ['H', 10], ['O', 1]]","{'C': 0.6481921208850512, 'H': 0.13599568267674042, 'O': 0.21585267134376687}",1.0,dissipation
"('ecoinvent-3.4-biosphere', '137f2ebc-8f8b-41fc-9ff6-d32f42565d56')",Cumene,"('air', 'lower stratosphere + upper troposphere')",kilogram,Cumene,C9H12,120.19,"[['C', 9], ['H', 12]]","{'C': 0.8994009484982111, 'H': 0.10064065230052417}",1.0,dissipation
"('ecoinvent-3.4-biosphere', '63965114-82ca-4aea-be4d-19e8b6374040')",Pyraclostrobin,"('water', 'ground-')",kilogram,Pyraclostrobin,C19H18ClN3O4,387.8,"[['C', 19], ['H', 18], ['Cl', 1], ['N', 3], ['O', 4]]","{'C': 0.5884708612686951, 'H': 0.0467870036101083, 'Cl': 0.09142083548220732, 'N': 0.10835740072202166, 'O': 0.16502320783909233}",1.0,dissipation
"('ecoinvent-3.4-biosphere', '1a7fba0e-91a3-4ac2-a58e-44575eeed078')",Picoxystrobin,"('soil', 'agricultural')",kilogram,Picoxystrobin,C18H16F3NO4,367.3,"[['C', 18], ['H', 16], ['F', 3], ['N', 1], ['O', 4]]","{'C': 0.5886142118159542, 'H': 0.043909610672474814, 'F': 0.15517016063163627, 'N': 0.038135039477266534, 'O': 0.17423359651511028}",1.0,dissipation
"('ecoinvent-3.4-biosphere', 'a793710a-1990-4e65-a95e-cfbbc5332355')",t-Butyl methyl ether,"('air', 'urban air close to ground')",kilogram,t-Butyl methyl ether,C5H12O,88.15,"[['C', 5], ['H', 12], ['O', 1]]","{'C': 0.6812819058423141, 'H': 0.13722064662507089, 'O': 0.18149744753261485}",1.0,dissipation
"('ecoinvent-3.4-biosphere', 'caf066cf-40ce-47a8-ba4c-969fcd6019c7')",Cobalt,"('water', 'ocean')",kilogram,Cobalt,Co,58.93319,"[['Co', 1]]",{'Co': 1.0},1.0,dissipation
"('ecoinvent-3.4-biosphere', '9586cdf1-31b4-4c3a-97ce-197d8335ebd2')","Ethene, trichloro-","('water', 'ocean')",kilogram,Ethene,C2H4,28.05,"[['C', 2], ['H', 4]]","{'C': 0.8563992869875222, 'H': 0.14374331550802139}",1.0,dissipation
"('ecoinvent-3.4-biosphere', 'a212914e-f8ba-49eb-9ceb-63e286053f2d')",Ethephon,"('water', 'ground-')",kilogram,Ethephon,C2H6ClO3P,144.49,"[['C', 2], ['H', 6], ['Cl', 1], ['O', 3], ['P', 1]]","{'C': 0.16625371998062147, 'H': 0.04185756799778531, 'Cl': 0.245366461346806, 'O': 0.33218215793480516, 'P': 0.2143677763167001}",1.0,dissipation
"('ecoinvent-3.4-biosphere', 'ed2d49f8-110d-4db4-9488-f61c349e6117')",Mercury,"('soil', 'agricultural')",kilogram,Mercury,Hg,200.59,"[['Hg', 1]]",{'Hg': 1.0},1.0,dissipation
"('ecoinvent-3.4-biosphere', '51f0e6bf-5824-4247-a0f0-7766035da159')",Sulfuric acid,"('air', 'low population density, long-term')",kilogram,Sulfuric acid,H2O4S,98.08,"[['H', 2], ['O', 4], ['S', 1]]","{'H': 0.020554649265905382, 'O': 0.6524877650897227, 'S': 0.3269269983686786}",1.0,dissipation
"('ecoinvent-3.4-biosphere', '525f6850-5f34-447c-9132-cde666d12b52')",Benzal chloride,"('air', 'lower stratosphere + upper troposphere')",kilogram,Benzal chloride,C7H6Cl2,161.03,"[['C', 7], ['H', 6], ['Cl', 2]]","{'C': 0.5221201018443768, 'H': 0.03755821896541017, 'Cl': 0.4403278892131901}",1.0,dissipation
"('ecoinvent-3.4-biosphere', '6c97741f-8760-4a39-9e90-b534ca137a36')",Chloride,"('soil',)",kilogram,Chloride,Cl-,35.45,"[['Cl', 1]]",{'Cl': 1.0},1.0,dissipation
"('ecoinvent-3.4-biosphere', '5d631176-844b-4533-9282-92d5561e5518')",Lithium carbonate,"('air', 'low population density, long-term')",kilogram,Lithium carbonate,CLi2O3,73.9,"[['C', 1], ['Li', 2], ['O', 3]]","{'C': 0.16253044654939106, 'Li': 0.1878484438430311, 'O': 0.6494857916102841}",1.0,dissipation
"('ecoinvent-3.4-biosphere', '73ed05cc-9727-4abf-9516-4b5c0fe54a16')","Carbon dioxide, non-fossil","('air', 'urban air close to ground')",kilogram,Carbon dioxide,CO2,44.009,"[['C', 1], ['O', 2]]","{'C': 0.27292144788565975, 'O': 0.7270785521143402}",1.0,dissipation
"('ecoinvent-3.4-biosphere', 'e3043a7f-5347-4c7b-89ee-93f11b2f6d9b')",Iron,"('water', 'ground-')",kilogram,Iron,Fe,55.84,"[['Fe', 1]]",{'Fe': 1.0},1.0,dissipation
"('ecoinvent-3.4-biosphere', '85466e0f-e5b5-4084-9338-59e317f7cb09')",Lithium,"('air', 'urban air close to ground')",kilogram,Lithium,Li,7.0,"[['Li', 1]]",{'Li': 1.0},1.0,dissipation
"('ecoinvent-3.4-biosphere', '9182d01f-27f3-4b65-a183-07508dfc5981')",Thallium,"('air', 'lower stratosphere + upper troposphere')",kilogram,Thallium,Tl,204.383,"[['Tl', 1]]",{'Tl': 1.0},1.0,dissipation
"('ecoinvent-3.4-biosphere', '9542444c-7c7a-48e2-bc9c-9c7c34fb7b3e')",Cobalt,"('soil', 'agricultural')",kilogram,Cobalt,Co,58.93319,"[['Co', 1]]",{'Co': 1.0},1.0,dissipation
"('ecoinvent-3.4-biosphere', '87b5dd85-5e90-4720-8214-60f74775f59a')",Urea,"('water',)",kilogram,Urea,CH4N2O,60.056,"[['C', 1], ['H', 4], ['N', 2], ['O', 1]]","{'C': 0.1999966697748768, 'H': 0.06713733848408153, 'N': 0.46646463300919144, 'O': 0.2664013587318503}",1.0,dissipation
"('ecoinvent-3.4-biosphere', '28f19625-5e6a-4902-8c18-4b519db19d86')",Dimethoate,"('soil', 'agricultural')",kilogram,Dimethoate,C5H12NO3PS2,229.3,"[['C', 5], ['H', 12], ['N', 1], ['O', 3], ['P', 1], ['S', 2]]","{'C': 0.2619058002616659, 'H': 0.0527518534670737, 'N': 0.061085913650239854, 'O': 0.2093196685564762, 'P': 0.13508068033144352, 'S': 0.27967727867422587}",1.0,dissipation
"('ecoinvent-3.4-biosphere', '7aba10bb-f9e0-4537-a3df-00bd5216e31a')","Benzene, pentachloro-","('air', 'non-urban air or from high stacks')",kilogram,Benzene,C6H6,78.11,"[['C', 6], ['H', 6]]","{'C': 0.9226219434131354, 'H': 0.07742926641915247}",1.0,dissipation
"('ecoinvent-3.4-biosphere', '5b5879b0-6fbf-48ce-bff3-4292bda15526')",Acrylonitrile,"('air', 'non-urban air or from high stacks')",kilogram,Acrylonitrile,C3H3N,53.06,"[['C', 3], ['H', 3], ['N', 1]]","{'C': 0.6790991330569167, 'H': 0.05699208443271767, 'N': 0.26398416886543535}",1.0,dissipation
"('ecoinvent-3.4-biosphere', 'f3760828-91d3-4477-97fa-eaf4cd98dd43')",Methyl acetate,"('water', 'ground-')",kilogram,Methyl acetate,C3H6O2,74.08,"[['C', 3], ['H', 6], ['O', 2]]","{'C': 0.4864065874730022, 'H': 0.08164146868250541, 'O': 0.4319384449244061}",1.0,dissipation
"('ecoinvent-3.4-biosphere', '658441e6-f7a0-4ce5-bbe7-329a2a9e31c8')",Quinclorac,"('soil', 'agricultural')",kilogram,Quinclorac,C10H5Cl2NO2,242.05,"[['C', 10], ['H', 5], ['Cl', 2], ['N', 1], ['O', 2]]","{'C': 0.4962197892997314, 'H': 0.020822144185085725, 'Cl': 0.2929394753150176, 'N': 0.05786820904771741, 'O': 0.13219582730840734}",1.0,dissipation
"('ecoinvent-3.4-biosphere', 'ed1fd27e-014a-41cf-842f-7b2022b0be79')","Vanadium, ion","('water', 'ground-')",kilogram,Vanadium,V,50.9415,"[['V', 1]]",{'V': 1.0},1.0,dissipation
"('ecoinvent-3.4-biosphere', 'ba317646-ea99-4060-838f-7933b10f0033')",Sodium tetrahydridoborate,"('air', 'urban air close to ground')",kilogram,Sodium tetrahydridoborate,BH4Na,37.84,"[['B', 1], ['H', 4], ['Na', 1]]","{'B': 0.285676532769556, 'H': 0.10655391120507399, 'Na': 0.6075581395348836}",1.0,dissipation
"('ecoinvent-3.4-biosphere', '79507960-3ff9-473b-9343-2dad237426e1')",Isopropylamine,"('air', 'low population density, long-term')",kilogram,Isopropylamine,C3H9N,59.11,"[['C', 3], ['H', 9], ['N', 1]]","{'C': 0.6095922855692777, 'H': 0.15347656910844187, 'N': 0.23696498054474707}",1.0,dissipation
"('ecoinvent-3.4-biosphere', '08fd6c23-2f15-440a-a366-ebcc2b6b4f3d')",Dimethipin,"('soil', 'agricultural')",kilogram,Dimethipin,C6H10O4S2,210.3,"[['C', 6], ['H', 10], ['O', 4], ['S', 2]]","{'C': 0.34268188302425107, 'H': 0.047931526390870186, 'O': 0.30430813124108413, 'S': 0.30494531621493104}",1.0,dissipation
"('ecoinvent-3.4-biosphere', 'e7140812-ce3d-49f5-97b0-2fef538217a5')",Butadiene,"('air', 'urban air close to ground')",kilogram,Butadiene,C4H6,54.09,"[['C', 4], ['H', 6]]","{'C': 0.8882233314845627, 'H': 0.11181364392678868}",1.0,dissipation
"('ecoinvent-3.4-biosphere', 'c6310f81-3859-4c5c-990a-4662ba179693')",3-Methyl-1-butanol,"('air', 'urban air close to ground')",kilogram,3-Methyl-1-butanol,C5H12O,88.15,"[['C', 5], ['H', 12], ['O', 1]]","{'C': 0.6812819058423141, 'H': 0.13722064662507089, 'O': 0.18149744753261485}",1.0,dissipation
"('ecoinvent-3.4-biosphere', '237ea455-6c82-4254-af86-9409df922094')",Bentazone,"('soil', 'agricultural')",kilogram,Bentazone,C10H12N2O3S,240.28,"[['C', 10], ['H', 12], ['N', 2], ['O', 3], ['S', 1]]","{'C': 0.49987514566339264, 'H': 0.05034126852005993, 'N': 0.11658897952388879, 'O': 0.19975445313800566, 'S': 0.13344847677709337}",1.0,dissipation
"('ecoinvent-3.4-biosphere', '43a7aa3a-a34d-467a-943f-4a263ebe8df3')",Ethyl acetate,"('water',)",kilogram,Ethyl acetate,C4H8O2,88.11,"[['C', 4], ['H', 8], ['O', 2]]","{'C': 0.5452729542617183, 'H': 0.09152196118488254, 'O': 0.3631596867551924}",1.0,dissipation
"('ecoinvent-3.4-biosphere', '1afedfb8-dfbd-4722-a5fc-f678c593d907')",Epoxiconazole,"('soil', 'agricultural')",kilogram,Epoxiconazole,C17H13ClFN3O,329.8,"[['C', 17], ['H', 13], ['Cl', 1], ['F', 1], ['N', 3], ['O', 1]]","{'C': 0.6191237113402062, 'H': 0.03973317161916313, 'Cl': 0.10749848392965435, 'F': 0.05760460885385082, 'N': 0.12741358399029715, 'O': 0.048511218920557916}",1.0,dissipation
"('ecoinvent-3.4-biosphere', '62399986-3e4f-4522-b389-75eed416d838')",Boron,"('soil', 'agricultural')",kilogram,Boron,B,10.81,"[['B', 1]]",{'B': 1.0},1.0,dissipation
"('ecoinvent-3.4-biosphere', '80325322-b088-42a1-887e-613aa8de111b')",Trimethylamine,"('water', 'ground-')",kilogram,Trimethylamine,C3H9N,59.11,"[['C', 3], ['H', 9], ['N', 1]]","{'C': 0.6095922855692777, 'H': 0.15347656910844187, 'N': 0.23696498054474707}",1.0,dissipation
"('ecoinvent-3.4-biosphere', '9dd01d5b-3677-4822-9cd4-36d21b0e23d1')",1-Pentanol,"('air', 'low population density, long-term')",kilogram,1-Pentanol,C5H12O,88.15,"[['C', 5], ['H', 12], ['O', 1]]","{'C': 0.6812819058423141, 'H': 0.13722064662507089, 'O': 0.18149744753261485}",1.0,dissipation
"('ecoinvent-3.4-biosphere', '723f56f9-c68e-5692-a969-0fb2a70bce20')",Sodium,"('water',)",kilogram,Sodium,Na,22.9897693,"[['Na', 1]]",{'Na': 1.0},1.0,dissipation
"('ecoinvent-3.4-biosphere', 'a1ecc854-a399-4b01-bae2-3a88b12ed44f')",Propionic acid,"('air',)",kilogram,Propionic acid,C3H6O2,74.08,"[['C', 3], ['H', 6], ['O', 2]]","{'C': 0.4864065874730022, 'H': 0.08164146868250541, 'O': 0.4319384449244061}",1.0,dissipation
"('ecoinvent-3.4-biosphere', '92259b90-6f92-42ec-b3f2-30775167aff7')",o-Xylene,"('air', 'non-urban air or from high stacks')",kilogram,o-Xylene,C8H10,106.16,"[['C', 8], ['H', 10]]","{'C': 0.9051243406179351, 'H': 0.09495101733232857}",1.0,dissipation
"('ecoinvent-3.4-biosphere', 'd9977222-46f1-447f-8d65-f34f060b1087')",Dimethylamine,"('water', 'surface water')",kilogram,Dimethylamine,C2H7N,45.08,"[['C', 2], ['H', 7], ['N', 1]]","{'C': 0.5328748890860692, 'H': 0.1565217391304348, 'N': 0.3107142857142857}",1.0,dissipation
"('ecoinvent-3.4-biosphere', '165aaeac-93d1-4afd-adf2-e3d6c0eaf629')",Cyclohexane,"('air',)",kilogram,Cyclohexane,C6H12,84.16,"[['C', 6], ['H', 12]]","{'C': 0.8562975285171104, 'H': 0.14372623574144489}",1.0,dissipation
"('ecoinvent-3.4-biosphere', '4c99e2cb-60ae-499e-aae1-c983fb3bd9f2')",Hydramethylnon,"('soil', 'agricultural')",kilogram,Hydramethylnon,C25H24F6N4,494.5,"[['C', 25], ['H', 24], ['F', 6], ['N', 4]]","{'C': 0.6072295247724975, 'H': 0.048922143579373106, 'F': 0.23051162790697674, 'N': 0.11330232558139534}",1.0,dissipation
"('ecoinvent-3.4-biosphere', '83cf77ca-867b-4eef-b0f0-78d71b3d91d5')",Antimony,"('water', 'ground-, long-term')",kilogram,Antimony,Sb,121.76,"[['Sb', 1]]",{'Sb': 1.0},1.0,dissipation
"('ecoinvent-3.4-biosphere', '5e883a00-04e6-4d96-8dce-12d7117c6635')",Benzene,"('air', 'non-urban air or from high stacks')",kilogram,Benzene,C6H6,78.11,"[['C', 6], ['H', 6]]","{'C': 0.9226219434131354, 'H': 0.07742926641915247}",1.0,dissipation
"('ecoinvent-3.4-biosphere', '8fbe2c56-c213-4501-b95e-ff57a76fbd6f')","Methane, difluoro-, HFC-32","('air', 'non-urban air or from high stacks')",kilogram,Methane,CH4,16.043,"[['C', 1], ['H', 4]]","{'C': 0.7486754347690582, 'H': 0.2513245652309419}",1.0,dissipation
"('ecoinvent-3.4-biosphere', 'b7feaed4-a5d3-4601-894c-e10f9dc7575b')",Metosulam,"('soil', 'agricultural')",kilogram,Metosulam,C14H13Cl2N5O4S,418.3,"[['C', 14], ['H', 13], ['Cl', 2], ['N', 5], ['O', 4], ['S', 1]]","{'C': 0.40199378436528804, 'H': 0.031326798948123354, 'Cl': 0.16950992110925175, 'N': 0.16742768348075543, 'O': 0.1529906765479321, 'S': 0.07665551039923499}",1.0,dissipation
"('ecoinvent-3.4-biosphere', '7ee2d61b-1f0d-4835-bd85-4a9e2e545000')","Methane, dichlorofluoro-, HCFC-21","('water', 'ground-, long-term')",kilogram,Methane,CH4,16.043,"[['C', 1], ['H', 4]]","{'C': 0.7486754347690582, 'H': 0.2513245652309419}",1.0,dissipation
"('ecoinvent-3.4-biosphere', '811e5fae-807b-4ba1-8fbe-67e0b088c73c')",Methyl ethyl ketone,"('water', 'surface water')",kilogram,Methyl ethyl ketone,C4H8O,72.11,"[['C', 4], ['H', 8], ['O', 1]]","{'C': 0.6662598807377618, 'H': 0.11182914990985994, 'O': 0.22186936624601306}",1.0,dissipation
"('ecoinvent-3.4-biosphere', '66729b69-c76f-43b2-bd9a-4a03c4983afd')",Formaldehyde,"('water',)",kilogram,Formaldehyde,CH2O,30.026,"[['C', 1], ['H', 2], ['O', 1]]","{'C': 0.4000199826816759, 'H': 0.06714181043095983, 'O': 0.5328382068873643}",1.0,dissipation
"('ecoinvent-3.4-biosphere', 'dda7146e-2494-4214-9ce4-cbdef097b024')",Formaldehyde,"('water', 'ground-, long-term')",kilogram,Formaldehyde,CH2O,30.026,"[['C', 1], ['H', 2], ['O', 1]]","{'C': 0.4000199826816759, 'H': 0.06714181043095983, 'O': 0.5328382068873643}",1.0,dissipation
"('ecoinvent-3.4-biosphere', '94ba16db-16b4-4652-b121-8682c317db58')",Hexaconazole,"('soil', 'agricultural')",kilogram,Hexaconazole,C14H17Cl2N3O,314.2,"[['C', 14], ['H', 17], ['Cl', 2], ['N', 3], ['O', 1]]","{'C': 0.5351814131126671, 'H': 0.054538510502864415, 'Cl': 0.22567154678548698, 'N': 0.1337396562698918, 'O': 0.05091979630808403}",1.0,dissipation
"('ecoinvent-3.4-biosphere', 'ff888538-eda9-4bf7-8612-a75acf1e85ac')",Palladium,"('water', 'surface water')",kilogram,Palladium,Pd,106.42,"[['Pd', 1]]",{'Pd': 1.0},1.0,dissipation
"('ecoinvent-3.4-biosphere', 'aeae7594-af69-46d2-9965-8c235b5c3fe3')",Arsine,"('air',)",kilogram,Arsine,AsH3,77.946,"[['As', 1], ['H', 3]]","{'As': 0.9612039103995074, 'H': 0.03879608960049265}",1.0,dissipation
"('ecoinvent-3.4-biosphere', 'ef762eea-a8a2-49e1-8ed6-a12d325856f4')",2-Methyl-2-butene,"('air', 'non-urban air or from high stacks')",kilogram,2-Methyl-2-butene,C5H10,70.13,"[['C', 5], ['H', 10]]","{'C': 0.8563382290032796, 'H': 0.14373306716098674}",1.0,dissipation
"('ecoinvent-3.4-biosphere', '2fff3bda-1eec-4166-9969-bc9e757c8e8e')","Ethane, 2,2-dichloro-1,1,1-trifluoro-, HCFC-123","('air', 'lower stratosphere + upper troposphere')",kilogram,Ethane,C2H6,30.07,"[['C', 2], ['H', 6]]","{'C': 0.7988693049551047, 'H': 0.20113069504489525}",1.0,dissipation
"('ecoinvent-3.4-biosphere', 'a768b3a4-dce7-48f2-bb44-89c8a4ba00d1')",Fluoride,"('soil', 'industrial')",kilogram,Fluoride,F-,18.99840316,"[['F', 1]]",{'F': 1.0},1.0,dissipation
"('ecoinvent-3.4-biosphere', '6f88b081-6292-43b8-a944-bf5968666707')",Sodium formate,"('air', 'non-urban air or from high stacks')",kilogram,Sodium formate,CHNaO2,68.007,"[['C', 1], ['H', 1], ['Na', 1], ['O', 2]]","{'C': 0.17661417207052213, 'H': 0.014822003617274692, 'Na': 0.3380534356757392, 'O': 0.4705103886364639}",1.0,dissipation
"('ecoinvent-3.4-biosphere', '9547aff9-e1fc-5fad-a674-9b9a9fdb1c9c')",Dichlorodimethylsilane,"('air',)",kilogram,Dichlorodimethylsilane,C2H6Cl2Si,129.06,"[['C', 2], ['H', 6], ['Cl', 2], ['Si', 1]]","{'C': 0.18613048194638152, 'H': 0.04686192468619247, 'Cl': 0.5494033782736713, 'Si': 0.21761971176197117}",1.0,dissipation
"('ecoinvent-3.4-biosphere', '554be2fb-9bb9-46c6-a4df-46df0d53cb65')",Hydrogen sulfide,"('water', 'ground-, long-term')",kilogram,Hydrogen sulfide,H2S,34.08,"[['H', 2], ['S', 1]]","{'H': 0.05915492957746479, 'S': 0.9408744131455399}",1.0,dissipation
"('ecoinvent-3.4-biosphere', '56d00bcd-9da1-4486-bfe6-10dc0f1d4575')",Dimethylamine,"('air',)",kilogram,Dimethylamine,C2H7N,45.08,"[['C', 2], ['H', 7], ['N', 1]]","{'C': 0.5328748890860692, 'H': 0.1565217391304348, 'N': 0.3107142857142857}",1.0,dissipation
"('ecoinvent-3.4-biosphere', '5baed830-f676-4031-a036-8a9599bd7237')",Boron,"('water', 'ocean')",kilogram,Boron,B,10.81,"[['B', 1]]",{'B': 1.0},1.0,dissipation
"('ecoinvent-3.4-biosphere', 'e4a9cefa-7a99-406f-8b32-3e001ca82d31')",Propionic acid,"('air', 'lower stratosphere + upper troposphere')",kilogram,Propionic acid,C3H6O2,74.08,"[['C', 3], ['H', 6], ['O', 2]]","{'C': 0.4864065874730022, 'H': 0.08164146868250541, 'O': 0.4319384449244061}",1.0,dissipation
"('ecoinvent-3.4-biosphere', '57cb82d2-19f4-4491-8ffc-f65f9ff7b418')",4-Methyl-2-pentanol,"('water', 'ground-, long-term')",kilogram,4-Methyl-2-pentanol,C6H14O,102.17,"[['C', 6], ['H', 14], ['O', 1]]","{'C': 0.7053538220612704, 'H': 0.13812273661544486, 'O': 0.15659195458549477}",1.0,dissipation
"('ecoinvent-3.4-biosphere', '063a0cee-aa71-4ea6-85ca-045c74ca1a66')",Diquat,"('soil', 'agricultural')",kilogram,Diquat,C12H12N2+2,184.24,"[['C', 12], ['H', 12], ['N', 2]]","{'C': 0.7823056882327399, 'H': 0.06565349544072949, 'N': 0.1520516717325228}",1.0,dissipation
"('ecoinvent-3.4-biosphere', 'aca00a43-1ff9-489e-8fc6-00d2551eece8')",Monochloroethane,"('water', 'surface water')",kilogram,Monochloroethane,C2H5Cl,64.51,"[['C', 2], ['H', 5], ['Cl', 1]]","{'C': 0.37237637575569676, 'H': 0.07812742210509997, 'Cl': 0.5495737095024027}",1.0,dissipation
"('ecoinvent-3.4-biosphere', 'da1157e2-7593-4dfd-80dd-a3449b37a4d8')","Methane, non-fossil","('air',)",kilogram,Methane,CH4,16.043,"[['C', 1], ['H', 4]]","{'C': 0.7486754347690582, 'H': 0.2513245652309419}",1.0,dissipation
"('ecoinvent-3.4-biosphere', '1e7ae105-f032-4d62-b169-788cd6b9b384')",Carboxin,"('soil', 'agricultural')",kilogram,Carboxin,C12H13NO2S,235.3,"[['C', 12], ['H', 13], ['N', 1], ['O', 2], ['S', 1]]","{'C': 0.612545686357841, 'H': 0.05569060773480662, 'N': 0.05952826179345516, 'O': 0.13598810029749256, 'S': 0.13627284317892052}",1.0,dissipation
"('ecoinvent-3.4-biosphere', '2f2450fa-6720-4b59-9876-10a9ee843958')",Propionic acid,"('water',)",kilogram,Propionic acid,C3H6O2,74.08,"[['C', 3], ['H', 6], ['O', 2]]","{'C': 0.4864065874730022, 'H': 0.08164146868250541, 'O': 0.4319384449244061}",1.0,dissipation
"('ecoinvent-3.4-biosphere', 'd9008a06-991c-4acc-a33e-5483ffd2491e')",Thallium,"('water', 'surface water')",kilogram,Thallium,Tl,204.383,"[['Tl', 1]]",{'Tl': 1.0},1.0,dissipation
"('ecoinvent-3.4-biosphere', 'aa2d6624-ad64-4fff-9260-cb51500bba0d')",Strontium,"('soil', 'forestry')",kilogram,Strontium,Sr,87.62,"[['Sr', 1]]",{'Sr': 1.0},1.0,dissipation
"('ecoinvent-3.4-biosphere', 'b10642d6-cd29-4cf0-9ebe-755902c9a3ae')",Myclobutanil,"('soil', 'agricultural')",kilogram,Myclobutanil,C15H17ClN4,288.77,"[['C', 15], ['H', 17], ['Cl', 1], ['N', 4]]","{'C': 0.6239048377601552, 'H': 0.05934134432247117, 'Cl': 0.12277244866156459, 'N': 0.19402292481906017}",1.0,dissipation
"('ecoinvent-3.4-biosphere', '26991da1-c263-4707-9f85-78685acc94dc')","Methane, chlorodifluoro-, HCFC-22","('air', 'lower stratosphere + upper troposphere')",kilogram,Methane,CH4,16.043,"[['C', 1], ['H', 4]]","{'C': 0.7486754347690582, 'H': 0.2513245652309419}",1.0,dissipation
"('ecoinvent-3.4-biosphere', '9bebedc1-d722-4dcd-bf4a-0f25da82eaa6')",Propiconazole,"('water', 'surface water')",kilogram,Propiconazole,C15H17Cl2N3O2,342.2,"[['C', 15], ['H', 17], ['Cl', 2], ['N', 3], ['O', 2]]","{'C': 0.5264903565166569, 'H': 0.0500759789596727, 'Cl': 0.2072063120981882, 'N': 0.12279661016949153, 'O': 0.09350672121566336}",1.0,dissipation
"('ecoinvent-3.4-biosphere', '99c65c6a-6871-40ba-af79-5bd6851688e4')",Sulfuric acid,"('air',)",kilogram,Sulfuric acid,H2O4S,98.08,"[['H', 2], ['O', 4], ['S', 1]]","{'H': 0.020554649265905382, 'O': 0.6524877650897227, 'S': 0.3269269983686786}",1.0,dissipation
"('ecoinvent-3.4-biosphere', 'd1fd0de4-afa8-4385-b91b-023493b68782')",Bromate,"('water', 'surface water')",kilogram,Bromate,BrO3-,127.9,"[['Br', 1], ['O', 3]]","{'Br': 0.6247380766223611, 'O': 0.3752697419859265}",1.0,dissipation
"('ecoinvent-3.4-biosphere', '5c97dd6c-aaa5-4477-aaf8-dbd0674499c4')","Methane, tetrachloro-, R-10","('air', 'urban air close to ground')",kilogram,Methane,CH4,16.043,"[['C', 1], ['H', 4]]","{'C': 0.7486754347690582, 'H': 0.2513245652309419}",1.0,dissipation
"('ecoinvent-3.4-biosphere', '8aaf5a8b-b753-4d4b-8fe7-2f4969147738')",Boron carbide,"('air', 'urban air close to ground')",kilogram,Boron carbide,CB4,55.3,"[['C', 1], ['B', 4]]","{'C': 0.21719710669077757, 'B': 0.7819168173598554}",1.0,dissipation
"('ecoinvent-3.4-biosphere', 'ae28c923-a4a3-4f00-b862-1ae6e748efb9')","Calcium, ion","('water', 'ground-, long-term')",kilogram,Calcium,Ca,40.08,"[['Ca', 1]]",{'Ca': 1.0},1.0,dissipation
"('ecoinvent-3.4-biosphere', '40f89b03-64f8-466d-9480-bca47d8a435c')",Mercury,"('water', 'ground-, long-term')",kilogram,Mercury,Hg,200.59,"[['Hg', 1]]",{'Hg': 1.0},1.0,dissipation
"('ecoinvent-3.4-biosphere', 'e145d4fa-5ac7-4435-8f4d-de807fbe1a31')",Fluorene,"('water', 'surface water')",kilogram,Fluorene,C13H10,166.22,"[['C', 13], ['H', 10]]","{'C': 0.9393755264107809, 'H': 0.06064252195884972}",1.0,dissipation
"('ecoinvent-3.4-biosphere', '3563befa-20c2-4849-9597-b5ed2b5aaf41')","Phthalate, dibutyl-","('water',)",kilogram,Phthalate,C8H4O4-2,164.11,"[['C', 8], ['H', 4], ['O', 4]]","{'C': 0.5855097190908536, 'H': 0.024568886722320393, 'O': 0.3899579550301627}",1.0,dissipation
"('ecoinvent-3.4-biosphere', '66288ede-0d82-4069-886a-d8b2f38f0128')",Imazethapyr,"('air', 'non-urban air or from high stacks')",kilogram,Imazethapyr,C15H19N3O3,289.33,"[['C', 15], ['H', 19], ['N', 3], ['O', 3]]","{'C': 0.6226972660975357, 'H': 0.0661943109943663, 'N': 0.14523554418829712, 'O': 0.16589016002488507}",1.0,dissipation
"('ecoinvent-3.4-biosphere', '594fdc19-25cd-4c22-b3f3-58b1f2f42965')",Aldrin,"('soil', 'agricultural')",kilogram,Aldrin,C12H8Cl6,364.9,"[['C', 12], ['H', 8], ['Cl', 6]]","{'C': 0.39499040833104965, 'H': 0.02209920526171554, 'Cl': 0.5829487530830365}",1.0,dissipation
"('ecoinvent-3.4-biosphere', '45e23e23-d952-4721-a514-2acfa5bfcab5')",Ethylene glycol monoethyl ether,"('air',)",kilogram,Ethylene glycol monoethyl ether,C4H10O2,90.12,"[['C', 4], ['H', 10], ['O', 2]]","{'C': 0.5331114070128716, 'H': 0.11185086551264979, 'O': 0.35505992010652465}",1.0,dissipation
"('ecoinvent-3.4-biosphere', 'e34d3da4-a3d5-41be-84b5-458afe32c990')","Chromium, ion","('water', 'surface water')",kilogram,Chromium,Cr,51.996,"[['Cr', 1]]",{'Cr': 1.0},1.0,dissipation
"('ecoinvent-3.4-biosphere', 'c486d0f8-f2be-4c5e-b594-9fa5d6942f9e')",Mercury,"('soil', 'forestry')",kilogram,Mercury,Hg,200.59,"[['Hg', 1]]",{'Hg': 1.0},1.0,dissipation
"('ecoinvent-3.4-biosphere', '56467370-dc88-4b7a-8287-d0b660e65856')",Diethylamine,"('water', 'ocean')",kilogram,Diethylamine,C4H11N,73.14,"[['C', 4], ['H', 11], ['N', 1]]","{'C': 0.6568772217664752, 'H': 0.15159967186218212, 'N': 0.19150943396226414}",1.0,dissipation
"('ecoinvent-3.4-biosphere', 'b2dc8668-86de-4207-b20e-dc81dea63c98')",Antimony,"('water',)",kilogram,Antimony,Sb,121.76,"[['Sb', 1]]",{'Sb': 1.0},1.0,dissipation
"('ecoinvent-3.4-biosphere', '51814700-587c-4915-9ed2-c5a644f831d3')",Thallium,"('soil', 'forestry')",kilogram,Thallium,Tl,204.383,"[['Tl', 1]]",{'Tl': 1.0},1.0,dissipation
"('ecoinvent-3.4-biosphere', 'c4e01cfb-2f50-52d5-8177-1518ad8b7bea')","Chloride, ion","('water',)",kilogram,Chloride,Cl-,35.45,"[['Cl', 1]]",{'Cl': 1.0},1.0,dissipation
"('ecoinvent-3.4-biosphere', '163926e2-b4cc-42bb-ba7d-401028140985')",Molybdenum,"('water', 'ocean')",kilogram,Molybdenum,Mo,95.95,"[['Mo', 1]]",{'Mo': 1.0},1.0,dissipation
"('ecoinvent-3.4-biosphere', '5934e254-ca2a-4cd8-92fa-3c9bbf1779ec')",Benzyl alcohol,"('water',)",kilogram,Benzyl alcohol,C7H8O,108.14,"[['C', 7], ['H', 8], ['O', 1]]","{'C': 0.7774828925466987, 'H': 0.0745700018494544, 'O': 0.14794710560384686}",1.0,dissipation
"('ecoinvent-3.4-biosphere', 'ef475b50-9cd0-4e7c-9c59-07868fe16e91')",Chromium VI,"('water', 'ground-, long-term')",kilogram,Chromium,Cr,51.996,"[['Cr', 1]]",{'Cr': 1.0},1.0,dissipation
"('ecoinvent-3.4-biosphere', '03c9b5ac-a8f1-4a10-a0a5-b01f699545d1')",Calcium hydroxide,"('air', 'urban air close to ground')",kilogram,Calcium hydroxide,CaH2O2,74.09,"[['Ca', 1], ['H', 2], ['O', 2]]","{'Ca': 0.5409366986097989, 'H': 0.027210149817789173, 'O': 0.43188014576865974}",1.0,dissipation
"('ecoinvent-3.4-biosphere', 'c983ad54-12e9-47a5-b747-5e5c448e58e2')",Iron,"('soil', 'forestry')",kilogram,Iron,Fe,55.84,"[['Fe', 1]]",{'Fe': 1.0},1.0,dissipation
"('ecoinvent-3.4-biosphere', '9a1e90d7-af5d-41ab-bf7b-d4d4248d9e24')",Dipropylamine,"('air', 'urban air close to ground')",kilogram,Dipropylamine,C6H15N,101.19,"[['C', 6], ['H', 15], ['N', 1]]","{'C': 0.7121849985176402, 'H': 0.14942187963237474, 'N': 0.13842276904832493}",1.0,dissipation
"('ecoinvent-3.4-biosphere', '6d023c39-c04e-4305-b2e4-adc89b53e708')","Methane, tetrafluoro-, R-14","('air', 'lower stratosphere + upper troposphere')",kilogram,Methane,CH4,16.043,"[['C', 1], ['H', 4]]","{'C': 0.7486754347690582, 'H': 0.2513245652309419}",1.0,dissipation
"('ecoinvent-3.4-biosphere', '531c5bca-0304-4c3f-a058-c60371df26fb')",Chrysene,"('water', 'surface water')",kilogram,Chrysene,C18H12,228.3,"[['C', 18], ['H', 12]]","{'C': 0.9469908015768724, 'H': 0.05298291721419185}",1.0,dissipation
"('ecoinvent-3.4-biosphere', 'dcfaa97f-8eb6-4aa4-822f-2b0dc3e89df9')",Chloroacetyl chloride,"('water',)",kilogram,Chloroacetyl chloride,C2H2Cl2O,112.94,"[['C', 2], ['H', 2], ['Cl', 2], ['O', 1]]","{'C': 0.2126970072604923, 'H': 0.01785018593943687, 'Cl': 0.6278200814591819, 'O': 0.14165928811758458}",1.0,dissipation
"('ecoinvent-3.4-biosphere', 'dc50265c-a1ea-49b3-97a9-fad6f1da0bd7')",3-Methyl-1-butanol,"('air', 'low population density, long-term')",kilogram,3-Methyl-1-butanol,C5H12O,88.15,"[['C', 5], ['H', 12], ['O', 1]]","{'C': 0.6812819058423141, 'H': 0.13722064662507089, 'O': 0.18149744753261485}",1.0,dissipation
"('ecoinvent-3.4-biosphere', '23eaa36d-add4-4219-961e-ca7104dc0de9')",Cadmium,"('air', 'low population density, long-term')",kilogram,Cadmium,Cd,112.41,"[['Cd', 1]]",{'Cd': 1.0},1.0,dissipation
"('ecoinvent-3.4-biosphere', '4518a791-f5dd-4ee2-ab87-2f8ffca6b230')",Sulfosate,"('soil', 'agricultural')",kilogram,Sulfosate,C6H16NO5PS,245.24,"[['C', 6], ['H', 16], ['N', 1], ['O', 5], ['P', 1], ['S', 1]]","{'C': 0.2938590768227043, 'H': 0.06576414940466481, 'N': 0.057115478714728427, 'O': 0.32619067036372534, 'P': 0.1263007665959876, 'S': 0.13074946990702985}",1.0,dissipation
"('ecoinvent-3.4-biosphere', '88ef28f1-cfd5-44a0-ac34-01acf2db84a0')","Benzene, ethyl-","('air',)",kilogram,Benzene,C6H6,78.11,"[['C', 6], ['H', 6]]","{'C': 0.9226219434131354, 'H': 0.07742926641915247}",1.0,dissipation
"('ecoinvent-3.4-biosphere', '4ac2ffc3-312e-4e2d-88c4-2630d4a73d8c')","Methane, bromotrifluoro-, Halon 1301","('air',)",kilogram,Methane,CH4,16.043,"[['C', 1], ['H', 4]]","{'C': 0.7486754347690582, 'H': 0.2513245652309419}",1.0,dissipation
"('ecoinvent-3.4-biosphere', 'c37ff1f2-c2de-4d31-a875-8b6265ab97bf')",N-Bromoacetamide,"('air',)",kilogram,N-Bromoacetamide,C2H4BrNO,137.96,"[['C', 2], ['H', 4], ['Br', 1], ['N', 1], ['O', 1]]","{'C': 0.17412293418382138, 'H': 0.029225862568860537, 'Br': 0.5791823717019425, 'N': 0.10152942881994781, 'O': 0.11596839663670629}",1.0,dissipation
"('ecoinvent-3.4-biosphere', '2b178c09-89d4-49be-afbb-ec21bc158d9c')",Isopropylamine,"('water', 'surface water')",kilogram,Isopropylamine,C3H9N,59.11,"[['C', 3], ['H', 9], ['N', 1]]","{'C': 0.6095922855692777, 'H': 0.15347656910844187, 'N': 0.23696498054474707}",1.0,dissipation
"('ecoinvent-3.4-biosphere', '8b9be7e6-c6c3-42d2-a92d-24e584b23ea7')",Chloroacetic acid,"('water', 'ocean')",kilogram,Chloroacetic acid,C2H3ClO2,94.5,"[['C', 2], ['H', 3], ['Cl', 1], ['O', 2]]","{'C': 0.2542010582010582, 'H': 0.032, 'Cl': 0.3751640211640212, 'O': 0.33860317460317463}",1.0,dissipation
"('ecoinvent-3.4-biosphere', 'e2ccc98a-6d4e-443b-b11f-d16f32782833')",Perfluoropentane,"('air',)",kilogram,Perfluoropentane,C5F12,288.03,"[['C', 5], ['F', 12]]","{'C': 0.2085025865361247, 'F': 0.7915008853244454}",1.0,dissipation
"('ecoinvent-3.4-biosphere', '2b676e9e-1e3b-45d6-b209-6ed3af61fc42')",Styrene,"('air', 'lower stratosphere + upper troposphere')",kilogram,Styrene,C8H8,104.15,"[['C', 8], ['H', 8]]","{'C': 0.9225924147863657, 'H': 0.07742678828612577}",1.0,dissipation
"('ecoinvent-3.4-biosphere', 'e42a8077-1363-40a9-a943-cfcf78e6b52e')","Methane, dichlorofluoro-, HCFC-21","('water', 'ground-')",kilogram,Methane,CH4,16.043,"[['C', 1], ['H', 4]]","{'C': 0.7486754347690582, 'H': 0.2513245652309419}",1.0,dissipation
"('ecoinvent-3.4-biosphere', 'f7ea1420-3b1b-4bc8-9f9e-fdd15771c0d4')",Methyl pentane,"('water',)",kilogram,Methyl pentane,C6H14,86.18,"[['C', 6], ['H', 14]]","{'C': 0.8362265026688327, 'H': 0.16375029009050823}",1.0,dissipation
"('ecoinvent-3.4-biosphere', 'cd6866e7-6710-49cf-a2ea-d9be8950af14')",Diethylene glycol,"('water', 'ground-, long-term')",kilogram,Diethylene glycol,C4H10O3,106.12,"[['C', 4], ['H', 10], ['O', 3]]","{'C': 0.4527327553712778, 'H': 0.09498680738786279, 'O': 0.4522898605352431}",1.0,dissipation
"('ecoinvent-3.4-biosphere', '65a9697b-d317-4f0b-939a-6aa18ac6342f')","Phthalate, butyl-benzyl-","('water', 'surface water')",kilogram,Phthalate,C8H4O4-2,164.11,"[['C', 8], ['H', 4], ['O', 4]]","{'C': 0.5855097190908536, 'H': 0.024568886722320393, 'O': 0.3899579550301627}",1.0,dissipation
"('ecoinvent-3.4-biosphere', 'e1c597cc-14cb-4ebb-af07-7a93a5b77d34')","Carbon dioxide, from soil or biomass stock","('air', 'low population density, long-term')",kilogram,Carbon dioxide,CO2,44.009,"[['C', 1], ['O', 2]]","{'C': 0.27292144788565975, 'O': 0.7270785521143402}",1.0,dissipation
"('ecoinvent-3.4-biosphere', '10571d92-ea97-4ac6-adb6-b25893a631cb')",m-Xylene,"('air', 'urban air close to ground')",kilogram,m-Xylene,C8H10,106.16,"[['C', 8], ['H', 10]]","{'C': 0.9051243406179351, 'H': 0.09495101733232857}",1.0,dissipation
"('ecoinvent-3.4-biosphere', 'b646bb3e-65e2-4f85-8376-9408e94e4b59')","Nitrogen, organic bound","('water', 'ground-')",kilogram,Nitrogen,N2,28.014,"[['N', 2]]",{'N': 1.0},1.0,dissipation
"('ecoinvent-3.4-biosphere', 'c8b3b6da-32c8-44df-914d-50e2adfbe1e3')",Rubidium,"('water',)",kilogram,Rubidium,Rb,85.468,"[['Rb', 1]]",{'Rb': 1.0},1.0,dissipation
"('ecoinvent-3.4-biosphere', '65bafee0-9f42-4788-af33-4df48d0e7f65')",Acetyl chloride,"('water',)",kilogram,Acetyl chloride,C2H3ClO,78.5,"[['C', 2], ['H', 3], ['Cl', 1], ['O', 1]]","{'C': 0.30601273885350316, 'H': 0.03852229299363057, 'Cl': 0.45163057324840766, 'O': 0.20380891719745223}",1.0,dissipation
"('ecoinvent-3.4-biosphere', '64a408f9-a93b-47c8-863e-3e239fb1b118')",Sodium dichromate,"('air', 'low population density, long-term')",kilogram,Sodium dichromate,Cr2Na2O7,261.97,"[['Cr', 2], ['Na', 2], ['O', 7]]","{'Cr': 0.39696148413940524, 'Na': 0.17551628049013243, 'O': 0.42750314921555904}",1.0,dissipation
"('ecoinvent-3.4-biosphere', '5229d225-38a2-4ec9-a7ed-4fd906a57c76')",Fenoxaprop,"('soil', 'agricultural')",kilogram,Fenoxaprop,C16H12ClNO5,333.72,"[['C', 16], ['H', 12], ['Cl', 1], ['N', 1], ['O', 5]]","{'C': 0.5758600023972191, 'H': 0.036245954692556634, 'Cl': 0.10623576651084742, 'N': 0.04197231211794318, 'O': 0.2397069399496584}",1.0,dissipation
"('ecoinvent-3.4-biosphere', 'b6e2f7f4-6b2e-4b3e-be1f-67626cb8205d')",Phosphorus,"('soil', 'forestry')",kilogram,Phosphorus,P,30.973762,"[['P', 1]]",{'P': 1.0},1.0,dissipation
"('ecoinvent-3.4-biosphere', '30e130e0-ff90-4e07-9cda-c53b81e0bbe6')",Pronamide,"('soil', 'agricultural')",kilogram,Pronamide,C12H11Cl2NO,256.12,"[['C', 12], ['H', 11], ['Cl', 2], ['N', 1], ['O', 1]]","{'C': 0.5627518350773075, 'H': 0.04329220677807278, 'Cl': 0.2768467905669218, 'N': 0.05468920818366391, 'O': 0.06246681243167265}",1.0,dissipation
"('ecoinvent-3.4-biosphere', '773583cc-a2f6-4912-87b5-0555aeb4e0fc')","Methane, tetrachloro-, R-10","('water', 'ocean')",kilogram,Methane,CH4,16.043,"[['C', 1], ['H', 4]]","{'C': 0.7486754347690582, 'H': 0.2513245652309419}",1.0,dissipation
"('ecoinvent-3.4-biosphere', 'b1f2f5fb-9107-43ca-8066-9033d23f184c')",Tebuconazole,"('water', 'ground-')",kilogram,Tebuconazole,C16H22ClN3O,307.82,"[['C', 16], ['H', 22], ['Cl', 1], ['N', 3], ['O', 1]]","{'C': 0.624312910142291, 'H': 0.07204210252745112, 'Cl': 0.11517445260217012, 'N': 0.13651159768695992, 'O': 0.05197518030017543}",1.0,dissipation
"('ecoinvent-3.4-biosphere', '0367c22a-f1f5-48bc-8dea-95e784d19df2')",Boron trifluoride,"('air', 'urban air close to ground')",kilogram,Boron trifluoride,BF3,67.81,"[['B', 1], ['F', 3]]","{'B': 0.15941601533697095, 'F': 0.8404955021383277}",1.0,dissipation
"('ecoinvent-3.4-biosphere', 'a07b8a8c-8cab-4656-a82f-310e8069e323')","Potassium, ion","('water', 'ground-')",kilogram,Potassium,K,39.0983,"[['K', 1]]",{'K': 1.0},1.0,dissipation
"('ecoinvent-3.4-biosphere', '58c3cf9c-f673-4897-9429-672bbb211e81')",Acrylonitrile,"('water', 'ground-, long-term')",kilogram,Acrylonitrile,C3H3N,53.06,"[['C', 3], ['H', 3], ['N', 1]]","{'C': 0.6790991330569167, 'H': 0.05699208443271767, 'N': 0.26398416886543535}",1.0,dissipation
"('ecoinvent-3.4-biosphere', '765546a9-b056-4d27-ad14-2f016511bdcb')",Aluminium,"('soil', 'industrial')",kilogram,Aluminium,Al,26.981538,"[['Al', 1]]",{'Al': 1.0},1.0,dissipation
"('ecoinvent-3.4-biosphere', '9b7e5cbf-e1eb-420d-ad43-248df23457ee')","Ethane, 2-chloro-1,1,1,2-tetrafluoro-, HCFC-124","('air', 'lower stratosphere + upper troposphere')",kilogram,Ethane,C2H6,30.07,"[['C', 2], ['H', 6]]","{'C': 0.7988693049551047, 'H': 0.20113069504489525}",1.0,dissipation
"('ecoinvent-3.4-biosphere', 'd800a996-a9ef-488f-900d-28a5b6ede9eb')",Ethylene oxide,"('air', 'low population density, long-term')",kilogram,Ethylene oxide,C2H4O,44.05,"[['C', 2], ['H', 4], ['O', 1]]","{'C': 0.5453348467650397, 'H': 0.09153234960272419, 'O': 0.3632009080590239}",1.0,dissipation
"('ecoinvent-3.4-biosphere', '12051b95-831a-49c0-9a70-fbc0e8fb9af9')",Cobalt,"('soil',)",kilogram,Cobalt,Co,58.93319,"[['Co', 1]]",{'Co': 1.0},1.0,dissipation
"('ecoinvent-3.4-biosphere', '8ec83662-7c2b-4452-8acf-95a0bb94233c')",Chromium VI,"('soil', 'agricultural')",kilogram,Chromium,Cr,51.996,"[['Cr', 1]]",{'Cr': 1.0},1.0,dissipation
"('ecoinvent-3.4-biosphere', '3937f5a5-b4a4-434d-9fc3-1d29064fc3f8')","Cadmium, ion","('water', 'ground-')",kilogram,Cadmium,Cd,112.41,"[['Cd', 1]]",{'Cd': 1.0},1.0,dissipation
"('ecoinvent-3.4-biosphere', '767a703f-842a-4b30-87f5-ca62b338a51d')",Butene,"('air', 'low population density, long-term')",kilogram,Butene,C4H8,56.11,"[['C', 4], ['H', 8]]","{'C': 0.8562466583496703, 'H': 0.14371769738014614}",1.0,dissipation
"('ecoinvent-3.4-biosphere', 'f9749677-9c9f-4678-ab55-c607dfdc2cb9')","Carbon dioxide, fossil","('air', 'urban air close to ground')",kilogram,Carbon dioxide,CO2,44.009,"[['C', 1], ['O', 2]]","{'C': 0.27292144788565975, 'O': 0.7270785521143402}",1.0,dissipation
"('ecoinvent-3.4-biosphere', '8d0ca1a5-6a40-4eda-861a-a0fccdc81b19')",Beryllium,"('water',)",kilogram,Beryllium,Be,9.012183,"[['Be', 1]]",{'Be': 1.0},1.0,dissipation
"('ecoinvent-3.4-biosphere', '35a27f5c-487b-48c6-bfd5-0a2dbacf2045')",Lactic acid,"('air',)",kilogram,Lactic acid,C3H6O3,90.08,"[['C', 3], ['H', 6], ['O', 3]]","{'C': 0.4000111012433393, 'H': 0.06714031971580817, 'O': 0.5328263765541741}",1.0,dissipation
"('ecoinvent-3.4-biosphere', 'c3114f66-5b2b-4f6c-bf96-911bef486bf3')",Methiocarb,"('soil', 'agricultural')",kilogram,Methiocarb,C11H15NO2S,225.31,"[['C', 11], ['H', 15], ['N', 1], ['O', 2], ['S', 1]]","{'C': 0.5863965203497402, 'H': 0.06710754072167237, 'N': 0.06216768008521592, 'O': 0.142017664551063, 'S': 0.14231503262172118}",1.0,dissipation
"('ecoinvent-3.4-biosphere', '3cc27705-f130-4e46-9de0-a1ca0ae1f7c6')",Tungsten,"('soil', 'industrial')",kilogram,Tungsten,W,183.84,"[['W', 1]]",{'W': 1.0},1.0,dissipation
"('ecoinvent-3.4-biosphere', 'b7e0bddf-7b8a-43f4-9319-6f4b3d9fa65a')","Ethane, hexafluoro-, HFC-116","('air', 'low population density, long-term')",kilogram,Ethane,C2H6,30.07,"[['C', 2], ['H', 6]]","{'C': 0.7988693049551047, 'H': 0.20113069504489525}",1.0,dissipation
"('ecoinvent-3.4-biosphere', '59281544-7c5a-4101-a972-10118e8df6aa')",Hydrogen sulfide,"('air', 'lower stratosphere + upper troposphere')",kilogram,Hydrogen sulfide,H2S,34.08,"[['H', 2], ['S', 1]]","{'H': 0.05915492957746479, 'S': 0.9408744131455399}",1.0,dissipation
"('ecoinvent-3.4-biosphere', 'ef6afe08-6ffb-402f-bb61-6984d3f9a81a')",Trifloxystrobin,"('water', 'ground-')",kilogram,Trifloxystrobin,C20H19F3N2O4,408.4,"[['C', 20], ['H', 19], ['F', 3], ['N', 2], ['O', 4]]","{'C': 0.588197845249755, 'H': 0.046895200783545546, 'F': 0.1395543584720862, 'N': 0.06859451518119491, 'O': 0.15669931439764936}",1.0,dissipation
"('ecoinvent-3.4-biosphere', '1d8ba55c-e60b-45ef-8e66-d947d8e7a01f')",Formamide,"('air',)",kilogram,Formamide,CH3NO,45.041,"[['C', 1], ['H', 3], ['N', 1], ['O', 1]]","{'C': 0.2666681467995826, 'H': 0.0671388290668502, 'N': 0.310983326302702, 'O': 0.35520969783086526}",1.0,dissipation
"('ecoinvent-3.4-biosphere', 'edd13644-5212-4e83-9fee-9358521a6b42')",Ethyl acetate,"('water', 'surface water')",kilogram,Ethyl acetate,C4H8O2,88.11,"[['C', 4], ['H', 8], ['O', 2]]","{'C': 0.5452729542617183, 'H': 0.09152196118488254, 'O': 0.3631596867551924}",1.0,dissipation
"('ecoinvent-3.4-biosphere', 'f2e74872-f56d-4e49-8dfd-1428c6fbd59c')",Helium,"('air',)",kilogram,Helium,He,4.0026,"[['He', 1]]",{'He': 1.0},1.0,dissipation
"('ecoinvent-3.4-biosphere', 'acc39720-dda7-4b3a-80c7-c6394cad4191')","Ethane, hexafluoro-, HFC-116","('air',)",kilogram,Ethane,C2H6,30.07,"[['C', 2], ['H', 6]]","{'C': 0.7988693049551047, 'H': 0.20113069504489525}",1.0,dissipation
"('ecoinvent-3.4-biosphere', '46ecffe9-d6c6-4763-b575-dd73d5bdd727')","Methane, chloro-fluoro-, HCFC-31","('air', 'non-urban air or from high stacks')",kilogram,Methane,CH4,16.043,"[['C', 1], ['H', 4]]","{'C': 0.7486754347690582, 'H': 0.2513245652309419}",1.0,dissipation
"('ecoinvent-3.4-biosphere', 'bcac684a-8868-4cd3-9063-3275dc831f91')",Phosphoric acid,"('air', 'low population density, long-term')",kilogram,Phosphoric acid,H3O4P,97.995,"[['H', 3], ['O', 4], ['P', 1]]","{'H': 0.030858717281493954, 'O': 0.6530537272309812, 'P': 0.31607735088524924}",1.0,dissipation
"('ecoinvent-3.4-biosphere', '51c7daf4-14e1-45e9-aa67-051c4ddcd9da')",Trinexapac-ethyl,"('soil', 'agricultural')",kilogram,Trinexapac-ethyl,C13H16O5,252.26,"[['C', 13], ['H', 16], ['O', 5]]","{'C': 0.6189764528660906, 'H': 0.06393403631174185, 'O': 0.3171132958059146}",1.0,dissipation
"('ecoinvent-3.4-biosphere', '59542265-cf1b-4ad9-8477-699179fe2b2b')",Magnesium,"('air', 'low population density, long-term')",kilogram,Magnesium,Mg,24.305,"[['Mg', 1]]",{'Mg': 1.0},1.0,dissipation
"('ecoinvent-3.4-biosphere', '09e231fa-b1c2-4d63-9c57-7ea0e2210858')","Methane, bromo-, Halon 1001","('air', 'low population density, long-term')",kilogram,Methane,CH4,16.043,"[['C', 1], ['H', 4]]","{'C': 0.7486754347690582, 'H': 0.2513245652309419}",1.0,dissipation
"('ecoinvent-3.4-biosphere', '2b50f643-216a-412b-a0e5-5946867aa2ed')",Ammonia,"('air', 'low population density, long-term')",kilogram,Ammonia,H3N,17.031,"[['H', 3], ['N', 1]]","{'H': 0.1775585696670777, 'N': 0.8224414303329224}",1.0,dissipation
"('ecoinvent-3.4-biosphere', '4c6fd60b-f60f-46b6-b2b7-3885dac5785d')",Glutaraldehyde,"('water', 'ground-')",kilogram,Glutaraldehyde,C5H8O2,100.12,"[['C', 5], ['H', 8], ['O', 2]]","{'C': 0.5998302037554933, 'H': 0.08054334798242109, 'O': 0.31959648421893727}",1.0,dissipation
"('ecoinvent-3.4-biosphere', '56217fe7-9437-4131-9ae2-e4c4b07b3a64')",2-Propanol,"('water', 'ground-, long-term')",kilogram,2-Propanol,C3H8O,60.1,"[['C', 3], ['H', 8], ['O', 1]]","{'C': 0.5995507487520799, 'H': 0.1341763727121464, 'O': 0.2662063227953411}",1.0,dissipation
"('ecoinvent-3.4-biosphere', '20c6c6d7-904c-4d33-923e-80e8ae7ee199')",Butanol,"('water', 'ocean')",kilogram,Butanol,C4H10O,74.12,"[['C', 4], ['H', 10], ['O', 1]]","{'C': 0.6481921208850512, 'H': 0.13599568267674042, 'O': 0.21585267134376687}",1.0,dissipation
"('ecoinvent-3.4-biosphere', '0ec92f76-932f-4407-bd4f-eb9aa426e099')","Cyhalothrin, gamma-","('soil', 'agricultural')",kilogram,Cyhalothrin,C23H19ClF3NO3,449.8,"[['C', 23], ['H', 19], ['Cl', 1], ['F', 3], ['N', 1], ['O', 3]]","{'C': 0.6141685193419297, 'H': 0.0425789239662072, 'Cl': 0.0788194753223655, 'F': 0.1267096487327701, 'N': 0.031140506891951976, 'O': 0.10670742552245442}",1.0,dissipation
"('ecoinvent-3.4-biosphere', 'fef0090b-9f73-41a9-ab2d-1cccb266ce2f')",Dipropylamine,"('water', 'ground-')",kilogram,Dipropylamine,C6H15N,101.19,"[['C', 6], ['H', 15], ['N', 1]]","{'C': 0.7121849985176402, 'H': 0.14942187963237474, 'N': 0.13842276904832493}",1.0,dissipation
"('ecoinvent-3.4-biosphere', 'ccc02a20-bda2-4862-bb95-2da1db7ad49e')",Ethanol,"('water', 'ocean')",kilogram,Ethanol,C2H6O,46.07,"[['C', 2], ['H', 6], ['O', 1]]","{'C': 0.5214239201215541, 'H': 0.1312784892554808, 'O': 0.3472758845235511}",1.0,dissipation
"('ecoinvent-3.4-biosphere', '77887584-ddca-4920-952c-3609730e0c13')",Zinc,"('soil',)",kilogram,Zinc,Zn,65.4,"[['Zn', 1]]",{'Zn': 1.0},1.0,dissipation
"('ecoinvent-3.4-biosphere', '982b0510-96ac-4bcb-a758-e98006b95f4d')",Butane,"('air',)",kilogram,Butane,C4H10,58.12,"[['C', 4], ['H', 10]]","{'C': 0.8266345492085341, 'H': 0.1734342739160358}",1.0,dissipation
"('ecoinvent-3.4-biosphere', '9e3b8604-439e-426d-86e9-b6b296ed8e74')",o-Xylene,"('water', 'ocean')",kilogram,o-Xylene,C8H10,106.16,"[['C', 8], ['H', 10]]","{'C': 0.9051243406179351, 'H': 0.09495101733232857}",1.0,dissipation
"('ecoinvent-3.4-biosphere', '89324b2f-1e73-4eb1-9716-96b9be0349ac')","Ethane, 1,2-dichloro-","('air', 'non-urban air or from high stacks')",kilogram,Ethane,C2H6,30.07,"[['C', 2], ['H', 6]]","{'C': 0.7988693049551047, 'H': 0.20113069504489525}",1.0,dissipation
"('ecoinvent-3.4-biosphere', 'c58d25ad-30d2-4fac-a857-1fa6f67afe8a')",Cobalt,"('soil', 'forestry')",kilogram,Cobalt,Co,58.93319,"[['Co', 1]]",{'Co': 1.0},1.0,dissipation
"('ecoinvent-3.4-biosphere', 'cfce0b1a-2873-46fa-8e12-afb5a4213886')",Arsenic,"('air', 'lower stratosphere + upper troposphere')",kilogram,Arsenic,As,74.92159,"[['As', 1]]",{'As': 1.0},1.0,dissipation
"('ecoinvent-3.4-biosphere', '1c5a7322-9261-4d59-a692-adde6c12de92')",Cadmium,"('air',)",kilogram,Cadmium,Cd,112.41,"[['Cd', 1]]",{'Cd': 1.0},1.0,dissipation
"('ecoinvent-3.4-biosphere', '5eafb840-6f50-418d-98bd-27b86f75613c')","Methane, chloro-fluoro-, HCFC-31","('air',)",kilogram,Methane,CH4,16.043,"[['C', 1], ['H', 4]]","{'C': 0.7486754347690582, 'H': 0.2513245652309419}",1.0,dissipation
"('ecoinvent-3.4-biosphere', '5ec9c16a-959d-44cd-be7d-a935727d2151')",Mercury,"('air', 'non-urban air or from high stacks')",kilogram,Mercury,Hg,200.59,"[['Hg', 1]]",{'Hg': 1.0},1.0,dissipation
"('ecoinvent-3.4-biosphere', '162b7095-c497-4b3c-a290-01ebe4bc9a08')",Beryllium,"('soil', 'agricultural')",kilogram,Beryllium,Be,9.012183,"[['Be', 1]]",{'Be': 1.0},1.0,dissipation
"('ecoinvent-3.4-biosphere', '273b51ae-dcc4-45c6-b8da-f6ba0313edf8')",Tefluthrin,"('soil', 'agricultural')",kilogram,Tefluthrin,C17H14ClF7O2,418.7,"[['C', 17], ['H', 14], ['Cl', 1], ['F', 7], ['O', 2]]","{'C': 0.4876689754000477, 'H': 0.03370432290422737, 'Cl': 0.08467399092428948, 'F': 0.31761643181275384, 'O': 0.07642225937425365}",1.0,dissipation
"('ecoinvent-3.4-biosphere', '4b4530b5-89d5-4127-b8a5-96fc50972e26')",Cu-HDO,"('water',)",kilogram,Cu-HDO,C12H22CuN4O4,349.87,"[['C', 12], ['H', 22], ['Cu', 1], ['N', 4], ['O', 4]]","{'C': 0.41195872752736734, 'H': 0.0633835424586275, 'Cu': 0.1816274616286049, 'N': 0.16013948037842626, 'O': 0.18291365364278162}",1.0,dissipation
"('ecoinvent-3.4-biosphere', '0822b867-9dca-4d5a-93c3-319d39b592cd')",Chlorpyrifos,"('air', 'non-urban air or from high stacks')",kilogram,Chlorpyrifos,C9H11Cl3NO3PS,350.6,"[['C', 9], ['H', 11], ['Cl', 3], ['N', 1], ['O', 3], ['P', 1], ['S', 1]]","{'C': 0.30832572732458635, 'H': 0.03162578436965203, 'Cl': 0.30336280661722764, 'N': 0.03995151169423845, 'O': 0.13689960068454077, 'P': 0.08834569309754706, 'S': 0.09145750142612663}",1.0,dissipation
"('ecoinvent-3.4-biosphere', '5b6d2405-8e33-4edd-9f51-41cdf1935d66')",Propionic acid,"('water', 'ocean')",kilogram,Propionic acid,C3H6O2,74.08,"[['C', 3], ['H', 6], ['O', 2]]","{'C': 0.4864065874730022, 'H': 0.08164146868250541, 'O': 0.4319384449244061}",1.0,dissipation
"('ecoinvent-3.4-biosphere', 'a3724600-89c1-4f35-97c9-0de3adbadc8b')","Methane, trifluoro-, HFC-23","('air', 'lower stratosphere + upper troposphere')",kilogram,Methane,CH4,16.043,"[['C', 1], ['H', 4]]","{'C': 0.7486754347690582, 'H': 0.2513245652309419}",1.0,dissipation
"('ecoinvent-3.4-biosphere', '3b6e56fc-e148-44f1-b489-8c2ff91ebe81')",Cumene,"('air', 'low population density, long-term')",kilogram,Cumene,C9H12,120.19,"[['C', 9], ['H', 12]]","{'C': 0.8994009484982111, 'H': 0.10064065230052417}",1.0,dissipation
"('ecoinvent-3.4-biosphere', '746ad09d-3f01-40ed-9802-cb274bd4fb40')",Pyraclostrobin,"('water', 'surface water')",kilogram,Pyraclostrobin,C19H18ClN3O4,387.8,"[['C', 19], ['H', 18], ['Cl', 1], ['N', 3], ['O', 4]]","{'C': 0.5884708612686951, 'H': 0.0467870036101083, 'Cl': 0.09142083548220732, 'N': 0.10835740072202166, 'O': 0.16502320783909233}",1.0,dissipation
"('ecoinvent-3.4-biosphere', 'd02904aa-dc1a-43f2-86ce-b41aa9cab47c')",Benzo(a)pyrene,"('water',)",kilogram,Benzo(a)pyrene,C20H12,252.3,"[['C', 20], ['H', 12]]","{'C': 0.9521204914783986, 'H': 0.04794292508917954}",1.0,dissipation
"('ecoinvent-3.4-biosphere', '5ac961f0-8e53-42ff-b13f-1a7fb9133868')","Sodium, ion","('water',)",kilogram,Sodium,Na,22.9897693,"[['Na', 1]]",{'Na': 1.0},1.0,dissipation
"('ecoinvent-3.4-biosphere', 'baf58fc9-573c-419c-8c16-831ac03203b9')","Methane, non-fossil","('air', 'urban air close to ground')",kilogram,Methane,CH4,16.043,"[['C', 1], ['H', 4]]","{'C': 0.7486754347690582, 'H': 0.2513245652309419}",1.0,dissipation
"('ecoinvent-3.4-biosphere', '432a3326-73f8-4752-bc4d-06b7b4b1243c')","Methane, dichloro-, HCC-30","('air',)",kilogram,Methane,CH4,16.043,"[['C', 1], ['H', 4]]","{'C': 0.7486754347690582, 'H': 0.2513245652309419}",1.0,dissipation
"('ecoinvent-3.4-biosphere', '9c54d6d2-16c9-40c1-86e4-57246f1e5820')",Fomesafen,"('air', 'non-urban air or from high stacks')",kilogram,Fomesafen,C15H10ClF3N2O6S,438.8,"[['C', 15], ['H', 10], ['Cl', 1], ['F', 3], ['N', 2], ['O', 6], ['S', 1]]","{'C': 0.41058568824065633, 'H': 0.022971741112123974, 'Cl': 0.08079535095715588, 'F': 0.12988605287146762, 'N': 0.0638422971741112, 'O': 0.2187648131267092, 'S': 0.07307429352780309}",1.0,dissipation
"('ecoinvent-3.4-biosphere', '748f22a9-eba4-4726-bef5-92c7442ce189')",Zinc,"('air', 'urban air close to ground')",kilogram,Zinc,Zn,65.4,"[['Zn', 1]]",{'Zn': 1.0},1.0,dissipation
"('ecoinvent-3.4-biosphere', '75fe1a2c-49fa-49e4-90f1-8f102508a96d')","Ethane, 1,1,1,2-tetrafluoro-, HFC-134a","('air', 'lower stratosphere + upper troposphere')",kilogram,Ethane,C2H6,30.07,"[['C', 2], ['H', 6]]","{'C': 0.7988693049551047, 'H': 0.20113069504489525}",1.0,dissipation
"('ecoinvent-3.4-biosphere', '4530576f-7f93-4c43-b13e-8cd2da98f501')",1-Pentene,"('water', 'ground-, long-term')",kilogram,1-Pentene,C5H10,70.13,"[['C', 5], ['H', 10]]","{'C': 0.8563382290032796, 'H': 0.14373306716098674}",1.0,dissipation
"('ecoinvent-3.4-biosphere', 'cc415ec5-ef9b-4239-b423-32906818e457')",t-Butylamine,"('water', 'ocean')",kilogram,t-Butylamine,C4H11N,73.14,"[['C', 4], ['H', 11], ['N', 1]]","{'C': 0.6568772217664752, 'H': 0.15159967186218212, 'N': 0.19150943396226414}",1.0,dissipation
"('ecoinvent-3.4-biosphere', 'd48e95bf-3ea9-4a35-a791-d0984dcb539e')",MCPB,"('water', 'ground-')",kilogram,MCPB,C11H13ClO3,228.67,"[['C', 11], ['H', 13], ['Cl', 1], ['O', 3]]","{'C': 0.5777802072856081, 'H': 0.05730528709494031, 'Cl': 0.15504001399396514, 'O': 0.20989635719595925}",1.0,dissipation
"('ecoinvent-3.4-biosphere', '4e054ec3-6e16-4544-8ef8-69b22414adf6')",Benzo(a)pyrene,"('air', 'lower stratosphere + upper troposphere')",kilogram,Benzo(a)pyrene,C20H12,252.3,"[['C', 20], ['H', 12]]","{'C': 0.9521204914783986, 'H': 0.04794292508917954}",1.0,dissipation
"('ecoinvent-3.4-biosphere', '44b7826f-6f4c-44f3-81eb-ad3426073fae')",Dicamba,"('soil', 'agricultural')",kilogram,Dicamba,C8H6Cl2O3,221.03,"[['C', 8], ['H', 6], ['Cl', 2], ['O', 3]]","{'C': 0.43472831742297424, 'H': 0.02736280142967018, 'Cl': 0.3207980817083654, 'O': 0.21715151789349862}",1.0,dissipation
"('ecoinvent-3.4-biosphere', '9f69cb8e-51fe-447b-a1ac-4da74de8ebe4')","Nickel, ion","('water', 'ground-, long-term')",kilogram,Nickel,Ni,58.693,"[['Ni', 1]]",{'Ni': 1.0},1.0,dissipation
"('ecoinvent-3.4-biosphere', 'fe976683-7080-4a79-8538-810793d21c53')",Ethylene glycol monoethyl ether,"('air', 'lower stratosphere + upper troposphere')",kilogram,Ethylene glycol monoethyl ether,C4H10O2,90.12,"[['C', 4], ['H', 10], ['O', 2]]","{'C': 0.5331114070128716, 'H': 0.11185086551264979, 'O': 0.35505992010652465}",1.0,dissipation
"('ecoinvent-3.4-biosphere', 'b0758e8e-691c-4c96-8a90-4784c47cd962')",Beryllium,"('soil', 'industrial')",kilogram,Beryllium,Be,9.012183,"[['Be', 1]]",{'Be': 1.0},1.0,dissipation
"('ecoinvent-3.4-biosphere', '56b7d3b6-83d7-42b0-a65b-5ad23e29db47')","Methane, chlorodifluoro-, HCFC-22","('air', 'non-urban air or from high stacks')",kilogram,Methane,CH4,16.043,"[['C', 1], ['H', 4]]","{'C': 0.7486754347690582, 'H': 0.2513245652309419}",1.0,dissipation
"('ecoinvent-3.4-biosphere', '014bd81b-88c7-4a81-b872-201dcbfb8bbf')","Ethene, trichloro-","('water', 'ground-')",kilogram,Ethene,C2H4,28.05,"[['C', 2], ['H', 4]]","{'C': 0.8563992869875222, 'H': 0.14374331550802139}",1.0,dissipation
"('ecoinvent-3.4-biosphere', '7e7dafac-5f96-495c-8a34-11fdc6e9f4e8')",Triadimenol,"('soil', 'agricultural')",kilogram,Triadimenol,C14H18ClN3O2,295.76,"[['C', 14], ['H', 18], ['Cl', 1], ['N', 3], ['O', 2]]","{'C': 0.5685488233703002, 'H': 0.06134703813903165, 'Cl': 0.11987084122261295, 'N': 0.14207803624560456, 'O': 0.10818907222071951}",1.0,dissipation
"('ecoinvent-3.4-biosphere', '41abb9cf-8e9a-40fe-895e-d491e32244b4')",Titanium,"('soil', 'industrial')",kilogram,Titanium,Ti,47.867,"[['Ti', 1]]",{'Ti': 1.0},1.0,dissipation
"('ecoinvent-3.4-biosphere', 'd9de01f7-815c-4946-b10f-02972805260a')","Chlorosilane, trimethyl-","('water', 'ocean')",kilogram,Chlorosilane,ClH3Si,66.56,"[['Cl', 1], ['H', 3], ['Si', 1]]","{'Cl': 0.5326472355769231, 'H': 0.045432692307692306, 'Si': 0.4219651442307692}",1.0,dissipation
"('ecoinvent-3.4-biosphere', 'adf4ac5e-7edd-4ca3-9adb-0b50903a71c1')",Methanol,"('air', 'lower stratosphere + upper troposphere')",kilogram,Methanol,CH4O,32.042,"[['C', 1], ['H', 4], ['O', 1]]","{'C': 0.3748517570688471, 'H': 0.12583484177017665, 'O': 0.4993134011609762}",1.0,dissipation
"('ecoinvent-3.4-biosphere', '591b0a62-8064-4697-86ed-47bfa1f8b5e6')",Vanadium,"('air',)",kilogram,Vanadium,V,50.9415,"[['V', 1]]",{'V': 1.0},1.0,dissipation
"('ecoinvent-3.4-biosphere', 'a3beb5ac-5149-47f6-a035-53fc5030f10a')","Carbon monoxide, fossil","('air', 'lower stratosphere + upper troposphere')",kilogram,Carbon monoxide,CO,28.01,"[['C', 1], ['O', 1]]","{'C': 0.42881113887897176, 'O': 0.5711888611210282}",1.0,dissipation
"('ecoinvent-3.4-biosphere', '544dbea9-1d18-44ff-b92b-7866e3baa6dd')",Selenium,"('water', 'surface water')",kilogram,Selenium,Se,78.97,"[['Se', 1]]",{'Se': 1.0},1.0,dissipation
"('ecoinvent-3.4-biosphere', '101c756f-d7af-4c18-826f-2144b6a54f5f')",Dipropylamine,"('water',)",kilogram,Dipropylamine,C6H15N,101.19,"[['C', 6], ['H', 15], ['N', 1]]","{'C': 0.7121849985176402, 'H': 0.14942187963237474, 'N': 0.13842276904832493}",1.0,dissipation
"('ecoinvent-3.4-biosphere', 'f72b4424-929b-4c74-99e4-60b0ad364995')",Naled,"('soil', 'agricultural')",kilogram,Naled,C4H7Br2Cl2O4P,380.78,"[['C', 4], ['H', 7], ['Br', 2], ['Cl', 2], ['O', 4], ['P', 1]]","{'C': 0.12617259309837703, 'H': 0.018530384999212144, 'Br': 0.41968590787331267, 'Cl': 0.18621251116130053, 'O': 0.16806554966122172, 'P': 0.0813435579599769}",1.0,dissipation
"('ecoinvent-3.4-biosphere', '3ea5684a-6d64-4f96-8c09-1d90f997c9d4')",Antimony,"('air', 'urban air close to ground')",kilogram,Antimony,Sb,121.76,"[['Sb', 1]]",{'Sb': 1.0},1.0,dissipation
"('ecoinvent-3.4-biosphere', '736923cd-6eb7-4896-98f8-46951d56da97')",Chlorpyrifos,"('soil', 'agricultural')",kilogram,Chlorpyrifos,C9H11Cl3NO3PS,350.6,"[['C', 9], ['H', 11], ['Cl', 3], ['N', 1], ['O', 3], ['P', 1], ['S', 1]]","{'C': 0.30832572732458635, 'H': 0.03162578436965203, 'Cl': 0.30336280661722764, 'N': 0.03995151169423845, 'O': 0.13689960068454077, 'P': 0.08834569309754706, 'S': 0.09145750142612663}",1.0,dissipation
"('ecoinvent-3.4-biosphere', 'd4b61c6c-a620-4a91-afc6-ca87ef97b55a')","Methane, dichloro-, HCC-30","('air', 'non-urban air or from high stacks')",kilogram,Methane,CH4,16.043,"[['C', 1], ['H', 4]]","{'C': 0.7486754347690582, 'H': 0.2513245652309419}",1.0,dissipation
"('ecoinvent-3.4-biosphere', '5d22e791-8399-414a-8adb-35615026d06c')",Phosphine,"('air', 'low population density, long-term')",kilogram,Phosphine,H3P,33.998,"[['H', 3], ['P', 1]]","{'H': 0.08894640861227132, 'P': 0.9110535913877288}",1.0,dissipation
"('ecoinvent-3.4-biosphere', 'a66849fd-060a-40b5-bd9d-04caa632b75c')",t-Butylamine,"('water', 'surface water')",kilogram,t-Butylamine,C4H11N,73.14,"[['C', 4], ['H', 11], ['N', 1]]","{'C': 0.6568772217664752, 'H': 0.15159967186218212, 'N': 0.19150943396226414}",1.0,dissipation
"('ecoinvent-3.4-biosphere', '3801ac00-aef4-4224-8d04-9d6734794719')","Ethene, trichloro-","('water',)",kilogram,Ethene,C2H4,28.05,"[['C', 2], ['H', 4]]","{'C': 0.8563992869875222, 'H': 0.14374331550802139}",1.0,dissipation
"('ecoinvent-3.4-biosphere', 'cac53ea3-b11c-47a6-adfd-678672a088e6')",Calcium,"('air', 'low population density, long-term')",kilogram,Calcium,Ca,40.08,"[['Ca', 1]]",{'Ca': 1.0},1.0,dissipation
"('ecoinvent-3.4-biosphere', '24e0a9cb-a789-46e2-a25c-0278a90d67e5')",Beryllium,"('water', 'ground-, long-term')",kilogram,Beryllium,Be,9.012183,"[['Be', 1]]",{'Be': 1.0},1.0,dissipation
"('ecoinvent-3.4-biosphere', 'd976062e-565d-4d61-933e-545c9d020f0a')",Fluorine,"('air', 'low population density, long-term')",kilogram,Fluorine,F2,37.99680632,"[['F', 2]]",{'F': 1.0},1.0,dissipation
"('ecoinvent-3.4-biosphere', '8c8ffaa5-84ed-4668-ba7d-80fd0f47013f')","Arsenic, ion","('water', 'surface water')",kilogram,Arsenic,As,74.92159,"[['As', 1]]",{'As': 1.0},1.0,dissipation
"('ecoinvent-3.4-biosphere', 'aa567547-9821-456a-8412-e726735eeb29')",Fluorine,"('air', 'urban air close to ground')",kilogram,Fluorine,F2,37.99680632,"[['F', 2]]",{'F': 1.0},1.0,dissipation
"('ecoinvent-3.4-biosphere', '10555050-586c-46b7-848e-9d90324d104b')",Silicon tetrafluoride,"('air',)",kilogram,Silicon tetrafluoride,F4Si,104.079,"[['F', 4], ['Si', 1]]","{'F': 0.7301376838747491, 'Si': 0.2698527080390857}",1.0,dissipation
"('ecoinvent-3.4-biosphere', 'ea348137-f175-4ec7-a6a8-a4854260659a')",Carbaryl,"('water', 'ground-')",kilogram,Carbaryl,C12H11NO2,201.22,"[['C', 12], ['H', 11], ['N', 1], ['O', 2]]","{'C': 0.7162906271742372, 'H': 0.0551038664148693, 'N': 0.06961037670211709, 'O': 0.15901997813338634}",1.0,dissipation
"('ecoinvent-3.4-biosphere', 'fba3ef86-de65-4079-868d-8b6438d46092')",Phosphine,"('air', 'urban air close to ground')",kilogram,Phosphine,H3P,33.998,"[['H', 3], ['P', 1]]","{'H': 0.08894640861227132, 'P': 0.9110535913877288}",1.0,dissipation
"('ecoinvent-3.4-biosphere', '22b18b15-712c-4475-a6a3-e245da9252b6')",Iodide,"('soil',)",kilogram,Iodide,I-,126.9045,"[['I', 1]]",{'I': 1.0},1.0,dissipation
"('ecoinvent-3.4-biosphere', '23f4021a-5b2d-4e16-ba87-76e871b32392')",Dimethomorph,"('soil', 'agricultural')",kilogram,Dimethomorph,C21H22ClNO4,387.9,"[['C', 21], ['H', 22], ['Cl', 1], ['N', 1], ['O', 4]]","{'C': 0.650247486465584, 'H': 0.057169373549884, 'Cl': 0.09139726733694252, 'N': 0.036109822119102866, 'O': 0.16498066511987627}",1.0,dissipation
"('ecoinvent-3.4-biosphere', 'bb33742a-c5d5-4607-805f-13e4d3a155fd')",Toluene,"('water', 'surface water')",kilogram,Toluene,C7H8,92.14,"[['C', 7], ['H', 8]]","{'C': 0.9124918602127198, 'H': 0.08751899283698719}",1.0,dissipation
"('ecoinvent-3.4-biosphere', '67652827-017f-4856-8d0a-c97bac4c6562')",Lead,"('soil', 'industrial')",kilogram,Lead,Pb,207.0,"[['Pb', 1]]",{'Pb': 1.0},1.0,dissipation
"('ecoinvent-3.4-biosphere', '68b9b577-90cf-49e4-88bb-a55d80f3ac5d')","Carbon monoxide, from soil or biomass stock","('air', 'non-urban air or from high stacks')",kilogram,Carbon monoxide,CO,28.01,"[['C', 1], ['O', 1]]","{'C': 0.42881113887897176, 'O': 0.5711888611210282}",1.0,dissipation
"('ecoinvent-3.4-biosphere', '0af26a55-d357-469f-abad-8ced785cb4fb')",Manganese,"('air', 'low population density, long-term')",kilogram,Manganese,Mn,54.93804,"[['Mn', 1]]",{'Mn': 1.0},1.0,dissipation
"('ecoinvent-3.4-biosphere', '2195d86f-e4c8-4e86-9f18-b5b065b1df7e')","Zinc, ion","('water', 'ocean')",kilogram,Zinc,Zn,65.4,"[['Zn', 1]]",{'Zn': 1.0},1.0,dissipation
"('ecoinvent-3.4-biosphere', '936015d2-e29c-4c0e-a4d0-cb3680e14452')",Fluazifop,"('soil', 'agricultural')",kilogram,Fluazifop,C15H12F3NO4,327.25,"[['C', 15], ['H', 12], ['F', 3], ['N', 1], ['O', 4]]","{'C': 0.5505423987776928, 'H': 0.03696256684491979, 'F': 0.17416042780748664, 'N': 0.04280213903743316, 'O': 0.19555691367456074}",1.0,dissipation
"('ecoinvent-3.4-biosphere', 'd5a6fcba-b958-4b06-b193-b712eeb65cf4')",Methyl borate,"('water',)",kilogram,Methyl borate,C3H9BO3,103.92,"[['C', 3], ['H', 9], ['B', 1], ['O', 3]]","{'C': 0.3467378752886836, 'H': 0.08729792147806004, 'B': 0.10402232486528099, 'O': 0.461864896073903}",1.0,dissipation
"('ecoinvent-3.4-biosphere', '1eefb686-03de-4dc8-933a-e3b7459438da')",3-Methyl-1-butanol,"('air',)",kilogram,3-Methyl-1-butanol,C5H12O,88.15,"[['C', 5], ['H', 12], ['O', 1]]","{'C': 0.6812819058423141, 'H': 0.13722064662507089, 'O': 0.18149744753261485}",1.0,dissipation
"('ecoinvent-3.4-biosphere', '2a46e7f4-c66c-43e5-8a8a-d119c4098aff')","Titanium, ion","('water', 'ground-, long-term')",kilogram,Titanium,Ti,47.867,"[['Ti', 1]]",{'Ti': 1.0},1.0,dissipation
"('ecoinvent-3.4-biosphere', '4f5e79fc-b595-4b7e-8133-c2febbf75107')",Chloroacetyl chloride,"('water', 'ground-, long-term')",kilogram,Chloroacetyl chloride,C2H2Cl2O,112.94,"[['C', 2], ['H', 2], ['Cl', 2], ['O', 1]]","{'C': 0.2126970072604923, 'H': 0.01785018593943687, 'Cl': 0.6278200814591819, 'O': 0.14165928811758458}",1.0,dissipation
"('ecoinvent-3.4-biosphere', 'f91cec3b-a79f-41f3-bc74-cdda6f91964f')",Sodium tetrahydridoborate,"('air', 'low population density, long-term')",kilogram,Sodium tetrahydridoborate,BH4Na,37.84,"[['B', 1], ['H', 4], ['Na', 1]]","{'B': 0.285676532769556, 'H': 0.10655391120507399, 'Na': 0.6075581395348836}",1.0,dissipation
"('ecoinvent-3.4-biosphere', '9ba627f4-3a6c-4dd6-8598-4e1639fbd85a')","VOC, volatile organic compounds, unspecified origin","('water',)",kilogram,VOC,C16H16N4O2,296.32,"[['C', 16], ['H', 16], ['N', 4], ['O', 2]]","{'C': 0.6485421166306695, 'H': 0.054427645788336934, 'N': 0.189079373650108, 'O': 0.10798461123110152}",1.0,dissipation
"('ecoinvent-3.4-biosphere', 'ebfe261d-ab0d-4ade-8743-183c8c6bdcc6')",Magnesium,"('air', 'urban air close to ground')",kilogram,Magnesium,Mg,24.305,"[['Mg', 1]]",{'Mg': 1.0},1.0,dissipation
"('ecoinvent-3.4-biosphere', '4b22b04e-4cfa-4a8c-b1da-6cd436d03ef6')",Triethylene glycol,"('water', 'ocean')",kilogram,Triethylene glycol,C6H14O4,150.17,"[['C', 6], ['H', 14], ['O', 4]]","{'C': 0.4798961177332357, 'H': 0.09397349670373577, 'O': 0.42615702204168615}",1.0,dissipation
"('ecoinvent-3.4-biosphere', '54cd1c73-b17c-4061-aa54-f67b198a059d')","Methane, dichloro-, HCC-30","('water', 'ground-, long-term')",kilogram,Methane,CH4,16.043,"[['C', 1], ['H', 4]]","{'C': 0.7486754347690582, 'H': 0.2513245652309419}",1.0,dissipation
"('ecoinvent-3.4-biosphere', '6aa8673f-f7e3-4270-93dc-e97b745fced7')","Silver, ion","('water',)",kilogram,Silver,Ag,107.868,"[['Ag', 1]]",{'Ag': 1.0},1.0,dissipation
"('ecoinvent-3.4-biosphere', 'd28f10c4-a8d0-4891-b7a4-362e12360079')",Thorium,"('air', 'non-urban air or from high stacks')",kilogram,Thorium,Th,232.038,"[['Th', 1]]",{'Th': 1.0},1.0,dissipation
"('ecoinvent-3.4-biosphere', 'c4a7e193-1d48-4da4-a696-777b3e15944d')",Isopropylamine,"('water', 'ground-')",kilogram,Isopropylamine,C3H9N,59.11,"[['C', 3], ['H', 9], ['N', 1]]","{'C': 0.6095922855692777, 'H': 0.15347656910844187, 'N': 0.23696498054474707}",1.0,dissipation
"('ecoinvent-3.4-biosphere', 'd03809fd-dae9-4771-aec0-934a40bbb7e5')",Boric acid,"('air', 'urban air close to ground')",kilogram,Boric acid,BH3O3,61.84,"[['B', 1], ['H', 3], ['O', 3]]","{'B': 0.1748059508408797, 'H': 0.04890038809831824, 'O': 0.7761481241914618}",1.0,dissipation
"('ecoinvent-3.4-biosphere', 'aeefa758-5f4f-4bb4-a28a-4075e81f2fde')",Magnesium,"('air',)",kilogram,Magnesium,Mg,24.305,"[['Mg', 1]]",{'Mg': 1.0},1.0,dissipation
"('ecoinvent-3.4-biosphere', '03758df7-503a-400e-bc7b-ec05825761a5')","Ethane, 1,2-dichloro-","('air',)",kilogram,Ethane,C2H6,30.07,"[['C', 2], ['H', 6]]","{'C': 0.7988693049551047, 'H': 0.20113069504489525}",1.0,dissipation
"('ecoinvent-3.4-biosphere', 'a91c4052-de24-456d-a1d5-4e2d9db201e3')",Helium,"('air', 'urban air close to ground')",kilogram,Helium,He,4.0026,"[['He', 1]]",{'He': 1.0},1.0,dissipation
"('ecoinvent-3.4-biosphere', 'a431850e-e4d2-449e-b900-d44e948d489a')",Tungsten,"('water', 'ocean')",kilogram,Tungsten,W,183.84,"[['W', 1]]",{'W': 1.0},1.0,dissipation
"('ecoinvent-3.4-biosphere', '6f3fd3ca-1340-421a-9149-98a21c102041')",Methanesulfonic acid,"('air', 'urban air close to ground')",kilogram,Methanesulfonic acid,CH4O3S,96.11,"[['C', 1], ['H', 4], ['O', 3], ['S', 1]]","{'C': 0.12497138695245032, 'H': 0.04195193008011654, 'O': 0.49939652481531577, 'S': 0.3336281344292997}",1.0,dissipation
"('ecoinvent-3.4-biosphere', 'e7881581-21b3-4f5c-bd63-6b0684b5e712')",Chromium,"('soil', 'agricultural')",kilogram,Chromium,Cr,51.996,"[['Cr', 1]]",{'Cr': 1.0},1.0,dissipation
"('ecoinvent-3.4-biosphere', '1584734d-c5c8-42a5-aa51-0f6a92a9cc0d')","Ethane, 1,2-dichloro-1,1,2,2-tetrafluoro-, CFC-114","('air', 'non-urban air or from high stacks')",kilogram,Ethane,C2H6,30.07,"[['C', 2], ['H', 6]]","{'C': 0.7988693049551047, 'H': 0.20113069504489525}",1.0,dissipation
"('ecoinvent-3.4-biosphere', '8494ed3c-0416-4aa5-b100-51a2b2bcadbd')",Ammonia,"('air', 'lower stratosphere + upper troposphere')",kilogram,Ammonia,H3N,17.031,"[['H', 3], ['N', 1]]","{'H': 0.1775585696670777, 'N': 0.8224414303329224}",1.0,dissipation
"('ecoinvent-3.4-biosphere', 'ba785aad-0ee5-4bba-b049-e32bc31670cb')",Titanium,"('soil', 'forestry')",kilogram,Titanium,Ti,47.867,"[['Ti', 1]]",{'Ti': 1.0},1.0,dissipation
"('ecoinvent-3.4-biosphere', '1b4da243-3412-4425-b44e-dea22e7ebd43')",2-Methyl pentane,"('air', 'low population density, long-term')",kilogram,2-Methyl pentane,C6H14,86.18,"[['C', 6], ['H', 14]]","{'C': 0.8362265026688327, 'H': 0.16375029009050823}",1.0,dissipation
"('ecoinvent-3.4-biosphere', '0437e787-ef47-4a50-b11f-df7c743e860c')",Magnesium,"('air', 'non-urban air or from high stacks')",kilogram,Magnesium,Mg,24.305,"[['Mg', 1]]",{'Mg': 1.0},1.0,dissipation
"('ecoinvent-3.4-biosphere', '9fea3fb1-f305-408d-8549-d008533800e3')",Hydrogen peroxide,"('water', 'ground-')",kilogram,Hydrogen peroxide,H2O2,34.015,"[['H', 2], ['O', 2]]","{'H': 0.059267970013229455, 'O': 0.9407026311921212}",1.0,dissipation
"('ecoinvent-3.4-biosphere', 'af3b0f01-3f06-46c7-a3b7-66bfec083264')",Methyl formate,"('water', 'surface water')",kilogram,Methyl formate,C2H4O2,60.05,"[['C', 2], ['H', 4], ['O', 2]]","{'C': 0.40003330557868444, 'H': 0.06714404662781016, 'O': 0.5328559533721899}",1.0,dissipation
"('ecoinvent-3.4-biosphere', '029af65d-7b19-4189-9c92-81fc03909665')",Bentazone,"('water', 'ground-')",kilogram,Bentazone,C10H12N2O3S,240.28,"[['C', 10], ['H', 12], ['N', 2], ['O', 3], ['S', 1]]","{'C': 0.49987514566339264, 'H': 0.05034126852005993, 'N': 0.11658897952388879, 'O': 0.19975445313800566, 'S': 0.13344847677709337}",1.0,dissipation
"('ecoinvent-3.4-biosphere', 'fc4ff051-df48-4071-9f34-2242d9110ef0')",Chlorine,"('water', 'ocean')",kilogram,Chlorine,Cl2,70.9,"[['Cl', 2]]",{'Cl': 1.0},1.0,dissipation
"('ecoinvent-3.4-biosphere', '73f834fe-b8e1-4600-933b-364668952321')",Hypochlorite,"('water', 'ground-, long-term')",kilogram,Hypochlorite,ClO-,51.45,"[['Cl', 1], ['O', 1]]","{'Cl': 0.6890767735665695, 'O': 0.31096209912536443}",1.0,dissipation
"('ecoinvent-3.4-biosphere', '76c79f4e-3cda-428e-b8f0-0ba8bbf272b6')",Helium,"('air', 'non-urban air or from high stacks')",kilogram,Helium,He,4.0026,"[['He', 1]]",{'He': 1.0},1.0,dissipation
"('ecoinvent-3.4-biosphere', '78a0fa8b-3e30-45c2-ad50-290c3b608c84')",Acetic acid,"('water', 'ground-')",kilogram,Acetic acid,C2H4O2,60.05,"[['C', 2], ['H', 4], ['O', 2]]","{'C': 0.40003330557868444, 'H': 0.06714404662781016, 'O': 0.5328559533721899}",1.0,dissipation
"('ecoinvent-3.4-biosphere', '5fb7cd0a-0c4c-43e2-8808-bf0102b93b49')",Methanol,"('water', 'ground-, long-term')",kilogram,Methanol,CH4O,32.042,"[['C', 1], ['H', 4], ['O', 1]]","{'C': 0.3748517570688471, 'H': 0.12583484177017665, 'O': 0.4993134011609762}",1.0,dissipation
"('ecoinvent-3.4-biosphere', '4446c2d0-1bc1-422f-9b97-0867d5602dbb')",Ethylene oxide,"('air', 'urban air close to ground')",kilogram,Ethylene oxide,C2H4O,44.05,"[['C', 2], ['H', 4], ['O', 1]]","{'C': 0.5453348467650397, 'H': 0.09153234960272419, 'O': 0.3632009080590239}",1.0,dissipation
"('ecoinvent-3.4-biosphere', 'dc9520c7-6e4a-42fb-b1f6-9fa8f34667a4')","Ethane, pentafluoro-, HFC-125","('air', 'low population density, long-term')",kilogram,Ethane,C2H6,30.07,"[['C', 2], ['H', 6]]","{'C': 0.7988693049551047, 'H': 0.20113069504489525}",1.0,dissipation
"('ecoinvent-3.4-biosphere', 'c76c611f-3653-46c0-a91a-ff8ba8bee15b')",Methyl acrylate,"('water', 'ground-')",kilogram,Methyl acrylate,C4H6O2,86.09,"[['C', 4], ['H', 6], ['O', 2]]","{'C': 0.558067139040539, 'H': 0.0702520617957951, 'O': 0.3716807991636659}",1.0,dissipation
"('ecoinvent-3.4-biosphere', '1fd12487-3082-4e34-b211-8ba77d1f51f6')",Cyclohexane,"('water', 'surface water')",kilogram,Cyclohexane,C6H12,84.16,"[['C', 6], ['H', 12]]","{'C': 0.8562975285171104, 'H': 0.14372623574144489}",1.0,dissipation
"('ecoinvent-3.4-biosphere', '6be19c27-bbb9-4c2d-9831-fc7a035052a5')",Starane,"('soil', 'agricultural')",kilogram,Starane,C7H5Cl2FN2O3,255.03,"[['C', 7], ['H', 5], ['Cl', 2], ['F', 1], ['N', 2], ['O', 3]]","{'C': 0.32967494020311333, 'H': 0.019762380896365134, 'Cl': 0.2780300356820766, 'F': 0.07449319687879857, 'N': 0.1098459004822962, 'O': 0.18820138807199152}",1.0,dissipation
"('ecoinvent-3.4-biosphere', '19ca9276-e5c6-47f5-a3a4-18284d2a27c3')",Oxyfluorfen,"('soil', 'agricultural')",kilogram,Oxyfluorfen,C15H11ClF3NO4,361.7,"[['C', 15], ['H', 11], ['Cl', 1], ['F', 3], ['N', 1], ['O', 4]]","{'C': 0.49810616533038427, 'H': 0.030655239148465584, 'Cl': 0.09801769422173073, 'F': 0.1575725739563174, 'N': 0.03872546309095936, 'O': 0.17693115841857895}",1.0,dissipation
"('ecoinvent-3.4-biosphere', 'b8fc2875-a1ce-4a7c-a73d-6ba5b26319d3')",Boron,"('air',)",kilogram,Boron,B,10.81,"[['B', 1]]",{'B': 1.0},1.0,dissipation
"('ecoinvent-3.4-biosphere', 'f7eca11f-546f-4712-ad80-724254685596')",Mercury,"('soil',)",kilogram,Mercury,Hg,200.59,"[['Hg', 1]]",{'Hg': 1.0},1.0,dissipation
"('ecoinvent-3.4-biosphere', '248223f5-4e00-4b0d-9652-76a9c39ce414')",Heptane,"('air', 'low population density, long-term')",kilogram,Heptane,C7H16,100.2,"[['C', 7], ['H', 16]]","{'C': 0.8390918163672654, 'H': 0.1609580838323353}",1.0,dissipation
"('ecoinvent-3.4-biosphere', '18c582fe-7336-4138-8797-2db8b7a754c7')","Methane, chlorodifluoro-, HCFC-22","('air',)",kilogram,Methane,CH4,16.043,"[['C', 1], ['H', 4]]","{'C': 0.7486754347690582, 'H': 0.2513245652309419}",1.0,dissipation
"('ecoinvent-3.4-biosphere', 'e157e3dd-88b9-4256-ab2e-ff82e7b8d088')",Glyphosate,"('water', 'surface water')",kilogram,Glyphosate,C3H8NO5P,169.07,"[['C', 3], ['H', 8], ['N', 1], ['O', 5], ['P', 1]]","{'C': 0.21312474123144262, 'H': 0.04769622050038446, 'N': 0.08284734133790737, 'O': 0.4731472171289999, 'P': 0.1832022239309162}",1.0,dissipation
"('ecoinvent-3.4-biosphere', '922a7ccf-3338-43ad-bd7e-77d51df051ab')",Acenaphthene,"('air', 'non-urban air or from high stacks')",kilogram,Acenaphthene,C12H10,154.21,"[['C', 12], ['H', 10]]","{'C': 0.9346475585240905, 'H': 0.06536541080344983}",1.0,dissipation
"('ecoinvent-3.4-biosphere', '9798359e-a3ee-4362-a038-23a188582c6e')","Nickel, ion","('water', 'surface water')",kilogram,Nickel,Ni,58.693,"[['Ni', 1]]",{'Ni': 1.0},1.0,dissipation
"('ecoinvent-3.4-biosphere', 'ba2f3f82-c93a-47a5-822a-37ec97495275')","Carbon monoxide, fossil","('air',)",kilogram,Carbon monoxide,CO,28.01,"[['C', 1], ['O', 1]]","{'C': 0.42881113887897176, 'O': 0.5711888611210282}",1.0,dissipation
"('ecoinvent-3.4-biosphere', '2b2369a4-26bb-4b18-8479-752fdf7a5e7f')",Antimony,"('soil', 'industrial')",kilogram,Antimony,Sb,121.76,"[['Sb', 1]]",{'Sb': 1.0},1.0,dissipation
"('ecoinvent-3.4-biosphere', '99f1e4a4-2f47-4098-8f28-4c736a5b675d')",Prochloraz,"('soil', 'agricultural')",kilogram,Prochloraz,C15H16Cl3N3O2,376.7,"[['C', 15], ['H', 16], ['Cl', 3], ['N', 3], ['O', 2]]","{'C': 0.4782718343509424, 'H': 0.04281391027342713, 'Cl': 0.2823440403504115, 'N': 0.11155030528271835, 'O': 0.08494292540483143}",1.0,dissipation
"('ecoinvent-3.4-biosphere', 'a88305cb-b50a-45fe-9646-f83fb2798b89')",Urea,"('water', 'ground-, long-term')",kilogram,Urea,CH4N2O,60.056,"[['C', 1], ['H', 4], ['N', 2], ['O', 1]]","{'C': 0.1999966697748768, 'H': 0.06713733848408153, 'N': 0.46646463300919144, 'O': 0.2664013587318503}",1.0,dissipation
"('ecoinvent-3.4-biosphere', 'd68f41b3-6887-49a8-8efa-96812f8ec9f6')",Barium,"('water', 'ground-')",kilogram,Barium,Ba,137.33,"[['Ba', 1]]",{'Ba': 1.0},1.0,dissipation
"('ecoinvent-3.4-biosphere', 'c6462d84-caa9-425a-a923-45238690c6f3')",Silver,"('air', 'urban air close to ground')",kilogram,Silver,Ag,107.868,"[['Ag', 1]]",{'Ag': 1.0},1.0,dissipation
"('ecoinvent-3.4-biosphere', 'bd534cc3-5ca2-4e0e-b24e-0f5924627d83')",Scandium,"('water',)",kilogram,Scandium,Sc,44.95591,"[['Sc', 1]]",{'Sc': 1.0},1.0,dissipation
"('ecoinvent-3.4-biosphere', 'a90f1d06-243f-4d12-8779-50fbf8d4ad5b')",Cumene,"('water', 'ocean')",kilogram,Cumene,C9H12,120.19,"[['C', 9], ['H', 12]]","{'C': 0.8994009484982111, 'H': 0.10064065230052417}",1.0,dissipation
"('ecoinvent-3.4-biosphere', '246c87af-4495-4977-8d39-eae397c1c8f1')","Methane, monochloro-, R-40","('air', 'low population density, long-term')",kilogram,Methane,CH4,16.043,"[['C', 1], ['H', 4]]","{'C': 0.7486754347690582, 'H': 0.2513245652309419}",1.0,dissipation
"('ecoinvent-3.4-biosphere', '35b4d818-1019-413b-b99d-d351d8a67ac4')",Molybdenum,"('air', 'low population density, long-term')",kilogram,Molybdenum,Mo,95.95,"[['Mo', 1]]",{'Mo': 1.0},1.0,dissipation
"('ecoinvent-3.4-biosphere', '12c12a5e-847f-4a94-be3b-21f14ff429fe')","Ethane, 1,2-dichloro-","('water', 'ground-')",kilogram,Ethane,C2H6,30.07,"[['C', 2], ['H', 6]]","{'C': 0.7988693049551047, 'H': 0.20113069504489525}",1.0,dissipation
"('ecoinvent-3.4-biosphere', '27db07bb-7d5b-4e63-8f16-401781188148')",Acetic acid,"('water', 'ground-, long-term')",kilogram,Acetic acid,C2H4O2,60.05,"[['C', 2], ['H', 4], ['O', 2]]","{'C': 0.40003330557868444, 'H': 0.06714404662781016, 'O': 0.5328559533721899}",1.0,dissipation
"('ecoinvent-3.4-biosphere', '375bc95e-6596-4aa1-9716-80ff51b9da77')","Carbon dioxide, to soil or biomass stock","('soil',)",kilogram,Carbon dioxide,CO2,44.009,"[['C', 1], ['O', 2]]","{'C': 0.27292144788565975, 'O': 0.7270785521143402}",1.0,dissipation
"('ecoinvent-3.4-biosphere', '57a17022-7f17-4cdf-b0e8-184bc5c50d98')",Thallium,"('soil', 'agricultural')",kilogram,Thallium,Tl,204.383,"[['Tl', 1]]",{'Tl': 1.0},1.0,dissipation
"('ecoinvent-3.4-biosphere', '857e2a6a-7072-4d9d-8c0b-707fdc2bcbc0')",Aniline,"('air', 'non-urban air or from high stacks')",kilogram,Aniline,C6H7N,93.13,"[['C', 6], ['H', 7], ['N', 1]]","{'C': 0.773821539783099, 'H': 0.07576505959411575, 'N': 0.15040266294427146}",1.0,dissipation
"('ecoinvent-3.4-biosphere', '52be5a94-fe48-4ec3-b694-44d08262bbad')",Glufosinate ammonium,"('soil', 'agricultural')",kilogram,Glufosinate ammonium,C5H15N2O4P,198.16,"[['C', 5], ['H', 15], ['N', 2], ['O', 4], ['P', 1]]","{'C': 0.30306318126766246, 'H': 0.07630197819943481, 'N': 0.14137060960839726, 'O': 0.32295115058538554, 'P': 0.1563080339119903}",1.0,dissipation
"('ecoinvent-3.4-biosphere', 'd627e8fd-3663-4aa6-b9de-e926003700dd')",Ethylene diamine,"('water', 'ocean')",kilogram,Ethylene diamine,C2H8N2,60.1,"[['C', 2], ['H', 8], ['N', 2]]","{'C': 0.3997004991680532, 'H': 0.1341763727121464, 'N': 0.46612312811980033}",1.0,dissipation
"('ecoinvent-3.4-biosphere', 'ba5c9458-44df-4d93-a7c3-9389f65166d8')","Methane, tetrachloro-, R-10","('air', 'low population density, long-term')",kilogram,Methane,CH4,16.043,"[['C', 1], ['H', 4]]","{'C': 0.7486754347690582, 'H': 0.2513245652309419}",1.0,dissipation
"('ecoinvent-3.4-biosphere', 'd93300fd-ea6a-5e77-848c-520e1b144069')",Phosphorus pentachloride,"('water',)",kilogram,Phosphorus pentachloride,Cl5P,208.2,"[['Cl', 5], ['P', 1]]","{'Cl': 0.8514169068203652, 'P': 0.1487704130643612}",1.0,dissipation
"('ecoinvent-3.4-biosphere', '1dcf6b74-c474-420b-81ca-0b8d3d4f28d7')",Hydrogen peroxide,"('air',)",kilogram,Hydrogen peroxide,H2O2,34.015,"[['H', 2], ['O', 2]]","{'H': 0.059267970013229455, 'O': 0.9407026311921212}",1.0,dissipation
"('ecoinvent-3.4-biosphere', '5b8f9dca-cb63-4332-8fd9-92a10aed2232')",Hydrogen,"('air', 'lower stratosphere + upper troposphere')",kilogram,Hydrogen,H2,2.016,"[['H', 2]]",{'H': 1.0},1.0,dissipation
"('ecoinvent-3.4-biosphere', 'ecc90a90-aec5-4ffc-88ba-e29a3e9884ac')",Diethylene glycol,"('water',)",kilogram,Diethylene glycol,C4H10O3,106.12,"[['C', 4], ['H', 10], ['O', 3]]","{'C': 0.4527327553712778, 'H': 0.09498680738786279, 'O': 0.4522898605352431}",1.0,dissipation
"('ecoinvent-3.4-biosphere', 'fa89c354-2263-4ed2-ac56-99946be5c665')",Beryllium,"('water', 'ground-')",kilogram,Beryllium,Be,9.012183,"[['Be', 1]]",{'Be': 1.0},1.0,dissipation
"('ecoinvent-3.4-biosphere', '2cb2333c-1599-46cf-8435-3dffce627524')","Carbon monoxide, non-fossil","('air',)",kilogram,Carbon monoxide,CO,28.01,"[['C', 1], ['O', 1]]","{'C': 0.42881113887897176, 'O': 0.5711888611210282}",1.0,dissipation
"('ecoinvent-3.4-biosphere', '5fa36ce3-aed0-443b-a09d-4cdf25b41995')",Molybdenum,"('air', 'non-urban air or from high stacks')",kilogram,Molybdenum,Mo,95.95,"[['Mo', 1]]",{'Mo': 1.0},1.0,dissipation
"('ecoinvent-3.4-biosphere', 'e2d860e3-1038-4386-a5f1-25ad75d18bbd')",2-Methyl-1-propanol,"('air', 'urban air close to ground')",kilogram,2-Methyl-1-propanol,C4H10O,74.12,"[['C', 4], ['H', 10], ['O', 1]]","{'C': 0.6481921208850512, 'H': 0.13599568267674042, 'O': 0.21585267134376687}",1.0,dissipation
"('ecoinvent-3.4-biosphere', '8f62b772-7c20-4b8f-9bf8-5c02509a45a2')",Hexane,"('water', 'ocean')",kilogram,Hexane,C6H14,86.18,"[['C', 6], ['H', 14]]","{'C': 0.8362265026688327, 'H': 0.16375029009050823}",1.0,dissipation
"('ecoinvent-3.4-biosphere', '994129c0-37ba-464f-a222-a8231715dae2')",Nitrogen,"('soil', 'forestry')",kilogram,Nitrogen,N2,28.014,"[['N', 2]]",{'N': 1.0},1.0,dissipation
"('ecoinvent-3.4-biosphere', '904cd2c2-71ba-4fe5-b073-24a42301c94c')",Cyanide,"('water', 'ground-')",kilogram,Cyanide,CN-,26.017,"[['C', 1], ['N', 1]]","{'C': 0.4616596840527347, 'N': 0.5383787523542299}",1.0,dissipation
"('ecoinvent-3.4-biosphere', 'ec2c6f72-1ca3-428b-90e5-e9feb4b58381')",Chloroform,"('water', 'surface water')",kilogram,Chloroform,CHCl3,119.37,"[['C', 1], ['H', 1], ['Cl', 3]]","{'C': 0.1006199212532462, 'H': 0.008444332746921336, 'Cl': 0.891002764513697}",1.0,dissipation
"('ecoinvent-3.4-biosphere', 'cf719b78-9834-4649-a1dd-8554c366c83f')","Methane, bromotrifluoro-, Halon 1301","('air', 'lower stratosphere + upper troposphere')",kilogram,Methane,CH4,16.043,"[['C', 1], ['H', 4]]","{'C': 0.7486754347690582, 'H': 0.2513245652309419}",1.0,dissipation
"('ecoinvent-3.4-biosphere', '8c193650-c4ae-4e9a-b25b-eaa7b2b9ea2d')","Ethane, 1,1-dichloro-1-fluoro-, HCFC-141b","('air', 'lower stratosphere + upper troposphere')",kilogram,Ethane,C2H6,30.07,"[['C', 2], ['H', 6]]","{'C': 0.7988693049551047, 'H': 0.20113069504489525}",1.0,dissipation
"('ecoinvent-3.4-biosphere', '6910bf7d-d956-41bf-bb93-db5d565f0ef0')",Potassium,"('air', 'lower stratosphere + upper troposphere')",kilogram,Potassium,K,39.0983,"[['K', 1]]",{'K': 1.0},1.0,dissipation
"('ecoinvent-3.4-biosphere', 'f2f1a5eb-de1e-42fe-ad80-60a255185ba9')",Thallium,"('air', 'low population density, long-term')",kilogram,Thallium,Tl,204.383,"[['Tl', 1]]",{'Tl': 1.0},1.0,dissipation
"('ecoinvent-3.4-biosphere', '0f02d06c-c44d-4681-a677-eff6aa3cd7e0')",Diclofop-methyl,"('soil', 'agricultural')",kilogram,Diclofop-methyl,C16H14Cl2O4,341.2,"[['C', 16], ['H', 14], ['Cl', 2], ['O', 4]]","{'C': 0.5632356389214537, 'H': 0.0413599062133646, 'Cl': 0.20781359906213367, 'O': 0.1875615474794842}",1.0,dissipation
"('ecoinvent-3.4-biosphere', '53b9f77b-7336-5c15-9e01-62a25d3e3d75')",Phosgene,"('air',)",kilogram,Phosgene,CCl2O,98.91,"[['C', 1], ['Cl', 2], ['O', 1]]","{'C': 0.12143362652916792, 'Cl': 0.7168739257911233, 'O': 0.16175310888686686}",1.0,dissipation
"('ecoinvent-3.4-biosphere', 'e64254e3-07d3-4330-b6de-6a858f108124')",Ethyne,"('air', 'non-urban air or from high stacks')",kilogram,Ethyne,C2H2,26.04,"[['C', 2], ['H', 2]]","{'C': 0.9225038402457757, 'H': 0.07741935483870968}",1.0,dissipation
"('ecoinvent-3.4-biosphere', 'eba895b4-a7a4-4b63-bd95-0239b3db7730')",Butyl acetate,"('water', 'ocean')",kilogram,Butyl acetate,C6H12O2,116.16,"[['C', 6], ['H', 12], ['O', 2]]","{'C': 0.6204028925619836, 'H': 0.10413223140495868, 'O': 0.27546487603305786}",1.0,dissipation
"('ecoinvent-3.4-biosphere', '77152ee4-bf01-4720-a95f-19bde9bdcda8')",Imazaquin,"('soil', 'agricultural')",kilogram,Imazaquin,C17H17N3O3,311.33,"[['C', 17], ['H', 17], ['N', 3], ['O', 3]]","{'C': 0.6558539170654932, 'H': 0.055041274531847234, 'N': 0.13497253717919894, 'O': 0.1541676035075322}",1.0,dissipation
"('ecoinvent-3.4-biosphere', '79e99a7d-9cda-407e-9503-da5419f604b4')","Acetic acid, trifluoro-","('air', 'low population density, long-term')",kilogram,Acetic acid,C2H4O2,60.05,"[['C', 2], ['H', 4], ['O', 2]]","{'C': 0.40003330557868444, 'H': 0.06714404662781016, 'O': 0.5328559533721899}",1.0,dissipation
"('ecoinvent-3.4-biosphere', 'cc91124e-c4b4-4e39-95b1-1c27b35cbe66')",Amitraz,"('soil', 'agricultural')",kilogram,Amitraz,C19H23N3,293.4,"[['C', 19], ['H', 23], ['N', 3]]","{'C': 0.7778084526244036, 'H': 0.07901840490797547, 'N': 0.14322085889570554}",1.0,dissipation
"('ecoinvent-3.4-biosphere', '9d32dff3-1e0e-44e1-8dab-2534399d5353')",DSMA,"('soil', 'agricultural')",kilogram,DSMA,CH3AsNa2O3,183.934,"[['C', 1], ['H', 3], ['As', 1], ['Na', 2], ['O', 3]]","{'C': 0.06530059695325496, 'H': 0.016440679809061946, 'As': 0.40733089042808834, 'Na': 0.24998097143540615, 'O': 0.26094686137418854}",1.0,dissipation
"('ecoinvent-3.4-biosphere', 'a850e6de-a007-432f-be7f-ce6e2cf1f2ae')",Mercury,"('air', 'urban air close to ground')",kilogram,Mercury,Hg,200.59,"[['Hg', 1]]",{'Hg': 1.0},1.0,dissipation
"('ecoinvent-3.4-biosphere', '1ccc25c5-f5c0-4deb-b34a-965ccbaa4caa')",Acrolein,"('air', 'lower stratosphere + upper troposphere')",kilogram,Acrolein,C3H4O,56.06,"[['C', 3], ['H', 4], ['O', 1]]","{'C': 0.6427577595433465, 'H': 0.0719229397074563, 'O': 0.28539065287192295}",1.0,dissipation
"('ecoinvent-3.4-biosphere', 'f0e28a62-ddf9-4c93-af81-676a58c3f2d4')",Cobalt,"('air',)",kilogram,Cobalt,Co,58.93319,"[['Co', 1]]",{'Co': 1.0},1.0,dissipation
"('ecoinvent-3.4-biosphere', '890c2697-3463-4466-bebb-aecc1e1e730b')",Strontium,"('air', 'non-urban air or from high stacks')",kilogram,Strontium,Sr,87.62,"[['Sr', 1]]",{'Sr': 1.0},1.0,dissipation
"('ecoinvent-3.4-biosphere', 'b15d845f-810e-4614-8633-af8bab2014ee')",Titanium,"('air',)",kilogram,Titanium,Ti,47.867,"[['Ti', 1]]",{'Ti': 1.0},1.0,dissipation
"('ecoinvent-3.4-biosphere', '4d6a46d2-a935-4bdc-93ff-bc49d3ae10d5')",Propanal,"('water', 'ocean')",kilogram,Propanal,C3H6O,58.08,"[['C', 3], ['H', 6], ['O', 1]]","{'C': 0.6204028925619836, 'H': 0.10413223140495868, 'O': 0.27546487603305786}",1.0,dissipation
"('ecoinvent-3.4-biosphere', '17ae628d-e769-4aa3-a20e-9f9bad222bf2')",Butyrolactone,"('air',)",kilogram,Butyrolactone,C4H6O2,86.09,"[['C', 4], ['H', 6], ['O', 2]]","{'C': 0.558067139040539, 'H': 0.0702520617957951, 'O': 0.3716807991636659}",1.0,dissipation
"('ecoinvent-3.4-biosphere', '73eed463-4986-4d81-8bae-60dae5be49d0')","DOC, Dissolved Organic Carbon","('water', 'ground-')",kilogram,DOC,C21H30O3,330.5,"[['C', 21], ['H', 30], ['O', 3]]","{'C': 0.7631800302571861, 'H': 0.09149773071104388, 'O': 0.14522541603630862}",1.0,dissipation
"('ecoinvent-3.4-biosphere', '013a65bf-5b9e-4621-bd60-14909fd4cbc6')",Hydroxide,"('water', 'ground-')",kilogram,Hydroxide,HO-,17.007,"[['H', 1], ['O', 1]]","{'H': 0.05926971247133533, 'O': 0.9407302875286646}",1.0,dissipation
"('ecoinvent-3.4-biosphere', 'a0950325-06dc-5ca0-84b6-983c9e6ccf74')",Trichloroethylene,"('air',)",kilogram,Trichloroethylene,C2HCl3,131.38,"[['C', 2], ['H', 1], ['Cl', 3]]","{'C': 0.18284365961333535, 'H': 0.007672400669812758, 'Cl': 0.809552443294261}",1.0,dissipation
"('ecoinvent-3.4-biosphere', '835d0907-a668-4d92-b6b6-7b56fa343713')",Manganese,"('water', 'ground-, long-term')",kilogram,Manganese,Mn,54.93804,"[['Mn', 1]]",{'Mn': 1.0},1.0,dissipation
"('ecoinvent-3.4-biosphere', 'd1812c3b-7f5e-4ce3-80b2-e599642168cf')",Fluquinconazole,"('soil', 'agricultural')",kilogram,Fluquinconazole,C16H8Cl2FN5O,376.2,"[['C', 16], ['H', 8], ['Cl', 2], ['F', 1], ['N', 5], ['O', 1]]","{'C': 0.5108346624136098, 'H': 0.021435406698564596, 'Cl': 0.18847953216374272, 'F': 0.05049973418394472, 'N': 0.18616427432216906, 'O': 0.04252791068580543}",1.0,dissipation
"('ecoinvent-3.4-biosphere', 'edd62398-8916-4183-9615-65afce26518a')",t-Butyl methyl ether,"('air', 'non-urban air or from high stacks')",kilogram,t-Butyl methyl ether,C5H12O,88.15,"[['C', 5], ['H', 12], ['O', 1]]","{'C': 0.6812819058423141, 'H': 0.13722064662507089, 'O': 0.18149744753261485}",1.0,dissipation
"('ecoinvent-3.4-biosphere', '73a1b292-e31d-4100-a413-304795a3656f')",Sodium,"('water', 'ground-')",kilogram,Sodium,Na,22.9897693,"[['Na', 1]]",{'Na': 1.0},1.0,dissipation
"('ecoinvent-3.4-biosphere', '5ffb3576-740f-41ba-814f-8538d83a4b3b')",Barium,"('air', 'urban air close to ground')",kilogram,Barium,Ba,137.33,"[['Ba', 1]]",{'Ba': 1.0},1.0,dissipation
"('ecoinvent-3.4-biosphere', '3d719c07-ec27-4971-b7cc-4bcf17d77dd3')",Sodium,"('air', 'non-urban air or from high stacks')",kilogram,Sodium,Na,22.9897693,"[['Na', 1]]",{'Na': 1.0},1.0,dissipation
"('ecoinvent-3.4-biosphere', 'd08cd491-53a2-4b2c-a385-08c76cf09e6b')",Chloroform,"('water', 'ocean')",kilogram,Chloroform,CHCl3,119.37,"[['C', 1], ['H', 1], ['Cl', 3]]","{'C': 0.1006199212532462, 'H': 0.008444332746921336, 'Cl': 0.891002764513697}",1.0,dissipation
"('ecoinvent-3.4-biosphere', '19696f8c-c5e9-4444-a0e8-3e8782748237')",Sodium formate,"('air',)",kilogram,Sodium formate,CHNaO2,68.007,"[['C', 1], ['H', 1], ['Na', 1], ['O', 2]]","{'C': 0.17661417207052213, 'H': 0.014822003617274692, 'Na': 0.3380534356757392, 'O': 0.4705103886364639}",1.0,dissipation
"('ecoinvent-3.4-biosphere', '250dd08a-ee61-4a2b-86f8-b21e9ebe6ed9')","Ethane, 1,2-dichloro-","('water', 'surface water')",kilogram,Ethane,C2H6,30.07,"[['C', 2], ['H', 6]]","{'C': 0.7988693049551047, 'H': 0.20113069504489525}",1.0,dissipation
"('ecoinvent-3.4-biosphere', '4c94ff32-5e02-45c1-8bb0-bfd82bfa078f')","Benzene, ethyl-","('water', 'ground-, long-term')",kilogram,Benzene,C6H6,78.11,"[['C', 6], ['H', 6]]","{'C': 0.9226219434131354, 'H': 0.07742926641915247}",1.0,dissipation
"('ecoinvent-3.4-biosphere', 'ba3120e9-7412-4517-812c-752edeac5472')","Ethane, 1,2-dichloro-","('air', 'low population density, long-term')",kilogram,Ethane,C2H6,30.07,"[['C', 2], ['H', 6]]","{'C': 0.7988693049551047, 'H': 0.20113069504489525}",1.0,dissipation
"('ecoinvent-3.4-biosphere', 'fc59a5a4-2297-4457-a9e0-482ba0eed18a')",Formate,"('water', 'ground-, long-term')",kilogram,Formate,CHO2-,45.017,"[['C', 1], ['H', 1], ['O', 2]]","{'C': 0.2668103161028056, 'H': 0.022391540973410045, 'O': 0.7107981429237843}",1.0,dissipation
"('ecoinvent-3.4-biosphere', '0098b967-2131-43d2-b684-254583fbadc7')",Chlorosulfonic acid,"('water', 'surface water')",kilogram,Chlorosulfonic acid,ClHO3S,116.53,"[['Cl', 1], ['H', 1], ['O', 3], ['S', 1]]","{'Cl': 0.30423925169484256, 'H': 0.008650133012958037, 'O': 0.41188535141165367, 'S': 0.2751651935124002}",1.0,dissipation
"('ecoinvent-3.4-biosphere', '697e8ecf-bdbe-4857-92c9-e01960c91db7')",Molybdenum,"('air', 'lower stratosphere + upper troposphere')",kilogram,Molybdenum,Mo,95.95,"[['Mo', 1]]",{'Mo': 1.0},1.0,dissipation
"('ecoinvent-3.4-biosphere', '08c96ec9-3284-4871-8d79-7a43a164e96a')",Fluosilicic acid,"('air', 'low population density, long-term')",kilogram,Fluosilicic acid,F6H2Si,144.091,"[['F', 6], ['H', 2], ['Si', 1]]","{'F': 0.7910834125656703, 'H': 0.013991158365199768, 'Si': 0.194918489010417}",1.0,dissipation
"('ecoinvent-3.4-biosphere', 'b328d33e-9a9f-407d-a767-5c64ccdc163f')","Methane, dichloro-, HCC-30","('air', 'lower stratosphere + upper troposphere')",kilogram,Methane,CH4,16.043,"[['C', 1], ['H', 4]]","{'C': 0.7486754347690582, 'H': 0.2513245652309419}",1.0,dissipation
"('ecoinvent-3.4-biosphere', '02a7b111-6538-4496-a7cc-e03ea5b649bf')",Boric acid,"('air', 'low population density, long-term')",kilogram,Boric acid,BH3O3,61.84,"[['B', 1], ['H', 3], ['O', 3]]","{'B': 0.1748059508408797, 'H': 0.04890038809831824, 'O': 0.7761481241914618}",1.0,dissipation
"('ecoinvent-3.4-biosphere', 'e2ce19fb-c975-4002-ac3d-719f10990871')",Isopropylamine,"('air', 'lower stratosphere + upper troposphere')",kilogram,Isopropylamine,C3H9N,59.11,"[['C', 3], ['H', 9], ['N', 1]]","{'C': 0.6095922855692777, 'H': 0.15347656910844187, 'N': 0.23696498054474707}",1.0,dissipation
"('ecoinvent-3.4-biosphere', '130cedc6-f6ed-4f1b-bd1e-881177f79e74')","Ammonium, ion","('water', 'ground-, long-term')",kilogram,Ammonium,H4N+,18.039,"[['H', 4], ['N', 1]]","{'H': 0.22351571594877764, 'N': 0.7764842840512223}",1.0,dissipation
"('ecoinvent-3.4-biosphere', '064ac501-cea3-42fc-918c-6b17c113a764')",Chlorate,"('water', 'ocean')",kilogram,Chlorate,ClO3-,83.45,"[['Cl', 1], ['O', 3]]","{'Cl': 0.42484122228879573, 'O': 0.5751587777112043}",1.0,dissipation
"('ecoinvent-3.4-biosphere', 'bc878fc6-d8a0-462f-91e1-11fb93b7928d')",Dicamba,"('air', 'non-urban air or from high stacks')",kilogram,Dicamba,C8H6Cl2O3,221.03,"[['C', 8], ['H', 6], ['Cl', 2], ['O', 3]]","{'C': 0.43472831742297424, 'H': 0.02736280142967018, 'Cl': 0.3207980817083654, 'O': 0.21715151789349862}",1.0,dissipation
"('ecoinvent-3.4-biosphere', '2b3cf153-0dd6-4b79-b0d4-b4df832f3a7e')",Chlorpyrifos methyl,"('soil', 'agricultural')",kilogram,Chlorpyrifos methyl,C7H7Cl3NO3PS,322.5,"[['C', 7], ['H', 7], ['Cl', 3], ['N', 1], ['O', 3], ['P', 1], ['S', 1]]","{'C': 0.26070387596899225, 'H': 0.02187906976744186, 'Cl': 0.32979534883720935, 'N': 0.04343255813953488, 'O': 0.1488279069767442, 'P': 0.09604341085271317, 'S': 0.09942635658914728}",1.0,dissipation
"('ecoinvent-3.4-biosphere', '9495989d-ca0f-4c30-a301-9aa8ae006676')",Anthranilic acid,"('air',)",kilogram,Anthranilic acid,C7H7NO2,137.14,"[['C', 7], ['H', 7], ['N', 1], ['O', 2]]","{'C': 0.6130742307131399, 'H': 0.051451071897331196, 'N': 0.10213650284380925, 'O': 0.23332361090856063}",1.0,dissipation
"('ecoinvent-3.4-biosphere', '08151735-9d1b-4b1c-a8b1-f341ade54f2f')","Calcium, ion","('water',)",kilogram,Calcium,Ca,40.08,"[['Ca', 1]]",{'Ca': 1.0},1.0,dissipation
"('ecoinvent-3.4-biosphere', '0e8f17d0-3e52-4f6f-bef9-60f6007a7aab')",Acetone,"('water', 'surface water')",kilogram,Acetone,C3H6O,58.08,"[['C', 3], ['H', 6], ['O', 1]]","{'C': 0.6204028925619836, 'H': 0.10413223140495868, 'O': 0.27546487603305786}",1.0,dissipation
"('ecoinvent-3.4-biosphere', '1e904267-caa3-40e6-a3a0-fc104489770b')",Cobalt,"('water', 'ground-, long-term')",kilogram,Cobalt,Co,58.93319,"[['Co', 1]]",{'Co': 1.0},1.0,dissipation
"('ecoinvent-3.4-biosphere', '009a49e8-09a7-4432-9cb9-f2dd18e8f922')",Manganese,"('soil', 'forestry')",kilogram,Manganese,Mn,54.93804,"[['Mn', 1]]",{'Mn': 1.0},1.0,dissipation
"('ecoinvent-3.4-biosphere', '42d936bf-348c-47f9-8812-fdea739d9060')",Benzal chloride,"('air', 'low population density, long-term')",kilogram,Benzal chloride,C7H6Cl2,161.03,"[['C', 7], ['H', 6], ['Cl', 2]]","{'C': 0.5221201018443768, 'H': 0.03755821896541017, 'Cl': 0.4403278892131901}",1.0,dissipation
"('ecoinvent-3.4-biosphere', 'ae2c3adf-7f7d-4973-a8e8-3fe1300f8183')",Strontium,"('air', 'low population density, long-term')",kilogram,Strontium,Sr,87.62,"[['Sr', 1]]",{'Sr': 1.0},1.0,dissipation
"('ecoinvent-3.4-biosphere', '3e07d825-a98e-4cdc-afa3-610fa7739261')",2-Aminopropanol,"('air',)",kilogram,2-Aminopropanol,C3H9NO,75.11,"[['C', 3], ['H', 9], ['N', 1], ['O', 1]]","{'C': 0.4797363866329384, 'H': 0.12078285181733457, 'N': 0.1864864864864865, 'O': 0.21300758886965784}",1.0,dissipation
"('ecoinvent-3.4-biosphere', '8b36dc51-b9d4-4141-96d9-9183f6198a20')",Butene,"('water', 'ground-')",kilogram,Butene,C4H8,56.11,"[['C', 4], ['H', 8]]","{'C': 0.8562466583496703, 'H': 0.14371769738014614}",1.0,dissipation
"('ecoinvent-3.4-biosphere', '5da998ca-223d-47bb-a516-2ee8c9bf6f2c')",Permethrin,"('soil', 'agricultural')",kilogram,Permethrin,C21H20Cl2O3,391.3,"[['C', 21], ['H', 20], ['Cl', 2], ['O', 3]]","{'C': 0.644597495527728, 'H': 0.051520572450805005, 'Cl': 0.18120623562484028, 'O': 0.12266036289292102}",1.0,dissipation
"('ecoinvent-3.4-biosphere', '2f34359c-ba87-42d9-8be4-4f38b6d5af37')",Chlorate,"('water', 'ground-, long-term')",kilogram,Chlorate,ClO3-,83.45,"[['Cl', 1], ['O', 3]]","{'Cl': 0.42484122228879573, 'O': 0.5751587777112043}",1.0,dissipation
"('ecoinvent-3.4-biosphere', '4a1542d8-5f0e-488e-90d1-658d40c41695')","Phthalate, dimethyl-","('water', 'surface water')",kilogram,Phthalate,C8H4O4-2,164.11,"[['C', 8], ['H', 4], ['O', 4]]","{'C': 0.5855097190908536, 'H': 0.024568886722320393, 'O': 0.3899579550301627}",1.0,dissipation
"('ecoinvent-3.4-biosphere', 'bf633941-aa40-4c37-b361-b5cbfb1089f5')",Isoprene,"('air', 'non-urban air or from high stacks')",kilogram,Isoprene,C5H8,68.12,"[['C', 5], ['H', 8]]","{'C': 0.8816059894304168, 'H': 0.11837933059307104}",1.0,dissipation
"('ecoinvent-3.4-biosphere', '24d49070-45df-4627-84fa-2d8adeca255b')",Phorate,"('soil', 'agricultural')",kilogram,Phorate,C7H17O2PS3,260.4,"[['C', 7], ['H', 17], ['O', 2], ['P', 1], ['S', 3]]","{'C': 0.3228763440860215, 'H': 0.06580645161290323, 'O': 0.12288018433179725, 'P': 0.11894777265745009, 'S': 0.3694124423963134}",1.0,dissipation
"('ecoinvent-3.4-biosphere', '88be8e1b-1bdc-46e1-9856-187a95b3d872')",2-Methyl-1-propanol,"('air', 'low population density, long-term')",kilogram,2-Methyl-1-propanol,C4H10O,74.12,"[['C', 4], ['H', 10], ['O', 1]]","{'C': 0.6481921208850512, 'H': 0.13599568267674042, 'O': 0.21585267134376687}",1.0,dissipation
"('ecoinvent-3.4-biosphere', '10507b66-45a2-4f20-ae9c-609e8b4d07c8')",Imidacloprid,"('soil', 'agricultural')",kilogram,Imidacloprid,C9H10ClN5O2,255.66,"[['C', 9], ['H', 10], ['Cl', 1], ['N', 5], ['O', 2]]","{'C': 0.4228232809199718, 'H': 0.03942736446843464, 'Cl': 0.13867245560510053, 'N': 0.27393804271297817, 'O': 0.12515841351795354}",1.0,dissipation
"('ecoinvent-3.4-biosphere', 'dbe2c062-5692-4282-aa6c-e75f4d718077')",Fluorene,"('air',)",kilogram,Fluorene,C13H10,166.22,"[['C', 13], ['H', 10]]","{'C': 0.9393755264107809, 'H': 0.06064252195884972}",1.0,dissipation
"('ecoinvent-3.4-biosphere', '47c12d99-c2dc-41cf-bad1-cd31c2fe0421')","Ethane, 1,1,2-trichloro-1,2,2-trifluoro-, CFC-113","('air', 'non-urban air or from high stacks')",kilogram,Ethane,C2H6,30.07,"[['C', 2], ['H', 6]]","{'C': 0.7988693049551047, 'H': 0.20113069504489525}",1.0,dissipation
"('ecoinvent-3.4-biosphere', '23a9f33d-dbab-4fcc-8f49-1df731b0b827')","Methane, chlorotrifluoro-, CFC-13","('air', 'non-urban air or from high stacks')",kilogram,Methane,CH4,16.043,"[['C', 1], ['H', 4]]","{'C': 0.7486754347690582, 'H': 0.2513245652309419}",1.0,dissipation
"('ecoinvent-3.4-biosphere', '327212ad-eac9-49f2-afc3-26520e60c951')",Chloroacetic acid,"('water', 'ground-')",kilogram,Chloroacetic acid,C2H3ClO2,94.5,"[['C', 2], ['H', 3], ['Cl', 1], ['O', 2]]","{'C': 0.2542010582010582, 'H': 0.032, 'Cl': 0.3751640211640212, 'O': 0.33860317460317463}",1.0,dissipation
"('ecoinvent-3.4-biosphere', '411d78df-01f8-4a5f-8d13-92670620b934')",Calcium hydroxide,"('air', 'lower stratosphere + upper troposphere')",kilogram,Calcium hydroxide,CaH2O2,74.09,"[['Ca', 1], ['H', 2], ['O', 2]]","{'Ca': 0.5409366986097989, 'H': 0.027210149817789173, 'O': 0.43188014576865974}",1.0,dissipation
"('ecoinvent-3.4-biosphere', 'c0969c6f-87db-4d7f-b0dd-02cc23566325')",Dimethyl ether,"('water', 'ground-')",kilogram,Dimethyl ether,C2H6O,46.07,"[['C', 2], ['H', 6], ['O', 1]]","{'C': 0.5214239201215541, 'H': 0.1312784892554808, 'O': 0.3472758845235511}",1.0,dissipation
"('ecoinvent-3.4-biosphere', 'a5634f8a-d2f3-4e9a-8ee5-6f11234b9b1e')","Benzene, ethyl-","('water', 'ocean')",kilogram,Benzene,C6H6,78.11,"[['C', 6], ['H', 6]]","{'C': 0.9226219434131354, 'H': 0.07742926641915247}",1.0,dissipation
"('ecoinvent-3.4-biosphere', '39153cb9-a8fe-4fc8-beef-1bf1edceb8e7')",Phenol,"('water',)",kilogram,Phenol,C6H6O,94.11,"[['C', 6], ['H', 6], ['O', 1]]","{'C': 0.765763468281798, 'H': 0.06426522154925088, 'O': 0.17000318775900541}",1.0,dissipation
"('ecoinvent-3.4-biosphere', '481c0dd4-3ab2-47b5-94c4-b990e8a9dde5')",Vanadium,"('air', 'non-urban air or from high stacks')",kilogram,Vanadium,V,50.9415,"[['V', 1]]",{'V': 1.0},1.0,dissipation
"('ecoinvent-3.4-biosphere', 'bd7b7cdb-34ff-422c-b994-6f0fe77a901f')","Chlorides, unspecified","('water',)",kilogram,Chlorides,Cl-,35.45,"[['Cl', 1]]",{'Cl': 1.0},1.0,dissipation
"('ecoinvent-3.4-biosphere', '35ef9eb3-94a1-461d-bba6-db939f22e0be')",Bromoxynil,"('water', 'surface water')",kilogram,Bromoxynil,C7H3Br2NO,276.91,"[['C', 7], ['H', 3], ['Br', 2], ['N', 1], ['O', 1]]","{'C': 0.3036257267704308, 'H': 0.010920515691018741, 'Br': 0.5771116969412444, 'N': 0.050583221985482645, 'O': 0.05777689502004261}",1.0,dissipation
"('ecoinvent-3.4-biosphere', '78eb1859-abd9-44c6-9ce3-f3b5b33d619c')","Carbon dioxide, from soil or biomass stock","('air', 'non-urban air or from high stacks')",kilogram,Carbon dioxide,CO2,44.009,"[['C', 1], ['O', 2]]","{'C': 0.27292144788565975, 'O': 0.7270785521143402}",1.0,dissipation
"('ecoinvent-3.4-biosphere', 'b1c36287-329c-49f0-93c2-68246d34007c')","Benzene, dichloro","('air',)",kilogram,Benzene,C6H6,78.11,"[['C', 6], ['H', 6]]","{'C': 0.9226219434131354, 'H': 0.07742926641915247}",1.0,dissipation
"('ecoinvent-3.4-biosphere', 'fa9b9736-6de8-4bd6-ba22-1bd78c798373')",Chloroform,"('air', 'non-urban air or from high stacks')",kilogram,Chloroform,CHCl3,119.37,"[['C', 1], ['H', 1], ['Cl', 3]]","{'C': 0.1006199212532462, 'H': 0.008444332746921336, 'Cl': 0.891002764513697}",1.0,dissipation
"('ecoinvent-3.4-biosphere', 'c4503380-1045-4670-a7da-fe5dcce56699')",Propylene oxide,"('air',)",kilogram,Propylene oxide,C3H6O,58.08,"[['C', 3], ['H', 6], ['O', 1]]","{'C': 0.6204028925619836, 'H': 0.10413223140495868, 'O': 0.27546487603305786}",1.0,dissipation
"('ecoinvent-3.4-biosphere', '60ea7a31-8f27-46af-bfe5-66417f00088b')",Barite,"('water', 'ocean')",kilogram,Barite,BaO4S,233.39,"[['Ba', 1], ['O', 4], ['S', 1]]","{'Ba': 0.588401388234286, 'O': 0.2742019795192596, 'S': 0.13738806289901023}",1.0,dissipation
"('ecoinvent-3.4-biosphere', '0ebdb68a-f50d-4b0c-ad4b-3a1104d8b454')",Methanol,"('air',)",kilogram,Methanol,CH4O,32.042,"[['C', 1], ['H', 4], ['O', 1]]","{'C': 0.3748517570688471, 'H': 0.12583484177017665, 'O': 0.4993134011609762}",1.0,dissipation
"('ecoinvent-3.4-biosphere', 'ea70cc93-c68c-4228-8b8e-1b189b4c705c')",Chloride,"('water', 'ground-, long-term')",kilogram,Chloride,Cl-,35.45,"[['Cl', 1]]",{'Cl': 1.0},1.0,dissipation
"('ecoinvent-3.4-biosphere', '251b1db4-29e6-4312-bc30-ef7ae34aaaa3')",Diborane,"('water', 'ground-')",kilogram,Diborane,B2H6,27.67,"[['B', 2], ['H', 6]]","{'B': 0.7813516443801951, 'H': 0.21857607517166605}",1.0,dissipation
"('ecoinvent-3.4-biosphere', 'd07867e3-66a8-4454-babd-78dc7f9a21f8')",Carfentrazone ethyl ester,"('soil', 'agricultural')",kilogram,Carfentrazone ethyl ester,C15H14Cl2F3N3O3,412.2,"[['C', 15], ['H', 14], ['Cl', 2], ['F', 3], ['N', 3], ['O', 3]]","{'C': 0.43708151382823873, 'H': 0.03423580786026201, 'Cl': 0.17201843765162544, 'F': 0.13826783114992722, 'N': 0.10194323144104804, 'O': 0.1164410480349345}",1.0,dissipation
"('ecoinvent-3.4-biosphere', 'fe65f7e4-ee5b-4a6f-9d60-6c2f829dca3f')",Benzaldehyde,"('air', 'urban air close to ground')",kilogram,Benzaldehyde,C7H6O,106.12,"[['C', 7], ['H', 6], ['O', 1]]","{'C': 0.7922823218997361, 'H': 0.05699208443271767, 'O': 0.15076328684508103}",1.0,dissipation
"('ecoinvent-3.4-biosphere', '5df5cb9f-812c-4ce8-ab1c-df6ab4d31900')",Antimony,"('water', 'ground-')",kilogram,Antimony,Sb,121.76,"[['Sb', 1]]",{'Sb': 1.0},1.0,dissipation
"('ecoinvent-3.4-biosphere', '928f64ab-0d84-4923-802f-1fa42ea251f2')",Folpet,"('soil', 'agricultural')",kilogram,Folpet,C9H4Cl3NO2S,296.6,"[['C', 9], ['H', 4], ['Cl', 3], ['N', 1], ['O', 2], ['S', 1]]","{'C': 0.36446055293324336, 'H': 0.013594066082265677, 'Cl': 0.3585940660822657, 'N': 0.04722521915037087, 'O': 0.10788267026298044, 'S': 0.10810856372218475}",1.0,dissipation
"('ecoinvent-3.4-biosphere', '67070d27-426e-43e9-98e8-309952f78140')",o-Dichlorobenzene,"('water',)",kilogram,o-Dichlorobenzene,C6H4Cl2,147.0,"[['C', 6], ['H', 4], ['Cl', 2]]","{'C': 0.4902448979591837, 'H': 0.027428571428571427, 'Cl': 0.48235374149659865}",1.0,dissipation
"('ecoinvent-3.4-biosphere', '36270548-9316-424b-9aeb-e0de134b0be1')",Ethene,"('air', 'urban air close to ground')",kilogram,Ethene,C2H4,28.05,"[['C', 2], ['H', 4]]","{'C': 0.8563992869875222, 'H': 0.14374331550802139}",1.0,dissipation
"('ecoinvent-3.4-biosphere', '3626a6e4-e594-44f2-b2cc-24ac1c9b6f07')",Scandium,"('water', 'ocean')",kilogram,Scandium,Sc,44.95591,"[['Sc', 1]]",{'Sc': 1.0},1.0,dissipation
"('ecoinvent-3.4-biosphere', 'e87f039d-d9ce-4242-ac18-c9284cc80f3d')","Ethane, 1,1,1,2-tetrafluoro-, HFC-134a","('air',)",kilogram,Ethane,C2H6,30.07,"[['C', 2], ['H', 6]]","{'C': 0.7988693049551047, 'H': 0.20113069504489525}",1.0,dissipation
"('ecoinvent-3.4-biosphere', '8d61ea5d-fbc7-48e6-aaf1-c0cefd0d6f79')",Fluosilicic acid,"('water', 'ground-')",kilogram,Fluosilicic acid,F6H2Si,144.091,"[['F', 6], ['H', 2], ['Si', 1]]","{'F': 0.7910834125656703, 'H': 0.013991158365199768, 'Si': 0.194918489010417}",1.0,dissipation
"('ecoinvent-3.4-biosphere', '02eb30a8-ed7c-456b-a1fe-2cdffea4fb8d')",Carbaryl,"('air', 'non-urban air or from high stacks')",kilogram,Carbaryl,C12H11NO2,201.22,"[['C', 12], ['H', 11], ['N', 1], ['O', 2]]","{'C': 0.7162906271742372, 'H': 0.0551038664148693, 'N': 0.06961037670211709, 'O': 0.15901997813338634}",1.0,dissipation
"('ecoinvent-3.4-biosphere', 'c43cede7-18e7-49a4-aaf1-574975584a1b')",2-Aminopropanol,"('air', 'lower stratosphere + upper troposphere')",kilogram,2-Aminopropanol,C3H9NO,75.11,"[['C', 3], ['H', 9], ['N', 1], ['O', 1]]","{'C': 0.4797363866329384, 'H': 0.12078285181733457, 'N': 0.1864864864864865, 'O': 0.21300758886965784}",1.0,dissipation
"('ecoinvent-3.4-biosphere', 'ad0ce2f1-e6ca-4ab4-a9e7-b9c0137a8e00')",Sulfite,"('water', 'surface water')",kilogram,Sulfite,O3S-2,80.07,"[['O', 3], ['S', 1]]","{'O': 0.5994379917572125, 'S': 0.400462095666292}",1.0,dissipation
"('ecoinvent-3.4-biosphere', 'a1201fc1-a799-4832-940b-a0b247f2cf42')",Metribuzin,"('air', 'non-urban air or from high stacks')",kilogram,Metribuzin,C8H14N4OS,214.29,"[['C', 8], ['H', 14], ['N', 4], ['O', 1], ['S', 1]]","{'C': 0.448401698632694, 'H': 0.06585468290634187, 'N': 0.2614587708245835, 'O': 0.0746605067898642, 'S': 0.1496336739931868}",1.0,dissipation
"('ecoinvent-3.4-biosphere', '8bd0fbe9-8a4f-4367-bf7e-5cc52bc80185')",Fluosilicic acid,"('water', 'surface water')",kilogram,Fluosilicic acid,F6H2Si,144.091,"[['F', 6], ['H', 2], ['Si', 1]]","{'F': 0.7910834125656703, 'H': 0.013991158365199768, 'Si': 0.194918489010417}",1.0,dissipation
"('ecoinvent-3.4-biosphere', '697667f9-d58c-4a64-99e3-30d24d7f91a2')",2-Propanol,"('water', 'ground-')",kilogram,2-Propanol,C3H8O,60.1,"[['C', 3], ['H', 8], ['O', 1]]","{'C': 0.5995507487520799, 'H': 0.1341763727121464, 'O': 0.2662063227953411}",1.0,dissipation
"('ecoinvent-3.4-biosphere', '992bd199-894d-4be6-9837-d85e8e5b3f45')",Diethylene glycol,"('water', 'surface water')",kilogram,Diethylene glycol,C4H10O3,106.12,"[['C', 4], ['H', 10], ['O', 3]]","{'C': 0.4527327553712778, 'H': 0.09498680738786279, 'O': 0.4522898605352431}",1.0,dissipation
"('ecoinvent-3.4-biosphere', '73ec59d7-a227-407f-963a-fd9c61b4d172')",Ammonium carbonate,"('air', 'lower stratosphere + upper troposphere')",kilogram,Ammonium carbonate,CH8N2O3,96.09,"[['C', 1], ['H', 8], ['N', 2], ['O', 3]]","{'C': 0.1249973982724529, 'H': 0.08392132375897596, 'N': 0.2915391820168592, 'O': 0.49950046831095846}",1.0,dissipation
"('ecoinvent-3.4-biosphere', 'fdb29dc7-261d-4f8f-8e7d-c73899480bf8')",Ethanol,"('water',)",kilogram,Ethanol,C2H6O,46.07,"[['C', 2], ['H', 6], ['O', 1]]","{'C': 0.5214239201215541, 'H': 0.1312784892554808, 'O': 0.3472758845235511}",1.0,dissipation
"('ecoinvent-3.4-biosphere', '97178ead-47ba-406f-bd68-27d5fc6aa6f8')",Hydrogen chloride,"('air', 'low population density, long-term')",kilogram,Hydrogen chloride,ClH,36.46,"[['Cl', 1], ['H', 1]]","{'Cl': 0.9723806911684038, 'H': 0.02764673614920461}",1.0,dissipation
"('ecoinvent-3.4-biosphere', '061c7a46-3728-48fa-8240-7a8841e6ca6f')",Acetic acid,"('water', 'surface water')",kilogram,Acetic acid,C2H4O2,60.05,"[['C', 2], ['H', 4], ['O', 2]]","{'C': 0.40003330557868444, 'H': 0.06714404662781016, 'O': 0.5328559533721899}",1.0,dissipation
"('ecoinvent-3.4-biosphere', '397c6564-d1c4-41f5-a4ff-4832874f397f')",Ethylene diamine,"('air',)",kilogram,Ethylene diamine,C2H8N2,60.1,"[['C', 2], ['H', 8], ['N', 2]]","{'C': 0.3997004991680532, 'H': 0.1341763727121464, 'N': 0.46612312811980033}",1.0,dissipation
"('ecoinvent-3.4-biosphere', 'fa442f6a-4fc6-4c57-942b-c84c6c41c8b4')","Chlorosilane, trimethyl-","('air',)",kilogram,Chlorosilane,ClH3Si,66.56,"[['Cl', 1], ['H', 3], ['Si', 1]]","{'Cl': 0.5326472355769231, 'H': 0.045432692307692306, 'Si': 0.4219651442307692}",1.0,dissipation
"('ecoinvent-3.4-biosphere', '34698efa-71c8-4fec-9a43-6529f45887ac')",Diethylamine,"('air',)",kilogram,Diethylamine,C4H11N,73.14,"[['C', 4], ['H', 11], ['N', 1]]","{'C': 0.6568772217664752, 'H': 0.15159967186218212, 'N': 0.19150943396226414}",1.0,dissipation
"('ecoinvent-3.4-biosphere', 'dd1bbaa1-d1f1-4584-aeb2-6f02bfb04e87')",Cadmium,"('air', 'lower stratosphere + upper troposphere')",kilogram,Cadmium,Cd,112.41,"[['Cd', 1]]",{'Cd': 1.0},1.0,dissipation
"('ecoinvent-3.4-biosphere', '494eb62d-3e16-4a81-b344-6d6dfd9fd4e2')","Methane, bromochlorodifluoro-, Halon 1211","('air', 'non-urban air or from high stacks')",kilogram,Methane,CH4,16.043,"[['C', 1], ['H', 4]]","{'C': 0.7486754347690582, 'H': 0.2513245652309419}",1.0,dissipation
"('ecoinvent-3.4-biosphere', '66eab6b4-6ba0-436f-ad18-331ec0ddca20')",Nitrobenzene,"('water', 'ocean')",kilogram,Nitrobenzene,C6H5NO2,123.11,"[['C', 6], ['H', 5], ['N', 1], ['O', 2]]","{'C': 0.5853789294127204, 'H': 0.04093899764438307, 'N': 0.11377629762001462, 'O': 0.2599138981398749}",1.0,dissipation
"('ecoinvent-3.4-biosphere', '8a785cc5-93c6-47f3-a1ff-b2d37ef5b8a5')",Formic acid,"('water', 'ground-')",kilogram,Formic acid,CH2O2,46.025,"[['C', 1], ['H', 2], ['O', 2]]","{'C': 0.260966865833786, 'H': 0.04380228136882129, 'O': 0.6952308527973927}",1.0,dissipation
"('ecoinvent-3.4-biosphere', '9c2a7dc9-8b1f-46ba-bc16-0d761a4f6016')",Ethene,"('air',)",kilogram,Ethene,C2H4,28.05,"[['C', 2], ['H', 4]]","{'C': 0.8563992869875222, 'H': 0.14374331550802139}",1.0,dissipation
"('ecoinvent-3.4-biosphere', '92fab0ed-7e96-4b70-8e97-e9738f8bcce6')",Rubidium,"('water', 'ground-')",kilogram,Rubidium,Rb,85.468,"[['Rb', 1]]",{'Rb': 1.0},1.0,dissipation
"('ecoinvent-3.4-biosphere', 'a592250d-c73f-4c22-8a20-7f3383f996f0')",Arsine,"('air', 'low population density, long-term')",kilogram,Arsine,AsH3,77.946,"[['As', 1], ['H', 3]]","{'As': 0.9612039103995074, 'H': 0.03879608960049265}",1.0,dissipation
"('ecoinvent-3.4-biosphere', '83142883-f04b-4724-ad8b-9528983c6511')",Isopropylamine,"('water',)",kilogram,Isopropylamine,C3H9N,59.11,"[['C', 3], ['H', 9], ['N', 1]]","{'C': 0.6095922855692777, 'H': 0.15347656910844187, 'N': 0.23696498054474707}",1.0,dissipation
"('ecoinvent-3.4-biosphere', '8ae4d8bb-3e4b-4825-8325-94696d7a64fd')","Carbon dioxide, to soil or biomass stock","('soil', 'forestry')",kilogram,Carbon dioxide,CO2,44.009,"[['C', 1], ['O', 2]]","{'C': 0.27292144788565975, 'O': 0.7270785521143402}",1.0,dissipation
"('ecoinvent-3.4-biosphere', 'dccaaabc-673d-40bb-a030-1fd0543a3a2a')",Boron carbide,"('water', 'ground-')",kilogram,Boron carbide,CB4,55.3,"[['C', 1], ['B', 4]]","{'C': 0.21719710669077757, 'B': 0.7819168173598554}",1.0,dissipation
"('ecoinvent-3.4-biosphere', 'b5d896e4-5035-4cf9-b06a-353a95ca2623')",Zirconium,"('air', 'low population density, long-term')",kilogram,Zirconium,Zr,91.22,"[['Zr', 1]]",{'Zr': 1.0},1.0,dissipation
"('ecoinvent-3.4-biosphere', '1c4a106a-53bc-40f5-bcae-d30ab191dbfe')","Ethane, 1,1-difluoro-, HFC-152a","('air', 'non-urban air or from high stacks')",kilogram,Ethane,C2H6,30.07,"[['C', 2], ['H', 6]]","{'C': 0.7988693049551047, 'H': 0.20113069504489525}",1.0,dissipation
"('ecoinvent-3.4-biosphere', '7427c8ff-5f18-4e0e-9633-64c088b69fd8')",Cymoxanil,"('soil', 'agricultural')",kilogram,Cymoxanil,C7H10N4O3,198.18,"[['C', 7], ['H', 10], ['N', 4], ['O', 3]]","{'C': 0.4242456352810576, 'H': 0.05086285195277021, 'N': 0.28271268543748107, 'O': 0.242188919164396}",1.0,dissipation
"('ecoinvent-3.4-biosphere', '151212b4-079b-43a2-96d5-a6eef59166ac')","Methane, difluoro-, HFC-32","('air',)",kilogram,Methane,CH4,16.043,"[['C', 1], ['H', 4]]","{'C': 0.7486754347690582, 'H': 0.2513245652309419}",1.0,dissipation
"('ecoinvent-3.4-biosphere', 'd6fba50b-3691-4101-9dae-6b7935cd1cd0')",Strontium,"('air', 'lower stratosphere + upper troposphere')",kilogram,Strontium,Sr,87.62,"[['Sr', 1]]",{'Sr': 1.0},1.0,dissipation
"('ecoinvent-3.4-biosphere', '3c8af80d-7ff8-43f4-b1a7-cef73b1b4682')","Methane, dichlorofluoro-, HCFC-21","('air', 'urban air close to ground')",kilogram,Methane,CH4,16.043,"[['C', 1], ['H', 4]]","{'C': 0.7486754347690582, 'H': 0.2513245652309419}",1.0,dissipation
"('ecoinvent-3.4-biosphere', 'ce8a4102-a9fe-4823-a6c0-7cc35b6ce07e')",Phenol,"('air', 'low population density, long-term')",kilogram,Phenol,C6H6O,94.11,"[['C', 6], ['H', 6], ['O', 1]]","{'C': 0.765763468281798, 'H': 0.06426522154925088, 'O': 0.17000318775900541}",1.0,dissipation
"('ecoinvent-3.4-biosphere', '00012c0a-9bff-4787-a7eb-56c3d2f43692')",Metolachlor,"('water', 'ground-')",kilogram,Metolachlor,C15H22ClNO2,283.79,"[['C', 15], ['H', 22], ['Cl', 1], ['N', 1], ['O', 2]]","{'C': 0.6348532365481517, 'H': 0.07814228831177984, 'Cl': 0.1249268825540012, 'N': 0.049356918848444266, 'O': 0.11275238732865851}",1.0,dissipation
"('ecoinvent-3.4-biosphere', 'a7ce2d61-decb-4076-baf1-774c4039b4e3')","Phenol, pentachloro-","('soil',)",kilogram,Phenol,C6H6O,94.11,"[['C', 6], ['H', 6], ['O', 1]]","{'C': 0.765763468281798, 'H': 0.06426522154925088, 'O': 0.17000318775900541}",1.0,dissipation
"('ecoinvent-3.4-biosphere', '2bcad3b3-5305-481c-a166-ad5e6eac2675')",Nickel,"('soil',)",kilogram,Nickel,Ni,58.693,"[['Ni', 1]]",{'Ni': 1.0},1.0,dissipation
"('ecoinvent-3.4-biosphere', 'b2d24aee-5630-424a-be81-5b17b8db395a')",Benzene,"('water', 'ground-, long-term')",kilogram,Benzene,C6H6,78.11,"[['C', 6], ['H', 6]]","{'C': 0.9226219434131354, 'H': 0.07742926641915247}",1.0,dissipation
"('ecoinvent-3.4-biosphere', '2e1ac281-307a-409d-9b75-abd4db38a1e0')","Ethane, 1,2-dichloro-","('water', 'ground-, long-term')",kilogram,Ethane,C2H6,30.07,"[['C', 2], ['H', 6]]","{'C': 0.7988693049551047, 'H': 0.20113069504489525}",1.0,dissipation
"('ecoinvent-3.4-biosphere', 'e9e856c2-868e-435e-8425-8df1c9297cfc')",Lead,"('water', 'ocean')",kilogram,Lead,Pb,207.0,"[['Pb', 1]]",{'Pb': 1.0},1.0,dissipation
"('ecoinvent-3.4-biosphere', 'b9291c72-4b1d-4275-8068-4c707dc3ce33')",Nitrate,"('water', 'ground-')",kilogram,Nitrate,NO3-,62.005,"[['N', 1], ['O', 3]]","{'N': 0.22590113700508022, 'O': 0.7740827352632852}",1.0,dissipation
"('ecoinvent-3.4-biosphere', '27b0b1f4-8cd4-4277-bfdd-1cab2f9c5e1c')",Fenbuconazole,"('soil', 'agricultural')",kilogram,Fenbuconazole,C19H17ClN4,336.8,"[['C', 19], ['H', 17], ['Cl', 1], ['N', 4]]","{'C': 0.6775801662707838, 'H': 0.05087885985748218, 'Cl': 0.1052642517814727, 'N': 0.16635391923990497}",1.0,dissipation
"('ecoinvent-3.4-biosphere', '4d93311d-5fc2-4f86-ab4f-b223ee9350e5')","Methane, tetrachloro-, R-10","('water', 'surface water')",kilogram,Methane,CH4,16.043,"[['C', 1], ['H', 4]]","{'C': 0.7486754347690582, 'H': 0.2513245652309419}",1.0,dissipation
"('ecoinvent-3.4-biosphere', 'a1891db2-db98-45fc-ae0e-b3d3c17850c5')",Benzene,"('water', 'surface water')",kilogram,Benzene,C6H6,78.11,"[['C', 6], ['H', 6]]","{'C': 0.9226219434131354, 'H': 0.07742926641915247}",1.0,dissipation
"('ecoinvent-3.4-biosphere', '1f607ae2-b42d-4411-90b8-e9bbac66a554')","Arsenic, ion","('water', 'ground-')",kilogram,Arsenic,As,74.92159,"[['As', 1]]",{'As': 1.0},1.0,dissipation
"('ecoinvent-3.4-biosphere', '892f10da-7bf2-42b3-b171-221989661a05')",Butane,"('air', 'urban air close to ground')",kilogram,Butane,C4H10,58.12,"[['C', 4], ['H', 10]]","{'C': 0.8266345492085341, 'H': 0.1734342739160358}",1.0,dissipation
"('ecoinvent-3.4-biosphere', '45acd8c0-657f-46d3-8026-4b3c9fadaeb6')",Selenium,"('soil',)",kilogram,Selenium,Se,78.97,"[['Se', 1]]",{'Se': 1.0},1.0,dissipation
"('ecoinvent-3.4-biosphere', '57d8084d-08e2-4212-9abf-3f051bee142e')",Tebupirimphos,"('soil', 'agricultural')",kilogram,Tebupirimphos,C13H23N2O3PS,318.37,"[['C', 13], ['H', 23], ['N', 2], ['O', 3], ['P', 1], ['S', 1]]","{'C': 0.4904450796243365, 'H': 0.07282093162044162, 'N': 0.08799195904136696, 'O': 0.15075855137104627, 'P': 0.09728931746081602, 'S': 0.10071614787825485}",1.0,dissipation
"('ecoinvent-3.4-biosphere', '02381700-f27e-4ffa-b58f-e7309ad7f9e7')",Hexane,"('water', 'ground-')",kilogram,Hexane,C6H14,86.18,"[['C', 6], ['H', 14]]","{'C': 0.8362265026688327, 'H': 0.16375029009050823}",1.0,dissipation
"('ecoinvent-3.4-biosphere', '77f8cc18-5765-4bbe-8661-1189693bfbe7')",Sodium formate,"('water', 'ground-, long-term')",kilogram,Sodium formate,CHNaO2,68.007,"[['C', 1], ['H', 1], ['Na', 1], ['O', 2]]","{'C': 0.17661417207052213, 'H': 0.014822003617274692, 'Na': 0.3380534356757392, 'O': 0.4705103886364639}",1.0,dissipation
"('ecoinvent-3.4-biosphere', 'd1528862-956f-4441-b2ac-cce8ae963805')",Acetyl chloride,"('water', 'surface water')",kilogram,Acetyl chloride,C2H3ClO,78.5,"[['C', 2], ['H', 3], ['Cl', 1], ['O', 1]]","{'C': 0.30601273885350316, 'H': 0.03852229299363057, 'Cl': 0.45163057324840766, 'O': 0.20380891719745223}",1.0,dissipation
"('ecoinvent-3.4-biosphere', 'f9923ae7-bdab-44d8-897c-44310aea76b7')",Iodine,"('air', 'urban air close to ground')",kilogram,Iodine,I2,253.8089,"[['I', 2]]",{'I': 1.0},1.0,dissipation
"('ecoinvent-3.4-biosphere', 'ed751c30-a896-44f3-9a83-2a5328dde94d')",Arsenic,"('air', 'low population density, long-term')",kilogram,Arsenic,As,74.92159,"[['As', 1]]",{'As': 1.0},1.0,dissipation
"('ecoinvent-3.4-biosphere', '2d97af62-5de1-4105-8e35-23604c1e9a3e')",Lactic acid,"('water', 'ocean')",kilogram,Lactic acid,C3H6O3,90.08,"[['C', 3], ['H', 6], ['O', 3]]","{'C': 0.4000111012433393, 'H': 0.06714031971580817, 'O': 0.5328263765541741}",1.0,dissipation
"('ecoinvent-3.4-biosphere', 'e4020f30-9370-4f8d-854b-a342d4d6419c')",Trichlorosilane,"('air', 'lower stratosphere + upper troposphere')",kilogram,Trichlorosilane,Cl3HSi,135.45,"[['Cl', 3], ['H', 1], ['Si', 1]]","{'Cl': 0.7852270210409746, 'H': 0.0074418604651162795, 'Si': 0.20735326688815062}",1.0,dissipation
"('ecoinvent-3.4-biosphere', '2058d91e-bb9f-4fce-8e53-131825b14a23')",Ozone,"('air',)",kilogram,Ozone,O3,47.998,"[['O', 3]]",{'O': 1.0},1.0,dissipation
"('ecoinvent-3.4-biosphere', 'd0caddde-f101-4d86-9beb-d46d2d430eb0')",o-Dichlorobenzene,"('water', 'ocean')",kilogram,o-Dichlorobenzene,C6H4Cl2,147.0,"[['C', 6], ['H', 4], ['Cl', 2]]","{'C': 0.4902448979591837, 'H': 0.027428571428571427, 'Cl': 0.48235374149659865}",1.0,dissipation
"('ecoinvent-3.4-biosphere', 'edf9fe90-37ee-4d8b-af9b-2e959422abfd')",Dimethylamine,"('air', 'urban air close to ground')",kilogram,Dimethylamine,C2H7N,45.08,"[['C', 2], ['H', 7], ['N', 1]]","{'C': 0.5328748890860692, 'H': 0.1565217391304348, 'N': 0.3107142857142857}",1.0,dissipation
"('ecoinvent-3.4-biosphere', '6284e146-54b2-4067-a478-9b8ee24c6400')",Selenium,"('water',)",kilogram,Selenium,Se,78.97,"[['Se', 1]]",{'Se': 1.0},1.0,dissipation
"('ecoinvent-3.4-biosphere', 'e0336c9b-a0ff-4ae3-b8bb-ca1e46bbbc11')",Chromium,"('soil',)",kilogram,Chromium,Cr,51.996,"[['Cr', 1]]",{'Cr': 1.0},1.0,dissipation
"('ecoinvent-3.4-biosphere', '4bb72252-3059-4ce8-889e-eccba21664ff')",Sodium hydroxide,"('air', 'non-urban air or from high stacks')",kilogram,Sodium hydroxide,HNaO,39.997,"[['H', 1], ['Na', 1], ['O', 1]]","{'H': 0.025201890141760632, 'Na': 0.5747931094832112, 'O': 0.4000050003750281}",1.0,dissipation
"('ecoinvent-3.4-biosphere', '094310bb-49db-5b2d-ae1b-e7b4ffca1d03')",Trisodium phosphate,"('air',)",kilogram,Trisodium phosphate,Na3O4P,163.941,"[['Na', 3], ['O', 4], ['P', 1]]","{'Na': 0.42070012992479, 'O': 0.3903599465661427, 'P': 0.18893382375366746}",1.0,dissipation
"('ecoinvent-3.4-biosphere', 'e6a2b657-56ef-48b2-a62c-03d1980bc3f1')",Chlorosulfonic acid,"('water', 'ground-')",kilogram,Chlorosulfonic acid,ClHO3S,116.53,"[['Cl', 1], ['H', 1], ['O', 3], ['S', 1]]","{'Cl': 0.30423925169484256, 'H': 0.008650133012958037, 'O': 0.41188535141165367, 'S': 0.2751651935124002}",1.0,dissipation
"('ecoinvent-3.4-biosphere', '46b5bff3-38d3-417c-89c1-aa69cce3ab50')",Methyl pentane,"('water', 'ground-, long-term')",kilogram,Methyl pentane,C6H14,86.18,"[['C', 6], ['H', 14]]","{'C': 0.8362265026688327, 'H': 0.16375029009050823}",1.0,dissipation
"('ecoinvent-3.4-biosphere', '0c77f5af-0a0b-4205-acb6-0b031c22029f')",Flupyrsulfuron-methyl,"('soil', 'agricultural')",kilogram,Flupyrsulfuron-methyl,C15H14F3N5O7S,465.4,"[['C', 15], ['H', 14], ['F', 3], ['N', 5], ['O', 7], ['S', 1]]","{'C': 0.3871186076493339, 'H': 0.030322303394929095, 'F': 0.12246239793725827, 'N': 0.15048345509239364, 'O': 0.24063816072195965, 'S': 0.0688977223893425}",1.0,dissipation
"('ecoinvent-3.4-biosphere', '059d4f43-8764-4b5e-95eb-c94df9913a55')",Methyl borate,"('water', 'ground-, long-term')",kilogram,Methyl borate,C3H9BO3,103.92,"[['C', 3], ['H', 9], ['B', 1], ['O', 3]]","{'C': 0.3467378752886836, 'H': 0.08729792147806004, 'B': 0.10402232486528099, 'O': 0.461864896073903}",1.0,dissipation
"('ecoinvent-3.4-biosphere', '476ff60f-c2a2-43d6-bbe7-b4c4eea6960a')",Carbonyl sulfide,"('air',)",kilogram,Carbonyl sulfide,COS,60.08,"[['C', 1], ['O', 1], ['S', 1]]","{'C': 0.1999167776298269, 'O': 0.2662949400798935, 'S': 0.5337050599201065}",1.0,dissipation
"('ecoinvent-3.4-biosphere', '16f40b1c-f7c8-4100-9916-81a260493951')",Sulfur,"('soil', 'industrial')",kilogram,Sulfur,S,32.07,"[['S', 1]]",{'S': 1.0},1.0,dissipation
"('ecoinvent-3.4-biosphere', 'e9d5a946-70ac-4610-a95b-cc659b48f29e')",Propene,"('air', 'low population density, long-term')",kilogram,Propene,C3H6,42.08,"[['C', 3], ['H', 6]]","{'C': 0.8562975285171104, 'H': 0.14372623574144489}",1.0,dissipation
"('ecoinvent-3.4-biosphere', '22ff429e-4506-428d-9bba-4f9595ed3b99')",Cyclohexane,"('air', 'non-urban air or from high stacks')",kilogram,Cyclohexane,C6H12,84.16,"[['C', 6], ['H', 12]]","{'C': 0.8562975285171104, 'H': 0.14372623574144489}",1.0,dissipation
"('ecoinvent-3.4-biosphere', '3ff3231e-3c38-5a47-a6fd-821d11c599e0')",Elemental carbon,"('water',)",kilogram,Elemental carbon,C,12.011,"[['C', 1]]",{'C': 1.0},1.0,dissipation
"('ecoinvent-3.4-biosphere', 'fa47e330-a448-485c-8f5e-294a0c740711')",N-Bromoacetamide,"('air', 'non-urban air or from high stacks')",kilogram,N-Bromoacetamide,C2H4BrNO,137.96,"[['C', 2], ['H', 4], ['Br', 1], ['N', 1], ['O', 1]]","{'C': 0.17412293418382138, 'H': 0.029225862568860537, 'Br': 0.5791823717019425, 'N': 0.10152942881994781, 'O': 0.11596839663670629}",1.0,dissipation
"('ecoinvent-3.4-biosphere', '9f7e577d-509b-4bbd-805f-3293a44fdc89')",Butyl acetate,"('air', 'lower stratosphere + upper troposphere')",kilogram,Butyl acetate,C6H12O2,116.16,"[['C', 6], ['H', 12], ['O', 2]]","{'C': 0.6204028925619836, 'H': 0.10413223140495868, 'O': 0.27546487603305786}",1.0,dissipation
"('ecoinvent-3.4-biosphere', '60823a33-948a-4d5f-a07a-b9085202935d')",Chloramine,"('water',)",kilogram,Chloramine,ClH2N,51.47,"[['Cl', 1], ['H', 2], ['N', 1]]","{'Cl': 0.688809014960171, 'H': 0.039168447639401596, 'N': 0.27213911016125897}",1.0,dissipation
"('ecoinvent-3.4-biosphere', '3ca7403e-c960-4a4e-a649-ab68b42b65b8')",Chloroacetic acid,"('air', 'non-urban air or from high stacks')",kilogram,Chloroacetic acid,C2H3ClO2,94.5,"[['C', 2], ['H', 3], ['Cl', 1], ['O', 2]]","{'C': 0.2542010582010582, 'H': 0.032, 'Cl': 0.3751640211640212, 'O': 0.33860317460317463}",1.0,dissipation
"('ecoinvent-3.4-biosphere', '205617ae-ebc5-4245-8df6-8710d5d40615')",Nitrate,"('air', 'low population density, long-term')",kilogram,Nitrate,NO3-,62.005,"[['N', 1], ['O', 3]]","{'N': 0.22590113700508022, 'O': 0.7740827352632852}",1.0,dissipation
"('ecoinvent-3.4-biosphere', 'b50d8d03-7e88-4b29-9d10-67bbe01bdbc6')",Butanol,"('water',)",kilogram,Butanol,C4H10O,74.12,"[['C', 4], ['H', 10], ['O', 1]]","{'C': 0.6481921208850512, 'H': 0.13599568267674042, 'O': 0.21585267134376687}",1.0,dissipation
"('ecoinvent-3.4-biosphere', '8f1b69d9-fc00-4b46-99f9-7a57fd71dad2')",Strontium,"('water', 'ground-, long-term')",kilogram,Strontium,Sr,87.62,"[['Sr', 1]]",{'Sr': 1.0},1.0,dissipation
"('ecoinvent-3.4-biosphere', 'c11c3c69-ec4d-47ee-8a57-a856c82ee3cb')","Thiocyanate, ion","('water', 'ground-, long-term')",kilogram,Thiocyanate,CNS-,58.08,"[['C', 1], ['N', 1], ['S', 1]]","{'C': 0.20680096418732782, 'N': 0.24116735537190082, 'S': 0.5520833333333333}",1.0,dissipation
"('ecoinvent-3.4-biosphere', '44f28e11-061d-44fd-8f25-dc62a9f1fa57')",Manganese,"('water', 'ground-')",kilogram,Manganese,Mn,54.93804,"[['Mn', 1]]",{'Mn': 1.0},1.0,dissipation
"('ecoinvent-3.4-biosphere', '8ee2ff7f-e7f6-4156-9cc2-84700d1ec7f3')",Ethanol,"('water', 'ground-')",kilogram,Ethanol,C2H6O,46.07,"[['C', 2], ['H', 6], ['O', 1]]","{'C': 0.5214239201215541, 'H': 0.1312784892554808, 'O': 0.3472758845235511}",1.0,dissipation
"('ecoinvent-3.4-biosphere', '94ca9e00-5268-4663-a0cd-25026c7c6b53')","Ethane, 1,1-difluoro-, HFC-152a","('air', 'low population density, long-term')",kilogram,Ethane,C2H6,30.07,"[['C', 2], ['H', 6]]","{'C': 0.7988693049551047, 'H': 0.20113069504489525}",1.0,dissipation
"('ecoinvent-3.4-biosphere', 'd9c23a8d-e7bf-4f70-8d22-b9ad8a653204')","Chromium, ion","('water', 'ground-, long-term')",kilogram,Chromium,Cr,51.996,"[['Cr', 1]]",{'Cr': 1.0},1.0,dissipation
"('ecoinvent-3.4-biosphere', 'd64c693d-aa5a-40de-a250-ed9d24b90542')",Sulfate,"('air', 'lower stratosphere + upper troposphere')",kilogram,Sulfate,O4S-2,96.07,"[['O', 4], ['S', 1]]","{'O': 0.6661392734464454, 'S': 0.33376704486312064}",1.0,dissipation
"('ecoinvent-3.4-biosphere', '75b31763-0b3b-449f-84b8-12c6ada70903')",Borate,"('water', 'ground-, long-term')",kilogram,Borate,BO3-3,58.81,"[['B', 1], ['O', 3]]","{'B': 0.18381227682366943, 'O': 0.816136711443632}",1.0,dissipation
"('ecoinvent-3.4-biosphere', '4f5a338d-a56a-417d-ae4d-cfd6f51a4729')",Flumiclorac-pentyl,"('soil', 'agricultural')",kilogram,Flumiclorac-pentyl,C21H23ClFNO5,423.9,"[['C', 21], ['H', 23], ['Cl', 1], ['F', 1], ['N', 1], ['O', 5]]","{'C': 0.5950247699929229, 'H': 0.05469214437367304, 'Cl': 0.08363529134229772, 'F': 0.04481717386175985, 'N': 0.03304317055909413, 'O': 0.18871196036801136}",1.0,dissipation
"('ecoinvent-3.4-biosphere', '1911896c-5aff-4695-9cba-164b0ecd9199')",4-Methyl-2-pentanol,"('water', 'ocean')",kilogram,4-Methyl-2-pentanol,C6H14O,102.17,"[['C', 6], ['H', 14], ['O', 1]]","{'C': 0.7053538220612704, 'H': 0.13812273661544486, 'O': 0.15659195458549477}",1.0,dissipation
"('ecoinvent-3.4-biosphere', 'abb87cf5-9e30-4d02-987c-7643510b7013')",Propane,"('air', 'low population density, long-term')",kilogram,Propane,C3H8,44.1,"[['C', 3], ['H', 8]]","{'C': 0.8170748299319728, 'H': 0.18285714285714286}",1.0,dissipation
"('ecoinvent-3.4-biosphere', '964acc40-2da6-45f1-938b-da109b81d27f')","Benzene, hexachloro-","('air', 'low population density, long-term')",kilogram,Benzene,C6H6,78.11,"[['C', 6], ['H', 6]]","{'C': 0.9226219434131354, 'H': 0.07742926641915247}",1.0,dissipation
"('ecoinvent-3.4-biosphere', '0f901f59-84bd-42a5-9a4c-04bd8cac7fb9')",Mecoprop-P,"('soil', 'agricultural')",kilogram,Mecoprop-P,C10H11ClO3,214.64,"[['C', 10], ['H', 11], ['Cl', 1], ['O', 3]]","{'C': 0.5595881475959746, 'H': 0.05165859112933285, 'Cl': 0.1651742452478569, 'O': 0.22361628773760717}",1.0,dissipation
"('ecoinvent-3.4-biosphere', 'cdcdbfc9-3d5f-4e78-8033-8dbecbb2cfec')",Acephate,"('soil', 'agricultural')",kilogram,Acephate,C4H10NO3PS,183.17,"[['C', 4], ['H', 10], ['N', 1], ['O', 3], ['P', 1], ['S', 1]]","{'C': 0.2622918600207458, 'H': 0.05503084566249932, 'N': 0.07646994595184801, 'O': 0.2620352677840258, 'P': 0.1690997434077633, 'S': 0.17505595894524212}",1.0,dissipation
"('ecoinvent-3.4-biosphere', 'd98f0ec0-bf19-4c90-a457-a8593dec497f')","Chromium, ion","('water', 'ocean')",kilogram,Chromium,Cr,51.996,"[['Cr', 1]]",{'Cr': 1.0},1.0,dissipation
"('ecoinvent-3.4-biosphere', 'd2d4b344-3c58-4b0c-868a-ac0bdb2027dc')","Ethene, tetrachloro-","('air', 'urban air close to ground')",kilogram,Ethene,C2H4,28.05,"[['C', 2], ['H', 4]]","{'C': 0.8563992869875222, 'H': 0.14374331550802139}",1.0,dissipation
"('ecoinvent-3.4-biosphere', '514de41e-c977-4ae7-8fe8-86a29791fee4')",Chlorosulfonic acid,"('air', 'lower stratosphere + upper troposphere')",kilogram,Chlorosulfonic acid,ClHO3S,116.53,"[['Cl', 1], ['H', 1], ['O', 3], ['S', 1]]","{'Cl': 0.30423925169484256, 'H': 0.008650133012958037, 'O': 0.41188535141165367, 'S': 0.2751651935124002}",1.0,dissipation
"('ecoinvent-3.4-biosphere', '98267bbc-0591-4eb8-8581-2231208c548d')",Barium,"('air', 'lower stratosphere + upper troposphere')",kilogram,Barium,Ba,137.33,"[['Ba', 1]]",{'Ba': 1.0},1.0,dissipation
"('ecoinvent-3.4-biosphere', '168c970b-91c9-4427-a3a0-6686ad6cc2c4')",Tin,"('soil', 'agricultural')",kilogram,Tin,Sn,118.71,"[['Sn', 1]]",{'Sn': 1.0},1.0,dissipation
"('ecoinvent-3.4-biosphere', 'ec4a104f-eab5-4a06-bd0a-e1c34d888718')",Acenaphthylene,"('water', 'surface water')",kilogram,Acenaphthylene,C12H8,152.19,"[['C', 12], ['H', 8]]","{'C': 0.9470530258229845, 'H': 0.05298639858072147}",1.0,dissipation
"('ecoinvent-3.4-biosphere', '0bb38d46-04e7-52f2-99de-5861a8220a49')",Bisphenol A,"('water',)",kilogram,Bisphenol A,C15H16O2,228.29,"[['C', 15], ['H', 16], ['O', 2]]","{'C': 0.7891935695825485, 'H': 0.07064698409917211, 'O': 0.1401638267116387}",1.0,dissipation
"('ecoinvent-3.4-biosphere', '57117e3c-15aa-4b4d-b953-6d33986aa5aa')",Calcium,"('soil', 'industrial')",kilogram,Calcium,Ca,40.08,"[['Ca', 1]]",{'Ca': 1.0},1.0,dissipation
"('ecoinvent-3.4-biosphere', '3fa03c96-b976-4f0f-8089-220968515ee1')","Ethene, trichloro-","('air',)",kilogram,Ethene,C2H4,28.05,"[['C', 2], ['H', 4]]","{'C': 0.8563992869875222, 'H': 0.14374331550802139}",1.0,dissipation
"('ecoinvent-3.4-biosphere', '7db70809-e30b-4633-992e-2cfe03891907')",Vinclozolin,"('soil', 'agricultural')",kilogram,Vinclozolin,C12H9Cl2NO3,286.11,"[['C', 12], ['H', 9], ['Cl', 2], ['N', 1], ['O', 3]]","{'C': 0.5037642864632484, 'H': 0.03170808430324001, 'Cl': 0.24782775855440217, 'N': 0.04895669497745622, 'O': 0.16775715633847121}",1.0,dissipation
"('ecoinvent-3.4-biosphere', 'ad3f2ad1-7386-4725-9b33-57392b5c22ac')",Benz(a)anthracene,"('water', 'surface water')",kilogram,Benz(a)anthracene,C18H12,228.3,"[['C', 18], ['H', 12]]","{'C': 0.9469908015768724, 'H': 0.05298291721419185}",1.0,dissipation
"('ecoinvent-3.4-biosphere', 'fed759dd-dac7-4d8a-abd1-886fd858b654')",Atrazine,"('water', 'surface water')",kilogram,Atrazine,C8H14ClN5,215.68,"[['C', 8], ['H', 14], ['Cl', 1], ['N', 5]]","{'C': 0.44551186943620175, 'H': 0.06543026706231454, 'Cl': 0.1643777818991098, 'N': 0.32471717359050445}",1.0,dissipation
"('ecoinvent-3.4-biosphere', '33627701-feca-434d-a192-674a450eaaf7')",Cobalt,"('water',)",kilogram,Cobalt,Co,58.93319,"[['Co', 1]]",{'Co': 1.0},1.0,dissipation
"('ecoinvent-3.4-biosphere', '20664d0e-24e3-4daa-8c5c-2ade6e0c2723')",Formaldehyde,"('air', 'urban air close to ground')",kilogram,Formaldehyde,CH2O,30.026,"[['C', 1], ['H', 2], ['O', 1]]","{'C': 0.4000199826816759, 'H': 0.06714181043095983, 'O': 0.5328382068873643}",1.0,dissipation
"('ecoinvent-3.4-biosphere', 'e3b7b5aa-514e-430e-9544-07d8f5b8d494')",Boron,"('soil',)",kilogram,Boron,B,10.81,"[['B', 1]]",{'B': 1.0},1.0,dissipation
"('ecoinvent-3.4-biosphere', '33130fd7-3a99-437a-b179-33ea64ca1f9d')",Sulfide,"('water', 'ground-, long-term')",kilogram,Sulfide,S-2,32.07,"[['S', 1]]",{'S': 1.0},1.0,dissipation
"('ecoinvent-3.4-biosphere', '56815b4f-6138-4e0b-9fac-c94fd6b102b3')",Nickel,"('water', 'ground-')",kilogram,Nickel,Ni,58.693,"[['Ni', 1]]",{'Ni': 1.0},1.0,dissipation
"('ecoinvent-3.4-biosphere', 'e2f205c4-2146-4578-8cd4-e6f309521ef4')",Sulfate,"('soil',)",kilogram,Sulfate,O4S-2,96.07,"[['O', 4], ['S', 1]]","{'O': 0.6661392734464454, 'S': 0.33376704486312064}",1.0,dissipation
"('ecoinvent-3.4-biosphere', 'cd08eddd-d946-40cf-b0b5-87f6dbd7eb21')",Carbaryl,"('soil', 'agricultural')",kilogram,Carbaryl,C12H11NO2,201.22,"[['C', 12], ['H', 11], ['N', 1], ['O', 2]]","{'C': 0.7162906271742372, 'H': 0.0551038664148693, 'N': 0.06961037670211709, 'O': 0.15901997813338634}",1.0,dissipation
"('ecoinvent-3.4-biosphere', '7a65d41a-561b-4090-bd81-13672abce16f')",Acetaldehyde,"('water', 'surface water')",kilogram,Acetaldehyde,C2H4O,44.05,"[['C', 2], ['H', 4], ['O', 1]]","{'C': 0.5453348467650397, 'H': 0.09153234960272419, 'O': 0.3632009080590239}",1.0,dissipation
"('ecoinvent-3.4-biosphere', '717f38a4-02d7-4af5-b1a8-24931ad12275')",Formamide,"('air', 'low population density, long-term')",kilogram,Formamide,CH3NO,45.041,"[['C', 1], ['H', 3], ['N', 1], ['O', 1]]","{'C': 0.2666681467995826, 'H': 0.0671388290668502, 'N': 0.310983326302702, 'O': 0.35520969783086526}",1.0,dissipation
"('ecoinvent-3.4-biosphere', '0e7f417f-b5ec-4771-a47a-60cc451a8403')",Potassium,"('soil', 'forestry')",kilogram,Potassium,K,39.0983,"[['K', 1]]",{'K': 1.0},1.0,dissipation
"('ecoinvent-3.4-biosphere', '20d0fc73-b9ce-4001-ac15-893b30ed10a3')","Methane, difluoro-, HFC-32","('air', 'lower stratosphere + upper troposphere')",kilogram,Methane,CH4,16.043,"[['C', 1], ['H', 4]]","{'C': 0.7486754347690582, 'H': 0.2513245652309419}",1.0,dissipation
"('ecoinvent-3.4-biosphere', 'a857022f-c251-4665-81fb-dce3346ac8e4')",Sodium chlorate,"('water', 'ocean')",kilogram,Sodium chlorate,ClNaO3,106.44,"[['Cl', 1], ['Na', 1], ['O', 3]]","{'Cl': 0.3330796692972567, 'Na': 0.21599022923712888, 'O': 0.45093010146561446}",1.0,dissipation
"('ecoinvent-3.4-biosphere', '1471acca-34ab-4e04-9bd6-e3825b20580f')",Iodine,"('air', 'non-urban air or from high stacks')",kilogram,Iodine,I2,253.8089,"[['I', 2]]",{'I': 1.0},1.0,dissipation
"('ecoinvent-3.4-biosphere', '68e32537-beae-41c2-be72-74df4d273c11')",Hydrogen chloride,"('air', 'non-urban air or from high stacks')",kilogram,Hydrogen chloride,ClH,36.46,"[['Cl', 1], ['H', 1]]","{'Cl': 0.9723806911684038, 'H': 0.02764673614920461}",1.0,dissipation
"('ecoinvent-3.4-biosphere', 'efd3798a-ff6b-46ef-b408-0e74d80548cc')",Atrazine,"('soil', 'agricultural')",kilogram,Atrazine,C8H14ClN5,215.68,"[['C', 8], ['H', 14], ['Cl', 1], ['N', 5]]","{'C': 0.44551186943620175, 'H': 0.06543026706231454, 'Cl': 0.1643777818991098, 'N': 0.32471717359050445}",1.0,dissipation
"('ecoinvent-3.4-biosphere', '6f0b8b7c-3888-4174-b7e3-916d42d678ee')",Aluminium,"('air', 'urban air close to ground')",kilogram,Aluminium,Al,26.981538,"[['Al', 1]]",{'Al': 1.0},1.0,dissipation
"('ecoinvent-3.4-biosphere', '9a8e2785-9175-4818-83ae-fc394e2d695a')",Thiamethoxam,"('soil', 'agricultural')",kilogram,Thiamethoxam,C8H10ClN5O3S,291.72,"[['C', 8], ['H', 10], ['Cl', 1], ['N', 5], ['O', 3], ['S', 1]]","{'C': 0.32938434114904697, 'H': 0.03455368161250514, 'Cl': 0.12153092006033182, 'N': 0.24007610037021798, 'O': 0.16453105717811597, 'S': 0.10991704374057314}",1.0,dissipation
"('ecoinvent-3.4-biosphere', 'f532985c-90b7-46fc-aac9-b039b40e22f1')",Manganese,"('water', 'surface water')",kilogram,Manganese,Mn,54.93804,"[['Mn', 1]]",{'Mn': 1.0},1.0,dissipation
"('ecoinvent-3.4-biosphere', '1a19ad61-abd0-4d42-9828-8fae315c0b06')",4-Methyl-2-pentanone,"('water', 'surface water')",kilogram,4-Methyl-2-pentanone,C6H12O,100.16,"[['C', 6], ['H', 12], ['O', 1]]","{'C': 0.719508785942492, 'H': 0.12076677316293931, 'O': 0.1597344249201278}",1.0,dissipation
"('ecoinvent-3.4-biosphere', '1b279330-0469-4d04-9fe2-4e9a38011f0c')",o-Xylene,"('water',)",kilogram,o-Xylene,C8H10,106.16,"[['C', 8], ['H', 10]]","{'C': 0.9051243406179351, 'H': 0.09495101733232857}",1.0,dissipation
"('ecoinvent-3.4-biosphere', '183f9856-03ab-464d-9366-8ef62077b510')",Antimony,"('soil', 'forestry')",kilogram,Antimony,Sb,121.76,"[['Sb', 1]]",{'Sb': 1.0},1.0,dissipation
"('ecoinvent-3.4-biosphere', 'b26b758d-85cc-41b8-872c-3683caa638d1')",Strontium,"('water',)",kilogram,Strontium,Sr,87.62,"[['Sr', 1]]",{'Sr': 1.0},1.0,dissipation
"('ecoinvent-3.4-biosphere', '1013b9ec-a7b5-459c-be3d-74f61b9ce06e')","Methane, dichlorodifluoro-, CFC-12","('air', 'lower stratosphere + upper troposphere')",kilogram,Methane,CH4,16.043,"[['C', 1], ['H', 4]]","{'C': 0.7486754347690582, 'H': 0.2513245652309419}",1.0,dissipation
"('ecoinvent-3.4-biosphere', '794a9d6b-1ed0-486b-a6a9-d8a575c0aa9a')",Fosetyl,"('soil', 'agricultural')",kilogram,Fosetyl,C2H6O3P+,109.04,"[['C', 2], ['H', 6], ['O', 3], ['P', 1]]","{'C': 0.22030447542186352, 'H': 0.05546588407923697, 'O': 0.4401779163609684, 'P': 0.2840608950843727}",1.0,dissipation
"('ecoinvent-3.4-biosphere', '1e2636dd-752e-4148-bdeb-d3e9abb4775e')",Methanesulfonic acid,"('air', 'non-urban air or from high stacks')",kilogram,Methanesulfonic acid,CH4O3S,96.11,"[['C', 1], ['H', 4], ['O', 3], ['S', 1]]","{'C': 0.12497138695245032, 'H': 0.04195193008011654, 'O': 0.49939652481531577, 'S': 0.3336281344292997}",1.0,dissipation
"('ecoinvent-3.4-biosphere', 'd49e5257-e655-4e9f-adbc-b8763137b76c')",Dimethyl ether,"('water',)",kilogram,Dimethyl ether,C2H6O,46.07,"[['C', 2], ['H', 6], ['O', 1]]","{'C': 0.5214239201215541, 'H': 0.1312784892554808, 'O': 0.3472758845235511}",1.0,dissipation
"('ecoinvent-3.4-biosphere', 'b6e1f836-2b5c-4bd5-bc8c-af065ee7c230')",Zeta-cypermethrin,"('soil', 'agricultural')",kilogram,Zeta-cypermethrin,C22H19Cl2NO3,416.3,"[['C', 22], ['H', 19], ['Cl', 2], ['N', 1], ['O', 3]]","{'C': 0.6347393706461685, 'H': 0.04600528465049243, 'Cl': 0.1703242853711266, 'N': 0.033646408839779006, 'O': 0.11529425894787412}",1.0,dissipation
"('ecoinvent-3.4-biosphere', 'f873299d-0675-4fdc-ad01-c5a4b951b583')",Methanol,"('air', 'urban air close to ground')",kilogram,Methanol,CH4O,32.042,"[['C', 1], ['H', 4], ['O', 1]]","{'C': 0.3748517570688471, 'H': 0.12583484177017665, 'O': 0.4993134011609762}",1.0,dissipation
"('ecoinvent-3.4-biosphere', 'f0fb5b72-294e-4d86-b433-883e5f6e97fd')",Chlormequat,"('soil', 'agricultural')",kilogram,Chlormequat,C5H13ClN+,122.62,"[['C', 5], ['H', 13], ['Cl', 1], ['N', 1]]","{'C': 0.4897651280378404, 'H': 0.10686674278258032, 'Cl': 0.28912901647365846, 'N': 0.11423095742945685}",1.0,dissipation
"('ecoinvent-3.4-biosphere', '9e7d019f-c8c0-4631-9bbb-ced3e081c90d')","Ethane, 1,1,1-trichloro-, HCFC-140","('air', 'lower stratosphere + upper troposphere')",kilogram,Ethane,C2H6,30.07,"[['C', 2], ['H', 6]]","{'C': 0.7988693049551047, 'H': 0.20113069504489525}",1.0,dissipation
"('ecoinvent-3.4-biosphere', '9ee52c9a-194b-476f-a0ff-0aba3759e2a0')",Trimethylamine,"('water',)",kilogram,Trimethylamine,C3H9N,59.11,"[['C', 3], ['H', 9], ['N', 1]]","{'C': 0.6095922855692777, 'H': 0.15347656910844187, 'N': 0.23696498054474707}",1.0,dissipation
"('ecoinvent-3.4-biosphere', 'e93ba406-3df8-4e34-be54-0d556b2bb629')","Methane, dichlorodifluoro-, CFC-12","('air', 'non-urban air or from high stacks')",kilogram,Methane,CH4,16.043,"[['C', 1], ['H', 4]]","{'C': 0.7486754347690582, 'H': 0.2513245652309419}",1.0,dissipation
"('ecoinvent-3.4-biosphere', '7d3f7498-3596-478a-9fa1-72201ef94082')",Molybdenum,"('water', 'ground-, long-term')",kilogram,Molybdenum,Mo,95.95,"[['Mo', 1]]",{'Mo': 1.0},1.0,dissipation
"('ecoinvent-3.4-biosphere', 'd18838bc-54cd-5d6f-a8f3-9b94cfc8472d')",Dimethyl carbonate,"('air',)",kilogram,Dimethyl carbonate,C3H6O3,90.08,"[['C', 3], ['H', 6], ['O', 3]]","{'C': 0.4000111012433393, 'H': 0.06714031971580817, 'O': 0.5328263765541741}",1.0,dissipation
"('ecoinvent-3.4-biosphere', '921f6b09-e1c7-434d-80f6-9d26542f09a6')",Methyl borate,"('air', 'non-urban air or from high stacks')",kilogram,Methyl borate,C3H9BO3,103.92,"[['C', 3], ['H', 9], ['B', 1], ['O', 3]]","{'C': 0.3467378752886836, 'H': 0.08729792147806004, 'B': 0.10402232486528099, 'O': 0.461864896073903}",1.0,dissipation
"('ecoinvent-3.4-biosphere', 'f48cca2b-fa69-4457-a5eb-5d848432afb8')",DNOC,"('soil', 'agricultural')",kilogram,DNOC,C7H6N2O5,198.13,"[['C', 7], ['H', 6], ['N', 2], ['O', 5]]","{'C': 0.42435269772371675, 'H': 0.030525412607883714, 'N': 0.14139201534346135, 'O': 0.40375006308989053}",1.0,dissipation
"('ecoinvent-3.4-biosphere', 'f276d4ca-b1ad-4575-9442-e35b5e3b618b')",Propylene oxide,"('air', 'urban air close to ground')",kilogram,Propylene oxide,C3H6O,58.08,"[['C', 3], ['H', 6], ['O', 1]]","{'C': 0.6204028925619836, 'H': 0.10413223140495868, 'O': 0.27546487603305786}",1.0,dissipation
"('ecoinvent-3.4-biosphere', '251ad87f-5bfb-4eb5-8a00-5050e1782263')",Butyrolactone,"('water', 'ground-')",kilogram,Butyrolactone,C4H6O2,86.09,"[['C', 4], ['H', 6], ['O', 2]]","{'C': 0.558067139040539, 'H': 0.0702520617957951, 'O': 0.3716807991636659}",1.0,dissipation
"('ecoinvent-3.4-biosphere', '62859da4-f3c5-417b-a575-8b00d8d658b1')",Carbon,"('soil', 'agricultural')",kilogram,Carbon,C,12.011,"[['C', 1]]",{'C': 1.0},1.0,dissipation
"('ecoinvent-3.4-biosphere', 'b353e7d2-5b94-4b6e-a3e5-de0a10bef851')","Methane, tetrafluoro-, R-14","('air', 'non-urban air or from high stacks')",kilogram,Methane,CH4,16.043,"[['C', 1], ['H', 4]]","{'C': 0.7486754347690582, 'H': 0.2513245652309419}",1.0,dissipation
"('ecoinvent-3.4-biosphere', '7e66a41c-d311-4949-bdd8-eef09cdcfa47')",Copper,"('soil', 'agricultural')",kilogram,Copper,Cu,63.55,"[['Cu', 1]]",{'Cu': 1.0},1.0,dissipation
"('ecoinvent-3.4-biosphere', '347de5bf-3551-4022-8371-258e830b5a09')",Uranium,"('air', 'lower stratosphere + upper troposphere')",kilogram,Uranium,U,238.0289,"[['U', 1]]",{'U': 1.0},1.0,dissipation
"('ecoinvent-3.4-biosphere', 'd761d96f-d236-4131-89c8-ad3269d02a6b')",Phenol,"('air', 'urban air close to ground')",kilogram,Phenol,C6H6O,94.11,"[['C', 6], ['H', 6], ['O', 1]]","{'C': 0.765763468281798, 'H': 0.06426522154925088, 'O': 0.17000318775900541}",1.0,dissipation
"('ecoinvent-3.4-biosphere', 'b717518e-b8b6-44fa-a8e1-f9fde2436caf')",Potassium,"('soil', 'agricultural')",kilogram,Potassium,K,39.0983,"[['K', 1]]",{'K': 1.0},1.0,dissipation
"('ecoinvent-3.4-biosphere', '042de84f-261d-4e29-bb7d-f43601cc2c7d')",Asulam,"('soil', 'agricultural')",kilogram,Asulam,C8H10N2O4S,230.24,"[['C', 8], ['H', 10], ['N', 2], ['O', 4], ['S', 1]]","{'C': 0.4173384294649061, 'H': 0.04378040305767894, 'N': 0.12167303683113272, 'O': 0.27795343988881166, 'S': 0.13926772063933285}",1.0,dissipation
"('ecoinvent-3.4-biosphere', '8d28a5b3-1b1c-41e9-9eba-90c607aad7db')",1-Pentanol,"('water', 'ocean')",kilogram,1-Pentanol,C5H12O,88.15,"[['C', 5], ['H', 12], ['O', 1]]","{'C': 0.6812819058423141, 'H': 0.13722064662507089, 'O': 0.18149744753261485}",1.0,dissipation
"('ecoinvent-3.4-biosphere', 'c89708f7-cb6c-4691-b8cc-cf2cb03b14a6')",Acifluorfen,"('soil', 'agricultural')",kilogram,Acifluorfen,C14H7ClF3NO5,361.65,"[['C', 14], ['H', 7], ['Cl', 1], ['F', 3], ['N', 1], ['O', 5]]","{'C': 0.46496336236692937, 'H': 0.019510576524263794, 'Cl': 0.09803124567952441, 'F': 0.15759435918705933, 'N': 0.03873081708834509, 'O': 0.2211945250933223}",1.0,dissipation
"('ecoinvent-3.4-biosphere', '94e22edc-fe4b-4bab-9a09-a081595389cc')",Boron,"('water', 'surface water')",kilogram,Boron,B,10.81,"[['B', 1]]",{'B': 1.0},1.0,dissipation
"('ecoinvent-3.4-biosphere', '393d0862-04cc-45ae-8d08-9dc2a4461b35')","Ethane, 1,1-difluoro-, HFC-152a","('air', 'urban air close to ground')",kilogram,Ethane,C2H6,30.07,"[['C', 2], ['H', 6]]","{'C': 0.7988693049551047, 'H': 0.20113069504489525}",1.0,dissipation
"('ecoinvent-3.4-biosphere', '05f078ed-c834-45e3-aea0-05609ca93b4c')",Metolachlor,"('water', 'surface water')",kilogram,Metolachlor,C15H22ClNO2,283.79,"[['C', 15], ['H', 22], ['Cl', 1], ['N', 1], ['O', 2]]","{'C': 0.6348532365481517, 'H': 0.07814228831177984, 'Cl': 0.1249268825540012, 'N': 0.049356918848444266, 'O': 0.11275238732865851}",1.0,dissipation
"('ecoinvent-3.4-biosphere', '81bfad4e-f2a3-4d65-9e9a-72793dab13cb')",Fuberidazole,"('soil', 'agricultural')",kilogram,Fuberidazole,C11H8N2O,184.19,"[['C', 11], ['H', 8], ['N', 2], ['O', 1]]","{'C': 0.7173082143438839, 'H': 0.043780878440740544, 'N': 0.15209294749986427, 'O': 0.08686139312666269}",1.0,dissipation
"('ecoinvent-3.4-biosphere', '35d1dff5-b535-4628-9826-4a8fce08a1f2')",Sulfur hexafluoride,"('air',)",kilogram,Sulfur hexafluoride,F6S,146.06,"[['F', 6], ['S', 1]]","{'F': 0.7804190058879912, 'S': 0.21953306860194438}",1.0,dissipation
"('ecoinvent-3.4-biosphere', '831f48fc-ca00-4534-9ede-730190b3bee0')",Fluorochloridone,"('soil', 'agricultural')",kilogram,Fluorochloridone,C12H10Cl2F3NO,312.11,"[['C', 12], ['H', 10], ['Cl', 2], ['F', 3], ['N', 1], ['O', 1]]","{'C': 0.4617987248085611, 'H': 0.03229630578962545, 'Cl': 0.22718272403960144, 'F': 0.1826086956521739, 'N': 0.04487840825350037, 'O': 0.051260773445259686}",1.0,dissipation
"('ecoinvent-3.4-biosphere', '98287294-2ab7-4781-bb9e-5d045cdce2a2')",Dicrotophos,"('soil', 'agricultural')",kilogram,Dicrotophos,C8H16NO5P,237.19,"[['C', 8], ['H', 16], ['N', 1], ['O', 5], ['P', 1]]","{'C': 0.40510982756439984, 'H': 0.06799612125300392, 'N': 0.05905392301530418, 'O': 0.3372612673384207, 'P': 0.1305872928875585}",1.0,dissipation
"('ecoinvent-3.4-biosphere', '37d35fd0-7f07-4b9b-92eb-de3c27050172')",Sulfate,"('water', 'surface water')",kilogram,Sulfate,O4S-2,96.07,"[['O', 4], ['S', 1]]","{'O': 0.6661392734464454, 'S': 0.33376704486312064}",1.0,dissipation
"('ecoinvent-3.4-biosphere', '35087164-f31a-49b4-9518-c559e483fbe6')",Diborane,"('air', 'low population density, long-term')",kilogram,Diborane,B2H6,27.67,"[['B', 2], ['H', 6]]","{'B': 0.7813516443801951, 'H': 0.21857607517166605}",1.0,dissipation
"('ecoinvent-3.4-biosphere', '409f0e6f-f0a5-4011-8f85-938e9a078f92')",2-Nitrobenzoic acid,"('air', 'low population density, long-term')",kilogram,2-Nitrobenzoic acid,C7H5NO4,167.12,"[['C', 7], ['H', 5], ['N', 1], ['O', 4]]","{'C': 0.5030935854475825, 'H': 0.03015797032072762, 'N': 0.08381402584968885, 'O': 0.382934418382001}",1.0,dissipation
"('ecoinvent-3.4-biosphere', '9c8c0e5d-5315-44b9-81e6-e447e5cb869c')",Carbon disulfide,"('water', 'surface water')",kilogram,Carbon disulfide,CS2,76.15,"[['C', 1], ['S', 2]]","{'C': 0.1577281680892974, 'S': 0.8421536441234404}",1.0,dissipation
"('ecoinvent-3.4-biosphere', '370447a7-70d1-47bd-8577-0a32c4f53570')","Methane, monochloro-, R-40","('air', 'urban air close to ground')",kilogram,Methane,CH4,16.043,"[['C', 1], ['H', 4]]","{'C': 0.7486754347690582, 'H': 0.2513245652309419}",1.0,dissipation
"('ecoinvent-3.4-biosphere', 'c5344661-1f7c-46c1-ae59-2da67d710d63')",Phosphorus trichloride,"('air', 'lower stratosphere + upper troposphere')",kilogram,Phosphorus trichloride,Cl3P,137.33,"[['Cl', 3], ['P', 1]]","{'Cl': 0.7744775358625209, 'P': 0.2255443093278963}",1.0,dissipation
"('ecoinvent-3.4-biosphere', '7c02a013-712f-4588-bfd8-247078e0f4d8')",Acenaphthylene,"('water',)",kilogram,Acenaphthylene,C12H8,152.19,"[['C', 12], ['H', 8]]","{'C': 0.9470530258229845, 'H': 0.05298639858072147}",1.0,dissipation
"('ecoinvent-3.4-biosphere', '5de1943f-b011-45a0-97d4-ed15eea6a382')",Nickel,"('soil', 'forestry')",kilogram,Nickel,Ni,58.693,"[['Ni', 1]]",{'Ni': 1.0},1.0,dissipation
"('ecoinvent-3.4-biosphere', '3dd549fd-825c-4ceb-a5f9-2988d322dc5d')","Benzene, ethyl-","('water',)",kilogram,Benzene,C6H6,78.11,"[['C', 6], ['H', 6]]","{'C': 0.9226219434131354, 'H': 0.07742926641915247}",1.0,dissipation
"('ecoinvent-3.4-biosphere', '56dea244-390c-4f56-8b11-c8de2902816e')",Acetonitrile,"('air', 'urban air close to ground')",kilogram,Acetonitrile,C2H3N,41.05,"[['C', 2], ['H', 3], ['N', 1]]","{'C': 0.5851887941534714, 'H': 0.07366626065773448, 'N': 0.3412180267965895}",1.0,dissipation
"('ecoinvent-3.4-biosphere', '0bb66845-6ccf-4648-b565-2e704989d7c0')",Ethylene oxide,"('air', 'lower stratosphere + upper troposphere')",kilogram,Ethylene oxide,C2H4O,44.05,"[['C', 2], ['H', 4], ['O', 1]]","{'C': 0.5453348467650397, 'H': 0.09153234960272419, 'O': 0.3632009080590239}",1.0,dissipation
"('ecoinvent-3.4-biosphere', '2cbb504a-ce2f-40e9-9d38-e130e95a1242')",Benzo(a)pyrene,"('air', 'urban air close to ground')",kilogram,Benzo(a)pyrene,C20H12,252.3,"[['C', 20], ['H', 12]]","{'C': 0.9521204914783986, 'H': 0.04794292508917954}",1.0,dissipation
"('ecoinvent-3.4-biosphere', '198ce8e3-f05a-4bec-9f7f-325347453326')",Phosphorus,"('air', 'urban air close to ground')",kilogram,Phosphorus,P,30.973762,"[['P', 1]]",{'P': 1.0},1.0,dissipation
"('ecoinvent-3.4-biosphere', '28b0681a-8e83-4997-be31-65e5a0a1a81f')",Acetaldehyde,"('water', 'ground-')",kilogram,Acetaldehyde,C2H4O,44.05,"[['C', 2], ['H', 4], ['O', 1]]","{'C': 0.5453348467650397, 'H': 0.09153234960272419, 'O': 0.3632009080590239}",1.0,dissipation
"('ecoinvent-3.4-biosphere', '97818104-9cc2-4323-97d5-c896ce171f86')",Chloride,"('water', 'ocean')",kilogram,Chloride,Cl-,35.45,"[['Cl', 1]]",{'Cl': 1.0},1.0,dissipation
"('ecoinvent-3.4-biosphere', '36609913-7c42-457a-89cc-00e2d9f0f867')",Elemental carbon,"('water', 'ground-')",kilogram,Elemental carbon,C,12.011,"[['C', 1]]",{'C': 1.0},1.0,dissipation
"('ecoinvent-3.4-biosphere', '18aa2daa-0188-4328-b24b-1ad1398ecf81')",Thallium,"('air',)",kilogram,Thallium,Tl,204.383,"[['Tl', 1]]",{'Tl': 1.0},1.0,dissipation
"('ecoinvent-3.4-biosphere', '066a904d-beba-47a4-a153-3981ca3554e0')",Pymetrozine,"('soil', 'agricultural')",kilogram,Pymetrozine,C10H11N5O,217.23,"[['C', 10], ['H', 11], ['N', 5], ['O', 1]]","{'C': 0.5529162638677898, 'H': 0.05104267366385859, 'N': 0.32240022096395526, 'O': 0.07365004833586522}",1.0,dissipation
"('ecoinvent-3.4-biosphere', 'd24f41d7-279e-4f5a-9ac9-00f726dc3bcc')",m-Xylene,"('air', 'non-urban air or from high stacks')",kilogram,m-Xylene,C8H10,106.16,"[['C', 8], ['H', 10]]","{'C': 0.9051243406179351, 'H': 0.09495101733232857}",1.0,dissipation
"('ecoinvent-3.4-biosphere', '141996d0-f260-4ef3-ad9a-809c54690595')",Hydrazine,"('water', 'ground-, long-term')",kilogram,Hydrazine,H4N2,32.046,"[['H', 4], ['N', 2]]","{'H': 0.12581913499344693, 'N': 0.8741808650065531}",1.0,dissipation
"('ecoinvent-3.4-biosphere', '1088a788-1a99-4127-834e-d29c1fe47c74')",Silicon tetrafluoride,"('air', 'urban air close to ground')",kilogram,Silicon tetrafluoride,F4Si,104.079,"[['F', 4], ['Si', 1]]","{'F': 0.7301376838747491, 'Si': 0.2698527080390857}",1.0,dissipation
"('ecoinvent-3.4-biosphere', '9cf9bf0e-86fe-42c0-90cc-bfed96fbdc8f')","Ethane, 1,1-difluoro-, HFC-152a","('air',)",kilogram,Ethane,C2H6,30.07,"[['C', 2], ['H', 6]]","{'C': 0.7988693049551047, 'H': 0.20113069504489525}",1.0,dissipation
"('ecoinvent-3.4-biosphere', '73b26c10-3c57-4732-8a36-6d1d98d6c925')",Potassium,"('soil',)",kilogram,Potassium,K,39.0983,"[['K', 1]]",{'K': 1.0},1.0,dissipation
"('ecoinvent-3.4-biosphere', '23cb10a4-6228-4ce4-9fb5-7043bc31faec')","Nickel, ion","('water', 'ocean')",kilogram,Nickel,Ni,58.693,"[['Ni', 1]]",{'Ni': 1.0},1.0,dissipation
"('ecoinvent-3.4-biosphere', '2f6bb945-2e93-4ea8-b3b6-7930c3680486')",Scandium,"('water', 'surface water')",kilogram,Scandium,Sc,44.95591,"[['Sc', 1]]",{'Sc': 1.0},1.0,dissipation
"('ecoinvent-3.4-biosphere', '8077467e-8d30-46cc-ab55-5759286eebd3')",Ethyl acetate,"('air',)",kilogram,Ethyl acetate,C4H8O2,88.11,"[['C', 4], ['H', 8], ['O', 2]]","{'C': 0.5452729542617183, 'H': 0.09152196118488254, 'O': 0.3631596867551924}",1.0,dissipation
"('ecoinvent-3.4-biosphere', '69b50a29-addb-455f-823d-ed2ed68e8bb5')",Choline chloride,"('soil', 'agricultural')",kilogram,Choline chloride,C5H14ClNO,139.62,"[['C', 5], ['H', 14], ['Cl', 1], ['N', 1], ['O', 1]]","{'C': 0.43013178627703763, 'H': 0.10107434464976364, 'Cl': 0.2539249391204699, 'N': 0.10032230339492909, 'O': 0.11458960034379029}",1.0,dissipation
"('ecoinvent-3.4-biosphere', '6d9550e2-e670-44c1-bad8-c0c4975ffca7')","Copper, ion","('water', 'surface water')",kilogram,Copper,Cu,63.55,"[['Cu', 1]]",{'Cu': 1.0},1.0,dissipation
"('ecoinvent-3.4-biosphere', 'a7831686-271e-4054-ac34-cf55814f902c')","AOX, Adsorbable Organic Halogen as Cl","('water', 'ground-')",kilogram,AOX,C19H30O2,290.4,"[['C', 19], ['H', 30], ['O', 2]]","{'C': 0.7858436639118457, 'H': 0.1041322314049587, 'O': 0.11018595041322315}",1.0,dissipation
"('ecoinvent-3.4-biosphere', 'aac39edf-68c5-4f38-9aa9-17e3ca265109')",Potassium,"('air', 'urban air close to ground')",kilogram,Potassium,K,39.0983,"[['K', 1]]",{'K': 1.0},1.0,dissipation
"('ecoinvent-3.4-biosphere', '2cbc6042-2cee-4668-8017-d7f805d9029e')","Ethane, 2,2-dichloro-1,1,1-trifluoro-, HCFC-123","('air', 'non-urban air or from high stacks')",kilogram,Ethane,C2H6,30.07,"[['C', 2], ['H', 6]]","{'C': 0.7988693049551047, 'H': 0.20113069504489525}",1.0,dissipation
"('ecoinvent-3.4-biosphere', 'e7e0031e-791d-42f4-b26c-ec322db637bc')",Ethane,"('air', 'non-urban air or from high stacks')",kilogram,Ethane,C2H6,30.07,"[['C', 2], ['H', 6]]","{'C': 0.7988693049551047, 'H': 0.20113069504489525}",1.0,dissipation
"('ecoinvent-3.4-biosphere', '0eae6018-d930-452a-82a0-e4190dd09794')","Phthalate, dibutyl-","('water', 'ground-, long-term')",kilogram,Phthalate,C8H4O4-2,164.11,"[['C', 8], ['H', 4], ['O', 4]]","{'C': 0.5855097190908536, 'H': 0.024568886722320393, 'O': 0.3899579550301627}",1.0,dissipation
"('ecoinvent-3.4-biosphere', '0bf92802-8b5e-43f5-a261-95c06bd5c551')","Ethane, 2-chloro-1,1,1,2-tetrafluoro-, HCFC-124","('air', 'low population density, long-term')",kilogram,Ethane,C2H6,30.07,"[['C', 2], ['H', 6]]","{'C': 0.7988693049551047, 'H': 0.20113069504489525}",1.0,dissipation
"('ecoinvent-3.4-biosphere', '6c34456e-59ca-465a-90a5-4583dba1a5e7')",Propylene oxide,"('air', 'low population density, long-term')",kilogram,Propylene oxide,C3H6O,58.08,"[['C', 3], ['H', 6], ['O', 1]]","{'C': 0.6204028925619836, 'H': 0.10413223140495868, 'O': 0.27546487603305786}",1.0,dissipation
"('ecoinvent-3.4-biosphere', '9841f5a4-027e-4dbf-87fe-f0bcf56b91ab')",Vanadium,"('air', 'lower stratosphere + upper troposphere')",kilogram,Vanadium,V,50.9415,"[['V', 1]]",{'V': 1.0},1.0,dissipation
"('ecoinvent-3.4-biosphere', '3166d308-cc57-4d31-b42e-63c7eada821f')",Abamectin,"('soil', 'agricultural')",kilogram,Abamectin,C95H142O28,1732.1,"[['C', 95], ['H', 142], ['O', 28]]","{'C': 0.6587639281796662, 'H': 0.08263726112811039, 'O': 0.25862940938744877}",1.0,dissipation
"('ecoinvent-3.4-biosphere', '0f70e720-127e-44dc-bb85-438158235ab6')","Methane, monochloro-, R-40","('air', 'lower stratosphere + upper troposphere')",kilogram,Methane,CH4,16.043,"[['C', 1], ['H', 4]]","{'C': 0.7486754347690582, 'H': 0.2513245652309419}",1.0,dissipation
"('ecoinvent-3.4-biosphere', '070dc6b3-0976-45a0-803e-0a87d7e96959')",1-Pentanol,"('water',)",kilogram,1-Pentanol,C5H12O,88.15,"[['C', 5], ['H', 12], ['O', 1]]","{'C': 0.6812819058423141, 'H': 0.13722064662507089, 'O': 0.18149744753261485}",1.0,dissipation
"('ecoinvent-3.4-biosphere', '0e2e2f54-225f-4782-bfda-99bedacebee5')",Trimethylamine,"('air', 'non-urban air or from high stacks')",kilogram,Trimethylamine,C3H9N,59.11,"[['C', 3], ['H', 9], ['N', 1]]","{'C': 0.6095922855692777, 'H': 0.15347656910844187, 'N': 0.23696498054474707}",1.0,dissipation
"('ecoinvent-3.4-biosphere', '4b51a9d0-4100-49c1-8d47-ec47eb51c58a')",Acetaldehyde,"('water',)",kilogram,Acetaldehyde,C2H4O,44.05,"[['C', 2], ['H', 4], ['O', 1]]","{'C': 0.5453348467650397, 'H': 0.09153234960272419, 'O': 0.3632009080590239}",1.0,dissipation
"('ecoinvent-3.4-biosphere', '1469e83d-2ac9-4e64-84e0-cfe37c85fd9d')",Propene,"('water', 'surface water')",kilogram,Propene,C3H6,42.08,"[['C', 3], ['H', 6]]","{'C': 0.8562975285171104, 'H': 0.14372623574144489}",1.0,dissipation
"('ecoinvent-3.4-biosphere', 'fe8f6da1-2dc8-4df8-8aea-d0675be0dfcf')",Ethene,"('water', 'surface water')",kilogram,Ethene,C2H4,28.05,"[['C', 2], ['H', 4]]","{'C': 0.8563992869875222, 'H': 0.14374331550802139}",1.0,dissipation
"('ecoinvent-3.4-biosphere', '395bf19a-d3e3-4185-9bee-141fdbfd6afe')",Tribenuron,"('soil', 'agricultural')",kilogram,Tribenuron,C14H15N5O6S,381.37,"[['C', 14], ['H', 15], ['N', 5], ['O', 6], ['S', 1]]","{'C': 0.44092089047381805, 'H': 0.03964653748328395, 'N': 0.1836405590371555, 'O': 0.25170831475994443, 'S': 0.08407845399480818}",1.0,dissipation
"('ecoinvent-3.4-biosphere', '6744b13d-2908-4725-88a3-1afd6696c899')",Ioxynil,"('soil', 'agricultural')",kilogram,Ioxynil,C7H3I2NO,370.91,"[['C', 7], ['H', 3], ['I', 2], ['N', 1], ['O', 1]]","{'C': 0.2266776306920816, 'H': 0.008152921193820602, 'I': 0.6842845973416731, 'N': 0.03776387802971071, 'O': 0.04313445310183063}",1.0,dissipation
"('ecoinvent-3.4-biosphere', 'bdd362be-db9c-4232-90e7-c11dee030e82')",Bromide,"('water', 'ground-, long-term')",kilogram,Bromide,Br-,79.9,"[['Br', 1]]",{'Br': 1.0},1.0,dissipation
"('ecoinvent-3.4-biosphere', '9df20e91-df67-4d1e-9f8a-c9b725823de4')",Methyl pentane,"('water', 'ocean')",kilogram,Methyl pentane,C6H14,86.18,"[['C', 6], ['H', 14]]","{'C': 0.8362265026688327, 'H': 0.16375029009050823}",1.0,dissipation
"('ecoinvent-3.4-biosphere', '4dd95929-09d1-4c60-8792-4c9b6404d168')",Fentin hydroxide,"('soil', 'agricultural')",kilogram,Fentin hydroxide,C18H16OSn,367.0,"[['C', 18], ['H', 16], ['O', 1], ['Sn', 1]]","{'C': 0.5890953678474113, 'H': 0.043945504087193464, 'O': 0.04359400544959128, 'Sn': 0.32346049046321523}",1.0,dissipation
"('ecoinvent-3.4-biosphere', '3d59d864-b6c3-4315-ab21-2c2ba2119ad1')",t-Butyl methyl ether,"('water',)",kilogram,t-Butyl methyl ether,C5H12O,88.15,"[['C', 5], ['H', 12], ['O', 1]]","{'C': 0.6812819058423141, 'H': 0.13722064662507089, 'O': 0.18149744753261485}",1.0,dissipation
"('ecoinvent-3.4-biosphere', '7805afa2-d93b-40bb-b841-325b98aec824')",Antimony,"('water', 'ocean')",kilogram,Antimony,Sb,121.76,"[['Sb', 1]]",{'Sb': 1.0},1.0,dissipation
"('ecoinvent-3.4-biosphere', 'bba88093-bd9b-4b95-b869-74e718b796dc')",Scandium,"('air', 'urban air close to ground')",kilogram,Scandium,Sc,44.95591,"[['Sc', 1]]",{'Sc': 1.0},1.0,dissipation
"('ecoinvent-3.4-biosphere', '17a7db69-d874-4ecd-af5d-48c98def445f')",Barite,"('water',)",kilogram,Barite,BaO4S,233.39,"[['Ba', 1], ['O', 4], ['S', 1]]","{'Ba': 0.588401388234286, 'O': 0.2742019795192596, 'S': 0.13738806289901023}",1.0,dissipation
"('ecoinvent-3.4-biosphere', '497e2e7c-0e1a-4b9f-a94e-d63d5e49dcf8')",4-Methyl-2-pentanone,"('air', 'low population density, long-term')",kilogram,4-Methyl-2-pentanone,C6H12O,100.16,"[['C', 6], ['H', 12], ['O', 1]]","{'C': 0.719508785942492, 'H': 0.12076677316293931, 'O': 0.1597344249201278}",1.0,dissipation
"('ecoinvent-3.4-biosphere', '43c700bb-0b3b-4fb1-8bd1-3d1da82b6844')",Nitrate,"('water', 'ocean')",kilogram,Nitrate,NO3-,62.005,"[['N', 1], ['O', 3]]","{'N': 0.22590113700508022, 'O': 0.7740827352632852}",1.0,dissipation
"('ecoinvent-3.4-biosphere', 'ad3e6f24-22b0-4ca4-9f2c-f0f5f180f633')",Propanol,"('air', 'low population density, long-term')",kilogram,Propanol,C3H8O,60.1,"[['C', 3], ['H', 8], ['O', 1]]","{'C': 0.5995507487520799, 'H': 0.1341763727121464, 'O': 0.2662063227953411}",1.0,dissipation
"('ecoinvent-3.4-biosphere', '3277a622-8234-4c73-ba22-526cf9a0fccc')",Propanol,"('water', 'surface water')",kilogram,Propanol,C3H8O,60.1,"[['C', 3], ['H', 8], ['O', 1]]","{'C': 0.5995507487520799, 'H': 0.1341763727121464, 'O': 0.2662063227953411}",1.0,dissipation
"('ecoinvent-3.4-biosphere', '88575e69-d9c0-40be-ba7d-39073b7e621e')",Fenpropathrin,"('soil', 'agricultural')",kilogram,Fenpropathrin,C22H23NO3,349.4,"[['C', 22], ['H', 23], ['N', 1], ['O', 3]]","{'C': 0.7562736119061247, 'H': 0.0663537492844877, 'N': 0.04008872352604465, 'O': 0.1373697767601603}",1.0,dissipation
"('ecoinvent-3.4-biosphere', '1dcae348-9373-4ff6-96f0-1a444fa96587')",Acifluorfen,"('air', 'non-urban air or from high stacks')",kilogram,Acifluorfen,C14H7ClF3NO5,361.65,"[['C', 14], ['H', 7], ['Cl', 1], ['F', 3], ['N', 1], ['O', 5]]","{'C': 0.46496336236692937, 'H': 0.019510576524263794, 'Cl': 0.09803124567952441, 'F': 0.15759435918705933, 'N': 0.03873081708834509, 'O': 0.2211945250933223}",1.0,dissipation
"('ecoinvent-3.4-biosphere', '5a6eb27d-9157-46d5-be32-92bbd543ada9')",o-Xylene,"('air', 'urban air close to ground')",kilogram,o-Xylene,C8H10,106.16,"[['C', 8], ['H', 10]]","{'C': 0.9051243406179351, 'H': 0.09495101733232857}",1.0,dissipation
"('ecoinvent-3.4-biosphere', '615b1460-6860-4cf6-8678-ad92c03c5e8b')","Copper, ion","('water',)",kilogram,Copper,Cu,63.55,"[['Cu', 1]]",{'Cu': 1.0},1.0,dissipation
"('ecoinvent-3.4-biosphere', '903e0cf9-6ef2-42a1-b3a8-364dfe6d04d3')",Methyl ethyl ketone,"('air', 'lower stratosphere + upper troposphere')",kilogram,Methyl ethyl ketone,C4H8O,72.11,"[['C', 4], ['H', 8], ['O', 1]]","{'C': 0.6662598807377618, 'H': 0.11182914990985994, 'O': 0.22186936624601306}",1.0,dissipation
"('ecoinvent-3.4-biosphere', 'b39670dc-16e3-485e-b477-c54c996d7516')",Hydrogen peroxide,"('air', 'low population density, long-term')",kilogram,Hydrogen peroxide,H2O2,34.015,"[['H', 2], ['O', 2]]","{'H': 0.059267970013229455, 'O': 0.9407026311921212}",1.0,dissipation
"('ecoinvent-3.4-biosphere', 'df748e50-40b4-4574-a055-c06ff2d60373')",Sodium perchlorate,"('air', 'non-urban air or from high stacks')",kilogram,Sodium perchlorate,ClNaO4,122.44,"[['Cl', 1], ['Na', 1], ['O', 4]]","{'Cl': 0.28955406729826855, 'Na': 0.18776543613198302, 'O': 0.522672329304149}",1.0,dissipation
"('ecoinvent-3.4-biosphere', '9de9178b-6d1b-476d-af1f-a16a7b3031a9')",Tolylfluanid,"('soil', 'agricultural')",kilogram,Tolylfluanid,C10H13Cl2FN2O2S2,347.3,"[['C', 10], ['H', 13], ['Cl', 2], ['F', 1], ['N', 2], ['O', 2], ['S', 2]]","{'C': 0.3458393319896343, 'H': 0.03773106824071407, 'Cl': 0.20416354736539016, 'F': 0.05470198675496689, 'N': 0.08066225165562914, 'O': 0.09213360207313562, 'S': 0.1846530377195508}",1.0,dissipation
"('ecoinvent-3.4-biosphere', '5e7cf95c-9cc3-4479-89af-55377b3db99c')",Nitrate,"('air',)",kilogram,Nitrate,NO3-,62.005,"[['N', 1], ['O', 3]]","{'N': 0.22590113700508022, 'O': 0.7740827352632852}",1.0,dissipation
"('ecoinvent-3.4-biosphere', '66d62655-2b96-4e07-84f6-721f4a3e3ec7')","Acetic acid, trifluoro-","('air', 'lower stratosphere + upper troposphere')",kilogram,Acetic acid,C2H4O2,60.05,"[['C', 2], ['H', 4], ['O', 2]]","{'C': 0.40003330557868444, 'H': 0.06714404662781016, 'O': 0.5328559533721899}",1.0,dissipation
"('ecoinvent-3.4-biosphere', '9e87035c-4f81-4314-8e01-e4fd04a12e7c')",Hydroxide,"('water', 'ground-, long-term')",kilogram,Hydroxide,HO-,17.007,"[['H', 1], ['O', 1]]","{'H': 0.05926971247133533, 'O': 0.9407302875286646}",1.0,dissipation
"('ecoinvent-3.4-biosphere', 'a40f1ce3-e72f-48fa-8bba-174a1d4bf922')",Clopyralid,"('soil', 'agricultural')",kilogram,Clopyralid,C6H3Cl2NO2,192.0,"[['C', 6], ['H', 3], ['Cl', 2], ['N', 1], ['O', 2]]","{'C': 0.37534375000000003, 'H': 0.01575, 'Cl': 0.36930208333333336, 'N': 0.072953125, 'O': 0.16665625}",1.0,dissipation
"('ecoinvent-3.4-biosphere', '839c3c22-3168-4736-a3f8-e9f772ef062f')",Methomyl,"('water', 'surface water')",kilogram,Methomyl,C5H10N2O2S,162.21,"[['C', 5], ['H', 10], ['N', 2], ['O', 2], ['S', 1]]","{'C': 0.37022994883176125, 'H': 0.06214166820787867, 'N': 0.17270205289439614, 'O': 0.1972628074717958, 'S': 0.197675852290241}",1.0,dissipation
"('ecoinvent-3.4-biosphere', 'b7a3b260-ac8d-43e2-b549-34bb5b82b533')",Hexamethyldisilizane,"('air', 'urban air close to ground')",kilogram,Hexamethyldisilizane,C6H19NSi2,161.39,"[['C', 6], ['H', 19], ['N', 1], ['Si', 2]]","{'C': 0.44653324245616216, 'H': 0.11866906251936304, 'N': 0.0867897639258938, 'Si': 0.3480513042939464}",1.0,dissipation
"('ecoinvent-3.4-biosphere', 'c8e5538f-17a1-4f62-aa64-39a91adb5cd3')","Ethane, 1,1,1-trichloro-, HCFC-140","('water',)",kilogram,Ethane,C2H6,30.07,"[['C', 2], ['H', 6]]","{'C': 0.7988693049551047, 'H': 0.20113069504489525}",1.0,dissipation
"('ecoinvent-3.4-biosphere', '75af210f-0455-487e-ba2c-e9dd317af77c')",Zirconium,"('air', 'lower stratosphere + upper troposphere')",kilogram,Zirconium,Zr,91.22,"[['Zr', 1]]",{'Zr': 1.0},1.0,dissipation
"('ecoinvent-3.4-biosphere', 'd0cde0b1-afcc-5179-8895-0aacba2e15a1')",Dimethyldichlorosilane,"('air',)",kilogram,Dimethyldichlorosilane,C2H6Cl2Si,129.06,"[['C', 2], ['H', 6], ['Cl', 2], ['Si', 1]]","{'C': 0.18613048194638152, 'H': 0.04686192468619247, 'Cl': 0.5494033782736713, 'Si': 0.21761971176197117}",1.0,dissipation
"('ecoinvent-3.4-biosphere', '4db9bb53-4bdd-4f32-a6a8-521f58c5825c')",Benz(a)anthracene,"('air',)",kilogram,Benz(a)anthracene,C18H12,228.3,"[['C', 18], ['H', 12]]","{'C': 0.9469908015768724, 'H': 0.05298291721419185}",1.0,dissipation
"('ecoinvent-3.4-biosphere', '4c1f2242-8f97-4b1b-9511-af456caea4e6')",Nitrobenzene,"('water', 'ground-, long-term')",kilogram,Nitrobenzene,C6H5NO2,123.11,"[['C', 6], ['H', 5], ['N', 1], ['O', 2]]","{'C': 0.5853789294127204, 'H': 0.04093899764438307, 'N': 0.11377629762001462, 'O': 0.2599138981398749}",1.0,dissipation
"('ecoinvent-3.4-biosphere', '4ec70203-13b0-58cc-b4dd-2fcce8a96732')","VOC, volatile organic compounds, unspecified origin","('air',)",kilogram,VOC,C16H16N4O2,296.32,"[['C', 16], ['H', 16], ['N', 4], ['O', 2]]","{'C': 0.6485421166306695, 'H': 0.054427645788336934, 'N': 0.189079373650108, 'O': 0.10798461123110152}",1.0,dissipation
"('ecoinvent-3.4-biosphere', '1ae07e12-290e-4ee2-a032-d3075e161c53')",Dimethylamine,"('water', 'ground-')",kilogram,Dimethylamine,C2H7N,45.08,"[['C', 2], ['H', 7], ['N', 1]]","{'C': 0.5328748890860692, 'H': 0.1565217391304348, 'N': 0.3107142857142857}",1.0,dissipation
"('ecoinvent-3.4-biosphere', '0fbca534-f355-4477-b29f-7b5fc2fbce64')",Boron,"('air', 'low population density, long-term')",kilogram,Boron,B,10.81,"[['B', 1]]",{'B': 1.0},1.0,dissipation
"('ecoinvent-3.4-biosphere', '7ddfe455-20e9-4aea-b903-79a35289ca45')",Thorium,"('air', 'low population density, long-term')",kilogram,Thorium,Th,232.038,"[['Th', 1]]",{'Th': 1.0},1.0,dissipation
"('ecoinvent-3.4-biosphere', '64a6c54a-9c47-4969-bc91-aed7f314ea03')",Fluoroglycofen-ethyl,"('soil', 'agricultural')",kilogram,Fluoroglycofen-ethyl,C18H13ClF3NO7,447.7,"[['C', 18], ['H', 13], ['Cl', 1], ['F', 3], ['N', 1], ['O', 7]]","{'C': 0.482908197453652, 'H': 0.029269600178691086, 'Cl': 0.0791891891891892, 'F': 0.12730399821308913, 'N': 0.03128657583203038, 'O': 0.25015188742461475}",1.0,dissipation
"('ecoinvent-3.4-biosphere', '0ba582f8-3360-441a-a93c-ea15e87f7b0c')",Ethephon,"('soil', 'agricultural')",kilogram,Ethephon,C2H6ClO3P,144.49,"[['C', 2], ['H', 6], ['Cl', 1], ['O', 3], ['P', 1]]","{'C': 0.16625371998062147, 'H': 0.04185756799778531, 'Cl': 0.245366461346806, 'O': 0.33218215793480516, 'P': 0.2143677763167001}",1.0,dissipation
"('ecoinvent-3.4-biosphere', '024b1a73-0cff-4b49-9e1e-7d75110f1e31')",Styrene,"('water', 'ocean')",kilogram,Styrene,C8H8,104.15,"[['C', 8], ['H', 8]]","{'C': 0.9225924147863657, 'H': 0.07742678828612577}",1.0,dissipation
"('ecoinvent-3.4-biosphere', '28febdb5-59ae-41c3-8709-43edb165f74e')",Phenol,"('water', 'ground-')",kilogram,Phenol,C6H6O,94.11,"[['C', 6], ['H', 6], ['O', 1]]","{'C': 0.765763468281798, 'H': 0.06426522154925088, 'O': 0.17000318775900541}",1.0,dissipation
"('ecoinvent-3.4-biosphere', 'd22d803d-a281-4821-8a6c-e79b75641eae')",Dichlorprop,"('water', 'ground-')",kilogram,Dichlorprop,C9H8Cl2O3,235.06,"[['C', 9], ['H', 8], ['Cl', 2], ['O', 3]]","{'C': 0.4598783289372926, 'H': 0.034306134603930914, 'Cl': 0.30165064238917727, 'O': 0.20419041946737004}",1.0,dissipation
"('ecoinvent-3.4-biosphere', '7edf2b3a-762e-40ce-85e3-6716d8222e47')",MCPB,"('water', 'surface water')",kilogram,MCPB,C11H13ClO3,228.67,"[['C', 11], ['H', 13], ['Cl', 1], ['O', 3]]","{'C': 0.5777802072856081, 'H': 0.05730528709494031, 'Cl': 0.15504001399396514, 'O': 0.20989635719595925}",1.0,dissipation
"('ecoinvent-3.4-biosphere', '10bb4bbd-818f-4dd1-a5bd-5105c43bc32f')",Acrylic acid,"('air', 'low population density, long-term')",kilogram,Acrylic acid,C3H4O2,72.06,"[['C', 3], ['H', 4], ['O', 2]]","{'C': 0.5000416319733555, 'H': 0.055953372189841796, 'O': 0.4440466278101582}",1.0,dissipation
"('ecoinvent-3.4-biosphere', 'efe94e38-a449-4817-94c1-7aedf1022714')",2-Methyl-2-butene,"('water', 'ground-')",kilogram,2-Methyl-2-butene,C5H10,70.13,"[['C', 5], ['H', 10]]","{'C': 0.8563382290032796, 'H': 0.14373306716098674}",1.0,dissipation
"('ecoinvent-3.4-biosphere', 'b3657137-08c4-4ee0-9817-567c47bf5e86')","Thiocyanate, ion","('water', 'surface water')",kilogram,Thiocyanate,CNS-,58.08,"[['C', 1], ['N', 1], ['S', 1]]","{'C': 0.20680096418732782, 'N': 0.24116735537190082, 'S': 0.5520833333333333}",1.0,dissipation
"('ecoinvent-3.4-biosphere', 'bd086aa3-312a-47af-a7b2-04fddbf8f01e')","Carbon monoxide, from soil or biomass stock","('air', 'low population density, long-term')",kilogram,Carbon monoxide,CO,28.01,"[['C', 1], ['O', 1]]","{'C': 0.42881113887897176, 'O': 0.5711888611210282}",1.0,dissipation
"('ecoinvent-3.4-biosphere', '917f39ec-2757-4eb6-85cd-8576c3e727cc')","Ethane, hexachloro-","('water', 'ocean')",kilogram,Ethane,C2H6,30.07,"[['C', 2], ['H', 6]]","{'C': 0.7988693049551047, 'H': 0.20113069504489525}",1.0,dissipation
"('ecoinvent-3.4-biosphere', '23868338-42bc-4baf-a9e2-8e84ff8c92f1')",2-Methyl-2-butene,"('water',)",kilogram,2-Methyl-2-butene,C5H10,70.13,"[['C', 5], ['H', 10]]","{'C': 0.8563382290032796, 'H': 0.14373306716098674}",1.0,dissipation
"('ecoinvent-3.4-biosphere', 'b301fa9a-ba60-4eac-8ccc-6ccbdf099b35')",Hydrogen,"('air',)",kilogram,Hydrogen,H2,2.016,"[['H', 2]]",{'H': 1.0},1.0,dissipation
"('ecoinvent-3.4-biosphere', 'a0fec60d-3f74-48bf-a2d2-58c30fc13e53')",2-Aminopropanol,"('air', 'urban air close to ground')",kilogram,2-Aminopropanol,C3H9NO,75.11,"[['C', 3], ['H', 9], ['N', 1], ['O', 1]]","{'C': 0.4797363866329384, 'H': 0.12078285181733457, 'N': 0.1864864864864865, 'O': 0.21300758886965784}",1.0,dissipation
"('ecoinvent-3.4-biosphere', '95589041-7176-4e15-9578-fa6a4066955f')","Ethene, chloro-","('water', 'ground-, long-term')",kilogram,Ethene,C2H4,28.05,"[['C', 2], ['H', 4]]","{'C': 0.8563992869875222, 'H': 0.14374331550802139}",1.0,dissipation
"('ecoinvent-3.4-biosphere', '92ee2fc1-238c-465d-9887-418af42db9c7')",Acetochlor,"('soil', 'agricultural')",kilogram,Acetochlor,C14H20ClNO2,269.77,"[['C', 14], ['H', 20], ['Cl', 1], ['N', 1], ['O', 2]]","{'C': 0.6233235719316456, 'H': 0.0747303258331171, 'Cl': 0.13141935723023318, 'N': 0.051922007636134485, 'O': 0.1186121510916707}",1.0,dissipation
"('ecoinvent-3.4-biosphere', '6ce44f77-d181-4396-8fa2-2276eeeb4c08')",Sulfur dioxide,"('air', 'low population density, long-term')",kilogram,Sulfur dioxide,O2S,64.07,"[['O', 2], ['S', 1]]","{'O': 0.49942250663336984, 'S': 0.5004682378648354}",1.0,dissipation
"('ecoinvent-3.4-biosphere', '02dd7309-b7c2-47bb-82c8-09345be9c2bb')",Dichlorprop-P,"('soil', 'agricultural')",kilogram,Dichlorprop-P,C9H8Cl2O3,235.06,"[['C', 9], ['H', 8], ['Cl', 2], ['O', 3]]","{'C': 0.4598783289372926, 'H': 0.034306134603930914, 'Cl': 0.30165064238917727, 'O': 0.20419041946737004}",1.0,dissipation
"('ecoinvent-3.4-biosphere', '6ab08314-53e1-4c4b-963f-3c6e6970273d')",Chloride,"('soil', 'agricultural')",kilogram,Chloride,Cl-,35.45,"[['Cl', 1]]",{'Cl': 1.0},1.0,dissipation
"('ecoinvent-3.4-biosphere', '8b7dc667-f04e-492c-a161-80b1482126b0')",Hydrogen fluoride,"('air', 'non-urban air or from high stacks')",kilogram,Hydrogen fluoride,FH,20.0064,"[['F', 1], ['H', 1]]","{'F': 0.9495961292386437, 'H': 0.050383877159309025}",1.0,dissipation
"('ecoinvent-3.4-biosphere', '3a6c936c-0276-4f11-9d98-1bd011387a6e')",Propane,"('air',)",kilogram,Propane,C3H8,44.1,"[['C', 3], ['H', 8]]","{'C': 0.8170748299319728, 'H': 0.18285714285714286}",1.0,dissipation
"('ecoinvent-3.4-biosphere', '8e159def-c94d-4400-bde2-9b936315d183')",Ethylene glycol monoethyl ether,"('water', 'ocean')",kilogram,Ethylene glycol monoethyl ether,C4H10O2,90.12,"[['C', 4], ['H', 10], ['O', 2]]","{'C': 0.5331114070128716, 'H': 0.11185086551264979, 'O': 0.35505992010652465}",1.0,dissipation
"('ecoinvent-3.4-biosphere', 'cf2cfb56-f662-45cc-b124-3917573c37c0')",Benzo(k)fluoranthene,"('water', 'surface water')",kilogram,Benzo(k)fluoranthene,C20H12,252.3,"[['C', 20], ['H', 12]]","{'C': 0.9521204914783986, 'H': 0.04794292508917954}",1.0,dissipation
"('ecoinvent-3.4-biosphere', '33aaa517-2f57-4b13-be01-910469b03567')",Silicon,"('soil', 'forestry')",kilogram,Silicon,Si,28.085,"[['Si', 1]]",{'Si': 1.0},1.0,dissipation
"('ecoinvent-3.4-biosphere', '62bd2ced-16de-43c2-88e1-adfae242654e')",m-Xylene,"('air', 'low population density, long-term')",kilogram,m-Xylene,C8H10,106.16,"[['C', 8], ['H', 10]]","{'C': 0.9051243406179351, 'H': 0.09495101733232857}",1.0,dissipation
"('ecoinvent-3.4-biosphere', 'b4c2f1fd-079a-4afc-8acb-67d1c4465c00')",Anthracene,"('water', 'ocean')",kilogram,Anthracene,C14H10,178.23,"[['C', 14], ['H', 10]]","{'C': 0.9434663075800932, 'H': 0.056556135330752405}",1.0,dissipation
"('ecoinvent-3.4-biosphere', '470558a5-494c-4298-8cf8-9a64900b8d65')",Lactofen,"('air', 'non-urban air or from high stacks')",kilogram,Lactofen,C19H15ClF3NO7,461.8,"[['C', 19], ['H', 15], ['Cl', 1], ['F', 3], ['N', 1], ['O', 7]]","{'C': 0.4941728020788219, 'H': 0.03274144651364227, 'Cl': 0.07677132957990472, 'F': 0.12341706366392377, 'N': 0.030331312256388045, 'O': 0.24251407535729755}",1.0,dissipation
"('ecoinvent-3.4-biosphere', '05f6e226-0593-46f5-a788-01fa306e66ad')","Carbon monoxide, from soil or biomass stock","('air', 'indoor')",kilogram,Carbon monoxide,CO,28.01,"[['C', 1], ['O', 1]]","{'C': 0.42881113887897176, 'O': 0.5711888611210282}",1.0,dissipation
"('ecoinvent-3.4-biosphere', 'd78a3d22-4bed-4ad3-8a9c-1cc4645188d0')",Acetone,"('water',)",kilogram,Acetone,C3H6O,58.08,"[['C', 3], ['H', 6], ['O', 1]]","{'C': 0.6204028925619836, 'H': 0.10413223140495868, 'O': 0.27546487603305786}",1.0,dissipation
"('ecoinvent-3.4-biosphere', '2e518059-747c-4ff1-8da3-17134c547ac2')",Uranium,"('air', 'non-urban air or from high stacks')",kilogram,Uranium,U,238.0289,"[['U', 1]]",{'U': 1.0},1.0,dissipation
"('ecoinvent-3.4-biosphere', '34b96163-a3df-4bc1-8224-e2a9fe01b23f')",Antimony,"('water', 'surface water')",kilogram,Antimony,Sb,121.76,"[['Sb', 1]]",{'Sb': 1.0},1.0,dissipation
"('ecoinvent-3.4-biosphere', '88f99b72-03aa-4ed5-a3b7-33791ef70932')",Sethoxydim,"('air', 'non-urban air or from high stacks')",kilogram,Sethoxydim,C17H29NO3S,327.5,"[['C', 17], ['H', 29], ['N', 1], ['O', 3], ['S', 1]]","{'C': 0.6234717557251908, 'H': 0.08925801526717557, 'N': 0.04276946564885496, 'O': 0.1465557251908397, 'S': 0.09790839694656488}",1.0,dissipation
"('ecoinvent-3.4-biosphere', '3cea246d-706f-4280-ac52-3c7590e8fa7f')",Acetic acid,"('water',)",kilogram,Acetic acid,C2H4O2,60.05,"[['C', 2], ['H', 4], ['O', 2]]","{'C': 0.40003330557868444, 'H': 0.06714404662781016, 'O': 0.5328559533721899}",1.0,dissipation
"('ecoinvent-3.4-biosphere', 'f918799d-98d3-5d5d-b02f-480b340d038c')",Bromopropane,"('water',)",kilogram,Bromopropane,C3H7Br,122.99,"[['C', 3], ['H', 7], ['Br', 1]]","{'C': 0.29297503862102614, 'H': 0.05737051792828685, 'Br': 0.6496788356776974}",1.0,dissipation
"('ecoinvent-3.4-biosphere', '512a4c49-ad90-44b3-815b-59c4b9988f8a')",Methyl borate,"('air', 'low population density, long-term')",kilogram,Methyl borate,C3H9BO3,103.92,"[['C', 3], ['H', 9], ['B', 1], ['O', 3]]","{'C': 0.3467378752886836, 'H': 0.08729792147806004, 'B': 0.10402232486528099, 'O': 0.461864896073903}",1.0,dissipation
"('ecoinvent-3.4-biosphere', 'b2663551-c9e2-446c-88e1-0a87435667dc')",Pyrimethanil,"('soil', 'agricultural')",kilogram,Pyrimethanil,C12H13N3,199.25,"[['C', 12], ['H', 13], ['N', 3]]","{'C': 0.7233726474278545, 'H': 0.06576662484316186, 'N': 0.21089585947302383}",1.0,dissipation
"('ecoinvent-3.4-biosphere', 'd26099e9-c6bc-4d7f-a0bd-29c884965ba5')",Dichromate,"('water', 'surface water')",kilogram,Dichromate,Cr2O7-2,215.99,"[['Cr', 2], ['O', 7]]","{'Cr': 0.48146673457104494, 'O': 0.5185101162090838}",1.0,dissipation
"('ecoinvent-3.4-biosphere', '3f49a574-0d24-47ba-a669-c4f2f5be5f13')",Acetonitrile,"('air', 'low population density, long-term')",kilogram,Acetonitrile,C2H3N,41.05,"[['C', 2], ['H', 3], ['N', 1]]","{'C': 0.5851887941534714, 'H': 0.07366626065773448, 'N': 0.3412180267965895}",1.0,dissipation
"('ecoinvent-3.4-biosphere', 'f8d3477c-7a39-4a51-9c16-a2ee5ae6a5d7')","Ethene, tetrachloro-","('water', 'ground-')",kilogram,Ethene,C2H4,28.05,"[['C', 2], ['H', 4]]","{'C': 0.8563992869875222, 'H': 0.14374331550802139}",1.0,dissipation
"('ecoinvent-3.4-biosphere', '66611217-6711-4b3a-8966-4ab2b7107ca6')",Diethylamine,"('water', 'surface water')",kilogram,Diethylamine,C4H11N,73.14,"[['C', 4], ['H', 11], ['N', 1]]","{'C': 0.6568772217664752, 'H': 0.15159967186218212, 'N': 0.19150943396226414}",1.0,dissipation
"('ecoinvent-3.4-biosphere', 'dcedc211-8daa-49ac-82a9-ce60a22d9b43')",Phosphorus trichloride,"('air',)",kilogram,Phosphorus trichloride,Cl3P,137.33,"[['Cl', 3], ['P', 1]]","{'Cl': 0.7744775358625209, 'P': 0.2255443093278963}",1.0,dissipation
"('ecoinvent-3.4-biosphere', 'b81c5c51-5ec9-4b6b-b8c0-6b4d385b1439')",Chlormequat chloride,"('soil', 'agricultural')",kilogram,Chlormequat chloride,C5H13Cl2N,158.07,"[['C', 5], ['H', 13], ['Cl', 2], ['N', 1]]","{'C': 0.3799266147909154, 'H': 0.08289998102106662, 'Cl': 0.4485734168406403, 'N': 0.08861263996963371}",1.0,dissipation
"('ecoinvent-3.4-biosphere', '16521d00-4b6f-464f-b5dd-8da4a27b15ca')",Sulfur dioxide,"('air', 'lower stratosphere + upper troposphere')",kilogram,Sulfur dioxide,O2S,64.07,"[['O', 2], ['S', 1]]","{'O': 0.49942250663336984, 'S': 0.5004682378648354}",1.0,dissipation
"('ecoinvent-3.4-biosphere', '2169a4c1-3198-48ed-92f4-4fa22ed44739')",Lactic acid,"('water', 'ground-, long-term')",kilogram,Lactic acid,C3H6O3,90.08,"[['C', 3], ['H', 6], ['O', 3]]","{'C': 0.4000111012433393, 'H': 0.06714031971580817, 'O': 0.5328263765541741}",1.0,dissipation
"('ecoinvent-3.4-biosphere', '62fcd384-906d-474f-a84b-9f944b78f804')","Cadmium, ion","('water', 'ocean')",kilogram,Cadmium,Cd,112.41,"[['Cd', 1]]",{'Cd': 1.0},1.0,dissipation
"('ecoinvent-3.4-biosphere', '43a7e8ef-634e-401b-92f1-32cb42f226ac')",Acetaldehyde,"('air', 'lower stratosphere + upper troposphere')",kilogram,Acetaldehyde,C2H4O,44.05,"[['C', 2], ['H', 4], ['O', 1]]","{'C': 0.5453348467650397, 'H': 0.09153234960272419, 'O': 0.3632009080590239}",1.0,dissipation
"('ecoinvent-3.4-biosphere', '4bafafca-ff89-46aa-9aaf-c93667df13a4')",Thifensulfuron-methyl,"('soil', 'agricultural')",kilogram,Thifensulfuron-methyl,C12H13N5O6S2,387.4,"[['C', 12], ['H', 13], ['N', 5], ['O', 6], ['S', 2]]","{'C': 0.372049561177078, 'H': 0.033825503355704695, 'N': 0.18078213732576148, 'O': 0.24779039752194115, 'S': 0.165539494062984}",1.0,dissipation
"('ecoinvent-3.4-biosphere', '5298c766-a7f8-4bff-8409-369818561b7c')",Sodium perchlorate,"('air',)",kilogram,Sodium perchlorate,ClNaO4,122.44,"[['Cl', 1], ['Na', 1], ['O', 4]]","{'Cl': 0.28955406729826855, 'Na': 0.18776543613198302, 'O': 0.522672329304149}",1.0,dissipation
"('ecoinvent-3.4-biosphere', '13825fb9-6e24-409a-bfcd-5dc4fd61ef98')",Sulfur trioxide,"('air', 'low population density, long-term')",kilogram,Sulfur trioxide,O3S,80.07,"[['O', 3], ['S', 1]]","{'O': 0.5994379917572125, 'S': 0.400462095666292}",1.0,dissipation
"('ecoinvent-3.4-biosphere', '80e632a0-29e1-4032-b410-e707d0b3519b')",Cyanide,"('water', 'ground-, long-term')",kilogram,Cyanide,CN-,26.017,"[['C', 1], ['N', 1]]","{'C': 0.4616596840527347, 'N': 0.5383787523542299}",1.0,dissipation
"('ecoinvent-3.4-biosphere', 'f9d36529-abde-4ed2-a82c-d365ae2c713f')",4-Methyl-2-pentanone,"('water',)",kilogram,4-Methyl-2-pentanone,C6H12O,100.16,"[['C', 6], ['H', 12], ['O', 1]]","{'C': 0.719508785942492, 'H': 0.12076677316293931, 'O': 0.1597344249201278}",1.0,dissipation
"('ecoinvent-3.4-biosphere', '4cd94f47-0da2-5c4a-bfae-013bacbcf648')",Dinitrogen tetroxide,"('air',)",kilogram,Dinitrogen tetroxide,N2O4,92.011,"[['N', 2], ['O', 4]]","{'N': 0.3044635967438676, 'O': 0.6955255349903816}",1.0,dissipation
"('ecoinvent-3.4-biosphere', '9eb7a71d-0e15-4cf3-b8db-4b2ccf87380a')",Chloroacetic acid,"('air',)",kilogram,Chloroacetic acid,C2H3ClO2,94.5,"[['C', 2], ['H', 3], ['Cl', 1], ['O', 2]]","{'C': 0.2542010582010582, 'H': 0.032, 'Cl': 0.3751640211640212, 'O': 0.33860317460317463}",1.0,dissipation
"('ecoinvent-3.4-biosphere', '21c257b2-57ce-4a6e-b4bd-40f0f75f310f')","Silver, ion","('water', 'ocean')",kilogram,Silver,Ag,107.868,"[['Ag', 1]]",{'Ag': 1.0},1.0,dissipation
"('ecoinvent-3.4-biosphere', '419bd741-384e-41ba-a432-5ad25e006a45')",Methyl borate,"('air', 'lower stratosphere + upper troposphere')",kilogram,Methyl borate,C3H9BO3,103.92,"[['C', 3], ['H', 9], ['B', 1], ['O', 3]]","{'C': 0.3467378752886836, 'H': 0.08729792147806004, 'B': 0.10402232486528099, 'O': 0.461864896073903}",1.0,dissipation
"('ecoinvent-3.4-biosphere', '60268f3d-468b-487e-acb1-24d7250cb6b3')","Ethane, 2-chloro-1,1,1,2-tetrafluoro-, HCFC-124","('air',)",kilogram,Ethane,C2H6,30.07,"[['C', 2], ['H', 6]]","{'C': 0.7988693049551047, 'H': 0.20113069504489525}",1.0,dissipation
"('ecoinvent-3.4-biosphere', '3b30d058-02ef-4ed2-b357-5fc1a45c63e7')","Ethane, 1,2-dichloro-1,1,2,2-tetrafluoro-, CFC-114","('air', 'urban air close to ground')",kilogram,Ethane,C2H6,30.07,"[['C', 2], ['H', 6]]","{'C': 0.7988693049551047, 'H': 0.20113069504489525}",1.0,dissipation
"('ecoinvent-3.4-biosphere', '8b531ec0-ca7a-49cd-bef0-56f110112f34')",Molybdenum,"('soil',)",kilogram,Molybdenum,Mo,95.95,"[['Mo', 1]]",{'Mo': 1.0},1.0,dissipation
"('ecoinvent-3.4-biosphere', '3d69efc9-791c-4a6f-9d2b-8b04afae9536')",Toluene,"('water', 'ground-, long-term')",kilogram,Toluene,C7H8,92.14,"[['C', 7], ['H', 8]]","{'C': 0.9124918602127198, 'H': 0.08751899283698719}",1.0,dissipation
"('ecoinvent-3.4-biosphere', '6e8a87bf-baea-4cd9-a967-932e750968d1')",Silver,"('air', 'lower stratosphere + upper troposphere')",kilogram,Silver,Ag,107.868,"[['Ag', 1]]",{'Ag': 1.0},1.0,dissipation
"('ecoinvent-3.4-biosphere', 'd96403bf-902e-4b7a-8ffd-32fe09e4017f')",Aluminium,"('air', 'lower stratosphere + upper troposphere')",kilogram,Aluminium,Al,26.981538,"[['Al', 1]]",{'Al': 1.0},1.0,dissipation
"('ecoinvent-3.4-biosphere', '17d135a5-2367-40d1-864b-fe817cd2284e')",Methyl acrylate,"('air', 'low population density, long-term')",kilogram,Methyl acrylate,C4H6O2,86.09,"[['C', 4], ['H', 6], ['O', 2]]","{'C': 0.558067139040539, 'H': 0.0702520617957951, 'O': 0.3716807991636659}",1.0,dissipation
"('ecoinvent-3.4-biosphere', 'b465eb7f-dfe9-4057-ad17-c451d58fd753')",Isocyanic acid,"('air', 'urban air close to ground')",kilogram,Isocyanic acid,CHNO,43.025,"[['C', 1], ['H', 1], ['N', 1], ['O', 1]]","{'C': 0.2791632771644393, 'H': 0.023428239395700174, 'N': 0.32555490993608366, 'O': 0.3718535735037769}",1.0,dissipation
"('ecoinvent-3.4-biosphere', 'adfb11ec-7a41-47da-abc2-c92c59810e50')",Vanadium,"('soil', 'agricultural')",kilogram,Vanadium,V,50.9415,"[['V', 1]]",{'V': 1.0},1.0,dissipation
"('ecoinvent-3.4-biosphere', '0b9698ec-8b52-4986-8f9f-ad30915aa00c')",Pentane,"('air', 'urban air close to ground')",kilogram,Pentane,C5H12,72.15,"[['C', 5], ['H', 12]]","{'C': 0.8323631323631322, 'H': 0.16765072765072764}",1.0,dissipation
"('ecoinvent-3.4-biosphere', 'a9ec0c9b-982a-4329-99ae-dab1f9fb62d3')",Chromium VI,"('water',)",kilogram,Chromium,Cr,51.996,"[['Cr', 1]]",{'Cr': 1.0},1.0,dissipation
"('ecoinvent-3.4-biosphere', '06a42317-47bd-481d-b5ce-e091843497c6')","Benzene, dichloro","('air', 'non-urban air or from high stacks')",kilogram,Benzene,C6H6,78.11,"[['C', 6], ['H', 6]]","{'C': 0.9226219434131354, 'H': 0.07742926641915247}",1.0,dissipation
"('ecoinvent-3.4-biosphere', 'febe9ac2-ab48-4351-97cb-afcea765d411')",Diborane,"('air', 'urban air close to ground')",kilogram,Diborane,B2H6,27.67,"[['B', 2], ['H', 6]]","{'B': 0.7813516443801951, 'H': 0.21857607517166605}",1.0,dissipation
"('ecoinvent-3.4-biosphere', '82bb882b-572f-4af0-b35b-4c846ee49dda')",Rubidium,"('water', 'surface water')",kilogram,Rubidium,Rb,85.468,"[['Rb', 1]]",{'Rb': 1.0},1.0,dissipation
"('ecoinvent-3.4-biosphere', '664cfb50-d657-4c95-8778-f4fb7a6fe361')",Tetramethyl ammonium hydroxide,"('air', 'low population density, long-term')",kilogram,Tetramethyl ammonium hydroxide,C4H13NO,91.15,"[['C', 4], ['H', 13], ['N', 1], ['O', 1]]","{'C': 0.5270872188699944, 'H': 0.14376302797586393, 'N': 0.1536697750959956, 'O': 0.17552386176631926}",1.0,dissipation
"('ecoinvent-3.4-biosphere', '183aa819-941d-48b4-9d47-7e725d1813bb')",Nitrobenzene,"('water',)",kilogram,Nitrobenzene,C6H5NO2,123.11,"[['C', 6], ['H', 5], ['N', 1], ['O', 2]]","{'C': 0.5853789294127204, 'H': 0.04093899764438307, 'N': 0.11377629762001462, 'O': 0.2599138981398749}",1.0,dissipation
"('ecoinvent-3.4-biosphere', '05bfed24-3408-42a2-9208-daec1538905d')",Cyanazine,"('soil', 'agricultural')",kilogram,Cyanazine,C9H13ClN6,240.69,"[['C', 9], ['H', 13], ['Cl', 1], ['N', 6]]","{'C': 0.44912127633054966, 'H': 0.054443475009348125, 'Cl': 0.14729735344218706, 'N': 0.3491711329926461}",1.0,dissipation
"('ecoinvent-3.4-biosphere', '7e246e3a-5cff-43fc-a8e6-02d191424559')",Barium,"('air',)",kilogram,Barium,Ba,137.33,"[['Ba', 1]]",{'Ba': 1.0},1.0,dissipation
"('ecoinvent-3.4-biosphere', '24145938-f9e3-40ea-ab06-409187ca5d26')",Sulfite,"('water',)",kilogram,Sulfite,O3S-2,80.07,"[['O', 3], ['S', 1]]","{'O': 0.5994379917572125, 'S': 0.400462095666292}",1.0,dissipation
"('ecoinvent-3.4-biosphere', 'b03642f4-8fa3-44df-ba91-7bcf5677d9a7')",Cadmium,"('soil', 'forestry')",kilogram,Cadmium,Cd,112.41,"[['Cd', 1]]",{'Cd': 1.0},1.0,dissipation
"('ecoinvent-3.4-biosphere', '35df5fe0-c90d-43b4-a35a-3d97022114d2')",Silver,"('air', 'non-urban air or from high stacks')",kilogram,Silver,Ag,107.868,"[['Ag', 1]]",{'Ag': 1.0},1.0,dissipation
"('ecoinvent-3.4-biosphere', 'b5b4a44b-1d45-447f-b2b0-400d1069c733')","AOX, Adsorbable Organic Halogen as Cl","('water', 'ground-, long-term')",kilogram,AOX,C19H30O2,290.4,"[['C', 19], ['H', 30], ['O', 2]]","{'C': 0.7858436639118457, 'H': 0.1041322314049587, 'O': 0.11018595041322315}",1.0,dissipation
"('ecoinvent-3.4-biosphere', 'c672fec5-5d1d-4353-9af3-2528b073a262')",Iodide,"('soil', 'agricultural')",kilogram,Iodide,I-,126.9045,"[['I', 1]]",{'I': 1.0},1.0,dissipation
"('ecoinvent-3.4-biosphere', 'ca793a60-fdf5-4e53-9d75-b279d4a7e7c4')",Dimethylamine,"('air', 'non-urban air or from high stacks')",kilogram,Dimethylamine,C2H7N,45.08,"[['C', 2], ['H', 7], ['N', 1]]","{'C': 0.5328748890860692, 'H': 0.1565217391304348, 'N': 0.3107142857142857}",1.0,dissipation
"('ecoinvent-3.4-biosphere', '7ab9afec-40e0-41b0-82b1-6cb15c84e949')",Sulfentrazone,"('soil', 'agricultural')",kilogram,Sulfentrazone,C11H10Cl2F2N4O3S,387.2,"[['C', 11], ['H', 10], ['Cl', 2], ['F', 2], ['N', 4], ['O', 3], ['S', 1]]","{'C': 0.3412215909090909, 'H': 0.02603305785123967, 'Cl': 0.183125, 'F': 0.09813016528925621, 'N': 0.1447004132231405, 'O': 0.12395919421487604, 'S': 0.0828125}",1.0,dissipation
"('ecoinvent-3.4-biosphere', 'c126f8a0-6bc4-42e6-9220-d6ccfef3f2ed')",Molybdenum,"('soil', 'industrial')",kilogram,Molybdenum,Mo,95.95,"[['Mo', 1]]",{'Mo': 1.0},1.0,dissipation
"('ecoinvent-3.4-biosphere', 'f127acc1-4904-448c-9b46-e0c4d2da8bda')",Formamide,"('water',)",kilogram,Formamide,CH3NO,45.041,"[['C', 1], ['H', 3], ['N', 1], ['O', 1]]","{'C': 0.2666681467995826, 'H': 0.0671388290668502, 'N': 0.310983326302702, 'O': 0.35520969783086526}",1.0,dissipation
"('ecoinvent-3.4-biosphere', '56e7c4ee-29a0-4d90-a44d-ee7e7faade83')",4-Methyl-2-pentanol,"('water',)",kilogram,4-Methyl-2-pentanol,C6H14O,102.17,"[['C', 6], ['H', 14], ['O', 1]]","{'C': 0.7053538220612704, 'H': 0.13812273661544486, 'O': 0.15659195458549477}",1.0,dissipation
"('ecoinvent-3.4-biosphere', 'f4ce8a13-0159-48e3-a773-669d75e9fd78')",Methyl formate,"('air', 'lower stratosphere + upper troposphere')",kilogram,Methyl formate,C2H4O2,60.05,"[['C', 2], ['H', 4], ['O', 2]]","{'C': 0.40003330557868444, 'H': 0.06714404662781016, 'O': 0.5328559533721899}",1.0,dissipation
"('ecoinvent-3.4-biosphere', '0b0d8098-ecbf-4020-afd6-4bcf9db686ce')",Toluene,"('air', 'lower stratosphere + upper troposphere')",kilogram,Toluene,C7H8,92.14,"[['C', 7], ['H', 8]]","{'C': 0.9124918602127198, 'H': 0.08751899283698719}",1.0,dissipation
"('ecoinvent-3.4-biosphere', 'df1cc3ea-7a3c-40ca-8349-42b89ff59063')",Iodosulfuron,"('soil', 'agricultural')",kilogram,Iodosulfuron,C13H12IN5O6S,493.24,"[['C', 13], ['H', 12], ['I', 1], ['N', 5], ['O', 6], ['S', 1]]","{'C': 0.3165659719406374, 'H': 0.024523558511069663, 'I': 0.25728651366474736, 'N': 0.14198970075419673, 'O': 0.19461925229097396, 'S': 0.06500892060660124}",1.0,dissipation
"('ecoinvent-3.4-biosphere', '6b1b495b-70ee-4be6-b1c2-3031aa4d6add')","Methane, fossil","('air', 'lower stratosphere + upper troposphere')",kilogram,Methane,CH4,16.043,"[['C', 1], ['H', 4]]","{'C': 0.7486754347690582, 'H': 0.2513245652309419}",1.0,dissipation
"('ecoinvent-3.4-biosphere', 'f757365c-c6fd-41fe-ad32-3594ccd97ef0')","Methane, from soil or biomass stock","('air', 'low population density, long-term')",kilogram,Methane,CH4,16.043,"[['C', 1], ['H', 4]]","{'C': 0.7486754347690582, 'H': 0.2513245652309419}",1.0,dissipation
"('ecoinvent-3.4-biosphere', 'b9fa401a-d878-4369-a241-89ab0a32a33a')",Propionic acid,"('water', 'ground-, long-term')",kilogram,Propionic acid,C3H6O2,74.08,"[['C', 3], ['H', 6], ['O', 2]]","{'C': 0.4864065874730022, 'H': 0.08164146868250541, 'O': 0.4319384449244061}",1.0,dissipation
"('ecoinvent-3.4-biosphere', '29fba89c-b900-4160-a5f1-129916933bca')",Clodinafop-propargyl,"('soil', 'agricultural')",kilogram,Clodinafop-propargyl,C17H13ClFNO4,349.7,"[['C', 17], ['H', 13], ['Cl', 1], ['F', 1], ['N', 1], ['O', 4]]","{'C': 0.5838919073491564, 'H': 0.037472118959107806, 'Cl': 0.1013811838718902, 'F': 0.05432656562768087, 'N': 0.04005433228481556, 'O': 0.18300257363454392}",1.0,dissipation
"('ecoinvent-3.4-biosphere', '43a00521-4880-4891-8a5d-f8e0a64f5bce')",Formamide,"('air', 'non-urban air or from high stacks')",kilogram,Formamide,CH3NO,45.041,"[['C', 1], ['H', 3], ['N', 1], ['O', 1]]","{'C': 0.2666681467995826, 'H': 0.0671388290668502, 'N': 0.310983326302702, 'O': 0.35520969783086526}",1.0,dissipation
"('ecoinvent-3.4-biosphere', 'b268aafb-2e5a-4bb1-a3ab-37f378ee8090')",Phosmet,"('soil', 'agricultural')",kilogram,Phosmet,C11H12NO4PS2,317.3,"[['C', 11], ['H', 12], ['N', 1], ['O', 4], ['P', 1], ['S', 2]]","{'C': 0.41639142767097376, 'H': 0.038121651433974155, 'N': 0.04414434289316104, 'O': 0.20168925307280178, 'P': 0.0976173967853766, 'S': 0.2021115663410022}",1.0,dissipation
"('ecoinvent-3.4-biosphere', '50deb561-3de9-4b25-9b61-1695ad2dd136')",Thallium,"('air', 'urban air close to ground')",kilogram,Thallium,Tl,204.383,"[['Tl', 1]]",{'Tl': 1.0},1.0,dissipation
"('ecoinvent-3.4-biosphere', '7f6cdfb5-f4ec-458f-9e57-c7e6849cfe99')","Toluene, 2-chloro","('water', 'ground-, long-term')",kilogram,Toluene,C7H8,92.14,"[['C', 7], ['H', 8]]","{'C': 0.9124918602127198, 'H': 0.08751899283698719}",1.0,dissipation
"('ecoinvent-3.4-biosphere', 'd9a421af-6952-4cae-82c3-26db427db3c4')",Lanthanum,"('air', 'urban air close to ground')",kilogram,Lanthanum,La,138.9055,"[['La', 1]]",{'La': 1.0},1.0,dissipation
"('ecoinvent-3.4-biosphere', 'f202452b-5aff-45e6-9001-5fb0a2de7992')",Butanol,"('air', 'low population density, long-term')",kilogram,Butanol,C4H10O,74.12,"[['C', 4], ['H', 10], ['O', 1]]","{'C': 0.6481921208850512, 'H': 0.13599568267674042, 'O': 0.21585267134376687}",1.0,dissipation
"('ecoinvent-3.4-biosphere', '31c4d160-b21e-41b3-b9c1-3d7a72377653')",Lead,"('water',)",kilogram,Lead,Pb,207.0,"[['Pb', 1]]",{'Pb': 1.0},1.0,dissipation
"('ecoinvent-3.4-biosphere', '3135755c-1082-5c68-9290-55b858fd7ff2')",Octaethylene glycol monododecyl ether,"('air',)",kilogram,Octaethylene glycol monododecyl ether,C28H58O9,538.8,"[['C', 28], ['H', 58], ['O', 9]]","{'C': 0.6241796585003713, 'H': 0.10850779510022272, 'O': 0.2672438752783965}",1.0,dissipation
"('ecoinvent-3.4-biosphere', '94413eda-8562-4a3e-9ab7-92dfb5554cb2')",Lactic acid,"('water', 'ground-')",kilogram,Lactic acid,C3H6O3,90.08,"[['C', 3], ['H', 6], ['O', 3]]","{'C': 0.4000111012433393, 'H': 0.06714031971580817, 'O': 0.5328263765541741}",1.0,dissipation
"('ecoinvent-3.4-biosphere', '0315d855-dff2-44af-bb37-1b855df53d69')",Butadiene,"('air', 'low population density, long-term')",kilogram,Butadiene,C4H6,54.09,"[['C', 4], ['H', 6]]","{'C': 0.8882233314845627, 'H': 0.11181364392678868}",1.0,dissipation
"('ecoinvent-3.4-biosphere', '2113ec49-2b48-4808-8e40-837769be8337')",Bromine,"('soil', 'industrial')",kilogram,Bromine,Br2,159.81,"[['Br', 2]]",{'Br': 1.0},1.0,dissipation
"('ecoinvent-3.4-biosphere', 'c49fb4cd-eed0-4438-9052-9612473cdbae')",Antimony,"('soil',)",kilogram,Antimony,Sb,121.76,"[['Sb', 1]]",{'Sb': 1.0},1.0,dissipation
"('ecoinvent-3.4-biosphere', '237ca6bc-2f0a-4416-a0e3-bd512f038f2e')",Copper,"('soil', 'forestry')",kilogram,Copper,Cu,63.55,"[['Cu', 1]]",{'Cu': 1.0},1.0,dissipation
"('ecoinvent-3.4-biosphere', '099b36ab-4c03-4587-87f4-2f81e337afb8')","Carbon monoxide, fossil","('air', 'non-urban air or from high stacks')",kilogram,Carbon monoxide,CO,28.01,"[['C', 1], ['O', 1]]","{'C': 0.42881113887897176, 'O': 0.5711888611210282}",1.0,dissipation
"('ecoinvent-3.4-biosphere', '715d35c1-548c-43e2-a023-b31eba3a2849')",Ethylamine,"('air', 'non-urban air or from high stacks')",kilogram,Ethylamine,C2H7N,45.08,"[['C', 2], ['H', 7], ['N', 1]]","{'C': 0.5328748890860692, 'H': 0.1565217391304348, 'N': 0.3107142857142857}",1.0,dissipation
"('ecoinvent-3.4-biosphere', '349a76e2-a467-439f-a179-76d16b656ed1')",Isocyanic acid,"('air', 'lower stratosphere + upper troposphere')",kilogram,Isocyanic acid,CHNO,43.025,"[['C', 1], ['H', 1], ['N', 1], ['O', 1]]","{'C': 0.2791632771644393, 'H': 0.023428239395700174, 'N': 0.32555490993608366, 'O': 0.3718535735037769}",1.0,dissipation
"('ecoinvent-3.4-biosphere', '4a6af581-af93-4d79-9f45-a5c43f463bbb')",Propanol,"('air', 'urban air close to ground')",kilogram,Propanol,C3H8O,60.1,"[['C', 3], ['H', 8], ['O', 1]]","{'C': 0.5995507487520799, 'H': 0.1341763727121464, 'O': 0.2662063227953411}",1.0,dissipation
"('ecoinvent-3.4-biosphere', '4a15cd40-96e6-4912-8298-c0fa8f9e2aee')",Boron,"('water',)",kilogram,Boron,B,10.81,"[['B', 1]]",{'B': 1.0},1.0,dissipation
"('ecoinvent-3.4-biosphere', '0555dc8e-d8b3-4da1-afaa-a2144758d590')",Acenaphthene,"('air', 'low population density, long-term')",kilogram,Acenaphthene,C12H10,154.21,"[['C', 12], ['H', 10]]","{'C': 0.9346475585240905, 'H': 0.06536541080344983}",1.0,dissipation
"('ecoinvent-3.4-biosphere', '2ef56ffc-fa69-4b57-a936-3d588923ea8b')",Iodide,"('water', 'ground-')",kilogram,Iodide,I-,126.9045,"[['I', 1]]",{'I': 1.0},1.0,dissipation
"('ecoinvent-3.4-biosphere', '640e30d2-3158-4a1a-82ef-fd0c72922c9a')",Molybdenum,"('air',)",kilogram,Molybdenum,Mo,95.95,"[['Mo', 1]]",{'Mo': 1.0},1.0,dissipation
"('ecoinvent-3.4-biosphere', '4ccf69ef-e377-4cac-b188-5c9c58cefa56')",Carbonate,"('water',)",kilogram,Carbonate,CO3-2,60.009,"[['C', 1], ['O', 3]]","{'C': 0.2001533103367828, 'O': 0.7998300254961755}",1.0,dissipation
"('ecoinvent-3.4-biosphere', '340eb8e4-5282-4862-8840-35fcc50e3505')",Monolinuron,"('soil', 'agricultural')",kilogram,Monolinuron,C9H11ClN2O2,214.65,"[['C', 9], ['H', 11], ['Cl', 1], ['N', 2], ['O', 2]]","{'C': 0.5036058700209644, 'H': 0.05165618448637317, 'Cl': 0.16516655019799675, 'N': 0.13051013277428372, 'O': 0.14907058001397624}",1.0,dissipation
"('ecoinvent-3.4-biosphere', '258263a0-6be3-4439-bd84-efee0498b849')","Methane, non-fossil","('air', 'lower stratosphere + upper troposphere')",kilogram,Methane,CH4,16.043,"[['C', 1], ['H', 4]]","{'C': 0.7486754347690582, 'H': 0.2513245652309419}",1.0,dissipation
"('ecoinvent-3.4-biosphere', '90ba480e-f2f2-4ee8-8299-da906df00058')",Acrinathrin,"('soil', 'agricultural')",kilogram,Acrinathrin,C26H21F6NO5,541.4,"[['C', 26], ['H', 21], ['F', 6], ['N', 1], ['O', 5]]","{'C': 0.5768119689693387, 'H': 0.03909863317325452, 'F': 0.21054303657185078, 'N': 0.02587181381603251, 'O': 0.14775581824898412}",1.0,dissipation
"('ecoinvent-3.4-biosphere', '27c1a9a6-c45e-431f-830b-7061a100fed7')",Cyanide,"('air', 'lower stratosphere + upper troposphere')",kilogram,Cyanide,CN-,26.017,"[['C', 1], ['N', 1]]","{'C': 0.4616596840527347, 'N': 0.5383787523542299}",1.0,dissipation
"('ecoinvent-3.4-biosphere', '87eed31b-5a6b-43ae-9a02-778a8c6e4ff8')",1-Pentene,"('air', 'lower stratosphere + upper troposphere')",kilogram,1-Pentene,C5H10,70.13,"[['C', 5], ['H', 10]]","{'C': 0.8563382290032796, 'H': 0.14373306716098674}",1.0,dissipation
"('ecoinvent-3.4-biosphere', '92239067-b6f3-419f-b0ff-6ae67a804deb')",Pendimethalin,"('water', 'ground-')",kilogram,Pendimethalin,C13H19N3O4,281.31,"[['C', 13], ['H', 19], ['N', 3], ['O', 4]]","{'C': 0.5550566990153212, 'H': 0.06808147595179695, 'N': 0.14937613309160713, 'O': 0.2274928015356724}",1.0,dissipation
"('ecoinvent-3.4-biosphere', 'd896ced7-a107-4017-b284-d95a8ef3e735')",Acrolein,"('air',)",kilogram,Acrolein,C3H4O,56.06,"[['C', 3], ['H', 4], ['O', 1]]","{'C': 0.6427577595433465, 'H': 0.0719229397074563, 'O': 0.28539065287192295}",1.0,dissipation
"('ecoinvent-3.4-biosphere', '1a217018-e3e5-499c-9eb5-5aacb9e6ae9a')",Magnesium,"('water', 'ocean')",kilogram,Magnesium,Mg,24.305,"[['Mg', 1]]",{'Mg': 1.0},1.0,dissipation
"('ecoinvent-3.4-biosphere', '12e2fffe-08cd-451c-ad46-0b0a5db3c9ba')",Mandipropamid,"('soil', 'agricultural')",kilogram,Mandipropamid,C23H22ClNO4,411.9,"[['C', 23], ['H', 22], ['Cl', 1], ['N', 1], ['O', 4]]","{'C': 0.6706797766448167, 'H': 0.053838310269482895, 'Cl': 0.08607186210245206, 'N': 0.034005826656955576, 'O': 0.15536780772032047}",1.0,dissipation
"('ecoinvent-3.4-biosphere', '921ddc9c-6898-4ad0-a00d-7c9add941c85')",Allyl chloride,"('water',)",kilogram,Allyl chloride,C3H5Cl,76.52,"[['C', 3], ['H', 5], ['Cl', 1]]","{'C': 0.47089649764767383, 'H': 0.06586513329848406, 'Cl': 0.4633167799268166}",1.0,dissipation
"('ecoinvent-3.4-biosphere', 'bfc0bf1c-e5e2-4702-a502-08c892031837')",Sulfate,"('water', 'ground-, long-term')",kilogram,Sulfate,O4S-2,96.07,"[['O', 4], ['S', 1]]","{'O': 0.6661392734464454, 'S': 0.33376704486312064}",1.0,dissipation
"('ecoinvent-3.4-biosphere', '5cf8884f-62a7-4cc0-8d5a-efe89beac559')",Iodine,"('air', 'low population density, long-term')",kilogram,Iodine,I2,253.8089,"[['I', 2]]",{'I': 1.0},1.0,dissipation
"('ecoinvent-3.4-biosphere', 'b3ebdcc3-c588-4997-95d2-9785b26b34e1')",Lead,"('water', 'surface water')",kilogram,Lead,Pb,207.0,"[['Pb', 1]]",{'Pb': 1.0},1.0,dissipation
"('ecoinvent-3.4-biosphere', 'b5f8f24f-3f51-4bc6-a7b3-b5e0885e50b8')",Bromine,"('soil', 'agricultural')",kilogram,Bromine,Br2,159.81,"[['Br', 2]]",{'Br': 1.0},1.0,dissipation
"('ecoinvent-3.4-biosphere', '48dbf4b1-0b2a-4bf5-a190-2d7fc465bda4')",Silver,"('soil', 'forestry')",kilogram,Silver,Ag,107.868,"[['Ag', 1]]",{'Ag': 1.0},1.0,dissipation
"('ecoinvent-3.4-biosphere', 'c9028b09-c12d-421b-9944-7d145e196ebc')","Methane, difluoro-, HFC-32","('air', 'urban air close to ground')",kilogram,Methane,CH4,16.043,"[['C', 1], ['H', 4]]","{'C': 0.7486754347690582, 'H': 0.2513245652309419}",1.0,dissipation
"('ecoinvent-3.4-biosphere', '15e54d5b-aba2-40a6-9aa8-aa2b8c432129')","Ethane, chloropentafluoro-, CFC-115","('air', 'urban air close to ground')",kilogram,Ethane,C2H6,30.07,"[['C', 2], ['H', 6]]","{'C': 0.7988693049551047, 'H': 0.20113069504489525}",1.0,dissipation
"('ecoinvent-3.4-biosphere', '2e3da68d-e404-4377-bce9-b35244980811')",Chloridazon,"('soil', 'agricultural')",kilogram,Chloridazon,C10H8ClN3O,221.64,"[['C', 10], ['H', 8], ['Cl', 1], ['N', 3], ['O', 1]]","{'C': 0.5419148168200686, 'H': 0.03638332430969139, 'Cl': 0.15995758888287315, 'N': 0.1895912290200325, 'O': 0.07218462371413104}",1.0,dissipation
"('ecoinvent-3.4-biosphere', '7ce704ce-2a44-448b-b198-f00bf5928b4b')",Nitrogen,"('soil', 'agricultural')",kilogram,Nitrogen,N2,28.014,"[['N', 2]]",{'N': 1.0},1.0,dissipation
"('ecoinvent-3.4-biosphere', '0bbb2dfe-6dc8-4a22-9d23-db140afb7faf')",Scandium,"('soil', 'industrial')",kilogram,Scandium,Sc,44.95591,"[['Sc', 1]]",{'Sc': 1.0},1.0,dissipation
"('ecoinvent-3.4-biosphere', 'ee2c5c6c-ff01-4151-8332-d4bf1508c759')",Methanol,"('water',)",kilogram,Methanol,CH4O,32.042,"[['C', 1], ['H', 4], ['O', 1]]","{'C': 0.3748517570688471, 'H': 0.12583484177017665, 'O': 0.4993134011609762}",1.0,dissipation
"('ecoinvent-3.4-biosphere', 'c7be600c-e8ef-4e50-b092-1f9a3aa47706')",Hydrogen peroxide,"('water',)",kilogram,Hydrogen peroxide,H2O2,34.015,"[['H', 2], ['O', 2]]","{'H': 0.059267970013229455, 'O': 0.9407026311921212}",1.0,dissipation
"('ecoinvent-3.4-biosphere', '1247aa8b-3a24-552a-bddf-bb578e5d2dc5')",Epichlorohydrin,"('water',)",kilogram,Epichlorohydrin,C3H5ClO,92.52,"[['C', 3], ['H', 5], ['Cl', 1], ['O', 1]]","{'C': 0.38946173800259404, 'H': 0.054474708171206226, 'Cl': 0.38319282317336795, 'O': 0.1729247730220493}",1.0,dissipation
"('ecoinvent-3.4-biosphere', '876e49fb-b3d6-48ca-8acc-473f8ee05aad')",Fluoboric acid,"('water', 'ground-')",kilogram,Fluoboric acid,BF4H,87.82,"[['B', 1], ['F', 4], ['H', 1]]","{'B': 0.123092689592348, 'F': 0.8653154179002507, 'H': 0.011478023229332727}",1.0,dissipation
"('ecoinvent-3.4-biosphere', '4dc5b593-5953-57de-b908-c3c34a558f40')",Lauric acid,"('water',)",kilogram,Lauric acid,C12H24O2,200.32,"[['C', 12], ['H', 24], ['O', 2]]","{'C': 0.719508785942492, 'H': 0.12076677316293931, 'O': 0.1597344249201278}",1.0,dissipation
"('ecoinvent-3.4-biosphere', 'fd9e2be1-a651-4c40-b0bb-e7daa4f56ad4')",Chloropicrin,"('soil', 'agricultural')",kilogram,Chloropicrin,CCl3NO2,164.37,"[['C', 1], ['Cl', 3], ['N', 1], ['O', 2]]","{'C': 0.0730729451846444, 'Cl': 0.6470706333272496, 'N': 0.08521628034312831, 'O': 0.1946705603212265}",1.0,dissipation
"('ecoinvent-3.4-biosphere', '3653d86e-4a4d-49da-b0dd-ff346c54210d')",Propanal,"('water',)",kilogram,Propanal,C3H6O,58.08,"[['C', 3], ['H', 6], ['O', 1]]","{'C': 0.6204028925619836, 'H': 0.10413223140495868, 'O': 0.27546487603305786}",1.0,dissipation
"('ecoinvent-3.4-biosphere', 'cb7e3e15-ab58-4ef4-8cd0-361511d3b5fe')",Borate,"('water', 'ground-')",kilogram,Borate,BO3-3,58.81,"[['B', 1], ['O', 3]]","{'B': 0.18381227682366943, 'O': 0.816136711443632}",1.0,dissipation
"('ecoinvent-3.4-biosphere', '2a992e5e-9f16-47b8-8bcb-733d00bed658')","Tin, ion","('water', 'ocean')",kilogram,Tin,Sn,118.71,"[['Sn', 1]]",{'Sn': 1.0},1.0,dissipation
"('ecoinvent-3.4-biosphere', 'b311427f-0de3-4190-84a5-05c8460c62d1')",Bromine,"('water', 'ground-')",kilogram,Bromine,Br2,159.81,"[['Br', 2]]",{'Br': 1.0},1.0,dissipation
"('ecoinvent-3.4-biosphere', '5b33703d-d6a1-4bde-88e7-3b90b4d45550')",2-Propanol,"('water', 'ocean')",kilogram,2-Propanol,C3H8O,60.1,"[['C', 3], ['H', 8], ['O', 1]]","{'C': 0.5995507487520799, 'H': 0.1341763727121464, 'O': 0.2662063227953411}",1.0,dissipation
"('ecoinvent-3.4-biosphere', 'cbaca555-e09c-4dc6-bdc3-60e6f8a784f9')",Acetonitrile,"('water',)",kilogram,Acetonitrile,C2H3N,41.05,"[['C', 2], ['H', 3], ['N', 1]]","{'C': 0.5851887941534714, 'H': 0.07366626065773448, 'N': 0.3412180267965895}",1.0,dissipation
"('ecoinvent-3.4-biosphere', '7ce56135-2ca5-4fba-ad52-d62a34bfeb35')",Nitrate,"('water', 'surface water')",kilogram,Nitrate,NO3-,62.005,"[['N', 1], ['O', 3]]","{'N': 0.22590113700508022, 'O': 0.7740827352632852}",1.0,dissipation
"('ecoinvent-3.4-biosphere', '0d213eaa-6dec-4669-b75e-4afeb06ac31d')",Carbonate,"('water', 'ocean')",kilogram,Carbonate,CO3-2,60.009,"[['C', 1], ['O', 3]]","{'C': 0.2001533103367828, 'O': 0.7998300254961755}",1.0,dissipation
"('ecoinvent-3.4-biosphere', 'abaa29b9-41e6-46ed-9f88-806bd93ca915')",Formic acid,"('water', 'ground-, long-term')",kilogram,Formic acid,CH2O2,46.025,"[['C', 1], ['H', 2], ['O', 2]]","{'C': 0.260966865833786, 'H': 0.04380228136882129, 'O': 0.6952308527973927}",1.0,dissipation
"('ecoinvent-3.4-biosphere', '2f19a0af-a516-4f89-88ba-4c6b7cd52650')",Nitrite,"('water', 'ocean')",kilogram,Nitrite,NO2-,46.006,"[['N', 1], ['O', 2]]","{'N': 0.30446028778854933, 'O': 0.6955179759161849}",1.0,dissipation
"('ecoinvent-3.4-biosphere', '2becddd1-aa5a-4c35-be0e-aefb9bd469f8')",Formamide,"('air', 'urban air close to ground')",kilogram,Formamide,CH3NO,45.041,"[['C', 1], ['H', 3], ['N', 1], ['O', 1]]","{'C': 0.2666681467995826, 'H': 0.0671388290668502, 'N': 0.310983326302702, 'O': 0.35520969783086526}",1.0,dissipation
"('ecoinvent-3.4-biosphere', 'e9889638-ea4c-45b8-90fa-3201b43191e3')",Flufenacet,"('soil', 'agricultural')",kilogram,Flufenacet,C14H13F4N3O2S,363.33,"[['C', 14], ['H', 13], ['F', 4], ['N', 3], ['O', 2], ['S', 1]]","{'C': 0.4628134203066083, 'H': 0.03606638593014615, 'F': 0.2091542124239672, 'N': 0.11565518949715135, 'O': 0.08806869787796219, 'S': 0.08825310323947926}",1.0,dissipation
"('ecoinvent-3.4-biosphere', '24541c8c-9f11-49ae-9de5-456f238a3f5e')",Hydrogen fluoride,"('air',)",kilogram,Hydrogen fluoride,FH,20.0064,"[['F', 1], ['H', 1]]","{'F': 0.9495961292386437, 'H': 0.050383877159309025}",1.0,dissipation
"('ecoinvent-3.4-biosphere', 'da3d541f-0063-4ddf-9b0d-7ba7b8cb6ec7')",Butyl acetate,"('air',)",kilogram,Butyl acetate,C6H12O2,116.16,"[['C', 6], ['H', 12], ['O', 2]]","{'C': 0.6204028925619836, 'H': 0.10413223140495868, 'O': 0.27546487603305786}",1.0,dissipation
"('ecoinvent-3.4-biosphere', '8c283de2-50d3-40c8-8bff-1e172c3398f8')","Methane, bromo-, Halon 1001","('air',)",kilogram,Methane,CH4,16.043,"[['C', 1], ['H', 4]]","{'C': 0.7486754347690582, 'H': 0.2513245652309419}",1.0,dissipation
"('ecoinvent-3.4-biosphere', 'ce2ceed1-2503-4566-8175-f4456dbac42b')",Alpha-cypermethrin,"('soil', 'agricultural')",kilogram,Alpha-cypermethrin,C22H19Cl2NO3,416.3,"[['C', 22], ['H', 19], ['Cl', 2], ['N', 1], ['O', 3]]","{'C': 0.6347393706461685, 'H': 0.04600528465049243, 'Cl': 0.1703242853711266, 'N': 0.033646408839779006, 'O': 0.11529425894787412}",1.0,dissipation
"('ecoinvent-3.4-biosphere', 'a4789830-1a88-4685-abac-882046c10974')",Methomyl,"('water', 'ground-')",kilogram,Methomyl,C5H10N2O2S,162.21,"[['C', 5], ['H', 10], ['N', 2], ['O', 2], ['S', 1]]","{'C': 0.37022994883176125, 'H': 0.06214166820787867, 'N': 0.17270205289439614, 'O': 0.1972628074717958, 'S': 0.197675852290241}",1.0,dissipation
"('ecoinvent-3.4-biosphere', '19b6e569-85a4-4ea9-a590-d61a21e3c846')",Tin,"('air', 'urban air close to ground')",kilogram,Tin,Sn,118.71,"[['Sn', 1]]",{'Sn': 1.0},1.0,dissipation
"('ecoinvent-3.4-biosphere', 'fb413172-7a53-458d-8bda-3a68d75f3421')","Benzene, chloro-","('water', 'ground-')",kilogram,Benzene,C6H6,78.11,"[['C', 6], ['H', 6]]","{'C': 0.9226219434131354, 'H': 0.07742926641915247}",1.0,dissipation
"('ecoinvent-3.4-biosphere', 'd70b4182-d633-4178-84c0-8854f5f6594b')","Arsenic, ion","('water', 'ocean')",kilogram,Arsenic,As,74.92159,"[['As', 1]]",{'As': 1.0},1.0,dissipation
"('ecoinvent-3.4-biosphere', '2257e9f9-f38c-494b-b99f-f49b4768b4b9')",Phosphoric acid,"('air',)",kilogram,Phosphoric acid,H3O4P,97.995,"[['H', 3], ['O', 4], ['P', 1]]","{'H': 0.030858717281493954, 'O': 0.6530537272309812, 'P': 0.31607735088524924}",1.0,dissipation
"('ecoinvent-3.4-biosphere', '6dc1b46f-ee89-4495-95c4-b8a637bcd6cb')",Dinitrogen monoxide,"('air', 'urban air close to ground')",kilogram,Dinitrogen monoxide,N2O,44.013,"[['N', 2], ['O', 1]]","{'N': 0.6364937632063254, 'O': 0.3635062367936746}",1.0,dissipation
"('ecoinvent-3.4-biosphere', '1417474c-bf73-4ffc-9eff-94a994bf76a8')",Silthiofam,"('soil', 'agricultural')",kilogram,Silthiofam,C13H21NOSSi,267.46,"[['C', 13], ['H', 21], ['N', 1], ['O', 1], ['S', 1], ['Si', 1]]","{'C': 0.5837994466462275, 'H': 0.0791445449786884, 'N': 0.0523704479174456, 'O': 0.05981829058550812, 'S': 0.11988708591938982, 'Si': 0.10501009496747177}",1.0,dissipation
"('ecoinvent-3.4-biosphere', '4877b7b5-0ac1-47f7-96bd-677179544c9f')",Methyl formate,"('air',)",kilogram,Methyl formate,C2H4O2,60.05,"[['C', 2], ['H', 4], ['O', 2]]","{'C': 0.40003330557868444, 'H': 0.06714404662781016, 'O': 0.5328559533721899}",1.0,dissipation
"('ecoinvent-3.4-biosphere', '9cec94a2-e7fe-43f4-82f4-293c477f86dc')",Styrene,"('air',)",kilogram,Styrene,C8H8,104.15,"[['C', 8], ['H', 8]]","{'C': 0.9225924147863657, 'H': 0.07742678828612577}",1.0,dissipation
"('ecoinvent-3.4-biosphere', '37fdd960-4e85-47a1-9f27-098c412fc956')","Phthalate, butyl-benzyl-","('water', 'ground-')",kilogram,Phthalate,C8H4O4-2,164.11,"[['C', 8], ['H', 4], ['O', 4]]","{'C': 0.5855097190908536, 'H': 0.024568886722320393, 'O': 0.3899579550301627}",1.0,dissipation
"('ecoinvent-3.4-biosphere', 'b018c97d-8fea-4258-b4d3-6a65669c77f4')","Ethane, 1,1-dichloro-1-fluoro-, HCFC-141b","('air', 'low population density, long-term')",kilogram,Ethane,C2H6,30.07,"[['C', 2], ['H', 6]]","{'C': 0.7988693049551047, 'H': 0.20113069504489525}",1.0,dissipation
"('ecoinvent-3.4-biosphere', 'd439867e-7ef9-41aa-91e2-de8a922f9158')",Diethylene glycol,"('air', 'urban air close to ground')",kilogram,Diethylene glycol,C4H10O3,106.12,"[['C', 4], ['H', 10], ['O', 3]]","{'C': 0.4527327553712778, 'H': 0.09498680738786279, 'O': 0.4522898605352431}",1.0,dissipation
"('ecoinvent-3.4-biosphere', 'b32061b1-8d24-4663-b10d-0a1c705f2937')","Ethane, 1,1,2-trichloro-","('air',)",kilogram,Ethane,C2H6,30.07,"[['C', 2], ['H', 6]]","{'C': 0.7988693049551047, 'H': 0.20113069504489525}",1.0,dissipation
"('ecoinvent-3.4-biosphere', '21501e81-6395-4404-9cd6-001c6a686fd1')",Chloroacetyl chloride,"('water', 'ocean')",kilogram,Chloroacetyl chloride,C2H2Cl2O,112.94,"[['C', 2], ['H', 2], ['Cl', 2], ['O', 1]]","{'C': 0.2126970072604923, 'H': 0.01785018593943687, 'Cl': 0.6278200814591819, 'O': 0.14165928811758458}",1.0,dissipation
"('ecoinvent-3.4-biosphere', '93e71b71-05d4-4a44-a85a-592a6f21cf0c')",Selenium,"('air', 'low population density, long-term')",kilogram,Selenium,Se,78.97,"[['Se', 1]]",{'Se': 1.0},1.0,dissipation
"('ecoinvent-3.4-biosphere', 'f8199e39-7354-44ad-92d8-6a2cc3bac24e')",Barium,"('soil', 'agricultural')",kilogram,Barium,Ba,137.33,"[['Ba', 1]]",{'Ba': 1.0},1.0,dissipation
"('ecoinvent-3.4-biosphere', 'af6a28b7-4842-41f2-b8bf-346409c16d33')",Ethanol,"('water', 'ground-, long-term')",kilogram,Ethanol,C2H6O,46.07,"[['C', 2], ['H', 6], ['O', 1]]","{'C': 0.5214239201215541, 'H': 0.1312784892554808, 'O': 0.3472758845235511}",1.0,dissipation
"('ecoinvent-3.4-biosphere', '206b98e7-9df1-4aa1-896e-dc5aa93e9844')",Dimethenamid,"('air', 'non-urban air or from high stacks')",kilogram,Dimethenamid,C12H18ClNO2S,275.8,"[['C', 12], ['H', 18], ['Cl', 1], ['N', 1], ['O', 2], ['S', 1]]","{'C': 0.5225960841189268, 'H': 0.06578680203045685, 'Cl': 0.12854604786076868, 'N': 0.05078680203045685, 'O': 0.1160188542422045, 'S': 0.1162617839013778}",1.0,dissipation
"('ecoinvent-3.4-biosphere', '20834550-2d87-47d0-9d3c-fd65c108c72b')",Fluroxypyr,"('soil', 'agricultural')",kilogram,Fluroxypyr,C7H5Cl2FN2O3,255.03,"[['C', 7], ['H', 5], ['Cl', 2], ['F', 1], ['N', 2], ['O', 3]]","{'C': 0.32967494020311333, 'H': 0.019762380896365134, 'Cl': 0.2780300356820766, 'F': 0.07449319687879857, 'N': 0.1098459004822962, 'O': 0.18820138807199152}",1.0,dissipation
"('ecoinvent-3.4-biosphere', 'cc83ea17-d066-4751-b8e6-659f68771ade')",Chloramine,"('water', 'ground-')",kilogram,Chloramine,ClH2N,51.47,"[['Cl', 1], ['H', 2], ['N', 1]]","{'Cl': 0.688809014960171, 'H': 0.039168447639401596, 'N': 0.27213911016125897}",1.0,dissipation
"('ecoinvent-3.4-biosphere', '75c80de0-a0fa-45e2-9f7b-f6fa4e4431e1')","Methane, dichloro-, HCC-30","('water',)",kilogram,Methane,CH4,16.043,"[['C', 1], ['H', 4]]","{'C': 0.7486754347690582, 'H': 0.2513245652309419}",1.0,dissipation
"('ecoinvent-3.4-biosphere', '98693cdf-d9fc-43ed-bfe6-78dfe5742d33')",Iron,"('soil', 'industrial')",kilogram,Iron,Fe,55.84,"[['Fe', 1]]",{'Fe': 1.0},1.0,dissipation
"('ecoinvent-3.4-biosphere', 'dc78690a-2b0a-49fc-8272-b811fb25ff6c')","Methane, trifluoro-, HFC-23","('air', 'low population density, long-term')",kilogram,Methane,CH4,16.043,"[['C', 1], ['H', 4]]","{'C': 0.7486754347690582, 'H': 0.2513245652309419}",1.0,dissipation
"('ecoinvent-3.4-biosphere', '581e3c82-2cae-4450-b490-c3216347cb07')",Styrene,"('water', 'ground-, long-term')",kilogram,Styrene,C8H8,104.15,"[['C', 8], ['H', 8]]","{'C': 0.9225924147863657, 'H': 0.07742678828612577}",1.0,dissipation
"('ecoinvent-3.4-biosphere', 'b24b66e6-633c-49bf-a6ce-1e81da0715ce')",Calcium,"('air', 'lower stratosphere + upper troposphere')",kilogram,Calcium,Ca,40.08,"[['Ca', 1]]",{'Ca': 1.0},1.0,dissipation
"('ecoinvent-3.4-biosphere', '5ca10fd5-fb77-43ad-969f-c47808244801')","Chlorosilane, trimethyl-","('air', 'non-urban air or from high stacks')",kilogram,Chlorosilane,ClH3Si,66.56,"[['Cl', 1], ['H', 3], ['Si', 1]]","{'Cl': 0.5326472355769231, 'H': 0.045432692307692306, 'Si': 0.4219651442307692}",1.0,dissipation
"('ecoinvent-3.4-biosphere', 'c75dd699-08a5-4215-acf5-e618995e768f')","Benzene, pentachloro-","('air', 'urban air close to ground')",kilogram,Benzene,C6H6,78.11,"[['C', 6], ['H', 6]]","{'C': 0.9226219434131354, 'H': 0.07742926641915247}",1.0,dissipation
"('ecoinvent-3.4-biosphere', '061d04a0-af1d-4884-bdd3-997b6cd5550f')",Boron,"('water', 'ground-, long-term')",kilogram,Boron,B,10.81,"[['B', 1]]",{'B': 1.0},1.0,dissipation
"('ecoinvent-3.4-biosphere', '6cd4ed76-161a-4d90-b275-dc74704ffd1d')",Magnesium,"('soil',)",kilogram,Magnesium,Mg,24.305,"[['Mg', 1]]",{'Mg': 1.0},1.0,dissipation
"('ecoinvent-3.4-biosphere', '2bf4e40e-ed11-457a-ae60-53a5cc43fdc7')",Methomyl,"('soil', 'agricultural')",kilogram,Methomyl,C5H10N2O2S,162.21,"[['C', 5], ['H', 10], ['N', 2], ['O', 2], ['S', 1]]","{'C': 0.37022994883176125, 'H': 0.06214166820787867, 'N': 0.17270205289439614, 'O': 0.1972628074717958, 'S': 0.197675852290241}",1.0,dissipation
"('ecoinvent-3.4-biosphere', '9afa0173-ecbd-4f2c-9c5c-b3128a032812')","Carbon monoxide, non-fossil","('air', 'urban air close to ground')",kilogram,Carbon monoxide,CO,28.01,"[['C', 1], ['O', 1]]","{'C': 0.42881113887897176, 'O': 0.5711888611210282}",1.0,dissipation
"('ecoinvent-3.4-biosphere', 'c1bcea7e-26d9-4714-950b-c425d78179fa')",Flumioxazin,"('air', 'non-urban air or from high stacks')",kilogram,Flumioxazin,C19H15FN2O4,354.3,"[['C', 19], ['H', 15], ['F', 1], ['N', 2], ['O', 4]]","{'C': 0.6441123341800733, 'H': 0.042675698560541916, 'F': 0.05362122495060683, 'N': 0.07906858594411516, 'O': 0.18062658763759526}",1.0,dissipation
"('ecoinvent-3.4-biosphere', '42eeb663-34dc-4394-8a07-e4d8e45a7e2d')",Nitrogen,"('water', 'ground-, long-term')",kilogram,Nitrogen,N2,28.014,"[['N', 2]]",{'N': 1.0},1.0,dissipation
"('ecoinvent-3.4-biosphere', '96db42b8-64e4-4a84-9b16-cd8f73c615d6')",2-Aminopropanol,"('water', 'surface water')",kilogram,2-Aminopropanol,C3H9NO,75.11,"[['C', 3], ['H', 9], ['N', 1], ['O', 1]]","{'C': 0.4797363866329384, 'H': 0.12078285181733457, 'N': 0.1864864864864865, 'O': 0.21300758886965784}",1.0,dissipation
"('ecoinvent-3.4-biosphere', 'd90a3903-d98e-4750-9dc4-647f2c6af3ec')",Thiodicarb,"('air', 'non-urban air or from high stacks')",kilogram,Thiodicarb,C10H18N4O4S3,354.5,"[['C', 10], ['H', 18], ['N', 4], ['O', 4], ['S', 3]]","{'C': 0.3388152327221438, 'H': 0.05118194640338505, 'N': 0.15804795486600845, 'O': 0.180524682651622, 'S': 0.2713540197461213}",1.0,dissipation
"('ecoinvent-3.4-biosphere', '39d1390a-ded6-41cb-a536-d47510bf2fbc')",Chlorine,"('air',)",kilogram,Chlorine,Cl2,70.9,"[['Cl', 2]]",{'Cl': 1.0},1.0,dissipation
"('ecoinvent-3.4-biosphere', '41dbbe1f-06e1-4a34-8497-5986be8f9e51')","Vanadium, ion","('water', 'ground-, long-term')",kilogram,Vanadium,V,50.9415,"[['V', 1]]",{'V': 1.0},1.0,dissipation
"('ecoinvent-3.4-biosphere', '81946844-b1a4-487d-8712-c97c8402baf6')",Ethyl acetate,"('water', 'ocean')",kilogram,Ethyl acetate,C4H8O2,88.11,"[['C', 4], ['H', 8], ['O', 2]]","{'C': 0.5452729542617183, 'H': 0.09152196118488254, 'O': 0.3631596867551924}",1.0,dissipation
"('ecoinvent-3.4-biosphere', 'f49f7030-06a6-4340-a890-87d0e918acab')",Rubidium,"('water', 'ground-, long-term')",kilogram,Rubidium,Rb,85.468,"[['Rb', 1]]",{'Rb': 1.0},1.0,dissipation
"('ecoinvent-3.4-biosphere', '620d3423-2376-4fcc-bb89-2d468f8b2df8')",Cypermethrin,"('air', 'non-urban air or from high stacks')",kilogram,Cypermethrin,C22H19Cl2NO3,416.3,"[['C', 22], ['H', 19], ['Cl', 2], ['N', 1], ['O', 3]]","{'C': 0.6347393706461685, 'H': 0.04600528465049243, 'Cl': 0.1703242853711266, 'N': 0.033646408839779006, 'O': 0.11529425894787412}",1.0,dissipation
"('ecoinvent-3.4-biosphere', 'ca04300a-8338-4601-ba7c-66c10a4f6322')",Cobalt,"('air', 'urban air close to ground')",kilogram,Cobalt,Co,58.93319,"[['Co', 1]]",{'Co': 1.0},1.0,dissipation
"('ecoinvent-3.4-biosphere', '2df5a2fe-1ab2-48e7-a9a6-1085703b17be')",2-Methyl-2-butene,"('water', 'surface water')",kilogram,2-Methyl-2-butene,C5H10,70.13,"[['C', 5], ['H', 10]]","{'C': 0.8563382290032796, 'H': 0.14373306716098674}",1.0,dissipation
"('ecoinvent-3.4-biosphere', '06c8168d-a28d-4e23-9505-a0fb462f9367')",Acrylonitrile,"('water', 'ocean')",kilogram,Acrylonitrile,C3H3N,53.06,"[['C', 3], ['H', 3], ['N', 1]]","{'C': 0.6790991330569167, 'H': 0.05699208443271767, 'N': 0.26398416886543535}",1.0,dissipation
"('ecoinvent-3.4-biosphere', '8c823f73-5fc6-4334-8a96-651365e7b542')",Lactofen,"('soil', 'agricultural')",kilogram,Lactofen,C19H15ClF3NO7,461.8,"[['C', 19], ['H', 15], ['Cl', 1], ['F', 3], ['N', 1], ['O', 7]]","{'C': 0.4941728020788219, 'H': 0.03274144651364227, 'Cl': 0.07677132957990472, 'F': 0.12341706366392377, 'N': 0.030331312256388045, 'O': 0.24251407535729755}",1.0,dissipation
"('ecoinvent-3.4-biosphere', 'f792a1df-81cb-4c95-8c4a-e0626701e619')",3-Methyl-1-butanol,"('air', 'lower stratosphere + upper troposphere')",kilogram,3-Methyl-1-butanol,C5H12O,88.15,"[['C', 5], ['H', 12], ['O', 1]]","{'C': 0.6812819058423141, 'H': 0.13722064662507089, 'O': 0.18149744753261485}",1.0,dissipation
"('ecoinvent-3.4-biosphere', '8a970585-5ce2-4226-b60d-df1c34649a56')",Butadiene,"('air', 'non-urban air or from high stacks')",kilogram,Butadiene,C4H6,54.09,"[['C', 4], ['H', 6]]","{'C': 0.8882233314845627, 'H': 0.11181364392678868}",1.0,dissipation
"('ecoinvent-3.4-biosphere', 'b78e77cb-7636-4420-855e-17239984f8b3')",1-Pentanol,"('air', 'lower stratosphere + upper troposphere')",kilogram,1-Pentanol,C5H12O,88.15,"[['C', 5], ['H', 12], ['O', 1]]","{'C': 0.6812819058423141, 'H': 0.13722064662507089, 'O': 0.18149744753261485}",1.0,dissipation
"('ecoinvent-3.4-biosphere', '00acb9f0-1640-4f8c-89ef-d857e1428be0')",Metam-sodium,"('soil', 'agricultural')",kilogram,Metam-sodium,C2H4NNaS2,129.18,"[['C', 2], ['H', 4], ['N', 1], ['Na', 1], ['S', 2]]","{'C': 0.18595757857253442, 'H': 0.031212261960055734, 'N': 0.10843009753831861, 'Na': 0.17796872580894874, 'S': 0.4964390772565412}",1.0,dissipation
"('ecoinvent-3.4-biosphere', '33456751-d78b-465d-8635-52d71e77cf54')",Monocrotophos,"('soil', 'agricultural')",kilogram,Monocrotophos,C7H14NO5P,223.16,"[['C', 7], ['H', 14], ['N', 1], ['O', 5], ['P', 1]]","{'C': 0.37675658720200755, 'H': 0.06323713927227102, 'N': 0.06276662484316185, 'O': 0.35846477863416387, 'P': 0.13879727549740098}",1.0,dissipation
"('ecoinvent-3.4-biosphere', '9c8a834a-23d4-54e6-9ecf-2855d468f208')",Benzaldehyde,"('water',)",kilogram,Benzaldehyde,C7H6O,106.12,"[['C', 7], ['H', 6], ['O', 1]]","{'C': 0.7922823218997361, 'H': 0.05699208443271767, 'O': 0.15076328684508103}",1.0,dissipation
"('ecoinvent-3.4-biosphere', '9b77be37-3f9d-4ecf-b7b1-86e8390bcf2e')","Ethane, 1,1,1-trichloro-, HCFC-140","('water', 'surface water')",kilogram,Ethane,C2H6,30.07,"[['C', 2], ['H', 6]]","{'C': 0.7988693049551047, 'H': 0.20113069504489525}",1.0,dissipation
"('ecoinvent-3.4-biosphere', '2cc93e0a-c655-4628-bea6-243d8240b5a4')",Calcium,"('soil', 'forestry')",kilogram,Calcium,Ca,40.08,"[['Ca', 1]]",{'Ca': 1.0},1.0,dissipation
"('ecoinvent-3.4-biosphere', 'e429b852-e421-4fcb-8a9b-b0241863bfb2')",Cadmium,"('soil', 'agricultural')",kilogram,Cadmium,Cd,112.41,"[['Cd', 1]]",{'Cd': 1.0},1.0,dissipation
"('ecoinvent-3.4-biosphere', 'ac07bb4a-a492-45b3-9a07-4ab9b8959374')","Aldehydes, unspecified","('air', 'lower stratosphere + upper troposphere')",kilogram,Aldehydes,C20H30O5,350.4,"[['C', 20], ['H', 30], ['O', 5]]","{'C': 0.6855593607305935, 'H': 0.0863013698630137, 'O': 0.22829623287671236}",1.0,dissipation
"('ecoinvent-3.4-biosphere', '26202571-16f9-48c3-bf4d-e9c189f43b2c')","Chlorosilane, trimethyl-","('water',)",kilogram,Chlorosilane,ClH3Si,66.56,"[['Cl', 1], ['H', 3], ['Si', 1]]","{'Cl': 0.5326472355769231, 'H': 0.045432692307692306, 'Si': 0.4219651442307692}",1.0,dissipation
"('ecoinvent-3.4-biosphere', 'ab70786f-a013-43ce-a081-991aeae14545')",Lanthanum,"('air', 'low population density, long-term')",kilogram,Lanthanum,La,138.9055,"[['La', 1]]",{'La': 1.0},1.0,dissipation
"('ecoinvent-3.4-biosphere', '7e9baf19-8fa4-49c6-a3c2-2e875217e60b')",Thallium,"('water', 'ground-, long-term')",kilogram,Thallium,Tl,204.383,"[['Tl', 1]]",{'Tl': 1.0},1.0,dissipation
"('ecoinvent-3.4-biosphere', '4d9a8916-fe62-41b4-bd1b-ebe113146387')",Sulfite,"('water', 'ground-, long-term')",kilogram,Sulfite,O3S-2,80.07,"[['O', 3], ['S', 1]]","{'O': 0.5994379917572125, 'S': 0.400462095666292}",1.0,dissipation
"('ecoinvent-3.4-biosphere', 'c91fd4bf-ed70-4e2f-a34f-159773f981b6')",Manganese,"('water', 'ocean')",kilogram,Manganese,Mn,54.93804,"[['Mn', 1]]",{'Mn': 1.0},1.0,dissipation
"('ecoinvent-3.4-biosphere', '0485e80e-e793-4ec8-b50b-5ac6c2e6206f')",Methyl lactate,"('air', 'non-urban air or from high stacks')",kilogram,Methyl lactate,C4H8O3,104.1,"[['C', 4], ['H', 8], ['O', 3]]","{'C': 0.46151777137367916, 'H': 0.07746397694524496, 'O': 0.4610662824207493}",1.0,dissipation
"('ecoinvent-3.4-biosphere', '4cadbc9f-0472-4bb9-a942-df5b90e37878')",Chloroform,"('air', 'urban air close to ground')",kilogram,Chloroform,CHCl3,119.37,"[['C', 1], ['H', 1], ['Cl', 3]]","{'C': 0.1006199212532462, 'H': 0.008444332746921336, 'Cl': 0.891002764513697}",1.0,dissipation
"('ecoinvent-3.4-biosphere', '59570d74-fac9-446d-88a7-5c5b0a6139a7')",Cesium,"('water',)",kilogram,Cesium,Cs,132.905452,"[['Cs', 1]]",{'Cs': 1.0},1.0,dissipation
"('ecoinvent-3.4-biosphere', '025fcb20-0591-4bae-80fc-7c34e9af2e7b')",Heptane,"('air', 'non-urban air or from high stacks')",kilogram,Heptane,C7H16,100.2,"[['C', 7], ['H', 16]]","{'C': 0.8390918163672654, 'H': 0.1609580838323353}",1.0,dissipation
"('ecoinvent-3.4-biosphere', 'e9514abc-d441-49cb-84f6-0815ffa693fc')",Diisobutyl ketone,"('water', 'surface water')",kilogram,Diisobutyl ketone,C9H18O,142.24,"[['C', 9], ['H', 18], ['O', 1]]","{'C': 0.7599760967379077, 'H': 0.12755905511811022, 'O': 0.1124789088863892}",1.0,dissipation
"('ecoinvent-3.4-biosphere', '8e7926d4-9033-417f-9b94-2441aadb41dd')",Fentin acetate,"('soil', 'agricultural')",kilogram,Fentin acetate,C20H18O2Sn,409.1,"[['C', 20], ['H', 18], ['O', 2], ['Sn', 1]]","{'C': 0.587191395746761, 'H': 0.04435101442190173, 'O': 0.07821559520899535, 'Sn': 0.2901735516988511}",1.0,dissipation
"('ecoinvent-3.4-biosphere', 'ff5d0fa9-6ca8-4e61-b99b-14981620c0d7')",Propanol,"('air',)",kilogram,Propanol,C3H8O,60.1,"[['C', 3], ['H', 8], ['O', 1]]","{'C': 0.5995507487520799, 'H': 0.1341763727121464, 'O': 0.2662063227953411}",1.0,dissipation
"('ecoinvent-3.4-biosphere', '2ef1d3db-baba-4948-bd9c-eb91e4a36228')",Magnesium,"('soil', 'forestry')",kilogram,Magnesium,Mg,24.305,"[['Mg', 1]]",{'Mg': 1.0},1.0,dissipation
"('ecoinvent-3.4-biosphere', '4569494e-085e-413a-8fef-63a3c419e0cf')",Lithium,"('water', 'ground-')",kilogram,Lithium,Li,7.0,"[['Li', 1]]",{'Li': 1.0},1.0,dissipation
"('ecoinvent-3.4-biosphere', 'aaa7a82f-7d09-48ed-8f08-8eb3c7eeb928')",Oxamyl,"('soil', 'agricultural')",kilogram,Oxamyl,C7H13N3O3S,219.26,"[['C', 7], ['H', 13], ['N', 3], ['O', 3], ['S', 1]]","{'C': 0.383457995074341, 'H': 0.05976466295721974, 'N': 0.19164918361762293, 'O': 0.21890449694426709, 'S': 0.14624190458816017}",1.0,dissipation
"('ecoinvent-3.4-biosphere', 'd57ab983-120a-448b-a681-b876e1addecf')",Fluoranthene,"('air',)",kilogram,Fluoranthene,C16H10,202.25,"[['C', 16], ['H', 10]]","{'C': 0.9501903584672434, 'H': 0.049839307787391846}",1.0,dissipation
"('ecoinvent-3.4-biosphere', '46e63323-cffd-4c46-829b-5f006b50fa9b')",Aluminium,"('air', 'low population density, long-term')",kilogram,Aluminium,Al,26.981538,"[['Al', 1]]",{'Al': 1.0},1.0,dissipation
"('ecoinvent-3.4-biosphere', 'e0346157-1f0e-4bf9-b234-78fead761e18')",Acenaphthylene,"('air',)",kilogram,Acenaphthylene,C12H8,152.19,"[['C', 12], ['H', 8]]","{'C': 0.9470530258229845, 'H': 0.05298639858072147}",1.0,dissipation
"('ecoinvent-3.4-biosphere', 'eba59fd6-f37e-41dc-9ca3-c7ea22d602c7')","Carbon dioxide, non-fossil","('air',)",kilogram,Carbon dioxide,CO2,44.009,"[['C', 1], ['O', 2]]","{'C': 0.27292144788565975, 'O': 0.7270785521143402}",1.0,dissipation
"('ecoinvent-3.4-biosphere', '823b5396-5fc6-427e-8a03-aeeff965e986')",Fenpropidin,"('soil', 'agricultural')",kilogram,Fenpropidin,C19H31N,273.5,"[['C', 19], ['H', 31], ['N', 1]]","{'C': 0.8344021937842778, 'H': 0.11425228519195613, 'N': 0.051213893967093235}",1.0,dissipation
"('ecoinvent-3.4-biosphere', '3df4c2f4-c854-4493-b514-f2f3accdc307')",Naphthalene,"('air',)",kilogram,Naphthalene,C10H8,128.17,"[['C', 10], ['H', 8]]","{'C': 0.9371147694468284, 'H': 0.06291643910431459}",1.0,dissipation
"('ecoinvent-3.4-biosphere', '3d20d2fc-2e7e-4c8c-a77d-91bd822a1dfe')",Furan,"('air', 'lower stratosphere + upper troposphere')",kilogram,Furan,C4H4O,68.07,"[['C', 4], ['H', 4], ['O', 1]]","{'C': 0.7058028500073454, 'H': 0.05923314235345968, 'O': 0.2350374614367563}",1.0,dissipation
"('ecoinvent-3.4-biosphere', '10cbd2f7-c41b-4bb4-b636-d8fc15cf0282')",Manganese,"('water',)",kilogram,Manganese,Mn,54.93804,"[['Mn', 1]]",{'Mn': 1.0},1.0,dissipation
"('ecoinvent-3.4-biosphere', 'ff65658c-2d39-44a2-b23e-7ec3c644f064')",Aluminium,"('air',)",kilogram,Aluminium,Al,26.981538,"[['Al', 1]]",{'Al': 1.0},1.0,dissipation
"('ecoinvent-3.4-biosphere', '6e604e6b-d023-47d6-aedc-9d99d6296918')",Epichlorohydrin,"('air', 'lower stratosphere + upper troposphere')",kilogram,Epichlorohydrin,C3H5ClO,92.52,"[['C', 3], ['H', 5], ['Cl', 1], ['O', 1]]","{'C': 0.38946173800259404, 'H': 0.054474708171206226, 'Cl': 0.38319282317336795, 'O': 0.1729247730220493}",1.0,dissipation
"('ecoinvent-3.4-biosphere', 'ecc93a94-3bd5-4ecc-a6cc-d526e417c6fb')",Lactic acid,"('air', 'low population density, long-term')",kilogram,Lactic acid,C3H6O3,90.08,"[['C', 3], ['H', 6], ['O', 3]]","{'C': 0.4000111012433393, 'H': 0.06714031971580817, 'O': 0.5328263765541741}",1.0,dissipation
"('ecoinvent-3.4-biosphere', '4bf1c333-419b-4278-ac14-247c8bf563d6')","Methane, bromo-, Halon 1001","('air', 'urban air close to ground')",kilogram,Methane,CH4,16.043,"[['C', 1], ['H', 4]]","{'C': 0.7486754347690582, 'H': 0.2513245652309419}",1.0,dissipation
"('ecoinvent-3.4-biosphere', 'c9727abf-58b7-4f90-a670-86f7101e741d')",Cyproconazole,"('soil', 'agricultural')",kilogram,Cyproconazole,C15H18ClN3O,291.77,"[['C', 15], ['H', 18], ['Cl', 1], ['N', 3], ['O', 1]]","{'C': 0.6174898036124344, 'H': 0.062185968399766936, 'Cl': 0.12151009356685062, 'N': 0.14402097542584913, 'O': 0.054834287281077566}",1.0,dissipation
"('ecoinvent-3.4-biosphere', 'd18ec0cf-b4d2-43e6-abe2-19170a40659a')","Acrylate, ion","('water', 'ground-, long-term')",kilogram,Acrylate,C3H3O2-,71.05,"[['C', 3], ['H', 3], ['O', 2]]","{'C': 0.5071498944405348, 'H': 0.0425615763546798, 'O': 0.4503589021815623}",1.0,dissipation
"('ecoinvent-3.4-biosphere', 'fb005c47-7b90-41f3-a5ca-f0eb11db354a')","Ammonium, ion","('water',)",kilogram,Ammonium,H4N+,18.039,"[['H', 4], ['N', 1]]","{'H': 0.22351571594877764, 'N': 0.7764842840512223}",1.0,dissipation
"('ecoinvent-3.4-biosphere', '74ed605a-a4b7-4574-8a36-4638928b092d')",Cyanoacetic acid,"('air', 'non-urban air or from high stacks')",kilogram,Cyanoacetic acid,C3H3NO2,85.06,"[['C', 3], ['H', 3], ['N', 1], ['O', 2]]","{'C': 0.42361862214907126, 'H': 0.035551375499647306, 'N': 0.16467199623794967, 'O': 0.37618151892781565}",1.0,dissipation
"('ecoinvent-3.4-biosphere', '54759564-e002-427d-836f-ad2a84cb7417')",Permethrin,"('water',)",kilogram,Permethrin,C21H20Cl2O3,391.3,"[['C', 21], ['H', 20], ['Cl', 2], ['O', 3]]","{'C': 0.644597495527728, 'H': 0.051520572450805005, 'Cl': 0.18120623562484028, 'O': 0.12266036289292102}",1.0,dissipation
"('ecoinvent-3.4-biosphere', '1ed87d8c-afc2-47f1-af5a-df78ed6bad83')",Formaldehyde,"('water', 'surface water')",kilogram,Formaldehyde,CH2O,30.026,"[['C', 1], ['H', 2], ['O', 1]]","{'C': 0.4000199826816759, 'H': 0.06714181043095983, 'O': 0.5328382068873643}",1.0,dissipation
"('ecoinvent-3.4-biosphere', '81fc5084-ab42-4f82-b376-43942d23295d')",Isocyanic acid,"('air', 'low population density, long-term')",kilogram,Isocyanic acid,CHNO,43.025,"[['C', 1], ['H', 1], ['N', 1], ['O', 1]]","{'C': 0.2791632771644393, 'H': 0.023428239395700174, 'N': 0.32555490993608366, 'O': 0.3718535735037769}",1.0,dissipation
"('ecoinvent-3.4-biosphere', '9af49586-3387-4fe6-874c-f67d9fe87bd3')",Anthracene,"('water', 'ground-, long-term')",kilogram,Anthracene,C14H10,178.23,"[['C', 14], ['H', 10]]","{'C': 0.9434663075800932, 'H': 0.056556135330752405}",1.0,dissipation
"('ecoinvent-3.4-biosphere', '5074e239-b510-49aa-928c-fcdb462481d8')",1-Pentanol,"('water', 'ground-')",kilogram,1-Pentanol,C5H12O,88.15,"[['C', 5], ['H', 12], ['O', 1]]","{'C': 0.6812819058423141, 'H': 0.13722064662507089, 'O': 0.18149744753261485}",1.0,dissipation
"('ecoinvent-3.4-biosphere', '42ebce6e-222e-442b-be25-3d8f711ce5cf')",Ethanol,"('water', 'surface water')",kilogram,Ethanol,C2H6O,46.07,"[['C', 2], ['H', 6], ['O', 1]]","{'C': 0.5214239201215541, 'H': 0.1312784892554808, 'O': 0.3472758845235511}",1.0,dissipation
"('ecoinvent-3.4-biosphere', 'ee71f42f-de6b-46ef-a1dc-7e5d2f33a3ed')",Fluosilicic acid,"('air',)",kilogram,Fluosilicic acid,F6H2Si,144.091,"[['F', 6], ['H', 2], ['Si', 1]]","{'F': 0.7910834125656703, 'H': 0.013991158365199768, 'Si': 0.194918489010417}",1.0,dissipation
"('ecoinvent-3.4-biosphere', '80ef64e4-312c-485a-be3d-30856adc0c11')",Methyl lactate,"('air', 'urban air close to ground')",kilogram,Methyl lactate,C4H8O3,104.1,"[['C', 4], ['H', 8], ['O', 3]]","{'C': 0.46151777137367916, 'H': 0.07746397694524496, 'O': 0.4610662824207493}",1.0,dissipation
"('ecoinvent-3.4-biosphere', 'f19d8e53-09ab-45fa-a7c1-f7da101dab3e')",Boric acid,"('air',)",kilogram,Boric acid,BH3O3,61.84,"[['B', 1], ['H', 3], ['O', 3]]","{'B': 0.1748059508408797, 'H': 0.04890038809831824, 'O': 0.7761481241914618}",1.0,dissipation
"('ecoinvent-3.4-biosphere', 'ac15536a-92f5-48d7-9560-cba0ca43b526')",Hydrogen fluoride,"('air', 'low population density, long-term')",kilogram,Hydrogen fluoride,FH,20.0064,"[['F', 1], ['H', 1]]","{'F': 0.9495961292386437, 'H': 0.050383877159309025}",1.0,dissipation
"('ecoinvent-3.4-biosphere', '23b6a72b-f926-40e3-b88a-0fb565d36de1')",Methyl parathion,"('air', 'non-urban air or from high stacks')",kilogram,Methyl parathion,C8H10NO5PS,263.21,"[['C', 8], ['H', 10], ['N', 1], ['O', 5], ['P', 1], ['S', 1]]","{'C': 0.36506211770069524, 'H': 0.03829641730937275, 'N': 0.053216063219482544, 'O': 0.30392082367691203, 'P': 0.11767789977584439, 'S': 0.12182287906994416}",1.0,dissipation
"('ecoinvent-3.4-biosphere', '13d2fabe-9282-4905-9dfc-5c859022835c')",Phosphoric acid,"('air', 'lower stratosphere + upper troposphere')",kilogram,Phosphoric acid,H3O4P,97.995,"[['H', 3], ['O', 4], ['P', 1]]","{'H': 0.030858717281493954, 'O': 0.6530537272309812, 'P': 0.31607735088524924}",1.0,dissipation
"('ecoinvent-3.4-biosphere', 'f9501098-4a8e-4cd1-98b7-00afbac477a4')",2-Methyl-2-butene,"('air', 'lower stratosphere + upper troposphere')",kilogram,2-Methyl-2-butene,C5H10,70.13,"[['C', 5], ['H', 10]]","{'C': 0.8563382290032796, 'H': 0.14373306716098674}",1.0,dissipation
"('ecoinvent-3.4-biosphere', '40229ebf-9346-4f20-910a-f8ea3bd88d44')","Copper, ion","('water', 'ground-, long-term')",kilogram,Copper,Cu,63.55,"[['Cu', 1]]",{'Cu': 1.0},1.0,dissipation
"('ecoinvent-3.4-biosphere', '38f4e3d4-1c23-4af8-a2af-7d897083ccb7')",Chlorine,"('water', 'ground-, long-term')",kilogram,Chlorine,Cl2,70.9,"[['Cl', 2]]",{'Cl': 1.0},1.0,dissipation
"('ecoinvent-3.4-biosphere', '5f7aad3d-566c-4d0d-ad59-e765f971aa0f')","Methane, fossil","('air', 'urban air close to ground')",kilogram,Methane,CH4,16.043,"[['C', 1], ['H', 4]]","{'C': 0.7486754347690582, 'H': 0.2513245652309419}",1.0,dissipation
"('ecoinvent-3.4-biosphere', '60a6702f-20ad-444f-a6df-f6374f1e3183')","Tin, ion","('water', 'ground-, long-term')",kilogram,Tin,Sn,118.71,"[['Sn', 1]]",{'Sn': 1.0},1.0,dissipation
"('ecoinvent-3.4-biosphere', '9d62f34e-56df-4c48-ba0f-3a50008f29be')",Quinmerac,"('soil', 'agricultural')",kilogram,Quinmerac,C11H8ClNO2,221.64,"[['C', 11], ['H', 8], ['Cl', 1], ['N', 1], ['O', 2]]","{'C': 0.5961062985020754, 'H': 0.03638332430969139, 'Cl': 0.15995758888287315, 'N': 0.06319707634001083, 'O': 0.14436924742826207}",1.0,dissipation
"('ecoinvent-3.4-biosphere', '5403d20f-0a41-44c0-8c17-9f13a99888f9')",Ethylene glycol monoethyl ether,"('air', 'low population density, long-term')",kilogram,Ethylene glycol monoethyl ether,C4H10O2,90.12,"[['C', 4], ['H', 10], ['O', 2]]","{'C': 0.5331114070128716, 'H': 0.11185086551264979, 'O': 0.35505992010652465}",1.0,dissipation
"('ecoinvent-3.4-biosphere', '3c9f4830-91f4-4a22-bd83-c9439b41106c')",Hydrazine,"('water',)",kilogram,Hydrazine,H4N2,32.046,"[['H', 4], ['N', 2]]","{'H': 0.12581913499344693, 'N': 0.8741808650065531}",1.0,dissipation
"('ecoinvent-3.4-biosphere', '1753af55-cfa1-4fb2-a059-33594a759982')",Nitrobenzene,"('air', 'urban air close to ground')",kilogram,Nitrobenzene,C6H5NO2,123.11,"[['C', 6], ['H', 5], ['N', 1], ['O', 2]]","{'C': 0.5853789294127204, 'H': 0.04093899764438307, 'N': 0.11377629762001462, 'O': 0.2599138981398749}",1.0,dissipation
"('ecoinvent-3.4-biosphere', 'cc9a442f-c96a-4bdc-990d-8b58f72b4e07')",1-Pentanol,"('air', 'non-urban air or from high stacks')",kilogram,1-Pentanol,C5H12O,88.15,"[['C', 5], ['H', 12], ['O', 1]]","{'C': 0.6812819058423141, 'H': 0.13722064662507089, 'O': 0.18149744753261485}",1.0,dissipation
"('ecoinvent-3.4-biosphere', 'c0e8ec60-a5ae-432e-97a5-cf76b6247a00')","Methane, dichlorodifluoro-, CFC-12","('air',)",kilogram,Methane,CH4,16.043,"[['C', 1], ['H', 4]]","{'C': 0.7486754347690582, 'H': 0.2513245652309419}",1.0,dissipation
"('ecoinvent-3.4-biosphere', 'b87016c6-ac91-4414-98ce-fb665e0a6d2e')",Calcium,"('air',)",kilogram,Calcium,Ca,40.08,"[['Ca', 1]]",{'Ca': 1.0},1.0,dissipation
"('ecoinvent-3.4-biosphere', '05909c8c-153e-4969-aaa8-e735054b8ee2')",Dimethylamine,"('water', 'ocean')",kilogram,Dimethylamine,C2H7N,45.08,"[['C', 2], ['H', 7], ['N', 1]]","{'C': 0.5328748890860692, 'H': 0.1565217391304348, 'N': 0.3107142857142857}",1.0,dissipation
"('ecoinvent-3.4-biosphere', '16167d62-361c-4ed9-bfeb-3ad4545e794c')","PAH, polycyclic aromatic hydrocarbons","('water', 'surface water')",kilogram,PAH,C9H10N2O3,194.19,"[['C', 9], ['H', 10], ['N', 2], ['O', 3]]","{'C': 0.556666151707091, 'H': 0.05190792522786961, 'N': 0.14426077552912095, 'O': 0.24716514753591842}",1.0,dissipation
"('ecoinvent-3.4-biosphere', '60b42f10-f538-4d77-ad4a-e83282f929e8')",Boron carbide,"('water',)",kilogram,Boron carbide,CB4,55.3,"[['C', 1], ['B', 4]]","{'C': 0.21719710669077757, 'B': 0.7819168173598554}",1.0,dissipation
"('ecoinvent-3.4-biosphere', '326b94e8-aea0-4bd4-8a50-63bf283882a8')",2-Propanol,"('air', 'low population density, long-term')",kilogram,2-Propanol,C3H8O,60.1,"[['C', 3], ['H', 8], ['O', 1]]","{'C': 0.5995507487520799, 'H': 0.1341763727121464, 'O': 0.2662063227953411}",1.0,dissipation
"('ecoinvent-3.4-biosphere', '2a613b0f-cc83-4039-aebb-1e95810ec106')",Dimethyl ether,"('water', 'ocean')",kilogram,Dimethyl ether,C2H6O,46.07,"[['C', 2], ['H', 6], ['O', 1]]","{'C': 0.5214239201215541, 'H': 0.1312784892554808, 'O': 0.3472758845235511}",1.0,dissipation
"('ecoinvent-3.4-biosphere', '0bd0f9e3-d311-4673-b431-d079399a7151')","Thiocyanate, ion","('water', 'ground-')",kilogram,Thiocyanate,CNS-,58.08,"[['C', 1], ['N', 1], ['S', 1]]","{'C': 0.20680096418732782, 'N': 0.24116735537190082, 'S': 0.5520833333333333}",1.0,dissipation
"('ecoinvent-3.4-biosphere', 'c6e057e1-c344-455c-a613-e1d222e58048')",Potassium chloride,"('air',)",kilogram,Potassium chloride,ClK,74.55,"[['Cl', 1], ['K', 1]]","{'Cl': 0.47556002682763254, 'K': 0.5244533869885982}",1.0,dissipation
"('ecoinvent-3.4-biosphere', '41f45128-cebe-4ece-aafa-7406a5c98775')","Methane, chloro-fluoro-, HCFC-31","('air', 'lower stratosphere + upper troposphere')",kilogram,Methane,CH4,16.043,"[['C', 1], ['H', 4]]","{'C': 0.7486754347690582, 'H': 0.2513245652309419}",1.0,dissipation
"('ecoinvent-3.4-biosphere', 'e0e605c8-370b-4b5a-b6d4-2e7a5a1a6709')","Benzene, ethyl-","('air', 'non-urban air or from high stacks')",kilogram,Benzene,C6H6,78.11,"[['C', 6], ['H', 6]]","{'C': 0.9226219434131354, 'H': 0.07742926641915247}",1.0,dissipation
"('ecoinvent-3.4-biosphere', 'c76ddd9e-fd9c-47c5-9b95-ad924146f0bb')",Chlorine,"('air', 'non-urban air or from high stacks')",kilogram,Chlorine,Cl2,70.9,"[['Cl', 2]]",{'Cl': 1.0},1.0,dissipation
"('ecoinvent-3.4-biosphere', '7c335b9c-a403-47a8-bb6d-2e7d3c3a230e')","Iron, ion","('water', 'surface water')",kilogram,Iron,Fe,55.84,"[['Fe', 1]]",{'Fe': 1.0},1.0,dissipation
"('ecoinvent-3.4-biosphere', 'a72e7983-329f-4fb7-9b05-77efe97717e4')",Imazapyr,"('soil', 'agricultural')",kilogram,Imazapyr,C13H15N3O3,261.28,"[['C', 13], ['H', 15], ['N', 3], ['O', 3]]","{'C': 0.5976079301898347, 'H': 0.05786895284751991, 'N': 0.16082746478873242, 'O': 0.18369947948560933}",1.0,dissipation
"('ecoinvent-3.4-biosphere', '14059c6a-2b32-4818-a9dc-93b8f21df2b3')",Acrylonitrile,"('water', 'surface water')",kilogram,Acrylonitrile,C3H3N,53.06,"[['C', 3], ['H', 3], ['N', 1]]","{'C': 0.6790991330569167, 'H': 0.05699208443271767, 'N': 0.26398416886543535}",1.0,dissipation
"('ecoinvent-3.4-biosphere', 'fff3d2db-2784-4044-a6a2-2bc7242456ee')","Ethane, 1,1-difluoro-, HFC-152a","('air', 'lower stratosphere + upper troposphere')",kilogram,Ethane,C2H6,30.07,"[['C', 2], ['H', 6]]","{'C': 0.7988693049551047, 'H': 0.20113069504489525}",1.0,dissipation
"('ecoinvent-3.4-biosphere', 'd4f209e8-335f-4a2f-9384-77a23fbc7dee')","Acetic acid, trifluoro-","('air',)",kilogram,Acetic acid,C2H4O2,60.05,"[['C', 2], ['H', 4], ['O', 2]]","{'C': 0.40003330557868444, 'H': 0.06714404662781016, 'O': 0.5328559533721899}",1.0,dissipation
"('ecoinvent-3.4-biosphere', '62ebd5d6-153a-463d-88c0-9fee5658d316')",Acetone,"('water', 'ocean')",kilogram,Acetone,C3H6O,58.08,"[['C', 3], ['H', 6], ['O', 1]]","{'C': 0.6204028925619836, 'H': 0.10413223140495868, 'O': 0.27546487603305786}",1.0,dissipation
"('ecoinvent-3.4-biosphere', 'a1693936-2774-4f31-8e5b-c513a5870015')",Flumioxazin,"('soil', 'agricultural')",kilogram,Flumioxazin,C19H15FN2O4,354.3,"[['C', 19], ['H', 15], ['F', 1], ['N', 2], ['O', 4]]","{'C': 0.6441123341800733, 'H': 0.042675698560541916, 'F': 0.05362122495060683, 'N': 0.07906858594411516, 'O': 0.18062658763759526}",1.0,dissipation
"('ecoinvent-3.4-biosphere', 'e170546d-a672-4840-bd7a-1c7f8b627286')",Paraquat,"('soil', 'agricultural')",kilogram,Paraquat,C12H14N2+2,186.25,"[['C', 12], ['H', 14], ['N', 2]]","{'C': 0.7738630872483222, 'H': 0.07576912751677853, 'N': 0.15041073825503357}",1.0,dissipation
"('ecoinvent-3.4-biosphere', '896bfa32-a9a9-4e75-aed0-e178987ec038')",Sodium,"('soil', 'agricultural')",kilogram,Sodium,Na,22.9897693,"[['Na', 1]]",{'Na': 1.0},1.0,dissipation
"('ecoinvent-3.4-biosphere', 'f8cf5fd7-9f94-4870-9e6a-768deae9b766')",Nitrogen fluoride,"('air', 'non-urban air or from high stacks')",kilogram,Nitrogen fluoride,F3N,71.002,"[['F', 3], ['N', 1]]","{'F': 0.8027097828230191, 'N': 0.1972761330666742}",1.0,dissipation
"('ecoinvent-3.4-biosphere', 'b1b1fd04-fad3-4e5d-a8ae-e15ff7fdcca5')",Propylene oxide,"('water', 'surface water')",kilogram,Propylene oxide,C3H6O,58.08,"[['C', 3], ['H', 6], ['O', 1]]","{'C': 0.6204028925619836, 'H': 0.10413223140495868, 'O': 0.27546487603305786}",1.0,dissipation
"('ecoinvent-3.4-biosphere', 'e395a1a3-6915-4b72-a533-ff1a82fc3da1')","AOX, Adsorbable Organic Halogen as Cl","('water', 'surface water')",kilogram,AOX,C19H30O2,290.4,"[['C', 19], ['H', 30], ['O', 2]]","{'C': 0.7858436639118457, 'H': 0.1041322314049587, 'O': 0.11018595041322315}",1.0,dissipation
"('ecoinvent-3.4-biosphere', 'e75faf77-8341-4223-8b46-72391fd0f312')","Ethane, 1,1,2-trichloro-","('air', 'low population density, long-term')",kilogram,Ethane,C2H6,30.07,"[['C', 2], ['H', 6]]","{'C': 0.7988693049551047, 'H': 0.20113069504489525}",1.0,dissipation
"('ecoinvent-3.4-biosphere', 'e4f501bb-02e2-4562-be3c-5a047b6d2581')","Phenol, 2,4-dichloro","('air', 'urban air close to ground')",kilogram,Phenol,C6H6O,94.11,"[['C', 6], ['H', 6], ['O', 1]]","{'C': 0.765763468281798, 'H': 0.06426522154925088, 'O': 0.17000318775900541}",1.0,dissipation
"('ecoinvent-3.4-biosphere', '5e3a522a-d959-4aac-9ff0-c1c09f4e645e')","Phthalate, dimethyl-","('water',)",kilogram,Phthalate,C8H4O4-2,164.11,"[['C', 8], ['H', 4], ['O', 4]]","{'C': 0.5855097190908536, 'H': 0.024568886722320393, 'O': 0.3899579550301627}",1.0,dissipation
"('ecoinvent-3.4-biosphere', 'f466775b-d475-4f5d-8b5a-0248c6b94449')",Ethylene oxide,"('water', 'ground-')",kilogram,Ethylene oxide,C2H4O,44.05,"[['C', 2], ['H', 4], ['O', 1]]","{'C': 0.5453348467650397, 'H': 0.09153234960272419, 'O': 0.3632009080590239}",1.0,dissipation
"('ecoinvent-3.4-biosphere', '42f51ad5-6190-4641-b961-f411310554e9')",Acrylic acid,"('air', 'urban air close to ground')",kilogram,Acrylic acid,C3H4O2,72.06,"[['C', 3], ['H', 4], ['O', 2]]","{'C': 0.5000416319733555, 'H': 0.055953372189841796, 'O': 0.4440466278101582}",1.0,dissipation
"('ecoinvent-3.4-biosphere', '921df5eb-cde6-40ea-8744-c02746db0a3c')",Cyanide,"('air', 'urban air close to ground')",kilogram,Cyanide,CN-,26.017,"[['C', 1], ['N', 1]]","{'C': 0.4616596840527347, 'N': 0.5383787523542299}",1.0,dissipation
"('ecoinvent-3.4-biosphere', '9c3bd678-1b2f-4b95-a245-d5c8a3fe326b')",Aluminium,"('air', 'non-urban air or from high stacks')",kilogram,Aluminium,Al,26.981538,"[['Al', 1]]",{'Al': 1.0},1.0,dissipation
"('ecoinvent-3.4-biosphere', 'ec9b8886-22ef-452b-9347-88dd1ab3a6a5')",Acrylonitrile,"('water', 'ground-')",kilogram,Acrylonitrile,C3H3N,53.06,"[['C', 3], ['H', 3], ['N', 1]]","{'C': 0.6790991330569167, 'H': 0.05699208443271767, 'N': 0.26398416886543535}",1.0,dissipation
"('ecoinvent-3.4-biosphere', 'a6ad3fc7-c019-454f-a899-43be7913a598')",Acenaphthene,"('water', 'ocean')",kilogram,Acenaphthene,C12H10,154.21,"[['C', 12], ['H', 10]]","{'C': 0.9346475585240905, 'H': 0.06536541080344983}",1.0,dissipation
"('ecoinvent-3.4-biosphere', 'a57bf693-7ffa-409d-919c-c806e34a4c67')",Sodium dichromate,"('air',)",kilogram,Sodium dichromate,Cr2Na2O7,261.97,"[['Cr', 2], ['Na', 2], ['O', 7]]","{'Cr': 0.39696148413940524, 'Na': 0.17551628049013243, 'O': 0.42750314921555904}",1.0,dissipation
"('ecoinvent-3.4-biosphere', '55fb6174-72e0-4a5e-9eb5-8d5780acffd1')",Uranium,"('air', 'low population density, long-term')",kilogram,Uranium,U,238.0289,"[['U', 1]]",{'U': 1.0},1.0,dissipation
"('ecoinvent-3.4-biosphere', '29bfab29-0ad0-47da-b5b9-a76328ba5a64')",Propanol,"('air', 'non-urban air or from high stacks')",kilogram,Propanol,C3H8O,60.1,"[['C', 3], ['H', 8], ['O', 1]]","{'C': 0.5995507487520799, 'H': 0.1341763727121464, 'O': 0.2662063227953411}",1.0,dissipation
"('ecoinvent-3.4-biosphere', 'e2d58f90-9aac-4ac4-87f7-bbd6cfc358e3')",Cadmium,"('air', 'non-urban air or from high stacks')",kilogram,Cadmium,Cd,112.41,"[['Cd', 1]]",{'Cd': 1.0},1.0,dissipation
"('ecoinvent-3.4-biosphere', 'f73177d8-5e57-4f0d-ba34-6889cfdfed40')","Tin, ion","('water', 'ground-')",kilogram,Tin,Sn,118.71,"[['Sn', 1]]",{'Sn': 1.0},1.0,dissipation
"('ecoinvent-3.4-biosphere', 'faca26d7-b953-4dd6-94a9-7b8975452e1c')",Acrylic acid,"('air',)",kilogram,Acrylic acid,C3H4O2,72.06,"[['C', 3], ['H', 4], ['O', 2]]","{'C': 0.5000416319733555, 'H': 0.055953372189841796, 'O': 0.4440466278101582}",1.0,dissipation
"('ecoinvent-3.4-biosphere', 'a192f5ac-fb5d-4e14-ac11-3c38283da9d0')",Cumene,"('air',)",kilogram,Cumene,C9H12,120.19,"[['C', 9], ['H', 12]]","{'C': 0.8994009484982111, 'H': 0.10064065230052417}",1.0,dissipation
"('ecoinvent-3.4-biosphere', '82df49c5-8ff3-4d99-abe9-7e5e917a0d13')",Methyl acrylate,"('water', 'ocean')",kilogram,Methyl acrylate,C4H6O2,86.09,"[['C', 4], ['H', 6], ['O', 2]]","{'C': 0.558067139040539, 'H': 0.0702520617957951, 'O': 0.3716807991636659}",1.0,dissipation
"('ecoinvent-3.4-biosphere', '3b8a6f65-384b-4086-a817-b0c77555b78a')",Dichromate,"('water',)",kilogram,Dichromate,Cr2O7-2,215.99,"[['Cr', 2], ['O', 7]]","{'Cr': 0.48146673457104494, 'O': 0.5185101162090838}",1.0,dissipation
"('ecoinvent-3.4-biosphere', 'ea6f1100-7fe4-4f66-92cc-a69fe2dcca77')",2-Aminopropanol,"('water',)",kilogram,2-Aminopropanol,C3H9NO,75.11,"[['C', 3], ['H', 9], ['N', 1], ['O', 1]]","{'C': 0.4797363866329384, 'H': 0.12078285181733457, 'N': 0.1864864864864865, 'O': 0.21300758886965784}",1.0,dissipation
"('ecoinvent-3.4-biosphere', '1511586a-8f52-4e6b-bb46-78a0c083155f')","Acetic acid, trifluoro-","('air', 'non-urban air or from high stacks')",kilogram,Acetic acid,C2H4O2,60.05,"[['C', 2], ['H', 4], ['O', 2]]","{'C': 0.40003330557868444, 'H': 0.06714404662781016, 'O': 0.5328559533721899}",1.0,dissipation
"('ecoinvent-3.4-biosphere', '282973e4-3c2d-4a9c-a3f2-d39a5b36aa76')",Deltamethrin,"('soil', 'agricultural')",kilogram,Deltamethrin,C22H19Br2NO3,505.2,"[['C', 22], ['H', 19], ['Br', 2], ['N', 1], ['O', 3]]","{'C': 0.5230443388756927, 'H': 0.03790973871733967, 'Br': 0.316326207442597, 'N': 0.02772565320665083, 'O': 0.09500593824228029}",1.0,dissipation
"('ecoinvent-3.4-biosphere', 'c6ce1ad0-d8da-41d0-8db1-cabc3760b422')",Selenium,"('soil', 'agricultural')",kilogram,Selenium,Se,78.97,"[['Se', 1]]",{'Se': 1.0},1.0,dissipation
"('ecoinvent-3.4-biosphere', 'e4ef0139-8f7a-4541-a2fb-8316558eb296')","Benzene, ethyl-","('air', 'low population density, long-term')",kilogram,Benzene,C6H6,78.11,"[['C', 6], ['H', 6]]","{'C': 0.9226219434131354, 'H': 0.07742926641915247}",1.0,dissipation
"('ecoinvent-3.4-biosphere', 'b4d5edf7-0584-4e43-8ee7-f78511443b0d')","Ethane, 1,1,2-trichloro-","('air', 'non-urban air or from high stacks')",kilogram,Ethane,C2H6,30.07,"[['C', 2], ['H', 6]]","{'C': 0.7988693049551047, 'H': 0.20113069504489525}",1.0,dissipation
"('ecoinvent-3.4-biosphere', 'db945649-d0d5-4818-ab81-dc8579469a05')",Hydrogen sulfide,"('water', 'ground-')",kilogram,Hydrogen sulfide,H2S,34.08,"[['H', 2], ['S', 1]]","{'H': 0.05915492957746479, 'S': 0.9408744131455399}",1.0,dissipation
"('ecoinvent-3.4-biosphere', '69a6c884-39be-444f-a67c-7436a5e66de2')","Carbon monoxide, from soil or biomass stock","('air',)",kilogram,Carbon monoxide,CO,28.01,"[['C', 1], ['O', 1]]","{'C': 0.42881113887897176, 'O': 0.5711888611210282}",1.0,dissipation
"('ecoinvent-3.4-biosphere', 'cab8d859-018a-4919-9324-f3febdea35e0')",Profenofos,"('soil', 'agricultural')",kilogram,Profenofos,C11H15BrClO3PS,373.63,"[['C', 11], ['H', 15], ['Br', 1], ['Cl', 1], ['O', 3], ['P', 1], ['S', 1]]","{'C': 0.3536145384471268, 'H': 0.04046784251799909, 'Br': 0.2138586301956481, 'Cl': 0.09488799079303055, 'O': 0.1284613119931483, 'P': 0.0829001953804566, 'S': 0.08582019645103445}",1.0,dissipation
"('ecoinvent-3.4-biosphere', '99f78a2c-48e3-492c-aa5a-ed0c2f24a1a0')",Quintozene,"('soil', 'agricultural')",kilogram,Quintozene,C6Cl5NO2,295.3,"[['C', 6], ['Cl', 5], ['N', 1], ['O', 2]]","{'C': 0.24404334575008466, 'Cl': 0.6002878428716559, 'N': 0.04743311886217406, 'O': 0.10835760243819845}",1.0,dissipation
"('ecoinvent-3.4-biosphere', 'a2b3bbb7-53ec-44e5-a184-9689f356235b')",Beryllium,"('air', 'lower stratosphere + upper troposphere')",kilogram,Beryllium,Be,9.012183,"[['Be', 1]]",{'Be': 1.0},1.0,dissipation
"('ecoinvent-3.4-biosphere', '4673a799-36a5-4359-ac6a-fa933281bc93')",Arsenic,"('soil', 'agricultural')",kilogram,Arsenic,As,74.92159,"[['As', 1]]",{'As': 1.0},1.0,dissipation
"('ecoinvent-3.4-biosphere', 'e9d1e8d9-2db3-40d8-b7a9-8f39a0bd5ae0')",Triasulfuron,"('soil', 'agricultural')",kilogram,Triasulfuron,C14H16ClN5O5S,401.8,"[['C', 14], ['H', 16], ['Cl', 1], ['N', 5], ['O', 5], ['S', 1]]","{'C': 0.41850174216027874, 'H': 0.04013937282229965, 'Cl': 0.08823544051767049, 'N': 0.17430313588850174, 'O': 0.19909158785465406, 'S': 0.07980338476854155}",1.0,dissipation
"('ecoinvent-3.4-biosphere', 'cbf58f64-9286-406f-8dcb-ef1d81eec980')",2-Propanol,"('air', 'urban air close to ground')",kilogram,2-Propanol,C3H8O,60.1,"[['C', 3], ['H', 8], ['O', 1]]","{'C': 0.5995507487520799, 'H': 0.1341763727121464, 'O': 0.2662063227953411}",1.0,dissipation
"('ecoinvent-3.4-biosphere', '51fb4920-7f49-47ba-b02f-9574accf731d')",Diethylene glycol,"('air', 'low population density, long-term')",kilogram,Diethylene glycol,C4H10O3,106.12,"[['C', 4], ['H', 10], ['O', 3]]","{'C': 0.4527327553712778, 'H': 0.09498680738786279, 'O': 0.4522898605352431}",1.0,dissipation
"('ecoinvent-3.4-biosphere', '4764f5f1-69bc-4ebb-b7c6-6b54c251056e')",Sodium formate,"('air', 'urban air close to ground')",kilogram,Sodium formate,CHNaO2,68.007,"[['C', 1], ['H', 1], ['Na', 1], ['O', 2]]","{'C': 0.17661417207052213, 'H': 0.014822003617274692, 'Na': 0.3380534356757392, 'O': 0.4705103886364639}",1.0,dissipation
"('ecoinvent-3.4-biosphere', '5760329d-2fcb-4021-b9fa-878460c1c1f2')",Sodium formate,"('water', 'ocean')",kilogram,Sodium formate,CHNaO2,68.007,"[['C', 1], ['H', 1], ['Na', 1], ['O', 2]]","{'C': 0.17661417207052213, 'H': 0.014822003617274692, 'Na': 0.3380534356757392, 'O': 0.4705103886364639}",1.0,dissipation
"('ecoinvent-3.4-biosphere', '055bf521-b162-4172-b7db-da4df197d671')",Methyl borate,"('air', 'urban air close to ground')",kilogram,Methyl borate,C3H9BO3,103.92,"[['C', 3], ['H', 9], ['B', 1], ['O', 3]]","{'C': 0.3467378752886836, 'H': 0.08729792147806004, 'B': 0.10402232486528099, 'O': 0.461864896073903}",1.0,dissipation
"('ecoinvent-3.4-biosphere', '99585564-bfce-4845-9aaa-2f24b8f26a41')","Ethane, 1,1,1-trichloro-, HCFC-140","('air', 'non-urban air or from high stacks')",kilogram,Ethane,C2H6,30.07,"[['C', 2], ['H', 6]]","{'C': 0.7988693049551047, 'H': 0.20113069504489525}",1.0,dissipation
"('ecoinvent-3.4-biosphere', 'd3709c7e-7c61-45a4-92e4-f7cf95ebe3a2')",Methyl ethyl ketone,"('air',)",kilogram,Methyl ethyl ketone,C4H8O,72.11,"[['C', 4], ['H', 8], ['O', 1]]","{'C': 0.6662598807377618, 'H': 0.11182914990985994, 'O': 0.22186936624601306}",1.0,dissipation
"('ecoinvent-3.4-biosphere', 'a4403b63-270d-4995-a249-8e31763ce5d7')",Carbonate,"('water', 'ground-')",kilogram,Carbonate,CO3-2,60.009,"[['C', 1], ['O', 3]]","{'C': 0.2001533103367828, 'O': 0.7998300254961755}",1.0,dissipation
"('ecoinvent-3.4-biosphere', 'cfe43cd8-3356-4d29-bb02-5b9c9ede0aec')","Ethene, chloro-","('water', 'surface water')",kilogram,Ethene,C2H4,28.05,"[['C', 2], ['H', 4]]","{'C': 0.8563992869875222, 'H': 0.14374331550802139}",1.0,dissipation
"('ecoinvent-3.4-biosphere', 'bfcc7ab0-a9a7-41b6-895f-25450e8c0d40')",t-Butylamine,"('air', 'lower stratosphere + upper troposphere')",kilogram,t-Butylamine,C4H11N,73.14,"[['C', 4], ['H', 11], ['N', 1]]","{'C': 0.6568772217664752, 'H': 0.15159967186218212, 'N': 0.19150943396226414}",1.0,dissipation
"('ecoinvent-3.4-biosphere', '8939217c-4acd-48c2-8a19-7b3afb7e5d3b')",Dicofol,"('soil', 'agricultural')",kilogram,Dicofol,C14H9Cl5O,370.5,"[['C', 14], ['H', 9], ['Cl', 5], ['O', 1]]","{'C': 0.4538569500674764, 'H': 0.024485829959514167, 'Cl': 0.4784480431848853, 'O': 0.043182186234817815}",1.0,dissipation
"('ecoinvent-3.4-biosphere', 'f53378fe-3e04-4f74-9a08-bea2a6332b67')",Acetic acid,"('air', 'lower stratosphere + upper troposphere')",kilogram,Acetic acid,C2H4O2,60.05,"[['C', 2], ['H', 4], ['O', 2]]","{'C': 0.40003330557868444, 'H': 0.06714404662781016, 'O': 0.5328559533721899}",1.0,dissipation
"('ecoinvent-3.4-biosphere', '27f61651-96a5-45c7-9873-832626cf6905')","Ethane, 2-chloro-1,1,1,2-tetrafluoro-, HCFC-124","('air', 'urban air close to ground')",kilogram,Ethane,C2H6,30.07,"[['C', 2], ['H', 6]]","{'C': 0.7988693049551047, 'H': 0.20113069504489525}",1.0,dissipation
"('ecoinvent-3.4-biosphere', 'd18c4258-de90-4c4b-8a63-7c92335716ae')",Fenoxycarb,"('soil', 'agricultural')",kilogram,Fenoxycarb,C17H19NO4,301.34,"[['C', 17], ['H', 19], ['N', 1], ['O', 4]]","{'C': 0.6775967345855181, 'H': 0.06355611601513242, 'N': 0.046482378708435655, 'O': 0.21237140771221877}",1.0,dissipation
"('ecoinvent-3.4-biosphere', '739234c8-5359-48b4-983f-9cb170d68c8d')",Lead,"('soil',)",kilogram,Lead,Pb,207.0,"[['Pb', 1]]",{'Pb': 1.0},1.0,dissipation
"('ecoinvent-3.4-biosphere', '31b12a79-5555-4eb6-8cae-4b13b53ef8af')",Bensulfuron methyl ester,"('soil', 'agricultural')",kilogram,Bensulfuron methyl ester,C16H18N4O7S,410.4,"[['C', 16], ['H', 18], ['N', 4], ['O', 7], ['S', 1]]","{'C': 0.4682651072124756, 'H': 0.04421052631578947, 'N': 0.13652046783625732, 'O': 0.2728874269005848, 'S': 0.07813109161793372}",1.0,dissipation
"('ecoinvent-3.4-biosphere', '6592e729-c2a4-4d33-86ca-5b86cdf7cdc7')","Ethene, tetrachloro-","('water', 'ocean')",kilogram,Ethene,C2H4,28.05,"[['C', 2], ['H', 4]]","{'C': 0.8563992869875222, 'H': 0.14374331550802139}",1.0,dissipation
"('ecoinvent-3.4-biosphere', '6c0719de-1bd9-4ae5-a0c6-37a58bad4ba1')",o-Xylene,"('water', 'ground-')",kilogram,o-Xylene,C8H10,106.16,"[['C', 8], ['H', 10]]","{'C': 0.9051243406179351, 'H': 0.09495101733232857}",1.0,dissipation
"('ecoinvent-3.4-biosphere', 'a5b82cff-6334-45a8-aef7-1761f2b83722')",Titanium,"('air', 'lower stratosphere + upper troposphere')",kilogram,Titanium,Ti,47.867,"[['Ti', 1]]",{'Ti': 1.0},1.0,dissipation
"('ecoinvent-3.4-biosphere', '85a764f2-a810-4b20-bc86-a45604262fda')",Tin,"('soil',)",kilogram,Tin,Sn,118.71,"[['Sn', 1]]",{'Sn': 1.0},1.0,dissipation
"('ecoinvent-3.4-biosphere', '1fdc280a-34d3-4513-b110-3f526b17c443')",Nitrogen fluoride,"('air', 'urban air close to ground')",kilogram,Nitrogen fluoride,F3N,71.002,"[['F', 3], ['N', 1]]","{'F': 0.8027097828230191, 'N': 0.1972761330666742}",1.0,dissipation
"('ecoinvent-3.4-biosphere', 'bc86067c-20e8-46e7-8419-de1eee73ccdd')",Elemental carbon,"('soil',)",kilogram,Elemental carbon,C,12.011,"[['C', 1]]",{'C': 1.0},1.0,dissipation
"('ecoinvent-3.4-biosphere', '7c09916a-b6b5-47f5-bdf6-30d2511beb82')","Benzene, ethyl-","('air', 'urban air close to ground')",kilogram,Benzene,C6H6,78.11,"[['C', 6], ['H', 6]]","{'C': 0.9226219434131354, 'H': 0.07742926641915247}",1.0,dissipation
"('ecoinvent-3.4-biosphere', '09f25c1d-3f19-428a-9167-cbd2d8857490')",Gold,"('water', 'ocean')",kilogram,Gold,Au,196.96657,"[['Au', 1]]",{'Au': 1.0},1.0,dissipation
"('ecoinvent-3.4-biosphere', '9f550c00-0f0f-45e7-a29c-a450752d4c7a')",Monoethanolamine,"('air',)",kilogram,Monoethanolamine,C2H7NO,61.08,"[['C', 2], ['H', 7], ['N', 1], ['O', 1]]","{'C': 0.3932874918140144, 'H': 0.11552062868369352, 'N': 0.2293222003929273, 'O': 0.26193516699410613}",1.0,dissipation
"('ecoinvent-3.4-biosphere', '89107893-d6a6-4b60-b17e-7f4542461dfd')",Propaquizafop,"('soil', 'agricultural')",kilogram,Propaquizafop,C22H22ClN3O5,443.9,"[['C', 22], ['H', 22], ['Cl', 1], ['N', 3], ['O', 5]]","{'C': 0.5952737102951114, 'H': 0.04995719756701961, 'Cl': 0.07986708718179772, 'N': 0.09466321243523317, 'O': 0.18020950664564092}",1.0,dissipation
"('ecoinvent-3.4-biosphere', 'e555f589-ec29-468d-a35d-346dc45cdd84')",Dicamba,"('water', 'ground-')",kilogram,Dicamba,C8H6Cl2O3,221.03,"[['C', 8], ['H', 6], ['Cl', 2], ['O', 3]]","{'C': 0.43472831742297424, 'H': 0.02736280142967018, 'Cl': 0.3207980817083654, 'O': 0.21715151789349862}",1.0,dissipation
"('ecoinvent-3.4-biosphere', 'fc840c3f-dbcd-4175-9bc2-7fba64501e39')",Anthracene,"('air',)",kilogram,Anthracene,C14H10,178.23,"[['C', 14], ['H', 10]]","{'C': 0.9434663075800932, 'H': 0.056556135330752405}",1.0,dissipation
"('ecoinvent-3.4-biosphere', '9b6d6f07-ebc6-447d-a3c0-f2017d77d852')","Iron, ion","('water', 'ground-, long-term')",kilogram,Iron,Fe,55.84,"[['Fe', 1]]",{'Fe': 1.0},1.0,dissipation
"('ecoinvent-3.4-biosphere', '2cba713d-ab0b-44cb-babb-f8cac262554f')",Vanadium,"('air', 'urban air close to ground')",kilogram,Vanadium,V,50.9415,"[['V', 1]]",{'V': 1.0},1.0,dissipation
"('ecoinvent-3.4-biosphere', 'c8bd2194-b2fc-47c3-bd0b-3341e4b23970')",Chloroacetic acid,"('water',)",kilogram,Chloroacetic acid,C2H3ClO2,94.5,"[['C', 2], ['H', 3], ['Cl', 1], ['O', 2]]","{'C': 0.2542010582010582, 'H': 0.032, 'Cl': 0.3751640211640212, 'O': 0.33860317460317463}",1.0,dissipation
"('ecoinvent-3.4-biosphere', '1aa7eec2-1079-4792-825c-364a7bde9921')",Hypochlorite,"('water', 'ground-')",kilogram,Hypochlorite,ClO-,51.45,"[['Cl', 1], ['O', 1]]","{'Cl': 0.6890767735665695, 'O': 0.31096209912536443}",1.0,dissipation
"('ecoinvent-3.4-biosphere', 'de333139-a26f-42de-ba1b-c7c24c2964bc')","Perchlorate, ion","('water', 'ocean')",kilogram,Perchlorate,ClO4-,99.45,"[['Cl', 1], ['O', 4]]","{'Cl': 0.35649069884364004, 'O': 0.643499245852187}",1.0,dissipation
"('ecoinvent-3.4-biosphere', '48cb6314-1cbe-4ab1-9374-00720b682531')",Monochloroethane,"('water', 'ground-, long-term')",kilogram,Monochloroethane,C2H5Cl,64.51,"[['C', 2], ['H', 5], ['Cl', 1]]","{'C': 0.37237637575569676, 'H': 0.07812742210509997, 'Cl': 0.5495737095024027}",1.0,dissipation
"('ecoinvent-3.4-biosphere', '529aa6a5-092a-4b55-8e09-c56393808b5c')",Benzal chloride,"('water', 'ground-')",kilogram,Benzal chloride,C7H6Cl2,161.03,"[['C', 7], ['H', 6], ['Cl', 2]]","{'C': 0.5221201018443768, 'H': 0.03755821896541017, 'Cl': 0.4403278892131901}",1.0,dissipation
"('ecoinvent-3.4-biosphere', '0f9f3e17-eb81-4adb-8170-049bc6b66728')","Methane, tetrachloro-, R-10","('air', 'non-urban air or from high stacks')",kilogram,Methane,CH4,16.043,"[['C', 1], ['H', 4]]","{'C': 0.7486754347690582, 'H': 0.2513245652309419}",1.0,dissipation
"('ecoinvent-3.4-biosphere', '77fd3c56-5c3e-4070-93fa-de03fa455d47')",t-Butyl methyl ether,"('water', 'surface water')",kilogram,t-Butyl methyl ether,C5H12O,88.15,"[['C', 5], ['H', 12], ['O', 1]]","{'C': 0.6812819058423141, 'H': 0.13722064662507089, 'O': 0.18149744753261485}",1.0,dissipation
"('ecoinvent-3.4-biosphere', '1b7a743b-f3ab-4a26-9f83-7012ee6cc2f3')",Tungsten,"('water',)",kilogram,Tungsten,W,183.84,"[['W', 1]]",{'W': 1.0},1.0,dissipation
"('ecoinvent-3.4-biosphere', '3822809c-cc03-469d-ac2a-9f85842f8440')",Molybdenum,"('water', 'ground-')",kilogram,Molybdenum,Mo,95.95,"[['Mo', 1]]",{'Mo': 1.0},1.0,dissipation
"('ecoinvent-3.4-biosphere', 'c2fa3c88-ff02-5b95-8f4a-8fa1e5183873')",Oxygen,"('water',)",kilogram,Oxygen,O2,31.999,"[['O', 2]]",{'O': 1.0},1.0,dissipation
"('ecoinvent-3.4-biosphere', 'b1fa0fe9-49d4-4e1d-9502-3b2d10a313c9')",2-Aminopropanol,"('air', 'non-urban air or from high stacks')",kilogram,2-Aminopropanol,C3H9NO,75.11,"[['C', 3], ['H', 9], ['N', 1], ['O', 1]]","{'C': 0.4797363866329384, 'H': 0.12078285181733457, 'N': 0.1864864864864865, 'O': 0.21300758886965784}",1.0,dissipation
"('ecoinvent-3.4-biosphere', 'df0ba4e1-ab58-4e03-ac9e-05c76ebfa7ec')",Scandium,"('soil', 'agricultural')",kilogram,Scandium,Sc,44.95591,"[['Sc', 1]]",{'Sc': 1.0},1.0,dissipation
"('ecoinvent-3.4-biosphere', 'cc0815ac-dd64-48f1-adc4-2c798b2a437c')",Fluosilicic acid,"('air', 'lower stratosphere + upper troposphere')",kilogram,Fluosilicic acid,F6H2Si,144.091,"[['F', 6], ['H', 2], ['Si', 1]]","{'F': 0.7910834125656703, 'H': 0.013991158365199768, 'Si': 0.194918489010417}",1.0,dissipation
"('ecoinvent-3.4-biosphere', '774c181d-18a7-4096-aa99-56801ef6b909')",Nitrate,"('soil',)",kilogram,Nitrate,NO3-,62.005,"[['N', 1], ['O', 3]]","{'N': 0.22590113700508022, 'O': 0.7740827352632852}",1.0,dissipation
"('ecoinvent-3.4-biosphere', 'f38210d0-4566-4497-b270-662028efc0c6')","Acetic acid, trifluoro-","('air', 'urban air close to ground')",kilogram,Acetic acid,C2H4O2,60.05,"[['C', 2], ['H', 4], ['O', 2]]","{'C': 0.40003330557868444, 'H': 0.06714404662781016, 'O': 0.5328559533721899}",1.0,dissipation
"('ecoinvent-3.4-biosphere', '5dfb74d2-fa15-4f2d-bf7c-5aa45a41ec7f')","Methane, chlorotrifluoro-, CFC-13","('air', 'low population density, long-term')",kilogram,Methane,CH4,16.043,"[['C', 1], ['H', 4]]","{'C': 0.7486754347690582, 'H': 0.2513245652309419}",1.0,dissipation
"('ecoinvent-3.4-biosphere', '960c0f37-f34c-4fc1-b77c-22d8b35fd8d5')","DOC, Dissolved Organic Carbon","('water', 'surface water')",kilogram,DOC,C21H30O3,330.5,"[['C', 21], ['H', 30], ['O', 3]]","{'C': 0.7631800302571861, 'H': 0.09149773071104388, 'O': 0.14522541603630862}",1.0,dissipation
"('ecoinvent-3.4-biosphere', '555aed47-6c62-4cbe-b9b8-d01229284c8a')",Propanal,"('air',)",kilogram,Propanal,C3H6O,58.08,"[['C', 3], ['H', 6], ['O', 1]]","{'C': 0.6204028925619836, 'H': 0.10413223140495868, 'O': 0.27546487603305786}",1.0,dissipation
"('ecoinvent-3.4-biosphere', '16fcd4f9-0bb8-4b84-8334-3ffb1a17aa74')","Ethane, 1,1,1,2-tetrafluoro-, HFC-134a","('air', 'non-urban air or from high stacks')",kilogram,Ethane,C2H6,30.07,"[['C', 2], ['H', 6]]","{'C': 0.7988693049551047, 'H': 0.20113069504489525}",1.0,dissipation
"('ecoinvent-3.4-biosphere', '4f9ceb8d-7b0f-482e-aeb4-59400d5fdbb8')",Fluoride,"('soil', 'agricultural')",kilogram,Fluoride,F-,18.99840316,"[['F', 1]]",{'F': 1.0},1.0,dissipation
"('ecoinvent-3.4-biosphere', 'eb15dd66-43ee-4161-ac90-2cd6d19ca72d')",Benzene,"('air', 'lower stratosphere + upper troposphere')",kilogram,Benzene,C6H6,78.11,"[['C', 6], ['H', 6]]","{'C': 0.9226219434131354, 'H': 0.07742926641915247}",1.0,dissipation
"('ecoinvent-3.4-biosphere', '62cc5e18-da24-4fb7-9f7c-1601fedba341')",Selenium,"('water', 'ocean')",kilogram,Selenium,Se,78.97,"[['Se', 1]]",{'Se': 1.0},1.0,dissipation
"('ecoinvent-3.4-biosphere', 'fad455a8-a20f-4b6e-8192-0bec95252876')","Ethane, 1,1,1-trichloro-, HCFC-140","('water', 'ocean')",kilogram,Ethane,C2H6,30.07,"[['C', 2], ['H', 6]]","{'C': 0.7988693049551047, 'H': 0.20113069504489525}",1.0,dissipation
"('ecoinvent-3.4-biosphere', '2c931139-2463-4abd-9dc0-3523477499db')",Carbonate,"('water', 'surface water')",kilogram,Carbonate,CO3-2,60.009,"[['C', 1], ['O', 3]]","{'C': 0.2001533103367828, 'O': 0.7998300254961755}",1.0,dissipation
"('ecoinvent-3.4-biosphere', '7722209c-9953-4e3d-9854-5eaf36e147f8')",Tefluthrin,"('air', 'non-urban air or from high stacks')",kilogram,Tefluthrin,C17H14ClF7O2,418.7,"[['C', 17], ['H', 14], ['Cl', 1], ['F', 7], ['O', 2]]","{'C': 0.4876689754000477, 'H': 0.03370432290422737, 'Cl': 0.08467399092428948, 'F': 0.31761643181275384, 'O': 0.07642225937425365}",1.0,dissipation
"('ecoinvent-3.4-biosphere', 'c89873de-cd23-4323-a948-f5cfeebd2fc9')",Nickel,"('air', 'low population density, long-term')",kilogram,Nickel,Ni,58.693,"[['Ni', 1]]",{'Ni': 1.0},1.0,dissipation
"('ecoinvent-3.4-biosphere', '826c7733-9b0a-4ec5-9f35-32294f9138e3')",Toluene,"('water',)",kilogram,Toluene,C7H8,92.14,"[['C', 7], ['H', 8]]","{'C': 0.9124918602127198, 'H': 0.08751899283698719}",1.0,dissipation
"('ecoinvent-3.4-biosphere', '55d3e6b8-8b05-4ba4-b2f2-be761c3541aa')",Acetyl chloride,"('water', 'ground-')",kilogram,Acetyl chloride,C2H3ClO,78.5,"[['C', 2], ['H', 3], ['Cl', 1], ['O', 1]]","{'C': 0.30601273885350316, 'H': 0.03852229299363057, 'Cl': 0.45163057324840766, 'O': 0.20380891719745223}",1.0,dissipation
"('ecoinvent-3.4-biosphere', '98f28ebe-22c0-4d0b-a2a2-2fcf910a91dd')",Diethyl ether,"('air', 'non-urban air or from high stacks')",kilogram,Diethyl ether,C4H10O,74.12,"[['C', 4], ['H', 10], ['O', 1]]","{'C': 0.6481921208850512, 'H': 0.13599568267674042, 'O': 0.21585267134376687}",1.0,dissipation
"('ecoinvent-3.4-biosphere', '27804c78-5eee-47f9-9a91-1f6126ccfe45')",Formic acid,"('air',)",kilogram,Formic acid,CH2O2,46.025,"[['C', 1], ['H', 2], ['O', 2]]","{'C': 0.260966865833786, 'H': 0.04380228136882129, 'O': 0.6952308527973927}",1.0,dissipation
"('ecoinvent-3.4-biosphere', '63c262e9-5fd4-4160-98aa-cb0b3d0dc2d7')",Cyhalothrin,"('soil', 'agricultural')",kilogram,Cyhalothrin,C23H19ClF3NO3,449.8,"[['C', 23], ['H', 19], ['Cl', 1], ['F', 3], ['N', 1], ['O', 3]]","{'C': 0.6141685193419297, 'H': 0.0425789239662072, 'Cl': 0.0788194753223655, 'F': 0.1267096487327701, 'N': 0.031140506891951976, 'O': 0.10670742552245442}",1.0,dissipation
"('ecoinvent-3.4-biosphere', '8e906def-6bd5-4248-ac2b-94e6eedde3c9')",Hydrogen,"('air', 'urban air close to ground')",kilogram,Hydrogen,H2,2.016,"[['H', 2]]",{'H': 1.0},1.0,dissipation
"('ecoinvent-3.4-biosphere', 'a5e23523-af52-4472-910d-d13ea022ceea')",Dipropylamine,"('water', 'ground-, long-term')",kilogram,Dipropylamine,C6H15N,101.19,"[['C', 6], ['H', 15], ['N', 1]]","{'C': 0.7121849985176402, 'H': 0.14942187963237474, 'N': 0.13842276904832493}",1.0,dissipation
"('ecoinvent-3.4-biosphere', '19108dfd-9b70-4fca-bac5-d523f8b5d3c0')",Benzene,"('water', 'ocean')",kilogram,Benzene,C6H6,78.11,"[['C', 6], ['H', 6]]","{'C': 0.9226219434131354, 'H': 0.07742926641915247}",1.0,dissipation
"('ecoinvent-3.4-biosphere', '98eb1d16-9d7a-4716-9be4-1449341a832f')",Sodium,"('air', 'urban air close to ground')",kilogram,Sodium,Na,22.9897693,"[['Na', 1]]",{'Na': 1.0},1.0,dissipation
"('ecoinvent-3.4-biosphere', '3bf44c34-e91e-449a-878c-9a6e8220cb63')",Imazethapyr,"('soil', 'agricultural')",kilogram,Imazethapyr,C15H19N3O3,289.33,"[['C', 15], ['H', 19], ['N', 3], ['O', 3]]","{'C': 0.6226972660975357, 'H': 0.0661943109943663, 'N': 0.14523554418829712, 'O': 0.16589016002488507}",1.0,dissipation
"('ecoinvent-3.4-biosphere', 'fbf6ab3a-74e3-4cbe-b61d-959728bdce46')",Chloroform,"('air',)",kilogram,Chloroform,CHCl3,119.37,"[['C', 1], ['H', 1], ['Cl', 3]]","{'C': 0.1006199212532462, 'H': 0.008444332746921336, 'Cl': 0.891002764513697}",1.0,dissipation
"('ecoinvent-3.4-biosphere', 'db14d898-11e8-4fcc-9880-91537c4af283')","Phenol, pentachloro-","('air', 'lower stratosphere + upper troposphere')",kilogram,Phenol,C6H6O,94.11,"[['C', 6], ['H', 6], ['O', 1]]","{'C': 0.765763468281798, 'H': 0.06426522154925088, 'O': 0.17000318775900541}",1.0,dissipation
"('ecoinvent-3.4-biosphere', 'b4f9a201-2a20-4f41-a572-eabc98c75e1b')",Glyphosate,"('soil', 'industrial')",kilogram,Glyphosate,C3H8NO5P,169.07,"[['C', 3], ['H', 8], ['N', 1], ['O', 5], ['P', 1]]","{'C': 0.21312474123144262, 'H': 0.04769622050038446, 'N': 0.08284734133790737, 'O': 0.4731472171289999, 'P': 0.1832022239309162}",1.0,dissipation
"('ecoinvent-3.4-biosphere', '4fb0979b-8311-4615-9e98-393d25a9c0bc')",Boron,"('soil', 'forestry')",kilogram,Boron,B,10.81,"[['B', 1]]",{'B': 1.0},1.0,dissipation
"('ecoinvent-3.4-biosphere', '109c3ee9-b9df-4c11-bd77-b8571773d9ad')",1-Pentene,"('water',)",kilogram,1-Pentene,C5H10,70.13,"[['C', 5], ['H', 10]]","{'C': 0.8563382290032796, 'H': 0.14373306716098674}",1.0,dissipation
"('ecoinvent-3.4-biosphere', 'c082af51-1644-52fc-b49d-5b6c65eb1865')",Glucose,"('water',)",kilogram,Glucose,C6H12O6,180.16,"[['C', 6], ['H', 12], ['O', 6]]","{'C': 0.4000111012433393, 'H': 0.06714031971580817, 'O': 0.5328263765541741}",1.0,dissipation
"('ecoinvent-3.4-biosphere', 'e4ff4151-febe-4c3f-bfaf-924d6f7bf101')",Monoethanolamine,"('air', 'lower stratosphere + upper troposphere')",kilogram,Monoethanolamine,C2H7NO,61.08,"[['C', 2], ['H', 7], ['N', 1], ['O', 1]]","{'C': 0.3932874918140144, 'H': 0.11552062868369352, 'N': 0.2293222003929273, 'O': 0.26193516699410613}",1.0,dissipation
"('ecoinvent-3.4-biosphere', '2a51889e-9264-45df-9753-64c25a755d9e')","Ethene, chloro-","('air',)",kilogram,Ethene,C2H4,28.05,"[['C', 2], ['H', 4]]","{'C': 0.8563992869875222, 'H': 0.14374331550802139}",1.0,dissipation
"('ecoinvent-3.4-biosphere', 'e04d6f3d-1cb2-4ab1-aef9-fd0221028fe2')",Atrazine,"('water', 'ground-')",kilogram,Atrazine,C8H14ClN5,215.68,"[['C', 8], ['H', 14], ['Cl', 1], ['N', 5]]","{'C': 0.44551186943620175, 'H': 0.06543026706231454, 'Cl': 0.1643777818991098, 'N': 0.32471717359050445}",1.0,dissipation
"('ecoinvent-3.4-biosphere', '57f006f6-e406-404f-8afe-2eb891f713ad')",Hypochlorite,"('water',)",kilogram,Hypochlorite,ClO-,51.45,"[['Cl', 1], ['O', 1]]","{'Cl': 0.6890767735665695, 'O': 0.31096209912536443}",1.0,dissipation
"('ecoinvent-3.4-biosphere', '4d54a415-82d7-49ac-88e1-712bd0009363')",Selenium,"('water', 'ground-, long-term')",kilogram,Selenium,Se,78.97,"[['Se', 1]]",{'Se': 1.0},1.0,dissipation
"('ecoinvent-3.4-biosphere', '8dba66e2-0f2e-4038-84ef-1e40b4f573a6')",Iron,"('air',)",kilogram,Iron,Fe,55.84,"[['Fe', 1]]",{'Fe': 1.0},1.0,dissipation
"('ecoinvent-3.4-biosphere', '34e58a19-2d02-4e10-bc24-22e4bc7702d6')",o-Dichlorobenzene,"('water', 'ground-, long-term')",kilogram,o-Dichlorobenzene,C6H4Cl2,147.0,"[['C', 6], ['H', 4], ['Cl', 2]]","{'C': 0.4902448979591837, 'H': 0.027428571428571427, 'Cl': 0.48235374149659865}",1.0,dissipation
"('ecoinvent-3.4-biosphere', '34ce575e-a338-432a-ab49-f0ac660ff365')",Diborane,"('air', 'non-urban air or from high stacks')",kilogram,Diborane,B2H6,27.67,"[['B', 2], ['H', 6]]","{'B': 0.7813516443801951, 'H': 0.21857607517166605}",1.0,dissipation
"('ecoinvent-3.4-biosphere', 'a2d4ebed-c96c-47c9-b469-018dd1ae58ce')",Hydrogen sulfide,"('air', 'low population density, long-term')",kilogram,Hydrogen sulfide,H2S,34.08,"[['H', 2], ['S', 1]]","{'H': 0.05915492957746479, 'S': 0.9408744131455399}",1.0,dissipation
"('ecoinvent-3.4-biosphere', '375f256f-393f-4c89-8db9-56260f7c8046')",Sodium chlorate,"('water',)",kilogram,Sodium chlorate,ClNaO3,106.44,"[['Cl', 1], ['Na', 1], ['O', 3]]","{'Cl': 0.3330796692972567, 'Na': 0.21599022923712888, 'O': 0.45093010146561446}",1.0,dissipation
"('ecoinvent-3.4-biosphere', '5512f026-b3a9-419a-b787-c0be0b39be1c')",Cyclohexane,"('air', 'urban air close to ground')",kilogram,Cyclohexane,C6H12,84.16,"[['C', 6], ['H', 12]]","{'C': 0.8562975285171104, 'H': 0.14372623574144489}",1.0,dissipation
"('ecoinvent-3.4-biosphere', 'e8641a14-fd07-4090-8daf-2cce2a557a81')",Chlorine,"('water',)",kilogram,Chlorine,Cl2,70.9,"[['Cl', 2]]",{'Cl': 1.0},1.0,dissipation
"('ecoinvent-3.4-biosphere', 'c5b4869c-f131-4a8c-911f-f252cafb2e30')",t-Butyl methyl ether,"('water', 'ocean')",kilogram,t-Butyl methyl ether,C5H12O,88.15,"[['C', 5], ['H', 12], ['O', 1]]","{'C': 0.6812819058423141, 'H': 0.13722064662507089, 'O': 0.18149744753261485}",1.0,dissipation
"('ecoinvent-3.4-biosphere', '2c9a7182-37c8-4777-a37a-9a007c3edb2f')","Iron, ion","('water', 'ocean')",kilogram,Iron,Fe,55.84,"[['Fe', 1]]",{'Fe': 1.0},1.0,dissipation
"('ecoinvent-3.4-biosphere', '0e938bce-f780-4e2e-9de0-a8efd8c0804b')",Trimethylamine,"('air', 'lower stratosphere + upper troposphere')",kilogram,Trimethylamine,C3H9N,59.11,"[['C', 3], ['H', 9], ['N', 1]]","{'C': 0.6095922855692777, 'H': 0.15347656910844187, 'N': 0.23696498054474707}",1.0,dissipation
"('ecoinvent-3.4-biosphere', '4ba71de1-43c2-42fe-b477-93423ad2213c')",Boron carbide,"('water', 'ground-, long-term')",kilogram,Boron carbide,CB4,55.3,"[['C', 1], ['B', 4]]","{'C': 0.21719710669077757, 'B': 0.7819168173598554}",1.0,dissipation
"('ecoinvent-3.4-biosphere', 'dcfe0815-6fa3-4e1d-a55e-155b29904f1d')",Nitrogen,"('water',)",kilogram,Nitrogen,N2,28.014,"[['N', 2]]",{'N': 1.0},1.0,dissipation
"('ecoinvent-3.4-biosphere', 'a5856dc0-2980-41cc-a93f-a1699fcf4890')",Furan,"('air', 'low population density, long-term')",kilogram,Furan,C4H4O,68.07,"[['C', 4], ['H', 4], ['O', 1]]","{'C': 0.7058028500073454, 'H': 0.05923314235345968, 'O': 0.2350374614367563}",1.0,dissipation
"('ecoinvent-3.4-biosphere', '32451556-ee07-4e36-bd8a-09f8847f9c83')",Sulfur,"('soil',)",kilogram,Sulfur,S,32.07,"[['S', 1]]",{'S': 1.0},1.0,dissipation
"('ecoinvent-3.4-biosphere', '843fd145-61ac-4fa7-a608-ce4ac4d88d49')","Ethane, 1,1-dichloro-1-fluoro-, HCFC-141b","('air',)",kilogram,Ethane,C2H6,30.07,"[['C', 2], ['H', 6]]","{'C': 0.7988693049551047, 'H': 0.20113069504489525}",1.0,dissipation
"('ecoinvent-3.4-biosphere', '51e8811b-04e2-4801-987c-fb0015535965')",Trichlorfon,"('soil', 'agricultural')",kilogram,Trichlorfon,C4H8Cl3O4P,257.43,"[['C', 4], ['H', 8], ['Cl', 3], ['O', 4], ['P', 1]]","{'C': 0.18662937497572155, 'H': 0.03132502039389348, 'Cl': 0.4131569747115721, 'O': 0.24859573476284816, 'P': 0.12032008701394553}",1.0,dissipation
"('ecoinvent-3.4-biosphere', '0b94989b-2551-4069-bb11-4f9f48988cad')","VOC, volatile organic compounds, unspecified origin","('water', 'surface water')",kilogram,VOC,C16H16N4O2,296.32,"[['C', 16], ['H', 16], ['N', 4], ['O', 2]]","{'C': 0.6485421166306695, 'H': 0.054427645788336934, 'N': 0.189079373650108, 'O': 0.10798461123110152}",1.0,dissipation
"('ecoinvent-3.4-biosphere', '36232f4b-681c-4872-8e68-ed58383b4ea3')",Tungsten,"('soil',)",kilogram,Tungsten,W,183.84,"[['W', 1]]",{'W': 1.0},1.0,dissipation
"('ecoinvent-3.4-biosphere', 'e69b028e-e549-4869-ae4a-b85ef8bcb7a9')",Azoxystrobin,"('soil', 'agricultural')",kilogram,Azoxystrobin,C22H17N3O5,403.4,"[['C', 22], ['H', 17], ['N', 3], ['O', 5]]","{'C': 0.6550371839365393, 'H': 0.04247892910262766, 'N': 0.10416707982151711, 'O': 0.19830193356470008}",1.0,dissipation
"('ecoinvent-3.4-biosphere', '6e61b542-5681-44f4-afcb-e30368bca420')","Methane, trichlorofluoro-, CFC-11","('air', 'lower stratosphere + upper troposphere')",kilogram,Methane,CH4,16.043,"[['C', 1], ['H', 4]]","{'C': 0.7486754347690582, 'H': 0.2513245652309419}",1.0,dissipation
"('ecoinvent-3.4-biosphere', '70ef743b-3ed5-4a6d-b192-fb6d62378555')","Methane, fossil","('air', 'non-urban air or from high stacks')",kilogram,Methane,CH4,16.043,"[['C', 1], ['H', 4]]","{'C': 0.7486754347690582, 'H': 0.2513245652309419}",1.0,dissipation
"('ecoinvent-3.4-biosphere', '42d33bc4-cdea-4b1d-896c-090e792183be')",Hydrogen sulfide,"('water',)",kilogram,Hydrogen sulfide,H2S,34.08,"[['H', 2], ['S', 1]]","{'H': 0.05915492957746479, 'S': 0.9408744131455399}",1.0,dissipation
"('ecoinvent-3.4-biosphere', '997dccfb-6574-46b8-ad93-7f31074abf9a')",Silicon,"('air', 'urban air close to ground')",kilogram,Silicon,Si,28.085,"[['Si', 1]]",{'Si': 1.0},1.0,dissipation
"('ecoinvent-3.4-biosphere', '28999907-a8a7-45b3-857e-836495ca2aa0')",Benzene,"('air',)",kilogram,Benzene,C6H6,78.11,"[['C', 6], ['H', 6]]","{'C': 0.9226219434131354, 'H': 0.07742926641915247}",1.0,dissipation
"('ecoinvent-3.4-biosphere', '3e5d7d91-67d7-4afb-91dd-36fab58e4685')","PAH, polycyclic aromatic hydrocarbons","('air',)",kilogram,PAH,C9H10N2O3,194.19,"[['C', 9], ['H', 10], ['N', 2], ['O', 3]]","{'C': 0.556666151707091, 'H': 0.05190792522786961, 'N': 0.14426077552912095, 'O': 0.24716514753591842}",1.0,dissipation
"('ecoinvent-3.4-biosphere', '826677aa-8347-4494-85da-a26fe3e1e824')",Sulfate,"('air', 'urban air close to ground')",kilogram,Sulfate,O4S-2,96.07,"[['O', 4], ['S', 1]]","{'O': 0.6661392734464454, 'S': 0.33376704486312064}",1.0,dissipation
"('ecoinvent-3.4-biosphere', '31f8976a-6f7d-487e-a850-eb495dbf0351')","Methane, dichlorodifluoro-, CFC-12","('air', 'low population density, long-term')",kilogram,Methane,CH4,16.043,"[['C', 1], ['H', 4]]","{'C': 0.7486754347690582, 'H': 0.2513245652309419}",1.0,dissipation
"('ecoinvent-3.4-biosphere', '9ea11aea-7cb7-4b38-b936-a42c2a4bac97')",Ethane,"('air', 'urban air close to ground')",kilogram,Ethane,C2H6,30.07,"[['C', 2], ['H', 6]]","{'C': 0.7988693049551047, 'H': 0.20113069504489525}",1.0,dissipation
"('ecoinvent-3.4-biosphere', '649b8bdc-5bc4-4d94-a587-e381b2b61079')",Lindane,"('soil', 'agricultural')",kilogram,Lindane,C6H6Cl6,290.8,"[['C', 6], ['H', 6], ['Cl', 6]]","{'C': 0.24781980742778542, 'H': 0.020797799174690507, 'Cl': 0.7314924346629986}",1.0,dissipation
"('ecoinvent-3.4-biosphere', '8a4e7925-a486-467c-a255-f8a1ec5040de')",o-Xylene,"('air', 'low population density, long-term')",kilogram,o-Xylene,C8H10,106.16,"[['C', 8], ['H', 10]]","{'C': 0.9051243406179351, 'H': 0.09495101733232857}",1.0,dissipation
"('ecoinvent-3.4-biosphere', '7f886a09-50b2-49c1-8fdf-d330c90556a1')","Benzene, chloro-","('water',)",kilogram,Benzene,C6H6,78.11,"[['C', 6], ['H', 6]]","{'C': 0.9226219434131354, 'H': 0.07742926641915247}",1.0,dissipation
"('ecoinvent-3.4-biosphere', 'c6d0e9b0-aadb-407b-9f39-8fbab93ffa55')",Ethylene diamine,"('air', 'urban air close to ground')",kilogram,Ethylene diamine,C2H8N2,60.1,"[['C', 2], ['H', 8], ['N', 2]]","{'C': 0.3997004991680532, 'H': 0.1341763727121464, 'N': 0.46612312811980033}",1.0,dissipation
"('ecoinvent-3.4-biosphere', '737857df-4504-4068-9a5f-67e9ff53ec30')",Propanal,"('air', 'lower stratosphere + upper troposphere')",kilogram,Propanal,C3H6O,58.08,"[['C', 3], ['H', 6], ['O', 1]]","{'C': 0.6204028925619836, 'H': 0.10413223140495868, 'O': 0.27546487603305786}",1.0,dissipation
"('ecoinvent-3.4-biosphere', '3ddb2e36-bc1b-43a5-8ef4-cbcdbeeeea70')","Tin, ion","('water', 'surface water')",kilogram,Tin,Sn,118.71,"[['Sn', 1]]",{'Sn': 1.0},1.0,dissipation
"('ecoinvent-3.4-biosphere', '339edacb-b552-4ac4-b5ed-db6192e1925a')",Chloramine,"('air', 'lower stratosphere + upper troposphere')",kilogram,Chloramine,ClH2N,51.47,"[['Cl', 1], ['H', 2], ['N', 1]]","{'Cl': 0.688809014960171, 'H': 0.039168447639401596, 'N': 0.27213911016125897}",1.0,dissipation
"('ecoinvent-3.4-biosphere', '98adfbf6-2ab7-45fd-85cc-73318da5427d')",Diethylamine,"('air', 'lower stratosphere + upper troposphere')",kilogram,Diethylamine,C4H11N,73.14,"[['C', 4], ['H', 11], ['N', 1]]","{'C': 0.6568772217664752, 'H': 0.15159967186218212, 'N': 0.19150943396226414}",1.0,dissipation
"('ecoinvent-3.4-biosphere', '16bb633b-6a05-4f1a-8bab-9f4c121df099')",Dimethylamine,"('air', 'low population density, long-term')",kilogram,Dimethylamine,C2H7N,45.08,"[['C', 2], ['H', 7], ['N', 1]]","{'C': 0.5328748890860692, 'H': 0.1565217391304348, 'N': 0.3107142857142857}",1.0,dissipation
"('ecoinvent-3.4-biosphere', 'c2c2b2c4-0a30-4c79-8d1f-0735a95a8962')",Metsulfuron-methyl,"('soil', 'agricultural')",kilogram,Metsulfuron-methyl,C14H15N5O6S,381.37,"[['C', 14], ['H', 15], ['N', 5], ['O', 6], ['S', 1]]","{'C': 0.44092089047381805, 'H': 0.03964653748328395, 'N': 0.1836405590371555, 'O': 0.25170831475994443, 'S': 0.08407845399480818}",1.0,dissipation
"('ecoinvent-3.4-biosphere', 'e732d6dc-d502-4e03-8a5e-6c2644136b5f')",Ethephon,"('water', 'surface water')",kilogram,Ethephon,C2H6ClO3P,144.49,"[['C', 2], ['H', 6], ['Cl', 1], ['O', 3], ['P', 1]]","{'C': 0.16625371998062147, 'H': 0.04185756799778531, 'Cl': 0.245366461346806, 'O': 0.33218215793480516, 'P': 0.2143677763167001}",1.0,dissipation
"('ecoinvent-3.4-biosphere', 'f1b48f46-77aa-4dba-bd83-87e220816f42')",Lambda-cyhalothrin,"('soil', 'agricultural')",kilogram,Lambda-cyhalothrin,C23H19ClF3NO3,449.8,"[['C', 23], ['H', 19], ['Cl', 1], ['F', 3], ['N', 1], ['O', 3]]","{'C': 0.6141685193419297, 'H': 0.0425789239662072, 'Cl': 0.0788194753223655, 'F': 0.1267096487327701, 'N': 0.031140506891951976, 'O': 0.10670742552245442}",1.0,dissipation
"('ecoinvent-3.4-biosphere', '2baa4381-b781-4f5e-90de-508b0fa3fd1f')",Aluminium,"('soil', 'agricultural')",kilogram,Aluminium,Al,26.981538,"[['Al', 1]]",{'Al': 1.0},1.0,dissipation
"('ecoinvent-3.4-biosphere', '4e18ab09-6c53-4b79-8cd1-3ad13e41d975')",Bromide,"('water', 'ground-')",kilogram,Bromide,Br-,79.9,"[['Br', 1]]",{'Br': 1.0},1.0,dissipation
"('ecoinvent-3.4-biosphere', '9990b51b-7023-4700-bca0-1a32ef921f74')",Ammonia,"('air', 'urban air close to ground')",kilogram,Ammonia,H3N,17.031,"[['H', 3], ['N', 1]]","{'H': 0.1775585696670777, 'N': 0.8224414303329224}",1.0,dissipation
"('ecoinvent-3.4-biosphere', 'd2885a24-b728-4832-8638-15697630eff9')",Metolachlor,"('soil', 'agricultural')",kilogram,Metolachlor,C15H22ClNO2,283.79,"[['C', 15], ['H', 22], ['Cl', 1], ['N', 1], ['O', 2]]","{'C': 0.6348532365481517, 'H': 0.07814228831177984, 'Cl': 0.1249268825540012, 'N': 0.049356918848444266, 'O': 0.11275238732865851}",1.0,dissipation
"('ecoinvent-3.4-biosphere', 'f9f1397d-ddd2-4568-9f32-6cac992f0c1e')",3-Methyl-1-butanol,"('water', 'ground-, long-term')",kilogram,3-Methyl-1-butanol,C5H12O,88.15,"[['C', 5], ['H', 12], ['O', 1]]","{'C': 0.6812819058423141, 'H': 0.13722064662507089, 'O': 0.18149744753261485}",1.0,dissipation
"('ecoinvent-3.4-biosphere', '081ea9c3-9cbe-41d7-a962-840833ba98db')",MCPA,"('water', 'ground-')",kilogram,MCPA,C9H9ClO3,200.62,"[['C', 9], ['H', 9], ['Cl', 1], ['O', 3]]","{'C': 0.538824643604825, 'H': 0.04521981856245638, 'Cl': 0.1767171767520686, 'O': 0.23924334562855148}",1.0,dissipation
"('ecoinvent-3.4-biosphere', 'af7f6412-a55f-4799-b7bc-a3f69d0cc8cb')",Diethylene glycol,"('air',)",kilogram,Diethylene glycol,C4H10O3,106.12,"[['C', 4], ['H', 10], ['O', 3]]","{'C': 0.4527327553712778, 'H': 0.09498680738786279, 'O': 0.4522898605352431}",1.0,dissipation
"('ecoinvent-3.4-biosphere', '0a6ae675-cdf2-475d-b4ef-486e78757d65')",Scandium,"('water', 'ground-')",kilogram,Scandium,Sc,44.95591,"[['Sc', 1]]",{'Sc': 1.0},1.0,dissipation
"('ecoinvent-3.4-biosphere', 'a0a9fc24-9752-434a-b115-96d161bf5059')",Chloroacetic acid,"('water', 'surface water')",kilogram,Chloroacetic acid,C2H3ClO2,94.5,"[['C', 2], ['H', 3], ['Cl', 1], ['O', 2]]","{'C': 0.2542010582010582, 'H': 0.032, 'Cl': 0.3751640211640212, 'O': 0.33860317460317463}",1.0,dissipation
"('ecoinvent-3.4-biosphere', '689ffb9a-b596-4191-b458-2908dc2d075c')",Vanadium,"('soil', 'forestry')",kilogram,Vanadium,V,50.9415,"[['V', 1]]",{'V': 1.0},1.0,dissipation
"('ecoinvent-3.4-biosphere', 'eadc37a4-8b1e-4dd2-8f4a-39d89d5f39ba')",Nitrogen,"('soil', 'industrial')",kilogram,Nitrogen,N2,28.014,"[['N', 2]]",{'N': 1.0},1.0,dissipation
"('ecoinvent-3.4-biosphere', '388fecc6-1313-40db-a8c5-b3c028d4445b')",Hexane,"('water', 'ground-, long-term')",kilogram,Hexane,C6H14,86.18,"[['C', 6], ['H', 14]]","{'C': 0.8362265026688327, 'H': 0.16375029009050823}",1.0,dissipation
"('ecoinvent-3.4-biosphere', 'd5d3eed9-6834-4038-af2d-40e737574062')","Phenol, 2,4-dichloro","('air', 'low population density, long-term')",kilogram,Phenol,C6H6O,94.11,"[['C', 6], ['H', 6], ['O', 1]]","{'C': 0.765763468281798, 'H': 0.06426522154925088, 'O': 0.17000318775900541}",1.0,dissipation
"('ecoinvent-3.4-biosphere', 'fc55a3d9-170e-4fe3-9be8-ddb4cc3b90fc')",Ethene,"('water', 'ocean')",kilogram,Ethene,C2H4,28.05,"[['C', 2], ['H', 4]]","{'C': 0.8563992869875222, 'H': 0.14374331550802139}",1.0,dissipation
"('ecoinvent-3.4-biosphere', 'd0193bc5-365b-4a30-b30e-34ede49d069a')",Dimefuron,"('soil', 'agricultural')",kilogram,Dimefuron,C15H19ClN4O3,338.79,"[['C', 15], ['H', 19], ['Cl', 1], ['N', 4], ['O', 3]]","{'C': 0.5317896041795802, 'H': 0.05653059417338174, 'Cl': 0.10464594586617079, 'N': 0.16537678207739306, 'O': 0.14167183210838571}",1.0,dissipation
"('ecoinvent-3.4-biosphere', '863ebe6d-0f48-4c32-94df-a6369f963a2e')",Maleic hydrazide,"('soil', 'agricultural')",kilogram,Maleic hydrazide,C4H4N2O2,112.09,"[['C', 4], ['H', 4], ['N', 2], ['O', 2]]","{'C': 0.42861985904184136, 'H': 0.035971094656079936, 'N': 0.24992416807922205, 'O': 0.2854670354179677}",1.0,dissipation
"('ecoinvent-3.4-biosphere', '6febab32-a2a8-475e-811f-89912f921dd2')",Diethylamine,"('water', 'ground-')",kilogram,Diethylamine,C4H11N,73.14,"[['C', 4], ['H', 11], ['N', 1]]","{'C': 0.6568772217664752, 'H': 0.15159967186218212, 'N': 0.19150943396226414}",1.0,dissipation
"('ecoinvent-3.4-biosphere', '8205df0a-7e09-4b14-9391-1b149368fcf5')",Benzal chloride,"('water', 'surface water')",kilogram,Benzal chloride,C7H6Cl2,161.03,"[['C', 7], ['H', 6], ['Cl', 2]]","{'C': 0.5221201018443768, 'H': 0.03755821896541017, 'Cl': 0.4403278892131901}",1.0,dissipation
"('ecoinvent-3.4-biosphere', '0d4989fd-00e3-4522-905f-2ab6a1bd5677')",Methyl acetate,"('air', 'low population density, long-term')",kilogram,Methyl acetate,C3H6O2,74.08,"[['C', 3], ['H', 6], ['O', 2]]","{'C': 0.4864065874730022, 'H': 0.08164146868250541, 'O': 0.4319384449244061}",1.0,dissipation
"('ecoinvent-3.4-biosphere', '98af3079-fb76-488d-8afe-713814e14d36')",Chloroform,"('air', 'lower stratosphere + upper troposphere')",kilogram,Chloroform,CHCl3,119.37,"[['C', 1], ['H', 1], ['Cl', 3]]","{'C': 0.1006199212532462, 'H': 0.008444332746921336, 'Cl': 0.891002764513697}",1.0,dissipation
"('ecoinvent-3.4-biosphere', 'd1bddd52-ca19-4731-91ab-a2b6f38d3f1e')",Glutaraldehyde,"('water', 'surface water')",kilogram,Glutaraldehyde,C5H8O2,100.12,"[['C', 5], ['H', 8], ['O', 2]]","{'C': 0.5998302037554933, 'H': 0.08054334798242109, 'O': 0.31959648421893727}",1.0,dissipation
"('ecoinvent-3.4-biosphere', '57655806-a54e-47ca-a8d2-9881813b7afa')",Diborane,"('air',)",kilogram,Diborane,B2H6,27.67,"[['B', 2], ['H', 6]]","{'B': 0.7813516443801951, 'H': 0.21857607517166605}",1.0,dissipation
"('ecoinvent-3.4-biosphere', '8ebbd256-8114-4438-98c9-bbed994c140b')",Mefenpyr,"('soil', 'agricultural')",kilogram,Mefenpyr,C12H10Cl2N2O4,317.12,"[['C', 12], ['H', 10], ['Cl', 2], ['N', 2], ['O', 4]]","{'C': 0.45450302724520686, 'H': 0.031786074672048435, 'Cl': 0.22359359233097884, 'N': 0.0883387991927346, 'O': 0.2018037336024218}",1.0,dissipation
"('ecoinvent-3.4-biosphere', 'd5c40848-fc29-47fa-90a4-46db64a45a4e')","Tin, ion","('water',)",kilogram,Tin,Sn,118.71,"[['Sn', 1]]",{'Sn': 1.0},1.0,dissipation
"('ecoinvent-3.4-biosphere', '5f16e477-6c5d-4c10-98df-97d47e584351')",Potassium chloride,"('air', 'lower stratosphere + upper troposphere')",kilogram,Potassium chloride,ClK,74.55,"[['Cl', 1], ['K', 1]]","{'Cl': 0.47556002682763254, 'K': 0.5244533869885982}",1.0,dissipation
"('ecoinvent-3.4-biosphere', 'b61057a3-a0bc-4158-882e-b819c4797419')",Nitrate,"('water', 'ground-, long-term')",kilogram,Nitrate,NO3-,62.005,"[['N', 1], ['O', 3]]","{'N': 0.22590113700508022, 'O': 0.7740827352632852}",1.0,dissipation
"('ecoinvent-3.4-biosphere', 'b93fc4df-91b2-4ac4-a315-89147515ddfb')","Potassium, ion","('water', 'ground-, long-term')",kilogram,Potassium,K,39.0983,"[['K', 1]]",{'K': 1.0},1.0,dissipation
"('ecoinvent-3.4-biosphere', '7a2d7097-20c4-4b5f-b2ee-bcfc2ba1378f')",Acetone,"('air', 'non-urban air or from high stacks')",kilogram,Acetone,C3H6O,58.08,"[['C', 3], ['H', 6], ['O', 1]]","{'C': 0.6204028925619836, 'H': 0.10413223140495868, 'O': 0.27546487603305786}",1.0,dissipation
"('ecoinvent-3.4-biosphere', '77aa43c5-76c6-4465-b0b4-f00d4d14c377')",Hydrogen peroxide,"('water', 'ocean')",kilogram,Hydrogen peroxide,H2O2,34.015,"[['H', 2], ['O', 2]]","{'H': 0.059267970013229455, 'O': 0.9407026311921212}",1.0,dissipation
"('ecoinvent-3.4-biosphere', 'a3b906e7-7466-4500-8636-f1a4c2950eb8')",Methyl lactate,"('air',)",kilogram,Methyl lactate,C4H8O3,104.1,"[['C', 4], ['H', 8], ['O', 3]]","{'C': 0.46151777137367916, 'H': 0.07746397694524496, 'O': 0.4610662824207493}",1.0,dissipation
"('ecoinvent-3.4-biosphere', '15c4a3e0-bd82-4acd-a8fd-58aba60dd9fc')",Ammonium carbonate,"('air', 'low population density, long-term')",kilogram,Ammonium carbonate,CH8N2O3,96.09,"[['C', 1], ['H', 8], ['N', 2], ['O', 3]]","{'C': 0.1249973982724529, 'H': 0.08392132375897596, 'N': 0.2915391820168592, 'O': 0.49950046831095846}",1.0,dissipation
"('ecoinvent-3.4-biosphere', '1f3c2297-d652-468d-82e8-4fd59bf5b5b8')",Molybdenum,"('soil', 'forestry')",kilogram,Molybdenum,Mo,95.95,"[['Mo', 1]]",{'Mo': 1.0},1.0,dissipation
"('ecoinvent-3.4-biosphere', '1653bf60-f682-4088-b02d-6dc44eae2786')","Potassium, ion","('water', 'surface water')",kilogram,Potassium,K,39.0983,"[['K', 1]]",{'K': 1.0},1.0,dissipation
"('ecoinvent-3.4-biosphere', 'fcd292e0-69dd-4093-9cd4-ff2e0b8c9b69')","Benzene, hexachloro-","('air', 'lower stratosphere + upper troposphere')",kilogram,Benzene,C6H6,78.11,"[['C', 6], ['H', 6]]","{'C': 0.9226219434131354, 'H': 0.07742926641915247}",1.0,dissipation
"('ecoinvent-3.4-biosphere', '4569028c-d2d9-4937-bd92-44a6c72e2b1b')",Ethylamine,"('air', 'urban air close to ground')",kilogram,Ethylamine,C2H7N,45.08,"[['C', 2], ['H', 7], ['N', 1]]","{'C': 0.5328748890860692, 'H': 0.1565217391304348, 'N': 0.3107142857142857}",1.0,dissipation
"('ecoinvent-3.4-biosphere', '11f41c41-7733-49bc-b1b1-1f00fbade521')",Ammonium carbonate,"('air', 'urban air close to ground')",kilogram,Ammonium carbonate,CH8N2O3,96.09,"[['C', 1], ['H', 8], ['N', 2], ['O', 3]]","{'C': 0.1249973982724529, 'H': 0.08392132375897596, 'N': 0.2915391820168592, 'O': 0.49950046831095846}",1.0,dissipation
"('ecoinvent-3.4-biosphere', '349b29d1-3e58-4c66-98b9-9d1a076efd2e')","Carbon dioxide, fossil","('air',)",kilogram,Carbon dioxide,CO2,44.009,"[['C', 1], ['O', 2]]","{'C': 0.27292144788565975, 'O': 0.7270785521143402}",1.0,dissipation
"('ecoinvent-3.4-biosphere', 'c44b0e3b-e65e-4276-aa1f-3db768757b66')","Lithium, ion","('water', 'ground-, long-term')",kilogram,Lithium,Li,7.0,"[['Li', 1]]",{'Li': 1.0},1.0,dissipation
"('ecoinvent-3.4-biosphere', '597847df-518f-4bd6-ae50-1de01f2761a4')",Metaldehyde,"('soil', 'agricultural')",kilogram,Metaldehyde,C8H16O4,176.21,"[['C', 8], ['H', 16], ['O', 4]]","{'C': 0.5453038987571647, 'H': 0.09152715509902956, 'O': 0.36318029623744397}",1.0,dissipation
"('ecoinvent-3.4-biosphere', '5041394a-2d8f-4f9c-b399-a9f3a54ff235')",Cloransulam-methyl,"('air', 'non-urban air or from high stacks')",kilogram,Cloransulam-methyl,C15H13ClFN5O5S,429.8,"[['C', 15], ['H', 13], ['Cl', 1], ['F', 1], ['N', 5], ['O', 5], ['S', 1]]","{'C': 0.4191833410888785, 'H': 0.0304885993485342, 'Cl': 0.08248720335039554, 'F': 0.04420195439739414, 'N': 0.16294788273615635, 'O': 0.18612145183806422, 'S': 0.07460446719404373}",1.0,dissipation
"('ecoinvent-3.4-biosphere', 'fa68e7a6-a70c-4ed7-814c-b388273eefe2')",Dimethenamid,"('water', 'ground-')",kilogram,Dimethenamid,C12H18ClNO2S,275.8,"[['C', 12], ['H', 18], ['Cl', 1], ['N', 1], ['O', 2], ['S', 1]]","{'C': 0.5225960841189268, 'H': 0.06578680203045685, 'Cl': 0.12854604786076868, 'N': 0.05078680203045685, 'O': 0.1160188542422045, 'S': 0.1162617839013778}",1.0,dissipation
"('ecoinvent-3.4-biosphere', '53214ef0-3cc1-4166-920b-08ca46f7c457')",4-Methyl-2-pentanone,"('air',)",kilogram,4-Methyl-2-pentanone,C6H12O,100.16,"[['C', 6], ['H', 12], ['O', 1]]","{'C': 0.719508785942492, 'H': 0.12076677316293931, 'O': 0.1597344249201278}",1.0,dissipation
"('ecoinvent-3.4-biosphere', 'b700cb75-eeff-444c-aabc-ea4dbd7a630e')",Fenoxaprop ethyl ester,"('soil', 'agricultural')",kilogram,Fenoxaprop ethyl ester,C18H16ClNO5,361.8,"[['C', 18], ['H', 16], ['Cl', 1], ['N', 1], ['O', 5]]","{'C': 0.5975621890547262, 'H': 0.04457711442786069, 'Cl': 0.09799060254284135, 'N': 0.038714759535655056, 'O': 0.2211028192371476}",1.0,dissipation
"('ecoinvent-3.4-biosphere', 'c40a3efb-7988-40f1-be9b-a1d8c9a4c5a0')",Trichlorosilane,"('water', 'ground-')",kilogram,Trichlorosilane,Cl3HSi,135.45,"[['Cl', 3], ['H', 1], ['Si', 1]]","{'Cl': 0.7852270210409746, 'H': 0.0074418604651162795, 'Si': 0.20735326688815062}",1.0,dissipation
"('ecoinvent-3.4-biosphere', '5d02269c-1130-47a5-aa86-00d79802dc88')",Thiobencarb,"('soil', 'agricultural')",kilogram,Thiobencarb,C12H16ClNOS,257.78,"[['C', 12], ['H', 16], ['Cl', 1], ['N', 1], ['O', 1], ['S', 1]]","{'C': 0.559127938552254, 'H': 0.06256497788812167, 'Cl': 0.137532004034448, 'N': 0.054337031577313996, 'O': 0.06206455116766236, 'S': 0.12438901388781132}",1.0,dissipation
"('ecoinvent-3.4-biosphere', '69da88e0-7fb1-4223-bb2d-b6e86e2af891')",Endosulfan,"('soil', 'agricultural')",kilogram,Endosulfan,C9H6Cl6O3S,406.9,"[['C', 9], ['H', 6], ['Cl', 6], ['O', 3], ['S', 1]]","{'C': 0.26566478250184317, 'H': 0.014863602850823299, 'Cl': 0.5227770951093635, 'O': 0.11795772917178668, 'S': 0.07880314573605308}",1.0,dissipation
"('ecoinvent-3.4-biosphere', '516606eb-99f6-4e8c-b99a-6b439aaed48c')",Pentane,"('air',)",kilogram,Pentane,C5H12,72.15,"[['C', 5], ['H', 12]]","{'C': 0.8323631323631322, 'H': 0.16765072765072764}",1.0,dissipation
"('ecoinvent-3.4-biosphere', 'ed1e2680-f3f7-4f86-bbd3-78819f6c2f1c')",Sodium formate,"('air', 'lower stratosphere + upper troposphere')",kilogram,Sodium formate,CHNaO2,68.007,"[['C', 1], ['H', 1], ['Na', 1], ['O', 2]]","{'C': 0.17661417207052213, 'H': 0.014822003617274692, 'Na': 0.3380534356757392, 'O': 0.4705103886364639}",1.0,dissipation
"('ecoinvent-3.4-biosphere', 'f5a032de-aaca-4fa1-a7f4-920b6c2ed7ae')",Epichlorohydrin,"('air', 'non-urban air or from high stacks')",kilogram,Epichlorohydrin,C3H5ClO,92.52,"[['C', 3], ['H', 5], ['Cl', 1], ['O', 1]]","{'C': 0.38946173800259404, 'H': 0.054474708171206226, 'Cl': 0.38319282317336795, 'O': 0.1729247730220493}",1.0,dissipation
"('ecoinvent-3.4-biosphere', '179c3a4c-4d0c-4928-b099-2652fac747cd')",4-Methyl-2-pentanol,"('water', 'surface water')",kilogram,4-Methyl-2-pentanol,C6H14O,102.17,"[['C', 6], ['H', 14], ['O', 1]]","{'C': 0.7053538220612704, 'H': 0.13812273661544486, 'O': 0.15659195458549477}",1.0,dissipation
"('ecoinvent-3.4-biosphere', '4bc5da16-8b02-4a10-acfd-4a696a7a45af')",Acrylic acid,"('air', 'non-urban air or from high stacks')",kilogram,Acrylic acid,C3H4O2,72.06,"[['C', 3], ['H', 4], ['O', 2]]","{'C': 0.5000416319733555, 'H': 0.055953372189841796, 'O': 0.4440466278101582}",1.0,dissipation
"('ecoinvent-3.4-biosphere', '17505bf8-40af-4580-8608-5841ff063d23')",Scandium,"('air', 'non-urban air or from high stacks')",kilogram,Scandium,Sc,44.95591,"[['Sc', 1]]",{'Sc': 1.0},1.0,dissipation
"('ecoinvent-3.4-biosphere', '329fc7d8-4011-4327-84e4-34ff76f0e42d')",Phosphate,"('water', 'ground-')",kilogram,Phosphate,O4P-3,94.971,"[['O', 4], ['P', 1]]","{'O': 0.6738478061724105, 'P': 0.3261416642975224}",1.0,dissipation
"('ecoinvent-3.4-biosphere', '5186b1e9-506c-4846-994d-789c5204b38a')",Tetramethyl ammonium hydroxide,"('air',)",kilogram,Tetramethyl ammonium hydroxide,C4H13NO,91.15,"[['C', 4], ['H', 13], ['N', 1], ['O', 1]]","{'C': 0.5270872188699944, 'H': 0.14376302797586393, 'N': 0.1536697750959956, 'O': 0.17552386176631926}",1.0,dissipation
"('ecoinvent-3.4-biosphere', 'eef42847-3015-4f62-97d1-83ea112707f3')",Cyclohexane,"('water', 'ocean')",kilogram,Cyclohexane,C6H12,84.16,"[['C', 6], ['H', 12]]","{'C': 0.8562975285171104, 'H': 0.14372623574144489}",1.0,dissipation
"('ecoinvent-3.4-biosphere', '04f42988-6207-4d09-a91f-155be8d27eb0')","Benzene, hexachloro-","('air',)",kilogram,Benzene,C6H6,78.11,"[['C', 6], ['H', 6]]","{'C': 0.9226219434131354, 'H': 0.07742926641915247}",1.0,dissipation
"('ecoinvent-3.4-biosphere', '334548b2-e05c-4e7b-9746-c27dd2aaa58c')",Imazamox,"('air', 'non-urban air or from high stacks')",kilogram,Imazamox,C15H19N3O4,305.33,"[['C', 15], ['H', 19], ['N', 3], ['O', 4]]","{'C': 0.5900664854419808, 'H': 0.06272557560672061, 'N': 0.13762486490027184, 'O': 0.20959617463072744}",1.0,dissipation
"('ecoinvent-3.4-biosphere', '922d8e44-3fcc-4663-be51-0892915596a0')",Hydrogen peroxide,"('air', 'non-urban air or from high stacks')",kilogram,Hydrogen peroxide,H2O2,34.015,"[['H', 2], ['O', 2]]","{'H': 0.059267970013229455, 'O': 0.9407026311921212}",1.0,dissipation
"('ecoinvent-3.4-biosphere', '4b0d68e7-37bc-4184-93b5-91b70c62e585')","Ethene, tetrachloro-","('water',)",kilogram,Ethene,C2H4,28.05,"[['C', 2], ['H', 4]]","{'C': 0.8563992869875222, 'H': 0.14374331550802139}",1.0,dissipation
"('ecoinvent-3.4-biosphere', '7d516937-c4b6-4a10-bfd3-83c48802008c')",Ethylene glycol monoethyl ether,"('water', 'ground-')",kilogram,Ethylene glycol monoethyl ether,C4H10O2,90.12,"[['C', 4], ['H', 10], ['O', 2]]","{'C': 0.5331114070128716, 'H': 0.11185086551264979, 'O': 0.35505992010652465}",1.0,dissipation
"('ecoinvent-3.4-biosphere', '4870313f-52a4-4c41-8a08-a25745f2fce9')",Sulfide,"('water', 'ocean')",kilogram,Sulfide,S-2,32.07,"[['S', 1]]",{'S': 1.0},1.0,dissipation
"('ecoinvent-3.4-biosphere', '666ba6f3-014c-4e96-b660-bcb5daa18798')",Chloroacetic acid,"('air', 'lower stratosphere + upper troposphere')",kilogram,Chloroacetic acid,C2H3ClO2,94.5,"[['C', 2], ['H', 3], ['Cl', 1], ['O', 2]]","{'C': 0.2542010582010582, 'H': 0.032, 'Cl': 0.3751640211640212, 'O': 0.33860317460317463}",1.0,dissipation
"('ecoinvent-3.4-biosphere', '1b6a35b8-f6c8-404d-9c0e-e09b8fdb2d9e')","Methane, dichloro-, HCC-30","('water', 'surface water')",kilogram,Methane,CH4,16.043,"[['C', 1], ['H', 4]]","{'C': 0.7486754347690582, 'H': 0.2513245652309419}",1.0,dissipation
"('ecoinvent-3.4-biosphere', 'bc269269-1874-4423-b5f0-eed0f5227684')",Potassium,"('soil', 'industrial')",kilogram,Potassium,K,39.0983,"[['K', 1]]",{'K': 1.0},1.0,dissipation
"('ecoinvent-3.4-biosphere', '17f7e776-7934-54af-8c3c-ed0247cb697b')",Nitric oxide,"('air',)",kilogram,Nitric oxide,NO,30.006,"[['N', 1], ['O', 1]]","{'N': 0.4668066386722655, 'O': 0.5331933613277344}",1.0,dissipation
"('ecoinvent-3.4-biosphere', 'dd7748c9-be28-4c89-b8b1-ed5ac14599a2')",Malathion,"('soil', 'agricultural')",kilogram,Malathion,C10H19O6PS2,330.4,"[['C', 10], ['H', 19], ['O', 6], ['P', 1], ['S', 2]]","{'C': 0.3635290556900726, 'H': 0.05796610169491526, 'O': 0.29053874092009685, 'P': 0.09374697336561744, 'S': 0.19409806295399515}",1.0,dissipation
"('ecoinvent-3.4-biosphere', '2ffd26c6-0d3d-4379-9da2-2b578807a14b')",Boron,"('air', 'lower stratosphere + upper troposphere')",kilogram,Boron,B,10.81,"[['B', 1]]",{'B': 1.0},1.0,dissipation
"('ecoinvent-3.4-biosphere', 'e9eb024b-6fba-4dce-b280-9415b2ba4695')",t-Butylamine,"('water', 'ground-')",kilogram,t-Butylamine,C4H11N,73.14,"[['C', 4], ['H', 11], ['N', 1]]","{'C': 0.6568772217664752, 'H': 0.15159967186218212, 'N': 0.19150943396226414}",1.0,dissipation
"('ecoinvent-3.4-biosphere', 'f9727bf8-d8e3-432c-8feb-2dc43da4c37d')",Cyclohexane,"('air', 'lower stratosphere + upper troposphere')",kilogram,Cyclohexane,C6H12,84.16,"[['C', 6], ['H', 12]]","{'C': 0.8562975285171104, 'H': 0.14372623574144489}",1.0,dissipation
"('ecoinvent-3.4-biosphere', 'c37f7b36-9883-4191-953f-03fd88762518')",Methyl pentane,"('water', 'ground-')",kilogram,Methyl pentane,C6H14,86.18,"[['C', 6], ['H', 14]]","{'C': 0.8362265026688327, 'H': 0.16375029009050823}",1.0,dissipation
"('ecoinvent-3.4-biosphere', '7c2a4d8b-a21a-4688-93b2-1fe41ce9e5d9')",Methyl lactate,"('air', 'lower stratosphere + upper troposphere')",kilogram,Methyl lactate,C4H8O3,104.1,"[['C', 4], ['H', 8], ['O', 3]]","{'C': 0.46151777137367916, 'H': 0.07746397694524496, 'O': 0.4610662824207493}",1.0,dissipation
"('ecoinvent-3.4-biosphere', '99fd89e9-829f-4998-9ac0-85da6442fd02')",Chlorfenvinphos,"('soil', 'agricultural')",kilogram,Chlorfenvinphos,C12H14Cl3O4P,359.6,"[['C', 12], ['H', 14], ['Cl', 3], ['O', 4], ['P', 1]]","{'C': 0.40081201334816463, 'H': 0.03924360400444939, 'Cl': 0.2957703003337041, 'O': 0.17796440489432702, 'P': 0.08613459399332592}",1.0,dissipation
"('ecoinvent-3.4-biosphere', '83d5b12c-781b-463a-81a2-cdc5918f75cf')",Picloram,"('soil', 'agricultural')",kilogram,Picloram,C6H3Cl3N2O2,241.5,"[['C', 6], ['H', 3], ['Cl', 3], ['N', 2], ['O', 2]]","{'C': 0.29840993788819875, 'H': 0.012521739130434783, 'Cl': 0.4404099378881988, 'N': 0.11599999999999999, 'O': 0.1324968944099379}",1.0,dissipation
"('ecoinvent-3.4-biosphere', '479008ad-0dce-46d5-8ba2-972633689864')",Phenol,"('water', 'ground-, long-term')",kilogram,Phenol,C6H6O,94.11,"[['C', 6], ['H', 6], ['O', 1]]","{'C': 0.765763468281798, 'H': 0.06426522154925088, 'O': 0.17000318775900541}",1.0,dissipation
"('ecoinvent-3.4-biosphere', '3c054a6e-2f9c-4e5e-9231-c61bc85a250a')",Carbofuran,"('soil', 'agricultural')",kilogram,Carbofuran,C12H15NO3,221.25,"[['C', 12], ['H', 15], ['N', 1], ['O', 3]]","{'C': 0.6514440677966102, 'H': 0.06833898305084746, 'N': 0.06330847457627119, 'O': 0.21693559322033898}",1.0,dissipation
"('ecoinvent-3.4-biosphere', 'e79e03c3-5b19-45f6-b3f3-bf710c6663d2')",Nitrogen fluoride,"('air',)",kilogram,Nitrogen fluoride,F3N,71.002,"[['F', 3], ['N', 1]]","{'F': 0.8027097828230191, 'N': 0.1972761330666742}",1.0,dissipation
"('ecoinvent-3.4-biosphere', 'c1ed95a3-cf8a-4ab4-a687-e98b95301adc')",Formate,"('water',)",kilogram,Formate,CHO2-,45.017,"[['C', 1], ['H', 1], ['O', 2]]","{'C': 0.2668103161028056, 'H': 0.022391540973410045, 'O': 0.7107981429237843}",1.0,dissipation
"('ecoinvent-3.4-biosphere', '3a285c11-632b-4106-8e15-3ac4a0da78de')",Formic acid,"('water', 'surface water')",kilogram,Formic acid,CH2O2,46.025,"[['C', 1], ['H', 2], ['O', 2]]","{'C': 0.260966865833786, 'H': 0.04380228136882129, 'O': 0.6952308527973927}",1.0,dissipation
"('ecoinvent-3.4-biosphere', 'fdaaef05-0d10-4032-b2e7-85cae3c7bd5c')",Molybdenum,"('water',)",kilogram,Molybdenum,Mo,95.95,"[['Mo', 1]]",{'Mo': 1.0},1.0,dissipation
"('ecoinvent-3.4-biosphere', 'fc86ce94-df2b-4156-a61d-65fc66a2a9a1')",Sodium chlorate,"('air', 'low population density, long-term')",kilogram,Sodium chlorate,ClNaO3,106.44,"[['Cl', 1], ['Na', 1], ['O', 3]]","{'Cl': 0.3330796692972567, 'Na': 0.21599022923712888, 'O': 0.45093010146561446}",1.0,dissipation
"('ecoinvent-3.4-biosphere', 'e8787b5e-d927-446d-81a9-f56977bbfeb4')","Carbon dioxide, from soil or biomass stock","('air', 'urban air close to ground')",kilogram,Carbon dioxide,CO2,44.009,"[['C', 1], ['O', 2]]","{'C': 0.27292144788565975, 'O': 0.7270785521143402}",1.0,dissipation
"('ecoinvent-3.4-biosphere', '20839113-fbf2-4d2f-bab8-66861f86bc60')","Vanadium, ion","('water',)",kilogram,Vanadium,V,50.9415,"[['V', 1]]",{'V': 1.0},1.0,dissipation
"('ecoinvent-3.4-biosphere', 'e47fcb9f-ef2f-4047-b902-37363ea5345c')",Ethanol,"('air', 'lower stratosphere + upper troposphere')",kilogram,Ethanol,C2H6O,46.07,"[['C', 2], ['H', 6], ['O', 1]]","{'C': 0.5214239201215541, 'H': 0.1312784892554808, 'O': 0.3472758845235511}",1.0,dissipation
"('ecoinvent-3.4-biosphere', 'c67e3ba8-ddce-4931-b4b0-f4f9a56ccf40')",Tin,"('soil', 'forestry')",kilogram,Tin,Sn,118.71,"[['Sn', 1]]",{'Sn': 1.0},1.0,dissipation
"('ecoinvent-3.4-biosphere', '1d2439de-751b-469a-ba3e-fda8fe9802b2')",Methanol,"('air', 'non-urban air or from high stacks')",kilogram,Methanol,CH4O,32.042,"[['C', 1], ['H', 4], ['O', 1]]","{'C': 0.3748517570688471, 'H': 0.12583484177017665, 'O': 0.4993134011609762}",1.0,dissipation
"('ecoinvent-3.4-biosphere', '2d8f3c1b-8965-4f5c-9d66-72148d9af9ba')",Ethyl acetate,"('water', 'ground-')",kilogram,Ethyl acetate,C4H8O2,88.11,"[['C', 4], ['H', 8], ['O', 2]]","{'C': 0.5452729542617183, 'H': 0.09152196118488254, 'O': 0.3631596867551924}",1.0,dissipation
"('ecoinvent-3.4-biosphere', '727835b8-c650-4d46-882f-35b2a366b559')","Methane, dichlorofluoro-, HCFC-21","('air', 'non-urban air or from high stacks')",kilogram,Methane,CH4,16.043,"[['C', 1], ['H', 4]]","{'C': 0.7486754347690582, 'H': 0.2513245652309419}",1.0,dissipation
"('ecoinvent-3.4-biosphere', '31a4ca5f-abb9-4dc8-a16f-116c584d4f96')",Isocyanic acid,"('air', 'non-urban air or from high stacks')",kilogram,Isocyanic acid,CHNO,43.025,"[['C', 1], ['H', 1], ['N', 1], ['O', 1]]","{'C': 0.2791632771644393, 'H': 0.023428239395700174, 'N': 0.32555490993608366, 'O': 0.3718535735037769}",1.0,dissipation
"('ecoinvent-3.4-biosphere', '1be6f247-61bd-4614-a1fa-01a85e968fcb')",Terbuthylazin,"('soil', 'agricultural')",kilogram,Terbuthylazin,C9H16ClN5,229.71,"[['C', 9], ['H', 16], ['Cl', 1], ['N', 5]]","{'C': 0.4705890035261851, 'H': 0.07021026511688651, 'Cl': 0.1543380784467372, 'N': 0.30488441948543815}",1.0,dissipation
"('ecoinvent-3.4-biosphere', '0ec59d21-92c1-492e-8e1e-f0f33f94f1b5')",Hydroxide,"('water', 'surface water')",kilogram,Hydroxide,HO-,17.007,"[['H', 1], ['O', 1]]","{'H': 0.05926971247133533, 'O': 0.9407302875286646}",1.0,dissipation
"('ecoinvent-3.4-biosphere', 'dbafa5bd-48d1-455a-8042-7d631d913745')",Ethanol,"('air', 'low population density, long-term')",kilogram,Ethanol,C2H6O,46.07,"[['C', 2], ['H', 6], ['O', 1]]","{'C': 0.5214239201215541, 'H': 0.1312784892554808, 'O': 0.3472758845235511}",1.0,dissipation
"('ecoinvent-3.4-biosphere', '0b0ea9d1-9c54-4e23-bcfc-1b8fc2cf0358')",Hydrogen sulfide,"('air', 'non-urban air or from high stacks')",kilogram,Hydrogen sulfide,H2S,34.08,"[['H', 2], ['S', 1]]","{'H': 0.05915492957746479, 'S': 0.9408744131455399}",1.0,dissipation
"('ecoinvent-3.4-biosphere', 'b6ecaa32-6ab5-4060-b641-45a2bf7beded')",Dichromate,"('water', 'ground-, long-term')",kilogram,Dichromate,Cr2O7-2,215.99,"[['Cr', 2], ['O', 7]]","{'Cr': 0.48146673457104494, 'O': 0.5185101162090838}",1.0,dissipation
"('ecoinvent-3.4-biosphere', '0017271e-7df5-40bc-833a-36110c1fe5d5')",Nitrite,"('water', 'surface water')",kilogram,Nitrite,NO2-,46.006,"[['N', 1], ['O', 2]]","{'N': 0.30446028778854933, 'O': 0.6955179759161849}",1.0,dissipation
"('ecoinvent-3.4-biosphere', '1af44724-172c-462b-b277-bb4b2fd32c33')","Benzene, hexachloro-","('air', 'urban air close to ground')",kilogram,Benzene,C6H6,78.11,"[['C', 6], ['H', 6]]","{'C': 0.9226219434131354, 'H': 0.07742926641915247}",1.0,dissipation
"('ecoinvent-3.4-biosphere', 'c93b5919-6b01-46c9-8510-cc94d1712168')",Thorium,"('air',)",kilogram,Thorium,Th,232.038,"[['Th', 1]]",{'Th': 1.0},1.0,dissipation
"('ecoinvent-3.4-biosphere', '3d5a4fbf-e44b-4b0d-885d-534fc6968867')",Propylamine,"('air', 'non-urban air or from high stacks')",kilogram,Propylamine,C3H9N,59.11,"[['C', 3], ['H', 9], ['N', 1]]","{'C': 0.6095922855692777, 'H': 0.15347656910844187, 'N': 0.23696498054474707}",1.0,dissipation
"('ecoinvent-3.4-biosphere', '3bdac115-edd6-463f-8ad7-84552b81393c')",Isopropylamine,"('air',)",kilogram,Isopropylamine,C3H9N,59.11,"[['C', 3], ['H', 9], ['N', 1]]","{'C': 0.6095922855692777, 'H': 0.15347656910844187, 'N': 0.23696498054474707}",1.0,dissipation
"('ecoinvent-3.4-biosphere', 'fb353f43-7c91-4877-999a-b40db6cb7a8e')",Trimethylamine,"('water', 'surface water')",kilogram,Trimethylamine,C3H9N,59.11,"[['C', 3], ['H', 9], ['N', 1]]","{'C': 0.6095922855692777, 'H': 0.15347656910844187, 'N': 0.23696498054474707}",1.0,dissipation
"('ecoinvent-3.4-biosphere', '10ee01aa-ebd3-4232-bdbd-50a32218b70f')",Formate,"('water', 'ocean')",kilogram,Formate,CHO2-,45.017,"[['C', 1], ['H', 1], ['O', 2]]","{'C': 0.2668103161028056, 'H': 0.022391540973410045, 'O': 0.7107981429237843}",1.0,dissipation
"('ecoinvent-3.4-biosphere', 'ca6e057b-6b74-4ec2-83b0-0e82b98d97f2')",Isocyanic acid,"('air',)",kilogram,Isocyanic acid,CHNO,43.025,"[['C', 1], ['H', 1], ['N', 1], ['O', 1]]","{'C': 0.2791632771644393, 'H': 0.023428239395700174, 'N': 0.32555490993608366, 'O': 0.3718535735037769}",1.0,dissipation
"('ecoinvent-3.4-biosphere', 'a4420691-4666-4855-9124-3030ed233407')",o-Nitrotoluene,"('air', 'urban air close to ground')",kilogram,o-Nitrotoluene,C7H7NO2,137.14,"[['C', 7], ['H', 7], ['N', 1], ['O', 2]]","{'C': 0.6130742307131399, 'H': 0.051451071897331196, 'N': 0.10213650284380925, 'O': 0.23332361090856063}",1.0,dissipation
"('ecoinvent-3.4-biosphere', '9d99096b-4e70-452b-9e3b-b2296613bc0f')",1-Pentene,"('water', 'ocean')",kilogram,1-Pentene,C5H10,70.13,"[['C', 5], ['H', 10]]","{'C': 0.8563382290032796, 'H': 0.14373306716098674}",1.0,dissipation
"('ecoinvent-3.4-biosphere', '22317c8a-3b60-4479-8798-eec0bdfada2f')","Ethane, 1,1,2-trichloro-","('air', 'lower stratosphere + upper troposphere')",kilogram,Ethane,C2H6,30.07,"[['C', 2], ['H', 6]]","{'C': 0.7988693049551047, 'H': 0.20113069504489525}",1.0,dissipation
"('ecoinvent-3.4-biosphere', '7480ea64-2bb7-4e80-9062-fd24a84335c1')",Acrylonitrile,"('air', 'urban air close to ground')",kilogram,Acrylonitrile,C3H3N,53.06,"[['C', 3], ['H', 3], ['N', 1]]","{'C': 0.6790991330569167, 'H': 0.05699208443271767, 'N': 0.26398416886543535}",1.0,dissipation
"('ecoinvent-3.4-biosphere', 'c796eed5-8e5d-43bb-8dd9-feaae3e90511')",Fluoride,"('water', 'ocean')",kilogram,Fluoride,F-,18.99840316,"[['F', 1]]",{'F': 1.0},1.0,dissipation
"('ecoinvent-3.4-biosphere', 'b793793a-fc48-409c-9d5a-441777c82ba5')",m-Xylene,"('water', 'ground-, long-term')",kilogram,m-Xylene,C8H10,106.16,"[['C', 8], ['H', 10]]","{'C': 0.9051243406179351, 'H': 0.09495101733232857}",1.0,dissipation
"('ecoinvent-3.4-biosphere', '45afb543-bc53-471e-8fc9-6ed3a5775071')",Bromine,"('soil',)",kilogram,Bromine,Br2,159.81,"[['Br', 2]]",{'Br': 1.0},1.0,dissipation
"('ecoinvent-3.4-biosphere', '2f1d0962-be5d-4e6d-9c9b-0846722d9c65')",Glutaraldehyde,"('water', 'ocean')",kilogram,Glutaraldehyde,C5H8O2,100.12,"[['C', 5], ['H', 8], ['O', 2]]","{'C': 0.5998302037554933, 'H': 0.08054334798242109, 'O': 0.31959648421893727}",1.0,dissipation
"('ecoinvent-3.4-biosphere', '4e1f0bb0-2703-4303-bf86-972d810612cf')","Carbon dioxide, non-fossil","('air', 'lower stratosphere + upper troposphere')",kilogram,Carbon dioxide,CO2,44.009,"[['C', 1], ['O', 2]]","{'C': 0.27292144788565975, 'O': 0.7270785521143402}",1.0,dissipation
"('ecoinvent-3.4-biosphere', 'b397980f-62a4-4b0f-a05c-7c5c0e634aec')",Pyrene,"('water', 'surface water')",kilogram,Pyrene,C16H10,202.25,"[['C', 16], ['H', 10]]","{'C': 0.9501903584672434, 'H': 0.049839307787391846}",1.0,dissipation
"('ecoinvent-3.4-biosphere', '4009a3f4-1995-4318-9056-92825bc532c3')",Propionic acid,"('air', 'low population density, long-term')",kilogram,Propionic acid,C3H6O2,74.08,"[['C', 3], ['H', 6], ['O', 2]]","{'C': 0.4864065874730022, 'H': 0.08164146868250541, 'O': 0.4319384449244061}",1.0,dissipation
"('ecoinvent-3.4-biosphere', 'b9b68c0c-053e-41de-ab72-8dfe1c3f5755')",Acetic acid,"('air', 'urban air close to ground')",kilogram,Acetic acid,C2H4O2,60.05,"[['C', 2], ['H', 4], ['O', 2]]","{'C': 0.40003330557868444, 'H': 0.06714404662781016, 'O': 0.5328559533721899}",1.0,dissipation
"('ecoinvent-3.4-biosphere', '47bee45d-6d2b-48a6-a0c8-fcb8debc7f5d')",2-Methyl-1-propanol,"('air',)",kilogram,2-Methyl-1-propanol,C4H10O,74.12,"[['C', 4], ['H', 10], ['O', 1]]","{'C': 0.6481921208850512, 'H': 0.13599568267674042, 'O': 0.21585267134376687}",1.0,dissipation
"('ecoinvent-3.4-biosphere', '38d8a2a4-1334-4488-9282-271cd532c39a')",Potassium hydroxide,"('air', 'non-urban air or from high stacks')",kilogram,Potassium hydroxide,HKO,56.106,"[['H', 1], ['K', 1], ['O', 1]]","{'H': 0.017965992941931345, 'K': 0.6968595159163012, 'O': 0.285156667736071}",1.0,dissipation
"('ecoinvent-3.4-biosphere', 'e3cfaa07-9b68-4461-a06f-a0e4e59d41d3')",Hydrogen sulfide,"('air', 'urban air close to ground')",kilogram,Hydrogen sulfide,H2S,34.08,"[['H', 2], ['S', 1]]","{'H': 0.05915492957746479, 'S': 0.9408744131455399}",1.0,dissipation
"('ecoinvent-3.4-biosphere', '99cd88f6-16b7-4b28-895c-2f42101f634b')",Barium,"('soil',)",kilogram,Barium,Ba,137.33,"[['Ba', 1]]",{'Ba': 1.0},1.0,dissipation
"('ecoinvent-3.4-biosphere', 'eb53bdf4-5b02-40fa-a1cb-318e207e7eec')","Ethane, 1,1,2-trichloro-","('air', 'urban air close to ground')",kilogram,Ethane,C2H6,30.07,"[['C', 2], ['H', 6]]","{'C': 0.7988693049551047, 'H': 0.20113069504489525}",1.0,dissipation
"('ecoinvent-3.4-biosphere', '7dd10f03-00ef-483e-88c7-ba23e5330316')",Sodium hydroxide,"('air',)",kilogram,Sodium hydroxide,HNaO,39.997,"[['H', 1], ['Na', 1], ['O', 1]]","{'H': 0.025201890141760632, 'Na': 0.5747931094832112, 'O': 0.4000050003750281}",1.0,dissipation
"('ecoinvent-3.4-biosphere', '926fdcf3-6c44-44e2-acb6-159060ac65cf')",Potassium,"('air', 'low population density, long-term')",kilogram,Potassium,K,39.0983,"[['K', 1]]",{'K': 1.0},1.0,dissipation
"('ecoinvent-3.4-biosphere', '044b9b1d-0406-4da9-bc8a-f180176e7ed9')",Aniline,"('water', 'ground-')",kilogram,Aniline,C6H7N,93.13,"[['C', 6], ['H', 7], ['N', 1]]","{'C': 0.773821539783099, 'H': 0.07576505959411575, 'N': 0.15040266294427146}",1.0,dissipation
"('ecoinvent-3.4-biosphere', 'd0431945-ea71-4257-9be6-78a849cd5440')",Cloransulam-methyl,"('soil', 'agricultural')",kilogram,Cloransulam-methyl,C15H13ClFN5O5S,429.8,"[['C', 15], ['H', 13], ['Cl', 1], ['F', 1], ['N', 5], ['O', 5], ['S', 1]]","{'C': 0.4191833410888785, 'H': 0.0304885993485342, 'Cl': 0.08248720335039554, 'F': 0.04420195439739414, 'N': 0.16294788273615635, 'O': 0.18612145183806422, 'S': 0.07460446719404373}",1.0,dissipation
"('ecoinvent-3.4-biosphere', '06a4fedf-dab4-4ef1-90df-1d0ce8fe6477')","Methane, bromochlorodifluoro-, Halon 1211","('air', 'low population density, long-term')",kilogram,Methane,CH4,16.043,"[['C', 1], ['H', 4]]","{'C': 0.7486754347690582, 'H': 0.2513245652309419}",1.0,dissipation
"('ecoinvent-3.4-biosphere', 'cf88e72e-13bc-416c-ac41-7d4b24bda86a')","Lithium, ion","('water', 'ocean')",kilogram,Lithium,Li,7.0,"[['Li', 1]]",{'Li': 1.0},1.0,dissipation
"('ecoinvent-3.4-biosphere', '5eb2d548-1694-496d-b3bd-a439984fca7d')","Ethane, 1,1,1-trifluoro-, HFC-143a","('air', 'lower stratosphere + upper troposphere')",kilogram,Ethane,C2H6,30.07,"[['C', 2], ['H', 6]]","{'C': 0.7988693049551047, 'H': 0.20113069504489525}",1.0,dissipation
"('ecoinvent-3.4-biosphere', '6c833956-6302-47c3-8abc-7ecae92266fb')","Methane, tetrachloro-, R-10","('air', 'lower stratosphere + upper troposphere')",kilogram,Methane,CH4,16.043,"[['C', 1], ['H', 4]]","{'C': 0.7486754347690582, 'H': 0.2513245652309419}",1.0,dissipation
"('ecoinvent-3.4-biosphere', '17955b10-4c04-4fff-91e7-cf89ef1a7cca')",Glyphosate,"('water', 'ground-')",kilogram,Glyphosate,C3H8NO5P,169.07,"[['C', 3], ['H', 8], ['N', 1], ['O', 5], ['P', 1]]","{'C': 0.21312474123144262, 'H': 0.04769622050038446, 'N': 0.08284734133790737, 'O': 0.4731472171289999, 'P': 0.1832022239309162}",1.0,dissipation
"('ecoinvent-3.4-biosphere', '71725af2-93f4-4746-a117-7108be9b4d27')",Sodium tetrahydridoborate,"('air', 'non-urban air or from high stacks')",kilogram,Sodium tetrahydridoborate,BH4Na,37.84,"[['B', 1], ['H', 4], ['Na', 1]]","{'B': 0.285676532769556, 'H': 0.10655391120507399, 'Na': 0.6075581395348836}",1.0,dissipation
"('ecoinvent-3.4-biosphere', '7829233b-ad9f-493d-97f5-735f5035cc71')","Phthalate, dimethyl-","('water', 'ground-')",kilogram,Phthalate,C8H4O4-2,164.11,"[['C', 8], ['H', 4], ['O', 4]]","{'C': 0.5855097190908536, 'H': 0.024568886722320393, 'O': 0.3899579550301627}",1.0,dissipation
"('ecoinvent-3.4-biosphere', '7c73768b-438b-4374-a4c1-486d35b4cb76')",Benzyl alcohol,"('water', 'ocean')",kilogram,Benzyl alcohol,C7H8O,108.14,"[['C', 7], ['H', 8], ['O', 1]]","{'C': 0.7774828925466987, 'H': 0.0745700018494544, 'O': 0.14794710560384686}",1.0,dissipation
"('ecoinvent-3.4-biosphere', '60d424f7-d5a9-4549-9540-da06684bc3bb')","Carbon dioxide, to soil or biomass stock","('soil', 'industrial')",kilogram,Carbon dioxide,CO2,44.009,"[['C', 1], ['O', 2]]","{'C': 0.27292144788565975, 'O': 0.7270785521143402}",1.0,dissipation
"('ecoinvent-3.4-biosphere', '2cbe35d9-052c-4fe8-8eb2-08769f10b2c7')",Formic acid,"('air', 'urban air close to ground')",kilogram,Formic acid,CH2O2,46.025,"[['C', 1], ['H', 2], ['O', 2]]","{'C': 0.260966865833786, 'H': 0.04380228136882129, 'O': 0.6952308527973927}",1.0,dissipation
"('ecoinvent-3.4-biosphere', '91c76c8e-d725-475d-9be6-a90b99747075')",Butadiene,"('air', 'lower stratosphere + upper troposphere')",kilogram,Butadiene,C4H6,54.09,"[['C', 4], ['H', 6]]","{'C': 0.8882233314845627, 'H': 0.11181364392678868}",1.0,dissipation
"('ecoinvent-3.4-biosphere', '2718482b-8399-442e-b89a-52fbcc22d2e6')",Lead,"('air', 'non-urban air or from high stacks')",kilogram,Lead,Pb,207.0,"[['Pb', 1]]",{'Pb': 1.0},1.0,dissipation
"('ecoinvent-3.4-biosphere', 'c54e6fd5-a896-4b6c-9247-7f599c851bf1')",Helium,"('air', 'low population density, long-term')",kilogram,Helium,He,4.0026,"[['He', 1]]",{'He': 1.0},1.0,dissipation
"('ecoinvent-3.4-biosphere', '4ddc40ac-2b6a-4f7f-8f8a-db439b443263')",Methanesulfonic acid,"('air',)",kilogram,Methanesulfonic acid,CH4O3S,96.11,"[['C', 1], ['H', 4], ['O', 3], ['S', 1]]","{'C': 0.12497138695245032, 'H': 0.04195193008011654, 'O': 0.49939652481531577, 'S': 0.3336281344292997}",1.0,dissipation
"('ecoinvent-3.4-biosphere', '0e0554ad-f6aa-472e-88e0-489f19bec2bb')",Diquat dibromide,"('soil', 'agricultural')",kilogram,Diquat dibromide,C12H12Br2N2,344.04,"[['C', 12], ['H', 12], ['Br', 2], ['N', 2]]","{'C': 0.41893965817928147, 'H': 0.03515870247645622, 'Br': 0.46450412742704333, 'N': 0.08142657830484827}",1.0,dissipation
