Flow_Name,Flow_Key,Metal,Delta_g_Total,Delta_g_Metal,Metal_Fraction,CF_Metal,CF_Total,grade_source,Mineral,f_mineral_me,Delta_g_Mineral,Mineral_Fraction,CF_Mineral,xi_Mineral,xf_Mineral,xm_Mineral,ERC,CF2
Aluminium,"('ecoinvent-3.4-biosphere', '7880e65c-0321-4295-ba55-3186ad36e489')",Al,5.6832291896622894e-05,5.6832291896622894e-05,1.0,6.422536676269254e-14,6.422536676269254e-14,dissipation,Bauxite (Gibbsite),2.8930041152263373,0.00016441605433467445,2.8930041152263373,1.8580425034639034e-13,0.23086450876489972,0.23070009271056505,0.95,0.011590069725117346,0.011590069725117346
Aluminium,"('ecoinvent-3.4-biosphere', '765546a9-b056-4d27-ad14-2f016511bdcb')",Al,5.6832291896622894e-05,5.6832291896622894e-05,1.0,6.422536676269254e-14,6.422536676269254e-14,dissipation,Bauxite (Gibbsite),2.8930041152263373,0.00016441605433467445,2.8930041152263373,1.8580425034639034e-13,0.23086450876489972,0.23070009271056505,0.95,0.011590069725117346,0.011590069725117346
Aluminium,"('ecoinvent-3.4-biosphere', '6f0b8b7c-3888-4174-b7e3-916d42d678ee')",Al,5.6832291896622894e-05,5.6832291896622894e-05,1.0,6.422536676269254e-14,6.422536676269254e-14,dissipation,Bauxite (Gibbsite),2.8930041152263373,0.00016441605433467445,2.8930041152263373,1.8580425034639034e-13,0.23086450876489972,0.23070009271056505,0.95,0.011590069725117346,0.011590069725117346
Aluminium,"('ecoinvent-3.4-biosphere', '46e63323-cffd-4c46-829b-5f006b50fa9b')",Al,5.6832291896622894e-05,5.6832291896622894e-05,1.0,6.422536676269254e-14,6.422536676269254e-14,dissipation,Bauxite (Gibbsite),2.8930041152263373,0.00016441605433467445,2.8930041152263373,1.8580425034639034e-13,0.23086450876489972,0.23070009271056505,0.95,0.011590069725117346,0.011590069725117346
Aluminium,"('ecoinvent-3.4-biosphere', '01056d4b-f9b0-4dfc-b8d9-8407c8376efb')",Al,5.6832291896622894e-05,5.6832291896622894e-05,1.0,6.422536676269254e-14,6.422536676269254e-14,dissipation,Bauxite (Gibbsite),2.8930041152263373,0.00016441605433467445,2.8930041152263373,1.8580425034639034e-13,0.23086450876489972,0.23070009271056505,0.95,0.011590069725117346,0.011590069725117346
Aluminium,"('ecoinvent-3.4-biosphere', 'd96403bf-902e-4b7a-8ffd-32fe09e4017f')",Al,5.6832291896622894e-05,5.6832291896622894e-05,1.0,6.422536676269254e-14,6.422536676269254e-14,dissipation,Bauxite (Gibbsite),2.8930041152263373,0.00016441605433467445,2.8930041152263373,1.8580425034639034e-13,0.23086450876489972,0.23070009271056505,0.95,0.011590069725117346,0.011590069725117346
Aluminium,"('ecoinvent-3.4-biosphere', '0ace7678-a181-48e8-8728-d912a8b56c57')",Al,5.6832291896622894e-05,5.6832291896622894e-05,1.0,6.422536676269254e-14,6.422536676269254e-14,dissipation,Bauxite (Gibbsite),2.8930041152263373,0.00016441605433467445,2.8930041152263373,1.8580425034639034e-13,0.23086450876489972,0.23070009271056505,0.95,0.011590069725117346,0.011590069725117346
Aluminium,"('ecoinvent-3.4-biosphere', '97e498ec-f323-4ec6-bcc0-d8a4c853bae3')",Al,5.6832291896622894e-05,5.6832291896622894e-05,1.0,6.422536676269254e-14,6.422536676269254e-14,dissipation,Bauxite (Gibbsite),2.8930041152263373,0.00016441605433467445,2.8930041152263373,1.8580425034639034e-13,0.23086450876489972,0.23070009271056505,0.95,0.011590069725117346,0.011590069725117346
Aluminium,"('ecoinvent-3.4-biosphere', '9c3bd678-1b2f-4b95-a245-d5c8a3fe326b')",Al,5.6832291896622894e-05,5.6832291896622894e-05,1.0,6.422536676269254e-14,6.422536676269254e-14,dissipation,Bauxite (Gibbsite),2.8930041152263373,0.00016441605433467445,2.8930041152263373,1.8580425034639034e-13,0.23086450876489972,0.23070009271056505,0.95,0.011590069725117346,0.011590069725117346
Aluminium,"('ecoinvent-3.4-biosphere', '2baa4381-b781-4f5e-90de-508b0fa3fd1f')",Al,5.6832291896622894e-05,5.6832291896622894e-05,1.0,6.422536676269254e-14,6.422536676269254e-14,dissipation,Bauxite (Gibbsite),2.8930041152263373,0.00016441605433467445,2.8930041152263373,1.8580425034639034e-13,0.23086450876489972,0.23070009271056505,0.95,0.011590069725117346,0.011590069725117346
Aluminium,"('ecoinvent-3.4-biosphere', '2e0c9efa-d55c-49db-8be3-0376d5921ff4')",Al,5.6832291896622894e-05,5.6832291896622894e-05,1.0,6.422536676269254e-14,6.422536676269254e-14,dissipation,Bauxite (Gibbsite),2.8930041152263373,0.00016441605433467445,2.8930041152263373,1.8580425034639034e-13,0.23086450876489972,0.23070009271056505,0.95,0.011590069725117346,0.011590069725117346
Aluminium,"('ecoinvent-3.4-biosphere', 'ff65658c-2d39-44a2-b23e-7ec3c644f064')",Al,5.6832291896622894e-05,5.6832291896622894e-05,1.0,6.422536676269254e-14,6.422536676269254e-14,dissipation,Bauxite (Gibbsite),2.8930041152263373,0.00016441605433467445,2.8930041152263373,1.8580425034639034e-13,0.23086450876489972,0.23070009271056505,0.95,0.011590069725117346,0.011590069725117346
Aluminium,"('ecoinvent-3.4-biosphere', 'e0401210-0377-4670-84af-12247ca20bed')",Al,5.6832291896622894e-05,5.6832291896622894e-05,1.0,6.422536676269254e-14,6.422536676269254e-14,dissipation,Bauxite (Gibbsite),2.8930041152263373,0.00016441605433467445,2.8930041152263373,1.8580425034639034e-13,0.23086450876489972,0.23070009271056505,0.95,0.011590069725117346,0.011590069725117346
Aluminium,"('ecoinvent-3.4-biosphere', '39555a26-d28b-425f-993f-e8770ab7d9cf')",Al,5.6832291896622894e-05,5.6832291896622894e-05,1.0,6.422536676269254e-14,6.422536676269254e-14,dissipation,Bauxite (Gibbsite),2.8930041152263373,0.00016441605433467445,2.8930041152263373,1.8580425034639034e-13,0.23086450876489972,0.23070009271056505,0.95,0.011590069725117346,0.011590069725117346
Manganese,"('ecoinvent-3.4-biosphere', '44f28e11-061d-44fd-8f25-dc62a9f1fa57')",Mn,8.139286085107526e-06,8.139286085107526e-06,1.0,6.485008032108113e-14,6.485008032108113e-14,dissipation,Pyrolusite,1.5822784810126582,1.2878617223271402e-05,1.5822784810126582,1.0261088658398912e-13,0.29578603669687803,0.29577315807965476,0.6709603911825677,7.544468322121827e-06,7.544468322121827e-06
Manganese,"('ecoinvent-3.4-biosphere', '2460f868-54a9-404c-bec8-c809a44ae72c')",Mn,8.139286085107526e-06,8.139286085107526e-06,1.0,6.485008032108113e-14,6.485008032108113e-14,dissipation,Pyrolusite,1.5822784810126582,1.2878617223271402e-05,1.5822784810126582,1.0261088658398912e-13,0.29578603669687803,0.29577315807965476,0.6709603911825677,7.544468322121827e-06,7.544468322121827e-06
Manganese,"('ecoinvent-3.4-biosphere', '835d0907-a668-4d92-b6b6-7b56fa343713')",Mn,8.139286085107526e-06,8.139286085107526e-06,1.0,6.485008032108113e-14,6.485008032108113e-14,dissipation,Pyrolusite,1.5822784810126582,1.2878617223271402e-05,1.5822784810126582,1.0261088658398912e-13,0.29578603669687803,0.29577315807965476,0.6709603911825677,7.544468322121827e-06,7.544468322121827e-06
Manganese,"('ecoinvent-3.4-biosphere', '295060ba-3c3d-45e4-99ca-e17b1204b553')",Mn,8.139286085107526e-06,8.139286085107526e-06,1.0,6.485008032108113e-14,6.485008032108113e-14,dissipation,Pyrolusite,1.5822784810126582,1.2878617223271402e-05,1.5822784810126582,1.0261088658398912e-13,0.29578603669687803,0.29577315807965476,0.6709603911825677,7.544468322121827e-06,7.544468322121827e-06
Manganese,"('ecoinvent-3.4-biosphere', 'f532985c-90b7-46fc-aac9-b039b40e22f1')",Mn,8.139286085107526e-06,8.139286085107526e-06,1.0,6.485008032108113e-14,6.485008032108113e-14,dissipation,Pyrolusite,1.5822784810126582,1.2878617223271402e-05,1.5822784810126582,1.0261088658398912e-13,0.29578603669687803,0.29577315807965476,0.6709603911825677,7.544468322121827e-06,7.544468322121827e-06
Manganese,"('ecoinvent-3.4-biosphere', '0af26a55-d357-469f-abad-8ced785cb4fb')",Mn,8.139286085107526e-06,8.139286085107526e-06,1.0,6.485008032108113e-14,6.485008032108113e-14,dissipation,Pyrolusite,1.5822784810126582,1.2878617223271402e-05,1.5822784810126582,1.0261088658398912e-13,0.29578603669687803,0.29577315807965476,0.6709603911825677,7.544468322121827e-06,7.544468322121827e-06
Manganese,"('ecoinvent-3.4-biosphere', 'b0546417-3064-4878-bd6f-2da75cefdf63')",Mn,8.139286085107526e-06,8.139286085107526e-06,1.0,6.485008032108113e-14,6.485008032108113e-14,dissipation,Pyrolusite,1.5822784810126582,1.2878617223271402e-05,1.5822784810126582,1.0261088658398912e-13,0.29578603669687803,0.29577315807965476,0.6709603911825677,7.544468322121827e-06,7.544468322121827e-06
Manganese,"('ecoinvent-3.4-biosphere', 'c91fd4bf-ed70-4e2f-a34f-159773f981b6')",Mn,8.139286085107526e-06,8.139286085107526e-06,1.0,6.485008032108113e-14,6.485008032108113e-14,dissipation,Pyrolusite,1.5822784810126582,1.2878617223271402e-05,1.5822784810126582,1.0261088658398912e-13,0.29578603669687803,0.29577315807965476,0.6709603911825677,7.544468322121827e-06,7.544468322121827e-06
Manganese,"('ecoinvent-3.4-biosphere', '9c706cff-cb82-4207-a589-95896e04dc08')",Mn,8.139286085107526e-06,8.139286085107526e-06,1.0,6.485008032108113e-14,6.485008032108113e-14,dissipation,Pyrolusite,1.5822784810126582,1.2878617223271402e-05,1.5822784810126582,1.0261088658398912e-13,0.29578603669687803,0.29577315807965476,0.6709603911825677,7.544468322121827e-06,7.544468322121827e-06
Manganese,"('ecoinvent-3.4-biosphere', '009a49e8-09a7-4432-9cb9-f2dd18e8f922')",Mn,8.139286085107526e-06,8.139286085107526e-06,1.0,6.485008032108113e-14,6.485008032108113e-14,dissipation,Pyrolusite,1.5822784810126582,1.2878617223271402e-05,1.5822784810126582,1.0261088658398912e-13,0.29578603669687803,0.29577315807965476,0.6709603911825677,7.544468322121827e-06,7.544468322121827e-06
Manganese,"('ecoinvent-3.4-biosphere', '6b7fbea6-4a86-40f9-954d-3c9b3611abfd')",Mn,8.139286085107526e-06,8.139286085107526e-06,1.0,6.485008032108113e-14,6.485008032108113e-14,dissipation,Pyrolusite,1.5822784810126582,1.2878617223271402e-05,1.5822784810126582,1.0261088658398912e-13,0.29578603669687803,0.29577315807965476,0.6709603911825677,7.544468322121827e-06,7.544468322121827e-06
Manganese,"('ecoinvent-3.4-biosphere', '10cbd2f7-c41b-4bb4-b636-d8fc15cf0282')",Mn,8.139286085107526e-06,8.139286085107526e-06,1.0,6.485008032108113e-14,6.485008032108113e-14,dissipation,Pyrolusite,1.5822784810126582,1.2878617223271402e-05,1.5822784810126582,1.0261088658398912e-13,0.29578603669687803,0.29577315807965476,0.6709603911825677,7.544468322121827e-06,7.544468322121827e-06
Manganese,"('ecoinvent-3.4-biosphere', '42053ffb-9284-49cb-88f9-33ac5c77be4a')",Mn,8.139286085107526e-06,8.139286085107526e-06,1.0,6.485008032108113e-14,6.485008032108113e-14,dissipation,Pyrolusite,1.5822784810126582,1.2878617223271402e-05,1.5822784810126582,1.0261088658398912e-13,0.29578603669687803,0.29577315807965476,0.6709603911825677,7.544468322121827e-06,7.544468322121827e-06
Manganese,"('ecoinvent-3.4-biosphere', '9ba8c05d-1593-45a5-8d3b-5c4f3e9fef32')",Mn,8.139286085107526e-06,8.139286085107526e-06,1.0,6.485008032108113e-14,6.485008032108113e-14,dissipation,Pyrolusite,1.5822784810126582,1.2878617223271402e-05,1.5822784810126582,1.0261088658398912e-13,0.29578603669687803,0.29577315807965476,0.6709603911825677,7.544468322121827e-06,7.544468322121827e-06
Cobalt,"('ecoinvent-3.4-biosphere', '9ce88274-57b6-42ed-a78b-4abef2301865')",Co,6.534525199621613e-06,6.534525199621613e-06,1.0,1.9447495148453946e-12,1.9447495148453946e-12,dissipation,Linnaeite,1.727272727272727,1.1286907162982786e-05,1.727272727272727,3.3591127983693174e-12,0.015088369910128439,0.015077083002965456,0.0455986939380875,0.006183580031733296,0.006183580031733296
Cobalt,"('ecoinvent-3.4-biosphere', '1e904267-caa3-40e6-a3a0-fc104489770b')",Co,6.534525199621613e-06,6.534525199621613e-06,1.0,1.9447495148453946e-12,1.9447495148453946e-12,dissipation,Linnaeite,1.727272727272727,1.1286907162982786e-05,1.727272727272727,3.3591127983693174e-12,0.015088369910128439,0.015077083002965456,0.0455986939380875,0.006183580031733296,0.006183580031733296
Cobalt,"('ecoinvent-3.4-biosphere', '9542444c-7c7a-48e2-bc9c-9c7c34fb7b3e')",Co,6.534525199621613e-06,6.534525199621613e-06,1.0,1.9447495148453946e-12,1.9447495148453946e-12,dissipation,Linnaeite,1.727272727272727,1.1286907162982786e-05,1.727272727272727,3.3591127983693174e-12,0.015088369910128439,0.015077083002965456,0.0455986939380875,0.006183580031733296,0.006183580031733296
Cobalt,"('ecoinvent-3.4-biosphere', '33627701-feca-434d-a192-674a450eaaf7')",Co,6.534525199621613e-06,6.534525199621613e-06,1.0,1.9447495148453946e-12,1.9447495148453946e-12,dissipation,Linnaeite,1.727272727272727,1.1286907162982786e-05,1.727272727272727,3.3591127983693174e-12,0.015088369910128439,0.015077083002965456,0.0455986939380875,0.006183580031733296,0.006183580031733296
Cobalt,"('ecoinvent-3.4-biosphere', 'caf066cf-40ce-47a8-ba4c-969fcd6019c7')",Co,6.534525199621613e-06,6.534525199621613e-06,1.0,1.9447495148453946e-12,1.9447495148453946e-12,dissipation,Linnaeite,1.727272727272727,1.1286907162982786e-05,1.727272727272727,3.3591127983693174e-12,0.015088369910128439,0.015077083002965456,0.0455986939380875,0.006183580031733296,0.006183580031733296
Cobalt,"('ecoinvent-3.4-biosphere', '74eb3f02-09ec-46ce-8ee8-d67d0900136b')",Co,6.534525199621613e-06,6.534525199621613e-06,1.0,1.9447495148453946e-12,1.9447495148453946e-12,dissipation,Linnaeite,1.727272727272727,1.1286907162982786e-05,1.727272727272727,3.3591127983693174e-12,0.015088369910128439,0.015077083002965456,0.0455986939380875,0.006183580031733296,0.006183580031733296
Cobalt,"('ecoinvent-3.4-biosphere', 'f0d1c319-249f-4a89-b0e7-3a5a90a54036')",Co,6.534525199621613e-06,6.534525199621613e-06,1.0,1.9447495148453946e-12,1.9447495148453946e-12,dissipation,Linnaeite,1.727272727272727,1.1286907162982786e-05,1.727272727272727,3.3591127983693174e-12,0.015088369910128439,0.015077083002965456,0.0455986939380875,0.006183580031733296,0.006183580031733296
Cobalt,"('ecoinvent-3.4-biosphere', 'f0e28a62-ddf9-4c93-af81-676a58c3f2d4')",Co,6.534525199621613e-06,6.534525199621613e-06,1.0,1.9447495148453946e-12,1.9447495148453946e-12,dissipation,Linnaeite,1.727272727272727,1.1286907162982786e-05,1.727272727272727,3.3591127983693174e-12,0.015088369910128439,0.015077083002965456,0.0455986939380875,0.006183580031733296,0.006183580031733296
Cobalt,"('ecoinvent-3.4-biosphere', 'd4291dd5-dae8-47fa-bf06-466fcecbc210')",Co,6.534525199621613e-06,6.534525199621613e-06,1.0,1.9447495148453946e-12,1.9447495148453946e-12,dissipation,Linnaeite,1.727272727272727,1.1286907162982786e-05,1.727272727272727,3.3591127983693174e-12,0.015088369910128439,0.015077083002965456,0.0455986939380875,0.006183580031733296,0.006183580031733296
Cobalt,"('ecoinvent-3.4-biosphere', 'ca04300a-8338-4601-ba7c-66c10a4f6322')",Co,6.534525199621613e-06,6.534525199621613e-06,1.0,1.9447495148453946e-12,1.9447495148453946e-12,dissipation,Linnaeite,1.727272727272727,1.1286907162982786e-05,1.727272727272727,3.3591127983693174e-12,0.015088369910128439,0.015077083002965456,0.0455986939380875,0.006183580031733296,0.006183580031733296
Cobalt,"('ecoinvent-3.4-biosphere', '12051b95-831a-49c0-9a70-fbc0e8fb9af9')",Co,6.534525199621613e-06,6.534525199621613e-06,1.0,1.9447495148453946e-12,1.9447495148453946e-12,dissipation,Linnaeite,1.727272727272727,1.1286907162982786e-05,1.727272727272727,3.3591127983693174e-12,0.015088369910128439,0.015077083002965456,0.0455986939380875,0.006183580031733296,0.006183580031733296
Cobalt,"('ecoinvent-3.4-biosphere', '381a22c9-3722-4378-810d-86958f7b6d32')",Co,6.534525199621613e-06,6.534525199621613e-06,1.0,1.9447495148453946e-12,1.9447495148453946e-12,dissipation,Linnaeite,1.727272727272727,1.1286907162982786e-05,1.727272727272727,3.3591127983693174e-12,0.015088369910128439,0.015077083002965456,0.0455986939380875,0.006183580031733296,0.006183580031733296
Cobalt,"('ecoinvent-3.4-biosphere', 'b10faa87-2c1d-4f6e-aa65-9f80b376939a')",Co,6.534525199621613e-06,6.534525199621613e-06,1.0,1.9447495148453946e-12,1.9447495148453946e-12,dissipation,Linnaeite,1.727272727272727,1.1286907162982786e-05,1.727272727272727,3.3591127983693174e-12,0.015088369910128439,0.015077083002965456,0.0455986939380875,0.006183580031733296,0.006183580031733296
Cobalt,"('ecoinvent-3.4-biosphere', 'c58d25ad-30d2-4fac-a857-1fa6f67afe8a')",Co,6.534525199621613e-06,6.534525199621613e-06,1.0,1.9447495148453946e-12,1.9447495148453946e-12,dissipation,Linnaeite,1.727272727272727,1.1286907162982786e-05,1.727272727272727,3.3591127983693174e-12,0.015088369910128439,0.015077083002965456,0.0455986939380875,0.006183580031733296,0.006183580031733296
Antimony,"('ecoinvent-3.4-biosphere', 'b2dc8668-86de-4207-b20e-dc81dea63c98')",Sb,3.5558308718535735e-06,3.5558308718535735e-06,1.0,2.1834077210692158e-11,2.1834077210692158e-11,dissipation,Stibnite,1.3941798941798942,4.957467908642416e-06,1.3941798941798942,3.0440631455118433e-11,0.22717627533598833,0.22717131786807968,0.9,1.7350017581247708e-05,1.7350017581247708e-05
Antimony,"('ecoinvent-3.4-biosphere', '83cf77ca-867b-4eef-b0f0-78d71b3d91d5')",Sb,3.5558308718535735e-06,3.5558308718535735e-06,1.0,2.1834077210692158e-11,2.1834077210692158e-11,dissipation,Stibnite,1.3941798941798942,4.957467908642416e-06,1.3941798941798942,3.0440631455118433e-11,0.22717627533598833,0.22717131786807968,0.9,1.7350017581247708e-05,1.7350017581247708e-05
Antimony,"('ecoinvent-3.4-biosphere', '183f9856-03ab-464d-9366-8ef62077b510')",Sb,3.5558308718535735e-06,3.5558308718535735e-06,1.0,2.1834077210692158e-11,2.1834077210692158e-11,dissipation,Stibnite,1.3941798941798942,4.957467908642416e-06,1.3941798941798942,3.0440631455118433e-11,0.22717627533598833,0.22717131786807968,0.9,1.7350017581247708e-05,1.7350017581247708e-05
Antimony,"('ecoinvent-3.4-biosphere', 'fa39136e-1ef6-43c1-af68-104da104568d')",Sb,3.5558308718535735e-06,3.5558308718535735e-06,1.0,2.1834077210692158e-11,2.1834077210692158e-11,dissipation,Stibnite,1.3941798941798942,4.957467908642416e-06,1.3941798941798942,3.0440631455118433e-11,0.22717627533598833,0.22717131786807968,0.9,1.7350017581247708e-05,1.7350017581247708e-05
Antimony,"('ecoinvent-3.4-biosphere', 'c49fb4cd-eed0-4438-9052-9612473cdbae')",Sb,3.5558308718535735e-06,3.5558308718535735e-06,1.0,2.1834077210692158e-11,2.1834077210692158e-11,dissipation,Stibnite,1.3941798941798942,4.957467908642416e-06,1.3941798941798942,3.0440631455118433e-11,0.22717627533598833,0.22717131786807968,0.9,1.7350017581247708e-05,1.7350017581247708e-05
Antimony,"('ecoinvent-3.4-biosphere', '5df5cb9f-812c-4ce8-ab1c-df6ab4d31900')",Sb,3.5558308718535735e-06,3.5558308718535735e-06,1.0,2.1834077210692158e-11,2.1834077210692158e-11,dissipation,Stibnite,1.3941798941798942,4.957467908642416e-06,1.3941798941798942,3.0440631455118433e-11,0.22717627533598833,0.22717131786807968,0.9,1.7350017581247708e-05,1.7350017581247708e-05
Antimony,"('ecoinvent-3.4-biosphere', '7805afa2-d93b-40bb-b841-325b98aec824')",Sb,3.5558308718535735e-06,3.5558308718535735e-06,1.0,2.1834077210692158e-11,2.1834077210692158e-11,dissipation,Stibnite,1.3941798941798942,4.957467908642416e-06,1.3941798941798942,3.0440631455118433e-11,0.22717627533598833,0.22717131786807968,0.9,1.7350017581247708e-05,1.7350017581247708e-05
Antimony,"('ecoinvent-3.4-biosphere', '2b2369a4-26bb-4b18-8479-752fdf7a5e7f')",Sb,3.5558308718535735e-06,3.5558308718535735e-06,1.0,2.1834077210692158e-11,2.1834077210692158e-11,dissipation,Stibnite,1.3941798941798942,4.957467908642416e-06,1.3941798941798942,3.0440631455118433e-11,0.22717627533598833,0.22717131786807968,0.9,1.7350017581247708e-05,1.7350017581247708e-05
Antimony,"('ecoinvent-3.4-biosphere', '77927dac-dea3-429d-a434-d5a71d92c4f7')",Sb,3.5558308718535735e-06,3.5558308718535735e-06,1.0,2.1834077210692158e-11,2.1834077210692158e-11,dissipation,Stibnite,1.3941798941798942,4.957467908642416e-06,1.3941798941798942,3.0440631455118433e-11,0.22717627533598833,0.22717131786807968,0.9,1.7350017581247708e-05,1.7350017581247708e-05
Antimony,"('ecoinvent-3.4-biosphere', '49803ad0-9ca2-4507-a5ea-f152d16c929d')",Sb,3.5558308718535735e-06,3.5558308718535735e-06,1.0,2.1834077210692158e-11,2.1834077210692158e-11,dissipation,Stibnite,1.3941798941798942,4.957467908642416e-06,1.3941798941798942,3.0440631455118433e-11,0.22717627533598833,0.22717131786807968,0.9,1.7350017581247708e-05,1.7350017581247708e-05
Antimony,"('ecoinvent-3.4-biosphere', '34b96163-a3df-4bc1-8224-e2a9fe01b23f')",Sb,3.5558308718535735e-06,3.5558308718535735e-06,1.0,2.1834077210692158e-11,2.1834077210692158e-11,dissipation,Stibnite,1.3941798941798942,4.957467908642416e-06,1.3941798941798942,3.0440631455118433e-11,0.22717627533598833,0.22717131786807968,0.9,1.7350017581247708e-05,1.7350017581247708e-05
Antimony,"('ecoinvent-3.4-biosphere', '3ea5684a-6d64-4f96-8c09-1d90f997c9d4')",Sb,3.5558308718535735e-06,3.5558308718535735e-06,1.0,2.1834077210692158e-11,2.1834077210692158e-11,dissipation,Stibnite,1.3941798941798942,4.957467908642416e-06,1.3941798941798942,3.0440631455118433e-11,0.22717627533598833,0.22717131786807968,0.9,1.7350017581247708e-05,1.7350017581247708e-05
Antimony,"('ecoinvent-3.4-biosphere', 'f4cf8d5c-f030-4b55-a3af-e3c20b855ee8')",Sb,3.5558308718535735e-06,3.5558308718535735e-06,1.0,2.1834077210692158e-11,2.1834077210692158e-11,dissipation,Stibnite,1.3941798941798942,4.957467908642416e-06,1.3941798941798942,3.0440631455118433e-11,0.22717627533598833,0.22717131786807968,0.9,1.7350017581247708e-05,1.7350017581247708e-05
Antimony,"('ecoinvent-3.4-biosphere', '43b29ad9-26dd-4838-b931-6216e55a0120')",Sb,3.5558308718535735e-06,3.5558308718535735e-06,1.0,2.1834077210692158e-11,2.1834077210692158e-11,dissipation,Stibnite,1.3941798941798942,4.957467908642416e-06,1.3941798941798942,3.0440631455118433e-11,0.22717627533598833,0.22717131786807968,0.9,1.7350017581247708e-05,1.7350017581247708e-05
"Iron, ion","('ecoinvent-3.4-biosphere', '9b6d6f07-ebc6-447d-a3c0-f2017d77d852')",Fe,3.159281395360754e-06,3.159281395360754e-06,1.0,9.645225823667623e-15,9.645225823667623e-15,dissipation,Hematite,1.0,3.159281395360754e-06,1.0,9.645225823667623e-15,0.4660557498197291,0.4660525905383337,0.95,5.012917665741256e-06,5.012917665741256e-06
"Iron, ion","('ecoinvent-3.4-biosphere', '33fd8342-58e7-45c9-ad92-0951c002c403')",Fe,3.159281395360754e-06,3.159281395360754e-06,1.0,9.645225823667623e-15,9.645225823667623e-15,dissipation,Hematite,1.0,3.159281395360754e-06,1.0,9.645225823667623e-15,0.4660557498197291,0.4660525905383337,0.95,5.012917665741256e-06,5.012917665741256e-06
"Iron, ion","('ecoinvent-3.4-biosphere', 'de444dc0-5964-4501-8367-50ba53bfc6b9')",Fe,3.159281395360754e-06,3.159281395360754e-06,1.0,9.645225823667623e-15,9.645225823667623e-15,dissipation,Hematite,1.0,3.159281395360754e-06,1.0,9.645225823667623e-15,0.4660557498197291,0.4660525905383337,0.95,5.012917665741256e-06,5.012917665741256e-06
"Iron, ion","('ecoinvent-3.4-biosphere', '7c335b9c-a403-47a8-bb6d-2e7d3c3a230e')",Fe,3.159281395360754e-06,3.159281395360754e-06,1.0,9.645225823667623e-15,9.645225823667623e-15,dissipation,Hematite,1.0,3.159281395360754e-06,1.0,9.645225823667623e-15,0.4660557498197291,0.4660525905383337,0.95,5.012917665741256e-06,5.012917665741256e-06
"Iron, ion","('ecoinvent-3.4-biosphere', '2c9a7182-37c8-4777-a37a-9a007c3edb2f')",Fe,3.159281395360754e-06,3.159281395360754e-06,1.0,9.645225823667623e-15,9.645225823667623e-15,dissipation,Hematite,1.0,3.159281395360754e-06,1.0,9.645225823667623e-15,0.4660557498197291,0.4660525905383337,0.95,5.012917665741256e-06,5.012917665741256e-06
Phosphate,"('ecoinvent-3.4-biosphere', '3aaf9017-0d8a-42aa-9a60-cbc39e994e73')",P,2.701820346031967e-06,2.701820346031967e-06,0.3261416642975224,5.53572191877536e-15,5.53572191877536e-15,dissipation,Apatite,0.3532544378698225,9.54430027562772e-07,0.11521099028734964,1.9555183346206452e-15,0.44572664377524784,0.4457256893452203,0.9,6.890379623909851e-07,6.890379623909851e-07
Phosphate,"('ecoinvent-3.4-biosphere', '490b267b-f429-4d9a-ac79-224e37fb4d58')",P,2.701820346031967e-06,2.701820346031967e-06,0.3261416642975224,5.53572191877536e-15,5.53572191877536e-15,dissipation,Apatite,0.3532544378698225,9.54430027562772e-07,0.11521099028734964,1.9555183346206452e-15,0.44572664377524784,0.4457256893452203,0.9,6.890379623909851e-07,6.890379623909851e-07
Phosphate,"('ecoinvent-3.4-biosphere', 'c8791f3c-3c4a-4278-91c0-483797d14da2')",P,2.701820346031967e-06,2.701820346031967e-06,0.3261416642975224,5.53572191877536e-15,5.53572191877536e-15,dissipation,Apatite,0.3532544378698225,9.54430027562772e-07,0.11521099028734964,1.9555183346206452e-15,0.44572664377524784,0.4457256893452203,0.9,6.890379623909851e-07,6.890379623909851e-07
Phosphate,"('ecoinvent-3.4-biosphere', '329fc7d8-4011-4327-84e4-34ff76f0e42d')",P,2.701820346031967e-06,2.701820346031967e-06,0.3261416642975224,5.53572191877536e-15,5.53572191877536e-15,dissipation,Apatite,0.3532544378698225,9.54430027562772e-07,0.11521099028734964,1.9555183346206452e-15,0.44572664377524784,0.4457256893452203,0.9,6.890379623909851e-07,6.890379623909851e-07
Phosphate,"('ecoinvent-3.4-biosphere', '1727b41d-377e-43cd-bc01-9eaba946eccb')",P,2.701820346031967e-06,2.701820346031967e-06,0.3261416642975224,5.53572191877536e-15,5.53572191877536e-15,dissipation,Apatite,0.3532544378698225,9.54430027562772e-07,0.11521099028734964,1.9555183346206452e-15,0.44572664377524784,0.4457256893452203,0.9,6.890379623909851e-07,6.890379623909851e-07
"Zinc, ion","('ecoinvent-3.4-biosphere', '2c7be02c-791f-4fef-b231-b90321bbeb30')",Zn,2.0889253475866704e-06,2.0889253475866704e-06,1.0,1.0836576745711442e-13,1.0836576745711442e-13,dissipation,Sphalerite,1.4901477832512315,3.1128074760835853e-06,1.4901477832512315,1.614810081565375e-13,0.21288117798323605,0.21287806517575997,0.789865871833085,1.3789901159394141e-05,1.3789901159394141e-05
"Zinc, ion","('ecoinvent-3.4-biosphere', '2195d86f-e4c8-4e86-9f18-b5b065b1df7e')",Zn,2.0889253475866704e-06,2.0889253475866704e-06,1.0,1.0836576745711442e-13,1.0836576745711442e-13,dissipation,Sphalerite,1.4901477832512315,3.1128074760835853e-06,1.4901477832512315,1.614810081565375e-13,0.21288117798323605,0.21287806517575997,0.789865871833085,1.3789901159394141e-05,1.3789901159394141e-05
"Zinc, ion","('ecoinvent-3.4-biosphere', '7e769b3e-03fb-4b53-be15-85a910dcfea9')",Zn,2.0889253475866704e-06,2.0889253475866704e-06,1.0,1.0836576745711442e-13,1.0836576745711442e-13,dissipation,Sphalerite,1.4901477832512315,3.1128074760835853e-06,1.4901477832512315,1.614810081565375e-13,0.21288117798323605,0.21287806517575997,0.789865871833085,1.3789901159394141e-05,1.3789901159394141e-05
"Zinc, ion","('ecoinvent-3.4-biosphere', '541b633c-17a3-4047-bce6-0c0e4fdb7c10')",Zn,2.0889253475866704e-06,2.0889253475866704e-06,1.0,1.0836576745711442e-13,1.0836576745711442e-13,dissipation,Sphalerite,1.4901477832512315,3.1128074760835853e-06,1.4901477832512315,1.614810081565375e-13,0.21288117798323605,0.21287806517575997,0.789865871833085,1.3789901159394141e-05,1.3789901159394141e-05
"Zinc, ion","('ecoinvent-3.4-biosphere', 'bdce3a7c-e008-4391-be26-285f71a02453')",Zn,2.0889253475866704e-06,2.0889253475866704e-06,1.0,1.0836576745711442e-13,1.0836576745711442e-13,dissipation,Sphalerite,1.4901477832512315,3.1128074760835853e-06,1.4901477832512315,1.614810081565375e-13,0.21288117798323605,0.21287806517575997,0.789865871833085,1.3789901159394141e-05,1.3789901159394141e-05
Aluminium,"('ecoinvent-3.4-biosphere', '7880e65c-0321-4295-ba55-3186ad36e489')",Al,1.4188444960624337e-06,1.4188444960624337e-06,1.0,6.422536676269254e-14,6.422536676269254e-14,dissipation,Bauxite (Gibbsite),2.8930041152263373,4.10472296597486e-06,2.8930041152263373,1.8580425034639034e-13,0.23086450876489972,0.23086040404193375,0.95,0.0002892720902397664,0.0002892720902397664
Aluminium,"('ecoinvent-3.4-biosphere', '765546a9-b056-4d27-ad14-2f016511bdcb')",Al,1.4188444960624337e-06,1.4188444960624337e-06,1.0,6.422536676269254e-14,6.422536676269254e-14,dissipation,Bauxite (Gibbsite),2.8930041152263373,4.10472296597486e-06,2.8930041152263373,1.8580425034639034e-13,0.23086450876489972,0.23086040404193375,0.95,0.0002892720902397664,0.0002892720902397664
Aluminium,"('ecoinvent-3.4-biosphere', '6f0b8b7c-3888-4174-b7e3-916d42d678ee')",Al,1.4188444960624337e-06,1.4188444960624337e-06,1.0,6.422536676269254e-14,6.422536676269254e-14,dissipation,Bauxite (Gibbsite),2.8930041152263373,4.10472296597486e-06,2.8930041152263373,1.8580425034639034e-13,0.23086450876489972,0.23086040404193375,0.95,0.0002892720902397664,0.0002892720902397664
Aluminium,"('ecoinvent-3.4-biosphere', '46e63323-cffd-4c46-829b-5f006b50fa9b')",Al,1.4188444960624337e-06,1.4188444960624337e-06,1.0,6.422536676269254e-14,6.422536676269254e-14,dissipation,Bauxite (Gibbsite),2.8930041152263373,4.10472296597486e-06,2.8930041152263373,1.8580425034639034e-13,0.23086450876489972,0.23086040404193375,0.95,0.0002892720902397664,0.0002892720902397664
Aluminium,"('ecoinvent-3.4-biosphere', '01056d4b-f9b0-4dfc-b8d9-8407c8376efb')",Al,1.4188444960624337e-06,1.4188444960624337e-06,1.0,6.422536676269254e-14,6.422536676269254e-14,dissipation,Bauxite (Gibbsite),2.8930041152263373,4.10472296597486e-06,2.8930041152263373,1.8580425034639034e-13,0.23086450876489972,0.23086040404193375,0.95,0.0002892720902397664,0.0002892720902397664
Aluminium,"('ecoinvent-3.4-biosphere', 'd96403bf-902e-4b7a-8ffd-32fe09e4017f')",Al,1.4188444960624337e-06,1.4188444960624337e-06,1.0,6.422536676269254e-14,6.422536676269254e-14,dissipation,Bauxite (Gibbsite),2.8930041152263373,4.10472296597486e-06,2.8930041152263373,1.8580425034639034e-13,0.23086450876489972,0.23086040404193375,0.95,0.0002892720902397664,0.0002892720902397664
Aluminium,"('ecoinvent-3.4-biosphere', '0ace7678-a181-48e8-8728-d912a8b56c57')",Al,1.4188444960624337e-06,1.4188444960624337e-06,1.0,6.422536676269254e-14,6.422536676269254e-14,dissipation,Bauxite (Gibbsite),2.8930041152263373,4.10472296597486e-06,2.8930041152263373,1.8580425034639034e-13,0.23086450876489972,0.23086040404193375,0.95,0.0002892720902397664,0.0002892720902397664
Aluminium,"('ecoinvent-3.4-biosphere', '97e498ec-f323-4ec6-bcc0-d8a4c853bae3')",Al,1.4188444960624337e-06,1.4188444960624337e-06,1.0,6.422536676269254e-14,6.422536676269254e-14,dissipation,Bauxite (Gibbsite),2.8930041152263373,4.10472296597486e-06,2.8930041152263373,1.8580425034639034e-13,0.23086450876489972,0.23086040404193375,0.95,0.0002892720902397664,0.0002892720902397664
Aluminium,"('ecoinvent-3.4-biosphere', '9c3bd678-1b2f-4b95-a245-d5c8a3fe326b')",Al,1.4188444960624337e-06,1.4188444960624337e-06,1.0,6.422536676269254e-14,6.422536676269254e-14,dissipation,Bauxite (Gibbsite),2.8930041152263373,4.10472296597486e-06,2.8930041152263373,1.8580425034639034e-13,0.23086450876489972,0.23086040404193375,0.95,0.0002892720902397664,0.0002892720902397664
Aluminium,"('ecoinvent-3.4-biosphere', '2baa4381-b781-4f5e-90de-508b0fa3fd1f')",Al,1.4188444960624337e-06,1.4188444960624337e-06,1.0,6.422536676269254e-14,6.422536676269254e-14,dissipation,Bauxite (Gibbsite),2.8930041152263373,4.10472296597486e-06,2.8930041152263373,1.8580425034639034e-13,0.23086450876489972,0.23086040404193375,0.95,0.0002892720902397664,0.0002892720902397664
Aluminium,"('ecoinvent-3.4-biosphere', '2e0c9efa-d55c-49db-8be3-0376d5921ff4')",Al,1.4188444960624337e-06,1.4188444960624337e-06,1.0,6.422536676269254e-14,6.422536676269254e-14,dissipation,Bauxite (Gibbsite),2.8930041152263373,4.10472296597486e-06,2.8930041152263373,1.8580425034639034e-13,0.23086450876489972,0.23086040404193375,0.95,0.0002892720902397664,0.0002892720902397664
Aluminium,"('ecoinvent-3.4-biosphere', 'ff65658c-2d39-44a2-b23e-7ec3c644f064')",Al,1.4188444960624337e-06,1.4188444960624337e-06,1.0,6.422536676269254e-14,6.422536676269254e-14,dissipation,Bauxite (Gibbsite),2.8930041152263373,4.10472296597486e-06,2.8930041152263373,1.8580425034639034e-13,0.23086450876489972,0.23086040404193375,0.95,0.0002892720902397664,0.0002892720902397664
Aluminium,"('ecoinvent-3.4-biosphere', 'e0401210-0377-4670-84af-12247ca20bed')",Al,1.4188444960624337e-06,1.4188444960624337e-06,1.0,6.422536676269254e-14,6.422536676269254e-14,dissipation,Bauxite (Gibbsite),2.8930041152263373,4.10472296597486e-06,2.8930041152263373,1.8580425034639034e-13,0.23086450876489972,0.23086040404193375,0.95,0.0002892720902397664,0.0002892720902397664
Aluminium,"('ecoinvent-3.4-biosphere', '39555a26-d28b-425f-993f-e8770ab7d9cf')",Al,1.4188444960624337e-06,1.4188444960624337e-06,1.0,6.422536676269254e-14,6.422536676269254e-14,dissipation,Bauxite (Gibbsite),2.8930041152263373,4.10472296597486e-06,2.8930041152263373,1.8580425034639034e-13,0.23086450876489972,0.23086040404193375,0.95,0.0002892720902397664,0.0002892720902397664
"Nickel, ion","('ecoinvent-3.4-biosphere', '23cb10a4-6228-4ce4-9fb5-7043bc31faec')",Ni,1.4153010543596384e-06,1.4153010543596384e-06,1.0,9.066741688482605e-14,9.066741688482605e-14,dissipation,Pentlandite(sulphides) / Garnierite(laterites),2.9342028985507245,4.152780456023947e-06,2.9342028985507245,2.660365974275635e-13,0.010558917414268303,0.010554764633812278,0.0803628113054402,0.00032930248650120424,0.00032930248650120424
"Nickel, ion","('ecoinvent-3.4-biosphere', '9f69cb8e-51fe-447b-a1ac-4da74de8ebe4')",Ni,1.4153010543596384e-06,1.4153010543596384e-06,1.0,9.066741688482605e-14,9.066741688482605e-14,dissipation,Pentlandite(sulphides) / Garnierite(laterites),2.9342028985507245,4.152780456023947e-06,2.9342028985507245,2.660365974275635e-13,0.010558917414268303,0.010554764633812278,0.0803628113054402,0.00032930248650120424,0.00032930248650120424
"Nickel, ion","('ecoinvent-3.4-biosphere', 'e030108f-2125-4bcb-a73b-ad72130fcca3')",Ni,1.4153010543596384e-06,1.4153010543596384e-06,1.0,9.066741688482605e-14,9.066741688482605e-14,dissipation,Pentlandite(sulphides) / Garnierite(laterites),2.9342028985507245,4.152780456023947e-06,2.9342028985507245,2.660365974275635e-13,0.010558917414268303,0.010554764633812278,0.0803628113054402,0.00032930248650120424,0.00032930248650120424
"Nickel, ion","('ecoinvent-3.4-biosphere', '9798359e-a3ee-4362-a038-23a188582c6e')",Ni,1.4153010543596384e-06,1.4153010543596384e-06,1.0,9.066741688482605e-14,9.066741688482605e-14,dissipation,Pentlandite(sulphides) / Garnierite(laterites),2.9342028985507245,4.152780456023947e-06,2.9342028985507245,2.660365974275635e-13,0.010558917414268303,0.010554764633812278,0.0803628113054402,0.00032930248650120424,0.00032930248650120424
"Nickel, ion","('ecoinvent-3.4-biosphere', '6ec6cdaa-5a01-46d4-b716-1905e56690ea')",Ni,1.4153010543596384e-06,1.4153010543596384e-06,1.0,9.066741688482605e-14,9.066741688482605e-14,dissipation,Pentlandite(sulphides) / Garnierite(laterites),2.9342028985507245,4.152780456023947e-06,2.9342028985507245,2.660365974275635e-13,0.010558917414268303,0.010554764633812278,0.0803628113054402,0.00032930248650120424,0.00032930248650120424
Antimony,"('ecoinvent-3.4-biosphere', 'b2dc8668-86de-4207-b20e-dc81dea63c98')",Sb,1.1034577840386659e-06,1.1034577840386659e-06,1.0,2.1834077210692158e-11,2.1834077210692158e-11,dissipation,Stibnite,1.3941798941798942,1.5384186565830078e-06,1.3941798941798942,3.0440631455118433e-11,0.22717627533598833,0.22717473691733175,0.9,5.384088389877791e-06,5.384088389877791e-06
Antimony,"('ecoinvent-3.4-biosphere', '83cf77ca-867b-4eef-b0f0-78d71b3d91d5')",Sb,1.1034577840386659e-06,1.1034577840386659e-06,1.0,2.1834077210692158e-11,2.1834077210692158e-11,dissipation,Stibnite,1.3941798941798942,1.5384186565830078e-06,1.3941798941798942,3.0440631455118433e-11,0.22717627533598833,0.22717473691733175,0.9,5.384088389877791e-06,5.384088389877791e-06
Antimony,"('ecoinvent-3.4-biosphere', '183f9856-03ab-464d-9366-8ef62077b510')",Sb,1.1034577840386659e-06,1.1034577840386659e-06,1.0,2.1834077210692158e-11,2.1834077210692158e-11,dissipation,Stibnite,1.3941798941798942,1.5384186565830078e-06,1.3941798941798942,3.0440631455118433e-11,0.22717627533598833,0.22717473691733175,0.9,5.384088389877791e-06,5.384088389877791e-06
Antimony,"('ecoinvent-3.4-biosphere', 'fa39136e-1ef6-43c1-af68-104da104568d')",Sb,1.1034577840386659e-06,1.1034577840386659e-06,1.0,2.1834077210692158e-11,2.1834077210692158e-11,dissipation,Stibnite,1.3941798941798942,1.5384186565830078e-06,1.3941798941798942,3.0440631455118433e-11,0.22717627533598833,0.22717473691733175,0.9,5.384088389877791e-06,5.384088389877791e-06
Antimony,"('ecoinvent-3.4-biosphere', 'c49fb4cd-eed0-4438-9052-9612473cdbae')",Sb,1.1034577840386659e-06,1.1034577840386659e-06,1.0,2.1834077210692158e-11,2.1834077210692158e-11,dissipation,Stibnite,1.3941798941798942,1.5384186565830078e-06,1.3941798941798942,3.0440631455118433e-11,0.22717627533598833,0.22717473691733175,0.9,5.384088389877791e-06,5.384088389877791e-06
Antimony,"('ecoinvent-3.4-biosphere', '5df5cb9f-812c-4ce8-ab1c-df6ab4d31900')",Sb,1.1034577840386659e-06,1.1034577840386659e-06,1.0,2.1834077210692158e-11,2.1834077210692158e-11,dissipation,Stibnite,1.3941798941798942,1.5384186565830078e-06,1.3941798941798942,3.0440631455118433e-11,0.22717627533598833,0.22717473691733175,0.9,5.384088389877791e-06,5.384088389877791e-06
Antimony,"('ecoinvent-3.4-biosphere', '7805afa2-d93b-40bb-b841-325b98aec824')",Sb,1.1034577840386659e-06,1.1034577840386659e-06,1.0,2.1834077210692158e-11,2.1834077210692158e-11,dissipation,Stibnite,1.3941798941798942,1.5384186565830078e-06,1.3941798941798942,3.0440631455118433e-11,0.22717627533598833,0.22717473691733175,0.9,5.384088389877791e-06,5.384088389877791e-06
Antimony,"('ecoinvent-3.4-biosphere', '2b2369a4-26bb-4b18-8479-752fdf7a5e7f')",Sb,1.1034577840386659e-06,1.1034577840386659e-06,1.0,2.1834077210692158e-11,2.1834077210692158e-11,dissipation,Stibnite,1.3941798941798942,1.5384186565830078e-06,1.3941798941798942,3.0440631455118433e-11,0.22717627533598833,0.22717473691733175,0.9,5.384088389877791e-06,5.384088389877791e-06
Antimony,"('ecoinvent-3.4-biosphere', '77927dac-dea3-429d-a434-d5a71d92c4f7')",Sb,1.1034577840386659e-06,1.1034577840386659e-06,1.0,2.1834077210692158e-11,2.1834077210692158e-11,dissipation,Stibnite,1.3941798941798942,1.5384186565830078e-06,1.3941798941798942,3.0440631455118433e-11,0.22717627533598833,0.22717473691733175,0.9,5.384088389877791e-06,5.384088389877791e-06
Antimony,"('ecoinvent-3.4-biosphere', '49803ad0-9ca2-4507-a5ea-f152d16c929d')",Sb,1.1034577840386659e-06,1.1034577840386659e-06,1.0,2.1834077210692158e-11,2.1834077210692158e-11,dissipation,Stibnite,1.3941798941798942,1.5384186565830078e-06,1.3941798941798942,3.0440631455118433e-11,0.22717627533598833,0.22717473691733175,0.9,5.384088389877791e-06,5.384088389877791e-06
Antimony,"('ecoinvent-3.4-biosphere', '34b96163-a3df-4bc1-8224-e2a9fe01b23f')",Sb,1.1034577840386659e-06,1.1034577840386659e-06,1.0,2.1834077210692158e-11,2.1834077210692158e-11,dissipation,Stibnite,1.3941798941798942,1.5384186565830078e-06,1.3941798941798942,3.0440631455118433e-11,0.22717627533598833,0.22717473691733175,0.9,5.384088389877791e-06,5.384088389877791e-06
Antimony,"('ecoinvent-3.4-biosphere', '3ea5684a-6d64-4f96-8c09-1d90f997c9d4')",Sb,1.1034577840386659e-06,1.1034577840386659e-06,1.0,2.1834077210692158e-11,2.1834077210692158e-11,dissipation,Stibnite,1.3941798941798942,1.5384186565830078e-06,1.3941798941798942,3.0440631455118433e-11,0.22717627533598833,0.22717473691733175,0.9,5.384088389877791e-06,5.384088389877791e-06
Antimony,"('ecoinvent-3.4-biosphere', 'f4cf8d5c-f030-4b55-a3af-e3c20b855ee8')",Sb,1.1034577840386659e-06,1.1034577840386659e-06,1.0,2.1834077210692158e-11,2.1834077210692158e-11,dissipation,Stibnite,1.3941798941798942,1.5384186565830078e-06,1.3941798941798942,3.0440631455118433e-11,0.22717627533598833,0.22717473691733175,0.9,5.384088389877791e-06,5.384088389877791e-06
Antimony,"('ecoinvent-3.4-biosphere', '43b29ad9-26dd-4838-b931-6216e55a0120')",Sb,1.1034577840386659e-06,1.1034577840386659e-06,1.0,2.1834077210692158e-11,2.1834077210692158e-11,dissipation,Stibnite,1.3941798941798942,1.5384186565830078e-06,1.3941798941798942,3.0440631455118433e-11,0.22717627533598833,0.22717473691733175,0.9,5.384088389877791e-06,5.384088389877791e-06
"Lithium, ion","('ecoinvent-3.4-biosphere', 'c44b0e3b-e65e-4276-aa1f-3db768757b66')",Li,6.181468117356555e-07,6.181468117356555e-07,1.0,1.5184934529957733e-13,1.5184934529957733e-13,dissipation,Spodumene,26.800000000000004,1.6566334554515568e-05,26.800000000000004,4.069562454028673e-12,0.000503877451206123,0.00048731111665160746,0.95,0.05049397106123491,0.05049397106123491
"Lithium, ion","('ecoinvent-3.4-biosphere', 'eb2bfdf1-1881-40e8-bebb-d674b2a79149')",Li,6.181468117356555e-07,6.181468117356555e-07,1.0,1.5184934529957733e-13,1.5184934529957733e-13,dissipation,Spodumene,26.800000000000004,1.6566334554515568e-05,26.800000000000004,4.069562454028673e-12,0.000503877451206123,0.00048731111665160746,0.95,0.05049397106123491,0.05049397106123491
"Lithium, ion","('ecoinvent-3.4-biosphere', '09cf7c11-0269-4fc1-a5f3-47121a7882d3')",Li,6.181468117356555e-07,6.181468117356555e-07,1.0,1.5184934529957733e-13,1.5184934529957733e-13,dissipation,Spodumene,26.800000000000004,1.6566334554515568e-05,26.800000000000004,4.069562454028673e-12,0.000503877451206123,0.00048731111665160746,0.95,0.05049397106123491,0.05049397106123491
"Lithium, ion","('ecoinvent-3.4-biosphere', 'e98084d6-88a2-48cf-9ad5-6462fe9cf857')",Li,6.181468117356555e-07,6.181468117356555e-07,1.0,1.5184934529957733e-13,1.5184934529957733e-13,dissipation,Spodumene,26.800000000000004,1.6566334554515568e-05,26.800000000000004,4.069562454028673e-12,0.000503877451206123,0.00048731111665160746,0.95,0.05049397106123491,0.05049397106123491
"Lithium, ion","('ecoinvent-3.4-biosphere', 'cf88e72e-13bc-416c-ac41-7d4b24bda86a')",Li,6.181468117356555e-07,6.181468117356555e-07,1.0,1.5184934529957733e-13,1.5184934529957733e-13,dissipation,Spodumene,26.800000000000004,1.6566334554515568e-05,26.800000000000004,4.069562454028673e-12,0.000503877451206123,0.00048731111665160746,0.95,0.05049397106123491,0.05049397106123491
Chromium VI,"('ecoinvent-3.4-biosphere', '7a59e8d5-cd11-4ee7-b1ca-30979d2b0b3a')",Cr,6.014159329658027e-07,6.014159329658027e-07,1.0,3.1278613038877847e-13,3.1278613038877847e-13,dissipation,Chromite,2.152027027027027,1.2942633422270822e-06,2.152027027027027,6.73124206275851e-13,0.2461272270789205,0.2461259328155783,0.81,2.8968305404181203e-07,2.8968305404181203e-07
Chromium VI,"('ecoinvent-3.4-biosphere', '68ba2022-830e-45fb-8c85-b35e94754ae9')",Cr,6.014159329658027e-07,6.014159329658027e-07,1.0,3.1278613038877847e-13,3.1278613038877847e-13,dissipation,Chromite,2.152027027027027,1.2942633422270822e-06,2.152027027027027,6.73124206275851e-13,0.2461272270789205,0.2461259328155783,0.81,2.8968305404181203e-07,2.8968305404181203e-07
Chromium VI,"('ecoinvent-3.4-biosphere', '58060894-19d9-4855-84d8-58935a5325f8')",Cr,6.014159329658027e-07,6.014159329658027e-07,1.0,3.1278613038877847e-13,3.1278613038877847e-13,dissipation,Chromite,2.152027027027027,1.2942633422270822e-06,2.152027027027027,6.73124206275851e-13,0.2461272270789205,0.2461259328155783,0.81,2.8968305404181203e-07,2.8968305404181203e-07
Chromium VI,"('ecoinvent-3.4-biosphere', '81e17d9a-3e0b-414e-9b2e-eca7e5b3bd4a')",Cr,6.014159329658027e-07,6.014159329658027e-07,1.0,3.1278613038877847e-13,3.1278613038877847e-13,dissipation,Chromite,2.152027027027027,1.2942633422270822e-06,2.152027027027027,6.73124206275851e-13,0.2461272270789205,0.2461259328155783,0.81,2.8968305404181203e-07,2.8968305404181203e-07
Chromium VI,"('ecoinvent-3.4-biosphere', '81b3321a-c9d8-4104-a974-5460f1bc5029')",Cr,6.014159329658027e-07,6.014159329658027e-07,1.0,3.1278613038877847e-13,3.1278613038877847e-13,dissipation,Chromite,2.152027027027027,1.2942633422270822e-06,2.152027027027027,6.73124206275851e-13,0.2461272270789205,0.2461259328155783,0.81,2.8968305404181203e-07,2.8968305404181203e-07
Chromium VI,"('ecoinvent-3.4-biosphere', 'abbd3b09-a7ec-435a-9d01-34cf8581739e')",Cr,6.014159329658027e-07,6.014159329658027e-07,1.0,3.1278613038877847e-13,3.1278613038877847e-13,dissipation,Chromite,2.152027027027027,1.2942633422270822e-06,2.152027027027027,6.73124206275851e-13,0.2461272270789205,0.2461259328155783,0.81,2.8968305404181203e-07,2.8968305404181203e-07
Chromium VI,"('ecoinvent-3.4-biosphere', '03b279a7-4626-4703-a451-d0650599dbd9')",Cr,6.014159329658027e-07,6.014159329658027e-07,1.0,3.1278613038877847e-13,3.1278613038877847e-13,dissipation,Chromite,2.152027027027027,1.2942633422270822e-06,2.152027027027027,6.73124206275851e-13,0.2461272270789205,0.2461259328155783,0.81,2.8968305404181203e-07,2.8968305404181203e-07
Chromium VI,"('ecoinvent-3.4-biosphere', 'a9ec0c9b-982a-4329-99ae-dab1f9fb62d3')",Cr,6.014159329658027e-07,6.014159329658027e-07,1.0,3.1278613038877847e-13,3.1278613038877847e-13,dissipation,Chromite,2.152027027027027,1.2942633422270822e-06,2.152027027027027,6.73124206275851e-13,0.2461272270789205,0.2461259328155783,0.81,2.8968305404181203e-07,2.8968305404181203e-07
Chromium VI,"('ecoinvent-3.4-biosphere', '8ec83662-7c2b-4452-8acf-95a0bb94233c')",Cr,6.014159329658027e-07,6.014159329658027e-07,1.0,3.1278613038877847e-13,3.1278613038877847e-13,dissipation,Chromite,2.152027027027027,1.2942633422270822e-06,2.152027027027027,6.73124206275851e-13,0.2461272270789205,0.2461259328155783,0.81,2.8968305404181203e-07,2.8968305404181203e-07
Chromium VI,"('ecoinvent-3.4-biosphere', '9bbae55a-35de-4eff-a219-814a9fec5ac2')",Cr,6.014159329658027e-07,6.014159329658027e-07,1.0,3.1278613038877847e-13,3.1278613038877847e-13,dissipation,Chromite,2.152027027027027,1.2942633422270822e-06,2.152027027027027,6.73124206275851e-13,0.2461272270789205,0.2461259328155783,0.81,2.8968305404181203e-07,2.8968305404181203e-07
Chromium VI,"('ecoinvent-3.4-biosphere', 'c2e854f9-fe22-4fe7-9083-cf6d0a8c7254')",Cr,6.014159329658027e-07,6.014159329658027e-07,1.0,3.1278613038877847e-13,3.1278613038877847e-13,dissipation,Chromite,2.152027027027027,1.2942633422270822e-06,2.152027027027027,6.73124206275851e-13,0.2461272270789205,0.2461259328155783,0.81,2.8968305404181203e-07,2.8968305404181203e-07
Chromium VI,"('ecoinvent-3.4-biosphere', 'ef475b50-9cd0-4e7c-9c59-07868fe16e91')",Cr,6.014159329658027e-07,6.014159329658027e-07,1.0,3.1278613038877847e-13,3.1278613038877847e-13,dissipation,Chromite,2.152027027027027,1.2942633422270822e-06,2.152027027027027,6.73124206275851e-13,0.2461272270789205,0.2461259328155783,0.81,2.8968305404181203e-07,2.8968305404181203e-07
Chromium VI,"('ecoinvent-3.4-biosphere', '01285299-c683-4e15-b654-201987a7a738')",Cr,6.014159329658027e-07,6.014159329658027e-07,1.0,3.1278613038877847e-13,3.1278613038877847e-13,dissipation,Chromite,2.152027027027027,1.2942633422270822e-06,2.152027027027027,6.73124206275851e-13,0.2461272270789205,0.2461259328155783,0.81,2.8968305404181203e-07,2.8968305404181203e-07
Chromium VI,"('ecoinvent-3.4-biosphere', '8216fc31-15a1-4d33-858f-e09650b14c63')",Cr,6.014159329658027e-07,6.014159329658027e-07,1.0,3.1278613038877847e-13,3.1278613038877847e-13,dissipation,Chromite,2.152027027027027,1.2942633422270822e-06,2.152027027027027,6.73124206275851e-13,0.2461272270789205,0.2461259328155783,0.81,2.8968305404181203e-07,2.8968305404181203e-07
Antimony,"('ecoinvent-3.4-biosphere', 'b2dc8668-86de-4207-b20e-dc81dea63c98')",Sb,4.299374989734442e-07,4.299374989734442e-07,1.0,2.1834077210692158e-11,2.1834077210692158e-11,dissipation,Stibnite,1.3941798941798942,5.994102168227649e-07,1.3941798941798942,3.0440631455118433e-11,0.22717627533598833,0.2271756759257715,0.9,2.0977857681716064e-06,2.0977857681716064e-06
Antimony,"('ecoinvent-3.4-biosphere', '83cf77ca-867b-4eef-b0f0-78d71b3d91d5')",Sb,4.299374989734442e-07,4.299374989734442e-07,1.0,2.1834077210692158e-11,2.1834077210692158e-11,dissipation,Stibnite,1.3941798941798942,5.994102168227649e-07,1.3941798941798942,3.0440631455118433e-11,0.22717627533598833,0.2271756759257715,0.9,2.0977857681716064e-06,2.0977857681716064e-06
Antimony,"('ecoinvent-3.4-biosphere', '183f9856-03ab-464d-9366-8ef62077b510')",Sb,4.299374989734442e-07,4.299374989734442e-07,1.0,2.1834077210692158e-11,2.1834077210692158e-11,dissipation,Stibnite,1.3941798941798942,5.994102168227649e-07,1.3941798941798942,3.0440631455118433e-11,0.22717627533598833,0.2271756759257715,0.9,2.0977857681716064e-06,2.0977857681716064e-06
Antimony,"('ecoinvent-3.4-biosphere', 'fa39136e-1ef6-43c1-af68-104da104568d')",Sb,4.299374989734442e-07,4.299374989734442e-07,1.0,2.1834077210692158e-11,2.1834077210692158e-11,dissipation,Stibnite,1.3941798941798942,5.994102168227649e-07,1.3941798941798942,3.0440631455118433e-11,0.22717627533598833,0.2271756759257715,0.9,2.0977857681716064e-06,2.0977857681716064e-06
Antimony,"('ecoinvent-3.4-biosphere', 'c49fb4cd-eed0-4438-9052-9612473cdbae')",Sb,4.299374989734442e-07,4.299374989734442e-07,1.0,2.1834077210692158e-11,2.1834077210692158e-11,dissipation,Stibnite,1.3941798941798942,5.994102168227649e-07,1.3941798941798942,3.0440631455118433e-11,0.22717627533598833,0.2271756759257715,0.9,2.0977857681716064e-06,2.0977857681716064e-06
Antimony,"('ecoinvent-3.4-biosphere', '5df5cb9f-812c-4ce8-ab1c-df6ab4d31900')",Sb,4.299374989734442e-07,4.299374989734442e-07,1.0,2.1834077210692158e-11,2.1834077210692158e-11,dissipation,Stibnite,1.3941798941798942,5.994102168227649e-07,1.3941798941798942,3.0440631455118433e-11,0.22717627533598833,0.2271756759257715,0.9,2.0977857681716064e-06,2.0977857681716064e-06
Antimony,"('ecoinvent-3.4-biosphere', '7805afa2-d93b-40bb-b841-325b98aec824')",Sb,4.299374989734442e-07,4.299374989734442e-07,1.0,2.1834077210692158e-11,2.1834077210692158e-11,dissipation,Stibnite,1.3941798941798942,5.994102168227649e-07,1.3941798941798942,3.0440631455118433e-11,0.22717627533598833,0.2271756759257715,0.9,2.0977857681716064e-06,2.0977857681716064e-06
Antimony,"('ecoinvent-3.4-biosphere', '2b2369a4-26bb-4b18-8479-752fdf7a5e7f')",Sb,4.299374989734442e-07,4.299374989734442e-07,1.0,2.1834077210692158e-11,2.1834077210692158e-11,dissipation,Stibnite,1.3941798941798942,5.994102168227649e-07,1.3941798941798942,3.0440631455118433e-11,0.22717627533598833,0.2271756759257715,0.9,2.0977857681716064e-06,2.0977857681716064e-06
Antimony,"('ecoinvent-3.4-biosphere', '77927dac-dea3-429d-a434-d5a71d92c4f7')",Sb,4.299374989734442e-07,4.299374989734442e-07,1.0,2.1834077210692158e-11,2.1834077210692158e-11,dissipation,Stibnite,1.3941798941798942,5.994102168227649e-07,1.3941798941798942,3.0440631455118433e-11,0.22717627533598833,0.2271756759257715,0.9,2.0977857681716064e-06,2.0977857681716064e-06
Antimony,"('ecoinvent-3.4-biosphere', '49803ad0-9ca2-4507-a5ea-f152d16c929d')",Sb,4.299374989734442e-07,4.299374989734442e-07,1.0,2.1834077210692158e-11,2.1834077210692158e-11,dissipation,Stibnite,1.3941798941798942,5.994102168227649e-07,1.3941798941798942,3.0440631455118433e-11,0.22717627533598833,0.2271756759257715,0.9,2.0977857681716064e-06,2.0977857681716064e-06
Antimony,"('ecoinvent-3.4-biosphere', '34b96163-a3df-4bc1-8224-e2a9fe01b23f')",Sb,4.299374989734442e-07,4.299374989734442e-07,1.0,2.1834077210692158e-11,2.1834077210692158e-11,dissipation,Stibnite,1.3941798941798942,5.994102168227649e-07,1.3941798941798942,3.0440631455118433e-11,0.22717627533598833,0.2271756759257715,0.9,2.0977857681716064e-06,2.0977857681716064e-06
Antimony,"('ecoinvent-3.4-biosphere', '3ea5684a-6d64-4f96-8c09-1d90f997c9d4')",Sb,4.299374989734442e-07,4.299374989734442e-07,1.0,2.1834077210692158e-11,2.1834077210692158e-11,dissipation,Stibnite,1.3941798941798942,5.994102168227649e-07,1.3941798941798942,3.0440631455118433e-11,0.22717627533598833,0.2271756759257715,0.9,2.0977857681716064e-06,2.0977857681716064e-06
Antimony,"('ecoinvent-3.4-biosphere', 'f4cf8d5c-f030-4b55-a3af-e3c20b855ee8')",Sb,4.299374989734442e-07,4.299374989734442e-07,1.0,2.1834077210692158e-11,2.1834077210692158e-11,dissipation,Stibnite,1.3941798941798942,5.994102168227649e-07,1.3941798941798942,3.0440631455118433e-11,0.22717627533598833,0.2271756759257715,0.9,2.0977857681716064e-06,2.0977857681716064e-06
Antimony,"('ecoinvent-3.4-biosphere', '43b29ad9-26dd-4838-b931-6216e55a0120')",Sb,4.299374989734442e-07,4.299374989734442e-07,1.0,2.1834077210692158e-11,2.1834077210692158e-11,dissipation,Stibnite,1.3941798941798942,5.994102168227649e-07,1.3941798941798942,3.0440631455118433e-11,0.22717627533598833,0.2271756759257715,0.9,2.0977857681716064e-06,2.0977857681716064e-06
Phosphate,"('ecoinvent-3.4-biosphere', '3aaf9017-0d8a-42aa-9a60-cbc39e994e73')",P,3.745477096054786e-07,3.745477096054786e-07,0.3261416642975224,5.53572191877536e-15,5.53572191877536e-15,dissipation,Apatite,0.3532544378698225,1.3231064061211288e-07,0.11521099028734964,1.9555183346206452e-15,0.44572664377524784,0.44572651146460723,0.9,9.551994636804205e-08,9.551994636804205e-08
Phosphate,"('ecoinvent-3.4-biosphere', '490b267b-f429-4d9a-ac79-224e37fb4d58')",P,3.745477096054786e-07,3.745477096054786e-07,0.3261416642975224,5.53572191877536e-15,5.53572191877536e-15,dissipation,Apatite,0.3532544378698225,1.3231064061211288e-07,0.11521099028734964,1.9555183346206452e-15,0.44572664377524784,0.44572651146460723,0.9,9.551994636804205e-08,9.551994636804205e-08
Phosphate,"('ecoinvent-3.4-biosphere', 'c8791f3c-3c4a-4278-91c0-483797d14da2')",P,3.745477096054786e-07,3.745477096054786e-07,0.3261416642975224,5.53572191877536e-15,5.53572191877536e-15,dissipation,Apatite,0.3532544378698225,1.3231064061211288e-07,0.11521099028734964,1.9555183346206452e-15,0.44572664377524784,0.44572651146460723,0.9,9.551994636804205e-08,9.551994636804205e-08
Phosphate,"('ecoinvent-3.4-biosphere', '329fc7d8-4011-4327-84e4-34ff76f0e42d')",P,3.745477096054786e-07,3.745477096054786e-07,0.3261416642975224,5.53572191877536e-15,5.53572191877536e-15,dissipation,Apatite,0.3532544378698225,1.3231064061211288e-07,0.11521099028734964,1.9555183346206452e-15,0.44572664377524784,0.44572651146460723,0.9,9.551994636804205e-08,9.551994636804205e-08
Phosphate,"('ecoinvent-3.4-biosphere', '1727b41d-377e-43cd-bc01-9eaba946eccb')",P,3.745477096054786e-07,3.745477096054786e-07,0.3261416642975224,5.53572191877536e-15,5.53572191877536e-15,dissipation,Apatite,0.3532544378698225,1.3231064061211288e-07,0.11521099028734964,1.9555183346206452e-15,0.44572664377524784,0.44572651146460723,0.9,9.551994636804205e-08,9.551994636804205e-08
Molybdenum,"('ecoinvent-3.4-biosphere', '163926e2-b4cc-42bb-ba7d-401028140985')",Mo,1.277470399331859e-07,1.277470399331859e-07,1.0,1.6532043483883647e-13,1.6532043483883647e-13,dissipation,Molybdenite,1.6700000000000004,2.133375566884205e-07,1.6700000000000004,2.7608512618085697e-13,0.0023389070923680233,0.0023386937548113347,0.9176761103880936,0.0018408823506656682,0.0018408823506656682
Molybdenum,"('ecoinvent-3.4-biosphere', '9cf3a683-ed3d-40e9-b039-7653e4fc9e20')",Mo,1.277470399331859e-07,1.277470399331859e-07,1.0,1.6532043483883647e-13,1.6532043483883647e-13,dissipation,Molybdenite,1.6700000000000004,2.133375566884205e-07,1.6700000000000004,2.7608512618085697e-13,0.0023389070923680233,0.0023386937548113347,0.9176761103880936,0.0018408823506656682,0.0018408823506656682
Molybdenum,"('ecoinvent-3.4-biosphere', '35b4d818-1019-413b-b99d-d351d8a67ac4')",Mo,1.277470399331859e-07,1.277470399331859e-07,1.0,1.6532043483883647e-13,1.6532043483883647e-13,dissipation,Molybdenite,1.6700000000000004,2.133375566884205e-07,1.6700000000000004,2.7608512618085697e-13,0.0023389070923680233,0.0023386937548113347,0.9176761103880936,0.0018408823506656682,0.0018408823506656682
Molybdenum,"('ecoinvent-3.4-biosphere', 'c26d4716-ce1e-43da-a662-cd9498b1e8bc')",Mo,1.277470399331859e-07,1.277470399331859e-07,1.0,1.6532043483883647e-13,1.6532043483883647e-13,dissipation,Molybdenite,1.6700000000000004,2.133375566884205e-07,1.6700000000000004,2.7608512618085697e-13,0.0023389070923680233,0.0023386937548113347,0.9176761103880936,0.0018408823506656682,0.0018408823506656682
Molybdenum,"('ecoinvent-3.4-biosphere', '1f3c2297-d652-468d-82e8-4fd59bf5b5b8')",Mo,1.277470399331859e-07,1.277470399331859e-07,1.0,1.6532043483883647e-13,1.6532043483883647e-13,dissipation,Molybdenite,1.6700000000000004,2.133375566884205e-07,1.6700000000000004,2.7608512618085697e-13,0.0023389070923680233,0.0023386937548113347,0.9176761103880936,0.0018408823506656682,0.0018408823506656682
Molybdenum,"('ecoinvent-3.4-biosphere', '640e30d2-3158-4a1a-82ef-fd0c72922c9a')",Mo,1.277470399331859e-07,1.277470399331859e-07,1.0,1.6532043483883647e-13,1.6532043483883647e-13,dissipation,Molybdenite,1.6700000000000004,2.133375566884205e-07,1.6700000000000004,2.7608512618085697e-13,0.0023389070923680233,0.0023386937548113347,0.9176761103880936,0.0018408823506656682,0.0018408823506656682
Molybdenum,"('ecoinvent-3.4-biosphere', '697e8ecf-bdbe-4857-92c9-e01960c91db7')",Mo,1.277470399331859e-07,1.277470399331859e-07,1.0,1.6532043483883647e-13,1.6532043483883647e-13,dissipation,Molybdenite,1.6700000000000004,2.133375566884205e-07,1.6700000000000004,2.7608512618085697e-13,0.0023389070923680233,0.0023386937548113347,0.9176761103880936,0.0018408823506656682,0.0018408823506656682
Molybdenum,"('ecoinvent-3.4-biosphere', '442511cc-a98b-4242-9229-5736cb9a9399')",Mo,1.277470399331859e-07,1.277470399331859e-07,1.0,1.6532043483883647e-13,1.6532043483883647e-13,dissipation,Molybdenite,1.6700000000000004,2.133375566884205e-07,1.6700000000000004,2.7608512618085697e-13,0.0023389070923680233,0.0023386937548113347,0.9176761103880936,0.0018408823506656682,0.0018408823506656682
Molybdenum,"('ecoinvent-3.4-biosphere', '3822809c-cc03-469d-ac2a-9f85842f8440')",Mo,1.277470399331859e-07,1.277470399331859e-07,1.0,1.6532043483883647e-13,1.6532043483883647e-13,dissipation,Molybdenite,1.6700000000000004,2.133375566884205e-07,1.6700000000000004,2.7608512618085697e-13,0.0023389070923680233,0.0023386937548113347,0.9176761103880936,0.0018408823506656682,0.0018408823506656682
Molybdenum,"('ecoinvent-3.4-biosphere', 'c126f8a0-6bc4-42e6-9220-d6ccfef3f2ed')",Mo,1.277470399331859e-07,1.277470399331859e-07,1.0,1.6532043483883647e-13,1.6532043483883647e-13,dissipation,Molybdenite,1.6700000000000004,2.133375566884205e-07,1.6700000000000004,2.7608512618085697e-13,0.0023389070923680233,0.0023386937548113347,0.9176761103880936,0.0018408823506656682,0.0018408823506656682
Molybdenum,"('ecoinvent-3.4-biosphere', '8b531ec0-ca7a-49cd-bef0-56f110112f34')",Mo,1.277470399331859e-07,1.277470399331859e-07,1.0,1.6532043483883647e-13,1.6532043483883647e-13,dissipation,Molybdenite,1.6700000000000004,2.133375566884205e-07,1.6700000000000004,2.7608512618085697e-13,0.0023389070923680233,0.0023386937548113347,0.9176761103880936,0.0018408823506656682,0.0018408823506656682
Molybdenum,"('ecoinvent-3.4-biosphere', 'fdaaef05-0d10-4032-b2e7-85cae3c7bd5c')",Mo,1.277470399331859e-07,1.277470399331859e-07,1.0,1.6532043483883647e-13,1.6532043483883647e-13,dissipation,Molybdenite,1.6700000000000004,2.133375566884205e-07,1.6700000000000004,2.7608512618085697e-13,0.0023389070923680233,0.0023386937548113347,0.9176761103880936,0.0018408823506656682,0.0018408823506656682
Molybdenum,"('ecoinvent-3.4-biosphere', '7d3f7498-3596-478a-9fa1-72201ef94082')",Mo,1.277470399331859e-07,1.277470399331859e-07,1.0,1.6532043483883647e-13,1.6532043483883647e-13,dissipation,Molybdenite,1.6700000000000004,2.133375566884205e-07,1.6700000000000004,2.7608512618085697e-13,0.0023389070923680233,0.0023386937548113347,0.9176761103880936,0.0018408823506656682,0.0018408823506656682
Molybdenum,"('ecoinvent-3.4-biosphere', '5fa36ce3-aed0-443b-a09d-4cdf25b41995')",Mo,1.277470399331859e-07,1.277470399331859e-07,1.0,1.6532043483883647e-13,1.6532043483883647e-13,dissipation,Molybdenite,1.6700000000000004,2.133375566884205e-07,1.6700000000000004,2.7608512618085697e-13,0.0023389070923680233,0.0023386937548113347,0.9176761103880936,0.0018408823506656682,0.0018408823506656682
"Iron, ion","('ecoinvent-3.4-biosphere', '9b6d6f07-ebc6-447d-a3c0-f2017d77d852')",Fe,1.0466815270328684e-07,1.0466815270328684e-07,1.0,9.645225823667623e-15,9.645225823667623e-15,dissipation,Hematite,1.0,1.0466815270328684e-07,1.0,9.645225823667623e-15,0.4660557498197291,0.4660556451515764,0.95,1.6608007827115174e-07,1.6608007827115174e-07
"Iron, ion","('ecoinvent-3.4-biosphere', '33fd8342-58e7-45c9-ad92-0951c002c403')",Fe,1.0466815270328684e-07,1.0466815270328684e-07,1.0,9.645225823667623e-15,9.645225823667623e-15,dissipation,Hematite,1.0,1.0466815270328684e-07,1.0,9.645225823667623e-15,0.4660557498197291,0.4660556451515764,0.95,1.6608007827115174e-07,1.6608007827115174e-07
"Iron, ion","('ecoinvent-3.4-biosphere', 'de444dc0-5964-4501-8367-50ba53bfc6b9')",Fe,1.0466815270328684e-07,1.0466815270328684e-07,1.0,9.645225823667623e-15,9.645225823667623e-15,dissipation,Hematite,1.0,1.0466815270328684e-07,1.0,9.645225823667623e-15,0.4660557498197291,0.4660556451515764,0.95,1.6608007827115174e-07,1.6608007827115174e-07
"Iron, ion","('ecoinvent-3.4-biosphere', '7c335b9c-a403-47a8-bb6d-2e7d3c3a230e')",Fe,1.0466815270328684e-07,1.0466815270328684e-07,1.0,9.645225823667623e-15,9.645225823667623e-15,dissipation,Hematite,1.0,1.0466815270328684e-07,1.0,9.645225823667623e-15,0.4660557498197291,0.4660556451515764,0.95,1.6608007827115174e-07,1.6608007827115174e-07
"Iron, ion","('ecoinvent-3.4-biosphere', '2c9a7182-37c8-4777-a37a-9a007c3edb2f')",Fe,1.0466815270328684e-07,1.0466815270328684e-07,1.0,9.645225823667623e-15,9.645225823667623e-15,dissipation,Hematite,1.0,1.0466815270328684e-07,1.0,9.645225823667623e-15,0.4660557498197291,0.4660556451515764,0.95,1.6608007827115174e-07,1.6608007827115174e-07
Antimony,"('ecoinvent-3.4-biosphere', 'b2dc8668-86de-4207-b20e-dc81dea63c98')",Sb,9.527999624258967e-08,9.527999624258967e-08,1.0,2.1834077210692158e-11,2.1834077210692158e-11,dissipation,Stibnite,1.3941798941798942,1.3283745507895437e-07,1.3941798941798942,3.0440631455118433e-11,0.22717627533598833,0.22717614249853324,0.9,4.6489750761189506e-07,4.6489750761189506e-07
Antimony,"('ecoinvent-3.4-biosphere', '83cf77ca-867b-4eef-b0f0-78d71b3d91d5')",Sb,9.527999624258967e-08,9.527999624258967e-08,1.0,2.1834077210692158e-11,2.1834077210692158e-11,dissipation,Stibnite,1.3941798941798942,1.3283745507895437e-07,1.3941798941798942,3.0440631455118433e-11,0.22717627533598833,0.22717614249853324,0.9,4.6489750761189506e-07,4.6489750761189506e-07
Antimony,"('ecoinvent-3.4-biosphere', '183f9856-03ab-464d-9366-8ef62077b510')",Sb,9.527999624258967e-08,9.527999624258967e-08,1.0,2.1834077210692158e-11,2.1834077210692158e-11,dissipation,Stibnite,1.3941798941798942,1.3283745507895437e-07,1.3941798941798942,3.0440631455118433e-11,0.22717627533598833,0.22717614249853324,0.9,4.6489750761189506e-07,4.6489750761189506e-07
Antimony,"('ecoinvent-3.4-biosphere', 'fa39136e-1ef6-43c1-af68-104da104568d')",Sb,9.527999624258967e-08,9.527999624258967e-08,1.0,2.1834077210692158e-11,2.1834077210692158e-11,dissipation,Stibnite,1.3941798941798942,1.3283745507895437e-07,1.3941798941798942,3.0440631455118433e-11,0.22717627533598833,0.22717614249853324,0.9,4.6489750761189506e-07,4.6489750761189506e-07
Antimony,"('ecoinvent-3.4-biosphere', 'c49fb4cd-eed0-4438-9052-9612473cdbae')",Sb,9.527999624258967e-08,9.527999624258967e-08,1.0,2.1834077210692158e-11,2.1834077210692158e-11,dissipation,Stibnite,1.3941798941798942,1.3283745507895437e-07,1.3941798941798942,3.0440631455118433e-11,0.22717627533598833,0.22717614249853324,0.9,4.6489750761189506e-07,4.6489750761189506e-07
Antimony,"('ecoinvent-3.4-biosphere', '5df5cb9f-812c-4ce8-ab1c-df6ab4d31900')",Sb,9.527999624258967e-08,9.527999624258967e-08,1.0,2.1834077210692158e-11,2.1834077210692158e-11,dissipation,Stibnite,1.3941798941798942,1.3283745507895437e-07,1.3941798941798942,3.0440631455118433e-11,0.22717627533598833,0.22717614249853324,0.9,4.6489750761189506e-07,4.6489750761189506e-07
Antimony,"('ecoinvent-3.4-biosphere', '7805afa2-d93b-40bb-b841-325b98aec824')",Sb,9.527999624258967e-08,9.527999624258967e-08,1.0,2.1834077210692158e-11,2.1834077210692158e-11,dissipation,Stibnite,1.3941798941798942,1.3283745507895437e-07,1.3941798941798942,3.0440631455118433e-11,0.22717627533598833,0.22717614249853324,0.9,4.6489750761189506e-07,4.6489750761189506e-07
Antimony,"('ecoinvent-3.4-biosphere', '2b2369a4-26bb-4b18-8479-752fdf7a5e7f')",Sb,9.527999624258967e-08,9.527999624258967e-08,1.0,2.1834077210692158e-11,2.1834077210692158e-11,dissipation,Stibnite,1.3941798941798942,1.3283745507895437e-07,1.3941798941798942,3.0440631455118433e-11,0.22717627533598833,0.22717614249853324,0.9,4.6489750761189506e-07,4.6489750761189506e-07
Antimony,"('ecoinvent-3.4-biosphere', '77927dac-dea3-429d-a434-d5a71d92c4f7')",Sb,9.527999624258967e-08,9.527999624258967e-08,1.0,2.1834077210692158e-11,2.1834077210692158e-11,dissipation,Stibnite,1.3941798941798942,1.3283745507895437e-07,1.3941798941798942,3.0440631455118433e-11,0.22717627533598833,0.22717614249853324,0.9,4.6489750761189506e-07,4.6489750761189506e-07
Antimony,"('ecoinvent-3.4-biosphere', '49803ad0-9ca2-4507-a5ea-f152d16c929d')",Sb,9.527999624258967e-08,9.527999624258967e-08,1.0,2.1834077210692158e-11,2.1834077210692158e-11,dissipation,Stibnite,1.3941798941798942,1.3283745507895437e-07,1.3941798941798942,3.0440631455118433e-11,0.22717627533598833,0.22717614249853324,0.9,4.6489750761189506e-07,4.6489750761189506e-07
Antimony,"('ecoinvent-3.4-biosphere', '34b96163-a3df-4bc1-8224-e2a9fe01b23f')",Sb,9.527999624258967e-08,9.527999624258967e-08,1.0,2.1834077210692158e-11,2.1834077210692158e-11,dissipation,Stibnite,1.3941798941798942,1.3283745507895437e-07,1.3941798941798942,3.0440631455118433e-11,0.22717627533598833,0.22717614249853324,0.9,4.6489750761189506e-07,4.6489750761189506e-07
Antimony,"('ecoinvent-3.4-biosphere', '3ea5684a-6d64-4f96-8c09-1d90f997c9d4')",Sb,9.527999624258967e-08,9.527999624258967e-08,1.0,2.1834077210692158e-11,2.1834077210692158e-11,dissipation,Stibnite,1.3941798941798942,1.3283745507895437e-07,1.3941798941798942,3.0440631455118433e-11,0.22717627533598833,0.22717614249853324,0.9,4.6489750761189506e-07,4.6489750761189506e-07
Antimony,"('ecoinvent-3.4-biosphere', 'f4cf8d5c-f030-4b55-a3af-e3c20b855ee8')",Sb,9.527999624258967e-08,9.527999624258967e-08,1.0,2.1834077210692158e-11,2.1834077210692158e-11,dissipation,Stibnite,1.3941798941798942,1.3283745507895437e-07,1.3941798941798942,3.0440631455118433e-11,0.22717627533598833,0.22717614249853324,0.9,4.6489750761189506e-07,4.6489750761189506e-07
Antimony,"('ecoinvent-3.4-biosphere', '43b29ad9-26dd-4838-b931-6216e55a0120')",Sb,9.527999624258967e-08,9.527999624258967e-08,1.0,2.1834077210692158e-11,2.1834077210692158e-11,dissipation,Stibnite,1.3941798941798942,1.3283745507895437e-07,1.3941798941798942,3.0440631455118433e-11,0.22717627533598833,0.22717614249853324,0.9,4.6489750761189506e-07,4.6489750761189506e-07
Manganese,"('ecoinvent-3.4-biosphere', '44f28e11-061d-44fd-8f25-dc62a9f1fa57')",Mn,8.246733593925348e-08,8.246733593925348e-08,1.0,6.485008032108113e-14,6.485008032108113e-14,dissipation,Pyrolusite,1.5822784810126582,1.304862910431226e-07,1.5822784810126582,1.0261088658398912e-13,0.29578603669687803,0.295785906210587,0.6709603911825677,7.644118947449518e-08,7.644118947449518e-08
Manganese,"('ecoinvent-3.4-biosphere', '2460f868-54a9-404c-bec8-c809a44ae72c')",Mn,8.246733593925348e-08,8.246733593925348e-08,1.0,6.485008032108113e-14,6.485008032108113e-14,dissipation,Pyrolusite,1.5822784810126582,1.304862910431226e-07,1.5822784810126582,1.0261088658398912e-13,0.29578603669687803,0.295785906210587,0.6709603911825677,7.644118947449518e-08,7.644118947449518e-08
Manganese,"('ecoinvent-3.4-biosphere', '835d0907-a668-4d92-b6b6-7b56fa343713')",Mn,8.246733593925348e-08,8.246733593925348e-08,1.0,6.485008032108113e-14,6.485008032108113e-14,dissipation,Pyrolusite,1.5822784810126582,1.304862910431226e-07,1.5822784810126582,1.0261088658398912e-13,0.29578603669687803,0.295785906210587,0.6709603911825677,7.644118947449518e-08,7.644118947449518e-08
Manganese,"('ecoinvent-3.4-biosphere', '295060ba-3c3d-45e4-99ca-e17b1204b553')",Mn,8.246733593925348e-08,8.246733593925348e-08,1.0,6.485008032108113e-14,6.485008032108113e-14,dissipation,Pyrolusite,1.5822784810126582,1.304862910431226e-07,1.5822784810126582,1.0261088658398912e-13,0.29578603669687803,0.295785906210587,0.6709603911825677,7.644118947449518e-08,7.644118947449518e-08
Manganese,"('ecoinvent-3.4-biosphere', 'f532985c-90b7-46fc-aac9-b039b40e22f1')",Mn,8.246733593925348e-08,8.246733593925348e-08,1.0,6.485008032108113e-14,6.485008032108113e-14,dissipation,Pyrolusite,1.5822784810126582,1.304862910431226e-07,1.5822784810126582,1.0261088658398912e-13,0.29578603669687803,0.295785906210587,0.6709603911825677,7.644118947449518e-08,7.644118947449518e-08
Manganese,"('ecoinvent-3.4-biosphere', '0af26a55-d357-469f-abad-8ced785cb4fb')",Mn,8.246733593925348e-08,8.246733593925348e-08,1.0,6.485008032108113e-14,6.485008032108113e-14,dissipation,Pyrolusite,1.5822784810126582,1.304862910431226e-07,1.5822784810126582,1.0261088658398912e-13,0.29578603669687803,0.295785906210587,0.6709603911825677,7.644118947449518e-08,7.644118947449518e-08
Manganese,"('ecoinvent-3.4-biosphere', 'b0546417-3064-4878-bd6f-2da75cefdf63')",Mn,8.246733593925348e-08,8.246733593925348e-08,1.0,6.485008032108113e-14,6.485008032108113e-14,dissipation,Pyrolusite,1.5822784810126582,1.304862910431226e-07,1.5822784810126582,1.0261088658398912e-13,0.29578603669687803,0.295785906210587,0.6709603911825677,7.644118947449518e-08,7.644118947449518e-08
Manganese,"('ecoinvent-3.4-biosphere', 'c91fd4bf-ed70-4e2f-a34f-159773f981b6')",Mn,8.246733593925348e-08,8.246733593925348e-08,1.0,6.485008032108113e-14,6.485008032108113e-14,dissipation,Pyrolusite,1.5822784810126582,1.304862910431226e-07,1.5822784810126582,1.0261088658398912e-13,0.29578603669687803,0.295785906210587,0.6709603911825677,7.644118947449518e-08,7.644118947449518e-08
Manganese,"('ecoinvent-3.4-biosphere', '9c706cff-cb82-4207-a589-95896e04dc08')",Mn,8.246733593925348e-08,8.246733593925348e-08,1.0,6.485008032108113e-14,6.485008032108113e-14,dissipation,Pyrolusite,1.5822784810126582,1.304862910431226e-07,1.5822784810126582,1.0261088658398912e-13,0.29578603669687803,0.295785906210587,0.6709603911825677,7.644118947449518e-08,7.644118947449518e-08
Manganese,"('ecoinvent-3.4-biosphere', '009a49e8-09a7-4432-9cb9-f2dd18e8f922')",Mn,8.246733593925348e-08,8.246733593925348e-08,1.0,6.485008032108113e-14,6.485008032108113e-14,dissipation,Pyrolusite,1.5822784810126582,1.304862910431226e-07,1.5822784810126582,1.0261088658398912e-13,0.29578603669687803,0.295785906210587,0.6709603911825677,7.644118947449518e-08,7.644118947449518e-08
Manganese,"('ecoinvent-3.4-biosphere', '6b7fbea6-4a86-40f9-954d-3c9b3611abfd')",Mn,8.246733593925348e-08,8.246733593925348e-08,1.0,6.485008032108113e-14,6.485008032108113e-14,dissipation,Pyrolusite,1.5822784810126582,1.304862910431226e-07,1.5822784810126582,1.0261088658398912e-13,0.29578603669687803,0.295785906210587,0.6709603911825677,7.644118947449518e-08,7.644118947449518e-08
Manganese,"('ecoinvent-3.4-biosphere', '10cbd2f7-c41b-4bb4-b636-d8fc15cf0282')",Mn,8.246733593925348e-08,8.246733593925348e-08,1.0,6.485008032108113e-14,6.485008032108113e-14,dissipation,Pyrolusite,1.5822784810126582,1.304862910431226e-07,1.5822784810126582,1.0261088658398912e-13,0.29578603669687803,0.295785906210587,0.6709603911825677,7.644118947449518e-08,7.644118947449518e-08
Manganese,"('ecoinvent-3.4-biosphere', '42053ffb-9284-49cb-88f9-33ac5c77be4a')",Mn,8.246733593925348e-08,8.246733593925348e-08,1.0,6.485008032108113e-14,6.485008032108113e-14,dissipation,Pyrolusite,1.5822784810126582,1.304862910431226e-07,1.5822784810126582,1.0261088658398912e-13,0.29578603669687803,0.295785906210587,0.6709603911825677,7.644118947449518e-08,7.644118947449518e-08
Manganese,"('ecoinvent-3.4-biosphere', '9ba8c05d-1593-45a5-8d3b-5c4f3e9fef32')",Mn,8.246733593925348e-08,8.246733593925348e-08,1.0,6.485008032108113e-14,6.485008032108113e-14,dissipation,Pyrolusite,1.5822784810126582,1.304862910431226e-07,1.5822784810126582,1.0261088658398912e-13,0.29578603669687803,0.295785906210587,0.6709603911825677,7.644118947449518e-08,7.644118947449518e-08
Aluminium,"('ecoinvent-3.4-biosphere', '7880e65c-0321-4295-ba55-3186ad36e489')",Al,8.158586916574836e-08,8.158586916574836e-08,1.0,6.422536676269254e-14,6.422536676269254e-14,dissipation,Bauxite (Gibbsite),2.8930041152263373,2.3602825524082756e-07,2.8930041152263373,1.8580425034639034e-13,0.23086450876489972,0.23086427273664448,0.95,1.6633506233844874e-05,1.6633506233844874e-05
Aluminium,"('ecoinvent-3.4-biosphere', '765546a9-b056-4d27-ad14-2f016511bdcb')",Al,8.158586916574836e-08,8.158586916574836e-08,1.0,6.422536676269254e-14,6.422536676269254e-14,dissipation,Bauxite (Gibbsite),2.8930041152263373,2.3602825524082756e-07,2.8930041152263373,1.8580425034639034e-13,0.23086450876489972,0.23086427273664448,0.95,1.6633506233844874e-05,1.6633506233844874e-05
Aluminium,"('ecoinvent-3.4-biosphere', '6f0b8b7c-3888-4174-b7e3-916d42d678ee')",Al,8.158586916574836e-08,8.158586916574836e-08,1.0,6.422536676269254e-14,6.422536676269254e-14,dissipation,Bauxite (Gibbsite),2.8930041152263373,2.3602825524082756e-07,2.8930041152263373,1.8580425034639034e-13,0.23086450876489972,0.23086427273664448,0.95,1.6633506233844874e-05,1.6633506233844874e-05
Aluminium,"('ecoinvent-3.4-biosphere', '46e63323-cffd-4c46-829b-5f006b50fa9b')",Al,8.158586916574836e-08,8.158586916574836e-08,1.0,6.422536676269254e-14,6.422536676269254e-14,dissipation,Bauxite (Gibbsite),2.8930041152263373,2.3602825524082756e-07,2.8930041152263373,1.8580425034639034e-13,0.23086450876489972,0.23086427273664448,0.95,1.6633506233844874e-05,1.6633506233844874e-05
Aluminium,"('ecoinvent-3.4-biosphere', '01056d4b-f9b0-4dfc-b8d9-8407c8376efb')",Al,8.158586916574836e-08,8.158586916574836e-08,1.0,6.422536676269254e-14,6.422536676269254e-14,dissipation,Bauxite (Gibbsite),2.8930041152263373,2.3602825524082756e-07,2.8930041152263373,1.8580425034639034e-13,0.23086450876489972,0.23086427273664448,0.95,1.6633506233844874e-05,1.6633506233844874e-05
Aluminium,"('ecoinvent-3.4-biosphere', 'd96403bf-902e-4b7a-8ffd-32fe09e4017f')",Al,8.158586916574836e-08,8.158586916574836e-08,1.0,6.422536676269254e-14,6.422536676269254e-14,dissipation,Bauxite (Gibbsite),2.8930041152263373,2.3602825524082756e-07,2.8930041152263373,1.8580425034639034e-13,0.23086450876489972,0.23086427273664448,0.95,1.6633506233844874e-05,1.6633506233844874e-05
Aluminium,"('ecoinvent-3.4-biosphere', '0ace7678-a181-48e8-8728-d912a8b56c57')",Al,8.158586916574836e-08,8.158586916574836e-08,1.0,6.422536676269254e-14,6.422536676269254e-14,dissipation,Bauxite (Gibbsite),2.8930041152263373,2.3602825524082756e-07,2.8930041152263373,1.8580425034639034e-13,0.23086450876489972,0.23086427273664448,0.95,1.6633506233844874e-05,1.6633506233844874e-05
Aluminium,"('ecoinvent-3.4-biosphere', '97e498ec-f323-4ec6-bcc0-d8a4c853bae3')",Al,8.158586916574836e-08,8.158586916574836e-08,1.0,6.422536676269254e-14,6.422536676269254e-14,dissipation,Bauxite (Gibbsite),2.8930041152263373,2.3602825524082756e-07,2.8930041152263373,1.8580425034639034e-13,0.23086450876489972,0.23086427273664448,0.95,1.6633506233844874e-05,1.6633506233844874e-05
Aluminium,"('ecoinvent-3.4-biosphere', '9c3bd678-1b2f-4b95-a245-d5c8a3fe326b')",Al,8.158586916574836e-08,8.158586916574836e-08,1.0,6.422536676269254e-14,6.422536676269254e-14,dissipation,Bauxite (Gibbsite),2.8930041152263373,2.3602825524082756e-07,2.8930041152263373,1.8580425034639034e-13,0.23086450876489972,0.23086427273664448,0.95,1.6633506233844874e-05,1.6633506233844874e-05
Aluminium,"('ecoinvent-3.4-biosphere', '2baa4381-b781-4f5e-90de-508b0fa3fd1f')",Al,8.158586916574836e-08,8.158586916574836e-08,1.0,6.422536676269254e-14,6.422536676269254e-14,dissipation,Bauxite (Gibbsite),2.8930041152263373,2.3602825524082756e-07,2.8930041152263373,1.8580425034639034e-13,0.23086450876489972,0.23086427273664448,0.95,1.6633506233844874e-05,1.6633506233844874e-05
Aluminium,"('ecoinvent-3.4-biosphere', '2e0c9efa-d55c-49db-8be3-0376d5921ff4')",Al,8.158586916574836e-08,8.158586916574836e-08,1.0,6.422536676269254e-14,6.422536676269254e-14,dissipation,Bauxite (Gibbsite),2.8930041152263373,2.3602825524082756e-07,2.8930041152263373,1.8580425034639034e-13,0.23086450876489972,0.23086427273664448,0.95,1.6633506233844874e-05,1.6633506233844874e-05
Aluminium,"('ecoinvent-3.4-biosphere', 'ff65658c-2d39-44a2-b23e-7ec3c644f064')",Al,8.158586916574836e-08,8.158586916574836e-08,1.0,6.422536676269254e-14,6.422536676269254e-14,dissipation,Bauxite (Gibbsite),2.8930041152263373,2.3602825524082756e-07,2.8930041152263373,1.8580425034639034e-13,0.23086450876489972,0.23086427273664448,0.95,1.6633506233844874e-05,1.6633506233844874e-05
Aluminium,"('ecoinvent-3.4-biosphere', 'e0401210-0377-4670-84af-12247ca20bed')",Al,8.158586916574836e-08,8.158586916574836e-08,1.0,6.422536676269254e-14,6.422536676269254e-14,dissipation,Bauxite (Gibbsite),2.8930041152263373,2.3602825524082756e-07,2.8930041152263373,1.8580425034639034e-13,0.23086450876489972,0.23086427273664448,0.95,1.6633506233844874e-05,1.6633506233844874e-05
Aluminium,"('ecoinvent-3.4-biosphere', '39555a26-d28b-425f-993f-e8770ab7d9cf')",Al,8.158586916574836e-08,8.158586916574836e-08,1.0,6.422536676269254e-14,6.422536676269254e-14,dissipation,Bauxite (Gibbsite),2.8930041152263373,2.3602825524082756e-07,2.8930041152263373,1.8580425034639034e-13,0.23086450876489972,0.23086427273664448,0.95,1.6633506233844874e-05,1.6633506233844874e-05
Antimony,"('ecoinvent-3.4-biosphere', 'b2dc8668-86de-4207-b20e-dc81dea63c98')",Sb,6.335346181050398e-08,6.335346181050398e-08,1.0,2.1834077210692158e-11,2.1834077210692158e-11,dissipation,Stibnite,1.3941798941798942,8.832612268289841e-08,1.3941798941798942,3.0440631455118433e-11,0.22717627533598833,0.22717618700986564,0.9,3.091190759124856e-07,3.091190759124856e-07
Antimony,"('ecoinvent-3.4-biosphere', '83cf77ca-867b-4eef-b0f0-78d71b3d91d5')",Sb,6.335346181050398e-08,6.335346181050398e-08,1.0,2.1834077210692158e-11,2.1834077210692158e-11,dissipation,Stibnite,1.3941798941798942,8.832612268289841e-08,1.3941798941798942,3.0440631455118433e-11,0.22717627533598833,0.22717618700986564,0.9,3.091190759124856e-07,3.091190759124856e-07
Antimony,"('ecoinvent-3.4-biosphere', '183f9856-03ab-464d-9366-8ef62077b510')",Sb,6.335346181050398e-08,6.335346181050398e-08,1.0,2.1834077210692158e-11,2.1834077210692158e-11,dissipation,Stibnite,1.3941798941798942,8.832612268289841e-08,1.3941798941798942,3.0440631455118433e-11,0.22717627533598833,0.22717618700986564,0.9,3.091190759124856e-07,3.091190759124856e-07
Antimony,"('ecoinvent-3.4-biosphere', 'fa39136e-1ef6-43c1-af68-104da104568d')",Sb,6.335346181050398e-08,6.335346181050398e-08,1.0,2.1834077210692158e-11,2.1834077210692158e-11,dissipation,Stibnite,1.3941798941798942,8.832612268289841e-08,1.3941798941798942,3.0440631455118433e-11,0.22717627533598833,0.22717618700986564,0.9,3.091190759124856e-07,3.091190759124856e-07
Antimony,"('ecoinvent-3.4-biosphere', 'c49fb4cd-eed0-4438-9052-9612473cdbae')",Sb,6.335346181050398e-08,6.335346181050398e-08,1.0,2.1834077210692158e-11,2.1834077210692158e-11,dissipation,Stibnite,1.3941798941798942,8.832612268289841e-08,1.3941798941798942,3.0440631455118433e-11,0.22717627533598833,0.22717618700986564,0.9,3.091190759124856e-07,3.091190759124856e-07
Antimony,"('ecoinvent-3.4-biosphere', '5df5cb9f-812c-4ce8-ab1c-df6ab4d31900')",Sb,6.335346181050398e-08,6.335346181050398e-08,1.0,2.1834077210692158e-11,2.1834077210692158e-11,dissipation,Stibnite,1.3941798941798942,8.832612268289841e-08,1.3941798941798942,3.0440631455118433e-11,0.22717627533598833,0.22717618700986564,0.9,3.091190759124856e-07,3.091190759124856e-07
Antimony,"('ecoinvent-3.4-biosphere', '7805afa2-d93b-40bb-b841-325b98aec824')",Sb,6.335346181050398e-08,6.335346181050398e-08,1.0,2.1834077210692158e-11,2.1834077210692158e-11,dissipation,Stibnite,1.3941798941798942,8.832612268289841e-08,1.3941798941798942,3.0440631455118433e-11,0.22717627533598833,0.22717618700986564,0.9,3.091190759124856e-07,3.091190759124856e-07
Antimony,"('ecoinvent-3.4-biosphere', '2b2369a4-26bb-4b18-8479-752fdf7a5e7f')",Sb,6.335346181050398e-08,6.335346181050398e-08,1.0,2.1834077210692158e-11,2.1834077210692158e-11,dissipation,Stibnite,1.3941798941798942,8.832612268289841e-08,1.3941798941798942,3.0440631455118433e-11,0.22717627533598833,0.22717618700986564,0.9,3.091190759124856e-07,3.091190759124856e-07
Antimony,"('ecoinvent-3.4-biosphere', '77927dac-dea3-429d-a434-d5a71d92c4f7')",Sb,6.335346181050398e-08,6.335346181050398e-08,1.0,2.1834077210692158e-11,2.1834077210692158e-11,dissipation,Stibnite,1.3941798941798942,8.832612268289841e-08,1.3941798941798942,3.0440631455118433e-11,0.22717627533598833,0.22717618700986564,0.9,3.091190759124856e-07,3.091190759124856e-07
Antimony,"('ecoinvent-3.4-biosphere', '49803ad0-9ca2-4507-a5ea-f152d16c929d')",Sb,6.335346181050398e-08,6.335346181050398e-08,1.0,2.1834077210692158e-11,2.1834077210692158e-11,dissipation,Stibnite,1.3941798941798942,8.832612268289841e-08,1.3941798941798942,3.0440631455118433e-11,0.22717627533598833,0.22717618700986564,0.9,3.091190759124856e-07,3.091190759124856e-07
Antimony,"('ecoinvent-3.4-biosphere', '34b96163-a3df-4bc1-8224-e2a9fe01b23f')",Sb,6.335346181050398e-08,6.335346181050398e-08,1.0,2.1834077210692158e-11,2.1834077210692158e-11,dissipation,Stibnite,1.3941798941798942,8.832612268289841e-08,1.3941798941798942,3.0440631455118433e-11,0.22717627533598833,0.22717618700986564,0.9,3.091190759124856e-07,3.091190759124856e-07
Antimony,"('ecoinvent-3.4-biosphere', '3ea5684a-6d64-4f96-8c09-1d90f997c9d4')",Sb,6.335346181050398e-08,6.335346181050398e-08,1.0,2.1834077210692158e-11,2.1834077210692158e-11,dissipation,Stibnite,1.3941798941798942,8.832612268289841e-08,1.3941798941798942,3.0440631455118433e-11,0.22717627533598833,0.22717618700986564,0.9,3.091190759124856e-07,3.091190759124856e-07
Antimony,"('ecoinvent-3.4-biosphere', 'f4cf8d5c-f030-4b55-a3af-e3c20b855ee8')",Sb,6.335346181050398e-08,6.335346181050398e-08,1.0,2.1834077210692158e-11,2.1834077210692158e-11,dissipation,Stibnite,1.3941798941798942,8.832612268289841e-08,1.3941798941798942,3.0440631455118433e-11,0.22717627533598833,0.22717618700986564,0.9,3.091190759124856e-07,3.091190759124856e-07
Antimony,"('ecoinvent-3.4-biosphere', '43b29ad9-26dd-4838-b931-6216e55a0120')",Sb,6.335346181050398e-08,6.335346181050398e-08,1.0,2.1834077210692158e-11,2.1834077210692158e-11,dissipation,Stibnite,1.3941798941798942,8.832612268289841e-08,1.3941798941798942,3.0440631455118433e-11,0.22717627533598833,0.22717618700986564,0.9,3.091190759124856e-07,3.091190759124856e-07
Chromium VI,"('ecoinvent-3.4-biosphere', '7a59e8d5-cd11-4ee7-b1ca-30979d2b0b3a')",Cr,5.7618802534462825e-08,5.7618802534462825e-08,1.0,3.1278613038877847e-13,3.1278613038877847e-13,dissipation,Chromite,2.152027027027027,1.2399722031909737e-07,2.152027027027027,6.73124206275851e-13,0.2461272270789205,0.2461271030817002,0.81,2.7753125954393126e-08,2.7753125954393126e-08
Chromium VI,"('ecoinvent-3.4-biosphere', '68ba2022-830e-45fb-8c85-b35e94754ae9')",Cr,5.7618802534462825e-08,5.7618802534462825e-08,1.0,3.1278613038877847e-13,3.1278613038877847e-13,dissipation,Chromite,2.152027027027027,1.2399722031909737e-07,2.152027027027027,6.73124206275851e-13,0.2461272270789205,0.2461271030817002,0.81,2.7753125954393126e-08,2.7753125954393126e-08
Chromium VI,"('ecoinvent-3.4-biosphere', '58060894-19d9-4855-84d8-58935a5325f8')",Cr,5.7618802534462825e-08,5.7618802534462825e-08,1.0,3.1278613038877847e-13,3.1278613038877847e-13,dissipation,Chromite,2.152027027027027,1.2399722031909737e-07,2.152027027027027,6.73124206275851e-13,0.2461272270789205,0.2461271030817002,0.81,2.7753125954393126e-08,2.7753125954393126e-08
Chromium VI,"('ecoinvent-3.4-biosphere', '81e17d9a-3e0b-414e-9b2e-eca7e5b3bd4a')",Cr,5.7618802534462825e-08,5.7618802534462825e-08,1.0,3.1278613038877847e-13,3.1278613038877847e-13,dissipation,Chromite,2.152027027027027,1.2399722031909737e-07,2.152027027027027,6.73124206275851e-13,0.2461272270789205,0.2461271030817002,0.81,2.7753125954393126e-08,2.7753125954393126e-08
Chromium VI,"('ecoinvent-3.4-biosphere', '81b3321a-c9d8-4104-a974-5460f1bc5029')",Cr,5.7618802534462825e-08,5.7618802534462825e-08,1.0,3.1278613038877847e-13,3.1278613038877847e-13,dissipation,Chromite,2.152027027027027,1.2399722031909737e-07,2.152027027027027,6.73124206275851e-13,0.2461272270789205,0.2461271030817002,0.81,2.7753125954393126e-08,2.7753125954393126e-08
Chromium VI,"('ecoinvent-3.4-biosphere', 'abbd3b09-a7ec-435a-9d01-34cf8581739e')",Cr,5.7618802534462825e-08,5.7618802534462825e-08,1.0,3.1278613038877847e-13,3.1278613038877847e-13,dissipation,Chromite,2.152027027027027,1.2399722031909737e-07,2.152027027027027,6.73124206275851e-13,0.2461272270789205,0.2461271030817002,0.81,2.7753125954393126e-08,2.7753125954393126e-08
Chromium VI,"('ecoinvent-3.4-biosphere', '03b279a7-4626-4703-a451-d0650599dbd9')",Cr,5.7618802534462825e-08,5.7618802534462825e-08,1.0,3.1278613038877847e-13,3.1278613038877847e-13,dissipation,Chromite,2.152027027027027,1.2399722031909737e-07,2.152027027027027,6.73124206275851e-13,0.2461272270789205,0.2461271030817002,0.81,2.7753125954393126e-08,2.7753125954393126e-08
Chromium VI,"('ecoinvent-3.4-biosphere', 'a9ec0c9b-982a-4329-99ae-dab1f9fb62d3')",Cr,5.7618802534462825e-08,5.7618802534462825e-08,1.0,3.1278613038877847e-13,3.1278613038877847e-13,dissipation,Chromite,2.152027027027027,1.2399722031909737e-07,2.152027027027027,6.73124206275851e-13,0.2461272270789205,0.2461271030817002,0.81,2.7753125954393126e-08,2.7753125954393126e-08
Chromium VI,"('ecoinvent-3.4-biosphere', '8ec83662-7c2b-4452-8acf-95a0bb94233c')",Cr,5.7618802534462825e-08,5.7618802534462825e-08,1.0,3.1278613038877847e-13,3.1278613038877847e-13,dissipation,Chromite,2.152027027027027,1.2399722031909737e-07,2.152027027027027,6.73124206275851e-13,0.2461272270789205,0.2461271030817002,0.81,2.7753125954393126e-08,2.7753125954393126e-08
Chromium VI,"('ecoinvent-3.4-biosphere', '9bbae55a-35de-4eff-a219-814a9fec5ac2')",Cr,5.7618802534462825e-08,5.7618802534462825e-08,1.0,3.1278613038877847e-13,3.1278613038877847e-13,dissipation,Chromite,2.152027027027027,1.2399722031909737e-07,2.152027027027027,6.73124206275851e-13,0.2461272270789205,0.2461271030817002,0.81,2.7753125954393126e-08,2.7753125954393126e-08
Chromium VI,"('ecoinvent-3.4-biosphere', 'c2e854f9-fe22-4fe7-9083-cf6d0a8c7254')",Cr,5.7618802534462825e-08,5.7618802534462825e-08,1.0,3.1278613038877847e-13,3.1278613038877847e-13,dissipation,Chromite,2.152027027027027,1.2399722031909737e-07,2.152027027027027,6.73124206275851e-13,0.2461272270789205,0.2461271030817002,0.81,2.7753125954393126e-08,2.7753125954393126e-08
Chromium VI,"('ecoinvent-3.4-biosphere', 'ef475b50-9cd0-4e7c-9c59-07868fe16e91')",Cr,5.7618802534462825e-08,5.7618802534462825e-08,1.0,3.1278613038877847e-13,3.1278613038877847e-13,dissipation,Chromite,2.152027027027027,1.2399722031909737e-07,2.152027027027027,6.73124206275851e-13,0.2461272270789205,0.2461271030817002,0.81,2.7753125954393126e-08,2.7753125954393126e-08
Chromium VI,"('ecoinvent-3.4-biosphere', '01285299-c683-4e15-b654-201987a7a738')",Cr,5.7618802534462825e-08,5.7618802534462825e-08,1.0,3.1278613038877847e-13,3.1278613038877847e-13,dissipation,Chromite,2.152027027027027,1.2399722031909737e-07,2.152027027027027,6.73124206275851e-13,0.2461272270789205,0.2461271030817002,0.81,2.7753125954393126e-08,2.7753125954393126e-08
Chromium VI,"('ecoinvent-3.4-biosphere', '8216fc31-15a1-4d33-858f-e09650b14c63')",Cr,5.7618802534462825e-08,5.7618802534462825e-08,1.0,3.1278613038877847e-13,3.1278613038877847e-13,dissipation,Chromite,2.152027027027027,1.2399722031909737e-07,2.152027027027027,6.73124206275851e-13,0.2461272270789205,0.2461271030817002,0.81,2.7753125954393126e-08,2.7753125954393126e-08
Molybdenum,"('ecoinvent-3.4-biosphere', '163926e2-b4cc-42bb-ba7d-401028140985')",Mo,5.691742226026087e-08,5.691742226026087e-08,1.0,1.6532043483883647e-13,1.6532043483883647e-13,dissipation,Molybdenite,1.6700000000000004,9.505209517463566e-08,1.6700000000000004,2.7608512618085697e-13,0.0023389070923680233,0.0023388120402728484,0.9176761103880936,0.0008201659186594493,0.0008201659186594493
Molybdenum,"('ecoinvent-3.4-biosphere', '9cf3a683-ed3d-40e9-b039-7653e4fc9e20')",Mo,5.691742226026087e-08,5.691742226026087e-08,1.0,1.6532043483883647e-13,1.6532043483883647e-13,dissipation,Molybdenite,1.6700000000000004,9.505209517463566e-08,1.6700000000000004,2.7608512618085697e-13,0.0023389070923680233,0.0023388120402728484,0.9176761103880936,0.0008201659186594493,0.0008201659186594493
Molybdenum,"('ecoinvent-3.4-biosphere', '35b4d818-1019-413b-b99d-d351d8a67ac4')",Mo,5.691742226026087e-08,5.691742226026087e-08,1.0,1.6532043483883647e-13,1.6532043483883647e-13,dissipation,Molybdenite,1.6700000000000004,9.505209517463566e-08,1.6700000000000004,2.7608512618085697e-13,0.0023389070923680233,0.0023388120402728484,0.9176761103880936,0.0008201659186594493,0.0008201659186594493
Molybdenum,"('ecoinvent-3.4-biosphere', 'c26d4716-ce1e-43da-a662-cd9498b1e8bc')",Mo,5.691742226026087e-08,5.691742226026087e-08,1.0,1.6532043483883647e-13,1.6532043483883647e-13,dissipation,Molybdenite,1.6700000000000004,9.505209517463566e-08,1.6700000000000004,2.7608512618085697e-13,0.0023389070923680233,0.0023388120402728484,0.9176761103880936,0.0008201659186594493,0.0008201659186594493
Molybdenum,"('ecoinvent-3.4-biosphere', '1f3c2297-d652-468d-82e8-4fd59bf5b5b8')",Mo,5.691742226026087e-08,5.691742226026087e-08,1.0,1.6532043483883647e-13,1.6532043483883647e-13,dissipation,Molybdenite,1.6700000000000004,9.505209517463566e-08,1.6700000000000004,2.7608512618085697e-13,0.0023389070923680233,0.0023388120402728484,0.9176761103880936,0.0008201659186594493,0.0008201659186594493
Molybdenum,"('ecoinvent-3.4-biosphere', '640e30d2-3158-4a1a-82ef-fd0c72922c9a')",Mo,5.691742226026087e-08,5.691742226026087e-08,1.0,1.6532043483883647e-13,1.6532043483883647e-13,dissipation,Molybdenite,1.6700000000000004,9.505209517463566e-08,1.6700000000000004,2.7608512618085697e-13,0.0023389070923680233,0.0023388120402728484,0.9176761103880936,0.0008201659186594493,0.0008201659186594493
Molybdenum,"('ecoinvent-3.4-biosphere', '697e8ecf-bdbe-4857-92c9-e01960c91db7')",Mo,5.691742226026087e-08,5.691742226026087e-08,1.0,1.6532043483883647e-13,1.6532043483883647e-13,dissipation,Molybdenite,1.6700000000000004,9.505209517463566e-08,1.6700000000000004,2.7608512618085697e-13,0.0023389070923680233,0.0023388120402728484,0.9176761103880936,0.0008201659186594493,0.0008201659186594493
Molybdenum,"('ecoinvent-3.4-biosphere', '442511cc-a98b-4242-9229-5736cb9a9399')",Mo,5.691742226026087e-08,5.691742226026087e-08,1.0,1.6532043483883647e-13,1.6532043483883647e-13,dissipation,Molybdenite,1.6700000000000004,9.505209517463566e-08,1.6700000000000004,2.7608512618085697e-13,0.0023389070923680233,0.0023388120402728484,0.9176761103880936,0.0008201659186594493,0.0008201659186594493
Molybdenum,"('ecoinvent-3.4-biosphere', '3822809c-cc03-469d-ac2a-9f85842f8440')",Mo,5.691742226026087e-08,5.691742226026087e-08,1.0,1.6532043483883647e-13,1.6532043483883647e-13,dissipation,Molybdenite,1.6700000000000004,9.505209517463566e-08,1.6700000000000004,2.7608512618085697e-13,0.0023389070923680233,0.0023388120402728484,0.9176761103880936,0.0008201659186594493,0.0008201659186594493
Molybdenum,"('ecoinvent-3.4-biosphere', 'c126f8a0-6bc4-42e6-9220-d6ccfef3f2ed')",Mo,5.691742226026087e-08,5.691742226026087e-08,1.0,1.6532043483883647e-13,1.6532043483883647e-13,dissipation,Molybdenite,1.6700000000000004,9.505209517463566e-08,1.6700000000000004,2.7608512618085697e-13,0.0023389070923680233,0.0023388120402728484,0.9176761103880936,0.0008201659186594493,0.0008201659186594493
Molybdenum,"('ecoinvent-3.4-biosphere', '8b531ec0-ca7a-49cd-bef0-56f110112f34')",Mo,5.691742226026087e-08,5.691742226026087e-08,1.0,1.6532043483883647e-13,1.6532043483883647e-13,dissipation,Molybdenite,1.6700000000000004,9.505209517463566e-08,1.6700000000000004,2.7608512618085697e-13,0.0023389070923680233,0.0023388120402728484,0.9176761103880936,0.0008201659186594493,0.0008201659186594493
Molybdenum,"('ecoinvent-3.4-biosphere', 'fdaaef05-0d10-4032-b2e7-85cae3c7bd5c')",Mo,5.691742226026087e-08,5.691742226026087e-08,1.0,1.6532043483883647e-13,1.6532043483883647e-13,dissipation,Molybdenite,1.6700000000000004,9.505209517463566e-08,1.6700000000000004,2.7608512618085697e-13,0.0023389070923680233,0.0023388120402728484,0.9176761103880936,0.0008201659186594493,0.0008201659186594493
Molybdenum,"('ecoinvent-3.4-biosphere', '7d3f7498-3596-478a-9fa1-72201ef94082')",Mo,5.691742226026087e-08,5.691742226026087e-08,1.0,1.6532043483883647e-13,1.6532043483883647e-13,dissipation,Molybdenite,1.6700000000000004,9.505209517463566e-08,1.6700000000000004,2.7608512618085697e-13,0.0023389070923680233,0.0023388120402728484,0.9176761103880936,0.0008201659186594493,0.0008201659186594493
Molybdenum,"('ecoinvent-3.4-biosphere', '5fa36ce3-aed0-443b-a09d-4cdf25b41995')",Mo,5.691742226026087e-08,5.691742226026087e-08,1.0,1.6532043483883647e-13,1.6532043483883647e-13,dissipation,Molybdenite,1.6700000000000004,9.505209517463566e-08,1.6700000000000004,2.7608512618085697e-13,0.0023389070923680233,0.0023388120402728484,0.9176761103880936,0.0008201659186594493,0.0008201659186594493
"Copper, ion","('ecoinvent-3.4-biosphere', '6d9550e2-e670-44c1-bad8-c0c4975ffca7')",Cu,3.6316093851368934e-08,3.6316093851368934e-08,1.0,1.231243333335009e-14,1.231243333335009e-14,dissipation,Chalcopyrite,2.8793103448275863,1.0456530470997607e-07,2.8793103448275863,3.545131666671491e-14,0.01286923124177145,0.01286912667646674,0.8086409056778144,6.0885771087879024e-05,6.0885771087879024e-05
"Copper, ion","('ecoinvent-3.4-biosphere', '615b1460-6860-4cf6-8678-ad92c03c5e8b')",Cu,3.6316093851368934e-08,3.6316093851368934e-08,1.0,1.231243333335009e-14,1.231243333335009e-14,dissipation,Chalcopyrite,2.8793103448275863,1.0456530470997607e-07,2.8793103448275863,3.545131666671491e-14,0.01286923124177145,0.01286912667646674,0.8086409056778144,6.0885771087879024e-05,6.0885771087879024e-05
"Copper, ion","('ecoinvent-3.4-biosphere', '40229ebf-9346-4f20-910a-f8ea3bd88d44')",Cu,3.6316093851368934e-08,3.6316093851368934e-08,1.0,1.231243333335009e-14,1.231243333335009e-14,dissipation,Chalcopyrite,2.8793103448275863,1.0456530470997607e-07,2.8793103448275863,3.545131666671491e-14,0.01286923124177145,0.01286912667646674,0.8086409056778144,6.0885771087879024e-05,6.0885771087879024e-05
"Copper, ion","('ecoinvent-3.4-biosphere', 'd8f9ccf6-fd32-4348-83c0-1cee724af9ae')",Cu,3.6316093851368934e-08,3.6316093851368934e-08,1.0,1.231243333335009e-14,1.231243333335009e-14,dissipation,Chalcopyrite,2.8793103448275863,1.0456530470997607e-07,2.8793103448275863,3.545131666671491e-14,0.01286923124177145,0.01286912667646674,0.8086409056778144,6.0885771087879024e-05,6.0885771087879024e-05
"Copper, ion","('ecoinvent-3.4-biosphere', 'c3b659e5-35f1-408c-8cb5-b5f9b295c76e')",Cu,3.6316093851368934e-08,3.6316093851368934e-08,1.0,1.231243333335009e-14,1.231243333335009e-14,dissipation,Chalcopyrite,2.8793103448275863,1.0456530470997607e-07,2.8793103448275863,3.545131666671491e-14,0.01286923124177145,0.01286912667646674,0.8086409056778144,6.0885771087879024e-05,6.0885771087879024e-05
Lead,"('ecoinvent-3.4-biosphere', 'e9e856c2-868e-435e-8425-8df1c9297cfc')",Pb,2.9807671535615635e-08,2.9807671535615635e-08,1.0,1.1855254708054448e-13,1.1855254708054448e-13,dissipation,Galena,1.1560975609756097,3.446057636068734e-08,1.1560975609756097,1.370583105272636e-13,0.10515644248728105,0.10515640802670469,0.635111259945265,1.4276393226772637e-07,1.4276393226772637e-07
Lead,"('ecoinvent-3.4-biosphere', '4010918f-7fd0-4925-8fbb-8fd7a44a806c')",Pb,2.9807671535615635e-08,2.9807671535615635e-08,1.0,1.1855254708054448e-13,1.1855254708054448e-13,dissipation,Galena,1.1560975609756097,3.446057636068734e-08,1.1560975609756097,1.370583105272636e-13,0.10515644248728105,0.10515640802670469,0.635111259945265,1.4276393226772637e-07,1.4276393226772637e-07
Lead,"('ecoinvent-3.4-biosphere', '2718482b-8399-442e-b89a-52fbcc22d2e6')",Pb,2.9807671535615635e-08,2.9807671535615635e-08,1.0,1.1855254708054448e-13,1.1855254708054448e-13,dissipation,Galena,1.1560975609756097,3.446057636068734e-08,1.1560975609756097,1.370583105272636e-13,0.10515644248728105,0.10515640802670469,0.635111259945265,1.4276393226772637e-07,1.4276393226772637e-07
Lead,"('ecoinvent-3.4-biosphere', '837083ce-41cd-49f3-a849-d79564dac238')",Pb,2.9807671535615635e-08,2.9807671535615635e-08,1.0,1.1855254708054448e-13,1.1855254708054448e-13,dissipation,Galena,1.1560975609756097,3.446057636068734e-08,1.1560975609756097,1.370583105272636e-13,0.10515644248728105,0.10515640802670469,0.635111259945265,1.4276393226772637e-07,1.4276393226772637e-07
Lead,"('ecoinvent-3.4-biosphere', '8e123669-94d3-41d8-9480-a79211fe7c43')",Pb,2.9807671535615635e-08,2.9807671535615635e-08,1.0,1.1855254708054448e-13,1.1855254708054448e-13,dissipation,Galena,1.1560975609756097,3.446057636068734e-08,1.1560975609756097,1.370583105272636e-13,0.10515644248728105,0.10515640802670469,0.635111259945265,1.4276393226772637e-07,1.4276393226772637e-07
Lead,"('ecoinvent-3.4-biosphere', '9ee7f4ab-b826-47ae-8623-e138f944b42e')",Pb,2.9807671535615635e-08,2.9807671535615635e-08,1.0,1.1855254708054448e-13,1.1855254708054448e-13,dissipation,Galena,1.1560975609756097,3.446057636068734e-08,1.1560975609756097,1.370583105272636e-13,0.10515644248728105,0.10515640802670469,0.635111259945265,1.4276393226772637e-07,1.4276393226772637e-07
Lead,"('ecoinvent-3.4-biosphere', '739234c8-5359-48b4-983f-9cb170d68c8d')",Pb,2.9807671535615635e-08,2.9807671535615635e-08,1.0,1.1855254708054448e-13,1.1855254708054448e-13,dissipation,Galena,1.1560975609756097,3.446057636068734e-08,1.1560975609756097,1.370583105272636e-13,0.10515644248728105,0.10515640802670469,0.635111259945265,1.4276393226772637e-07,1.4276393226772637e-07
Lead,"('ecoinvent-3.4-biosphere', 'b3ebdcc3-c588-4997-95d2-9785b26b34e1')",Pb,2.9807671535615635e-08,2.9807671535615635e-08,1.0,1.1855254708054448e-13,1.1855254708054448e-13,dissipation,Galena,1.1560975609756097,3.446057636068734e-08,1.1560975609756097,1.370583105272636e-13,0.10515644248728105,0.10515640802670469,0.635111259945265,1.4276393226772637e-07,1.4276393226772637e-07
Lead,"('ecoinvent-3.4-biosphere', '31c4d160-b21e-41b3-b9c1-3d7a72377653')",Pb,2.9807671535615635e-08,2.9807671535615635e-08,1.0,1.1855254708054448e-13,1.1855254708054448e-13,dissipation,Galena,1.1560975609756097,3.446057636068734e-08,1.1560975609756097,1.370583105272636e-13,0.10515644248728105,0.10515640802670469,0.635111259945265,1.4276393226772637e-07,1.4276393226772637e-07
Lead,"('ecoinvent-3.4-biosphere', 'fe4613d7-1ed8-427d-9b06-c8e8f4f5e1b1')",Pb,2.9807671535615635e-08,2.9807671535615635e-08,1.0,1.1855254708054448e-13,1.1855254708054448e-13,dissipation,Galena,1.1560975609756097,3.446057636068734e-08,1.1560975609756097,1.370583105272636e-13,0.10515644248728105,0.10515640802670469,0.635111259945265,1.4276393226772637e-07,1.4276393226772637e-07
Lead,"('ecoinvent-3.4-biosphere', '67652827-017f-4856-8d0a-c97bac4c6562')",Pb,2.9807671535615635e-08,2.9807671535615635e-08,1.0,1.1855254708054448e-13,1.1855254708054448e-13,dissipation,Galena,1.1560975609756097,3.446057636068734e-08,1.1560975609756097,1.370583105272636e-13,0.10515644248728105,0.10515640802670469,0.635111259945265,1.4276393226772637e-07,1.4276393226772637e-07
Lead,"('ecoinvent-3.4-biosphere', 'c864aa15-0abc-41ad-9889-348106e485d8')",Pb,2.9807671535615635e-08,2.9807671535615635e-08,1.0,1.1855254708054448e-13,1.1855254708054448e-13,dissipation,Galena,1.1560975609756097,3.446057636068734e-08,1.1560975609756097,1.370583105272636e-13,0.10515644248728105,0.10515640802670469,0.635111259945265,1.4276393226772637e-07,1.4276393226772637e-07
Lead,"('ecoinvent-3.4-biosphere', '0ff15165-d761-48c9-9814-2d1dcdd56857')",Pb,2.9807671535615635e-08,2.9807671535615635e-08,1.0,1.1855254708054448e-13,1.1855254708054448e-13,dissipation,Galena,1.1560975609756097,3.446057636068734e-08,1.1560975609756097,1.370583105272636e-13,0.10515644248728105,0.10515640802670469,0.635111259945265,1.4276393226772637e-07,1.4276393226772637e-07
Lead,"('ecoinvent-3.4-biosphere', '6a903634-c97f-4c49-a7c0-88f0e6ac7a23')",Pb,2.9807671535615635e-08,2.9807671535615635e-08,1.0,1.1855254708054448e-13,1.1855254708054448e-13,dissipation,Galena,1.1560975609756097,3.446057636068734e-08,1.1560975609756097,1.370583105272636e-13,0.10515644248728105,0.10515640802670469,0.635111259945265,1.4276393226772637e-07,1.4276393226772637e-07
Cobalt,"('ecoinvent-3.4-biosphere', '9ce88274-57b6-42ed-a78b-4abef2301865')",Co,2.305045618473105e-08,2.305045618473105e-08,1.0,1.9447495148453946e-12,1.9447495148453946e-12,dissipation,Linnaeite,1.727272727272727,3.98144243190809e-08,1.727272727272727,3.3591127983693174e-12,0.015088369910128439,0.015088330095704119,0.0455986939380875,2.181090723851185e-05,2.181090723851185e-05
Cobalt,"('ecoinvent-3.4-biosphere', '1e904267-caa3-40e6-a3a0-fc104489770b')",Co,2.305045618473105e-08,2.305045618473105e-08,1.0,1.9447495148453946e-12,1.9447495148453946e-12,dissipation,Linnaeite,1.727272727272727,3.98144243190809e-08,1.727272727272727,3.3591127983693174e-12,0.015088369910128439,0.015088330095704119,0.0455986939380875,2.181090723851185e-05,2.181090723851185e-05
Cobalt,"('ecoinvent-3.4-biosphere', '9542444c-7c7a-48e2-bc9c-9c7c34fb7b3e')",Co,2.305045618473105e-08,2.305045618473105e-08,1.0,1.9447495148453946e-12,1.9447495148453946e-12,dissipation,Linnaeite,1.727272727272727,3.98144243190809e-08,1.727272727272727,3.3591127983693174e-12,0.015088369910128439,0.015088330095704119,0.0455986939380875,2.181090723851185e-05,2.181090723851185e-05
Cobalt,"('ecoinvent-3.4-biosphere', '33627701-feca-434d-a192-674a450eaaf7')",Co,2.305045618473105e-08,2.305045618473105e-08,1.0,1.9447495148453946e-12,1.9447495148453946e-12,dissipation,Linnaeite,1.727272727272727,3.98144243190809e-08,1.727272727272727,3.3591127983693174e-12,0.015088369910128439,0.015088330095704119,0.0455986939380875,2.181090723851185e-05,2.181090723851185e-05
Cobalt,"('ecoinvent-3.4-biosphere', 'caf066cf-40ce-47a8-ba4c-969fcd6019c7')",Co,2.305045618473105e-08,2.305045618473105e-08,1.0,1.9447495148453946e-12,1.9447495148453946e-12,dissipation,Linnaeite,1.727272727272727,3.98144243190809e-08,1.727272727272727,3.3591127983693174e-12,0.015088369910128439,0.015088330095704119,0.0455986939380875,2.181090723851185e-05,2.181090723851185e-05
Cobalt,"('ecoinvent-3.4-biosphere', '74eb3f02-09ec-46ce-8ee8-d67d0900136b')",Co,2.305045618473105e-08,2.305045618473105e-08,1.0,1.9447495148453946e-12,1.9447495148453946e-12,dissipation,Linnaeite,1.727272727272727,3.98144243190809e-08,1.727272727272727,3.3591127983693174e-12,0.015088369910128439,0.015088330095704119,0.0455986939380875,2.181090723851185e-05,2.181090723851185e-05
Cobalt,"('ecoinvent-3.4-biosphere', 'f0d1c319-249f-4a89-b0e7-3a5a90a54036')",Co,2.305045618473105e-08,2.305045618473105e-08,1.0,1.9447495148453946e-12,1.9447495148453946e-12,dissipation,Linnaeite,1.727272727272727,3.98144243190809e-08,1.727272727272727,3.3591127983693174e-12,0.015088369910128439,0.015088330095704119,0.0455986939380875,2.181090723851185e-05,2.181090723851185e-05
Cobalt,"('ecoinvent-3.4-biosphere', 'f0e28a62-ddf9-4c93-af81-676a58c3f2d4')",Co,2.305045618473105e-08,2.305045618473105e-08,1.0,1.9447495148453946e-12,1.9447495148453946e-12,dissipation,Linnaeite,1.727272727272727,3.98144243190809e-08,1.727272727272727,3.3591127983693174e-12,0.015088369910128439,0.015088330095704119,0.0455986939380875,2.181090723851185e-05,2.181090723851185e-05
Cobalt,"('ecoinvent-3.4-biosphere', 'd4291dd5-dae8-47fa-bf06-466fcecbc210')",Co,2.305045618473105e-08,2.305045618473105e-08,1.0,1.9447495148453946e-12,1.9447495148453946e-12,dissipation,Linnaeite,1.727272727272727,3.98144243190809e-08,1.727272727272727,3.3591127983693174e-12,0.015088369910128439,0.015088330095704119,0.0455986939380875,2.181090723851185e-05,2.181090723851185e-05
Cobalt,"('ecoinvent-3.4-biosphere', 'ca04300a-8338-4601-ba7c-66c10a4f6322')",Co,2.305045618473105e-08,2.305045618473105e-08,1.0,1.9447495148453946e-12,1.9447495148453946e-12,dissipation,Linnaeite,1.727272727272727,3.98144243190809e-08,1.727272727272727,3.3591127983693174e-12,0.015088369910128439,0.015088330095704119,0.0455986939380875,2.181090723851185e-05,2.181090723851185e-05
Cobalt,"('ecoinvent-3.4-biosphere', '12051b95-831a-49c0-9a70-fbc0e8fb9af9')",Co,2.305045618473105e-08,2.305045618473105e-08,1.0,1.9447495148453946e-12,1.9447495148453946e-12,dissipation,Linnaeite,1.727272727272727,3.98144243190809e-08,1.727272727272727,3.3591127983693174e-12,0.015088369910128439,0.015088330095704119,0.0455986939380875,2.181090723851185e-05,2.181090723851185e-05
Cobalt,"('ecoinvent-3.4-biosphere', '381a22c9-3722-4378-810d-86958f7b6d32')",Co,2.305045618473105e-08,2.305045618473105e-08,1.0,1.9447495148453946e-12,1.9447495148453946e-12,dissipation,Linnaeite,1.727272727272727,3.98144243190809e-08,1.727272727272727,3.3591127983693174e-12,0.015088369910128439,0.015088330095704119,0.0455986939380875,2.181090723851185e-05,2.181090723851185e-05
Cobalt,"('ecoinvent-3.4-biosphere', 'b10faa87-2c1d-4f6e-aa65-9f80b376939a')",Co,2.305045618473105e-08,2.305045618473105e-08,1.0,1.9447495148453946e-12,1.9447495148453946e-12,dissipation,Linnaeite,1.727272727272727,3.98144243190809e-08,1.727272727272727,3.3591127983693174e-12,0.015088369910128439,0.015088330095704119,0.0455986939380875,2.181090723851185e-05,2.181090723851185e-05
Cobalt,"('ecoinvent-3.4-biosphere', 'c58d25ad-30d2-4fac-a857-1fa6f67afe8a')",Co,2.305045618473105e-08,2.305045618473105e-08,1.0,1.9447495148453946e-12,1.9447495148453946e-12,dissipation,Linnaeite,1.727272727272727,3.98144243190809e-08,1.727272727272727,3.3591127983693174e-12,0.015088369910128439,0.015088330095704119,0.0455986939380875,2.181090723851185e-05,2.181090723851185e-05
Aluminium,"('ecoinvent-3.4-biosphere', '7880e65c-0321-4295-ba55-3186ad36e489')",Al,2.2163292087140587e-08,2.2163292087140587e-08,1.0,6.422536676269254e-14,6.422536676269254e-14,dissipation,Bauxite (Gibbsite),2.8930041152263373,6.411849521506103e-08,2.8930041152263373,1.8580425034639034e-13,0.23086450876489972,0.23086444464640452,0.95,4.518590688469237e-06,4.518590688469237e-06
Aluminium,"('ecoinvent-3.4-biosphere', '765546a9-b056-4d27-ad14-2f016511bdcb')",Al,2.2163292087140587e-08,2.2163292087140587e-08,1.0,6.422536676269254e-14,6.422536676269254e-14,dissipation,Bauxite (Gibbsite),2.8930041152263373,6.411849521506103e-08,2.8930041152263373,1.8580425034639034e-13,0.23086450876489972,0.23086444464640452,0.95,4.518590688469237e-06,4.518590688469237e-06
Aluminium,"('ecoinvent-3.4-biosphere', '6f0b8b7c-3888-4174-b7e3-916d42d678ee')",Al,2.2163292087140587e-08,2.2163292087140587e-08,1.0,6.422536676269254e-14,6.422536676269254e-14,dissipation,Bauxite (Gibbsite),2.8930041152263373,6.411849521506103e-08,2.8930041152263373,1.8580425034639034e-13,0.23086450876489972,0.23086444464640452,0.95,4.518590688469237e-06,4.518590688469237e-06
Aluminium,"('ecoinvent-3.4-biosphere', '46e63323-cffd-4c46-829b-5f006b50fa9b')",Al,2.2163292087140587e-08,2.2163292087140587e-08,1.0,6.422536676269254e-14,6.422536676269254e-14,dissipation,Bauxite (Gibbsite),2.8930041152263373,6.411849521506103e-08,2.8930041152263373,1.8580425034639034e-13,0.23086450876489972,0.23086444464640452,0.95,4.518590688469237e-06,4.518590688469237e-06
Aluminium,"('ecoinvent-3.4-biosphere', '01056d4b-f9b0-4dfc-b8d9-8407c8376efb')",Al,2.2163292087140587e-08,2.2163292087140587e-08,1.0,6.422536676269254e-14,6.422536676269254e-14,dissipation,Bauxite (Gibbsite),2.8930041152263373,6.411849521506103e-08,2.8930041152263373,1.8580425034639034e-13,0.23086450876489972,0.23086444464640452,0.95,4.518590688469237e-06,4.518590688469237e-06
Aluminium,"('ecoinvent-3.4-biosphere', 'd96403bf-902e-4b7a-8ffd-32fe09e4017f')",Al,2.2163292087140587e-08,2.2163292087140587e-08,1.0,6.422536676269254e-14,6.422536676269254e-14,dissipation,Bauxite (Gibbsite),2.8930041152263373,6.411849521506103e-08,2.8930041152263373,1.8580425034639034e-13,0.23086450876489972,0.23086444464640452,0.95,4.518590688469237e-06,4.518590688469237e-06
Aluminium,"('ecoinvent-3.4-biosphere', '0ace7678-a181-48e8-8728-d912a8b56c57')",Al,2.2163292087140587e-08,2.2163292087140587e-08,1.0,6.422536676269254e-14,6.422536676269254e-14,dissipation,Bauxite (Gibbsite),2.8930041152263373,6.411849521506103e-08,2.8930041152263373,1.8580425034639034e-13,0.23086450876489972,0.23086444464640452,0.95,4.518590688469237e-06,4.518590688469237e-06
Aluminium,"('ecoinvent-3.4-biosphere', '97e498ec-f323-4ec6-bcc0-d8a4c853bae3')",Al,2.2163292087140587e-08,2.2163292087140587e-08,1.0,6.422536676269254e-14,6.422536676269254e-14,dissipation,Bauxite (Gibbsite),2.8930041152263373,6.411849521506103e-08,2.8930041152263373,1.8580425034639034e-13,0.23086450876489972,0.23086444464640452,0.95,4.518590688469237e-06,4.518590688469237e-06
Aluminium,"('ecoinvent-3.4-biosphere', '9c3bd678-1b2f-4b95-a245-d5c8a3fe326b')",Al,2.2163292087140587e-08,2.2163292087140587e-08,1.0,6.422536676269254e-14,6.422536676269254e-14,dissipation,Bauxite (Gibbsite),2.8930041152263373,6.411849521506103e-08,2.8930041152263373,1.8580425034639034e-13,0.23086450876489972,0.23086444464640452,0.95,4.518590688469237e-06,4.518590688469237e-06
Aluminium,"('ecoinvent-3.4-biosphere', '2baa4381-b781-4f5e-90de-508b0fa3fd1f')",Al,2.2163292087140587e-08,2.2163292087140587e-08,1.0,6.422536676269254e-14,6.422536676269254e-14,dissipation,Bauxite (Gibbsite),2.8930041152263373,6.411849521506103e-08,2.8930041152263373,1.8580425034639034e-13,0.23086450876489972,0.23086444464640452,0.95,4.518590688469237e-06,4.518590688469237e-06
Aluminium,"('ecoinvent-3.4-biosphere', '2e0c9efa-d55c-49db-8be3-0376d5921ff4')",Al,2.2163292087140587e-08,2.2163292087140587e-08,1.0,6.422536676269254e-14,6.422536676269254e-14,dissipation,Bauxite (Gibbsite),2.8930041152263373,6.411849521506103e-08,2.8930041152263373,1.8580425034639034e-13,0.23086450876489972,0.23086444464640452,0.95,4.518590688469237e-06,4.518590688469237e-06
Aluminium,"('ecoinvent-3.4-biosphere', 'ff65658c-2d39-44a2-b23e-7ec3c644f064')",Al,2.2163292087140587e-08,2.2163292087140587e-08,1.0,6.422536676269254e-14,6.422536676269254e-14,dissipation,Bauxite (Gibbsite),2.8930041152263373,6.411849521506103e-08,2.8930041152263373,1.8580425034639034e-13,0.23086450876489972,0.23086444464640452,0.95,4.518590688469237e-06,4.518590688469237e-06
Aluminium,"('ecoinvent-3.4-biosphere', 'e0401210-0377-4670-84af-12247ca20bed')",Al,2.2163292087140587e-08,2.2163292087140587e-08,1.0,6.422536676269254e-14,6.422536676269254e-14,dissipation,Bauxite (Gibbsite),2.8930041152263373,6.411849521506103e-08,2.8930041152263373,1.8580425034639034e-13,0.23086450876489972,0.23086444464640452,0.95,4.518590688469237e-06,4.518590688469237e-06
Aluminium,"('ecoinvent-3.4-biosphere', '39555a26-d28b-425f-993f-e8770ab7d9cf')",Al,2.2163292087140587e-08,2.2163292087140587e-08,1.0,6.422536676269254e-14,6.422536676269254e-14,dissipation,Bauxite (Gibbsite),2.8930041152263373,6.411849521506103e-08,2.8930041152263373,1.8580425034639034e-13,0.23086450876489972,0.23086444464640452,0.95,4.518590688469237e-06,4.518590688469237e-06
Iron,"('ecoinvent-3.4-biosphere', '76152de4-9499-48f7-af98-a5d41842484a')",Fe,2.192604442326795e-08,2.192604442326795e-08,1.0,9.645225823667623e-15,9.645225823667623e-15,dissipation,Hematite,1.0,2.192604442326795e-08,1.0,9.645225823667623e-15,0.4660557498197291,0.46605572789368466,0.95,3.479070989302465e-08,3.479070989302465e-08
Iron,"('ecoinvent-3.4-biosphere', 'e3043a7f-5347-4c7b-89ee-93f11b2f6d9b')",Fe,2.192604442326795e-08,2.192604442326795e-08,1.0,9.645225823667623e-15,9.645225823667623e-15,dissipation,Hematite,1.0,2.192604442326795e-08,1.0,9.645225823667623e-15,0.4660557498197291,0.46605572789368466,0.95,3.479070989302465e-08,3.479070989302465e-08
Iron,"('ecoinvent-3.4-biosphere', '0dc0bbb0-1141-4dff-b6a2-8bd5368e14af')",Fe,2.192604442326795e-08,2.192604442326795e-08,1.0,9.645225823667623e-15,9.645225823667623e-15,dissipation,Hematite,1.0,2.192604442326795e-08,1.0,9.645225823667623e-15,0.4660557498197291,0.46605572789368466,0.95,3.479070989302465e-08,3.479070989302465e-08
Iron,"('ecoinvent-3.4-biosphere', '98693cdf-d9fc-43ed-bfe6-78dfe5742d33')",Fe,2.192604442326795e-08,2.192604442326795e-08,1.0,9.645225823667623e-15,9.645225823667623e-15,dissipation,Hematite,1.0,2.192604442326795e-08,1.0,9.645225823667623e-15,0.4660557498197291,0.46605572789368466,0.95,3.479070989302465e-08,3.479070989302465e-08
Iron,"('ecoinvent-3.4-biosphere', 'ce567bdc-76ec-4ca0-be79-8bb796e448b3')",Fe,2.192604442326795e-08,2.192604442326795e-08,1.0,9.645225823667623e-15,9.645225823667623e-15,dissipation,Hematite,1.0,2.192604442326795e-08,1.0,9.645225823667623e-15,0.4660557498197291,0.46605572789368466,0.95,3.479070989302465e-08,3.479070989302465e-08
Iron,"('ecoinvent-3.4-biosphere', 'e8bd2edd-f937-49f6-9e8b-9f445278775e')",Fe,2.192604442326795e-08,2.192604442326795e-08,1.0,9.645225823667623e-15,9.645225823667623e-15,dissipation,Hematite,1.0,2.192604442326795e-08,1.0,9.645225823667623e-15,0.4660557498197291,0.46605572789368466,0.95,3.479070989302465e-08,3.479070989302465e-08
Iron,"('ecoinvent-3.4-biosphere', '32cd0492-c0cb-4898-a2b1-675eedc5b688')",Fe,2.192604442326795e-08,2.192604442326795e-08,1.0,9.645225823667623e-15,9.645225823667623e-15,dissipation,Hematite,1.0,2.192604442326795e-08,1.0,9.645225823667623e-15,0.4660557498197291,0.46605572789368466,0.95,3.479070989302465e-08,3.479070989302465e-08
Iron,"('ecoinvent-3.4-biosphere', 'c983ad54-12e9-47a5-b747-5e5c448e58e2')",Fe,2.192604442326795e-08,2.192604442326795e-08,1.0,9.645225823667623e-15,9.645225823667623e-15,dissipation,Hematite,1.0,2.192604442326795e-08,1.0,9.645225823667623e-15,0.4660557498197291,0.46605572789368466,0.95,3.479070989302465e-08,3.479070989302465e-08
Iron,"('ecoinvent-3.4-biosphere', '8dba66e2-0f2e-4038-84ef-1e40b4f573a6')",Fe,2.192604442326795e-08,2.192604442326795e-08,1.0,9.645225823667623e-15,9.645225823667623e-15,dissipation,Hematite,1.0,2.192604442326795e-08,1.0,9.645225823667623e-15,0.4660557498197291,0.46605572789368466,0.95,3.479070989302465e-08,3.479070989302465e-08
Iron,"('ecoinvent-3.4-biosphere', 'db364689-e1a3-4629-8835-e6c59d6daf09')",Fe,2.192604442326795e-08,2.192604442326795e-08,1.0,9.645225823667623e-15,9.645225823667623e-15,dissipation,Hematite,1.0,2.192604442326795e-08,1.0,9.645225823667623e-15,0.4660557498197291,0.46605572789368466,0.95,3.479070989302465e-08,3.479070989302465e-08
Chromium,"('ecoinvent-3.4-biosphere', 'e65a9c58-21f1-48b6-b738-d05a8f10e5f3')",Cr,1.8127980480548677e-08,1.8127980480548677e-08,1.0,3.1278613038877847e-13,3.1278613038877847e-13,dissipation,Chromite,2.152027027027027,3.9011903939559145e-08,2.152027027027027,6.73124206275851e-13,0.2461272270789205,0.24612718806701658,0.81,8.731665085889396e-09,8.731665085889396e-09
Chromium,"('ecoinvent-3.4-biosphere', '6b29d83a-c43c-484c-8e73-474a8a22d71e')",Cr,1.8127980480548677e-08,1.8127980480548677e-08,1.0,3.1278613038877847e-13,3.1278613038877847e-13,dissipation,Chromite,2.152027027027027,3.9011903939559145e-08,2.152027027027027,6.73124206275851e-13,0.2461272270789205,0.24612718806701658,0.81,8.731665085889396e-09,8.731665085889396e-09
Chromium,"('ecoinvent-3.4-biosphere', 'e7881581-21b3-4f5c-bd63-6b0684b5e712')",Cr,1.8127980480548677e-08,1.8127980480548677e-08,1.0,3.1278613038877847e-13,3.1278613038877847e-13,dissipation,Chromite,2.152027027027027,3.9011903939559145e-08,2.152027027027027,6.73124206275851e-13,0.2461272270789205,0.24612718806701658,0.81,8.731665085889396e-09,8.731665085889396e-09
Chromium,"('ecoinvent-3.4-biosphere', 'e0336c9b-a0ff-4ae3-b8bb-ca1e46bbbc11')",Cr,1.8127980480548677e-08,1.8127980480548677e-08,1.0,3.1278613038877847e-13,3.1278613038877847e-13,dissipation,Chromite,2.152027027027027,3.9011903939559145e-08,2.152027027027027,6.73124206275851e-13,0.2461272270789205,0.24612718806701658,0.81,8.731665085889396e-09,8.731665085889396e-09
Chromium,"('ecoinvent-3.4-biosphere', '2a5ed451-12a2-47db-b4dc-fa0bfbc01d79')",Cr,1.8127980480548677e-08,1.8127980480548677e-08,1.0,3.1278613038877847e-13,3.1278613038877847e-13,dissipation,Chromite,2.152027027027027,3.9011903939559145e-08,2.152027027027027,6.73124206275851e-13,0.2461272270789205,0.24612718806701658,0.81,8.731665085889396e-09,8.731665085889396e-09
Chromium,"('ecoinvent-3.4-biosphere', '591de726-f2c7-43ba-8e22-15fd08acc8dc')",Cr,1.8127980480548677e-08,1.8127980480548677e-08,1.0,3.1278613038877847e-13,3.1278613038877847e-13,dissipation,Chromite,2.152027027027027,3.9011903939559145e-08,2.152027027027027,6.73124206275851e-13,0.2461272270789205,0.24612718806701658,0.81,8.731665085889396e-09,8.731665085889396e-09
Chromium,"('ecoinvent-3.4-biosphere', '4d40d8e3-9bc7-4ab1-ac5c-4f4a76fda8e5')",Cr,1.8127980480548677e-08,1.8127980480548677e-08,1.0,3.1278613038877847e-13,3.1278613038877847e-13,dissipation,Chromite,2.152027027027027,3.9011903939559145e-08,2.152027027027027,6.73124206275851e-13,0.2461272270789205,0.24612718806701658,0.81,8.731665085889396e-09,8.731665085889396e-09
Chromium,"('ecoinvent-3.4-biosphere', 'e142b577-e934-4085-9a07-3983d4d92afb')",Cr,1.8127980480548677e-08,1.8127980480548677e-08,1.0,3.1278613038877847e-13,3.1278613038877847e-13,dissipation,Chromite,2.152027027027027,3.9011903939559145e-08,2.152027027027027,6.73124206275851e-13,0.2461272270789205,0.24612718806701658,0.81,8.731665085889396e-09,8.731665085889396e-09
Chromium,"('ecoinvent-3.4-biosphere', '7705f0e1-5b14-44f4-b330-1245b5c7fc08')",Cr,1.8127980480548677e-08,1.8127980480548677e-08,1.0,3.1278613038877847e-13,3.1278613038877847e-13,dissipation,Chromite,2.152027027027027,3.9011903939559145e-08,2.152027027027027,6.73124206275851e-13,0.2461272270789205,0.24612718806701658,0.81,8.731665085889396e-09,8.731665085889396e-09
Zinc,"('ecoinvent-3.4-biosphere', '77887584-ddca-4920-952c-3609730e0c13')",Zn,1.6136319219146504e-08,1.6136319219146504e-08,1.0,1.0836576745711442e-13,1.0836576745711442e-13,dissipation,Sphalerite,1.4901477832512315,2.4045500314245407e-08,1.4901477832512315,1.614810081565375e-13,0.21288117798323605,0.21288115393773574,0.789865871833085,1.0652236407115368e-07,1.0652236407115368e-07
Zinc,"('ecoinvent-3.4-biosphere', 'ada3ecfe-8244-4389-bcce-e83ca4f66e09')",Zn,1.6136319219146504e-08,1.6136319219146504e-08,1.0,1.0836576745711442e-13,1.0836576745711442e-13,dissipation,Sphalerite,1.4901477832512315,2.4045500314245407e-08,1.4901477832512315,1.614810081565375e-13,0.21288117798323605,0.21288115393773574,0.789865871833085,1.0652236407115368e-07,1.0652236407115368e-07
Zinc,"('ecoinvent-3.4-biosphere', '748f22a9-eba4-4726-bef5-92c7442ce189')",Zn,1.6136319219146504e-08,1.6136319219146504e-08,1.0,1.0836576745711442e-13,1.0836576745711442e-13,dissipation,Sphalerite,1.4901477832512315,2.4045500314245407e-08,1.4901477832512315,1.614810081565375e-13,0.21288117798323605,0.21288115393773574,0.789865871833085,1.0652236407115368e-07,1.0652236407115368e-07
Zinc,"('ecoinvent-3.4-biosphere', '8f871bab-96dc-49d9-bf08-12cdd0715901')",Zn,1.6136319219146504e-08,1.6136319219146504e-08,1.0,1.0836576745711442e-13,1.0836576745711442e-13,dissipation,Sphalerite,1.4901477832512315,2.4045500314245407e-08,1.4901477832512315,1.614810081565375e-13,0.21288117798323605,0.21288115393773574,0.789865871833085,1.0652236407115368e-07,1.0652236407115368e-07
Zinc,"('ecoinvent-3.4-biosphere', '5ce378a0-b48d-471c-977d-79681521efde')",Zn,1.6136319219146504e-08,1.6136319219146504e-08,1.0,1.0836576745711442e-13,1.0836576745711442e-13,dissipation,Sphalerite,1.4901477832512315,2.4045500314245407e-08,1.4901477832512315,1.614810081565375e-13,0.21288117798323605,0.21288115393773574,0.789865871833085,1.0652236407115368e-07,1.0652236407115368e-07
Zinc,"('ecoinvent-3.4-biosphere', 'b88999ec-84fd-462d-9dec-7e20a4636a58')",Zn,1.6136319219146504e-08,1.6136319219146504e-08,1.0,1.0836576745711442e-13,1.0836576745711442e-13,dissipation,Sphalerite,1.4901477832512315,2.4045500314245407e-08,1.4901477832512315,1.614810081565375e-13,0.21288117798323605,0.21288115393773574,0.789865871833085,1.0652236407115368e-07,1.0652236407115368e-07
Zinc,"('ecoinvent-3.4-biosphere', '8d226423-1351-4366-b09f-d16c9e38683c')",Zn,1.6136319219146504e-08,1.6136319219146504e-08,1.0,1.0836576745711442e-13,1.0836576745711442e-13,dissipation,Sphalerite,1.4901477832512315,2.4045500314245407e-08,1.4901477832512315,1.614810081565375e-13,0.21288117798323605,0.21288115393773574,0.789865871833085,1.0652236407115368e-07,1.0652236407115368e-07
Zinc,"('ecoinvent-3.4-biosphere', '84aa799e-9d98-4d34-85e0-516d28ab1be9')",Zn,1.6136319219146504e-08,1.6136319219146504e-08,1.0,1.0836576745711442e-13,1.0836576745711442e-13,dissipation,Sphalerite,1.4901477832512315,2.4045500314245407e-08,1.4901477832512315,1.614810081565375e-13,0.21288117798323605,0.21288115393773574,0.789865871833085,1.0652236407115368e-07,1.0652236407115368e-07
Zinc,"('ecoinvent-3.4-biosphere', '87a69874-34f9-4070-a525-aa301ab2634b')",Zn,1.6136319219146504e-08,1.6136319219146504e-08,1.0,1.0836576745711442e-13,1.0836576745711442e-13,dissipation,Sphalerite,1.4901477832512315,2.4045500314245407e-08,1.4901477832512315,1.614810081565375e-13,0.21288117798323605,0.21288115393773574,0.789865871833085,1.0652236407115368e-07,1.0652236407115368e-07
Lead,"('ecoinvent-3.4-biosphere', 'e9e856c2-868e-435e-8425-8df1c9297cfc')",Pb,1.5692861442309014e-08,1.5692861442309014e-08,1.0,1.1855254708054448e-13,1.1855254708054448e-13,dissipation,Galena,1.1560975609756097,1.814247883818164e-08,1.1560975609756097,1.370583105272636e-13,0.10515644248728105,0.10515642434480221,0.635111259945265,7.516100124864669e-08,7.516100124864669e-08
Lead,"('ecoinvent-3.4-biosphere', '4010918f-7fd0-4925-8fbb-8fd7a44a806c')",Pb,1.5692861442309014e-08,1.5692861442309014e-08,1.0,1.1855254708054448e-13,1.1855254708054448e-13,dissipation,Galena,1.1560975609756097,1.814247883818164e-08,1.1560975609756097,1.370583105272636e-13,0.10515644248728105,0.10515642434480221,0.635111259945265,7.516100124864669e-08,7.516100124864669e-08
Lead,"('ecoinvent-3.4-biosphere', '2718482b-8399-442e-b89a-52fbcc22d2e6')",Pb,1.5692861442309014e-08,1.5692861442309014e-08,1.0,1.1855254708054448e-13,1.1855254708054448e-13,dissipation,Galena,1.1560975609756097,1.814247883818164e-08,1.1560975609756097,1.370583105272636e-13,0.10515644248728105,0.10515642434480221,0.635111259945265,7.516100124864669e-08,7.516100124864669e-08
Lead,"('ecoinvent-3.4-biosphere', '837083ce-41cd-49f3-a849-d79564dac238')",Pb,1.5692861442309014e-08,1.5692861442309014e-08,1.0,1.1855254708054448e-13,1.1855254708054448e-13,dissipation,Galena,1.1560975609756097,1.814247883818164e-08,1.1560975609756097,1.370583105272636e-13,0.10515644248728105,0.10515642434480221,0.635111259945265,7.516100124864669e-08,7.516100124864669e-08
Lead,"('ecoinvent-3.4-biosphere', '8e123669-94d3-41d8-9480-a79211fe7c43')",Pb,1.5692861442309014e-08,1.5692861442309014e-08,1.0,1.1855254708054448e-13,1.1855254708054448e-13,dissipation,Galena,1.1560975609756097,1.814247883818164e-08,1.1560975609756097,1.370583105272636e-13,0.10515644248728105,0.10515642434480221,0.635111259945265,7.516100124864669e-08,7.516100124864669e-08
Lead,"('ecoinvent-3.4-biosphere', '9ee7f4ab-b826-47ae-8623-e138f944b42e')",Pb,1.5692861442309014e-08,1.5692861442309014e-08,1.0,1.1855254708054448e-13,1.1855254708054448e-13,dissipation,Galena,1.1560975609756097,1.814247883818164e-08,1.1560975609756097,1.370583105272636e-13,0.10515644248728105,0.10515642434480221,0.635111259945265,7.516100124864669e-08,7.516100124864669e-08
Lead,"('ecoinvent-3.4-biosphere', '739234c8-5359-48b4-983f-9cb170d68c8d')",Pb,1.5692861442309014e-08,1.5692861442309014e-08,1.0,1.1855254708054448e-13,1.1855254708054448e-13,dissipation,Galena,1.1560975609756097,1.814247883818164e-08,1.1560975609756097,1.370583105272636e-13,0.10515644248728105,0.10515642434480221,0.635111259945265,7.516100124864669e-08,7.516100124864669e-08
Lead,"('ecoinvent-3.4-biosphere', 'b3ebdcc3-c588-4997-95d2-9785b26b34e1')",Pb,1.5692861442309014e-08,1.5692861442309014e-08,1.0,1.1855254708054448e-13,1.1855254708054448e-13,dissipation,Galena,1.1560975609756097,1.814247883818164e-08,1.1560975609756097,1.370583105272636e-13,0.10515644248728105,0.10515642434480221,0.635111259945265,7.516100124864669e-08,7.516100124864669e-08
Lead,"('ecoinvent-3.4-biosphere', '31c4d160-b21e-41b3-b9c1-3d7a72377653')",Pb,1.5692861442309014e-08,1.5692861442309014e-08,1.0,1.1855254708054448e-13,1.1855254708054448e-13,dissipation,Galena,1.1560975609756097,1.814247883818164e-08,1.1560975609756097,1.370583105272636e-13,0.10515644248728105,0.10515642434480221,0.635111259945265,7.516100124864669e-08,7.516100124864669e-08
Lead,"('ecoinvent-3.4-biosphere', 'fe4613d7-1ed8-427d-9b06-c8e8f4f5e1b1')",Pb,1.5692861442309014e-08,1.5692861442309014e-08,1.0,1.1855254708054448e-13,1.1855254708054448e-13,dissipation,Galena,1.1560975609756097,1.814247883818164e-08,1.1560975609756097,1.370583105272636e-13,0.10515644248728105,0.10515642434480221,0.635111259945265,7.516100124864669e-08,7.516100124864669e-08
Lead,"('ecoinvent-3.4-biosphere', '67652827-017f-4856-8d0a-c97bac4c6562')",Pb,1.5692861442309014e-08,1.5692861442309014e-08,1.0,1.1855254708054448e-13,1.1855254708054448e-13,dissipation,Galena,1.1560975609756097,1.814247883818164e-08,1.1560975609756097,1.370583105272636e-13,0.10515644248728105,0.10515642434480221,0.635111259945265,7.516100124864669e-08,7.516100124864669e-08
Lead,"('ecoinvent-3.4-biosphere', 'c864aa15-0abc-41ad-9889-348106e485d8')",Pb,1.5692861442309014e-08,1.5692861442309014e-08,1.0,1.1855254708054448e-13,1.1855254708054448e-13,dissipation,Galena,1.1560975609756097,1.814247883818164e-08,1.1560975609756097,1.370583105272636e-13,0.10515644248728105,0.10515642434480221,0.635111259945265,7.516100124864669e-08,7.516100124864669e-08
Lead,"('ecoinvent-3.4-biosphere', '0ff15165-d761-48c9-9814-2d1dcdd56857')",Pb,1.5692861442309014e-08,1.5692861442309014e-08,1.0,1.1855254708054448e-13,1.1855254708054448e-13,dissipation,Galena,1.1560975609756097,1.814247883818164e-08,1.1560975609756097,1.370583105272636e-13,0.10515644248728105,0.10515642434480221,0.635111259945265,7.516100124864669e-08,7.516100124864669e-08
Lead,"('ecoinvent-3.4-biosphere', '6a903634-c97f-4c49-a7c0-88f0e6ac7a23')",Pb,1.5692861442309014e-08,1.5692861442309014e-08,1.0,1.1855254708054448e-13,1.1855254708054448e-13,dissipation,Galena,1.1560975609756097,1.814247883818164e-08,1.1560975609756097,1.370583105272636e-13,0.10515644248728105,0.10515642434480221,0.635111259945265,7.516100124864669e-08,7.516100124864669e-08
Cobalt,"('ecoinvent-3.4-biosphere', '9ce88274-57b6-42ed-a78b-4abef2301865')",Co,1.4818791763875378e-08,1.4818791763875378e-08,1.0,1.9447495148453946e-12,1.9447495148453946e-12,dissipation,Linnaeite,1.727272727272727,2.559609486487565e-08,1.727272727272727,3.3591127983693174e-12,0.015088369910128439,0.015088344314033574,0.0455986939380875,1.4021903112423571e-05,1.4021903112423571e-05
Cobalt,"('ecoinvent-3.4-biosphere', '1e904267-caa3-40e6-a3a0-fc104489770b')",Co,1.4818791763875378e-08,1.4818791763875378e-08,1.0,1.9447495148453946e-12,1.9447495148453946e-12,dissipation,Linnaeite,1.727272727272727,2.559609486487565e-08,1.727272727272727,3.3591127983693174e-12,0.015088369910128439,0.015088344314033574,0.0455986939380875,1.4021903112423571e-05,1.4021903112423571e-05
Cobalt,"('ecoinvent-3.4-biosphere', '9542444c-7c7a-48e2-bc9c-9c7c34fb7b3e')",Co,1.4818791763875378e-08,1.4818791763875378e-08,1.0,1.9447495148453946e-12,1.9447495148453946e-12,dissipation,Linnaeite,1.727272727272727,2.559609486487565e-08,1.727272727272727,3.3591127983693174e-12,0.015088369910128439,0.015088344314033574,0.0455986939380875,1.4021903112423571e-05,1.4021903112423571e-05
Cobalt,"('ecoinvent-3.4-biosphere', '33627701-feca-434d-a192-674a450eaaf7')",Co,1.4818791763875378e-08,1.4818791763875378e-08,1.0,1.9447495148453946e-12,1.9447495148453946e-12,dissipation,Linnaeite,1.727272727272727,2.559609486487565e-08,1.727272727272727,3.3591127983693174e-12,0.015088369910128439,0.015088344314033574,0.0455986939380875,1.4021903112423571e-05,1.4021903112423571e-05
Cobalt,"('ecoinvent-3.4-biosphere', 'caf066cf-40ce-47a8-ba4c-969fcd6019c7')",Co,1.4818791763875378e-08,1.4818791763875378e-08,1.0,1.9447495148453946e-12,1.9447495148453946e-12,dissipation,Linnaeite,1.727272727272727,2.559609486487565e-08,1.727272727272727,3.3591127983693174e-12,0.015088369910128439,0.015088344314033574,0.0455986939380875,1.4021903112423571e-05,1.4021903112423571e-05
Cobalt,"('ecoinvent-3.4-biosphere', '74eb3f02-09ec-46ce-8ee8-d67d0900136b')",Co,1.4818791763875378e-08,1.4818791763875378e-08,1.0,1.9447495148453946e-12,1.9447495148453946e-12,dissipation,Linnaeite,1.727272727272727,2.559609486487565e-08,1.727272727272727,3.3591127983693174e-12,0.015088369910128439,0.015088344314033574,0.0455986939380875,1.4021903112423571e-05,1.4021903112423571e-05
Cobalt,"('ecoinvent-3.4-biosphere', 'f0d1c319-249f-4a89-b0e7-3a5a90a54036')",Co,1.4818791763875378e-08,1.4818791763875378e-08,1.0,1.9447495148453946e-12,1.9447495148453946e-12,dissipation,Linnaeite,1.727272727272727,2.559609486487565e-08,1.727272727272727,3.3591127983693174e-12,0.015088369910128439,0.015088344314033574,0.0455986939380875,1.4021903112423571e-05,1.4021903112423571e-05
Cobalt,"('ecoinvent-3.4-biosphere', 'f0e28a62-ddf9-4c93-af81-676a58c3f2d4')",Co,1.4818791763875378e-08,1.4818791763875378e-08,1.0,1.9447495148453946e-12,1.9447495148453946e-12,dissipation,Linnaeite,1.727272727272727,2.559609486487565e-08,1.727272727272727,3.3591127983693174e-12,0.015088369910128439,0.015088344314033574,0.0455986939380875,1.4021903112423571e-05,1.4021903112423571e-05
Cobalt,"('ecoinvent-3.4-biosphere', 'd4291dd5-dae8-47fa-bf06-466fcecbc210')",Co,1.4818791763875378e-08,1.4818791763875378e-08,1.0,1.9447495148453946e-12,1.9447495148453946e-12,dissipation,Linnaeite,1.727272727272727,2.559609486487565e-08,1.727272727272727,3.3591127983693174e-12,0.015088369910128439,0.015088344314033574,0.0455986939380875,1.4021903112423571e-05,1.4021903112423571e-05
Cobalt,"('ecoinvent-3.4-biosphere', 'ca04300a-8338-4601-ba7c-66c10a4f6322')",Co,1.4818791763875378e-08,1.4818791763875378e-08,1.0,1.9447495148453946e-12,1.9447495148453946e-12,dissipation,Linnaeite,1.727272727272727,2.559609486487565e-08,1.727272727272727,3.3591127983693174e-12,0.015088369910128439,0.015088344314033574,0.0455986939380875,1.4021903112423571e-05,1.4021903112423571e-05
Cobalt,"('ecoinvent-3.4-biosphere', '12051b95-831a-49c0-9a70-fbc0e8fb9af9')",Co,1.4818791763875378e-08,1.4818791763875378e-08,1.0,1.9447495148453946e-12,1.9447495148453946e-12,dissipation,Linnaeite,1.727272727272727,2.559609486487565e-08,1.727272727272727,3.3591127983693174e-12,0.015088369910128439,0.015088344314033574,0.0455986939380875,1.4021903112423571e-05,1.4021903112423571e-05
Cobalt,"('ecoinvent-3.4-biosphere', '381a22c9-3722-4378-810d-86958f7b6d32')",Co,1.4818791763875378e-08,1.4818791763875378e-08,1.0,1.9447495148453946e-12,1.9447495148453946e-12,dissipation,Linnaeite,1.727272727272727,2.559609486487565e-08,1.727272727272727,3.3591127983693174e-12,0.015088369910128439,0.015088344314033574,0.0455986939380875,1.4021903112423571e-05,1.4021903112423571e-05
Cobalt,"('ecoinvent-3.4-biosphere', 'b10faa87-2c1d-4f6e-aa65-9f80b376939a')",Co,1.4818791763875378e-08,1.4818791763875378e-08,1.0,1.9447495148453946e-12,1.9447495148453946e-12,dissipation,Linnaeite,1.727272727272727,2.559609486487565e-08,1.727272727272727,3.3591127983693174e-12,0.015088369910128439,0.015088344314033574,0.0455986939380875,1.4021903112423571e-05,1.4021903112423571e-05
Cobalt,"('ecoinvent-3.4-biosphere', 'c58d25ad-30d2-4fac-a857-1fa6f67afe8a')",Co,1.4818791763875378e-08,1.4818791763875378e-08,1.0,1.9447495148453946e-12,1.9447495148453946e-12,dissipation,Linnaeite,1.727272727272727,2.559609486487565e-08,1.727272727272727,3.3591127983693174e-12,0.015088369910128439,0.015088344314033574,0.0455986939380875,1.4021903112423571e-05,1.4021903112423571e-05
Aluminium,"('ecoinvent-3.4-biosphere', '7880e65c-0321-4295-ba55-3186ad36e489')",Al,1.3390278912931914e-08,1.3390278912931914e-08,1.0,6.422536676269254e-14,6.422536676269254e-14,dissipation,Bauxite (Gibbsite),2.8930041152263373,3.8738131999140475e-08,2.8930041152263373,1.8580425034639034e-13,0.23086450876489972,0.23086447002676772,0.95,2.729972908598881e-06,2.729972908598881e-06
Aluminium,"('ecoinvent-3.4-biosphere', '765546a9-b056-4d27-ad14-2f016511bdcb')",Al,1.3390278912931914e-08,1.3390278912931914e-08,1.0,6.422536676269254e-14,6.422536676269254e-14,dissipation,Bauxite (Gibbsite),2.8930041152263373,3.8738131999140475e-08,2.8930041152263373,1.8580425034639034e-13,0.23086450876489972,0.23086447002676772,0.95,2.729972908598881e-06,2.729972908598881e-06
Aluminium,"('ecoinvent-3.4-biosphere', '6f0b8b7c-3888-4174-b7e3-916d42d678ee')",Al,1.3390278912931914e-08,1.3390278912931914e-08,1.0,6.422536676269254e-14,6.422536676269254e-14,dissipation,Bauxite (Gibbsite),2.8930041152263373,3.8738131999140475e-08,2.8930041152263373,1.8580425034639034e-13,0.23086450876489972,0.23086447002676772,0.95,2.729972908598881e-06,2.729972908598881e-06
Aluminium,"('ecoinvent-3.4-biosphere', '46e63323-cffd-4c46-829b-5f006b50fa9b')",Al,1.3390278912931914e-08,1.3390278912931914e-08,1.0,6.422536676269254e-14,6.422536676269254e-14,dissipation,Bauxite (Gibbsite),2.8930041152263373,3.8738131999140475e-08,2.8930041152263373,1.8580425034639034e-13,0.23086450876489972,0.23086447002676772,0.95,2.729972908598881e-06,2.729972908598881e-06
Aluminium,"('ecoinvent-3.4-biosphere', '01056d4b-f9b0-4dfc-b8d9-8407c8376efb')",Al,1.3390278912931914e-08,1.3390278912931914e-08,1.0,6.422536676269254e-14,6.422536676269254e-14,dissipation,Bauxite (Gibbsite),2.8930041152263373,3.8738131999140475e-08,2.8930041152263373,1.8580425034639034e-13,0.23086450876489972,0.23086447002676772,0.95,2.729972908598881e-06,2.729972908598881e-06
Aluminium,"('ecoinvent-3.4-biosphere', 'd96403bf-902e-4b7a-8ffd-32fe09e4017f')",Al,1.3390278912931914e-08,1.3390278912931914e-08,1.0,6.422536676269254e-14,6.422536676269254e-14,dissipation,Bauxite (Gibbsite),2.8930041152263373,3.8738131999140475e-08,2.8930041152263373,1.8580425034639034e-13,0.23086450876489972,0.23086447002676772,0.95,2.729972908598881e-06,2.729972908598881e-06
Aluminium,"('ecoinvent-3.4-biosphere', '0ace7678-a181-48e8-8728-d912a8b56c57')",Al,1.3390278912931914e-08,1.3390278912931914e-08,1.0,6.422536676269254e-14,6.422536676269254e-14,dissipation,Bauxite (Gibbsite),2.8930041152263373,3.8738131999140475e-08,2.8930041152263373,1.8580425034639034e-13,0.23086450876489972,0.23086447002676772,0.95,2.729972908598881e-06,2.729972908598881e-06
Aluminium,"('ecoinvent-3.4-biosphere', '97e498ec-f323-4ec6-bcc0-d8a4c853bae3')",Al,1.3390278912931914e-08,1.3390278912931914e-08,1.0,6.422536676269254e-14,6.422536676269254e-14,dissipation,Bauxite (Gibbsite),2.8930041152263373,3.8738131999140475e-08,2.8930041152263373,1.8580425034639034e-13,0.23086450876489972,0.23086447002676772,0.95,2.729972908598881e-06,2.729972908598881e-06
Aluminium,"('ecoinvent-3.4-biosphere', '9c3bd678-1b2f-4b95-a245-d5c8a3fe326b')",Al,1.3390278912931914e-08,1.3390278912931914e-08,1.0,6.422536676269254e-14,6.422536676269254e-14,dissipation,Bauxite (Gibbsite),2.8930041152263373,3.8738131999140475e-08,2.8930041152263373,1.8580425034639034e-13,0.23086450876489972,0.23086447002676772,0.95,2.729972908598881e-06,2.729972908598881e-06
Aluminium,"('ecoinvent-3.4-biosphere', '2baa4381-b781-4f5e-90de-508b0fa3fd1f')",Al,1.3390278912931914e-08,1.3390278912931914e-08,1.0,6.422536676269254e-14,6.422536676269254e-14,dissipation,Bauxite (Gibbsite),2.8930041152263373,3.8738131999140475e-08,2.8930041152263373,1.8580425034639034e-13,0.23086450876489972,0.23086447002676772,0.95,2.729972908598881e-06,2.729972908598881e-06
Aluminium,"('ecoinvent-3.4-biosphere', '2e0c9efa-d55c-49db-8be3-0376d5921ff4')",Al,1.3390278912931914e-08,1.3390278912931914e-08,1.0,6.422536676269254e-14,6.422536676269254e-14,dissipation,Bauxite (Gibbsite),2.8930041152263373,3.8738131999140475e-08,2.8930041152263373,1.8580425034639034e-13,0.23086450876489972,0.23086447002676772,0.95,2.729972908598881e-06,2.729972908598881e-06
Aluminium,"('ecoinvent-3.4-biosphere', 'ff65658c-2d39-44a2-b23e-7ec3c644f064')",Al,1.3390278912931914e-08,1.3390278912931914e-08,1.0,6.422536676269254e-14,6.422536676269254e-14,dissipation,Bauxite (Gibbsite),2.8930041152263373,3.8738131999140475e-08,2.8930041152263373,1.8580425034639034e-13,0.23086450876489972,0.23086447002676772,0.95,2.729972908598881e-06,2.729972908598881e-06
Aluminium,"('ecoinvent-3.4-biosphere', 'e0401210-0377-4670-84af-12247ca20bed')",Al,1.3390278912931914e-08,1.3390278912931914e-08,1.0,6.422536676269254e-14,6.422536676269254e-14,dissipation,Bauxite (Gibbsite),2.8930041152263373,3.8738131999140475e-08,2.8930041152263373,1.8580425034639034e-13,0.23086450876489972,0.23086447002676772,0.95,2.729972908598881e-06,2.729972908598881e-06
Aluminium,"('ecoinvent-3.4-biosphere', '39555a26-d28b-425f-993f-e8770ab7d9cf')",Al,1.3390278912931914e-08,1.3390278912931914e-08,1.0,6.422536676269254e-14,6.422536676269254e-14,dissipation,Bauxite (Gibbsite),2.8930041152263373,3.8738131999140475e-08,2.8930041152263373,1.8580425034639034e-13,0.23086450876489972,0.23086447002676772,0.95,2.729972908598881e-06,2.729972908598881e-06
"Tin, ion","('ecoinvent-3.4-biosphere', 'd5c40848-fc29-47fa-90a4-46db64a45a4e')",Sn,9.711904365385579e-09,9.711904365385579e-09,1.0,1.3268575464212294e-13,1.3268575464212294e-13,dissipation,Cassiterite,1.26875,1.2321978663582954e-08,1.26875,1.6834505120219348e-13,0.009054537241268257,0.009054524919289594,0.8632947389802966,3.975939701484115e-06,3.975939701484115e-06
"Tin, ion","('ecoinvent-3.4-biosphere', '2a992e5e-9f16-47b8-8bcb-733d00bed658')",Sn,9.711904365385579e-09,9.711904365385579e-09,1.0,1.3268575464212294e-13,1.3268575464212294e-13,dissipation,Cassiterite,1.26875,1.2321978663582954e-08,1.26875,1.6834505120219348e-13,0.009054537241268257,0.009054524919289594,0.8632947389802966,3.975939701484115e-06,3.975939701484115e-06
"Tin, ion","('ecoinvent-3.4-biosphere', '60a6702f-20ad-444f-a6df-f6374f1e3183')",Sn,9.711904365385579e-09,9.711904365385579e-09,1.0,1.3268575464212294e-13,1.3268575464212294e-13,dissipation,Cassiterite,1.26875,1.2321978663582954e-08,1.26875,1.6834505120219348e-13,0.009054537241268257,0.009054524919289594,0.8632947389802966,3.975939701484115e-06,3.975939701484115e-06
"Tin, ion","('ecoinvent-3.4-biosphere', 'f73177d8-5e57-4f0d-ba34-6889cfdfed40')",Sn,9.711904365385579e-09,9.711904365385579e-09,1.0,1.3268575464212294e-13,1.3268575464212294e-13,dissipation,Cassiterite,1.26875,1.2321978663582954e-08,1.26875,1.6834505120219348e-13,0.009054537241268257,0.009054524919289594,0.8632947389802966,3.975939701484115e-06,3.975939701484115e-06
"Tin, ion","('ecoinvent-3.4-biosphere', '3ddb2e36-bc1b-43a5-8ef4-cbcdbeeeea70')",Sn,9.711904365385579e-09,9.711904365385579e-09,1.0,1.3268575464212294e-13,1.3268575464212294e-13,dissipation,Cassiterite,1.26875,1.2321978663582954e-08,1.26875,1.6834505120219348e-13,0.009054537241268257,0.009054524919289594,0.8632947389802966,3.975939701484115e-06,3.975939701484115e-06
Manganese,"('ecoinvent-3.4-biosphere', '44f28e11-061d-44fd-8f25-dc62a9f1fa57')",Mn,7.924957679962621e-09,7.924957679962621e-09,1.0,6.485008032108113e-14,6.485008032108113e-14,dissipation,Pyrolusite,1.5822784810126582,1.2539489999940856e-08,1.5822784810126582,1.0261088658398912e-13,0.29578603669687803,0.29578602415738803,0.6709603911825677,7.345856663954784e-09,7.345856663954784e-09
Manganese,"('ecoinvent-3.4-biosphere', '2460f868-54a9-404c-bec8-c809a44ae72c')",Mn,7.924957679962621e-09,7.924957679962621e-09,1.0,6.485008032108113e-14,6.485008032108113e-14,dissipation,Pyrolusite,1.5822784810126582,1.2539489999940856e-08,1.5822784810126582,1.0261088658398912e-13,0.29578603669687803,0.29578602415738803,0.6709603911825677,7.345856663954784e-09,7.345856663954784e-09
Manganese,"('ecoinvent-3.4-biosphere', '835d0907-a668-4d92-b6b6-7b56fa343713')",Mn,7.924957679962621e-09,7.924957679962621e-09,1.0,6.485008032108113e-14,6.485008032108113e-14,dissipation,Pyrolusite,1.5822784810126582,1.2539489999940856e-08,1.5822784810126582,1.0261088658398912e-13,0.29578603669687803,0.29578602415738803,0.6709603911825677,7.345856663954784e-09,7.345856663954784e-09
Manganese,"('ecoinvent-3.4-biosphere', '295060ba-3c3d-45e4-99ca-e17b1204b553')",Mn,7.924957679962621e-09,7.924957679962621e-09,1.0,6.485008032108113e-14,6.485008032108113e-14,dissipation,Pyrolusite,1.5822784810126582,1.2539489999940856e-08,1.5822784810126582,1.0261088658398912e-13,0.29578603669687803,0.29578602415738803,0.6709603911825677,7.345856663954784e-09,7.345856663954784e-09
Manganese,"('ecoinvent-3.4-biosphere', 'f532985c-90b7-46fc-aac9-b039b40e22f1')",Mn,7.924957679962621e-09,7.924957679962621e-09,1.0,6.485008032108113e-14,6.485008032108113e-14,dissipation,Pyrolusite,1.5822784810126582,1.2539489999940856e-08,1.5822784810126582,1.0261088658398912e-13,0.29578603669687803,0.29578602415738803,0.6709603911825677,7.345856663954784e-09,7.345856663954784e-09
Manganese,"('ecoinvent-3.4-biosphere', '0af26a55-d357-469f-abad-8ced785cb4fb')",Mn,7.924957679962621e-09,7.924957679962621e-09,1.0,6.485008032108113e-14,6.485008032108113e-14,dissipation,Pyrolusite,1.5822784810126582,1.2539489999940856e-08,1.5822784810126582,1.0261088658398912e-13,0.29578603669687803,0.29578602415738803,0.6709603911825677,7.345856663954784e-09,7.345856663954784e-09
Manganese,"('ecoinvent-3.4-biosphere', 'b0546417-3064-4878-bd6f-2da75cefdf63')",Mn,7.924957679962621e-09,7.924957679962621e-09,1.0,6.485008032108113e-14,6.485008032108113e-14,dissipation,Pyrolusite,1.5822784810126582,1.2539489999940856e-08,1.5822784810126582,1.0261088658398912e-13,0.29578603669687803,0.29578602415738803,0.6709603911825677,7.345856663954784e-09,7.345856663954784e-09
Manganese,"('ecoinvent-3.4-biosphere', 'c91fd4bf-ed70-4e2f-a34f-159773f981b6')",Mn,7.924957679962621e-09,7.924957679962621e-09,1.0,6.485008032108113e-14,6.485008032108113e-14,dissipation,Pyrolusite,1.5822784810126582,1.2539489999940856e-08,1.5822784810126582,1.0261088658398912e-13,0.29578603669687803,0.29578602415738803,0.6709603911825677,7.345856663954784e-09,7.345856663954784e-09
Manganese,"('ecoinvent-3.4-biosphere', '9c706cff-cb82-4207-a589-95896e04dc08')",Mn,7.924957679962621e-09,7.924957679962621e-09,1.0,6.485008032108113e-14,6.485008032108113e-14,dissipation,Pyrolusite,1.5822784810126582,1.2539489999940856e-08,1.5822784810126582,1.0261088658398912e-13,0.29578603669687803,0.29578602415738803,0.6709603911825677,7.345856663954784e-09,7.345856663954784e-09
Manganese,"('ecoinvent-3.4-biosphere', '009a49e8-09a7-4432-9cb9-f2dd18e8f922')",Mn,7.924957679962621e-09,7.924957679962621e-09,1.0,6.485008032108113e-14,6.485008032108113e-14,dissipation,Pyrolusite,1.5822784810126582,1.2539489999940856e-08,1.5822784810126582,1.0261088658398912e-13,0.29578603669687803,0.29578602415738803,0.6709603911825677,7.345856663954784e-09,7.345856663954784e-09
Manganese,"('ecoinvent-3.4-biosphere', '6b7fbea6-4a86-40f9-954d-3c9b3611abfd')",Mn,7.924957679962621e-09,7.924957679962621e-09,1.0,6.485008032108113e-14,6.485008032108113e-14,dissipation,Pyrolusite,1.5822784810126582,1.2539489999940856e-08,1.5822784810126582,1.0261088658398912e-13,0.29578603669687803,0.29578602415738803,0.6709603911825677,7.345856663954784e-09,7.345856663954784e-09
Manganese,"('ecoinvent-3.4-biosphere', '10cbd2f7-c41b-4bb4-b636-d8fc15cf0282')",Mn,7.924957679962621e-09,7.924957679962621e-09,1.0,6.485008032108113e-14,6.485008032108113e-14,dissipation,Pyrolusite,1.5822784810126582,1.2539489999940856e-08,1.5822784810126582,1.0261088658398912e-13,0.29578603669687803,0.29578602415738803,0.6709603911825677,7.345856663954784e-09,7.345856663954784e-09
Manganese,"('ecoinvent-3.4-biosphere', '42053ffb-9284-49cb-88f9-33ac5c77be4a')",Mn,7.924957679962621e-09,7.924957679962621e-09,1.0,6.485008032108113e-14,6.485008032108113e-14,dissipation,Pyrolusite,1.5822784810126582,1.2539489999940856e-08,1.5822784810126582,1.0261088658398912e-13,0.29578603669687803,0.29578602415738803,0.6709603911825677,7.345856663954784e-09,7.345856663954784e-09
Manganese,"('ecoinvent-3.4-biosphere', '9ba8c05d-1593-45a5-8d3b-5c4f3e9fef32')",Mn,7.924957679962621e-09,7.924957679962621e-09,1.0,6.485008032108113e-14,6.485008032108113e-14,dissipation,Pyrolusite,1.5822784810126582,1.2539489999940856e-08,1.5822784810126582,1.0261088658398912e-13,0.29578603669687803,0.29578602415738803,0.6709603911825677,7.345856663954784e-09,7.345856663954784e-09
"Zinc, ion","('ecoinvent-3.4-biosphere', '2c7be02c-791f-4fef-b231-b90321bbeb30')",Zn,7.519400413217772e-09,7.519400413217772e-09,1.0,1.0836576745711442e-13,1.0836576745711442e-13,dissipation,Sphalerite,1.4901477832512315,1.1205017857134856e-08,1.4901477832512315,1.614810081565375e-13,0.21288117798323605,0.2128811667782182,0.789865871833085,4.963859993587741e-08,4.963859993587741e-08
"Zinc, ion","('ecoinvent-3.4-biosphere', '2195d86f-e4c8-4e86-9f18-b5b065b1df7e')",Zn,7.519400413217772e-09,7.519400413217772e-09,1.0,1.0836576745711442e-13,1.0836576745711442e-13,dissipation,Sphalerite,1.4901477832512315,1.1205017857134856e-08,1.4901477832512315,1.614810081565375e-13,0.21288117798323605,0.2128811667782182,0.789865871833085,4.963859993587741e-08,4.963859993587741e-08
"Zinc, ion","('ecoinvent-3.4-biosphere', '7e769b3e-03fb-4b53-be15-85a910dcfea9')",Zn,7.519400413217772e-09,7.519400413217772e-09,1.0,1.0836576745711442e-13,1.0836576745711442e-13,dissipation,Sphalerite,1.4901477832512315,1.1205017857134856e-08,1.4901477832512315,1.614810081565375e-13,0.21288117798323605,0.2128811667782182,0.789865871833085,4.963859993587741e-08,4.963859993587741e-08
"Zinc, ion","('ecoinvent-3.4-biosphere', '541b633c-17a3-4047-bce6-0c0e4fdb7c10')",Zn,7.519400413217772e-09,7.519400413217772e-09,1.0,1.0836576745711442e-13,1.0836576745711442e-13,dissipation,Sphalerite,1.4901477832512315,1.1205017857134856e-08,1.4901477832512315,1.614810081565375e-13,0.21288117798323605,0.2128811667782182,0.789865871833085,4.963859993587741e-08,4.963859993587741e-08
"Zinc, ion","('ecoinvent-3.4-biosphere', 'bdce3a7c-e008-4391-be26-285f71a02453')",Zn,7.519400413217772e-09,7.519400413217772e-09,1.0,1.0836576745711442e-13,1.0836576745711442e-13,dissipation,Sphalerite,1.4901477832512315,1.1205017857134856e-08,1.4901477832512315,1.614810081565375e-13,0.21288117798323605,0.2128811667782182,0.789865871833085,4.963859993587741e-08,4.963859993587741e-08
Nickel,"('ecoinvent-3.4-biosphere', '56815b4f-6138-4e0b-9fac-c94fd6b102b3')",Ni,7.477388452837547e-09,7.477388452837547e-09,1.0,9.066741688482605e-14,9.066741688482605e-14,dissipation,Pentlandite(sulphides) / Garnierite(laterites),2.9342028985507245,2.194017487190565e-08,2.9342028985507245,2.660365974275635e-13,0.010558917414268303,0.010558895474093432,0.0803628113054402,1.739439548943098e-06,1.739439548943098e-06
Nickel,"('ecoinvent-3.4-biosphere', 'e43a270f-4f88-4789-a0b8-7aba56677743')",Ni,7.477388452837547e-09,7.477388452837547e-09,1.0,9.066741688482605e-14,9.066741688482605e-14,dissipation,Pentlandite(sulphides) / Garnierite(laterites),2.9342028985507245,2.194017487190565e-08,2.9342028985507245,2.660365974275635e-13,0.010558917414268303,0.010558895474093432,0.0803628113054402,1.739439548943098e-06,1.739439548943098e-06
Nickel,"('ecoinvent-3.4-biosphere', 'a72a45ee-395a-4d25-b893-9d183e43e76e')",Ni,7.477388452837547e-09,7.477388452837547e-09,1.0,9.066741688482605e-14,9.066741688482605e-14,dissipation,Pentlandite(sulphides) / Garnierite(laterites),2.9342028985507245,2.194017487190565e-08,2.9342028985507245,2.660365974275635e-13,0.010558917414268303,0.010558895474093432,0.0803628113054402,1.739439548943098e-06,1.739439548943098e-06
Nickel,"('ecoinvent-3.4-biosphere', 'e8fc62ba-678e-4706-97d2-b79d83e227d5')",Ni,7.477388452837547e-09,7.477388452837547e-09,1.0,9.066741688482605e-14,9.066741688482605e-14,dissipation,Pentlandite(sulphides) / Garnierite(laterites),2.9342028985507245,2.194017487190565e-08,2.9342028985507245,2.660365974275635e-13,0.010558917414268303,0.010558895474093432,0.0803628113054402,1.739439548943098e-06,1.739439548943098e-06
Nickel,"('ecoinvent-3.4-biosphere', '5de1943f-b011-45a0-97d4-ed15eea6a382')",Ni,7.477388452837547e-09,7.477388452837547e-09,1.0,9.066741688482605e-14,9.066741688482605e-14,dissipation,Pentlandite(sulphides) / Garnierite(laterites),2.9342028985507245,2.194017487190565e-08,2.9342028985507245,2.660365974275635e-13,0.010558917414268303,0.010558895474093432,0.0803628113054402,1.739439548943098e-06,1.739439548943098e-06
Nickel,"('ecoinvent-3.4-biosphere', 'b4580545-243d-48d2-a3a0-2633a4f46fb1')",Ni,7.477388452837547e-09,7.477388452837547e-09,1.0,9.066741688482605e-14,9.066741688482605e-14,dissipation,Pentlandite(sulphides) / Garnierite(laterites),2.9342028985507245,2.194017487190565e-08,2.9342028985507245,2.660365974275635e-13,0.010558917414268303,0.010558895474093432,0.0803628113054402,1.739439548943098e-06,1.739439548943098e-06
Nickel,"('ecoinvent-3.4-biosphere', 'c89873de-cd23-4323-a948-f5cfeebd2fc9')",Ni,7.477388452837547e-09,7.477388452837547e-09,1.0,9.066741688482605e-14,9.066741688482605e-14,dissipation,Pentlandite(sulphides) / Garnierite(laterites),2.9342028985507245,2.194017487190565e-08,2.9342028985507245,2.660365974275635e-13,0.010558917414268303,0.010558895474093432,0.0803628113054402,1.739439548943098e-06,1.739439548943098e-06
Nickel,"('ecoinvent-3.4-biosphere', '2bcad3b3-5305-481c-a166-ad5e6eac2675')",Ni,7.477388452837547e-09,7.477388452837547e-09,1.0,9.066741688482605e-14,9.066741688482605e-14,dissipation,Pentlandite(sulphides) / Garnierite(laterites),2.9342028985507245,2.194017487190565e-08,2.9342028985507245,2.660365974275635e-13,0.010558917414268303,0.010558895474093432,0.0803628113054402,1.739439548943098e-06,1.739439548943098e-06
Nickel,"('ecoinvent-3.4-biosphere', '0545c382-2312-43b6-9ec3-63dbb1438565')",Ni,7.477388452837547e-09,7.477388452837547e-09,1.0,9.066741688482605e-14,9.066741688482605e-14,dissipation,Pentlandite(sulphides) / Garnierite(laterites),2.9342028985507245,2.194017487190565e-08,2.9342028985507245,2.660365974275635e-13,0.010558917414268303,0.010558895474093432,0.0803628113054402,1.739439548943098e-06,1.739439548943098e-06
Nickel,"('ecoinvent-3.4-biosphere', 'a5506f4b-113f-4713-95c3-c819dde6e48b')",Ni,7.477388452837547e-09,7.477388452837547e-09,1.0,9.066741688482605e-14,9.066741688482605e-14,dissipation,Pentlandite(sulphides) / Garnierite(laterites),2.9342028985507245,2.194017487190565e-08,2.9342028985507245,2.660365974275635e-13,0.010558917414268303,0.010558895474093432,0.0803628113054402,1.739439548943098e-06,1.739439548943098e-06
Aluminium,"('ecoinvent-3.4-biosphere', '7880e65c-0321-4295-ba55-3186ad36e489')",Al,6.903198719802243e-09,6.903198719802243e-09,1.0,6.422536676269254e-14,6.422536676269254e-14,dissipation,Bauxite (Gibbsite),2.8930041152263373,1.997098230461307e-08,2.8930041152263373,1.8580425034639034e-13,0.23086450876489972,0.2308644887939174,0.95,1.407404954512606e-06,1.407404954512606e-06
Aluminium,"('ecoinvent-3.4-biosphere', '765546a9-b056-4d27-ad14-2f016511bdcb')",Al,6.903198719802243e-09,6.903198719802243e-09,1.0,6.422536676269254e-14,6.422536676269254e-14,dissipation,Bauxite (Gibbsite),2.8930041152263373,1.997098230461307e-08,2.8930041152263373,1.8580425034639034e-13,0.23086450876489972,0.2308644887939174,0.95,1.407404954512606e-06,1.407404954512606e-06
Aluminium,"('ecoinvent-3.4-biosphere', '6f0b8b7c-3888-4174-b7e3-916d42d678ee')",Al,6.903198719802243e-09,6.903198719802243e-09,1.0,6.422536676269254e-14,6.422536676269254e-14,dissipation,Bauxite (Gibbsite),2.8930041152263373,1.997098230461307e-08,2.8930041152263373,1.8580425034639034e-13,0.23086450876489972,0.2308644887939174,0.95,1.407404954512606e-06,1.407404954512606e-06
Aluminium,"('ecoinvent-3.4-biosphere', '46e63323-cffd-4c46-829b-5f006b50fa9b')",Al,6.903198719802243e-09,6.903198719802243e-09,1.0,6.422536676269254e-14,6.422536676269254e-14,dissipation,Bauxite (Gibbsite),2.8930041152263373,1.997098230461307e-08,2.8930041152263373,1.8580425034639034e-13,0.23086450876489972,0.2308644887939174,0.95,1.407404954512606e-06,1.407404954512606e-06
Aluminium,"('ecoinvent-3.4-biosphere', '01056d4b-f9b0-4dfc-b8d9-8407c8376efb')",Al,6.903198719802243e-09,6.903198719802243e-09,1.0,6.422536676269254e-14,6.422536676269254e-14,dissipation,Bauxite (Gibbsite),2.8930041152263373,1.997098230461307e-08,2.8930041152263373,1.8580425034639034e-13,0.23086450876489972,0.2308644887939174,0.95,1.407404954512606e-06,1.407404954512606e-06
Aluminium,"('ecoinvent-3.4-biosphere', 'd96403bf-902e-4b7a-8ffd-32fe09e4017f')",Al,6.903198719802243e-09,6.903198719802243e-09,1.0,6.422536676269254e-14,6.422536676269254e-14,dissipation,Bauxite (Gibbsite),2.8930041152263373,1.997098230461307e-08,2.8930041152263373,1.8580425034639034e-13,0.23086450876489972,0.2308644887939174,0.95,1.407404954512606e-06,1.407404954512606e-06
Aluminium,"('ecoinvent-3.4-biosphere', '0ace7678-a181-48e8-8728-d912a8b56c57')",Al,6.903198719802243e-09,6.903198719802243e-09,1.0,6.422536676269254e-14,6.422536676269254e-14,dissipation,Bauxite (Gibbsite),2.8930041152263373,1.997098230461307e-08,2.8930041152263373,1.8580425034639034e-13,0.23086450876489972,0.2308644887939174,0.95,1.407404954512606e-06,1.407404954512606e-06
Aluminium,"('ecoinvent-3.4-biosphere', '97e498ec-f323-4ec6-bcc0-d8a4c853bae3')",Al,6.903198719802243e-09,6.903198719802243e-09,1.0,6.422536676269254e-14,6.422536676269254e-14,dissipation,Bauxite (Gibbsite),2.8930041152263373,1.997098230461307e-08,2.8930041152263373,1.8580425034639034e-13,0.23086450876489972,0.2308644887939174,0.95,1.407404954512606e-06,1.407404954512606e-06
Aluminium,"('ecoinvent-3.4-biosphere', '9c3bd678-1b2f-4b95-a245-d5c8a3fe326b')",Al,6.903198719802243e-09,6.903198719802243e-09,1.0,6.422536676269254e-14,6.422536676269254e-14,dissipation,Bauxite (Gibbsite),2.8930041152263373,1.997098230461307e-08,2.8930041152263373,1.8580425034639034e-13,0.23086450876489972,0.2308644887939174,0.95,1.407404954512606e-06,1.407404954512606e-06
Aluminium,"('ecoinvent-3.4-biosphere', '2baa4381-b781-4f5e-90de-508b0fa3fd1f')",Al,6.903198719802243e-09,6.903198719802243e-09,1.0,6.422536676269254e-14,6.422536676269254e-14,dissipation,Bauxite (Gibbsite),2.8930041152263373,1.997098230461307e-08,2.8930041152263373,1.8580425034639034e-13,0.23086450876489972,0.2308644887939174,0.95,1.407404954512606e-06,1.407404954512606e-06
Aluminium,"('ecoinvent-3.4-biosphere', '2e0c9efa-d55c-49db-8be3-0376d5921ff4')",Al,6.903198719802243e-09,6.903198719802243e-09,1.0,6.422536676269254e-14,6.422536676269254e-14,dissipation,Bauxite (Gibbsite),2.8930041152263373,1.997098230461307e-08,2.8930041152263373,1.8580425034639034e-13,0.23086450876489972,0.2308644887939174,0.95,1.407404954512606e-06,1.407404954512606e-06
Aluminium,"('ecoinvent-3.4-biosphere', 'ff65658c-2d39-44a2-b23e-7ec3c644f064')",Al,6.903198719802243e-09,6.903198719802243e-09,1.0,6.422536676269254e-14,6.422536676269254e-14,dissipation,Bauxite (Gibbsite),2.8930041152263373,1.997098230461307e-08,2.8930041152263373,1.8580425034639034e-13,0.23086450876489972,0.2308644887939174,0.95,1.407404954512606e-06,1.407404954512606e-06
Aluminium,"('ecoinvent-3.4-biosphere', 'e0401210-0377-4670-84af-12247ca20bed')",Al,6.903198719802243e-09,6.903198719802243e-09,1.0,6.422536676269254e-14,6.422536676269254e-14,dissipation,Bauxite (Gibbsite),2.8930041152263373,1.997098230461307e-08,2.8930041152263373,1.8580425034639034e-13,0.23086450876489972,0.2308644887939174,0.95,1.407404954512606e-06,1.407404954512606e-06
Aluminium,"('ecoinvent-3.4-biosphere', '39555a26-d28b-425f-993f-e8770ab7d9cf')",Al,6.903198719802243e-09,6.903198719802243e-09,1.0,6.422536676269254e-14,6.422536676269254e-14,dissipation,Bauxite (Gibbsite),2.8930041152263373,1.997098230461307e-08,2.8930041152263373,1.8580425034639034e-13,0.23086450876489972,0.2308644887939174,0.95,1.407404954512606e-06,1.407404954512606e-06
"Nickel, ion","('ecoinvent-3.4-biosphere', '23cb10a4-6228-4ce4-9fb5-7043bc31faec')",Ni,5.320484341798089e-09,5.320484341798089e-09,1.0,9.066741688482605e-14,9.066741688482605e-14,dissipation,Pentlandite(sulphides) / Garnierite(laterites),2.9342028985507245,1.5611380577397696e-08,2.9342028985507245,2.660365974275635e-13,0.010558917414268303,0.010558901802887726,0.0803628113054402,1.2376858782241627e-06,1.2376858782241627e-06
"Nickel, ion","('ecoinvent-3.4-biosphere', '9f69cb8e-51fe-447b-a1ac-4da74de8ebe4')",Ni,5.320484341798089e-09,5.320484341798089e-09,1.0,9.066741688482605e-14,9.066741688482605e-14,dissipation,Pentlandite(sulphides) / Garnierite(laterites),2.9342028985507245,1.5611380577397696e-08,2.9342028985507245,2.660365974275635e-13,0.010558917414268303,0.010558901802887726,0.0803628113054402,1.2376858782241627e-06,1.2376858782241627e-06
"Nickel, ion","('ecoinvent-3.4-biosphere', 'e030108f-2125-4bcb-a73b-ad72130fcca3')",Ni,5.320484341798089e-09,5.320484341798089e-09,1.0,9.066741688482605e-14,9.066741688482605e-14,dissipation,Pentlandite(sulphides) / Garnierite(laterites),2.9342028985507245,1.5611380577397696e-08,2.9342028985507245,2.660365974275635e-13,0.010558917414268303,0.010558901802887726,0.0803628113054402,1.2376858782241627e-06,1.2376858782241627e-06
"Nickel, ion","('ecoinvent-3.4-biosphere', '9798359e-a3ee-4362-a038-23a188582c6e')",Ni,5.320484341798089e-09,5.320484341798089e-09,1.0,9.066741688482605e-14,9.066741688482605e-14,dissipation,Pentlandite(sulphides) / Garnierite(laterites),2.9342028985507245,1.5611380577397696e-08,2.9342028985507245,2.660365974275635e-13,0.010558917414268303,0.010558901802887726,0.0803628113054402,1.2376858782241627e-06,1.2376858782241627e-06
"Nickel, ion","('ecoinvent-3.4-biosphere', '6ec6cdaa-5a01-46d4-b716-1905e56690ea')",Ni,5.320484341798089e-09,5.320484341798089e-09,1.0,9.066741688482605e-14,9.066741688482605e-14,dissipation,Pentlandite(sulphides) / Garnierite(laterites),2.9342028985507245,1.5611380577397696e-08,2.9342028985507245,2.660365974275635e-13,0.010558917414268303,0.010558901802887726,0.0803628113054402,1.2376858782241627e-06,1.2376858782241627e-06
Aluminium,"('ecoinvent-3.4-biosphere', '7880e65c-0321-4295-ba55-3186ad36e489')",Al,4.4888405359990675e-09,4.4888405359990675e-09,1.0,6.422536676269254e-14,6.422536676269254e-14,dissipation,Bauxite (Gibbsite),2.8930041152263373,1.29862341432401e-08,2.8930041152263373,1.8580425034639034e-13,0.23086450876489972,0.23086449577866558,0.95,9.151723171562602e-07,9.151723171562602e-07
Aluminium,"('ecoinvent-3.4-biosphere', '765546a9-b056-4d27-ad14-2f016511bdcb')",Al,4.4888405359990675e-09,4.4888405359990675e-09,1.0,6.422536676269254e-14,6.422536676269254e-14,dissipation,Bauxite (Gibbsite),2.8930041152263373,1.29862341432401e-08,2.8930041152263373,1.8580425034639034e-13,0.23086450876489972,0.23086449577866558,0.95,9.151723171562602e-07,9.151723171562602e-07
Aluminium,"('ecoinvent-3.4-biosphere', '6f0b8b7c-3888-4174-b7e3-916d42d678ee')",Al,4.4888405359990675e-09,4.4888405359990675e-09,1.0,6.422536676269254e-14,6.422536676269254e-14,dissipation,Bauxite (Gibbsite),2.8930041152263373,1.29862341432401e-08,2.8930041152263373,1.8580425034639034e-13,0.23086450876489972,0.23086449577866558,0.95,9.151723171562602e-07,9.151723171562602e-07
Aluminium,"('ecoinvent-3.4-biosphere', '46e63323-cffd-4c46-829b-5f006b50fa9b')",Al,4.4888405359990675e-09,4.4888405359990675e-09,1.0,6.422536676269254e-14,6.422536676269254e-14,dissipation,Bauxite (Gibbsite),2.8930041152263373,1.29862341432401e-08,2.8930041152263373,1.8580425034639034e-13,0.23086450876489972,0.23086449577866558,0.95,9.151723171562602e-07,9.151723171562602e-07
Aluminium,"('ecoinvent-3.4-biosphere', '01056d4b-f9b0-4dfc-b8d9-8407c8376efb')",Al,4.4888405359990675e-09,4.4888405359990675e-09,1.0,6.422536676269254e-14,6.422536676269254e-14,dissipation,Bauxite (Gibbsite),2.8930041152263373,1.29862341432401e-08,2.8930041152263373,1.8580425034639034e-13,0.23086450876489972,0.23086449577866558,0.95,9.151723171562602e-07,9.151723171562602e-07
Aluminium,"('ecoinvent-3.4-biosphere', 'd96403bf-902e-4b7a-8ffd-32fe09e4017f')",Al,4.4888405359990675e-09,4.4888405359990675e-09,1.0,6.422536676269254e-14,6.422536676269254e-14,dissipation,Bauxite (Gibbsite),2.8930041152263373,1.29862341432401e-08,2.8930041152263373,1.8580425034639034e-13,0.23086450876489972,0.23086449577866558,0.95,9.151723171562602e-07,9.151723171562602e-07
Aluminium,"('ecoinvent-3.4-biosphere', '0ace7678-a181-48e8-8728-d912a8b56c57')",Al,4.4888405359990675e-09,4.4888405359990675e-09,1.0,6.422536676269254e-14,6.422536676269254e-14,dissipation,Bauxite (Gibbsite),2.8930041152263373,1.29862341432401e-08,2.8930041152263373,1.8580425034639034e-13,0.23086450876489972,0.23086449577866558,0.95,9.151723171562602e-07,9.151723171562602e-07
Aluminium,"('ecoinvent-3.4-biosphere', '97e498ec-f323-4ec6-bcc0-d8a4c853bae3')",Al,4.4888405359990675e-09,4.4888405359990675e-09,1.0,6.422536676269254e-14,6.422536676269254e-14,dissipation,Bauxite (Gibbsite),2.8930041152263373,1.29862341432401e-08,2.8930041152263373,1.8580425034639034e-13,0.23086450876489972,0.23086449577866558,0.95,9.151723171562602e-07,9.151723171562602e-07
Aluminium,"('ecoinvent-3.4-biosphere', '9c3bd678-1b2f-4b95-a245-d5c8a3fe326b')",Al,4.4888405359990675e-09,4.4888405359990675e-09,1.0,6.422536676269254e-14,6.422536676269254e-14,dissipation,Bauxite (Gibbsite),2.8930041152263373,1.29862341432401e-08,2.8930041152263373,1.8580425034639034e-13,0.23086450876489972,0.23086449577866558,0.95,9.151723171562602e-07,9.151723171562602e-07
Aluminium,"('ecoinvent-3.4-biosphere', '2baa4381-b781-4f5e-90de-508b0fa3fd1f')",Al,4.4888405359990675e-09,4.4888405359990675e-09,1.0,6.422536676269254e-14,6.422536676269254e-14,dissipation,Bauxite (Gibbsite),2.8930041152263373,1.29862341432401e-08,2.8930041152263373,1.8580425034639034e-13,0.23086450876489972,0.23086449577866558,0.95,9.151723171562602e-07,9.151723171562602e-07
Aluminium,"('ecoinvent-3.4-biosphere', '2e0c9efa-d55c-49db-8be3-0376d5921ff4')",Al,4.4888405359990675e-09,4.4888405359990675e-09,1.0,6.422536676269254e-14,6.422536676269254e-14,dissipation,Bauxite (Gibbsite),2.8930041152263373,1.29862341432401e-08,2.8930041152263373,1.8580425034639034e-13,0.23086450876489972,0.23086449577866558,0.95,9.151723171562602e-07,9.151723171562602e-07
Aluminium,"('ecoinvent-3.4-biosphere', 'ff65658c-2d39-44a2-b23e-7ec3c644f064')",Al,4.4888405359990675e-09,4.4888405359990675e-09,1.0,6.422536676269254e-14,6.422536676269254e-14,dissipation,Bauxite (Gibbsite),2.8930041152263373,1.29862341432401e-08,2.8930041152263373,1.8580425034639034e-13,0.23086450876489972,0.23086449577866558,0.95,9.151723171562602e-07,9.151723171562602e-07
Aluminium,"('ecoinvent-3.4-biosphere', 'e0401210-0377-4670-84af-12247ca20bed')",Al,4.4888405359990675e-09,4.4888405359990675e-09,1.0,6.422536676269254e-14,6.422536676269254e-14,dissipation,Bauxite (Gibbsite),2.8930041152263373,1.29862341432401e-08,2.8930041152263373,1.8580425034639034e-13,0.23086450876489972,0.23086449577866558,0.95,9.151723171562602e-07,9.151723171562602e-07
Aluminium,"('ecoinvent-3.4-biosphere', '39555a26-d28b-425f-993f-e8770ab7d9cf')",Al,4.4888405359990675e-09,4.4888405359990675e-09,1.0,6.422536676269254e-14,6.422536676269254e-14,dissipation,Bauxite (Gibbsite),2.8930041152263373,1.29862341432401e-08,2.8930041152263373,1.8580425034639034e-13,0.23086450876489972,0.23086449577866558,0.95,9.151723171562602e-07,9.151723171562602e-07
Aluminium,"('ecoinvent-3.4-biosphere', '7880e65c-0321-4295-ba55-3186ad36e489')",Al,4.440366644458449e-09,4.440366644458449e-09,1.0,6.422536676269254e-14,6.422536676269254e-14,dissipation,Bauxite (Gibbsite),2.8930041152263373,1.2845998975532055e-08,2.8930041152263373,1.8580425034639034e-13,0.23086450876489972,0.23086449591890074,0.95,9.05289587078006e-07,9.05289587078006e-07
Aluminium,"('ecoinvent-3.4-biosphere', '765546a9-b056-4d27-ad14-2f016511bdcb')",Al,4.440366644458449e-09,4.440366644458449e-09,1.0,6.422536676269254e-14,6.422536676269254e-14,dissipation,Bauxite (Gibbsite),2.8930041152263373,1.2845998975532055e-08,2.8930041152263373,1.8580425034639034e-13,0.23086450876489972,0.23086449591890074,0.95,9.05289587078006e-07,9.05289587078006e-07
Aluminium,"('ecoinvent-3.4-biosphere', '6f0b8b7c-3888-4174-b7e3-916d42d678ee')",Al,4.440366644458449e-09,4.440366644458449e-09,1.0,6.422536676269254e-14,6.422536676269254e-14,dissipation,Bauxite (Gibbsite),2.8930041152263373,1.2845998975532055e-08,2.8930041152263373,1.8580425034639034e-13,0.23086450876489972,0.23086449591890074,0.95,9.05289587078006e-07,9.05289587078006e-07
Aluminium,"('ecoinvent-3.4-biosphere', '46e63323-cffd-4c46-829b-5f006b50fa9b')",Al,4.440366644458449e-09,4.440366644458449e-09,1.0,6.422536676269254e-14,6.422536676269254e-14,dissipation,Bauxite (Gibbsite),2.8930041152263373,1.2845998975532055e-08,2.8930041152263373,1.8580425034639034e-13,0.23086450876489972,0.23086449591890074,0.95,9.05289587078006e-07,9.05289587078006e-07
Aluminium,"('ecoinvent-3.4-biosphere', '01056d4b-f9b0-4dfc-b8d9-8407c8376efb')",Al,4.440366644458449e-09,4.440366644458449e-09,1.0,6.422536676269254e-14,6.422536676269254e-14,dissipation,Bauxite (Gibbsite),2.8930041152263373,1.2845998975532055e-08,2.8930041152263373,1.8580425034639034e-13,0.23086450876489972,0.23086449591890074,0.95,9.05289587078006e-07,9.05289587078006e-07
Aluminium,"('ecoinvent-3.4-biosphere', 'd96403bf-902e-4b7a-8ffd-32fe09e4017f')",Al,4.440366644458449e-09,4.440366644458449e-09,1.0,6.422536676269254e-14,6.422536676269254e-14,dissipation,Bauxite (Gibbsite),2.8930041152263373,1.2845998975532055e-08,2.8930041152263373,1.8580425034639034e-13,0.23086450876489972,0.23086449591890074,0.95,9.05289587078006e-07,9.05289587078006e-07
Aluminium,"('ecoinvent-3.4-biosphere', '0ace7678-a181-48e8-8728-d912a8b56c57')",Al,4.440366644458449e-09,4.440366644458449e-09,1.0,6.422536676269254e-14,6.422536676269254e-14,dissipation,Bauxite (Gibbsite),2.8930041152263373,1.2845998975532055e-08,2.8930041152263373,1.8580425034639034e-13,0.23086450876489972,0.23086449591890074,0.95,9.05289587078006e-07,9.05289587078006e-07
Aluminium,"('ecoinvent-3.4-biosphere', '97e498ec-f323-4ec6-bcc0-d8a4c853bae3')",Al,4.440366644458449e-09,4.440366644458449e-09,1.0,6.422536676269254e-14,6.422536676269254e-14,dissipation,Bauxite (Gibbsite),2.8930041152263373,1.2845998975532055e-08,2.8930041152263373,1.8580425034639034e-13,0.23086450876489972,0.23086449591890074,0.95,9.05289587078006e-07,9.05289587078006e-07
Aluminium,"('ecoinvent-3.4-biosphere', '9c3bd678-1b2f-4b95-a245-d5c8a3fe326b')",Al,4.440366644458449e-09,4.440366644458449e-09,1.0,6.422536676269254e-14,6.422536676269254e-14,dissipation,Bauxite (Gibbsite),2.8930041152263373,1.2845998975532055e-08,2.8930041152263373,1.8580425034639034e-13,0.23086450876489972,0.23086449591890074,0.95,9.05289587078006e-07,9.05289587078006e-07
Aluminium,"('ecoinvent-3.4-biosphere', '2baa4381-b781-4f5e-90de-508b0fa3fd1f')",Al,4.440366644458449e-09,4.440366644458449e-09,1.0,6.422536676269254e-14,6.422536676269254e-14,dissipation,Bauxite (Gibbsite),2.8930041152263373,1.2845998975532055e-08,2.8930041152263373,1.8580425034639034e-13,0.23086450876489972,0.23086449591890074,0.95,9.05289587078006e-07,9.05289587078006e-07
Aluminium,"('ecoinvent-3.4-biosphere', '2e0c9efa-d55c-49db-8be3-0376d5921ff4')",Al,4.440366644458449e-09,4.440366644458449e-09,1.0,6.422536676269254e-14,6.422536676269254e-14,dissipation,Bauxite (Gibbsite),2.8930041152263373,1.2845998975532055e-08,2.8930041152263373,1.8580425034639034e-13,0.23086450876489972,0.23086449591890074,0.95,9.05289587078006e-07,9.05289587078006e-07
Aluminium,"('ecoinvent-3.4-biosphere', 'ff65658c-2d39-44a2-b23e-7ec3c644f064')",Al,4.440366644458449e-09,4.440366644458449e-09,1.0,6.422536676269254e-14,6.422536676269254e-14,dissipation,Bauxite (Gibbsite),2.8930041152263373,1.2845998975532055e-08,2.8930041152263373,1.8580425034639034e-13,0.23086450876489972,0.23086449591890074,0.95,9.05289587078006e-07,9.05289587078006e-07
Aluminium,"('ecoinvent-3.4-biosphere', 'e0401210-0377-4670-84af-12247ca20bed')",Al,4.440366644458449e-09,4.440366644458449e-09,1.0,6.422536676269254e-14,6.422536676269254e-14,dissipation,Bauxite (Gibbsite),2.8930041152263373,1.2845998975532055e-08,2.8930041152263373,1.8580425034639034e-13,0.23086450876489972,0.23086449591890074,0.95,9.05289587078006e-07,9.05289587078006e-07
Aluminium,"('ecoinvent-3.4-biosphere', '39555a26-d28b-425f-993f-e8770ab7d9cf')",Al,4.440366644458449e-09,4.440366644458449e-09,1.0,6.422536676269254e-14,6.422536676269254e-14,dissipation,Bauxite (Gibbsite),2.8930041152263373,1.2845998975532055e-08,2.8930041152263373,1.8580425034639034e-13,0.23086450876489972,0.23086449591890074,0.95,9.05289587078006e-07,9.05289587078006e-07
Molybdenum,"('ecoinvent-3.4-biosphere', '163926e2-b4cc-42bb-ba7d-401028140985')",Mo,2.933909048318437e-09,2.933909048318437e-09,1.0,1.6532043483883647e-13,1.6532043483883647e-13,dissipation,Molybdenite,1.6700000000000004,4.899628110691791e-09,1.6700000000000004,2.7608512618085697e-13,0.0023389070923680233,0.0023389021927399125,0.9176761103880936,4.2275513613533585e-05,4.2275513613533585e-05
Molybdenum,"('ecoinvent-3.4-biosphere', '9cf3a683-ed3d-40e9-b039-7653e4fc9e20')",Mo,2.933909048318437e-09,2.933909048318437e-09,1.0,1.6532043483883647e-13,1.6532043483883647e-13,dissipation,Molybdenite,1.6700000000000004,4.899628110691791e-09,1.6700000000000004,2.7608512618085697e-13,0.0023389070923680233,0.0023389021927399125,0.9176761103880936,4.2275513613533585e-05,4.2275513613533585e-05
Molybdenum,"('ecoinvent-3.4-biosphere', '35b4d818-1019-413b-b99d-d351d8a67ac4')",Mo,2.933909048318437e-09,2.933909048318437e-09,1.0,1.6532043483883647e-13,1.6532043483883647e-13,dissipation,Molybdenite,1.6700000000000004,4.899628110691791e-09,1.6700000000000004,2.7608512618085697e-13,0.0023389070923680233,0.0023389021927399125,0.9176761103880936,4.2275513613533585e-05,4.2275513613533585e-05
Molybdenum,"('ecoinvent-3.4-biosphere', 'c26d4716-ce1e-43da-a662-cd9498b1e8bc')",Mo,2.933909048318437e-09,2.933909048318437e-09,1.0,1.6532043483883647e-13,1.6532043483883647e-13,dissipation,Molybdenite,1.6700000000000004,4.899628110691791e-09,1.6700000000000004,2.7608512618085697e-13,0.0023389070923680233,0.0023389021927399125,0.9176761103880936,4.2275513613533585e-05,4.2275513613533585e-05
Molybdenum,"('ecoinvent-3.4-biosphere', '1f3c2297-d652-468d-82e8-4fd59bf5b5b8')",Mo,2.933909048318437e-09,2.933909048318437e-09,1.0,1.6532043483883647e-13,1.6532043483883647e-13,dissipation,Molybdenite,1.6700000000000004,4.899628110691791e-09,1.6700000000000004,2.7608512618085697e-13,0.0023389070923680233,0.0023389021927399125,0.9176761103880936,4.2275513613533585e-05,4.2275513613533585e-05
Molybdenum,"('ecoinvent-3.4-biosphere', '640e30d2-3158-4a1a-82ef-fd0c72922c9a')",Mo,2.933909048318437e-09,2.933909048318437e-09,1.0,1.6532043483883647e-13,1.6532043483883647e-13,dissipation,Molybdenite,1.6700000000000004,4.899628110691791e-09,1.6700000000000004,2.7608512618085697e-13,0.0023389070923680233,0.0023389021927399125,0.9176761103880936,4.2275513613533585e-05,4.2275513613533585e-05
Molybdenum,"('ecoinvent-3.4-biosphere', '697e8ecf-bdbe-4857-92c9-e01960c91db7')",Mo,2.933909048318437e-09,2.933909048318437e-09,1.0,1.6532043483883647e-13,1.6532043483883647e-13,dissipation,Molybdenite,1.6700000000000004,4.899628110691791e-09,1.6700000000000004,2.7608512618085697e-13,0.0023389070923680233,0.0023389021927399125,0.9176761103880936,4.2275513613533585e-05,4.2275513613533585e-05
Molybdenum,"('ecoinvent-3.4-biosphere', '442511cc-a98b-4242-9229-5736cb9a9399')",Mo,2.933909048318437e-09,2.933909048318437e-09,1.0,1.6532043483883647e-13,1.6532043483883647e-13,dissipation,Molybdenite,1.6700000000000004,4.899628110691791e-09,1.6700000000000004,2.7608512618085697e-13,0.0023389070923680233,0.0023389021927399125,0.9176761103880936,4.2275513613533585e-05,4.2275513613533585e-05
Molybdenum,"('ecoinvent-3.4-biosphere', '3822809c-cc03-469d-ac2a-9f85842f8440')",Mo,2.933909048318437e-09,2.933909048318437e-09,1.0,1.6532043483883647e-13,1.6532043483883647e-13,dissipation,Molybdenite,1.6700000000000004,4.899628110691791e-09,1.6700000000000004,2.7608512618085697e-13,0.0023389070923680233,0.0023389021927399125,0.9176761103880936,4.2275513613533585e-05,4.2275513613533585e-05
Molybdenum,"('ecoinvent-3.4-biosphere', 'c126f8a0-6bc4-42e6-9220-d6ccfef3f2ed')",Mo,2.933909048318437e-09,2.933909048318437e-09,1.0,1.6532043483883647e-13,1.6532043483883647e-13,dissipation,Molybdenite,1.6700000000000004,4.899628110691791e-09,1.6700000000000004,2.7608512618085697e-13,0.0023389070923680233,0.0023389021927399125,0.9176761103880936,4.2275513613533585e-05,4.2275513613533585e-05
Molybdenum,"('ecoinvent-3.4-biosphere', '8b531ec0-ca7a-49cd-bef0-56f110112f34')",Mo,2.933909048318437e-09,2.933909048318437e-09,1.0,1.6532043483883647e-13,1.6532043483883647e-13,dissipation,Molybdenite,1.6700000000000004,4.899628110691791e-09,1.6700000000000004,2.7608512618085697e-13,0.0023389070923680233,0.0023389021927399125,0.9176761103880936,4.2275513613533585e-05,4.2275513613533585e-05
Molybdenum,"('ecoinvent-3.4-biosphere', 'fdaaef05-0d10-4032-b2e7-85cae3c7bd5c')",Mo,2.933909048318437e-09,2.933909048318437e-09,1.0,1.6532043483883647e-13,1.6532043483883647e-13,dissipation,Molybdenite,1.6700000000000004,4.899628110691791e-09,1.6700000000000004,2.7608512618085697e-13,0.0023389070923680233,0.0023389021927399125,0.9176761103880936,4.2275513613533585e-05,4.2275513613533585e-05
Molybdenum,"('ecoinvent-3.4-biosphere', '7d3f7498-3596-478a-9fa1-72201ef94082')",Mo,2.933909048318437e-09,2.933909048318437e-09,1.0,1.6532043483883647e-13,1.6532043483883647e-13,dissipation,Molybdenite,1.6700000000000004,4.899628110691791e-09,1.6700000000000004,2.7608512618085697e-13,0.0023389070923680233,0.0023389021927399125,0.9176761103880936,4.2275513613533585e-05,4.2275513613533585e-05
Molybdenum,"('ecoinvent-3.4-biosphere', '5fa36ce3-aed0-443b-a09d-4cdf25b41995')",Mo,2.933909048318437e-09,2.933909048318437e-09,1.0,1.6532043483883647e-13,1.6532043483883647e-13,dissipation,Molybdenite,1.6700000000000004,4.899628110691791e-09,1.6700000000000004,2.7608512618085697e-13,0.0023389070923680233,0.0023389021927399125,0.9176761103880936,4.2275513613533585e-05,4.2275513613533585e-05
Chromium VI,"('ecoinvent-3.4-biosphere', '7a59e8d5-cd11-4ee7-b1ca-30979d2b0b3a')",Cr,2.44358113034819e-09,2.44358113034819e-09,1.0,3.1278613038877847e-13,3.1278613038877847e-13,dissipation,Chromite,2.152027027027027,5.258652635242558e-09,2.152027027027027,6.73124206275851e-13,0.2461272270789205,0.2461272218202679,0.81,1.1769944027995999e-09,1.1769944027995999e-09
Chromium VI,"('ecoinvent-3.4-biosphere', '68ba2022-830e-45fb-8c85-b35e94754ae9')",Cr,2.44358113034819e-09,2.44358113034819e-09,1.0,3.1278613038877847e-13,3.1278613038877847e-13,dissipation,Chromite,2.152027027027027,5.258652635242558e-09,2.152027027027027,6.73124206275851e-13,0.2461272270789205,0.2461272218202679,0.81,1.1769944027995999e-09,1.1769944027995999e-09
Chromium VI,"('ecoinvent-3.4-biosphere', '58060894-19d9-4855-84d8-58935a5325f8')",Cr,2.44358113034819e-09,2.44358113034819e-09,1.0,3.1278613038877847e-13,3.1278613038877847e-13,dissipation,Chromite,2.152027027027027,5.258652635242558e-09,2.152027027027027,6.73124206275851e-13,0.2461272270789205,0.2461272218202679,0.81,1.1769944027995999e-09,1.1769944027995999e-09
Chromium VI,"('ecoinvent-3.4-biosphere', '81e17d9a-3e0b-414e-9b2e-eca7e5b3bd4a')",Cr,2.44358113034819e-09,2.44358113034819e-09,1.0,3.1278613038877847e-13,3.1278613038877847e-13,dissipation,Chromite,2.152027027027027,5.258652635242558e-09,2.152027027027027,6.73124206275851e-13,0.2461272270789205,0.2461272218202679,0.81,1.1769944027995999e-09,1.1769944027995999e-09
Chromium VI,"('ecoinvent-3.4-biosphere', '81b3321a-c9d8-4104-a974-5460f1bc5029')",Cr,2.44358113034819e-09,2.44358113034819e-09,1.0,3.1278613038877847e-13,3.1278613038877847e-13,dissipation,Chromite,2.152027027027027,5.258652635242558e-09,2.152027027027027,6.73124206275851e-13,0.2461272270789205,0.2461272218202679,0.81,1.1769944027995999e-09,1.1769944027995999e-09
Chromium VI,"('ecoinvent-3.4-biosphere', 'abbd3b09-a7ec-435a-9d01-34cf8581739e')",Cr,2.44358113034819e-09,2.44358113034819e-09,1.0,3.1278613038877847e-13,3.1278613038877847e-13,dissipation,Chromite,2.152027027027027,5.258652635242558e-09,2.152027027027027,6.73124206275851e-13,0.2461272270789205,0.2461272218202679,0.81,1.1769944027995999e-09,1.1769944027995999e-09
Chromium VI,"('ecoinvent-3.4-biosphere', '03b279a7-4626-4703-a451-d0650599dbd9')",Cr,2.44358113034819e-09,2.44358113034819e-09,1.0,3.1278613038877847e-13,3.1278613038877847e-13,dissipation,Chromite,2.152027027027027,5.258652635242558e-09,2.152027027027027,6.73124206275851e-13,0.2461272270789205,0.2461272218202679,0.81,1.1769944027995999e-09,1.1769944027995999e-09
Chromium VI,"('ecoinvent-3.4-biosphere', 'a9ec0c9b-982a-4329-99ae-dab1f9fb62d3')",Cr,2.44358113034819e-09,2.44358113034819e-09,1.0,3.1278613038877847e-13,3.1278613038877847e-13,dissipation,Chromite,2.152027027027027,5.258652635242558e-09,2.152027027027027,6.73124206275851e-13,0.2461272270789205,0.2461272218202679,0.81,1.1769944027995999e-09,1.1769944027995999e-09
Chromium VI,"('ecoinvent-3.4-biosphere', '8ec83662-7c2b-4452-8acf-95a0bb94233c')",Cr,2.44358113034819e-09,2.44358113034819e-09,1.0,3.1278613038877847e-13,3.1278613038877847e-13,dissipation,Chromite,2.152027027027027,5.258652635242558e-09,2.152027027027027,6.73124206275851e-13,0.2461272270789205,0.2461272218202679,0.81,1.1769944027995999e-09,1.1769944027995999e-09
Chromium VI,"('ecoinvent-3.4-biosphere', '9bbae55a-35de-4eff-a219-814a9fec5ac2')",Cr,2.44358113034819e-09,2.44358113034819e-09,1.0,3.1278613038877847e-13,3.1278613038877847e-13,dissipation,Chromite,2.152027027027027,5.258652635242558e-09,2.152027027027027,6.73124206275851e-13,0.2461272270789205,0.2461272218202679,0.81,1.1769944027995999e-09,1.1769944027995999e-09
Chromium VI,"('ecoinvent-3.4-biosphere', 'c2e854f9-fe22-4fe7-9083-cf6d0a8c7254')",Cr,2.44358113034819e-09,2.44358113034819e-09,1.0,3.1278613038877847e-13,3.1278613038877847e-13,dissipation,Chromite,2.152027027027027,5.258652635242558e-09,2.152027027027027,6.73124206275851e-13,0.2461272270789205,0.2461272218202679,0.81,1.1769944027995999e-09,1.1769944027995999e-09
Chromium VI,"('ecoinvent-3.4-biosphere', 'ef475b50-9cd0-4e7c-9c59-07868fe16e91')",Cr,2.44358113034819e-09,2.44358113034819e-09,1.0,3.1278613038877847e-13,3.1278613038877847e-13,dissipation,Chromite,2.152027027027027,5.258652635242558e-09,2.152027027027027,6.73124206275851e-13,0.2461272270789205,0.2461272218202679,0.81,1.1769944027995999e-09,1.1769944027995999e-09
Chromium VI,"('ecoinvent-3.4-biosphere', '01285299-c683-4e15-b654-201987a7a738')",Cr,2.44358113034819e-09,2.44358113034819e-09,1.0,3.1278613038877847e-13,3.1278613038877847e-13,dissipation,Chromite,2.152027027027027,5.258652635242558e-09,2.152027027027027,6.73124206275851e-13,0.2461272270789205,0.2461272218202679,0.81,1.1769944027995999e-09,1.1769944027995999e-09
Chromium VI,"('ecoinvent-3.4-biosphere', '8216fc31-15a1-4d33-858f-e09650b14c63')",Cr,2.44358113034819e-09,2.44358113034819e-09,1.0,3.1278613038877847e-13,3.1278613038877847e-13,dissipation,Chromite,2.152027027027027,5.258652635242558e-09,2.152027027027027,6.73124206275851e-13,0.2461272270789205,0.2461272218202679,0.81,1.1769944027995999e-09,1.1769944027995999e-09
"Iron, ion","('ecoinvent-3.4-biosphere', '9b6d6f07-ebc6-447d-a3c0-f2017d77d852')",Fe,2.306977114529738e-09,2.306977114529738e-09,1.0,9.645225823667623e-15,9.645225823667623e-15,dissipation,Hematite,1.0,2.306977114529738e-09,1.0,9.645225823667623e-15,0.4660557498197291,0.46605574751275197,0.95,3.6605496616685042e-09,3.6605496616685042e-09
"Iron, ion","('ecoinvent-3.4-biosphere', '33fd8342-58e7-45c9-ad92-0951c002c403')",Fe,2.306977114529738e-09,2.306977114529738e-09,1.0,9.645225823667623e-15,9.645225823667623e-15,dissipation,Hematite,1.0,2.306977114529738e-09,1.0,9.645225823667623e-15,0.4660557498197291,0.46605574751275197,0.95,3.6605496616685042e-09,3.6605496616685042e-09
"Iron, ion","('ecoinvent-3.4-biosphere', 'de444dc0-5964-4501-8367-50ba53bfc6b9')",Fe,2.306977114529738e-09,2.306977114529738e-09,1.0,9.645225823667623e-15,9.645225823667623e-15,dissipation,Hematite,1.0,2.306977114529738e-09,1.0,9.645225823667623e-15,0.4660557498197291,0.46605574751275197,0.95,3.6605496616685042e-09,3.6605496616685042e-09
"Iron, ion","('ecoinvent-3.4-biosphere', '7c335b9c-a403-47a8-bb6d-2e7d3c3a230e')",Fe,2.306977114529738e-09,2.306977114529738e-09,1.0,9.645225823667623e-15,9.645225823667623e-15,dissipation,Hematite,1.0,2.306977114529738e-09,1.0,9.645225823667623e-15,0.4660557498197291,0.46605574751275197,0.95,3.6605496616685042e-09,3.6605496616685042e-09
"Iron, ion","('ecoinvent-3.4-biosphere', '2c9a7182-37c8-4777-a37a-9a007c3edb2f')",Fe,2.306977114529738e-09,2.306977114529738e-09,1.0,9.645225823667623e-15,9.645225823667623e-15,dissipation,Hematite,1.0,2.306977114529738e-09,1.0,9.645225823667623e-15,0.4660557498197291,0.46605574751275197,0.95,3.6605496616685042e-09,3.6605496616685042e-09
"Zinc, ion","('ecoinvent-3.4-biosphere', '2c7be02c-791f-4fef-b231-b90321bbeb30')",Zn,1.7544313428284435e-09,1.7544313428284435e-09,1.0,1.0836576745711442e-13,1.0836576745711442e-13,dissipation,Sphalerite,1.4901477832512315,2.6143619763822865e-09,1.4901477832512315,1.614810081565375e-13,0.21288117798323605,0.21288117536887408,0.789865871833085,1.1581709781567576e-08,1.1581709781567576e-08
"Zinc, ion","('ecoinvent-3.4-biosphere', '2195d86f-e4c8-4e86-9f18-b5b065b1df7e')",Zn,1.7544313428284435e-09,1.7544313428284435e-09,1.0,1.0836576745711442e-13,1.0836576745711442e-13,dissipation,Sphalerite,1.4901477832512315,2.6143619763822865e-09,1.4901477832512315,1.614810081565375e-13,0.21288117798323605,0.21288117536887408,0.789865871833085,1.1581709781567576e-08,1.1581709781567576e-08
"Zinc, ion","('ecoinvent-3.4-biosphere', '7e769b3e-03fb-4b53-be15-85a910dcfea9')",Zn,1.7544313428284435e-09,1.7544313428284435e-09,1.0,1.0836576745711442e-13,1.0836576745711442e-13,dissipation,Sphalerite,1.4901477832512315,2.6143619763822865e-09,1.4901477832512315,1.614810081565375e-13,0.21288117798323605,0.21288117536887408,0.789865871833085,1.1581709781567576e-08,1.1581709781567576e-08
"Zinc, ion","('ecoinvent-3.4-biosphere', '541b633c-17a3-4047-bce6-0c0e4fdb7c10')",Zn,1.7544313428284435e-09,1.7544313428284435e-09,1.0,1.0836576745711442e-13,1.0836576745711442e-13,dissipation,Sphalerite,1.4901477832512315,2.6143619763822865e-09,1.4901477832512315,1.614810081565375e-13,0.21288117798323605,0.21288117536887408,0.789865871833085,1.1581709781567576e-08,1.1581709781567576e-08
"Zinc, ion","('ecoinvent-3.4-biosphere', 'bdce3a7c-e008-4391-be26-285f71a02453')",Zn,1.7544313428284435e-09,1.7544313428284435e-09,1.0,1.0836576745711442e-13,1.0836576745711442e-13,dissipation,Sphalerite,1.4901477832512315,2.6143619763822865e-09,1.4901477832512315,1.614810081565375e-13,0.21288117798323605,0.21288117536887408,0.789865871833085,1.1581709781567576e-08,1.1581709781567576e-08
Chromium VI,"('ecoinvent-3.4-biosphere', '7a59e8d5-cd11-4ee7-b1ca-30979d2b0b3a')",Cr,1.7164727611019812e-09,1.7164727611019812e-09,1.0,3.1278613038877847e-13,3.1278613038877847e-13,dissipation,Chromite,2.152027027027027,3.6938957730471694e-09,2.152027027027027,6.73124206275851e-13,0.2461272270789205,0.24612722338502474,0.81,8.267696896741501e-10,8.267696896741501e-10
Chromium VI,"('ecoinvent-3.4-biosphere', '68ba2022-830e-45fb-8c85-b35e94754ae9')",Cr,1.7164727611019812e-09,1.7164727611019812e-09,1.0,3.1278613038877847e-13,3.1278613038877847e-13,dissipation,Chromite,2.152027027027027,3.6938957730471694e-09,2.152027027027027,6.73124206275851e-13,0.2461272270789205,0.24612722338502474,0.81,8.267696896741501e-10,8.267696896741501e-10
Chromium VI,"('ecoinvent-3.4-biosphere', '58060894-19d9-4855-84d8-58935a5325f8')",Cr,1.7164727611019812e-09,1.7164727611019812e-09,1.0,3.1278613038877847e-13,3.1278613038877847e-13,dissipation,Chromite,2.152027027027027,3.6938957730471694e-09,2.152027027027027,6.73124206275851e-13,0.2461272270789205,0.24612722338502474,0.81,8.267696896741501e-10,8.267696896741501e-10
Chromium VI,"('ecoinvent-3.4-biosphere', '81e17d9a-3e0b-414e-9b2e-eca7e5b3bd4a')",Cr,1.7164727611019812e-09,1.7164727611019812e-09,1.0,3.1278613038877847e-13,3.1278613038877847e-13,dissipation,Chromite,2.152027027027027,3.6938957730471694e-09,2.152027027027027,6.73124206275851e-13,0.2461272270789205,0.24612722338502474,0.81,8.267696896741501e-10,8.267696896741501e-10
Chromium VI,"('ecoinvent-3.4-biosphere', '81b3321a-c9d8-4104-a974-5460f1bc5029')",Cr,1.7164727611019812e-09,1.7164727611019812e-09,1.0,3.1278613038877847e-13,3.1278613038877847e-13,dissipation,Chromite,2.152027027027027,3.6938957730471694e-09,2.152027027027027,6.73124206275851e-13,0.2461272270789205,0.24612722338502474,0.81,8.267696896741501e-10,8.267696896741501e-10
Chromium VI,"('ecoinvent-3.4-biosphere', 'abbd3b09-a7ec-435a-9d01-34cf8581739e')",Cr,1.7164727611019812e-09,1.7164727611019812e-09,1.0,3.1278613038877847e-13,3.1278613038877847e-13,dissipation,Chromite,2.152027027027027,3.6938957730471694e-09,2.152027027027027,6.73124206275851e-13,0.2461272270789205,0.24612722338502474,0.81,8.267696896741501e-10,8.267696896741501e-10
Chromium VI,"('ecoinvent-3.4-biosphere', '03b279a7-4626-4703-a451-d0650599dbd9')",Cr,1.7164727611019812e-09,1.7164727611019812e-09,1.0,3.1278613038877847e-13,3.1278613038877847e-13,dissipation,Chromite,2.152027027027027,3.6938957730471694e-09,2.152027027027027,6.73124206275851e-13,0.2461272270789205,0.24612722338502474,0.81,8.267696896741501e-10,8.267696896741501e-10
Chromium VI,"('ecoinvent-3.4-biosphere', 'a9ec0c9b-982a-4329-99ae-dab1f9fb62d3')",Cr,1.7164727611019812e-09,1.7164727611019812e-09,1.0,3.1278613038877847e-13,3.1278613038877847e-13,dissipation,Chromite,2.152027027027027,3.6938957730471694e-09,2.152027027027027,6.73124206275851e-13,0.2461272270789205,0.24612722338502474,0.81,8.267696896741501e-10,8.267696896741501e-10
Chromium VI,"('ecoinvent-3.4-biosphere', '8ec83662-7c2b-4452-8acf-95a0bb94233c')",Cr,1.7164727611019812e-09,1.7164727611019812e-09,1.0,3.1278613038877847e-13,3.1278613038877847e-13,dissipation,Chromite,2.152027027027027,3.6938957730471694e-09,2.152027027027027,6.73124206275851e-13,0.2461272270789205,0.24612722338502474,0.81,8.267696896741501e-10,8.267696896741501e-10
Chromium VI,"('ecoinvent-3.4-biosphere', '9bbae55a-35de-4eff-a219-814a9fec5ac2')",Cr,1.7164727611019812e-09,1.7164727611019812e-09,1.0,3.1278613038877847e-13,3.1278613038877847e-13,dissipation,Chromite,2.152027027027027,3.6938957730471694e-09,2.152027027027027,6.73124206275851e-13,0.2461272270789205,0.24612722338502474,0.81,8.267696896741501e-10,8.267696896741501e-10
Chromium VI,"('ecoinvent-3.4-biosphere', 'c2e854f9-fe22-4fe7-9083-cf6d0a8c7254')",Cr,1.7164727611019812e-09,1.7164727611019812e-09,1.0,3.1278613038877847e-13,3.1278613038877847e-13,dissipation,Chromite,2.152027027027027,3.6938957730471694e-09,2.152027027027027,6.73124206275851e-13,0.2461272270789205,0.24612722338502474,0.81,8.267696896741501e-10,8.267696896741501e-10
Chromium VI,"('ecoinvent-3.4-biosphere', 'ef475b50-9cd0-4e7c-9c59-07868fe16e91')",Cr,1.7164727611019812e-09,1.7164727611019812e-09,1.0,3.1278613038877847e-13,3.1278613038877847e-13,dissipation,Chromite,2.152027027027027,3.6938957730471694e-09,2.152027027027027,6.73124206275851e-13,0.2461272270789205,0.24612722338502474,0.81,8.267696896741501e-10,8.267696896741501e-10
Chromium VI,"('ecoinvent-3.4-biosphere', '01285299-c683-4e15-b654-201987a7a738')",Cr,1.7164727611019812e-09,1.7164727611019812e-09,1.0,3.1278613038877847e-13,3.1278613038877847e-13,dissipation,Chromite,2.152027027027027,3.6938957730471694e-09,2.152027027027027,6.73124206275851e-13,0.2461272270789205,0.24612722338502474,0.81,8.267696896741501e-10,8.267696896741501e-10
Chromium VI,"('ecoinvent-3.4-biosphere', '8216fc31-15a1-4d33-858f-e09650b14c63')",Cr,1.7164727611019812e-09,1.7164727611019812e-09,1.0,3.1278613038877847e-13,3.1278613038877847e-13,dissipation,Chromite,2.152027027027027,3.6938957730471694e-09,2.152027027027027,6.73124206275851e-13,0.2461272270789205,0.24612722338502474,0.81,8.267696896741501e-10,8.267696896741501e-10
Cobalt,"('ecoinvent-3.4-biosphere', '9ce88274-57b6-42ed-a78b-4abef2301865')",Co,1.3788199782401473e-09,1.3788199782401473e-09,1.0,1.9447495148453946e-12,1.9447495148453946e-12,dissipation,Linnaeite,1.727272727272727,2.3815981442329815e-09,1.727272727272727,3.3591127983693174e-12,0.015088369910128439,0.015088367528530294,0.0455986939380875,1.3046729752604036e-06,1.3046729752604036e-06
Cobalt,"('ecoinvent-3.4-biosphere', '1e904267-caa3-40e6-a3a0-fc104489770b')",Co,1.3788199782401473e-09,1.3788199782401473e-09,1.0,1.9447495148453946e-12,1.9447495148453946e-12,dissipation,Linnaeite,1.727272727272727,2.3815981442329815e-09,1.727272727272727,3.3591127983693174e-12,0.015088369910128439,0.015088367528530294,0.0455986939380875,1.3046729752604036e-06,1.3046729752604036e-06
Cobalt,"('ecoinvent-3.4-biosphere', '9542444c-7c7a-48e2-bc9c-9c7c34fb7b3e')",Co,1.3788199782401473e-09,1.3788199782401473e-09,1.0,1.9447495148453946e-12,1.9447495148453946e-12,dissipation,Linnaeite,1.727272727272727,2.3815981442329815e-09,1.727272727272727,3.3591127983693174e-12,0.015088369910128439,0.015088367528530294,0.0455986939380875,1.3046729752604036e-06,1.3046729752604036e-06
Cobalt,"('ecoinvent-3.4-biosphere', '33627701-feca-434d-a192-674a450eaaf7')",Co,1.3788199782401473e-09,1.3788199782401473e-09,1.0,1.9447495148453946e-12,1.9447495148453946e-12,dissipation,Linnaeite,1.727272727272727,2.3815981442329815e-09,1.727272727272727,3.3591127983693174e-12,0.015088369910128439,0.015088367528530294,0.0455986939380875,1.3046729752604036e-06,1.3046729752604036e-06
Cobalt,"('ecoinvent-3.4-biosphere', 'caf066cf-40ce-47a8-ba4c-969fcd6019c7')",Co,1.3788199782401473e-09,1.3788199782401473e-09,1.0,1.9447495148453946e-12,1.9447495148453946e-12,dissipation,Linnaeite,1.727272727272727,2.3815981442329815e-09,1.727272727272727,3.3591127983693174e-12,0.015088369910128439,0.015088367528530294,0.0455986939380875,1.3046729752604036e-06,1.3046729752604036e-06
Cobalt,"('ecoinvent-3.4-biosphere', '74eb3f02-09ec-46ce-8ee8-d67d0900136b')",Co,1.3788199782401473e-09,1.3788199782401473e-09,1.0,1.9447495148453946e-12,1.9447495148453946e-12,dissipation,Linnaeite,1.727272727272727,2.3815981442329815e-09,1.727272727272727,3.3591127983693174e-12,0.015088369910128439,0.015088367528530294,0.0455986939380875,1.3046729752604036e-06,1.3046729752604036e-06
Cobalt,"('ecoinvent-3.4-biosphere', 'f0d1c319-249f-4a89-b0e7-3a5a90a54036')",Co,1.3788199782401473e-09,1.3788199782401473e-09,1.0,1.9447495148453946e-12,1.9447495148453946e-12,dissipation,Linnaeite,1.727272727272727,2.3815981442329815e-09,1.727272727272727,3.3591127983693174e-12,0.015088369910128439,0.015088367528530294,0.0455986939380875,1.3046729752604036e-06,1.3046729752604036e-06
Cobalt,"('ecoinvent-3.4-biosphere', 'f0e28a62-ddf9-4c93-af81-676a58c3f2d4')",Co,1.3788199782401473e-09,1.3788199782401473e-09,1.0,1.9447495148453946e-12,1.9447495148453946e-12,dissipation,Linnaeite,1.727272727272727,2.3815981442329815e-09,1.727272727272727,3.3591127983693174e-12,0.015088369910128439,0.015088367528530294,0.0455986939380875,1.3046729752604036e-06,1.3046729752604036e-06
Cobalt,"('ecoinvent-3.4-biosphere', 'd4291dd5-dae8-47fa-bf06-466fcecbc210')",Co,1.3788199782401473e-09,1.3788199782401473e-09,1.0,1.9447495148453946e-12,1.9447495148453946e-12,dissipation,Linnaeite,1.727272727272727,2.3815981442329815e-09,1.727272727272727,3.3591127983693174e-12,0.015088369910128439,0.015088367528530294,0.0455986939380875,1.3046729752604036e-06,1.3046729752604036e-06
Cobalt,"('ecoinvent-3.4-biosphere', 'ca04300a-8338-4601-ba7c-66c10a4f6322')",Co,1.3788199782401473e-09,1.3788199782401473e-09,1.0,1.9447495148453946e-12,1.9447495148453946e-12,dissipation,Linnaeite,1.727272727272727,2.3815981442329815e-09,1.727272727272727,3.3591127983693174e-12,0.015088369910128439,0.015088367528530294,0.0455986939380875,1.3046729752604036e-06,1.3046729752604036e-06
Cobalt,"('ecoinvent-3.4-biosphere', '12051b95-831a-49c0-9a70-fbc0e8fb9af9')",Co,1.3788199782401473e-09,1.3788199782401473e-09,1.0,1.9447495148453946e-12,1.9447495148453946e-12,dissipation,Linnaeite,1.727272727272727,2.3815981442329815e-09,1.727272727272727,3.3591127983693174e-12,0.015088369910128439,0.015088367528530294,0.0455986939380875,1.3046729752604036e-06,1.3046729752604036e-06
Cobalt,"('ecoinvent-3.4-biosphere', '381a22c9-3722-4378-810d-86958f7b6d32')",Co,1.3788199782401473e-09,1.3788199782401473e-09,1.0,1.9447495148453946e-12,1.9447495148453946e-12,dissipation,Linnaeite,1.727272727272727,2.3815981442329815e-09,1.727272727272727,3.3591127983693174e-12,0.015088369910128439,0.015088367528530294,0.0455986939380875,1.3046729752604036e-06,1.3046729752604036e-06
Cobalt,"('ecoinvent-3.4-biosphere', 'b10faa87-2c1d-4f6e-aa65-9f80b376939a')",Co,1.3788199782401473e-09,1.3788199782401473e-09,1.0,1.9447495148453946e-12,1.9447495148453946e-12,dissipation,Linnaeite,1.727272727272727,2.3815981442329815e-09,1.727272727272727,3.3591127983693174e-12,0.015088369910128439,0.015088367528530294,0.0455986939380875,1.3046729752604036e-06,1.3046729752604036e-06
Cobalt,"('ecoinvent-3.4-biosphere', 'c58d25ad-30d2-4fac-a857-1fa6f67afe8a')",Co,1.3788199782401473e-09,1.3788199782401473e-09,1.0,1.9447495148453946e-12,1.9447495148453946e-12,dissipation,Linnaeite,1.727272727272727,2.3815981442329815e-09,1.727272727272727,3.3591127983693174e-12,0.015088369910128439,0.015088367528530294,0.0455986939380875,1.3046729752604036e-06,1.3046729752604036e-06
Iron,"('ecoinvent-3.4-biosphere', '76152de4-9499-48f7-af98-a5d41842484a')",Fe,1.3336892577555043e-09,1.3336892577555043e-09,1.0,9.645225823667623e-15,9.645225823667623e-15,dissipation,Hematite,1.0,1.3336892577555043e-09,1.0,9.645225823667623e-15,0.4660557498197291,0.4660557484860398,0.95,2.116204598804712e-09,2.116204598804712e-09
Iron,"('ecoinvent-3.4-biosphere', 'e3043a7f-5347-4c7b-89ee-93f11b2f6d9b')",Fe,1.3336892577555043e-09,1.3336892577555043e-09,1.0,9.645225823667623e-15,9.645225823667623e-15,dissipation,Hematite,1.0,1.3336892577555043e-09,1.0,9.645225823667623e-15,0.4660557498197291,0.4660557484860398,0.95,2.116204598804712e-09,2.116204598804712e-09
Iron,"('ecoinvent-3.4-biosphere', '0dc0bbb0-1141-4dff-b6a2-8bd5368e14af')",Fe,1.3336892577555043e-09,1.3336892577555043e-09,1.0,9.645225823667623e-15,9.645225823667623e-15,dissipation,Hematite,1.0,1.3336892577555043e-09,1.0,9.645225823667623e-15,0.4660557498197291,0.4660557484860398,0.95,2.116204598804712e-09,2.116204598804712e-09
Iron,"('ecoinvent-3.4-biosphere', '98693cdf-d9fc-43ed-bfe6-78dfe5742d33')",Fe,1.3336892577555043e-09,1.3336892577555043e-09,1.0,9.645225823667623e-15,9.645225823667623e-15,dissipation,Hematite,1.0,1.3336892577555043e-09,1.0,9.645225823667623e-15,0.4660557498197291,0.4660557484860398,0.95,2.116204598804712e-09,2.116204598804712e-09
Iron,"('ecoinvent-3.4-biosphere', 'ce567bdc-76ec-4ca0-be79-8bb796e448b3')",Fe,1.3336892577555043e-09,1.3336892577555043e-09,1.0,9.645225823667623e-15,9.645225823667623e-15,dissipation,Hematite,1.0,1.3336892577555043e-09,1.0,9.645225823667623e-15,0.4660557498197291,0.4660557484860398,0.95,2.116204598804712e-09,2.116204598804712e-09
Iron,"('ecoinvent-3.4-biosphere', 'e8bd2edd-f937-49f6-9e8b-9f445278775e')",Fe,1.3336892577555043e-09,1.3336892577555043e-09,1.0,9.645225823667623e-15,9.645225823667623e-15,dissipation,Hematite,1.0,1.3336892577555043e-09,1.0,9.645225823667623e-15,0.4660557498197291,0.4660557484860398,0.95,2.116204598804712e-09,2.116204598804712e-09
Iron,"('ecoinvent-3.4-biosphere', '32cd0492-c0cb-4898-a2b1-675eedc5b688')",Fe,1.3336892577555043e-09,1.3336892577555043e-09,1.0,9.645225823667623e-15,9.645225823667623e-15,dissipation,Hematite,1.0,1.3336892577555043e-09,1.0,9.645225823667623e-15,0.4660557498197291,0.4660557484860398,0.95,2.116204598804712e-09,2.116204598804712e-09
Iron,"('ecoinvent-3.4-biosphere', 'c983ad54-12e9-47a5-b747-5e5c448e58e2')",Fe,1.3336892577555043e-09,1.3336892577555043e-09,1.0,9.645225823667623e-15,9.645225823667623e-15,dissipation,Hematite,1.0,1.3336892577555043e-09,1.0,9.645225823667623e-15,0.4660557498197291,0.4660557484860398,0.95,2.116204598804712e-09,2.116204598804712e-09
Iron,"('ecoinvent-3.4-biosphere', '8dba66e2-0f2e-4038-84ef-1e40b4f573a6')",Fe,1.3336892577555043e-09,1.3336892577555043e-09,1.0,9.645225823667623e-15,9.645225823667623e-15,dissipation,Hematite,1.0,1.3336892577555043e-09,1.0,9.645225823667623e-15,0.4660557498197291,0.4660557484860398,0.95,2.116204598804712e-09,2.116204598804712e-09
Iron,"('ecoinvent-3.4-biosphere', 'db364689-e1a3-4629-8835-e6c59d6daf09')",Fe,1.3336892577555043e-09,1.3336892577555043e-09,1.0,9.645225823667623e-15,9.645225823667623e-15,dissipation,Hematite,1.0,1.3336892577555043e-09,1.0,9.645225823667623e-15,0.4660557498197291,0.4660557484860398,0.95,2.116204598804712e-09,2.116204598804712e-09
"Silver, ion","('ecoinvent-3.4-biosphere', 'af9793ba-25a1-4928-a14a-4bcf7d5bd3f7')",Ag,1.2465219294735637e-09,1.2465219294735637e-09,1.0,1.5701960660375504e-13,1.5701960660375504e-13,dissipation,Argentite,1.1478494623655913,1.4308195265731495e-09,1.1478494623655913,1.8023487102097688e-13,0.0005609394054083945,0.0005609379745888679,0.9,0.0004024307839760653,0.0004024307839760653
"Silver, ion","('ecoinvent-3.4-biosphere', '71cfe87c-ab80-421e-adba-afb7d5bd0861')",Ag,1.2465219294735637e-09,1.2465219294735637e-09,1.0,1.5701960660375504e-13,1.5701960660375504e-13,dissipation,Argentite,1.1478494623655913,1.4308195265731495e-09,1.1478494623655913,1.8023487102097688e-13,0.0005609394054083945,0.0005609379745888679,0.9,0.0004024307839760653,0.0004024307839760653
"Silver, ion","('ecoinvent-3.4-biosphere', '94426df9-63b1-4dc6-ad1b-3509e22f1154')",Ag,1.2465219294735637e-09,1.2465219294735637e-09,1.0,1.5701960660375504e-13,1.5701960660375504e-13,dissipation,Argentite,1.1478494623655913,1.4308195265731495e-09,1.1478494623655913,1.8023487102097688e-13,0.0005609394054083945,0.0005609379745888679,0.9,0.0004024307839760653,0.0004024307839760653
"Silver, ion","('ecoinvent-3.4-biosphere', '21c257b2-57ce-4a6e-b4bd-40f0f75f310f')",Ag,1.2465219294735637e-09,1.2465219294735637e-09,1.0,1.5701960660375504e-13,1.5701960660375504e-13,dissipation,Argentite,1.1478494623655913,1.4308195265731495e-09,1.1478494623655913,1.8023487102097688e-13,0.0005609394054083945,0.0005609379745888679,0.9,0.0004024307839760653,0.0004024307839760653
"Silver, ion","('ecoinvent-3.4-biosphere', '6aa8673f-f7e3-4270-93dc-e97b745fced7')",Ag,1.2465219294735637e-09,1.2465219294735637e-09,1.0,1.5701960660375504e-13,1.5701960660375504e-13,dissipation,Argentite,1.1478494623655913,1.4308195265731495e-09,1.1478494623655913,1.8023487102097688e-13,0.0005609394054083945,0.0005609379745888679,0.9,0.0004024307839760653,0.0004024307839760653
Zinc,"('ecoinvent-3.4-biosphere', '77887584-ddca-4920-952c-3609730e0c13')",Zn,1.1343568955578166e-09,1.1343568955578166e-09,1.0,1.0836576745711442e-13,1.0836576745711442e-13,dissipation,Sphalerite,1.4901477832512315,1.6903594133312292e-09,1.4901477832512315,1.614810081565375e-13,0.21288117798323605,0.21288117629287664,0.789865871833085,7.488347730633147e-09,7.488347730633147e-09
Zinc,"('ecoinvent-3.4-biosphere', 'ada3ecfe-8244-4389-bcce-e83ca4f66e09')",Zn,1.1343568955578166e-09,1.1343568955578166e-09,1.0,1.0836576745711442e-13,1.0836576745711442e-13,dissipation,Sphalerite,1.4901477832512315,1.6903594133312292e-09,1.4901477832512315,1.614810081565375e-13,0.21288117798323605,0.21288117629287664,0.789865871833085,7.488347730633147e-09,7.488347730633147e-09
Zinc,"('ecoinvent-3.4-biosphere', '748f22a9-eba4-4726-bef5-92c7442ce189')",Zn,1.1343568955578166e-09,1.1343568955578166e-09,1.0,1.0836576745711442e-13,1.0836576745711442e-13,dissipation,Sphalerite,1.4901477832512315,1.6903594133312292e-09,1.4901477832512315,1.614810081565375e-13,0.21288117798323605,0.21288117629287664,0.789865871833085,7.488347730633147e-09,7.488347730633147e-09
Zinc,"('ecoinvent-3.4-biosphere', '8f871bab-96dc-49d9-bf08-12cdd0715901')",Zn,1.1343568955578166e-09,1.1343568955578166e-09,1.0,1.0836576745711442e-13,1.0836576745711442e-13,dissipation,Sphalerite,1.4901477832512315,1.6903594133312292e-09,1.4901477832512315,1.614810081565375e-13,0.21288117798323605,0.21288117629287664,0.789865871833085,7.488347730633147e-09,7.488347730633147e-09
Zinc,"('ecoinvent-3.4-biosphere', '5ce378a0-b48d-471c-977d-79681521efde')",Zn,1.1343568955578166e-09,1.1343568955578166e-09,1.0,1.0836576745711442e-13,1.0836576745711442e-13,dissipation,Sphalerite,1.4901477832512315,1.6903594133312292e-09,1.4901477832512315,1.614810081565375e-13,0.21288117798323605,0.21288117629287664,0.789865871833085,7.488347730633147e-09,7.488347730633147e-09
Zinc,"('ecoinvent-3.4-biosphere', 'b88999ec-84fd-462d-9dec-7e20a4636a58')",Zn,1.1343568955578166e-09,1.1343568955578166e-09,1.0,1.0836576745711442e-13,1.0836576745711442e-13,dissipation,Sphalerite,1.4901477832512315,1.6903594133312292e-09,1.4901477832512315,1.614810081565375e-13,0.21288117798323605,0.21288117629287664,0.789865871833085,7.488347730633147e-09,7.488347730633147e-09
Zinc,"('ecoinvent-3.4-biosphere', '8d226423-1351-4366-b09f-d16c9e38683c')",Zn,1.1343568955578166e-09,1.1343568955578166e-09,1.0,1.0836576745711442e-13,1.0836576745711442e-13,dissipation,Sphalerite,1.4901477832512315,1.6903594133312292e-09,1.4901477832512315,1.614810081565375e-13,0.21288117798323605,0.21288117629287664,0.789865871833085,7.488347730633147e-09,7.488347730633147e-09
Zinc,"('ecoinvent-3.4-biosphere', '84aa799e-9d98-4d34-85e0-516d28ab1be9')",Zn,1.1343568955578166e-09,1.1343568955578166e-09,1.0,1.0836576745711442e-13,1.0836576745711442e-13,dissipation,Sphalerite,1.4901477832512315,1.6903594133312292e-09,1.4901477832512315,1.614810081565375e-13,0.21288117798323605,0.21288117629287664,0.789865871833085,7.488347730633147e-09,7.488347730633147e-09
Zinc,"('ecoinvent-3.4-biosphere', '87a69874-34f9-4070-a525-aa301ab2634b')",Zn,1.1343568955578166e-09,1.1343568955578166e-09,1.0,1.0836576745711442e-13,1.0836576745711442e-13,dissipation,Sphalerite,1.4901477832512315,1.6903594133312292e-09,1.4901477832512315,1.614810081565375e-13,0.21288117798323605,0.21288117629287664,0.789865871833085,7.488347730633147e-09,7.488347730633147e-09
Iron,"('ecoinvent-3.4-biosphere', '76152de4-9499-48f7-af98-a5d41842484a')",Fe,1.1273484703065151e-09,1.1273484703065151e-09,1.0,9.645225823667623e-15,9.645225823667623e-15,dissipation,Hematite,1.0,1.1273484703065151e-09,1.0,9.645225823667623e-15,0.4660557498197291,0.4660557486923806,0.95,1.7887975803318893e-09,1.7887975803318893e-09
Iron,"('ecoinvent-3.4-biosphere', 'e3043a7f-5347-4c7b-89ee-93f11b2f6d9b')",Fe,1.1273484703065151e-09,1.1273484703065151e-09,1.0,9.645225823667623e-15,9.645225823667623e-15,dissipation,Hematite,1.0,1.1273484703065151e-09,1.0,9.645225823667623e-15,0.4660557498197291,0.4660557486923806,0.95,1.7887975803318893e-09,1.7887975803318893e-09
Iron,"('ecoinvent-3.4-biosphere', '0dc0bbb0-1141-4dff-b6a2-8bd5368e14af')",Fe,1.1273484703065151e-09,1.1273484703065151e-09,1.0,9.645225823667623e-15,9.645225823667623e-15,dissipation,Hematite,1.0,1.1273484703065151e-09,1.0,9.645225823667623e-15,0.4660557498197291,0.4660557486923806,0.95,1.7887975803318893e-09,1.7887975803318893e-09
Iron,"('ecoinvent-3.4-biosphere', '98693cdf-d9fc-43ed-bfe6-78dfe5742d33')",Fe,1.1273484703065151e-09,1.1273484703065151e-09,1.0,9.645225823667623e-15,9.645225823667623e-15,dissipation,Hematite,1.0,1.1273484703065151e-09,1.0,9.645225823667623e-15,0.4660557498197291,0.4660557486923806,0.95,1.7887975803318893e-09,1.7887975803318893e-09
Iron,"('ecoinvent-3.4-biosphere', 'ce567bdc-76ec-4ca0-be79-8bb796e448b3')",Fe,1.1273484703065151e-09,1.1273484703065151e-09,1.0,9.645225823667623e-15,9.645225823667623e-15,dissipation,Hematite,1.0,1.1273484703065151e-09,1.0,9.645225823667623e-15,0.4660557498197291,0.4660557486923806,0.95,1.7887975803318893e-09,1.7887975803318893e-09
Iron,"('ecoinvent-3.4-biosphere', 'e8bd2edd-f937-49f6-9e8b-9f445278775e')",Fe,1.1273484703065151e-09,1.1273484703065151e-09,1.0,9.645225823667623e-15,9.645225823667623e-15,dissipation,Hematite,1.0,1.1273484703065151e-09,1.0,9.645225823667623e-15,0.4660557498197291,0.4660557486923806,0.95,1.7887975803318893e-09,1.7887975803318893e-09
Iron,"('ecoinvent-3.4-biosphere', '32cd0492-c0cb-4898-a2b1-675eedc5b688')",Fe,1.1273484703065151e-09,1.1273484703065151e-09,1.0,9.645225823667623e-15,9.645225823667623e-15,dissipation,Hematite,1.0,1.1273484703065151e-09,1.0,9.645225823667623e-15,0.4660557498197291,0.4660557486923806,0.95,1.7887975803318893e-09,1.7887975803318893e-09
Iron,"('ecoinvent-3.4-biosphere', 'c983ad54-12e9-47a5-b747-5e5c448e58e2')",Fe,1.1273484703065151e-09,1.1273484703065151e-09,1.0,9.645225823667623e-15,9.645225823667623e-15,dissipation,Hematite,1.0,1.1273484703065151e-09,1.0,9.645225823667623e-15,0.4660557498197291,0.4660557486923806,0.95,1.7887975803318893e-09,1.7887975803318893e-09
Iron,"('ecoinvent-3.4-biosphere', '8dba66e2-0f2e-4038-84ef-1e40b4f573a6')",Fe,1.1273484703065151e-09,1.1273484703065151e-09,1.0,9.645225823667623e-15,9.645225823667623e-15,dissipation,Hematite,1.0,1.1273484703065151e-09,1.0,9.645225823667623e-15,0.4660557498197291,0.4660557486923806,0.95,1.7887975803318893e-09,1.7887975803318893e-09
Iron,"('ecoinvent-3.4-biosphere', 'db364689-e1a3-4629-8835-e6c59d6daf09')",Fe,1.1273484703065151e-09,1.1273484703065151e-09,1.0,9.645225823667623e-15,9.645225823667623e-15,dissipation,Hematite,1.0,1.1273484703065151e-09,1.0,9.645225823667623e-15,0.4660557498197291,0.4660557486923806,0.95,1.7887975803318893e-09,1.7887975803318893e-09
Aluminium,"('ecoinvent-3.4-biosphere', '7880e65c-0321-4295-ba55-3186ad36e489')",Al,1.1269518760934508e-09,1.1269518760934508e-09,1.0,6.422536676269254e-14,6.422536676269254e-14,dissipation,Bauxite (Gibbsite),2.8930041152263373,3.2602764152003945e-09,2.8930041152263373,1.8580425034639034e-13,0.23086450876489972,0.2308645055046233,0.95,2.297598096483282e-07,2.297598096483282e-07
Aluminium,"('ecoinvent-3.4-biosphere', '765546a9-b056-4d27-ad14-2f016511bdcb')",Al,1.1269518760934508e-09,1.1269518760934508e-09,1.0,6.422536676269254e-14,6.422536676269254e-14,dissipation,Bauxite (Gibbsite),2.8930041152263373,3.2602764152003945e-09,2.8930041152263373,1.8580425034639034e-13,0.23086450876489972,0.2308645055046233,0.95,2.297598096483282e-07,2.297598096483282e-07
Aluminium,"('ecoinvent-3.4-biosphere', '6f0b8b7c-3888-4174-b7e3-916d42d678ee')",Al,1.1269518760934508e-09,1.1269518760934508e-09,1.0,6.422536676269254e-14,6.422536676269254e-14,dissipation,Bauxite (Gibbsite),2.8930041152263373,3.2602764152003945e-09,2.8930041152263373,1.8580425034639034e-13,0.23086450876489972,0.2308645055046233,0.95,2.297598096483282e-07,2.297598096483282e-07
Aluminium,"('ecoinvent-3.4-biosphere', '46e63323-cffd-4c46-829b-5f006b50fa9b')",Al,1.1269518760934508e-09,1.1269518760934508e-09,1.0,6.422536676269254e-14,6.422536676269254e-14,dissipation,Bauxite (Gibbsite),2.8930041152263373,3.2602764152003945e-09,2.8930041152263373,1.8580425034639034e-13,0.23086450876489972,0.2308645055046233,0.95,2.297598096483282e-07,2.297598096483282e-07
Aluminium,"('ecoinvent-3.4-biosphere', '01056d4b-f9b0-4dfc-b8d9-8407c8376efb')",Al,1.1269518760934508e-09,1.1269518760934508e-09,1.0,6.422536676269254e-14,6.422536676269254e-14,dissipation,Bauxite (Gibbsite),2.8930041152263373,3.2602764152003945e-09,2.8930041152263373,1.8580425034639034e-13,0.23086450876489972,0.2308645055046233,0.95,2.297598096483282e-07,2.297598096483282e-07
Aluminium,"('ecoinvent-3.4-biosphere', 'd96403bf-902e-4b7a-8ffd-32fe09e4017f')",Al,1.1269518760934508e-09,1.1269518760934508e-09,1.0,6.422536676269254e-14,6.422536676269254e-14,dissipation,Bauxite (Gibbsite),2.8930041152263373,3.2602764152003945e-09,2.8930041152263373,1.8580425034639034e-13,0.23086450876489972,0.2308645055046233,0.95,2.297598096483282e-07,2.297598096483282e-07
Aluminium,"('ecoinvent-3.4-biosphere', '0ace7678-a181-48e8-8728-d912a8b56c57')",Al,1.1269518760934508e-09,1.1269518760934508e-09,1.0,6.422536676269254e-14,6.422536676269254e-14,dissipation,Bauxite (Gibbsite),2.8930041152263373,3.2602764152003945e-09,2.8930041152263373,1.8580425034639034e-13,0.23086450876489972,0.2308645055046233,0.95,2.297598096483282e-07,2.297598096483282e-07
Aluminium,"('ecoinvent-3.4-biosphere', '97e498ec-f323-4ec6-bcc0-d8a4c853bae3')",Al,1.1269518760934508e-09,1.1269518760934508e-09,1.0,6.422536676269254e-14,6.422536676269254e-14,dissipation,Bauxite (Gibbsite),2.8930041152263373,3.2602764152003945e-09,2.8930041152263373,1.8580425034639034e-13,0.23086450876489972,0.2308645055046233,0.95,2.297598096483282e-07,2.297598096483282e-07
Aluminium,"('ecoinvent-3.4-biosphere', '9c3bd678-1b2f-4b95-a245-d5c8a3fe326b')",Al,1.1269518760934508e-09,1.1269518760934508e-09,1.0,6.422536676269254e-14,6.422536676269254e-14,dissipation,Bauxite (Gibbsite),2.8930041152263373,3.2602764152003945e-09,2.8930041152263373,1.8580425034639034e-13,0.23086450876489972,0.2308645055046233,0.95,2.297598096483282e-07,2.297598096483282e-07
Aluminium,"('ecoinvent-3.4-biosphere', '2baa4381-b781-4f5e-90de-508b0fa3fd1f')",Al,1.1269518760934508e-09,1.1269518760934508e-09,1.0,6.422536676269254e-14,6.422536676269254e-14,dissipation,Bauxite (Gibbsite),2.8930041152263373,3.2602764152003945e-09,2.8930041152263373,1.8580425034639034e-13,0.23086450876489972,0.2308645055046233,0.95,2.297598096483282e-07,2.297598096483282e-07
Aluminium,"('ecoinvent-3.4-biosphere', '2e0c9efa-d55c-49db-8be3-0376d5921ff4')",Al,1.1269518760934508e-09,1.1269518760934508e-09,1.0,6.422536676269254e-14,6.422536676269254e-14,dissipation,Bauxite (Gibbsite),2.8930041152263373,3.2602764152003945e-09,2.8930041152263373,1.8580425034639034e-13,0.23086450876489972,0.2308645055046233,0.95,2.297598096483282e-07,2.297598096483282e-07
Aluminium,"('ecoinvent-3.4-biosphere', 'ff65658c-2d39-44a2-b23e-7ec3c644f064')",Al,1.1269518760934508e-09,1.1269518760934508e-09,1.0,6.422536676269254e-14,6.422536676269254e-14,dissipation,Bauxite (Gibbsite),2.8930041152263373,3.2602764152003945e-09,2.8930041152263373,1.8580425034639034e-13,0.23086450876489972,0.2308645055046233,0.95,2.297598096483282e-07,2.297598096483282e-07
Aluminium,"('ecoinvent-3.4-biosphere', 'e0401210-0377-4670-84af-12247ca20bed')",Al,1.1269518760934508e-09,1.1269518760934508e-09,1.0,6.422536676269254e-14,6.422536676269254e-14,dissipation,Bauxite (Gibbsite),2.8930041152263373,3.2602764152003945e-09,2.8930041152263373,1.8580425034639034e-13,0.23086450876489972,0.2308645055046233,0.95,2.297598096483282e-07,2.297598096483282e-07
Aluminium,"('ecoinvent-3.4-biosphere', '39555a26-d28b-425f-993f-e8770ab7d9cf')",Al,1.1269518760934508e-09,1.1269518760934508e-09,1.0,6.422536676269254e-14,6.422536676269254e-14,dissipation,Bauxite (Gibbsite),2.8930041152263373,3.2602764152003945e-09,2.8930041152263373,1.8580425034639034e-13,0.23086450876489972,0.2308645055046233,0.95,2.297598096483282e-07,2.297598096483282e-07
"Zinc, ion","('ecoinvent-3.4-biosphere', '2c7be02c-791f-4fef-b231-b90321bbeb30')",Zn,1.0423604898803078e-09,1.0423604898803078e-09,1.0,1.0836576745711442e-13,1.0836576745711442e-13,dissipation,Sphalerite,1.4901477832512315,1.5532711733438086e-09,1.4901477832512315,1.614810081565375e-13,0.21288117798323605,0.21288117642996487,0.789865871833085,6.881042023626401e-09,6.881042023626401e-09
"Zinc, ion","('ecoinvent-3.4-biosphere', '2195d86f-e4c8-4e86-9f18-b5b065b1df7e')",Zn,1.0423604898803078e-09,1.0423604898803078e-09,1.0,1.0836576745711442e-13,1.0836576745711442e-13,dissipation,Sphalerite,1.4901477832512315,1.5532711733438086e-09,1.4901477832512315,1.614810081565375e-13,0.21288117798323605,0.21288117642996487,0.789865871833085,6.881042023626401e-09,6.881042023626401e-09
"Zinc, ion","('ecoinvent-3.4-biosphere', '7e769b3e-03fb-4b53-be15-85a910dcfea9')",Zn,1.0423604898803078e-09,1.0423604898803078e-09,1.0,1.0836576745711442e-13,1.0836576745711442e-13,dissipation,Sphalerite,1.4901477832512315,1.5532711733438086e-09,1.4901477832512315,1.614810081565375e-13,0.21288117798323605,0.21288117642996487,0.789865871833085,6.881042023626401e-09,6.881042023626401e-09
"Zinc, ion","('ecoinvent-3.4-biosphere', '541b633c-17a3-4047-bce6-0c0e4fdb7c10')",Zn,1.0423604898803078e-09,1.0423604898803078e-09,1.0,1.0836576745711442e-13,1.0836576745711442e-13,dissipation,Sphalerite,1.4901477832512315,1.5532711733438086e-09,1.4901477832512315,1.614810081565375e-13,0.21288117798323605,0.21288117642996487,0.789865871833085,6.881042023626401e-09,6.881042023626401e-09
"Zinc, ion","('ecoinvent-3.4-biosphere', 'bdce3a7c-e008-4391-be26-285f71a02453')",Zn,1.0423604898803078e-09,1.0423604898803078e-09,1.0,1.0836576745711442e-13,1.0836576745711442e-13,dissipation,Sphalerite,1.4901477832512315,1.5532711733438086e-09,1.4901477832512315,1.614810081565375e-13,0.21288117798323605,0.21288117642996487,0.789865871833085,6.881042023626401e-09,6.881042023626401e-09
Manganese,"('ecoinvent-3.4-biosphere', '44f28e11-061d-44fd-8f25-dc62a9f1fa57')",Mn,1.0160006453512017e-09,1.0160006453512017e-09,1.0,6.485008032108113e-14,6.485008032108113e-14,dissipation,Pyrolusite,1.5822784810126582,1.6075959578341799e-09,1.5822784810126582,1.0261088658398912e-13,0.29578603669687803,0.2957860350892821,0.6709603911825677,9.41758290562973e-10,9.41758290562973e-10
Manganese,"('ecoinvent-3.4-biosphere', '2460f868-54a9-404c-bec8-c809a44ae72c')",Mn,1.0160006453512017e-09,1.0160006453512017e-09,1.0,6.485008032108113e-14,6.485008032108113e-14,dissipation,Pyrolusite,1.5822784810126582,1.6075959578341799e-09,1.5822784810126582,1.0261088658398912e-13,0.29578603669687803,0.2957860350892821,0.6709603911825677,9.41758290562973e-10,9.41758290562973e-10
Manganese,"('ecoinvent-3.4-biosphere', '835d0907-a668-4d92-b6b6-7b56fa343713')",Mn,1.0160006453512017e-09,1.0160006453512017e-09,1.0,6.485008032108113e-14,6.485008032108113e-14,dissipation,Pyrolusite,1.5822784810126582,1.6075959578341799e-09,1.5822784810126582,1.0261088658398912e-13,0.29578603669687803,0.2957860350892821,0.6709603911825677,9.41758290562973e-10,9.41758290562973e-10
Manganese,"('ecoinvent-3.4-biosphere', '295060ba-3c3d-45e4-99ca-e17b1204b553')",Mn,1.0160006453512017e-09,1.0160006453512017e-09,1.0,6.485008032108113e-14,6.485008032108113e-14,dissipation,Pyrolusite,1.5822784810126582,1.6075959578341799e-09,1.5822784810126582,1.0261088658398912e-13,0.29578603669687803,0.2957860350892821,0.6709603911825677,9.41758290562973e-10,9.41758290562973e-10
Manganese,"('ecoinvent-3.4-biosphere', 'f532985c-90b7-46fc-aac9-b039b40e22f1')",Mn,1.0160006453512017e-09,1.0160006453512017e-09,1.0,6.485008032108113e-14,6.485008032108113e-14,dissipation,Pyrolusite,1.5822784810126582,1.6075959578341799e-09,1.5822784810126582,1.0261088658398912e-13,0.29578603669687803,0.2957860350892821,0.6709603911825677,9.41758290562973e-10,9.41758290562973e-10
Manganese,"('ecoinvent-3.4-biosphere', '0af26a55-d357-469f-abad-8ced785cb4fb')",Mn,1.0160006453512017e-09,1.0160006453512017e-09,1.0,6.485008032108113e-14,6.485008032108113e-14,dissipation,Pyrolusite,1.5822784810126582,1.6075959578341799e-09,1.5822784810126582,1.0261088658398912e-13,0.29578603669687803,0.2957860350892821,0.6709603911825677,9.41758290562973e-10,9.41758290562973e-10
Manganese,"('ecoinvent-3.4-biosphere', 'b0546417-3064-4878-bd6f-2da75cefdf63')",Mn,1.0160006453512017e-09,1.0160006453512017e-09,1.0,6.485008032108113e-14,6.485008032108113e-14,dissipation,Pyrolusite,1.5822784810126582,1.6075959578341799e-09,1.5822784810126582,1.0261088658398912e-13,0.29578603669687803,0.2957860350892821,0.6709603911825677,9.41758290562973e-10,9.41758290562973e-10
Manganese,"('ecoinvent-3.4-biosphere', 'c91fd4bf-ed70-4e2f-a34f-159773f981b6')",Mn,1.0160006453512017e-09,1.0160006453512017e-09,1.0,6.485008032108113e-14,6.485008032108113e-14,dissipation,Pyrolusite,1.5822784810126582,1.6075959578341799e-09,1.5822784810126582,1.0261088658398912e-13,0.29578603669687803,0.2957860350892821,0.6709603911825677,9.41758290562973e-10,9.41758290562973e-10
Manganese,"('ecoinvent-3.4-biosphere', '9c706cff-cb82-4207-a589-95896e04dc08')",Mn,1.0160006453512017e-09,1.0160006453512017e-09,1.0,6.485008032108113e-14,6.485008032108113e-14,dissipation,Pyrolusite,1.5822784810126582,1.6075959578341799e-09,1.5822784810126582,1.0261088658398912e-13,0.29578603669687803,0.2957860350892821,0.6709603911825677,9.41758290562973e-10,9.41758290562973e-10
Manganese,"('ecoinvent-3.4-biosphere', '009a49e8-09a7-4432-9cb9-f2dd18e8f922')",Mn,1.0160006453512017e-09,1.0160006453512017e-09,1.0,6.485008032108113e-14,6.485008032108113e-14,dissipation,Pyrolusite,1.5822784810126582,1.6075959578341799e-09,1.5822784810126582,1.0261088658398912e-13,0.29578603669687803,0.2957860350892821,0.6709603911825677,9.41758290562973e-10,9.41758290562973e-10
Manganese,"('ecoinvent-3.4-biosphere', '6b7fbea6-4a86-40f9-954d-3c9b3611abfd')",Mn,1.0160006453512017e-09,1.0160006453512017e-09,1.0,6.485008032108113e-14,6.485008032108113e-14,dissipation,Pyrolusite,1.5822784810126582,1.6075959578341799e-09,1.5822784810126582,1.0261088658398912e-13,0.29578603669687803,0.2957860350892821,0.6709603911825677,9.41758290562973e-10,9.41758290562973e-10
Manganese,"('ecoinvent-3.4-biosphere', '10cbd2f7-c41b-4bb4-b636-d8fc15cf0282')",Mn,1.0160006453512017e-09,1.0160006453512017e-09,1.0,6.485008032108113e-14,6.485008032108113e-14,dissipation,Pyrolusite,1.5822784810126582,1.6075959578341799e-09,1.5822784810126582,1.0261088658398912e-13,0.29578603669687803,0.2957860350892821,0.6709603911825677,9.41758290562973e-10,9.41758290562973e-10
Manganese,"('ecoinvent-3.4-biosphere', '42053ffb-9284-49cb-88f9-33ac5c77be4a')",Mn,1.0160006453512017e-09,1.0160006453512017e-09,1.0,6.485008032108113e-14,6.485008032108113e-14,dissipation,Pyrolusite,1.5822784810126582,1.6075959578341799e-09,1.5822784810126582,1.0261088658398912e-13,0.29578603669687803,0.2957860350892821,0.6709603911825677,9.41758290562973e-10,9.41758290562973e-10
Manganese,"('ecoinvent-3.4-biosphere', '9ba8c05d-1593-45a5-8d3b-5c4f3e9fef32')",Mn,1.0160006453512017e-09,1.0160006453512017e-09,1.0,6.485008032108113e-14,6.485008032108113e-14,dissipation,Pyrolusite,1.5822784810126582,1.6075959578341799e-09,1.5822784810126582,1.0261088658398912e-13,0.29578603669687803,0.2957860350892821,0.6709603911825677,9.41758290562973e-10,9.41758290562973e-10
Antimony,"('ecoinvent-3.4-biosphere', 'b2dc8668-86de-4207-b20e-dc81dea63c98')",Sb,9.306075561611062e-10,9.306075561611062e-10,1.0,2.1834077210692158e-11,2.1834077210692158e-11,dissipation,Stibnite,1.3941798941798942,1.297434344171701e-09,1.3941798941798942,3.0440631455118433e-11,0.22717627533598833,0.22717627403855398,0.9,4.540691344178289e-09,4.540691344178289e-09
Antimony,"('ecoinvent-3.4-biosphere', '83cf77ca-867b-4eef-b0f0-78d71b3d91d5')",Sb,9.306075561611062e-10,9.306075561611062e-10,1.0,2.1834077210692158e-11,2.1834077210692158e-11,dissipation,Stibnite,1.3941798941798942,1.297434344171701e-09,1.3941798941798942,3.0440631455118433e-11,0.22717627533598833,0.22717627403855398,0.9,4.540691344178289e-09,4.540691344178289e-09
Antimony,"('ecoinvent-3.4-biosphere', '183f9856-03ab-464d-9366-8ef62077b510')",Sb,9.306075561611062e-10,9.306075561611062e-10,1.0,2.1834077210692158e-11,2.1834077210692158e-11,dissipation,Stibnite,1.3941798941798942,1.297434344171701e-09,1.3941798941798942,3.0440631455118433e-11,0.22717627533598833,0.22717627403855398,0.9,4.540691344178289e-09,4.540691344178289e-09
Antimony,"('ecoinvent-3.4-biosphere', 'fa39136e-1ef6-43c1-af68-104da104568d')",Sb,9.306075561611062e-10,9.306075561611062e-10,1.0,2.1834077210692158e-11,2.1834077210692158e-11,dissipation,Stibnite,1.3941798941798942,1.297434344171701e-09,1.3941798941798942,3.0440631455118433e-11,0.22717627533598833,0.22717627403855398,0.9,4.540691344178289e-09,4.540691344178289e-09
Antimony,"('ecoinvent-3.4-biosphere', 'c49fb4cd-eed0-4438-9052-9612473cdbae')",Sb,9.306075561611062e-10,9.306075561611062e-10,1.0,2.1834077210692158e-11,2.1834077210692158e-11,dissipation,Stibnite,1.3941798941798942,1.297434344171701e-09,1.3941798941798942,3.0440631455118433e-11,0.22717627533598833,0.22717627403855398,0.9,4.540691344178289e-09,4.540691344178289e-09
Antimony,"('ecoinvent-3.4-biosphere', '5df5cb9f-812c-4ce8-ab1c-df6ab4d31900')",Sb,9.306075561611062e-10,9.306075561611062e-10,1.0,2.1834077210692158e-11,2.1834077210692158e-11,dissipation,Stibnite,1.3941798941798942,1.297434344171701e-09,1.3941798941798942,3.0440631455118433e-11,0.22717627533598833,0.22717627403855398,0.9,4.540691344178289e-09,4.540691344178289e-09
Antimony,"('ecoinvent-3.4-biosphere', '7805afa2-d93b-40bb-b841-325b98aec824')",Sb,9.306075561611062e-10,9.306075561611062e-10,1.0,2.1834077210692158e-11,2.1834077210692158e-11,dissipation,Stibnite,1.3941798941798942,1.297434344171701e-09,1.3941798941798942,3.0440631455118433e-11,0.22717627533598833,0.22717627403855398,0.9,4.540691344178289e-09,4.540691344178289e-09
Antimony,"('ecoinvent-3.4-biosphere', '2b2369a4-26bb-4b18-8479-752fdf7a5e7f')",Sb,9.306075561611062e-10,9.306075561611062e-10,1.0,2.1834077210692158e-11,2.1834077210692158e-11,dissipation,Stibnite,1.3941798941798942,1.297434344171701e-09,1.3941798941798942,3.0440631455118433e-11,0.22717627533598833,0.22717627403855398,0.9,4.540691344178289e-09,4.540691344178289e-09
Antimony,"('ecoinvent-3.4-biosphere', '77927dac-dea3-429d-a434-d5a71d92c4f7')",Sb,9.306075561611062e-10,9.306075561611062e-10,1.0,2.1834077210692158e-11,2.1834077210692158e-11,dissipation,Stibnite,1.3941798941798942,1.297434344171701e-09,1.3941798941798942,3.0440631455118433e-11,0.22717627533598833,0.22717627403855398,0.9,4.540691344178289e-09,4.540691344178289e-09
Antimony,"('ecoinvent-3.4-biosphere', '49803ad0-9ca2-4507-a5ea-f152d16c929d')",Sb,9.306075561611062e-10,9.306075561611062e-10,1.0,2.1834077210692158e-11,2.1834077210692158e-11,dissipation,Stibnite,1.3941798941798942,1.297434344171701e-09,1.3941798941798942,3.0440631455118433e-11,0.22717627533598833,0.22717627403855398,0.9,4.540691344178289e-09,4.540691344178289e-09
Antimony,"('ecoinvent-3.4-biosphere', '34b96163-a3df-4bc1-8224-e2a9fe01b23f')",Sb,9.306075561611062e-10,9.306075561611062e-10,1.0,2.1834077210692158e-11,2.1834077210692158e-11,dissipation,Stibnite,1.3941798941798942,1.297434344171701e-09,1.3941798941798942,3.0440631455118433e-11,0.22717627533598833,0.22717627403855398,0.9,4.540691344178289e-09,4.540691344178289e-09
Antimony,"('ecoinvent-3.4-biosphere', '3ea5684a-6d64-4f96-8c09-1d90f997c9d4')",Sb,9.306075561611062e-10,9.306075561611062e-10,1.0,2.1834077210692158e-11,2.1834077210692158e-11,dissipation,Stibnite,1.3941798941798942,1.297434344171701e-09,1.3941798941798942,3.0440631455118433e-11,0.22717627533598833,0.22717627403855398,0.9,4.540691344178289e-09,4.540691344178289e-09
Antimony,"('ecoinvent-3.4-biosphere', 'f4cf8d5c-f030-4b55-a3af-e3c20b855ee8')",Sb,9.306075561611062e-10,9.306075561611062e-10,1.0,2.1834077210692158e-11,2.1834077210692158e-11,dissipation,Stibnite,1.3941798941798942,1.297434344171701e-09,1.3941798941798942,3.0440631455118433e-11,0.22717627533598833,0.22717627403855398,0.9,4.540691344178289e-09,4.540691344178289e-09
Antimony,"('ecoinvent-3.4-biosphere', '43b29ad9-26dd-4838-b931-6216e55a0120')",Sb,9.306075561611062e-10,9.306075561611062e-10,1.0,2.1834077210692158e-11,2.1834077210692158e-11,dissipation,Stibnite,1.3941798941798942,1.297434344171701e-09,1.3941798941798942,3.0440631455118433e-11,0.22717627533598833,0.22717627403855398,0.9,4.540691344178289e-09,4.540691344178289e-09
Zinc,"('ecoinvent-3.4-biosphere', '77887584-ddca-4920-952c-3609730e0c13')",Zn,9.162106616692684e-10,9.162106616692684e-10,1.0,1.0836576745711442e-13,1.0836576745711442e-13,dissipation,Sphalerite,1.4901477832512315,1.3652892864776045e-09,1.4901477832512315,1.614810081565375e-13,0.21288117798323605,0.21288117661794675,0.789865871833085,6.048276605328739e-09,6.048276605328739e-09
Zinc,"('ecoinvent-3.4-biosphere', 'ada3ecfe-8244-4389-bcce-e83ca4f66e09')",Zn,9.162106616692684e-10,9.162106616692684e-10,1.0,1.0836576745711442e-13,1.0836576745711442e-13,dissipation,Sphalerite,1.4901477832512315,1.3652892864776045e-09,1.4901477832512315,1.614810081565375e-13,0.21288117798323605,0.21288117661794675,0.789865871833085,6.048276605328739e-09,6.048276605328739e-09
Zinc,"('ecoinvent-3.4-biosphere', '748f22a9-eba4-4726-bef5-92c7442ce189')",Zn,9.162106616692684e-10,9.162106616692684e-10,1.0,1.0836576745711442e-13,1.0836576745711442e-13,dissipation,Sphalerite,1.4901477832512315,1.3652892864776045e-09,1.4901477832512315,1.614810081565375e-13,0.21288117798323605,0.21288117661794675,0.789865871833085,6.048276605328739e-09,6.048276605328739e-09
Zinc,"('ecoinvent-3.4-biosphere', '8f871bab-96dc-49d9-bf08-12cdd0715901')",Zn,9.162106616692684e-10,9.162106616692684e-10,1.0,1.0836576745711442e-13,1.0836576745711442e-13,dissipation,Sphalerite,1.4901477832512315,1.3652892864776045e-09,1.4901477832512315,1.614810081565375e-13,0.21288117798323605,0.21288117661794675,0.789865871833085,6.048276605328739e-09,6.048276605328739e-09
Zinc,"('ecoinvent-3.4-biosphere', '5ce378a0-b48d-471c-977d-79681521efde')",Zn,9.162106616692684e-10,9.162106616692684e-10,1.0,1.0836576745711442e-13,1.0836576745711442e-13,dissipation,Sphalerite,1.4901477832512315,1.3652892864776045e-09,1.4901477832512315,1.614810081565375e-13,0.21288117798323605,0.21288117661794675,0.789865871833085,6.048276605328739e-09,6.048276605328739e-09
Zinc,"('ecoinvent-3.4-biosphere', 'b88999ec-84fd-462d-9dec-7e20a4636a58')",Zn,9.162106616692684e-10,9.162106616692684e-10,1.0,1.0836576745711442e-13,1.0836576745711442e-13,dissipation,Sphalerite,1.4901477832512315,1.3652892864776045e-09,1.4901477832512315,1.614810081565375e-13,0.21288117798323605,0.21288117661794675,0.789865871833085,6.048276605328739e-09,6.048276605328739e-09
Zinc,"('ecoinvent-3.4-biosphere', '8d226423-1351-4366-b09f-d16c9e38683c')",Zn,9.162106616692684e-10,9.162106616692684e-10,1.0,1.0836576745711442e-13,1.0836576745711442e-13,dissipation,Sphalerite,1.4901477832512315,1.3652892864776045e-09,1.4901477832512315,1.614810081565375e-13,0.21288117798323605,0.21288117661794675,0.789865871833085,6.048276605328739e-09,6.048276605328739e-09
Zinc,"('ecoinvent-3.4-biosphere', '84aa799e-9d98-4d34-85e0-516d28ab1be9')",Zn,9.162106616692684e-10,9.162106616692684e-10,1.0,1.0836576745711442e-13,1.0836576745711442e-13,dissipation,Sphalerite,1.4901477832512315,1.3652892864776045e-09,1.4901477832512315,1.614810081565375e-13,0.21288117798323605,0.21288117661794675,0.789865871833085,6.048276605328739e-09,6.048276605328739e-09
Zinc,"('ecoinvent-3.4-biosphere', '87a69874-34f9-4070-a525-aa301ab2634b')",Zn,9.162106616692684e-10,9.162106616692684e-10,1.0,1.0836576745711442e-13,1.0836576745711442e-13,dissipation,Sphalerite,1.4901477832512315,1.3652892864776045e-09,1.4901477832512315,1.614810081565375e-13,0.21288117798323605,0.21288117661794675,0.789865871833085,6.048276605328739e-09,6.048276605328739e-09
Cobalt,"('ecoinvent-3.4-biosphere', '9ce88274-57b6-42ed-a78b-4abef2301865')",Co,8.764035352571517e-10,8.764035352571517e-10,1.0,1.9447495148453946e-12,1.9447495148453946e-12,dissipation,Linnaeite,1.727272727272727,1.51378792453508e-09,1.727272727272727,3.3591127983693174e-12,0.015088369910128439,0.015088368396340514,0.0455986939380875,8.292743500533589e-07,8.292743500533589e-07
Cobalt,"('ecoinvent-3.4-biosphere', '1e904267-caa3-40e6-a3a0-fc104489770b')",Co,8.764035352571517e-10,8.764035352571517e-10,1.0,1.9447495148453946e-12,1.9447495148453946e-12,dissipation,Linnaeite,1.727272727272727,1.51378792453508e-09,1.727272727272727,3.3591127983693174e-12,0.015088369910128439,0.015088368396340514,0.0455986939380875,8.292743500533589e-07,8.292743500533589e-07
Cobalt,"('ecoinvent-3.4-biosphere', '9542444c-7c7a-48e2-bc9c-9c7c34fb7b3e')",Co,8.764035352571517e-10,8.764035352571517e-10,1.0,1.9447495148453946e-12,1.9447495148453946e-12,dissipation,Linnaeite,1.727272727272727,1.51378792453508e-09,1.727272727272727,3.3591127983693174e-12,0.015088369910128439,0.015088368396340514,0.0455986939380875,8.292743500533589e-07,8.292743500533589e-07
Cobalt,"('ecoinvent-3.4-biosphere', '33627701-feca-434d-a192-674a450eaaf7')",Co,8.764035352571517e-10,8.764035352571517e-10,1.0,1.9447495148453946e-12,1.9447495148453946e-12,dissipation,Linnaeite,1.727272727272727,1.51378792453508e-09,1.727272727272727,3.3591127983693174e-12,0.015088369910128439,0.015088368396340514,0.0455986939380875,8.292743500533589e-07,8.292743500533589e-07
Cobalt,"('ecoinvent-3.4-biosphere', 'caf066cf-40ce-47a8-ba4c-969fcd6019c7')",Co,8.764035352571517e-10,8.764035352571517e-10,1.0,1.9447495148453946e-12,1.9447495148453946e-12,dissipation,Linnaeite,1.727272727272727,1.51378792453508e-09,1.727272727272727,3.3591127983693174e-12,0.015088369910128439,0.015088368396340514,0.0455986939380875,8.292743500533589e-07,8.292743500533589e-07
Cobalt,"('ecoinvent-3.4-biosphere', '74eb3f02-09ec-46ce-8ee8-d67d0900136b')",Co,8.764035352571517e-10,8.764035352571517e-10,1.0,1.9447495148453946e-12,1.9447495148453946e-12,dissipation,Linnaeite,1.727272727272727,1.51378792453508e-09,1.727272727272727,3.3591127983693174e-12,0.015088369910128439,0.015088368396340514,0.0455986939380875,8.292743500533589e-07,8.292743500533589e-07
Cobalt,"('ecoinvent-3.4-biosphere', 'f0d1c319-249f-4a89-b0e7-3a5a90a54036')",Co,8.764035352571517e-10,8.764035352571517e-10,1.0,1.9447495148453946e-12,1.9447495148453946e-12,dissipation,Linnaeite,1.727272727272727,1.51378792453508e-09,1.727272727272727,3.3591127983693174e-12,0.015088369910128439,0.015088368396340514,0.0455986939380875,8.292743500533589e-07,8.292743500533589e-07
Cobalt,"('ecoinvent-3.4-biosphere', 'f0e28a62-ddf9-4c93-af81-676a58c3f2d4')",Co,8.764035352571517e-10,8.764035352571517e-10,1.0,1.9447495148453946e-12,1.9447495148453946e-12,dissipation,Linnaeite,1.727272727272727,1.51378792453508e-09,1.727272727272727,3.3591127983693174e-12,0.015088369910128439,0.015088368396340514,0.0455986939380875,8.292743500533589e-07,8.292743500533589e-07
Cobalt,"('ecoinvent-3.4-biosphere', 'd4291dd5-dae8-47fa-bf06-466fcecbc210')",Co,8.764035352571517e-10,8.764035352571517e-10,1.0,1.9447495148453946e-12,1.9447495148453946e-12,dissipation,Linnaeite,1.727272727272727,1.51378792453508e-09,1.727272727272727,3.3591127983693174e-12,0.015088369910128439,0.015088368396340514,0.0455986939380875,8.292743500533589e-07,8.292743500533589e-07
Cobalt,"('ecoinvent-3.4-biosphere', 'ca04300a-8338-4601-ba7c-66c10a4f6322')",Co,8.764035352571517e-10,8.764035352571517e-10,1.0,1.9447495148453946e-12,1.9447495148453946e-12,dissipation,Linnaeite,1.727272727272727,1.51378792453508e-09,1.727272727272727,3.3591127983693174e-12,0.015088369910128439,0.015088368396340514,0.0455986939380875,8.292743500533589e-07,8.292743500533589e-07
Cobalt,"('ecoinvent-3.4-biosphere', '12051b95-831a-49c0-9a70-fbc0e8fb9af9')",Co,8.764035352571517e-10,8.764035352571517e-10,1.0,1.9447495148453946e-12,1.9447495148453946e-12,dissipation,Linnaeite,1.727272727272727,1.51378792453508e-09,1.727272727272727,3.3591127983693174e-12,0.015088369910128439,0.015088368396340514,0.0455986939380875,8.292743500533589e-07,8.292743500533589e-07
Cobalt,"('ecoinvent-3.4-biosphere', '381a22c9-3722-4378-810d-86958f7b6d32')",Co,8.764035352571517e-10,8.764035352571517e-10,1.0,1.9447495148453946e-12,1.9447495148453946e-12,dissipation,Linnaeite,1.727272727272727,1.51378792453508e-09,1.727272727272727,3.3591127983693174e-12,0.015088369910128439,0.015088368396340514,0.0455986939380875,8.292743500533589e-07,8.292743500533589e-07
Cobalt,"('ecoinvent-3.4-biosphere', 'b10faa87-2c1d-4f6e-aa65-9f80b376939a')",Co,8.764035352571517e-10,8.764035352571517e-10,1.0,1.9447495148453946e-12,1.9447495148453946e-12,dissipation,Linnaeite,1.727272727272727,1.51378792453508e-09,1.727272727272727,3.3591127983693174e-12,0.015088369910128439,0.015088368396340514,0.0455986939380875,8.292743500533589e-07,8.292743500533589e-07
Cobalt,"('ecoinvent-3.4-biosphere', 'c58d25ad-30d2-4fac-a857-1fa6f67afe8a')",Co,8.764035352571517e-10,8.764035352571517e-10,1.0,1.9447495148453946e-12,1.9447495148453946e-12,dissipation,Linnaeite,1.727272727272727,1.51378792453508e-09,1.727272727272727,3.3591127983693174e-12,0.015088369910128439,0.015088368396340514,0.0455986939380875,8.292743500533589e-07,8.292743500533589e-07
Iron,"('ecoinvent-3.4-biosphere', '76152de4-9499-48f7-af98-a5d41842484a')",Fe,8.613439037610252e-10,8.613439037610252e-10,1.0,9.645225823667623e-15,9.645225823667623e-15,dissipation,Hematite,1.0,8.613439037610252e-10,1.0,9.645225823667623e-15,0.4660557498197291,0.4660557489583852,0.95,1.366720045510354e-09,1.366720045510354e-09
Iron,"('ecoinvent-3.4-biosphere', 'e3043a7f-5347-4c7b-89ee-93f11b2f6d9b')",Fe,8.613439037610252e-10,8.613439037610252e-10,1.0,9.645225823667623e-15,9.645225823667623e-15,dissipation,Hematite,1.0,8.613439037610252e-10,1.0,9.645225823667623e-15,0.4660557498197291,0.4660557489583852,0.95,1.366720045510354e-09,1.366720045510354e-09
Iron,"('ecoinvent-3.4-biosphere', '0dc0bbb0-1141-4dff-b6a2-8bd5368e14af')",Fe,8.613439037610252e-10,8.613439037610252e-10,1.0,9.645225823667623e-15,9.645225823667623e-15,dissipation,Hematite,1.0,8.613439037610252e-10,1.0,9.645225823667623e-15,0.4660557498197291,0.4660557489583852,0.95,1.366720045510354e-09,1.366720045510354e-09
Iron,"('ecoinvent-3.4-biosphere', '98693cdf-d9fc-43ed-bfe6-78dfe5742d33')",Fe,8.613439037610252e-10,8.613439037610252e-10,1.0,9.645225823667623e-15,9.645225823667623e-15,dissipation,Hematite,1.0,8.613439037610252e-10,1.0,9.645225823667623e-15,0.4660557498197291,0.4660557489583852,0.95,1.366720045510354e-09,1.366720045510354e-09
Iron,"('ecoinvent-3.4-biosphere', 'ce567bdc-76ec-4ca0-be79-8bb796e448b3')",Fe,8.613439037610252e-10,8.613439037610252e-10,1.0,9.645225823667623e-15,9.645225823667623e-15,dissipation,Hematite,1.0,8.613439037610252e-10,1.0,9.645225823667623e-15,0.4660557498197291,0.4660557489583852,0.95,1.366720045510354e-09,1.366720045510354e-09
Iron,"('ecoinvent-3.4-biosphere', 'e8bd2edd-f937-49f6-9e8b-9f445278775e')",Fe,8.613439037610252e-10,8.613439037610252e-10,1.0,9.645225823667623e-15,9.645225823667623e-15,dissipation,Hematite,1.0,8.613439037610252e-10,1.0,9.645225823667623e-15,0.4660557498197291,0.4660557489583852,0.95,1.366720045510354e-09,1.366720045510354e-09
Iron,"('ecoinvent-3.4-biosphere', '32cd0492-c0cb-4898-a2b1-675eedc5b688')",Fe,8.613439037610252e-10,8.613439037610252e-10,1.0,9.645225823667623e-15,9.645225823667623e-15,dissipation,Hematite,1.0,8.613439037610252e-10,1.0,9.645225823667623e-15,0.4660557498197291,0.4660557489583852,0.95,1.366720045510354e-09,1.366720045510354e-09
Iron,"('ecoinvent-3.4-biosphere', 'c983ad54-12e9-47a5-b747-5e5c448e58e2')",Fe,8.613439037610252e-10,8.613439037610252e-10,1.0,9.645225823667623e-15,9.645225823667623e-15,dissipation,Hematite,1.0,8.613439037610252e-10,1.0,9.645225823667623e-15,0.4660557498197291,0.4660557489583852,0.95,1.366720045510354e-09,1.366720045510354e-09
Iron,"('ecoinvent-3.4-biosphere', '8dba66e2-0f2e-4038-84ef-1e40b4f573a6')",Fe,8.613439037610252e-10,8.613439037610252e-10,1.0,9.645225823667623e-15,9.645225823667623e-15,dissipation,Hematite,1.0,8.613439037610252e-10,1.0,9.645225823667623e-15,0.4660557498197291,0.4660557489583852,0.95,1.366720045510354e-09,1.366720045510354e-09
Iron,"('ecoinvent-3.4-biosphere', 'db364689-e1a3-4629-8835-e6c59d6daf09')",Fe,8.613439037610252e-10,8.613439037610252e-10,1.0,9.645225823667623e-15,9.645225823667623e-15,dissipation,Hematite,1.0,8.613439037610252e-10,1.0,9.645225823667623e-15,0.4660557498197291,0.4660557489583852,0.95,1.366720045510354e-09,1.366720045510354e-09
Aluminium,"('ecoinvent-3.4-biosphere', '7880e65c-0321-4295-ba55-3186ad36e489')",Al,8.332548883558549e-10,8.332548883558549e-10,1.0,6.422536676269254e-14,6.422536676269254e-14,dissipation,Bauxite (Gibbsite),2.8930041152263373,2.4106098210459507e-09,2.8930041152263373,1.8580425034639034e-13,0.23086450876489972,0.2308645063542899,0.95,1.6988168283719987e-07,1.6988168283719987e-07
Aluminium,"('ecoinvent-3.4-biosphere', '765546a9-b056-4d27-ad14-2f016511bdcb')",Al,8.332548883558549e-10,8.332548883558549e-10,1.0,6.422536676269254e-14,6.422536676269254e-14,dissipation,Bauxite (Gibbsite),2.8930041152263373,2.4106098210459507e-09,2.8930041152263373,1.8580425034639034e-13,0.23086450876489972,0.2308645063542899,0.95,1.6988168283719987e-07,1.6988168283719987e-07
Aluminium,"('ecoinvent-3.4-biosphere', '6f0b8b7c-3888-4174-b7e3-916d42d678ee')",Al,8.332548883558549e-10,8.332548883558549e-10,1.0,6.422536676269254e-14,6.422536676269254e-14,dissipation,Bauxite (Gibbsite),2.8930041152263373,2.4106098210459507e-09,2.8930041152263373,1.8580425034639034e-13,0.23086450876489972,0.2308645063542899,0.95,1.6988168283719987e-07,1.6988168283719987e-07
Aluminium,"('ecoinvent-3.4-biosphere', '46e63323-cffd-4c46-829b-5f006b50fa9b')",Al,8.332548883558549e-10,8.332548883558549e-10,1.0,6.422536676269254e-14,6.422536676269254e-14,dissipation,Bauxite (Gibbsite),2.8930041152263373,2.4106098210459507e-09,2.8930041152263373,1.8580425034639034e-13,0.23086450876489972,0.2308645063542899,0.95,1.6988168283719987e-07,1.6988168283719987e-07
Aluminium,"('ecoinvent-3.4-biosphere', '01056d4b-f9b0-4dfc-b8d9-8407c8376efb')",Al,8.332548883558549e-10,8.332548883558549e-10,1.0,6.422536676269254e-14,6.422536676269254e-14,dissipation,Bauxite (Gibbsite),2.8930041152263373,2.4106098210459507e-09,2.8930041152263373,1.8580425034639034e-13,0.23086450876489972,0.2308645063542899,0.95,1.6988168283719987e-07,1.6988168283719987e-07
Aluminium,"('ecoinvent-3.4-biosphere', 'd96403bf-902e-4b7a-8ffd-32fe09e4017f')",Al,8.332548883558549e-10,8.332548883558549e-10,1.0,6.422536676269254e-14,6.422536676269254e-14,dissipation,Bauxite (Gibbsite),2.8930041152263373,2.4106098210459507e-09,2.8930041152263373,1.8580425034639034e-13,0.23086450876489972,0.2308645063542899,0.95,1.6988168283719987e-07,1.6988168283719987e-07
Aluminium,"('ecoinvent-3.4-biosphere', '0ace7678-a181-48e8-8728-d912a8b56c57')",Al,8.332548883558549e-10,8.332548883558549e-10,1.0,6.422536676269254e-14,6.422536676269254e-14,dissipation,Bauxite (Gibbsite),2.8930041152263373,2.4106098210459507e-09,2.8930041152263373,1.8580425034639034e-13,0.23086450876489972,0.2308645063542899,0.95,1.6988168283719987e-07,1.6988168283719987e-07
Aluminium,"('ecoinvent-3.4-biosphere', '97e498ec-f323-4ec6-bcc0-d8a4c853bae3')",Al,8.332548883558549e-10,8.332548883558549e-10,1.0,6.422536676269254e-14,6.422536676269254e-14,dissipation,Bauxite (Gibbsite),2.8930041152263373,2.4106098210459507e-09,2.8930041152263373,1.8580425034639034e-13,0.23086450876489972,0.2308645063542899,0.95,1.6988168283719987e-07,1.6988168283719987e-07
Aluminium,"('ecoinvent-3.4-biosphere', '9c3bd678-1b2f-4b95-a245-d5c8a3fe326b')",Al,8.332548883558549e-10,8.332548883558549e-10,1.0,6.422536676269254e-14,6.422536676269254e-14,dissipation,Bauxite (Gibbsite),2.8930041152263373,2.4106098210459507e-09,2.8930041152263373,1.8580425034639034e-13,0.23086450876489972,0.2308645063542899,0.95,1.6988168283719987e-07,1.6988168283719987e-07
Aluminium,"('ecoinvent-3.4-biosphere', '2baa4381-b781-4f5e-90de-508b0fa3fd1f')",Al,8.332548883558549e-10,8.332548883558549e-10,1.0,6.422536676269254e-14,6.422536676269254e-14,dissipation,Bauxite (Gibbsite),2.8930041152263373,2.4106098210459507e-09,2.8930041152263373,1.8580425034639034e-13,0.23086450876489972,0.2308645063542899,0.95,1.6988168283719987e-07,1.6988168283719987e-07
Aluminium,"('ecoinvent-3.4-biosphere', '2e0c9efa-d55c-49db-8be3-0376d5921ff4')",Al,8.332548883558549e-10,8.332548883558549e-10,1.0,6.422536676269254e-14,6.422536676269254e-14,dissipation,Bauxite (Gibbsite),2.8930041152263373,2.4106098210459507e-09,2.8930041152263373,1.8580425034639034e-13,0.23086450876489972,0.2308645063542899,0.95,1.6988168283719987e-07,1.6988168283719987e-07
Aluminium,"('ecoinvent-3.4-biosphere', 'ff65658c-2d39-44a2-b23e-7ec3c644f064')",Al,8.332548883558549e-10,8.332548883558549e-10,1.0,6.422536676269254e-14,6.422536676269254e-14,dissipation,Bauxite (Gibbsite),2.8930041152263373,2.4106098210459507e-09,2.8930041152263373,1.8580425034639034e-13,0.23086450876489972,0.2308645063542899,0.95,1.6988168283719987e-07,1.6988168283719987e-07
Aluminium,"('ecoinvent-3.4-biosphere', 'e0401210-0377-4670-84af-12247ca20bed')",Al,8.332548883558549e-10,8.332548883558549e-10,1.0,6.422536676269254e-14,6.422536676269254e-14,dissipation,Bauxite (Gibbsite),2.8930041152263373,2.4106098210459507e-09,2.8930041152263373,1.8580425034639034e-13,0.23086450876489972,0.2308645063542899,0.95,1.6988168283719987e-07,1.6988168283719987e-07
Aluminium,"('ecoinvent-3.4-biosphere', '39555a26-d28b-425f-993f-e8770ab7d9cf')",Al,8.332548883558549e-10,8.332548883558549e-10,1.0,6.422536676269254e-14,6.422536676269254e-14,dissipation,Bauxite (Gibbsite),2.8930041152263373,2.4106098210459507e-09,2.8930041152263373,1.8580425034639034e-13,0.23086450876489972,0.2308645063542899,0.95,1.6988168283719987e-07,1.6988168283719987e-07
Manganese,"('ecoinvent-3.4-biosphere', '44f28e11-061d-44fd-8f25-dc62a9f1fa57')",Mn,8.288758895143545e-10,8.288758895143545e-10,1.0,6.485008032108113e-14,6.485008032108113e-14,dissipation,Pyrolusite,1.5822784810126582,1.3115124834087888e-09,1.5822784810126582,1.0261088658398912e-13,0.29578603669687803,0.2957860353853655,0.6709603911825677,7.68307369734586e-10,7.68307369734586e-10
Manganese,"('ecoinvent-3.4-biosphere', '2460f868-54a9-404c-bec8-c809a44ae72c')",Mn,8.288758895143545e-10,8.288758895143545e-10,1.0,6.485008032108113e-14,6.485008032108113e-14,dissipation,Pyrolusite,1.5822784810126582,1.3115124834087888e-09,1.5822784810126582,1.0261088658398912e-13,0.29578603669687803,0.2957860353853655,0.6709603911825677,7.68307369734586e-10,7.68307369734586e-10
Manganese,"('ecoinvent-3.4-biosphere', '835d0907-a668-4d92-b6b6-7b56fa343713')",Mn,8.288758895143545e-10,8.288758895143545e-10,1.0,6.485008032108113e-14,6.485008032108113e-14,dissipation,Pyrolusite,1.5822784810126582,1.3115124834087888e-09,1.5822784810126582,1.0261088658398912e-13,0.29578603669687803,0.2957860353853655,0.6709603911825677,7.68307369734586e-10,7.68307369734586e-10
Manganese,"('ecoinvent-3.4-biosphere', '295060ba-3c3d-45e4-99ca-e17b1204b553')",Mn,8.288758895143545e-10,8.288758895143545e-10,1.0,6.485008032108113e-14,6.485008032108113e-14,dissipation,Pyrolusite,1.5822784810126582,1.3115124834087888e-09,1.5822784810126582,1.0261088658398912e-13,0.29578603669687803,0.2957860353853655,0.6709603911825677,7.68307369734586e-10,7.68307369734586e-10
Manganese,"('ecoinvent-3.4-biosphere', 'f532985c-90b7-46fc-aac9-b039b40e22f1')",Mn,8.288758895143545e-10,8.288758895143545e-10,1.0,6.485008032108113e-14,6.485008032108113e-14,dissipation,Pyrolusite,1.5822784810126582,1.3115124834087888e-09,1.5822784810126582,1.0261088658398912e-13,0.29578603669687803,0.2957860353853655,0.6709603911825677,7.68307369734586e-10,7.68307369734586e-10
Manganese,"('ecoinvent-3.4-biosphere', '0af26a55-d357-469f-abad-8ced785cb4fb')",Mn,8.288758895143545e-10,8.288758895143545e-10,1.0,6.485008032108113e-14,6.485008032108113e-14,dissipation,Pyrolusite,1.5822784810126582,1.3115124834087888e-09,1.5822784810126582,1.0261088658398912e-13,0.29578603669687803,0.2957860353853655,0.6709603911825677,7.68307369734586e-10,7.68307369734586e-10
Manganese,"('ecoinvent-3.4-biosphere', 'b0546417-3064-4878-bd6f-2da75cefdf63')",Mn,8.288758895143545e-10,8.288758895143545e-10,1.0,6.485008032108113e-14,6.485008032108113e-14,dissipation,Pyrolusite,1.5822784810126582,1.3115124834087888e-09,1.5822784810126582,1.0261088658398912e-13,0.29578603669687803,0.2957860353853655,0.6709603911825677,7.68307369734586e-10,7.68307369734586e-10
Manganese,"('ecoinvent-3.4-biosphere', 'c91fd4bf-ed70-4e2f-a34f-159773f981b6')",Mn,8.288758895143545e-10,8.288758895143545e-10,1.0,6.485008032108113e-14,6.485008032108113e-14,dissipation,Pyrolusite,1.5822784810126582,1.3115124834087888e-09,1.5822784810126582,1.0261088658398912e-13,0.29578603669687803,0.2957860353853655,0.6709603911825677,7.68307369734586e-10,7.68307369734586e-10
Manganese,"('ecoinvent-3.4-biosphere', '9c706cff-cb82-4207-a589-95896e04dc08')",Mn,8.288758895143545e-10,8.288758895143545e-10,1.0,6.485008032108113e-14,6.485008032108113e-14,dissipation,Pyrolusite,1.5822784810126582,1.3115124834087888e-09,1.5822784810126582,1.0261088658398912e-13,0.29578603669687803,0.2957860353853655,0.6709603911825677,7.68307369734586e-10,7.68307369734586e-10
Manganese,"('ecoinvent-3.4-biosphere', '009a49e8-09a7-4432-9cb9-f2dd18e8f922')",Mn,8.288758895143545e-10,8.288758895143545e-10,1.0,6.485008032108113e-14,6.485008032108113e-14,dissipation,Pyrolusite,1.5822784810126582,1.3115124834087888e-09,1.5822784810126582,1.0261088658398912e-13,0.29578603669687803,0.2957860353853655,0.6709603911825677,7.68307369734586e-10,7.68307369734586e-10
Manganese,"('ecoinvent-3.4-biosphere', '6b7fbea6-4a86-40f9-954d-3c9b3611abfd')",Mn,8.288758895143545e-10,8.288758895143545e-10,1.0,6.485008032108113e-14,6.485008032108113e-14,dissipation,Pyrolusite,1.5822784810126582,1.3115124834087888e-09,1.5822784810126582,1.0261088658398912e-13,0.29578603669687803,0.2957860353853655,0.6709603911825677,7.68307369734586e-10,7.68307369734586e-10
Manganese,"('ecoinvent-3.4-biosphere', '10cbd2f7-c41b-4bb4-b636-d8fc15cf0282')",Mn,8.288758895143545e-10,8.288758895143545e-10,1.0,6.485008032108113e-14,6.485008032108113e-14,dissipation,Pyrolusite,1.5822784810126582,1.3115124834087888e-09,1.5822784810126582,1.0261088658398912e-13,0.29578603669687803,0.2957860353853655,0.6709603911825677,7.68307369734586e-10,7.68307369734586e-10
Manganese,"('ecoinvent-3.4-biosphere', '42053ffb-9284-49cb-88f9-33ac5c77be4a')",Mn,8.288758895143545e-10,8.288758895143545e-10,1.0,6.485008032108113e-14,6.485008032108113e-14,dissipation,Pyrolusite,1.5822784810126582,1.3115124834087888e-09,1.5822784810126582,1.0261088658398912e-13,0.29578603669687803,0.2957860353853655,0.6709603911825677,7.68307369734586e-10,7.68307369734586e-10
Manganese,"('ecoinvent-3.4-biosphere', '9ba8c05d-1593-45a5-8d3b-5c4f3e9fef32')",Mn,8.288758895143545e-10,8.288758895143545e-10,1.0,6.485008032108113e-14,6.485008032108113e-14,dissipation,Pyrolusite,1.5822784810126582,1.3115124834087888e-09,1.5822784810126582,1.0261088658398912e-13,0.29578603669687803,0.2957860353853655,0.6709603911825677,7.68307369734586e-10,7.68307369734586e-10
Antimony,"('ecoinvent-3.4-biosphere', 'b2dc8668-86de-4207-b20e-dc81dea63c98')",Sb,8.212093570258105e-10,8.212093570258105e-10,1.0,2.1834077210692158e-11,2.1834077210692158e-11,dissipation,Stibnite,1.3941798941798942,1.1449135744777835e-09,1.3941798941798942,3.0440631455118433e-11,0.22717627533598833,0.22717627419107475,0.9,4.006907602059052e-09,4.006907602059052e-09
Antimony,"('ecoinvent-3.4-biosphere', '83cf77ca-867b-4eef-b0f0-78d71b3d91d5')",Sb,8.212093570258105e-10,8.212093570258105e-10,1.0,2.1834077210692158e-11,2.1834077210692158e-11,dissipation,Stibnite,1.3941798941798942,1.1449135744777835e-09,1.3941798941798942,3.0440631455118433e-11,0.22717627533598833,0.22717627419107475,0.9,4.006907602059052e-09,4.006907602059052e-09
Antimony,"('ecoinvent-3.4-biosphere', '183f9856-03ab-464d-9366-8ef62077b510')",Sb,8.212093570258105e-10,8.212093570258105e-10,1.0,2.1834077210692158e-11,2.1834077210692158e-11,dissipation,Stibnite,1.3941798941798942,1.1449135744777835e-09,1.3941798941798942,3.0440631455118433e-11,0.22717627533598833,0.22717627419107475,0.9,4.006907602059052e-09,4.006907602059052e-09
Antimony,"('ecoinvent-3.4-biosphere', 'fa39136e-1ef6-43c1-af68-104da104568d')",Sb,8.212093570258105e-10,8.212093570258105e-10,1.0,2.1834077210692158e-11,2.1834077210692158e-11,dissipation,Stibnite,1.3941798941798942,1.1449135744777835e-09,1.3941798941798942,3.0440631455118433e-11,0.22717627533598833,0.22717627419107475,0.9,4.006907602059052e-09,4.006907602059052e-09
Antimony,"('ecoinvent-3.4-biosphere', 'c49fb4cd-eed0-4438-9052-9612473cdbae')",Sb,8.212093570258105e-10,8.212093570258105e-10,1.0,2.1834077210692158e-11,2.1834077210692158e-11,dissipation,Stibnite,1.3941798941798942,1.1449135744777835e-09,1.3941798941798942,3.0440631455118433e-11,0.22717627533598833,0.22717627419107475,0.9,4.006907602059052e-09,4.006907602059052e-09
Antimony,"('ecoinvent-3.4-biosphere', '5df5cb9f-812c-4ce8-ab1c-df6ab4d31900')",Sb,8.212093570258105e-10,8.212093570258105e-10,1.0,2.1834077210692158e-11,2.1834077210692158e-11,dissipation,Stibnite,1.3941798941798942,1.1449135744777835e-09,1.3941798941798942,3.0440631455118433e-11,0.22717627533598833,0.22717627419107475,0.9,4.006907602059052e-09,4.006907602059052e-09
Antimony,"('ecoinvent-3.4-biosphere', '7805afa2-d93b-40bb-b841-325b98aec824')",Sb,8.212093570258105e-10,8.212093570258105e-10,1.0,2.1834077210692158e-11,2.1834077210692158e-11,dissipation,Stibnite,1.3941798941798942,1.1449135744777835e-09,1.3941798941798942,3.0440631455118433e-11,0.22717627533598833,0.22717627419107475,0.9,4.006907602059052e-09,4.006907602059052e-09
Antimony,"('ecoinvent-3.4-biosphere', '2b2369a4-26bb-4b18-8479-752fdf7a5e7f')",Sb,8.212093570258105e-10,8.212093570258105e-10,1.0,2.1834077210692158e-11,2.1834077210692158e-11,dissipation,Stibnite,1.3941798941798942,1.1449135744777835e-09,1.3941798941798942,3.0440631455118433e-11,0.22717627533598833,0.22717627419107475,0.9,4.006907602059052e-09,4.006907602059052e-09
Antimony,"('ecoinvent-3.4-biosphere', '77927dac-dea3-429d-a434-d5a71d92c4f7')",Sb,8.212093570258105e-10,8.212093570258105e-10,1.0,2.1834077210692158e-11,2.1834077210692158e-11,dissipation,Stibnite,1.3941798941798942,1.1449135744777835e-09,1.3941798941798942,3.0440631455118433e-11,0.22717627533598833,0.22717627419107475,0.9,4.006907602059052e-09,4.006907602059052e-09
Antimony,"('ecoinvent-3.4-biosphere', '49803ad0-9ca2-4507-a5ea-f152d16c929d')",Sb,8.212093570258105e-10,8.212093570258105e-10,1.0,2.1834077210692158e-11,2.1834077210692158e-11,dissipation,Stibnite,1.3941798941798942,1.1449135744777835e-09,1.3941798941798942,3.0440631455118433e-11,0.22717627533598833,0.22717627419107475,0.9,4.006907602059052e-09,4.006907602059052e-09
Antimony,"('ecoinvent-3.4-biosphere', '34b96163-a3df-4bc1-8224-e2a9fe01b23f')",Sb,8.212093570258105e-10,8.212093570258105e-10,1.0,2.1834077210692158e-11,2.1834077210692158e-11,dissipation,Stibnite,1.3941798941798942,1.1449135744777835e-09,1.3941798941798942,3.0440631455118433e-11,0.22717627533598833,0.22717627419107475,0.9,4.006907602059052e-09,4.006907602059052e-09
Antimony,"('ecoinvent-3.4-biosphere', '3ea5684a-6d64-4f96-8c09-1d90f997c9d4')",Sb,8.212093570258105e-10,8.212093570258105e-10,1.0,2.1834077210692158e-11,2.1834077210692158e-11,dissipation,Stibnite,1.3941798941798942,1.1449135744777835e-09,1.3941798941798942,3.0440631455118433e-11,0.22717627533598833,0.22717627419107475,0.9,4.006907602059052e-09,4.006907602059052e-09
Antimony,"('ecoinvent-3.4-biosphere', 'f4cf8d5c-f030-4b55-a3af-e3c20b855ee8')",Sb,8.212093570258105e-10,8.212093570258105e-10,1.0,2.1834077210692158e-11,2.1834077210692158e-11,dissipation,Stibnite,1.3941798941798942,1.1449135744777835e-09,1.3941798941798942,3.0440631455118433e-11,0.22717627533598833,0.22717627419107475,0.9,4.006907602059052e-09,4.006907602059052e-09
Antimony,"('ecoinvent-3.4-biosphere', '43b29ad9-26dd-4838-b931-6216e55a0120')",Sb,8.212093570258105e-10,8.212093570258105e-10,1.0,2.1834077210692158e-11,2.1834077210692158e-11,dissipation,Stibnite,1.3941798941798942,1.1449135744777835e-09,1.3941798941798942,3.0440631455118433e-11,0.22717627533598833,0.22717627419107475,0.9,4.006907602059052e-09,4.006907602059052e-09
"Chromium, ion","('ecoinvent-3.4-biosphere', 'e34d3da4-a3d5-41be-84b5-458afe32c990')",Cr,7.71129348110886e-10,7.71129348110886e-10,1.0,3.1278613038877847e-13,3.1278613038877847e-13,dissipation,Chromite,2.152027027027027,1.6594911984683595e-09,2.152027027027027,6.73124206275851e-13,0.2461272270789205,0.2461272254194293,0.81,3.7142818893722613e-10,3.7142818893722613e-10
"Chromium, ion","('ecoinvent-3.4-biosphere', '30f484ee-dec4-47ae-8e92-d00d4b93fe05')",Cr,7.71129348110886e-10,7.71129348110886e-10,1.0,3.1278613038877847e-13,3.1278613038877847e-13,dissipation,Chromite,2.152027027027027,1.6594911984683595e-09,2.152027027027027,6.73124206275851e-13,0.2461272270789205,0.2461272254194293,0.81,3.7142818893722613e-10,3.7142818893722613e-10
"Chromium, ion","('ecoinvent-3.4-biosphere', '1c87de06-e58f-4684-a54c-d29f1a251a87')",Cr,7.71129348110886e-10,7.71129348110886e-10,1.0,3.1278613038877847e-13,3.1278613038877847e-13,dissipation,Chromite,2.152027027027027,1.6594911984683595e-09,2.152027027027027,6.73124206275851e-13,0.2461272270789205,0.2461272254194293,0.81,3.7142818893722613e-10,3.7142818893722613e-10
"Chromium, ion","('ecoinvent-3.4-biosphere', 'd9c23a8d-e7bf-4f70-8d22-b9ad8a653204')",Cr,7.71129348110886e-10,7.71129348110886e-10,1.0,3.1278613038877847e-13,3.1278613038877847e-13,dissipation,Chromite,2.152027027027027,1.6594911984683595e-09,2.152027027027027,6.73124206275851e-13,0.2461272270789205,0.2461272254194293,0.81,3.7142818893722613e-10,3.7142818893722613e-10
"Chromium, ion","('ecoinvent-3.4-biosphere', 'd98f0ec0-bf19-4c90-a457-a8593dec497f')",Cr,7.71129348110886e-10,7.71129348110886e-10,1.0,3.1278613038877847e-13,3.1278613038877847e-13,dissipation,Chromite,2.152027027027027,1.6594911984683595e-09,2.152027027027027,6.73124206275851e-13,0.2461272270789205,0.2461272254194293,0.81,3.7142818893722613e-10,3.7142818893722613e-10
Molybdenum,"('ecoinvent-3.4-biosphere', '163926e2-b4cc-42bb-ba7d-401028140985')",Mo,6.571315772771111e-10,6.571315772771111e-10,1.0,1.6532043483883647e-13,1.6532043483883647e-13,dissipation,Molybdenite,1.6700000000000004,1.0974097340527758e-09,1.6700000000000004,2.7608512618085697e-13,0.0023389070923680233,0.002338905994958289,0.9176761103880936,9.468779230479777e-06,9.468779230479777e-06
Molybdenum,"('ecoinvent-3.4-biosphere', '9cf3a683-ed3d-40e9-b039-7653e4fc9e20')",Mo,6.571315772771111e-10,6.571315772771111e-10,1.0,1.6532043483883647e-13,1.6532043483883647e-13,dissipation,Molybdenite,1.6700000000000004,1.0974097340527758e-09,1.6700000000000004,2.7608512618085697e-13,0.0023389070923680233,0.002338905994958289,0.9176761103880936,9.468779230479777e-06,9.468779230479777e-06
Molybdenum,"('ecoinvent-3.4-biosphere', '35b4d818-1019-413b-b99d-d351d8a67ac4')",Mo,6.571315772771111e-10,6.571315772771111e-10,1.0,1.6532043483883647e-13,1.6532043483883647e-13,dissipation,Molybdenite,1.6700000000000004,1.0974097340527758e-09,1.6700000000000004,2.7608512618085697e-13,0.0023389070923680233,0.002338905994958289,0.9176761103880936,9.468779230479777e-06,9.468779230479777e-06
Molybdenum,"('ecoinvent-3.4-biosphere', 'c26d4716-ce1e-43da-a662-cd9498b1e8bc')",Mo,6.571315772771111e-10,6.571315772771111e-10,1.0,1.6532043483883647e-13,1.6532043483883647e-13,dissipation,Molybdenite,1.6700000000000004,1.0974097340527758e-09,1.6700000000000004,2.7608512618085697e-13,0.0023389070923680233,0.002338905994958289,0.9176761103880936,9.468779230479777e-06,9.468779230479777e-06
Molybdenum,"('ecoinvent-3.4-biosphere', '1f3c2297-d652-468d-82e8-4fd59bf5b5b8')",Mo,6.571315772771111e-10,6.571315772771111e-10,1.0,1.6532043483883647e-13,1.6532043483883647e-13,dissipation,Molybdenite,1.6700000000000004,1.0974097340527758e-09,1.6700000000000004,2.7608512618085697e-13,0.0023389070923680233,0.002338905994958289,0.9176761103880936,9.468779230479777e-06,9.468779230479777e-06
Molybdenum,"('ecoinvent-3.4-biosphere', '640e30d2-3158-4a1a-82ef-fd0c72922c9a')",Mo,6.571315772771111e-10,6.571315772771111e-10,1.0,1.6532043483883647e-13,1.6532043483883647e-13,dissipation,Molybdenite,1.6700000000000004,1.0974097340527758e-09,1.6700000000000004,2.7608512618085697e-13,0.0023389070923680233,0.002338905994958289,0.9176761103880936,9.468779230479777e-06,9.468779230479777e-06
Molybdenum,"('ecoinvent-3.4-biosphere', '697e8ecf-bdbe-4857-92c9-e01960c91db7')",Mo,6.571315772771111e-10,6.571315772771111e-10,1.0,1.6532043483883647e-13,1.6532043483883647e-13,dissipation,Molybdenite,1.6700000000000004,1.0974097340527758e-09,1.6700000000000004,2.7608512618085697e-13,0.0023389070923680233,0.002338905994958289,0.9176761103880936,9.468779230479777e-06,9.468779230479777e-06
Molybdenum,"('ecoinvent-3.4-biosphere', '442511cc-a98b-4242-9229-5736cb9a9399')",Mo,6.571315772771111e-10,6.571315772771111e-10,1.0,1.6532043483883647e-13,1.6532043483883647e-13,dissipation,Molybdenite,1.6700000000000004,1.0974097340527758e-09,1.6700000000000004,2.7608512618085697e-13,0.0023389070923680233,0.002338905994958289,0.9176761103880936,9.468779230479777e-06,9.468779230479777e-06
Molybdenum,"('ecoinvent-3.4-biosphere', '3822809c-cc03-469d-ac2a-9f85842f8440')",Mo,6.571315772771111e-10,6.571315772771111e-10,1.0,1.6532043483883647e-13,1.6532043483883647e-13,dissipation,Molybdenite,1.6700000000000004,1.0974097340527758e-09,1.6700000000000004,2.7608512618085697e-13,0.0023389070923680233,0.002338905994958289,0.9176761103880936,9.468779230479777e-06,9.468779230479777e-06
Molybdenum,"('ecoinvent-3.4-biosphere', 'c126f8a0-6bc4-42e6-9220-d6ccfef3f2ed')",Mo,6.571315772771111e-10,6.571315772771111e-10,1.0,1.6532043483883647e-13,1.6532043483883647e-13,dissipation,Molybdenite,1.6700000000000004,1.0974097340527758e-09,1.6700000000000004,2.7608512618085697e-13,0.0023389070923680233,0.002338905994958289,0.9176761103880936,9.468779230479777e-06,9.468779230479777e-06
Molybdenum,"('ecoinvent-3.4-biosphere', '8b531ec0-ca7a-49cd-bef0-56f110112f34')",Mo,6.571315772771111e-10,6.571315772771111e-10,1.0,1.6532043483883647e-13,1.6532043483883647e-13,dissipation,Molybdenite,1.6700000000000004,1.0974097340527758e-09,1.6700000000000004,2.7608512618085697e-13,0.0023389070923680233,0.002338905994958289,0.9176761103880936,9.468779230479777e-06,9.468779230479777e-06
Molybdenum,"('ecoinvent-3.4-biosphere', 'fdaaef05-0d10-4032-b2e7-85cae3c7bd5c')",Mo,6.571315772771111e-10,6.571315772771111e-10,1.0,1.6532043483883647e-13,1.6532043483883647e-13,dissipation,Molybdenite,1.6700000000000004,1.0974097340527758e-09,1.6700000000000004,2.7608512618085697e-13,0.0023389070923680233,0.002338905994958289,0.9176761103880936,9.468779230479777e-06,9.468779230479777e-06
Molybdenum,"('ecoinvent-3.4-biosphere', '7d3f7498-3596-478a-9fa1-72201ef94082')",Mo,6.571315772771111e-10,6.571315772771111e-10,1.0,1.6532043483883647e-13,1.6532043483883647e-13,dissipation,Molybdenite,1.6700000000000004,1.0974097340527758e-09,1.6700000000000004,2.7608512618085697e-13,0.0023389070923680233,0.002338905994958289,0.9176761103880936,9.468779230479777e-06,9.468779230479777e-06
Molybdenum,"('ecoinvent-3.4-biosphere', '5fa36ce3-aed0-443b-a09d-4cdf25b41995')",Mo,6.571315772771111e-10,6.571315772771111e-10,1.0,1.6532043483883647e-13,1.6532043483883647e-13,dissipation,Molybdenite,1.6700000000000004,1.0974097340527758e-09,1.6700000000000004,2.7608512618085697e-13,0.0023389070923680233,0.002338905994958289,0.9176761103880936,9.468779230479777e-06,9.468779230479777e-06
"Iron, ion","('ecoinvent-3.4-biosphere', '9b6d6f07-ebc6-447d-a3c0-f2017d77d852')",Fe,5.76339455717126e-10,5.76339455717126e-10,1.0,9.645225823667623e-15,9.645225823667623e-15,dissipation,Hematite,1.0,5.76339455717126e-10,1.0,9.645225823667623e-15,0.4660557498197291,0.4660557492433896,0.95,9.144951446705369e-10,9.144951446705369e-10
"Iron, ion","('ecoinvent-3.4-biosphere', '33fd8342-58e7-45c9-ad92-0951c002c403')",Fe,5.76339455717126e-10,5.76339455717126e-10,1.0,9.645225823667623e-15,9.645225823667623e-15,dissipation,Hematite,1.0,5.76339455717126e-10,1.0,9.645225823667623e-15,0.4660557498197291,0.4660557492433896,0.95,9.144951446705369e-10,9.144951446705369e-10
"Iron, ion","('ecoinvent-3.4-biosphere', 'de444dc0-5964-4501-8367-50ba53bfc6b9')",Fe,5.76339455717126e-10,5.76339455717126e-10,1.0,9.645225823667623e-15,9.645225823667623e-15,dissipation,Hematite,1.0,5.76339455717126e-10,1.0,9.645225823667623e-15,0.4660557498197291,0.4660557492433896,0.95,9.144951446705369e-10,9.144951446705369e-10
"Iron, ion","('ecoinvent-3.4-biosphere', '7c335b9c-a403-47a8-bb6d-2e7d3c3a230e')",Fe,5.76339455717126e-10,5.76339455717126e-10,1.0,9.645225823667623e-15,9.645225823667623e-15,dissipation,Hematite,1.0,5.76339455717126e-10,1.0,9.645225823667623e-15,0.4660557498197291,0.4660557492433896,0.95,9.144951446705369e-10,9.144951446705369e-10
"Iron, ion","('ecoinvent-3.4-biosphere', '2c9a7182-37c8-4777-a37a-9a007c3edb2f')",Fe,5.76339455717126e-10,5.76339455717126e-10,1.0,9.645225823667623e-15,9.645225823667623e-15,dissipation,Hematite,1.0,5.76339455717126e-10,1.0,9.645225823667623e-15,0.4660557498197291,0.4660557492433896,0.95,9.144951446705369e-10,9.144951446705369e-10
Nickel,"('ecoinvent-3.4-biosphere', '56815b4f-6138-4e0b-9fac-c94fd6b102b3')",Ni,5.722096308184417e-10,5.722096308184417e-10,1.0,9.066741688482605e-14,9.066741688482605e-14,dissipation,Pentlandite(sulphides) / Garnierite(laterites),2.9342028985507245,1.6789791573261115e-09,2.9342028985507245,2.660365974275635e-13,0.010558917414268303,0.010558915735289146,0.0803628113054402,1.331110556652414e-07,1.331110556652414e-07
Nickel,"('ecoinvent-3.4-biosphere', 'e43a270f-4f88-4789-a0b8-7aba56677743')",Ni,5.722096308184417e-10,5.722096308184417e-10,1.0,9.066741688482605e-14,9.066741688482605e-14,dissipation,Pentlandite(sulphides) / Garnierite(laterites),2.9342028985507245,1.6789791573261115e-09,2.9342028985507245,2.660365974275635e-13,0.010558917414268303,0.010558915735289146,0.0803628113054402,1.331110556652414e-07,1.331110556652414e-07
Nickel,"('ecoinvent-3.4-biosphere', 'a72a45ee-395a-4d25-b893-9d183e43e76e')",Ni,5.722096308184417e-10,5.722096308184417e-10,1.0,9.066741688482605e-14,9.066741688482605e-14,dissipation,Pentlandite(sulphides) / Garnierite(laterites),2.9342028985507245,1.6789791573261115e-09,2.9342028985507245,2.660365974275635e-13,0.010558917414268303,0.010558915735289146,0.0803628113054402,1.331110556652414e-07,1.331110556652414e-07
Nickel,"('ecoinvent-3.4-biosphere', 'e8fc62ba-678e-4706-97d2-b79d83e227d5')",Ni,5.722096308184417e-10,5.722096308184417e-10,1.0,9.066741688482605e-14,9.066741688482605e-14,dissipation,Pentlandite(sulphides) / Garnierite(laterites),2.9342028985507245,1.6789791573261115e-09,2.9342028985507245,2.660365974275635e-13,0.010558917414268303,0.010558915735289146,0.0803628113054402,1.331110556652414e-07,1.331110556652414e-07
Nickel,"('ecoinvent-3.4-biosphere', '5de1943f-b011-45a0-97d4-ed15eea6a382')",Ni,5.722096308184417e-10,5.722096308184417e-10,1.0,9.066741688482605e-14,9.066741688482605e-14,dissipation,Pentlandite(sulphides) / Garnierite(laterites),2.9342028985507245,1.6789791573261115e-09,2.9342028985507245,2.660365974275635e-13,0.010558917414268303,0.010558915735289146,0.0803628113054402,1.331110556652414e-07,1.331110556652414e-07
Nickel,"('ecoinvent-3.4-biosphere', 'b4580545-243d-48d2-a3a0-2633a4f46fb1')",Ni,5.722096308184417e-10,5.722096308184417e-10,1.0,9.066741688482605e-14,9.066741688482605e-14,dissipation,Pentlandite(sulphides) / Garnierite(laterites),2.9342028985507245,1.6789791573261115e-09,2.9342028985507245,2.660365974275635e-13,0.010558917414268303,0.010558915735289146,0.0803628113054402,1.331110556652414e-07,1.331110556652414e-07
Nickel,"('ecoinvent-3.4-biosphere', 'c89873de-cd23-4323-a948-f5cfeebd2fc9')",Ni,5.722096308184417e-10,5.722096308184417e-10,1.0,9.066741688482605e-14,9.066741688482605e-14,dissipation,Pentlandite(sulphides) / Garnierite(laterites),2.9342028985507245,1.6789791573261115e-09,2.9342028985507245,2.660365974275635e-13,0.010558917414268303,0.010558915735289146,0.0803628113054402,1.331110556652414e-07,1.331110556652414e-07
Nickel,"('ecoinvent-3.4-biosphere', '2bcad3b3-5305-481c-a166-ad5e6eac2675')",Ni,5.722096308184417e-10,5.722096308184417e-10,1.0,9.066741688482605e-14,9.066741688482605e-14,dissipation,Pentlandite(sulphides) / Garnierite(laterites),2.9342028985507245,1.6789791573261115e-09,2.9342028985507245,2.660365974275635e-13,0.010558917414268303,0.010558915735289146,0.0803628113054402,1.331110556652414e-07,1.331110556652414e-07
Nickel,"('ecoinvent-3.4-biosphere', '0545c382-2312-43b6-9ec3-63dbb1438565')",Ni,5.722096308184417e-10,5.722096308184417e-10,1.0,9.066741688482605e-14,9.066741688482605e-14,dissipation,Pentlandite(sulphides) / Garnierite(laterites),2.9342028985507245,1.6789791573261115e-09,2.9342028985507245,2.660365974275635e-13,0.010558917414268303,0.010558915735289146,0.0803628113054402,1.331110556652414e-07,1.331110556652414e-07
Nickel,"('ecoinvent-3.4-biosphere', 'a5506f4b-113f-4713-95c3-c819dde6e48b')",Ni,5.722096308184417e-10,5.722096308184417e-10,1.0,9.066741688482605e-14,9.066741688482605e-14,dissipation,Pentlandite(sulphides) / Garnierite(laterites),2.9342028985507245,1.6789791573261115e-09,2.9342028985507245,2.660365974275635e-13,0.010558917414268303,0.010558915735289146,0.0803628113054402,1.331110556652414e-07,1.331110556652414e-07
"Silver, ion","('ecoinvent-3.4-biosphere', 'af9793ba-25a1-4928-a14a-4bcf7d5bd3f7')",Ag,5.511391213993538e-10,5.511391213993538e-10,1.0,1.5701960660375504e-13,1.5701960660375504e-13,dissipation,Argentite,1.1478494623655913,6.326247441868926e-10,1.1478494623655913,1.8023487102097688e-13,0.0005609394054083945,0.0005609387727836503,0.9,0.00017793113936312853,0.00017793113936312853
"Silver, ion","('ecoinvent-3.4-biosphere', '71cfe87c-ab80-421e-adba-afb7d5bd0861')",Ag,5.511391213993538e-10,5.511391213993538e-10,1.0,1.5701960660375504e-13,1.5701960660375504e-13,dissipation,Argentite,1.1478494623655913,6.326247441868926e-10,1.1478494623655913,1.8023487102097688e-13,0.0005609394054083945,0.0005609387727836503,0.9,0.00017793113936312853,0.00017793113936312853
"Silver, ion","('ecoinvent-3.4-biosphere', '94426df9-63b1-4dc6-ad1b-3509e22f1154')",Ag,5.511391213993538e-10,5.511391213993538e-10,1.0,1.5701960660375504e-13,1.5701960660375504e-13,dissipation,Argentite,1.1478494623655913,6.326247441868926e-10,1.1478494623655913,1.8023487102097688e-13,0.0005609394054083945,0.0005609387727836503,0.9,0.00017793113936312853,0.00017793113936312853
"Silver, ion","('ecoinvent-3.4-biosphere', '21c257b2-57ce-4a6e-b4bd-40f0f75f310f')",Ag,5.511391213993538e-10,5.511391213993538e-10,1.0,1.5701960660375504e-13,1.5701960660375504e-13,dissipation,Argentite,1.1478494623655913,6.326247441868926e-10,1.1478494623655913,1.8023487102097688e-13,0.0005609394054083945,0.0005609387727836503,0.9,0.00017793113936312853,0.00017793113936312853
"Silver, ion","('ecoinvent-3.4-biosphere', '6aa8673f-f7e3-4270-93dc-e97b745fced7')",Ag,5.511391213993538e-10,5.511391213993538e-10,1.0,1.5701960660375504e-13,1.5701960660375504e-13,dissipation,Argentite,1.1478494623655913,6.326247441868926e-10,1.1478494623655913,1.8023487102097688e-13,0.0005609394054083945,0.0005609387727836503,0.9,0.00017793113936312853,0.00017793113936312853
Lead,"('ecoinvent-3.4-biosphere', 'e9e856c2-868e-435e-8425-8df1c9297cfc')",Pb,4.724927322763017e-10,4.724927322763017e-10,1.0,1.1855254708054448e-13,1.1855254708054448e-13,dissipation,Galena,1.1560975609756097,5.462476953633341e-10,1.1560975609756097,1.370583105272636e-13,0.10515644248728105,0.10515644194103335,0.635111259945265,2.2630048409204512e-09,2.2630048409204512e-09
Lead,"('ecoinvent-3.4-biosphere', '4010918f-7fd0-4925-8fbb-8fd7a44a806c')",Pb,4.724927322763017e-10,4.724927322763017e-10,1.0,1.1855254708054448e-13,1.1855254708054448e-13,dissipation,Galena,1.1560975609756097,5.462476953633341e-10,1.1560975609756097,1.370583105272636e-13,0.10515644248728105,0.10515644194103335,0.635111259945265,2.2630048409204512e-09,2.2630048409204512e-09
Lead,"('ecoinvent-3.4-biosphere', '2718482b-8399-442e-b89a-52fbcc22d2e6')",Pb,4.724927322763017e-10,4.724927322763017e-10,1.0,1.1855254708054448e-13,1.1855254708054448e-13,dissipation,Galena,1.1560975609756097,5.462476953633341e-10,1.1560975609756097,1.370583105272636e-13,0.10515644248728105,0.10515644194103335,0.635111259945265,2.2630048409204512e-09,2.2630048409204512e-09
Lead,"('ecoinvent-3.4-biosphere', '837083ce-41cd-49f3-a849-d79564dac238')",Pb,4.724927322763017e-10,4.724927322763017e-10,1.0,1.1855254708054448e-13,1.1855254708054448e-13,dissipation,Galena,1.1560975609756097,5.462476953633341e-10,1.1560975609756097,1.370583105272636e-13,0.10515644248728105,0.10515644194103335,0.635111259945265,2.2630048409204512e-09,2.2630048409204512e-09
Lead,"('ecoinvent-3.4-biosphere', '8e123669-94d3-41d8-9480-a79211fe7c43')",Pb,4.724927322763017e-10,4.724927322763017e-10,1.0,1.1855254708054448e-13,1.1855254708054448e-13,dissipation,Galena,1.1560975609756097,5.462476953633341e-10,1.1560975609756097,1.370583105272636e-13,0.10515644248728105,0.10515644194103335,0.635111259945265,2.2630048409204512e-09,2.2630048409204512e-09
Lead,"('ecoinvent-3.4-biosphere', '9ee7f4ab-b826-47ae-8623-e138f944b42e')",Pb,4.724927322763017e-10,4.724927322763017e-10,1.0,1.1855254708054448e-13,1.1855254708054448e-13,dissipation,Galena,1.1560975609756097,5.462476953633341e-10,1.1560975609756097,1.370583105272636e-13,0.10515644248728105,0.10515644194103335,0.635111259945265,2.2630048409204512e-09,2.2630048409204512e-09
Lead,"('ecoinvent-3.4-biosphere', '739234c8-5359-48b4-983f-9cb170d68c8d')",Pb,4.724927322763017e-10,4.724927322763017e-10,1.0,1.1855254708054448e-13,1.1855254708054448e-13,dissipation,Galena,1.1560975609756097,5.462476953633341e-10,1.1560975609756097,1.370583105272636e-13,0.10515644248728105,0.10515644194103335,0.635111259945265,2.2630048409204512e-09,2.2630048409204512e-09
Lead,"('ecoinvent-3.4-biosphere', 'b3ebdcc3-c588-4997-95d2-9785b26b34e1')",Pb,4.724927322763017e-10,4.724927322763017e-10,1.0,1.1855254708054448e-13,1.1855254708054448e-13,dissipation,Galena,1.1560975609756097,5.462476953633341e-10,1.1560975609756097,1.370583105272636e-13,0.10515644248728105,0.10515644194103335,0.635111259945265,2.2630048409204512e-09,2.2630048409204512e-09
Lead,"('ecoinvent-3.4-biosphere', '31c4d160-b21e-41b3-b9c1-3d7a72377653')",Pb,4.724927322763017e-10,4.724927322763017e-10,1.0,1.1855254708054448e-13,1.1855254708054448e-13,dissipation,Galena,1.1560975609756097,5.462476953633341e-10,1.1560975609756097,1.370583105272636e-13,0.10515644248728105,0.10515644194103335,0.635111259945265,2.2630048409204512e-09,2.2630048409204512e-09
Lead,"('ecoinvent-3.4-biosphere', 'fe4613d7-1ed8-427d-9b06-c8e8f4f5e1b1')",Pb,4.724927322763017e-10,4.724927322763017e-10,1.0,1.1855254708054448e-13,1.1855254708054448e-13,dissipation,Galena,1.1560975609756097,5.462476953633341e-10,1.1560975609756097,1.370583105272636e-13,0.10515644248728105,0.10515644194103335,0.635111259945265,2.2630048409204512e-09,2.2630048409204512e-09
Lead,"('ecoinvent-3.4-biosphere', '67652827-017f-4856-8d0a-c97bac4c6562')",Pb,4.724927322763017e-10,4.724927322763017e-10,1.0,1.1855254708054448e-13,1.1855254708054448e-13,dissipation,Galena,1.1560975609756097,5.462476953633341e-10,1.1560975609756097,1.370583105272636e-13,0.10515644248728105,0.10515644194103335,0.635111259945265,2.2630048409204512e-09,2.2630048409204512e-09
Lead,"('ecoinvent-3.4-biosphere', 'c864aa15-0abc-41ad-9889-348106e485d8')",Pb,4.724927322763017e-10,4.724927322763017e-10,1.0,1.1855254708054448e-13,1.1855254708054448e-13,dissipation,Galena,1.1560975609756097,5.462476953633341e-10,1.1560975609756097,1.370583105272636e-13,0.10515644248728105,0.10515644194103335,0.635111259945265,2.2630048409204512e-09,2.2630048409204512e-09
Lead,"('ecoinvent-3.4-biosphere', '0ff15165-d761-48c9-9814-2d1dcdd56857')",Pb,4.724927322763017e-10,4.724927322763017e-10,1.0,1.1855254708054448e-13,1.1855254708054448e-13,dissipation,Galena,1.1560975609756097,5.462476953633341e-10,1.1560975609756097,1.370583105272636e-13,0.10515644248728105,0.10515644194103335,0.635111259945265,2.2630048409204512e-09,2.2630048409204512e-09
Lead,"('ecoinvent-3.4-biosphere', '6a903634-c97f-4c49-a7c0-88f0e6ac7a23')",Pb,4.724927322763017e-10,4.724927322763017e-10,1.0,1.1855254708054448e-13,1.1855254708054448e-13,dissipation,Galena,1.1560975609756097,5.462476953633341e-10,1.1560975609756097,1.370583105272636e-13,0.10515644248728105,0.10515644194103335,0.635111259945265,2.2630048409204512e-09,2.2630048409204512e-09
Uranium,"('ecoinvent-3.4-biosphere', '595f08d9-6304-497e-bb7d-48b6d2d8bff3')",U,4.4875150638663606e-10,4.4875150638663606e-10,1.0,9.154438878304105e-12,9.154438878304105e-12,dissipation,Uraninite,0.954954954954955,4.285374745674182e-10,0.954954954954955,8.742076766668785e-12,0.05163003302526104,0.051630032596723566,0.75,5.052945666947955e-07,5.052945666947955e-07
Uranium,"('ecoinvent-3.4-biosphere', '52317c31-7bdc-47de-9c23-ecf55127de75')",U,4.4875150638663606e-10,4.4875150638663606e-10,1.0,9.154438878304105e-12,9.154438878304105e-12,dissipation,Uraninite,0.954954954954955,4.285374745674182e-10,0.954954954954955,8.742076766668785e-12,0.05163003302526104,0.051630032596723566,0.75,5.052945666947955e-07,5.052945666947955e-07
Uranium,"('ecoinvent-3.4-biosphere', '347de5bf-3551-4022-8371-258e830b5a09')",U,4.4875150638663606e-10,4.4875150638663606e-10,1.0,9.154438878304105e-12,9.154438878304105e-12,dissipation,Uraninite,0.954954954954955,4.285374745674182e-10,0.954954954954955,8.742076766668785e-12,0.05163003302526104,0.051630032596723566,0.75,5.052945666947955e-07,5.052945666947955e-07
Uranium,"('ecoinvent-3.4-biosphere', '55fb6174-72e0-4a5e-9eb5-8d5780acffd1')",U,4.4875150638663606e-10,4.4875150638663606e-10,1.0,9.154438878304105e-12,9.154438878304105e-12,dissipation,Uraninite,0.954954954954955,4.285374745674182e-10,0.954954954954955,8.742076766668785e-12,0.05163003302526104,0.051630032596723566,0.75,5.052945666947955e-07,5.052945666947955e-07
Uranium,"('ecoinvent-3.4-biosphere', '2e518059-747c-4ff1-8da3-17134c547ac2')",U,4.4875150638663606e-10,4.4875150638663606e-10,1.0,9.154438878304105e-12,9.154438878304105e-12,dissipation,Uraninite,0.954954954954955,4.285374745674182e-10,0.954954954954955,8.742076766668785e-12,0.05163003302526104,0.051630032596723566,0.75,5.052945666947955e-07,5.052945666947955e-07
Copper,"('ecoinvent-3.4-biosphere', '88cde01c-df69-40bb-9b14-6eac71bea5b8')",Cu,4.446872001750454e-10,4.446872001750454e-10,1.0,1.231243333335009e-14,1.231243333335009e-14,dissipation,Chalcopyrite,2.8793103448275863,1.2803924556764239e-09,2.8793103448275863,3.545131666671491e-14,0.01286923124177145,0.012869229961378995,0.8086409056778144,7.455359213936176e-07,7.455359213936176e-07
Copper,"('ecoinvent-3.4-biosphere', '0a5e8a67-f9ae-48b3-bfa7-e9d37c30a191')",Cu,4.446872001750454e-10,4.446872001750454e-10,1.0,1.231243333335009e-14,1.231243333335009e-14,dissipation,Chalcopyrite,2.8793103448275863,1.2803924556764239e-09,2.8793103448275863,3.545131666671491e-14,0.01286923124177145,0.012869229961378995,0.8086409056778144,7.455359213936176e-07,7.455359213936176e-07
Copper,"('ecoinvent-3.4-biosphere', '237ca6bc-2f0a-4416-a0e3-bd512f038f2e')",Cu,4.446872001750454e-10,4.446872001750454e-10,1.0,1.231243333335009e-14,1.231243333335009e-14,dissipation,Chalcopyrite,2.8793103448275863,1.2803924556764239e-09,2.8793103448275863,3.545131666671491e-14,0.01286923124177145,0.012869229961378995,0.8086409056778144,7.455359213936176e-07,7.455359213936176e-07
Copper,"('ecoinvent-3.4-biosphere', '7e66a41c-d311-4949-bdd8-eef09cdcfa47')",Cu,4.446872001750454e-10,4.446872001750454e-10,1.0,1.231243333335009e-14,1.231243333335009e-14,dissipation,Chalcopyrite,2.8793103448275863,1.2803924556764239e-09,2.8793103448275863,3.545131666671491e-14,0.01286923124177145,0.012869229961378995,0.8086409056778144,7.455359213936176e-07,7.455359213936176e-07
Copper,"('ecoinvent-3.4-biosphere', 'fd153f15-1d16-410a-91fa-04d205e36c43')",Cu,4.446872001750454e-10,4.446872001750454e-10,1.0,1.231243333335009e-14,1.231243333335009e-14,dissipation,Chalcopyrite,2.8793103448275863,1.2803924556764239e-09,2.8793103448275863,3.545131666671491e-14,0.01286923124177145,0.012869229961378995,0.8086409056778144,7.455359213936176e-07,7.455359213936176e-07
Copper,"('ecoinvent-3.4-biosphere', '44d3e792-7c9e-48ab-9de9-acfa2e097f26')",Cu,4.446872001750454e-10,4.446872001750454e-10,1.0,1.231243333335009e-14,1.231243333335009e-14,dissipation,Chalcopyrite,2.8793103448275863,1.2803924556764239e-09,2.8793103448275863,3.545131666671491e-14,0.01286923124177145,0.012869229961378995,0.8086409056778144,7.455359213936176e-07,7.455359213936176e-07
Copper,"('ecoinvent-3.4-biosphere', '3573a5af-88f8-4f74-ade7-cd269cbc4e66')",Cu,4.446872001750454e-10,4.446872001750454e-10,1.0,1.231243333335009e-14,1.231243333335009e-14,dissipation,Chalcopyrite,2.8793103448275863,1.2803924556764239e-09,2.8793103448275863,3.545131666671491e-14,0.01286923124177145,0.012869229961378995,0.8086409056778144,7.455359213936176e-07,7.455359213936176e-07
Copper,"('ecoinvent-3.4-biosphere', 'ec8144d6-d123-43b1-9c17-a295422a0498')",Cu,4.446872001750454e-10,4.446872001750454e-10,1.0,1.231243333335009e-14,1.231243333335009e-14,dissipation,Chalcopyrite,2.8793103448275863,1.2803924556764239e-09,2.8793103448275863,3.545131666671491e-14,0.01286923124177145,0.012869229961378995,0.8086409056778144,7.455359213936176e-07,7.455359213936176e-07
Copper,"('ecoinvent-3.4-biosphere', 'e336eee7-148a-4d1c-8027-780cbfafa12b')",Cu,4.446872001750454e-10,4.446872001750454e-10,1.0,1.231243333335009e-14,1.231243333335009e-14,dissipation,Chalcopyrite,2.8793103448275863,1.2803924556764239e-09,2.8793103448275863,3.545131666671491e-14,0.01286923124177145,0.012869229961378995,0.8086409056778144,7.455359213936176e-07,7.455359213936176e-07
Iron,"('ecoinvent-3.4-biosphere', '76152de4-9499-48f7-af98-a5d41842484a')",Fe,4.428072265525809e-10,4.428072265525809e-10,1.0,9.645225823667623e-15,9.645225823667623e-15,dissipation,Hematite,1.0,4.428072265525809e-10,1.0,9.645225823667623e-15,0.4660557498197291,0.46605574937692185,0.95,7.026155173455905e-10,7.026155173455905e-10
Iron,"('ecoinvent-3.4-biosphere', 'e3043a7f-5347-4c7b-89ee-93f11b2f6d9b')",Fe,4.428072265525809e-10,4.428072265525809e-10,1.0,9.645225823667623e-15,9.645225823667623e-15,dissipation,Hematite,1.0,4.428072265525809e-10,1.0,9.645225823667623e-15,0.4660557498197291,0.46605574937692185,0.95,7.026155173455905e-10,7.026155173455905e-10
Iron,"('ecoinvent-3.4-biosphere', '0dc0bbb0-1141-4dff-b6a2-8bd5368e14af')",Fe,4.428072265525809e-10,4.428072265525809e-10,1.0,9.645225823667623e-15,9.645225823667623e-15,dissipation,Hematite,1.0,4.428072265525809e-10,1.0,9.645225823667623e-15,0.4660557498197291,0.46605574937692185,0.95,7.026155173455905e-10,7.026155173455905e-10
Iron,"('ecoinvent-3.4-biosphere', '98693cdf-d9fc-43ed-bfe6-78dfe5742d33')",Fe,4.428072265525809e-10,4.428072265525809e-10,1.0,9.645225823667623e-15,9.645225823667623e-15,dissipation,Hematite,1.0,4.428072265525809e-10,1.0,9.645225823667623e-15,0.4660557498197291,0.46605574937692185,0.95,7.026155173455905e-10,7.026155173455905e-10
Iron,"('ecoinvent-3.4-biosphere', 'ce567bdc-76ec-4ca0-be79-8bb796e448b3')",Fe,4.428072265525809e-10,4.428072265525809e-10,1.0,9.645225823667623e-15,9.645225823667623e-15,dissipation,Hematite,1.0,4.428072265525809e-10,1.0,9.645225823667623e-15,0.4660557498197291,0.46605574937692185,0.95,7.026155173455905e-10,7.026155173455905e-10
Iron,"('ecoinvent-3.4-biosphere', 'e8bd2edd-f937-49f6-9e8b-9f445278775e')",Fe,4.428072265525809e-10,4.428072265525809e-10,1.0,9.645225823667623e-15,9.645225823667623e-15,dissipation,Hematite,1.0,4.428072265525809e-10,1.0,9.645225823667623e-15,0.4660557498197291,0.46605574937692185,0.95,7.026155173455905e-10,7.026155173455905e-10
Iron,"('ecoinvent-3.4-biosphere', '32cd0492-c0cb-4898-a2b1-675eedc5b688')",Fe,4.428072265525809e-10,4.428072265525809e-10,1.0,9.645225823667623e-15,9.645225823667623e-15,dissipation,Hematite,1.0,4.428072265525809e-10,1.0,9.645225823667623e-15,0.4660557498197291,0.46605574937692185,0.95,7.026155173455905e-10,7.026155173455905e-10
Iron,"('ecoinvent-3.4-biosphere', 'c983ad54-12e9-47a5-b747-5e5c448e58e2')",Fe,4.428072265525809e-10,4.428072265525809e-10,1.0,9.645225823667623e-15,9.645225823667623e-15,dissipation,Hematite,1.0,4.428072265525809e-10,1.0,9.645225823667623e-15,0.4660557498197291,0.46605574937692185,0.95,7.026155173455905e-10,7.026155173455905e-10
Iron,"('ecoinvent-3.4-biosphere', '8dba66e2-0f2e-4038-84ef-1e40b4f573a6')",Fe,4.428072265525809e-10,4.428072265525809e-10,1.0,9.645225823667623e-15,9.645225823667623e-15,dissipation,Hematite,1.0,4.428072265525809e-10,1.0,9.645225823667623e-15,0.4660557498197291,0.46605574937692185,0.95,7.026155173455905e-10,7.026155173455905e-10
Iron,"('ecoinvent-3.4-biosphere', 'db364689-e1a3-4629-8835-e6c59d6daf09')",Fe,4.428072265525809e-10,4.428072265525809e-10,1.0,9.645225823667623e-15,9.645225823667623e-15,dissipation,Hematite,1.0,4.428072265525809e-10,1.0,9.645225823667623e-15,0.4660557498197291,0.46605574937692185,0.95,7.026155173455905e-10,7.026155173455905e-10
"Zinc, ion","('ecoinvent-3.4-biosphere', '2c7be02c-791f-4fef-b231-b90321bbeb30')",Zn,3.607409920892376e-10,3.607409920892376e-10,1.0,1.0836576745711442e-13,1.0836576745711442e-13,dissipation,Sphalerite,1.4901477832512315,5.375573896896275e-10,1.4901477832512315,1.614810081565375e-13,0.21288117798323605,0.21288117744567867,0.789865871833085,2.381397146612886e-09,2.381397146612886e-09
"Zinc, ion","('ecoinvent-3.4-biosphere', '2195d86f-e4c8-4e86-9f18-b5b065b1df7e')",Zn,3.607409920892376e-10,3.607409920892376e-10,1.0,1.0836576745711442e-13,1.0836576745711442e-13,dissipation,Sphalerite,1.4901477832512315,5.375573896896275e-10,1.4901477832512315,1.614810081565375e-13,0.21288117798323605,0.21288117744567867,0.789865871833085,2.381397146612886e-09,2.381397146612886e-09
"Zinc, ion","('ecoinvent-3.4-biosphere', '7e769b3e-03fb-4b53-be15-85a910dcfea9')",Zn,3.607409920892376e-10,3.607409920892376e-10,1.0,1.0836576745711442e-13,1.0836576745711442e-13,dissipation,Sphalerite,1.4901477832512315,5.375573896896275e-10,1.4901477832512315,1.614810081565375e-13,0.21288117798323605,0.21288117744567867,0.789865871833085,2.381397146612886e-09,2.381397146612886e-09
"Zinc, ion","('ecoinvent-3.4-biosphere', '541b633c-17a3-4047-bce6-0c0e4fdb7c10')",Zn,3.607409920892376e-10,3.607409920892376e-10,1.0,1.0836576745711442e-13,1.0836576745711442e-13,dissipation,Sphalerite,1.4901477832512315,5.375573896896275e-10,1.4901477832512315,1.614810081565375e-13,0.21288117798323605,0.21288117744567867,0.789865871833085,2.381397146612886e-09,2.381397146612886e-09
"Zinc, ion","('ecoinvent-3.4-biosphere', 'bdce3a7c-e008-4391-be26-285f71a02453')",Zn,3.607409920892376e-10,3.607409920892376e-10,1.0,1.0836576745711442e-13,1.0836576745711442e-13,dissipation,Sphalerite,1.4901477832512315,5.375573896896275e-10,1.4901477832512315,1.614810081565375e-13,0.21288117798323605,0.21288117744567867,0.789865871833085,2.381397146612886e-09,2.381397146612886e-09
Molybdenum,"('ecoinvent-3.4-biosphere', '163926e2-b4cc-42bb-ba7d-401028140985')",Mo,3.2568101268142466e-10,3.2568101268142466e-10,1.0,1.6532043483883647e-13,1.6532043483883647e-13,dissipation,Molybdenite,1.6700000000000004,5.438872911779793e-10,1.6700000000000004,2.7608512618085697e-13,0.0023389070923680233,0.002338906548480732,0.9176761103880936,4.6928203656647695e-06,4.6928203656647695e-06
Molybdenum,"('ecoinvent-3.4-biosphere', '9cf3a683-ed3d-40e9-b039-7653e4fc9e20')",Mo,3.2568101268142466e-10,3.2568101268142466e-10,1.0,1.6532043483883647e-13,1.6532043483883647e-13,dissipation,Molybdenite,1.6700000000000004,5.438872911779793e-10,1.6700000000000004,2.7608512618085697e-13,0.0023389070923680233,0.002338906548480732,0.9176761103880936,4.6928203656647695e-06,4.6928203656647695e-06
Molybdenum,"('ecoinvent-3.4-biosphere', '35b4d818-1019-413b-b99d-d351d8a67ac4')",Mo,3.2568101268142466e-10,3.2568101268142466e-10,1.0,1.6532043483883647e-13,1.6532043483883647e-13,dissipation,Molybdenite,1.6700000000000004,5.438872911779793e-10,1.6700000000000004,2.7608512618085697e-13,0.0023389070923680233,0.002338906548480732,0.9176761103880936,4.6928203656647695e-06,4.6928203656647695e-06
Molybdenum,"('ecoinvent-3.4-biosphere', 'c26d4716-ce1e-43da-a662-cd9498b1e8bc')",Mo,3.2568101268142466e-10,3.2568101268142466e-10,1.0,1.6532043483883647e-13,1.6532043483883647e-13,dissipation,Molybdenite,1.6700000000000004,5.438872911779793e-10,1.6700000000000004,2.7608512618085697e-13,0.0023389070923680233,0.002338906548480732,0.9176761103880936,4.6928203656647695e-06,4.6928203656647695e-06
Molybdenum,"('ecoinvent-3.4-biosphere', '1f3c2297-d652-468d-82e8-4fd59bf5b5b8')",Mo,3.2568101268142466e-10,3.2568101268142466e-10,1.0,1.6532043483883647e-13,1.6532043483883647e-13,dissipation,Molybdenite,1.6700000000000004,5.438872911779793e-10,1.6700000000000004,2.7608512618085697e-13,0.0023389070923680233,0.002338906548480732,0.9176761103880936,4.6928203656647695e-06,4.6928203656647695e-06
Molybdenum,"('ecoinvent-3.4-biosphere', '640e30d2-3158-4a1a-82ef-fd0c72922c9a')",Mo,3.2568101268142466e-10,3.2568101268142466e-10,1.0,1.6532043483883647e-13,1.6532043483883647e-13,dissipation,Molybdenite,1.6700000000000004,5.438872911779793e-10,1.6700000000000004,2.7608512618085697e-13,0.0023389070923680233,0.002338906548480732,0.9176761103880936,4.6928203656647695e-06,4.6928203656647695e-06
Molybdenum,"('ecoinvent-3.4-biosphere', '697e8ecf-bdbe-4857-92c9-e01960c91db7')",Mo,3.2568101268142466e-10,3.2568101268142466e-10,1.0,1.6532043483883647e-13,1.6532043483883647e-13,dissipation,Molybdenite,1.6700000000000004,5.438872911779793e-10,1.6700000000000004,2.7608512618085697e-13,0.0023389070923680233,0.002338906548480732,0.9176761103880936,4.6928203656647695e-06,4.6928203656647695e-06
Molybdenum,"('ecoinvent-3.4-biosphere', '442511cc-a98b-4242-9229-5736cb9a9399')",Mo,3.2568101268142466e-10,3.2568101268142466e-10,1.0,1.6532043483883647e-13,1.6532043483883647e-13,dissipation,Molybdenite,1.6700000000000004,5.438872911779793e-10,1.6700000000000004,2.7608512618085697e-13,0.0023389070923680233,0.002338906548480732,0.9176761103880936,4.6928203656647695e-06,4.6928203656647695e-06
Molybdenum,"('ecoinvent-3.4-biosphere', '3822809c-cc03-469d-ac2a-9f85842f8440')",Mo,3.2568101268142466e-10,3.2568101268142466e-10,1.0,1.6532043483883647e-13,1.6532043483883647e-13,dissipation,Molybdenite,1.6700000000000004,5.438872911779793e-10,1.6700000000000004,2.7608512618085697e-13,0.0023389070923680233,0.002338906548480732,0.9176761103880936,4.6928203656647695e-06,4.6928203656647695e-06
Molybdenum,"('ecoinvent-3.4-biosphere', 'c126f8a0-6bc4-42e6-9220-d6ccfef3f2ed')",Mo,3.2568101268142466e-10,3.2568101268142466e-10,1.0,1.6532043483883647e-13,1.6532043483883647e-13,dissipation,Molybdenite,1.6700000000000004,5.438872911779793e-10,1.6700000000000004,2.7608512618085697e-13,0.0023389070923680233,0.002338906548480732,0.9176761103880936,4.6928203656647695e-06,4.6928203656647695e-06
Molybdenum,"('ecoinvent-3.4-biosphere', '8b531ec0-ca7a-49cd-bef0-56f110112f34')",Mo,3.2568101268142466e-10,3.2568101268142466e-10,1.0,1.6532043483883647e-13,1.6532043483883647e-13,dissipation,Molybdenite,1.6700000000000004,5.438872911779793e-10,1.6700000000000004,2.7608512618085697e-13,0.0023389070923680233,0.002338906548480732,0.9176761103880936,4.6928203656647695e-06,4.6928203656647695e-06
Molybdenum,"('ecoinvent-3.4-biosphere', 'fdaaef05-0d10-4032-b2e7-85cae3c7bd5c')",Mo,3.2568101268142466e-10,3.2568101268142466e-10,1.0,1.6532043483883647e-13,1.6532043483883647e-13,dissipation,Molybdenite,1.6700000000000004,5.438872911779793e-10,1.6700000000000004,2.7608512618085697e-13,0.0023389070923680233,0.002338906548480732,0.9176761103880936,4.6928203656647695e-06,4.6928203656647695e-06
Molybdenum,"('ecoinvent-3.4-biosphere', '7d3f7498-3596-478a-9fa1-72201ef94082')",Mo,3.2568101268142466e-10,3.2568101268142466e-10,1.0,1.6532043483883647e-13,1.6532043483883647e-13,dissipation,Molybdenite,1.6700000000000004,5.438872911779793e-10,1.6700000000000004,2.7608512618085697e-13,0.0023389070923680233,0.002338906548480732,0.9176761103880936,4.6928203656647695e-06,4.6928203656647695e-06
Molybdenum,"('ecoinvent-3.4-biosphere', '5fa36ce3-aed0-443b-a09d-4cdf25b41995')",Mo,3.2568101268142466e-10,3.2568101268142466e-10,1.0,1.6532043483883647e-13,1.6532043483883647e-13,dissipation,Molybdenite,1.6700000000000004,5.438872911779793e-10,1.6700000000000004,2.7608512618085697e-13,0.0023389070923680233,0.002338906548480732,0.9176761103880936,4.6928203656647695e-06,4.6928203656647695e-06
Lead,"('ecoinvent-3.4-biosphere', 'e9e856c2-868e-435e-8425-8df1c9297cfc')",Pb,3.051965358551261e-10,3.051965358551261e-10,1.0,1.1855254708054448e-13,1.1855254708054448e-13,dissipation,Galena,1.1560975609756097,3.5283697072031647e-10,1.1560975609756097,1.370583105272636e-13,0.10515644248728105,0.10515644213444408,0.635111259945265,1.4617394309898315e-09,1.4617394309898315e-09
Lead,"('ecoinvent-3.4-biosphere', '4010918f-7fd0-4925-8fbb-8fd7a44a806c')",Pb,3.051965358551261e-10,3.051965358551261e-10,1.0,1.1855254708054448e-13,1.1855254708054448e-13,dissipation,Galena,1.1560975609756097,3.5283697072031647e-10,1.1560975609756097,1.370583105272636e-13,0.10515644248728105,0.10515644213444408,0.635111259945265,1.4617394309898315e-09,1.4617394309898315e-09
Lead,"('ecoinvent-3.4-biosphere', '2718482b-8399-442e-b89a-52fbcc22d2e6')",Pb,3.051965358551261e-10,3.051965358551261e-10,1.0,1.1855254708054448e-13,1.1855254708054448e-13,dissipation,Galena,1.1560975609756097,3.5283697072031647e-10,1.1560975609756097,1.370583105272636e-13,0.10515644248728105,0.10515644213444408,0.635111259945265,1.4617394309898315e-09,1.4617394309898315e-09
Lead,"('ecoinvent-3.4-biosphere', '837083ce-41cd-49f3-a849-d79564dac238')",Pb,3.051965358551261e-10,3.051965358551261e-10,1.0,1.1855254708054448e-13,1.1855254708054448e-13,dissipation,Galena,1.1560975609756097,3.5283697072031647e-10,1.1560975609756097,1.370583105272636e-13,0.10515644248728105,0.10515644213444408,0.635111259945265,1.4617394309898315e-09,1.4617394309898315e-09
Lead,"('ecoinvent-3.4-biosphere', '8e123669-94d3-41d8-9480-a79211fe7c43')",Pb,3.051965358551261e-10,3.051965358551261e-10,1.0,1.1855254708054448e-13,1.1855254708054448e-13,dissipation,Galena,1.1560975609756097,3.5283697072031647e-10,1.1560975609756097,1.370583105272636e-13,0.10515644248728105,0.10515644213444408,0.635111259945265,1.4617394309898315e-09,1.4617394309898315e-09
Lead,"('ecoinvent-3.4-biosphere', '9ee7f4ab-b826-47ae-8623-e138f944b42e')",Pb,3.051965358551261e-10,3.051965358551261e-10,1.0,1.1855254708054448e-13,1.1855254708054448e-13,dissipation,Galena,1.1560975609756097,3.5283697072031647e-10,1.1560975609756097,1.370583105272636e-13,0.10515644248728105,0.10515644213444408,0.635111259945265,1.4617394309898315e-09,1.4617394309898315e-09
Lead,"('ecoinvent-3.4-biosphere', '739234c8-5359-48b4-983f-9cb170d68c8d')",Pb,3.051965358551261e-10,3.051965358551261e-10,1.0,1.1855254708054448e-13,1.1855254708054448e-13,dissipation,Galena,1.1560975609756097,3.5283697072031647e-10,1.1560975609756097,1.370583105272636e-13,0.10515644248728105,0.10515644213444408,0.635111259945265,1.4617394309898315e-09,1.4617394309898315e-09
Lead,"('ecoinvent-3.4-biosphere', 'b3ebdcc3-c588-4997-95d2-9785b26b34e1')",Pb,3.051965358551261e-10,3.051965358551261e-10,1.0,1.1855254708054448e-13,1.1855254708054448e-13,dissipation,Galena,1.1560975609756097,3.5283697072031647e-10,1.1560975609756097,1.370583105272636e-13,0.10515644248728105,0.10515644213444408,0.635111259945265,1.4617394309898315e-09,1.4617394309898315e-09
Lead,"('ecoinvent-3.4-biosphere', '31c4d160-b21e-41b3-b9c1-3d7a72377653')",Pb,3.051965358551261e-10,3.051965358551261e-10,1.0,1.1855254708054448e-13,1.1855254708054448e-13,dissipation,Galena,1.1560975609756097,3.5283697072031647e-10,1.1560975609756097,1.370583105272636e-13,0.10515644248728105,0.10515644213444408,0.635111259945265,1.4617394309898315e-09,1.4617394309898315e-09
Lead,"('ecoinvent-3.4-biosphere', 'fe4613d7-1ed8-427d-9b06-c8e8f4f5e1b1')",Pb,3.051965358551261e-10,3.051965358551261e-10,1.0,1.1855254708054448e-13,1.1855254708054448e-13,dissipation,Galena,1.1560975609756097,3.5283697072031647e-10,1.1560975609756097,1.370583105272636e-13,0.10515644248728105,0.10515644213444408,0.635111259945265,1.4617394309898315e-09,1.4617394309898315e-09
Lead,"('ecoinvent-3.4-biosphere', '67652827-017f-4856-8d0a-c97bac4c6562')",Pb,3.051965358551261e-10,3.051965358551261e-10,1.0,1.1855254708054448e-13,1.1855254708054448e-13,dissipation,Galena,1.1560975609756097,3.5283697072031647e-10,1.1560975609756097,1.370583105272636e-13,0.10515644248728105,0.10515644213444408,0.635111259945265,1.4617394309898315e-09,1.4617394309898315e-09
Lead,"('ecoinvent-3.4-biosphere', 'c864aa15-0abc-41ad-9889-348106e485d8')",Pb,3.051965358551261e-10,3.051965358551261e-10,1.0,1.1855254708054448e-13,1.1855254708054448e-13,dissipation,Galena,1.1560975609756097,3.5283697072031647e-10,1.1560975609756097,1.370583105272636e-13,0.10515644248728105,0.10515644213444408,0.635111259945265,1.4617394309898315e-09,1.4617394309898315e-09
Lead,"('ecoinvent-3.4-biosphere', '0ff15165-d761-48c9-9814-2d1dcdd56857')",Pb,3.051965358551261e-10,3.051965358551261e-10,1.0,1.1855254708054448e-13,1.1855254708054448e-13,dissipation,Galena,1.1560975609756097,3.5283697072031647e-10,1.1560975609756097,1.370583105272636e-13,0.10515644248728105,0.10515644213444408,0.635111259945265,1.4617394309898315e-09,1.4617394309898315e-09
Lead,"('ecoinvent-3.4-biosphere', '6a903634-c97f-4c49-a7c0-88f0e6ac7a23')",Pb,3.051965358551261e-10,3.051965358551261e-10,1.0,1.1855254708054448e-13,1.1855254708054448e-13,dissipation,Galena,1.1560975609756097,3.5283697072031647e-10,1.1560975609756097,1.370583105272636e-13,0.10515644248728105,0.10515644213444408,0.635111259945265,1.4617394309898315e-09,1.4617394309898315e-09
Lead,"('ecoinvent-3.4-biosphere', 'e9e856c2-868e-435e-8425-8df1c9297cfc')",Pb,2.8966767275999467e-10,2.8966767275999467e-10,1.0,1.1855254708054448e-13,1.1855254708054448e-13,dissipation,Galena,1.1560975609756097,3.348840899713109e-10,1.1560975609756097,1.370583105272636e-13,0.10515644248728105,0.10515644215239696,0.635111259945265,1.3873639744815493e-09,1.3873639744815493e-09
Lead,"('ecoinvent-3.4-biosphere', '4010918f-7fd0-4925-8fbb-8fd7a44a806c')",Pb,2.8966767275999467e-10,2.8966767275999467e-10,1.0,1.1855254708054448e-13,1.1855254708054448e-13,dissipation,Galena,1.1560975609756097,3.348840899713109e-10,1.1560975609756097,1.370583105272636e-13,0.10515644248728105,0.10515644215239696,0.635111259945265,1.3873639744815493e-09,1.3873639744815493e-09
Lead,"('ecoinvent-3.4-biosphere', '2718482b-8399-442e-b89a-52fbcc22d2e6')",Pb,2.8966767275999467e-10,2.8966767275999467e-10,1.0,1.1855254708054448e-13,1.1855254708054448e-13,dissipation,Galena,1.1560975609756097,3.348840899713109e-10,1.1560975609756097,1.370583105272636e-13,0.10515644248728105,0.10515644215239696,0.635111259945265,1.3873639744815493e-09,1.3873639744815493e-09
Lead,"('ecoinvent-3.4-biosphere', '837083ce-41cd-49f3-a849-d79564dac238')",Pb,2.8966767275999467e-10,2.8966767275999467e-10,1.0,1.1855254708054448e-13,1.1855254708054448e-13,dissipation,Galena,1.1560975609756097,3.348840899713109e-10,1.1560975609756097,1.370583105272636e-13,0.10515644248728105,0.10515644215239696,0.635111259945265,1.3873639744815493e-09,1.3873639744815493e-09
Lead,"('ecoinvent-3.4-biosphere', '8e123669-94d3-41d8-9480-a79211fe7c43')",Pb,2.8966767275999467e-10,2.8966767275999467e-10,1.0,1.1855254708054448e-13,1.1855254708054448e-13,dissipation,Galena,1.1560975609756097,3.348840899713109e-10,1.1560975609756097,1.370583105272636e-13,0.10515644248728105,0.10515644215239696,0.635111259945265,1.3873639744815493e-09,1.3873639744815493e-09
Lead,"('ecoinvent-3.4-biosphere', '9ee7f4ab-b826-47ae-8623-e138f944b42e')",Pb,2.8966767275999467e-10,2.8966767275999467e-10,1.0,1.1855254708054448e-13,1.1855254708054448e-13,dissipation,Galena,1.1560975609756097,3.348840899713109e-10,1.1560975609756097,1.370583105272636e-13,0.10515644248728105,0.10515644215239696,0.635111259945265,1.3873639744815493e-09,1.3873639744815493e-09
Lead,"('ecoinvent-3.4-biosphere', '739234c8-5359-48b4-983f-9cb170d68c8d')",Pb,2.8966767275999467e-10,2.8966767275999467e-10,1.0,1.1855254708054448e-13,1.1855254708054448e-13,dissipation,Galena,1.1560975609756097,3.348840899713109e-10,1.1560975609756097,1.370583105272636e-13,0.10515644248728105,0.10515644215239696,0.635111259945265,1.3873639744815493e-09,1.3873639744815493e-09
Lead,"('ecoinvent-3.4-biosphere', 'b3ebdcc3-c588-4997-95d2-9785b26b34e1')",Pb,2.8966767275999467e-10,2.8966767275999467e-10,1.0,1.1855254708054448e-13,1.1855254708054448e-13,dissipation,Galena,1.1560975609756097,3.348840899713109e-10,1.1560975609756097,1.370583105272636e-13,0.10515644248728105,0.10515644215239696,0.635111259945265,1.3873639744815493e-09,1.3873639744815493e-09
Lead,"('ecoinvent-3.4-biosphere', '31c4d160-b21e-41b3-b9c1-3d7a72377653')",Pb,2.8966767275999467e-10,2.8966767275999467e-10,1.0,1.1855254708054448e-13,1.1855254708054448e-13,dissipation,Galena,1.1560975609756097,3.348840899713109e-10,1.1560975609756097,1.370583105272636e-13,0.10515644248728105,0.10515644215239696,0.635111259945265,1.3873639744815493e-09,1.3873639744815493e-09
Lead,"('ecoinvent-3.4-biosphere', 'fe4613d7-1ed8-427d-9b06-c8e8f4f5e1b1')",Pb,2.8966767275999467e-10,2.8966767275999467e-10,1.0,1.1855254708054448e-13,1.1855254708054448e-13,dissipation,Galena,1.1560975609756097,3.348840899713109e-10,1.1560975609756097,1.370583105272636e-13,0.10515644248728105,0.10515644215239696,0.635111259945265,1.3873639744815493e-09,1.3873639744815493e-09
Lead,"('ecoinvent-3.4-biosphere', '67652827-017f-4856-8d0a-c97bac4c6562')",Pb,2.8966767275999467e-10,2.8966767275999467e-10,1.0,1.1855254708054448e-13,1.1855254708054448e-13,dissipation,Galena,1.1560975609756097,3.348840899713109e-10,1.1560975609756097,1.370583105272636e-13,0.10515644248728105,0.10515644215239696,0.635111259945265,1.3873639744815493e-09,1.3873639744815493e-09
Lead,"('ecoinvent-3.4-biosphere', 'c864aa15-0abc-41ad-9889-348106e485d8')",Pb,2.8966767275999467e-10,2.8966767275999467e-10,1.0,1.1855254708054448e-13,1.1855254708054448e-13,dissipation,Galena,1.1560975609756097,3.348840899713109e-10,1.1560975609756097,1.370583105272636e-13,0.10515644248728105,0.10515644215239696,0.635111259945265,1.3873639744815493e-09,1.3873639744815493e-09
Lead,"('ecoinvent-3.4-biosphere', '0ff15165-d761-48c9-9814-2d1dcdd56857')",Pb,2.8966767275999467e-10,2.8966767275999467e-10,1.0,1.1855254708054448e-13,1.1855254708054448e-13,dissipation,Galena,1.1560975609756097,3.348840899713109e-10,1.1560975609756097,1.370583105272636e-13,0.10515644248728105,0.10515644215239696,0.635111259945265,1.3873639744815493e-09,1.3873639744815493e-09
Lead,"('ecoinvent-3.4-biosphere', '6a903634-c97f-4c49-a7c0-88f0e6ac7a23')",Pb,2.8966767275999467e-10,2.8966767275999467e-10,1.0,1.1855254708054448e-13,1.1855254708054448e-13,dissipation,Galena,1.1560975609756097,3.348840899713109e-10,1.1560975609756097,1.370583105272636e-13,0.10515644248728105,0.10515644215239696,0.635111259945265,1.3873639744815493e-09,1.3873639744815493e-09
Manganese,"('ecoinvent-3.4-biosphere', '44f28e11-061d-44fd-8f25-dc62a9f1fa57')",Mn,2.76328601312673e-10,2.76328601312673e-10,1.0,6.485008032108113e-14,6.485008032108113e-14,dissipation,Pyrolusite,1.5822784810126582,4.372287995453687e-10,1.5822784810126582,1.0261088658398912e-13,0.29578603669687803,0.2957860362596492,0.6709603911825677,2.561364318165739e-10,2.561364318165739e-10
Manganese,"('ecoinvent-3.4-biosphere', '2460f868-54a9-404c-bec8-c809a44ae72c')",Mn,2.76328601312673e-10,2.76328601312673e-10,1.0,6.485008032108113e-14,6.485008032108113e-14,dissipation,Pyrolusite,1.5822784810126582,4.372287995453687e-10,1.5822784810126582,1.0261088658398912e-13,0.29578603669687803,0.2957860362596492,0.6709603911825677,2.561364318165739e-10,2.561364318165739e-10
Manganese,"('ecoinvent-3.4-biosphere', '835d0907-a668-4d92-b6b6-7b56fa343713')",Mn,2.76328601312673e-10,2.76328601312673e-10,1.0,6.485008032108113e-14,6.485008032108113e-14,dissipation,Pyrolusite,1.5822784810126582,4.372287995453687e-10,1.5822784810126582,1.0261088658398912e-13,0.29578603669687803,0.2957860362596492,0.6709603911825677,2.561364318165739e-10,2.561364318165739e-10
Manganese,"('ecoinvent-3.4-biosphere', '295060ba-3c3d-45e4-99ca-e17b1204b553')",Mn,2.76328601312673e-10,2.76328601312673e-10,1.0,6.485008032108113e-14,6.485008032108113e-14,dissipation,Pyrolusite,1.5822784810126582,4.372287995453687e-10,1.5822784810126582,1.0261088658398912e-13,0.29578603669687803,0.2957860362596492,0.6709603911825677,2.561364318165739e-10,2.561364318165739e-10
Manganese,"('ecoinvent-3.4-biosphere', 'f532985c-90b7-46fc-aac9-b039b40e22f1')",Mn,2.76328601312673e-10,2.76328601312673e-10,1.0,6.485008032108113e-14,6.485008032108113e-14,dissipation,Pyrolusite,1.5822784810126582,4.372287995453687e-10,1.5822784810126582,1.0261088658398912e-13,0.29578603669687803,0.2957860362596492,0.6709603911825677,2.561364318165739e-10,2.561364318165739e-10
Manganese,"('ecoinvent-3.4-biosphere', '0af26a55-d357-469f-abad-8ced785cb4fb')",Mn,2.76328601312673e-10,2.76328601312673e-10,1.0,6.485008032108113e-14,6.485008032108113e-14,dissipation,Pyrolusite,1.5822784810126582,4.372287995453687e-10,1.5822784810126582,1.0261088658398912e-13,0.29578603669687803,0.2957860362596492,0.6709603911825677,2.561364318165739e-10,2.561364318165739e-10
Manganese,"('ecoinvent-3.4-biosphere', 'b0546417-3064-4878-bd6f-2da75cefdf63')",Mn,2.76328601312673e-10,2.76328601312673e-10,1.0,6.485008032108113e-14,6.485008032108113e-14,dissipation,Pyrolusite,1.5822784810126582,4.372287995453687e-10,1.5822784810126582,1.0261088658398912e-13,0.29578603669687803,0.2957860362596492,0.6709603911825677,2.561364318165739e-10,2.561364318165739e-10
Manganese,"('ecoinvent-3.4-biosphere', 'c91fd4bf-ed70-4e2f-a34f-159773f981b6')",Mn,2.76328601312673e-10,2.76328601312673e-10,1.0,6.485008032108113e-14,6.485008032108113e-14,dissipation,Pyrolusite,1.5822784810126582,4.372287995453687e-10,1.5822784810126582,1.0261088658398912e-13,0.29578603669687803,0.2957860362596492,0.6709603911825677,2.561364318165739e-10,2.561364318165739e-10
Manganese,"('ecoinvent-3.4-biosphere', '9c706cff-cb82-4207-a589-95896e04dc08')",Mn,2.76328601312673e-10,2.76328601312673e-10,1.0,6.485008032108113e-14,6.485008032108113e-14,dissipation,Pyrolusite,1.5822784810126582,4.372287995453687e-10,1.5822784810126582,1.0261088658398912e-13,0.29578603669687803,0.2957860362596492,0.6709603911825677,2.561364318165739e-10,2.561364318165739e-10
Manganese,"('ecoinvent-3.4-biosphere', '009a49e8-09a7-4432-9cb9-f2dd18e8f922')",Mn,2.76328601312673e-10,2.76328601312673e-10,1.0,6.485008032108113e-14,6.485008032108113e-14,dissipation,Pyrolusite,1.5822784810126582,4.372287995453687e-10,1.5822784810126582,1.0261088658398912e-13,0.29578603669687803,0.2957860362596492,0.6709603911825677,2.561364318165739e-10,2.561364318165739e-10
Manganese,"('ecoinvent-3.4-biosphere', '6b7fbea6-4a86-40f9-954d-3c9b3611abfd')",Mn,2.76328601312673e-10,2.76328601312673e-10,1.0,6.485008032108113e-14,6.485008032108113e-14,dissipation,Pyrolusite,1.5822784810126582,4.372287995453687e-10,1.5822784810126582,1.0261088658398912e-13,0.29578603669687803,0.2957860362596492,0.6709603911825677,2.561364318165739e-10,2.561364318165739e-10
Manganese,"('ecoinvent-3.4-biosphere', '10cbd2f7-c41b-4bb4-b636-d8fc15cf0282')",Mn,2.76328601312673e-10,2.76328601312673e-10,1.0,6.485008032108113e-14,6.485008032108113e-14,dissipation,Pyrolusite,1.5822784810126582,4.372287995453687e-10,1.5822784810126582,1.0261088658398912e-13,0.29578603669687803,0.2957860362596492,0.6709603911825677,2.561364318165739e-10,2.561364318165739e-10
Manganese,"('ecoinvent-3.4-biosphere', '42053ffb-9284-49cb-88f9-33ac5c77be4a')",Mn,2.76328601312673e-10,2.76328601312673e-10,1.0,6.485008032108113e-14,6.485008032108113e-14,dissipation,Pyrolusite,1.5822784810126582,4.372287995453687e-10,1.5822784810126582,1.0261088658398912e-13,0.29578603669687803,0.2957860362596492,0.6709603911825677,2.561364318165739e-10,2.561364318165739e-10
Manganese,"('ecoinvent-3.4-biosphere', '9ba8c05d-1593-45a5-8d3b-5c4f3e9fef32')",Mn,2.76328601312673e-10,2.76328601312673e-10,1.0,6.485008032108113e-14,6.485008032108113e-14,dissipation,Pyrolusite,1.5822784810126582,4.372287995453687e-10,1.5822784810126582,1.0261088658398912e-13,0.29578603669687803,0.2957860362596492,0.6709603911825677,2.561364318165739e-10,2.561364318165739e-10
"Nickel, ion","('ecoinvent-3.4-biosphere', '23cb10a4-6228-4ce4-9fb5-7043bc31faec')",Ni,2.691474674802826e-10,2.691474674802826e-10,1.0,9.066741688482605e-14,9.066741688482605e-14,dissipation,Pentlandite(sulphides) / Garnierite(laterites),2.9342028985507245,7.89733279218232e-10,2.9342028985507245,2.660365974275635e-13,0.010558917414268303,0.010558916624535024,0.0803628113054402,6.261080022819181e-08,6.261080022819181e-08
"Nickel, ion","('ecoinvent-3.4-biosphere', '9f69cb8e-51fe-447b-a1ac-4da74de8ebe4')",Ni,2.691474674802826e-10,2.691474674802826e-10,1.0,9.066741688482605e-14,9.066741688482605e-14,dissipation,Pentlandite(sulphides) / Garnierite(laterites),2.9342028985507245,7.89733279218232e-10,2.9342028985507245,2.660365974275635e-13,0.010558917414268303,0.010558916624535024,0.0803628113054402,6.261080022819181e-08,6.261080022819181e-08
"Nickel, ion","('ecoinvent-3.4-biosphere', 'e030108f-2125-4bcb-a73b-ad72130fcca3')",Ni,2.691474674802826e-10,2.691474674802826e-10,1.0,9.066741688482605e-14,9.066741688482605e-14,dissipation,Pentlandite(sulphides) / Garnierite(laterites),2.9342028985507245,7.89733279218232e-10,2.9342028985507245,2.660365974275635e-13,0.010558917414268303,0.010558916624535024,0.0803628113054402,6.261080022819181e-08,6.261080022819181e-08
"Nickel, ion","('ecoinvent-3.4-biosphere', '9798359e-a3ee-4362-a038-23a188582c6e')",Ni,2.691474674802826e-10,2.691474674802826e-10,1.0,9.066741688482605e-14,9.066741688482605e-14,dissipation,Pentlandite(sulphides) / Garnierite(laterites),2.9342028985507245,7.89733279218232e-10,2.9342028985507245,2.660365974275635e-13,0.010558917414268303,0.010558916624535024,0.0803628113054402,6.261080022819181e-08,6.261080022819181e-08
"Nickel, ion","('ecoinvent-3.4-biosphere', '6ec6cdaa-5a01-46d4-b716-1905e56690ea')",Ni,2.691474674802826e-10,2.691474674802826e-10,1.0,9.066741688482605e-14,9.066741688482605e-14,dissipation,Pentlandite(sulphides) / Garnierite(laterites),2.9342028985507245,7.89733279218232e-10,2.9342028985507245,2.660365974275635e-13,0.010558917414268303,0.010558916624535024,0.0803628113054402,6.261080022819181e-08,6.261080022819181e-08
Iron,"('ecoinvent-3.4-biosphere', '76152de4-9499-48f7-af98-a5d41842484a')",Fe,2.6393344276622396e-10,2.6393344276622396e-10,1.0,9.645225823667623e-15,9.645225823667623e-15,dissipation,Hematite,1.0,2.6393344276622396e-10,1.0,9.645225823667623e-15,0.4660557498197291,0.46605574955579565,0.95,4.1879107170768017e-10,4.1879107170768017e-10
Iron,"('ecoinvent-3.4-biosphere', 'e3043a7f-5347-4c7b-89ee-93f11b2f6d9b')",Fe,2.6393344276622396e-10,2.6393344276622396e-10,1.0,9.645225823667623e-15,9.645225823667623e-15,dissipation,Hematite,1.0,2.6393344276622396e-10,1.0,9.645225823667623e-15,0.4660557498197291,0.46605574955579565,0.95,4.1879107170768017e-10,4.1879107170768017e-10
Iron,"('ecoinvent-3.4-biosphere', '0dc0bbb0-1141-4dff-b6a2-8bd5368e14af')",Fe,2.6393344276622396e-10,2.6393344276622396e-10,1.0,9.645225823667623e-15,9.645225823667623e-15,dissipation,Hematite,1.0,2.6393344276622396e-10,1.0,9.645225823667623e-15,0.4660557498197291,0.46605574955579565,0.95,4.1879107170768017e-10,4.1879107170768017e-10
Iron,"('ecoinvent-3.4-biosphere', '98693cdf-d9fc-43ed-bfe6-78dfe5742d33')",Fe,2.6393344276622396e-10,2.6393344276622396e-10,1.0,9.645225823667623e-15,9.645225823667623e-15,dissipation,Hematite,1.0,2.6393344276622396e-10,1.0,9.645225823667623e-15,0.4660557498197291,0.46605574955579565,0.95,4.1879107170768017e-10,4.1879107170768017e-10
Iron,"('ecoinvent-3.4-biosphere', 'ce567bdc-76ec-4ca0-be79-8bb796e448b3')",Fe,2.6393344276622396e-10,2.6393344276622396e-10,1.0,9.645225823667623e-15,9.645225823667623e-15,dissipation,Hematite,1.0,2.6393344276622396e-10,1.0,9.645225823667623e-15,0.4660557498197291,0.46605574955579565,0.95,4.1879107170768017e-10,4.1879107170768017e-10
Iron,"('ecoinvent-3.4-biosphere', 'e8bd2edd-f937-49f6-9e8b-9f445278775e')",Fe,2.6393344276622396e-10,2.6393344276622396e-10,1.0,9.645225823667623e-15,9.645225823667623e-15,dissipation,Hematite,1.0,2.6393344276622396e-10,1.0,9.645225823667623e-15,0.4660557498197291,0.46605574955579565,0.95,4.1879107170768017e-10,4.1879107170768017e-10
Iron,"('ecoinvent-3.4-biosphere', '32cd0492-c0cb-4898-a2b1-675eedc5b688')",Fe,2.6393344276622396e-10,2.6393344276622396e-10,1.0,9.645225823667623e-15,9.645225823667623e-15,dissipation,Hematite,1.0,2.6393344276622396e-10,1.0,9.645225823667623e-15,0.4660557498197291,0.46605574955579565,0.95,4.1879107170768017e-10,4.1879107170768017e-10
Iron,"('ecoinvent-3.4-biosphere', 'c983ad54-12e9-47a5-b747-5e5c448e58e2')",Fe,2.6393344276622396e-10,2.6393344276622396e-10,1.0,9.645225823667623e-15,9.645225823667623e-15,dissipation,Hematite,1.0,2.6393344276622396e-10,1.0,9.645225823667623e-15,0.4660557498197291,0.46605574955579565,0.95,4.1879107170768017e-10,4.1879107170768017e-10
Iron,"('ecoinvent-3.4-biosphere', '8dba66e2-0f2e-4038-84ef-1e40b4f573a6')",Fe,2.6393344276622396e-10,2.6393344276622396e-10,1.0,9.645225823667623e-15,9.645225823667623e-15,dissipation,Hematite,1.0,2.6393344276622396e-10,1.0,9.645225823667623e-15,0.4660557498197291,0.46605574955579565,0.95,4.1879107170768017e-10,4.1879107170768017e-10
Iron,"('ecoinvent-3.4-biosphere', 'db364689-e1a3-4629-8835-e6c59d6daf09')",Fe,2.6393344276622396e-10,2.6393344276622396e-10,1.0,9.645225823667623e-15,9.645225823667623e-15,dissipation,Hematite,1.0,2.6393344276622396e-10,1.0,9.645225823667623e-15,0.4660557498197291,0.46605574955579565,0.95,4.1879107170768017e-10,4.1879107170768017e-10
Zinc,"('ecoinvent-3.4-biosphere', '77887584-ddca-4920-952c-3609730e0c13')",Zn,2.469477971383637e-10,2.469477971383637e-10,1.0,1.0836576745711442e-13,1.0836576745711442e-13,dissipation,Sphalerite,1.4901477832512315,3.6798871248450747e-10,1.4901477832512315,1.614810081565375e-13,0.21288117798323605,0.21288117761524733,0.789865871833085,1.6302017706721951e-09,1.6302017706721951e-09
Zinc,"('ecoinvent-3.4-biosphere', 'ada3ecfe-8244-4389-bcce-e83ca4f66e09')",Zn,2.469477971383637e-10,2.469477971383637e-10,1.0,1.0836576745711442e-13,1.0836576745711442e-13,dissipation,Sphalerite,1.4901477832512315,3.6798871248450747e-10,1.4901477832512315,1.614810081565375e-13,0.21288117798323605,0.21288117761524733,0.789865871833085,1.6302017706721951e-09,1.6302017706721951e-09
Zinc,"('ecoinvent-3.4-biosphere', '748f22a9-eba4-4726-bef5-92c7442ce189')",Zn,2.469477971383637e-10,2.469477971383637e-10,1.0,1.0836576745711442e-13,1.0836576745711442e-13,dissipation,Sphalerite,1.4901477832512315,3.6798871248450747e-10,1.4901477832512315,1.614810081565375e-13,0.21288117798323605,0.21288117761524733,0.789865871833085,1.6302017706721951e-09,1.6302017706721951e-09
Zinc,"('ecoinvent-3.4-biosphere', '8f871bab-96dc-49d9-bf08-12cdd0715901')",Zn,2.469477971383637e-10,2.469477971383637e-10,1.0,1.0836576745711442e-13,1.0836576745711442e-13,dissipation,Sphalerite,1.4901477832512315,3.6798871248450747e-10,1.4901477832512315,1.614810081565375e-13,0.21288117798323605,0.21288117761524733,0.789865871833085,1.6302017706721951e-09,1.6302017706721951e-09
Zinc,"('ecoinvent-3.4-biosphere', '5ce378a0-b48d-471c-977d-79681521efde')",Zn,2.469477971383637e-10,2.469477971383637e-10,1.0,1.0836576745711442e-13,1.0836576745711442e-13,dissipation,Sphalerite,1.4901477832512315,3.6798871248450747e-10,1.4901477832512315,1.614810081565375e-13,0.21288117798323605,0.21288117761524733,0.789865871833085,1.6302017706721951e-09,1.6302017706721951e-09
Zinc,"('ecoinvent-3.4-biosphere', 'b88999ec-84fd-462d-9dec-7e20a4636a58')",Zn,2.469477971383637e-10,2.469477971383637e-10,1.0,1.0836576745711442e-13,1.0836576745711442e-13,dissipation,Sphalerite,1.4901477832512315,3.6798871248450747e-10,1.4901477832512315,1.614810081565375e-13,0.21288117798323605,0.21288117761524733,0.789865871833085,1.6302017706721951e-09,1.6302017706721951e-09
Zinc,"('ecoinvent-3.4-biosphere', '8d226423-1351-4366-b09f-d16c9e38683c')",Zn,2.469477971383637e-10,2.469477971383637e-10,1.0,1.0836576745711442e-13,1.0836576745711442e-13,dissipation,Sphalerite,1.4901477832512315,3.6798871248450747e-10,1.4901477832512315,1.614810081565375e-13,0.21288117798323605,0.21288117761524733,0.789865871833085,1.6302017706721951e-09,1.6302017706721951e-09
Zinc,"('ecoinvent-3.4-biosphere', '84aa799e-9d98-4d34-85e0-516d28ab1be9')",Zn,2.469477971383637e-10,2.469477971383637e-10,1.0,1.0836576745711442e-13,1.0836576745711442e-13,dissipation,Sphalerite,1.4901477832512315,3.6798871248450747e-10,1.4901477832512315,1.614810081565375e-13,0.21288117798323605,0.21288117761524733,0.789865871833085,1.6302017706721951e-09,1.6302017706721951e-09
Zinc,"('ecoinvent-3.4-biosphere', '87a69874-34f9-4070-a525-aa301ab2634b')",Zn,2.469477971383637e-10,2.469477971383637e-10,1.0,1.0836576745711442e-13,1.0836576745711442e-13,dissipation,Sphalerite,1.4901477832512315,3.6798871248450747e-10,1.4901477832512315,1.614810081565375e-13,0.21288117798323605,0.21288117761524733,0.789865871833085,1.6302017706721951e-09,1.6302017706721951e-09
Chromium VI,"('ecoinvent-3.4-biosphere', '7a59e8d5-cd11-4ee7-b1ca-30979d2b0b3a')",Cr,2.276092031062447e-10,2.276092031062447e-10,1.0,3.1278613038877847e-13,3.1278613038877847e-13,dissipation,Chromite,2.152027027027027,4.898211566847225e-10,2.152027027027027,6.73124206275851e-13,0.2461272270789205,0.24612722658909936,0.81,1.0963202416161515e-10,1.0963202416161515e-10
Chromium VI,"('ecoinvent-3.4-biosphere', '68ba2022-830e-45fb-8c85-b35e94754ae9')",Cr,2.276092031062447e-10,2.276092031062447e-10,1.0,3.1278613038877847e-13,3.1278613038877847e-13,dissipation,Chromite,2.152027027027027,4.898211566847225e-10,2.152027027027027,6.73124206275851e-13,0.2461272270789205,0.24612722658909936,0.81,1.0963202416161515e-10,1.0963202416161515e-10
Chromium VI,"('ecoinvent-3.4-biosphere', '58060894-19d9-4855-84d8-58935a5325f8')",Cr,2.276092031062447e-10,2.276092031062447e-10,1.0,3.1278613038877847e-13,3.1278613038877847e-13,dissipation,Chromite,2.152027027027027,4.898211566847225e-10,2.152027027027027,6.73124206275851e-13,0.2461272270789205,0.24612722658909936,0.81,1.0963202416161515e-10,1.0963202416161515e-10
Chromium VI,"('ecoinvent-3.4-biosphere', '81e17d9a-3e0b-414e-9b2e-eca7e5b3bd4a')",Cr,2.276092031062447e-10,2.276092031062447e-10,1.0,3.1278613038877847e-13,3.1278613038877847e-13,dissipation,Chromite,2.152027027027027,4.898211566847225e-10,2.152027027027027,6.73124206275851e-13,0.2461272270789205,0.24612722658909936,0.81,1.0963202416161515e-10,1.0963202416161515e-10
Chromium VI,"('ecoinvent-3.4-biosphere', '81b3321a-c9d8-4104-a974-5460f1bc5029')",Cr,2.276092031062447e-10,2.276092031062447e-10,1.0,3.1278613038877847e-13,3.1278613038877847e-13,dissipation,Chromite,2.152027027027027,4.898211566847225e-10,2.152027027027027,6.73124206275851e-13,0.2461272270789205,0.24612722658909936,0.81,1.0963202416161515e-10,1.0963202416161515e-10
Chromium VI,"('ecoinvent-3.4-biosphere', 'abbd3b09-a7ec-435a-9d01-34cf8581739e')",Cr,2.276092031062447e-10,2.276092031062447e-10,1.0,3.1278613038877847e-13,3.1278613038877847e-13,dissipation,Chromite,2.152027027027027,4.898211566847225e-10,2.152027027027027,6.73124206275851e-13,0.2461272270789205,0.24612722658909936,0.81,1.0963202416161515e-10,1.0963202416161515e-10
Chromium VI,"('ecoinvent-3.4-biosphere', '03b279a7-4626-4703-a451-d0650599dbd9')",Cr,2.276092031062447e-10,2.276092031062447e-10,1.0,3.1278613038877847e-13,3.1278613038877847e-13,dissipation,Chromite,2.152027027027027,4.898211566847225e-10,2.152027027027027,6.73124206275851e-13,0.2461272270789205,0.24612722658909936,0.81,1.0963202416161515e-10,1.0963202416161515e-10
Chromium VI,"('ecoinvent-3.4-biosphere', 'a9ec0c9b-982a-4329-99ae-dab1f9fb62d3')",Cr,2.276092031062447e-10,2.276092031062447e-10,1.0,3.1278613038877847e-13,3.1278613038877847e-13,dissipation,Chromite,2.152027027027027,4.898211566847225e-10,2.152027027027027,6.73124206275851e-13,0.2461272270789205,0.24612722658909936,0.81,1.0963202416161515e-10,1.0963202416161515e-10
Chromium VI,"('ecoinvent-3.4-biosphere', '8ec83662-7c2b-4452-8acf-95a0bb94233c')",Cr,2.276092031062447e-10,2.276092031062447e-10,1.0,3.1278613038877847e-13,3.1278613038877847e-13,dissipation,Chromite,2.152027027027027,4.898211566847225e-10,2.152027027027027,6.73124206275851e-13,0.2461272270789205,0.24612722658909936,0.81,1.0963202416161515e-10,1.0963202416161515e-10
Chromium VI,"('ecoinvent-3.4-biosphere', '9bbae55a-35de-4eff-a219-814a9fec5ac2')",Cr,2.276092031062447e-10,2.276092031062447e-10,1.0,3.1278613038877847e-13,3.1278613038877847e-13,dissipation,Chromite,2.152027027027027,4.898211566847225e-10,2.152027027027027,6.73124206275851e-13,0.2461272270789205,0.24612722658909936,0.81,1.0963202416161515e-10,1.0963202416161515e-10
Chromium VI,"('ecoinvent-3.4-biosphere', 'c2e854f9-fe22-4fe7-9083-cf6d0a8c7254')",Cr,2.276092031062447e-10,2.276092031062447e-10,1.0,3.1278613038877847e-13,3.1278613038877847e-13,dissipation,Chromite,2.152027027027027,4.898211566847225e-10,2.152027027027027,6.73124206275851e-13,0.2461272270789205,0.24612722658909936,0.81,1.0963202416161515e-10,1.0963202416161515e-10
Chromium VI,"('ecoinvent-3.4-biosphere', 'ef475b50-9cd0-4e7c-9c59-07868fe16e91')",Cr,2.276092031062447e-10,2.276092031062447e-10,1.0,3.1278613038877847e-13,3.1278613038877847e-13,dissipation,Chromite,2.152027027027027,4.898211566847225e-10,2.152027027027027,6.73124206275851e-13,0.2461272270789205,0.24612722658909936,0.81,1.0963202416161515e-10,1.0963202416161515e-10
Chromium VI,"('ecoinvent-3.4-biosphere', '01285299-c683-4e15-b654-201987a7a738')",Cr,2.276092031062447e-10,2.276092031062447e-10,1.0,3.1278613038877847e-13,3.1278613038877847e-13,dissipation,Chromite,2.152027027027027,4.898211566847225e-10,2.152027027027027,6.73124206275851e-13,0.2461272270789205,0.24612722658909936,0.81,1.0963202416161515e-10,1.0963202416161515e-10
Chromium VI,"('ecoinvent-3.4-biosphere', '8216fc31-15a1-4d33-858f-e09650b14c63')",Cr,2.276092031062447e-10,2.276092031062447e-10,1.0,3.1278613038877847e-13,3.1278613038877847e-13,dissipation,Chromite,2.152027027027027,4.898211566847225e-10,2.152027027027027,6.73124206275851e-13,0.2461272270789205,0.24612722658909936,0.81,1.0963202416161515e-10,1.0963202416161515e-10
Antimony,"('ecoinvent-3.4-biosphere', 'b2dc8668-86de-4207-b20e-dc81dea63c98')",Sb,2.1159797474297386e-10,2.1159797474297386e-10,1.0,2.1834077210692158e-11,2.1834077210692158e-11,dissipation,Stibnite,1.3941798941798942,2.950056420358392e-10,1.3941798941798942,3.0440631455118433e-11,0.22717627533598833,0.2271762750409827,0.9,1.0324450349768164e-09,1.0324450349768164e-09
Antimony,"('ecoinvent-3.4-biosphere', '83cf77ca-867b-4eef-b0f0-78d71b3d91d5')",Sb,2.1159797474297386e-10,2.1159797474297386e-10,1.0,2.1834077210692158e-11,2.1834077210692158e-11,dissipation,Stibnite,1.3941798941798942,2.950056420358392e-10,1.3941798941798942,3.0440631455118433e-11,0.22717627533598833,0.2271762750409827,0.9,1.0324450349768164e-09,1.0324450349768164e-09
Antimony,"('ecoinvent-3.4-biosphere', '183f9856-03ab-464d-9366-8ef62077b510')",Sb,2.1159797474297386e-10,2.1159797474297386e-10,1.0,2.1834077210692158e-11,2.1834077210692158e-11,dissipation,Stibnite,1.3941798941798942,2.950056420358392e-10,1.3941798941798942,3.0440631455118433e-11,0.22717627533598833,0.2271762750409827,0.9,1.0324450349768164e-09,1.0324450349768164e-09
Antimony,"('ecoinvent-3.4-biosphere', 'fa39136e-1ef6-43c1-af68-104da104568d')",Sb,2.1159797474297386e-10,2.1159797474297386e-10,1.0,2.1834077210692158e-11,2.1834077210692158e-11,dissipation,Stibnite,1.3941798941798942,2.950056420358392e-10,1.3941798941798942,3.0440631455118433e-11,0.22717627533598833,0.2271762750409827,0.9,1.0324450349768164e-09,1.0324450349768164e-09
Antimony,"('ecoinvent-3.4-biosphere', 'c49fb4cd-eed0-4438-9052-9612473cdbae')",Sb,2.1159797474297386e-10,2.1159797474297386e-10,1.0,2.1834077210692158e-11,2.1834077210692158e-11,dissipation,Stibnite,1.3941798941798942,2.950056420358392e-10,1.3941798941798942,3.0440631455118433e-11,0.22717627533598833,0.2271762750409827,0.9,1.0324450349768164e-09,1.0324450349768164e-09
Antimony,"('ecoinvent-3.4-biosphere', '5df5cb9f-812c-4ce8-ab1c-df6ab4d31900')",Sb,2.1159797474297386e-10,2.1159797474297386e-10,1.0,2.1834077210692158e-11,2.1834077210692158e-11,dissipation,Stibnite,1.3941798941798942,2.950056420358392e-10,1.3941798941798942,3.0440631455118433e-11,0.22717627533598833,0.2271762750409827,0.9,1.0324450349768164e-09,1.0324450349768164e-09
Antimony,"('ecoinvent-3.4-biosphere', '7805afa2-d93b-40bb-b841-325b98aec824')",Sb,2.1159797474297386e-10,2.1159797474297386e-10,1.0,2.1834077210692158e-11,2.1834077210692158e-11,dissipation,Stibnite,1.3941798941798942,2.950056420358392e-10,1.3941798941798942,3.0440631455118433e-11,0.22717627533598833,0.2271762750409827,0.9,1.0324450349768164e-09,1.0324450349768164e-09
Antimony,"('ecoinvent-3.4-biosphere', '2b2369a4-26bb-4b18-8479-752fdf7a5e7f')",Sb,2.1159797474297386e-10,2.1159797474297386e-10,1.0,2.1834077210692158e-11,2.1834077210692158e-11,dissipation,Stibnite,1.3941798941798942,2.950056420358392e-10,1.3941798941798942,3.0440631455118433e-11,0.22717627533598833,0.2271762750409827,0.9,1.0324450349768164e-09,1.0324450349768164e-09
Antimony,"('ecoinvent-3.4-biosphere', '77927dac-dea3-429d-a434-d5a71d92c4f7')",Sb,2.1159797474297386e-10,2.1159797474297386e-10,1.0,2.1834077210692158e-11,2.1834077210692158e-11,dissipation,Stibnite,1.3941798941798942,2.950056420358392e-10,1.3941798941798942,3.0440631455118433e-11,0.22717627533598833,0.2271762750409827,0.9,1.0324450349768164e-09,1.0324450349768164e-09
Antimony,"('ecoinvent-3.4-biosphere', '49803ad0-9ca2-4507-a5ea-f152d16c929d')",Sb,2.1159797474297386e-10,2.1159797474297386e-10,1.0,2.1834077210692158e-11,2.1834077210692158e-11,dissipation,Stibnite,1.3941798941798942,2.950056420358392e-10,1.3941798941798942,3.0440631455118433e-11,0.22717627533598833,0.2271762750409827,0.9,1.0324450349768164e-09,1.0324450349768164e-09
Antimony,"('ecoinvent-3.4-biosphere', '34b96163-a3df-4bc1-8224-e2a9fe01b23f')",Sb,2.1159797474297386e-10,2.1159797474297386e-10,1.0,2.1834077210692158e-11,2.1834077210692158e-11,dissipation,Stibnite,1.3941798941798942,2.950056420358392e-10,1.3941798941798942,3.0440631455118433e-11,0.22717627533598833,0.2271762750409827,0.9,1.0324450349768164e-09,1.0324450349768164e-09
Antimony,"('ecoinvent-3.4-biosphere', '3ea5684a-6d64-4f96-8c09-1d90f997c9d4')",Sb,2.1159797474297386e-10,2.1159797474297386e-10,1.0,2.1834077210692158e-11,2.1834077210692158e-11,dissipation,Stibnite,1.3941798941798942,2.950056420358392e-10,1.3941798941798942,3.0440631455118433e-11,0.22717627533598833,0.2271762750409827,0.9,1.0324450349768164e-09,1.0324450349768164e-09
Antimony,"('ecoinvent-3.4-biosphere', 'f4cf8d5c-f030-4b55-a3af-e3c20b855ee8')",Sb,2.1159797474297386e-10,2.1159797474297386e-10,1.0,2.1834077210692158e-11,2.1834077210692158e-11,dissipation,Stibnite,1.3941798941798942,2.950056420358392e-10,1.3941798941798942,3.0440631455118433e-11,0.22717627533598833,0.2271762750409827,0.9,1.0324450349768164e-09,1.0324450349768164e-09
Antimony,"('ecoinvent-3.4-biosphere', '43b29ad9-26dd-4838-b931-6216e55a0120')",Sb,2.1159797474297386e-10,2.1159797474297386e-10,1.0,2.1834077210692158e-11,2.1834077210692158e-11,dissipation,Stibnite,1.3941798941798942,2.950056420358392e-10,1.3941798941798942,3.0440631455118433e-11,0.22717627533598833,0.2271762750409827,0.9,1.0324450349768164e-09,1.0324450349768164e-09
Chromium,"('ecoinvent-3.4-biosphere', 'e65a9c58-21f1-48b6-b738-d05a8f10e5f3')",Cr,2.1139659681839786e-10,2.1139659681839786e-10,1.0,3.1278613038877847e-13,3.1278613038877847e-13,dissipation,Chromite,2.152027027027027,4.5493118977472783e-10,2.152027027027027,6.73124206275851e-13,0.2461272270789205,0.24612722662398934,0.81,1.0182293038216205e-10,1.0182293038216205e-10
Chromium,"('ecoinvent-3.4-biosphere', '6b29d83a-c43c-484c-8e73-474a8a22d71e')",Cr,2.1139659681839786e-10,2.1139659681839786e-10,1.0,3.1278613038877847e-13,3.1278613038877847e-13,dissipation,Chromite,2.152027027027027,4.5493118977472783e-10,2.152027027027027,6.73124206275851e-13,0.2461272270789205,0.24612722662398934,0.81,1.0182293038216205e-10,1.0182293038216205e-10
Chromium,"('ecoinvent-3.4-biosphere', 'e7881581-21b3-4f5c-bd63-6b0684b5e712')",Cr,2.1139659681839786e-10,2.1139659681839786e-10,1.0,3.1278613038877847e-13,3.1278613038877847e-13,dissipation,Chromite,2.152027027027027,4.5493118977472783e-10,2.152027027027027,6.73124206275851e-13,0.2461272270789205,0.24612722662398934,0.81,1.0182293038216205e-10,1.0182293038216205e-10
Chromium,"('ecoinvent-3.4-biosphere', 'e0336c9b-a0ff-4ae3-b8bb-ca1e46bbbc11')",Cr,2.1139659681839786e-10,2.1139659681839786e-10,1.0,3.1278613038877847e-13,3.1278613038877847e-13,dissipation,Chromite,2.152027027027027,4.5493118977472783e-10,2.152027027027027,6.73124206275851e-13,0.2461272270789205,0.24612722662398934,0.81,1.0182293038216205e-10,1.0182293038216205e-10
Chromium,"('ecoinvent-3.4-biosphere', '2a5ed451-12a2-47db-b4dc-fa0bfbc01d79')",Cr,2.1139659681839786e-10,2.1139659681839786e-10,1.0,3.1278613038877847e-13,3.1278613038877847e-13,dissipation,Chromite,2.152027027027027,4.5493118977472783e-10,2.152027027027027,6.73124206275851e-13,0.2461272270789205,0.24612722662398934,0.81,1.0182293038216205e-10,1.0182293038216205e-10
Chromium,"('ecoinvent-3.4-biosphere', '591de726-f2c7-43ba-8e22-15fd08acc8dc')",Cr,2.1139659681839786e-10,2.1139659681839786e-10,1.0,3.1278613038877847e-13,3.1278613038877847e-13,dissipation,Chromite,2.152027027027027,4.5493118977472783e-10,2.152027027027027,6.73124206275851e-13,0.2461272270789205,0.24612722662398934,0.81,1.0182293038216205e-10,1.0182293038216205e-10
Chromium,"('ecoinvent-3.4-biosphere', '4d40d8e3-9bc7-4ab1-ac5c-4f4a76fda8e5')",Cr,2.1139659681839786e-10,2.1139659681839786e-10,1.0,3.1278613038877847e-13,3.1278613038877847e-13,dissipation,Chromite,2.152027027027027,4.5493118977472783e-10,2.152027027027027,6.73124206275851e-13,0.2461272270789205,0.24612722662398934,0.81,1.0182293038216205e-10,1.0182293038216205e-10
Chromium,"('ecoinvent-3.4-biosphere', 'e142b577-e934-4085-9a07-3983d4d92afb')",Cr,2.1139659681839786e-10,2.1139659681839786e-10,1.0,3.1278613038877847e-13,3.1278613038877847e-13,dissipation,Chromite,2.152027027027027,4.5493118977472783e-10,2.152027027027027,6.73124206275851e-13,0.2461272270789205,0.24612722662398934,0.81,1.0182293038216205e-10,1.0182293038216205e-10
Chromium,"('ecoinvent-3.4-biosphere', '7705f0e1-5b14-44f4-b330-1245b5c7fc08')",Cr,2.1139659681839786e-10,2.1139659681839786e-10,1.0,3.1278613038877847e-13,3.1278613038877847e-13,dissipation,Chromite,2.152027027027027,4.5493118977472783e-10,2.152027027027027,6.73124206275851e-13,0.2461272270789205,0.24612722662398934,0.81,1.0182293038216205e-10,1.0182293038216205e-10
Chromium,"('ecoinvent-3.4-biosphere', 'e65a9c58-21f1-48b6-b738-d05a8f10e5f3')",Cr,2.08958429979365e-10,2.08958429979365e-10,1.0,3.1278613038877847e-13,3.1278613038877847e-13,dissipation,Chromite,2.152027027027027,4.496841888407281e-10,2.152027027027027,6.73124206275851e-13,0.2461272270789205,0.24612722662923633,0.81,1.0064855127619413e-10,1.0064855127619413e-10
Chromium,"('ecoinvent-3.4-biosphere', '6b29d83a-c43c-484c-8e73-474a8a22d71e')",Cr,2.08958429979365e-10,2.08958429979365e-10,1.0,3.1278613038877847e-13,3.1278613038877847e-13,dissipation,Chromite,2.152027027027027,4.496841888407281e-10,2.152027027027027,6.73124206275851e-13,0.2461272270789205,0.24612722662923633,0.81,1.0064855127619413e-10,1.0064855127619413e-10
Chromium,"('ecoinvent-3.4-biosphere', 'e7881581-21b3-4f5c-bd63-6b0684b5e712')",Cr,2.08958429979365e-10,2.08958429979365e-10,1.0,3.1278613038877847e-13,3.1278613038877847e-13,dissipation,Chromite,2.152027027027027,4.496841888407281e-10,2.152027027027027,6.73124206275851e-13,0.2461272270789205,0.24612722662923633,0.81,1.0064855127619413e-10,1.0064855127619413e-10
Chromium,"('ecoinvent-3.4-biosphere', 'e0336c9b-a0ff-4ae3-b8bb-ca1e46bbbc11')",Cr,2.08958429979365e-10,2.08958429979365e-10,1.0,3.1278613038877847e-13,3.1278613038877847e-13,dissipation,Chromite,2.152027027027027,4.496841888407281e-10,2.152027027027027,6.73124206275851e-13,0.2461272270789205,0.24612722662923633,0.81,1.0064855127619413e-10,1.0064855127619413e-10
Chromium,"('ecoinvent-3.4-biosphere', '2a5ed451-12a2-47db-b4dc-fa0bfbc01d79')",Cr,2.08958429979365e-10,2.08958429979365e-10,1.0,3.1278613038877847e-13,3.1278613038877847e-13,dissipation,Chromite,2.152027027027027,4.496841888407281e-10,2.152027027027027,6.73124206275851e-13,0.2461272270789205,0.24612722662923633,0.81,1.0064855127619413e-10,1.0064855127619413e-10
Chromium,"('ecoinvent-3.4-biosphere', '591de726-f2c7-43ba-8e22-15fd08acc8dc')",Cr,2.08958429979365e-10,2.08958429979365e-10,1.0,3.1278613038877847e-13,3.1278613038877847e-13,dissipation,Chromite,2.152027027027027,4.496841888407281e-10,2.152027027027027,6.73124206275851e-13,0.2461272270789205,0.24612722662923633,0.81,1.0064855127619413e-10,1.0064855127619413e-10
Chromium,"('ecoinvent-3.4-biosphere', '4d40d8e3-9bc7-4ab1-ac5c-4f4a76fda8e5')",Cr,2.08958429979365e-10,2.08958429979365e-10,1.0,3.1278613038877847e-13,3.1278613038877847e-13,dissipation,Chromite,2.152027027027027,4.496841888407281e-10,2.152027027027027,6.73124206275851e-13,0.2461272270789205,0.24612722662923633,0.81,1.0064855127619413e-10,1.0064855127619413e-10
Chromium,"('ecoinvent-3.4-biosphere', 'e142b577-e934-4085-9a07-3983d4d92afb')",Cr,2.08958429979365e-10,2.08958429979365e-10,1.0,3.1278613038877847e-13,3.1278613038877847e-13,dissipation,Chromite,2.152027027027027,4.496841888407281e-10,2.152027027027027,6.73124206275851e-13,0.2461272270789205,0.24612722662923633,0.81,1.0064855127619413e-10,1.0064855127619413e-10
Chromium,"('ecoinvent-3.4-biosphere', '7705f0e1-5b14-44f4-b330-1245b5c7fc08')",Cr,2.08958429979365e-10,2.08958429979365e-10,1.0,3.1278613038877847e-13,3.1278613038877847e-13,dissipation,Chromite,2.152027027027027,4.496841888407281e-10,2.152027027027027,6.73124206275851e-13,0.2461272270789205,0.24612722662923633,0.81,1.0064855127619413e-10,1.0064855127619413e-10
Lead,"('ecoinvent-3.4-biosphere', 'e9e856c2-868e-435e-8425-8df1c9297cfc')",Pb,2.01021399495999e-10,2.01021399495999e-10,1.0,1.1855254708054448e-13,1.1855254708054448e-13,dissipation,Galena,1.1560975609756097,2.324003496612281e-10,1.1560975609756097,1.370583105272636e-13,0.10515644248728105,0.1051564422548807,0.635111259945265,9.627925351041166e-10,9.627925351041166e-10
Lead,"('ecoinvent-3.4-biosphere', '4010918f-7fd0-4925-8fbb-8fd7a44a806c')",Pb,2.01021399495999e-10,2.01021399495999e-10,1.0,1.1855254708054448e-13,1.1855254708054448e-13,dissipation,Galena,1.1560975609756097,2.324003496612281e-10,1.1560975609756097,1.370583105272636e-13,0.10515644248728105,0.1051564422548807,0.635111259945265,9.627925351041166e-10,9.627925351041166e-10
Lead,"('ecoinvent-3.4-biosphere', '2718482b-8399-442e-b89a-52fbcc22d2e6')",Pb,2.01021399495999e-10,2.01021399495999e-10,1.0,1.1855254708054448e-13,1.1855254708054448e-13,dissipation,Galena,1.1560975609756097,2.324003496612281e-10,1.1560975609756097,1.370583105272636e-13,0.10515644248728105,0.1051564422548807,0.635111259945265,9.627925351041166e-10,9.627925351041166e-10
Lead,"('ecoinvent-3.4-biosphere', '837083ce-41cd-49f3-a849-d79564dac238')",Pb,2.01021399495999e-10,2.01021399495999e-10,1.0,1.1855254708054448e-13,1.1855254708054448e-13,dissipation,Galena,1.1560975609756097,2.324003496612281e-10,1.1560975609756097,1.370583105272636e-13,0.10515644248728105,0.1051564422548807,0.635111259945265,9.627925351041166e-10,9.627925351041166e-10
Lead,"('ecoinvent-3.4-biosphere', '8e123669-94d3-41d8-9480-a79211fe7c43')",Pb,2.01021399495999e-10,2.01021399495999e-10,1.0,1.1855254708054448e-13,1.1855254708054448e-13,dissipation,Galena,1.1560975609756097,2.324003496612281e-10,1.1560975609756097,1.370583105272636e-13,0.10515644248728105,0.1051564422548807,0.635111259945265,9.627925351041166e-10,9.627925351041166e-10
Lead,"('ecoinvent-3.4-biosphere', '9ee7f4ab-b826-47ae-8623-e138f944b42e')",Pb,2.01021399495999e-10,2.01021399495999e-10,1.0,1.1855254708054448e-13,1.1855254708054448e-13,dissipation,Galena,1.1560975609756097,2.324003496612281e-10,1.1560975609756097,1.370583105272636e-13,0.10515644248728105,0.1051564422548807,0.635111259945265,9.627925351041166e-10,9.627925351041166e-10
Lead,"('ecoinvent-3.4-biosphere', '739234c8-5359-48b4-983f-9cb170d68c8d')",Pb,2.01021399495999e-10,2.01021399495999e-10,1.0,1.1855254708054448e-13,1.1855254708054448e-13,dissipation,Galena,1.1560975609756097,2.324003496612281e-10,1.1560975609756097,1.370583105272636e-13,0.10515644248728105,0.1051564422548807,0.635111259945265,9.627925351041166e-10,9.627925351041166e-10
Lead,"('ecoinvent-3.4-biosphere', 'b3ebdcc3-c588-4997-95d2-9785b26b34e1')",Pb,2.01021399495999e-10,2.01021399495999e-10,1.0,1.1855254708054448e-13,1.1855254708054448e-13,dissipation,Galena,1.1560975609756097,2.324003496612281e-10,1.1560975609756097,1.370583105272636e-13,0.10515644248728105,0.1051564422548807,0.635111259945265,9.627925351041166e-10,9.627925351041166e-10
Lead,"('ecoinvent-3.4-biosphere', '31c4d160-b21e-41b3-b9c1-3d7a72377653')",Pb,2.01021399495999e-10,2.01021399495999e-10,1.0,1.1855254708054448e-13,1.1855254708054448e-13,dissipation,Galena,1.1560975609756097,2.324003496612281e-10,1.1560975609756097,1.370583105272636e-13,0.10515644248728105,0.1051564422548807,0.635111259945265,9.627925351041166e-10,9.627925351041166e-10
Lead,"('ecoinvent-3.4-biosphere', 'fe4613d7-1ed8-427d-9b06-c8e8f4f5e1b1')",Pb,2.01021399495999e-10,2.01021399495999e-10,1.0,1.1855254708054448e-13,1.1855254708054448e-13,dissipation,Galena,1.1560975609756097,2.324003496612281e-10,1.1560975609756097,1.370583105272636e-13,0.10515644248728105,0.1051564422548807,0.635111259945265,9.627925351041166e-10,9.627925351041166e-10
Lead,"('ecoinvent-3.4-biosphere', '67652827-017f-4856-8d0a-c97bac4c6562')",Pb,2.01021399495999e-10,2.01021399495999e-10,1.0,1.1855254708054448e-13,1.1855254708054448e-13,dissipation,Galena,1.1560975609756097,2.324003496612281e-10,1.1560975609756097,1.370583105272636e-13,0.10515644248728105,0.1051564422548807,0.635111259945265,9.627925351041166e-10,9.627925351041166e-10
Lead,"('ecoinvent-3.4-biosphere', 'c864aa15-0abc-41ad-9889-348106e485d8')",Pb,2.01021399495999e-10,2.01021399495999e-10,1.0,1.1855254708054448e-13,1.1855254708054448e-13,dissipation,Galena,1.1560975609756097,2.324003496612281e-10,1.1560975609756097,1.370583105272636e-13,0.10515644248728105,0.1051564422548807,0.635111259945265,9.627925351041166e-10,9.627925351041166e-10
Lead,"('ecoinvent-3.4-biosphere', '0ff15165-d761-48c9-9814-2d1dcdd56857')",Pb,2.01021399495999e-10,2.01021399495999e-10,1.0,1.1855254708054448e-13,1.1855254708054448e-13,dissipation,Galena,1.1560975609756097,2.324003496612281e-10,1.1560975609756097,1.370583105272636e-13,0.10515644248728105,0.1051564422548807,0.635111259945265,9.627925351041166e-10,9.627925351041166e-10
Lead,"('ecoinvent-3.4-biosphere', '6a903634-c97f-4c49-a7c0-88f0e6ac7a23')",Pb,2.01021399495999e-10,2.01021399495999e-10,1.0,1.1855254708054448e-13,1.1855254708054448e-13,dissipation,Galena,1.1560975609756097,2.324003496612281e-10,1.1560975609756097,1.370583105272636e-13,0.10515644248728105,0.1051564422548807,0.635111259945265,9.627925351041166e-10,9.627925351041166e-10
Tin,"('ecoinvent-3.4-biosphere', '8a422b03-1055-4bc8-b439-27bf8d7eef57')",Sn,1.8962068743401932e-10,1.8962068743401932e-10,1.0,1.3268575464212294e-13,1.3268575464212294e-13,dissipation,Cassiterite,1.26875,2.40581247181912e-10,1.26875,1.6834505120219348e-13,0.009054537241268257,0.009054537000687009,0.8632947389802966,7.762840641987719e-08,7.762840641987719e-08
Tin,"('ecoinvent-3.4-biosphere', '19b6e569-85a4-4ea9-a590-d61a21e3c846')",Sn,1.8962068743401932e-10,1.8962068743401932e-10,1.0,1.3268575464212294e-13,1.3268575464212294e-13,dissipation,Cassiterite,1.26875,2.40581247181912e-10,1.26875,1.6834505120219348e-13,0.009054537241268257,0.009054537000687009,0.8632947389802966,7.762840641987719e-08,7.762840641987719e-08
Tin,"('ecoinvent-3.4-biosphere', '168c970b-91c9-4427-a3a0-6686ad6cc2c4')",Sn,1.8962068743401932e-10,1.8962068743401932e-10,1.0,1.3268575464212294e-13,1.3268575464212294e-13,dissipation,Cassiterite,1.26875,2.40581247181912e-10,1.26875,1.6834505120219348e-13,0.009054537241268257,0.009054537000687009,0.8632947389802966,7.762840641987719e-08,7.762840641987719e-08
Tin,"('ecoinvent-3.4-biosphere', 'c67e3ba8-ddce-4931-b4b0-f4f9a56ccf40')",Sn,1.8962068743401932e-10,1.8962068743401932e-10,1.0,1.3268575464212294e-13,1.3268575464212294e-13,dissipation,Cassiterite,1.26875,2.40581247181912e-10,1.26875,1.6834505120219348e-13,0.009054537241268257,0.009054537000687009,0.8632947389802966,7.762840641987719e-08,7.762840641987719e-08
Tin,"('ecoinvent-3.4-biosphere', '6366d4ec-5ffc-4488-be51-0c239cdf535d')",Sn,1.8962068743401932e-10,1.8962068743401932e-10,1.0,1.3268575464212294e-13,1.3268575464212294e-13,dissipation,Cassiterite,1.26875,2.40581247181912e-10,1.26875,1.6834505120219348e-13,0.009054537241268257,0.009054537000687009,0.8632947389802966,7.762840641987719e-08,7.762840641987719e-08
Tin,"('ecoinvent-3.4-biosphere', '85a764f2-a810-4b20-bc86-a45604262fda')",Sn,1.8962068743401932e-10,1.8962068743401932e-10,1.0,1.3268575464212294e-13,1.3268575464212294e-13,dissipation,Cassiterite,1.26875,2.40581247181912e-10,1.26875,1.6834505120219348e-13,0.009054537241268257,0.009054537000687009,0.8632947389802966,7.762840641987719e-08,7.762840641987719e-08
Tin,"('ecoinvent-3.4-biosphere', '2a7b68ff-f12a-44c6-8b31-71ec91d29889')",Sn,1.8962068743401932e-10,1.8962068743401932e-10,1.0,1.3268575464212294e-13,1.3268575464212294e-13,dissipation,Cassiterite,1.26875,2.40581247181912e-10,1.26875,1.6834505120219348e-13,0.009054537241268257,0.009054537000687009,0.8632947389802966,7.762840641987719e-08,7.762840641987719e-08
Tin,"('ecoinvent-3.4-biosphere', 'f563b90e-a300-4403-b278-d2fdcd73e5a7')",Sn,1.8962068743401932e-10,1.8962068743401932e-10,1.0,1.3268575464212294e-13,1.3268575464212294e-13,dissipation,Cassiterite,1.26875,2.40581247181912e-10,1.26875,1.6834505120219348e-13,0.009054537241268257,0.009054537000687009,0.8632947389802966,7.762840641987719e-08,7.762840641987719e-08
Tin,"('ecoinvent-3.4-biosphere', 'e070bd24-fd16-4963-8f4d-78bb4c402400')",Sn,1.8962068743401932e-10,1.8962068743401932e-10,1.0,1.3268575464212294e-13,1.3268575464212294e-13,dissipation,Cassiterite,1.26875,2.40581247181912e-10,1.26875,1.6834505120219348e-13,0.009054537241268257,0.009054537000687009,0.8632947389802966,7.762840641987719e-08,7.762840641987719e-08
Manganese,"('ecoinvent-3.4-biosphere', '44f28e11-061d-44fd-8f25-dc62a9f1fa57')",Mn,1.79342315268661e-10,1.79342315268661e-10,1.0,6.485008032108113e-14,6.485008032108113e-14,dissipation,Pyrolusite,1.5822784810126582,2.837694861845902e-10,1.5822784810126582,1.0261088658398912e-13,0.29578603669687803,0.2957860364131085,0.6709603911825677,1.662371989660057e-10,1.662371989660057e-10
Manganese,"('ecoinvent-3.4-biosphere', '2460f868-54a9-404c-bec8-c809a44ae72c')",Mn,1.79342315268661e-10,1.79342315268661e-10,1.0,6.485008032108113e-14,6.485008032108113e-14,dissipation,Pyrolusite,1.5822784810126582,2.837694861845902e-10,1.5822784810126582,1.0261088658398912e-13,0.29578603669687803,0.2957860364131085,0.6709603911825677,1.662371989660057e-10,1.662371989660057e-10
Manganese,"('ecoinvent-3.4-biosphere', '835d0907-a668-4d92-b6b6-7b56fa343713')",Mn,1.79342315268661e-10,1.79342315268661e-10,1.0,6.485008032108113e-14,6.485008032108113e-14,dissipation,Pyrolusite,1.5822784810126582,2.837694861845902e-10,1.5822784810126582,1.0261088658398912e-13,0.29578603669687803,0.2957860364131085,0.6709603911825677,1.662371989660057e-10,1.662371989660057e-10
Manganese,"('ecoinvent-3.4-biosphere', '295060ba-3c3d-45e4-99ca-e17b1204b553')",Mn,1.79342315268661e-10,1.79342315268661e-10,1.0,6.485008032108113e-14,6.485008032108113e-14,dissipation,Pyrolusite,1.5822784810126582,2.837694861845902e-10,1.5822784810126582,1.0261088658398912e-13,0.29578603669687803,0.2957860364131085,0.6709603911825677,1.662371989660057e-10,1.662371989660057e-10
Manganese,"('ecoinvent-3.4-biosphere', 'f532985c-90b7-46fc-aac9-b039b40e22f1')",Mn,1.79342315268661e-10,1.79342315268661e-10,1.0,6.485008032108113e-14,6.485008032108113e-14,dissipation,Pyrolusite,1.5822784810126582,2.837694861845902e-10,1.5822784810126582,1.0261088658398912e-13,0.29578603669687803,0.2957860364131085,0.6709603911825677,1.662371989660057e-10,1.662371989660057e-10
Manganese,"('ecoinvent-3.4-biosphere', '0af26a55-d357-469f-abad-8ced785cb4fb')",Mn,1.79342315268661e-10,1.79342315268661e-10,1.0,6.485008032108113e-14,6.485008032108113e-14,dissipation,Pyrolusite,1.5822784810126582,2.837694861845902e-10,1.5822784810126582,1.0261088658398912e-13,0.29578603669687803,0.2957860364131085,0.6709603911825677,1.662371989660057e-10,1.662371989660057e-10
Manganese,"('ecoinvent-3.4-biosphere', 'b0546417-3064-4878-bd6f-2da75cefdf63')",Mn,1.79342315268661e-10,1.79342315268661e-10,1.0,6.485008032108113e-14,6.485008032108113e-14,dissipation,Pyrolusite,1.5822784810126582,2.837694861845902e-10,1.5822784810126582,1.0261088658398912e-13,0.29578603669687803,0.2957860364131085,0.6709603911825677,1.662371989660057e-10,1.662371989660057e-10
Manganese,"('ecoinvent-3.4-biosphere', 'c91fd4bf-ed70-4e2f-a34f-159773f981b6')",Mn,1.79342315268661e-10,1.79342315268661e-10,1.0,6.485008032108113e-14,6.485008032108113e-14,dissipation,Pyrolusite,1.5822784810126582,2.837694861845902e-10,1.5822784810126582,1.0261088658398912e-13,0.29578603669687803,0.2957860364131085,0.6709603911825677,1.662371989660057e-10,1.662371989660057e-10
Manganese,"('ecoinvent-3.4-biosphere', '9c706cff-cb82-4207-a589-95896e04dc08')",Mn,1.79342315268661e-10,1.79342315268661e-10,1.0,6.485008032108113e-14,6.485008032108113e-14,dissipation,Pyrolusite,1.5822784810126582,2.837694861845902e-10,1.5822784810126582,1.0261088658398912e-13,0.29578603669687803,0.2957860364131085,0.6709603911825677,1.662371989660057e-10,1.662371989660057e-10
Manganese,"('ecoinvent-3.4-biosphere', '009a49e8-09a7-4432-9cb9-f2dd18e8f922')",Mn,1.79342315268661e-10,1.79342315268661e-10,1.0,6.485008032108113e-14,6.485008032108113e-14,dissipation,Pyrolusite,1.5822784810126582,2.837694861845902e-10,1.5822784810126582,1.0261088658398912e-13,0.29578603669687803,0.2957860364131085,0.6709603911825677,1.662371989660057e-10,1.662371989660057e-10
Manganese,"('ecoinvent-3.4-biosphere', '6b7fbea6-4a86-40f9-954d-3c9b3611abfd')",Mn,1.79342315268661e-10,1.79342315268661e-10,1.0,6.485008032108113e-14,6.485008032108113e-14,dissipation,Pyrolusite,1.5822784810126582,2.837694861845902e-10,1.5822784810126582,1.0261088658398912e-13,0.29578603669687803,0.2957860364131085,0.6709603911825677,1.662371989660057e-10,1.662371989660057e-10
Manganese,"('ecoinvent-3.4-biosphere', '10cbd2f7-c41b-4bb4-b636-d8fc15cf0282')",Mn,1.79342315268661e-10,1.79342315268661e-10,1.0,6.485008032108113e-14,6.485008032108113e-14,dissipation,Pyrolusite,1.5822784810126582,2.837694861845902e-10,1.5822784810126582,1.0261088658398912e-13,0.29578603669687803,0.2957860364131085,0.6709603911825677,1.662371989660057e-10,1.662371989660057e-10
Manganese,"('ecoinvent-3.4-biosphere', '42053ffb-9284-49cb-88f9-33ac5c77be4a')",Mn,1.79342315268661e-10,1.79342315268661e-10,1.0,6.485008032108113e-14,6.485008032108113e-14,dissipation,Pyrolusite,1.5822784810126582,2.837694861845902e-10,1.5822784810126582,1.0261088658398912e-13,0.29578603669687803,0.2957860364131085,0.6709603911825677,1.662371989660057e-10,1.662371989660057e-10
Manganese,"('ecoinvent-3.4-biosphere', '9ba8c05d-1593-45a5-8d3b-5c4f3e9fef32')",Mn,1.79342315268661e-10,1.79342315268661e-10,1.0,6.485008032108113e-14,6.485008032108113e-14,dissipation,Pyrolusite,1.5822784810126582,2.837694861845902e-10,1.5822784810126582,1.0261088658398912e-13,0.29578603669687803,0.2957860364131085,0.6709603911825677,1.662371989660057e-10,1.662371989660057e-10
Cobalt,"('ecoinvent-3.4-biosphere', '9ce88274-57b6-42ed-a78b-4abef2301865')",Co,1.679088927099452e-10,1.679088927099452e-10,1.0,1.9447495148453946e-12,1.9447495148453946e-12,dissipation,Linnaeite,1.727272727272727,2.900244510444508e-10,1.727272727272727,3.3591127983693174e-12,0.015088369910128439,0.015088369620103988,0.0455986939380875,1.5887946862953625e-07,1.5887946862953625e-07
Cobalt,"('ecoinvent-3.4-biosphere', '1e904267-caa3-40e6-a3a0-fc104489770b')",Co,1.679088927099452e-10,1.679088927099452e-10,1.0,1.9447495148453946e-12,1.9447495148453946e-12,dissipation,Linnaeite,1.727272727272727,2.900244510444508e-10,1.727272727272727,3.3591127983693174e-12,0.015088369910128439,0.015088369620103988,0.0455986939380875,1.5887946862953625e-07,1.5887946862953625e-07
Cobalt,"('ecoinvent-3.4-biosphere', '9542444c-7c7a-48e2-bc9c-9c7c34fb7b3e')",Co,1.679088927099452e-10,1.679088927099452e-10,1.0,1.9447495148453946e-12,1.9447495148453946e-12,dissipation,Linnaeite,1.727272727272727,2.900244510444508e-10,1.727272727272727,3.3591127983693174e-12,0.015088369910128439,0.015088369620103988,0.0455986939380875,1.5887946862953625e-07,1.5887946862953625e-07
Cobalt,"('ecoinvent-3.4-biosphere', '33627701-feca-434d-a192-674a450eaaf7')",Co,1.679088927099452e-10,1.679088927099452e-10,1.0,1.9447495148453946e-12,1.9447495148453946e-12,dissipation,Linnaeite,1.727272727272727,2.900244510444508e-10,1.727272727272727,3.3591127983693174e-12,0.015088369910128439,0.015088369620103988,0.0455986939380875,1.5887946862953625e-07,1.5887946862953625e-07
Cobalt,"('ecoinvent-3.4-biosphere', 'caf066cf-40ce-47a8-ba4c-969fcd6019c7')",Co,1.679088927099452e-10,1.679088927099452e-10,1.0,1.9447495148453946e-12,1.9447495148453946e-12,dissipation,Linnaeite,1.727272727272727,2.900244510444508e-10,1.727272727272727,3.3591127983693174e-12,0.015088369910128439,0.015088369620103988,0.0455986939380875,1.5887946862953625e-07,1.5887946862953625e-07
Cobalt,"('ecoinvent-3.4-biosphere', '74eb3f02-09ec-46ce-8ee8-d67d0900136b')",Co,1.679088927099452e-10,1.679088927099452e-10,1.0,1.9447495148453946e-12,1.9447495148453946e-12,dissipation,Linnaeite,1.727272727272727,2.900244510444508e-10,1.727272727272727,3.3591127983693174e-12,0.015088369910128439,0.015088369620103988,0.0455986939380875,1.5887946862953625e-07,1.5887946862953625e-07
Cobalt,"('ecoinvent-3.4-biosphere', 'f0d1c319-249f-4a89-b0e7-3a5a90a54036')",Co,1.679088927099452e-10,1.679088927099452e-10,1.0,1.9447495148453946e-12,1.9447495148453946e-12,dissipation,Linnaeite,1.727272727272727,2.900244510444508e-10,1.727272727272727,3.3591127983693174e-12,0.015088369910128439,0.015088369620103988,0.0455986939380875,1.5887946862953625e-07,1.5887946862953625e-07
Cobalt,"('ecoinvent-3.4-biosphere', 'f0e28a62-ddf9-4c93-af81-676a58c3f2d4')",Co,1.679088927099452e-10,1.679088927099452e-10,1.0,1.9447495148453946e-12,1.9447495148453946e-12,dissipation,Linnaeite,1.727272727272727,2.900244510444508e-10,1.727272727272727,3.3591127983693174e-12,0.015088369910128439,0.015088369620103988,0.0455986939380875,1.5887946862953625e-07,1.5887946862953625e-07
Cobalt,"('ecoinvent-3.4-biosphere', 'd4291dd5-dae8-47fa-bf06-466fcecbc210')",Co,1.679088927099452e-10,1.679088927099452e-10,1.0,1.9447495148453946e-12,1.9447495148453946e-12,dissipation,Linnaeite,1.727272727272727,2.900244510444508e-10,1.727272727272727,3.3591127983693174e-12,0.015088369910128439,0.015088369620103988,0.0455986939380875,1.5887946862953625e-07,1.5887946862953625e-07
Cobalt,"('ecoinvent-3.4-biosphere', 'ca04300a-8338-4601-ba7c-66c10a4f6322')",Co,1.679088927099452e-10,1.679088927099452e-10,1.0,1.9447495148453946e-12,1.9447495148453946e-12,dissipation,Linnaeite,1.727272727272727,2.900244510444508e-10,1.727272727272727,3.3591127983693174e-12,0.015088369910128439,0.015088369620103988,0.0455986939380875,1.5887946862953625e-07,1.5887946862953625e-07
Cobalt,"('ecoinvent-3.4-biosphere', '12051b95-831a-49c0-9a70-fbc0e8fb9af9')",Co,1.679088927099452e-10,1.679088927099452e-10,1.0,1.9447495148453946e-12,1.9447495148453946e-12,dissipation,Linnaeite,1.727272727272727,2.900244510444508e-10,1.727272727272727,3.3591127983693174e-12,0.015088369910128439,0.015088369620103988,0.0455986939380875,1.5887946862953625e-07,1.5887946862953625e-07
Cobalt,"('ecoinvent-3.4-biosphere', '381a22c9-3722-4378-810d-86958f7b6d32')",Co,1.679088927099452e-10,1.679088927099452e-10,1.0,1.9447495148453946e-12,1.9447495148453946e-12,dissipation,Linnaeite,1.727272727272727,2.900244510444508e-10,1.727272727272727,3.3591127983693174e-12,0.015088369910128439,0.015088369620103988,0.0455986939380875,1.5887946862953625e-07,1.5887946862953625e-07
Cobalt,"('ecoinvent-3.4-biosphere', 'b10faa87-2c1d-4f6e-aa65-9f80b376939a')",Co,1.679088927099452e-10,1.679088927099452e-10,1.0,1.9447495148453946e-12,1.9447495148453946e-12,dissipation,Linnaeite,1.727272727272727,2.900244510444508e-10,1.727272727272727,3.3591127983693174e-12,0.015088369910128439,0.015088369620103988,0.0455986939380875,1.5887946862953625e-07,1.5887946862953625e-07
Cobalt,"('ecoinvent-3.4-biosphere', 'c58d25ad-30d2-4fac-a857-1fa6f67afe8a')",Co,1.679088927099452e-10,1.679088927099452e-10,1.0,1.9447495148453946e-12,1.9447495148453946e-12,dissipation,Linnaeite,1.727272727272727,2.900244510444508e-10,1.727272727272727,3.3591127983693174e-12,0.015088369910128439,0.015088369620103988,0.0455986939380875,1.5887946862953625e-07,1.5887946862953625e-07
Cobalt,"('ecoinvent-3.4-biosphere', '9ce88274-57b6-42ed-a78b-4abef2301865')",Co,1.6320870464758572e-10,1.6320870464758572e-10,1.0,1.9447495148453946e-12,1.9447495148453946e-12,dissipation,Linnaeite,1.727272727272727,2.819059443912844e-10,1.727272727272727,3.3591127983693174e-12,0.015088369910128439,0.015088369628222494,0.0455986939380875,1.544320449975484e-07,1.544320449975484e-07
Cobalt,"('ecoinvent-3.4-biosphere', '1e904267-caa3-40e6-a3a0-fc104489770b')",Co,1.6320870464758572e-10,1.6320870464758572e-10,1.0,1.9447495148453946e-12,1.9447495148453946e-12,dissipation,Linnaeite,1.727272727272727,2.819059443912844e-10,1.727272727272727,3.3591127983693174e-12,0.015088369910128439,0.015088369628222494,0.0455986939380875,1.544320449975484e-07,1.544320449975484e-07
Cobalt,"('ecoinvent-3.4-biosphere', '9542444c-7c7a-48e2-bc9c-9c7c34fb7b3e')",Co,1.6320870464758572e-10,1.6320870464758572e-10,1.0,1.9447495148453946e-12,1.9447495148453946e-12,dissipation,Linnaeite,1.727272727272727,2.819059443912844e-10,1.727272727272727,3.3591127983693174e-12,0.015088369910128439,0.015088369628222494,0.0455986939380875,1.544320449975484e-07,1.544320449975484e-07
Cobalt,"('ecoinvent-3.4-biosphere', '33627701-feca-434d-a192-674a450eaaf7')",Co,1.6320870464758572e-10,1.6320870464758572e-10,1.0,1.9447495148453946e-12,1.9447495148453946e-12,dissipation,Linnaeite,1.727272727272727,2.819059443912844e-10,1.727272727272727,3.3591127983693174e-12,0.015088369910128439,0.015088369628222494,0.0455986939380875,1.544320449975484e-07,1.544320449975484e-07
Cobalt,"('ecoinvent-3.4-biosphere', 'caf066cf-40ce-47a8-ba4c-969fcd6019c7')",Co,1.6320870464758572e-10,1.6320870464758572e-10,1.0,1.9447495148453946e-12,1.9447495148453946e-12,dissipation,Linnaeite,1.727272727272727,2.819059443912844e-10,1.727272727272727,3.3591127983693174e-12,0.015088369910128439,0.015088369628222494,0.0455986939380875,1.544320449975484e-07,1.544320449975484e-07
Cobalt,"('ecoinvent-3.4-biosphere', '74eb3f02-09ec-46ce-8ee8-d67d0900136b')",Co,1.6320870464758572e-10,1.6320870464758572e-10,1.0,1.9447495148453946e-12,1.9447495148453946e-12,dissipation,Linnaeite,1.727272727272727,2.819059443912844e-10,1.727272727272727,3.3591127983693174e-12,0.015088369910128439,0.015088369628222494,0.0455986939380875,1.544320449975484e-07,1.544320449975484e-07
Cobalt,"('ecoinvent-3.4-biosphere', 'f0d1c319-249f-4a89-b0e7-3a5a90a54036')",Co,1.6320870464758572e-10,1.6320870464758572e-10,1.0,1.9447495148453946e-12,1.9447495148453946e-12,dissipation,Linnaeite,1.727272727272727,2.819059443912844e-10,1.727272727272727,3.3591127983693174e-12,0.015088369910128439,0.015088369628222494,0.0455986939380875,1.544320449975484e-07,1.544320449975484e-07
Cobalt,"('ecoinvent-3.4-biosphere', 'f0e28a62-ddf9-4c93-af81-676a58c3f2d4')",Co,1.6320870464758572e-10,1.6320870464758572e-10,1.0,1.9447495148453946e-12,1.9447495148453946e-12,dissipation,Linnaeite,1.727272727272727,2.819059443912844e-10,1.727272727272727,3.3591127983693174e-12,0.015088369910128439,0.015088369628222494,0.0455986939380875,1.544320449975484e-07,1.544320449975484e-07
Cobalt,"('ecoinvent-3.4-biosphere', 'd4291dd5-dae8-47fa-bf06-466fcecbc210')",Co,1.6320870464758572e-10,1.6320870464758572e-10,1.0,1.9447495148453946e-12,1.9447495148453946e-12,dissipation,Linnaeite,1.727272727272727,2.819059443912844e-10,1.727272727272727,3.3591127983693174e-12,0.015088369910128439,0.015088369628222494,0.0455986939380875,1.544320449975484e-07,1.544320449975484e-07
Cobalt,"('ecoinvent-3.4-biosphere', 'ca04300a-8338-4601-ba7c-66c10a4f6322')",Co,1.6320870464758572e-10,1.6320870464758572e-10,1.0,1.9447495148453946e-12,1.9447495148453946e-12,dissipation,Linnaeite,1.727272727272727,2.819059443912844e-10,1.727272727272727,3.3591127983693174e-12,0.015088369910128439,0.015088369628222494,0.0455986939380875,1.544320449975484e-07,1.544320449975484e-07
Cobalt,"('ecoinvent-3.4-biosphere', '12051b95-831a-49c0-9a70-fbc0e8fb9af9')",Co,1.6320870464758572e-10,1.6320870464758572e-10,1.0,1.9447495148453946e-12,1.9447495148453946e-12,dissipation,Linnaeite,1.727272727272727,2.819059443912844e-10,1.727272727272727,3.3591127983693174e-12,0.015088369910128439,0.015088369628222494,0.0455986939380875,1.544320449975484e-07,1.544320449975484e-07
Cobalt,"('ecoinvent-3.4-biosphere', '381a22c9-3722-4378-810d-86958f7b6d32')",Co,1.6320870464758572e-10,1.6320870464758572e-10,1.0,1.9447495148453946e-12,1.9447495148453946e-12,dissipation,Linnaeite,1.727272727272727,2.819059443912844e-10,1.727272727272727,3.3591127983693174e-12,0.015088369910128439,0.015088369628222494,0.0455986939380875,1.544320449975484e-07,1.544320449975484e-07
Cobalt,"('ecoinvent-3.4-biosphere', 'b10faa87-2c1d-4f6e-aa65-9f80b376939a')",Co,1.6320870464758572e-10,1.6320870464758572e-10,1.0,1.9447495148453946e-12,1.9447495148453946e-12,dissipation,Linnaeite,1.727272727272727,2.819059443912844e-10,1.727272727272727,3.3591127983693174e-12,0.015088369910128439,0.015088369628222494,0.0455986939380875,1.544320449975484e-07,1.544320449975484e-07
Cobalt,"('ecoinvent-3.4-biosphere', 'c58d25ad-30d2-4fac-a857-1fa6f67afe8a')",Co,1.6320870464758572e-10,1.6320870464758572e-10,1.0,1.9447495148453946e-12,1.9447495148453946e-12,dissipation,Linnaeite,1.727272727272727,2.819059443912844e-10,1.727272727272727,3.3591127983693174e-12,0.015088369910128439,0.015088369628222494,0.0455986939380875,1.544320449975484e-07,1.544320449975484e-07
Phosphate,"('ecoinvent-3.4-biosphere', '3aaf9017-0d8a-42aa-9a60-cbc39e994e73')",P,1.5751868788938192e-10,1.5751868788938192e-10,0.3261416642975224,5.53572191877536e-15,5.53572191877536e-15,dissipation,Apatite,0.3532544378698225,5.564417554435563e-11,0.11521099028734964,1.9555183346206452e-15,0.44572664377524784,0.4457266437196037,0.9,4.017153814213599e-11,4.017153814213599e-11
Phosphate,"('ecoinvent-3.4-biosphere', '490b267b-f429-4d9a-ac79-224e37fb4d58')",P,1.5751868788938192e-10,1.5751868788938192e-10,0.3261416642975224,5.53572191877536e-15,5.53572191877536e-15,dissipation,Apatite,0.3532544378698225,5.564417554435563e-11,0.11521099028734964,1.9555183346206452e-15,0.44572664377524784,0.4457266437196037,0.9,4.017153814213599e-11,4.017153814213599e-11
Phosphate,"('ecoinvent-3.4-biosphere', 'c8791f3c-3c4a-4278-91c0-483797d14da2')",P,1.5751868788938192e-10,1.5751868788938192e-10,0.3261416642975224,5.53572191877536e-15,5.53572191877536e-15,dissipation,Apatite,0.3532544378698225,5.564417554435563e-11,0.11521099028734964,1.9555183346206452e-15,0.44572664377524784,0.4457266437196037,0.9,4.017153814213599e-11,4.017153814213599e-11
Phosphate,"('ecoinvent-3.4-biosphere', '329fc7d8-4011-4327-84e4-34ff76f0e42d')",P,1.5751868788938192e-10,1.5751868788938192e-10,0.3261416642975224,5.53572191877536e-15,5.53572191877536e-15,dissipation,Apatite,0.3532544378698225,5.564417554435563e-11,0.11521099028734964,1.9555183346206452e-15,0.44572664377524784,0.4457266437196037,0.9,4.017153814213599e-11,4.017153814213599e-11
Phosphate,"('ecoinvent-3.4-biosphere', '1727b41d-377e-43cd-bc01-9eaba946eccb')",P,1.5751868788938192e-10,1.5751868788938192e-10,0.3261416642975224,5.53572191877536e-15,5.53572191877536e-15,dissipation,Apatite,0.3532544378698225,5.564417554435563e-11,0.11521099028734964,1.9555183346206452e-15,0.44572664377524784,0.4457266437196037,0.9,4.017153814213599e-11,4.017153814213599e-11
Manganese,"('ecoinvent-3.4-biosphere', '44f28e11-061d-44fd-8f25-dc62a9f1fa57')",Mn,1.5673755396818833e-10,1.5673755396818833e-10,1.0,6.485008032108113e-14,6.485008032108113e-14,dissipation,Pyrolusite,1.5822784810126582,2.4800245881042455e-10,1.5822784810126582,1.0261088658398912e-13,0.29578603669687803,0.2957860364488756,0.6709603911825677,1.452842890936666e-10,1.452842890936666e-10
Manganese,"('ecoinvent-3.4-biosphere', '2460f868-54a9-404c-bec8-c809a44ae72c')",Mn,1.5673755396818833e-10,1.5673755396818833e-10,1.0,6.485008032108113e-14,6.485008032108113e-14,dissipation,Pyrolusite,1.5822784810126582,2.4800245881042455e-10,1.5822784810126582,1.0261088658398912e-13,0.29578603669687803,0.2957860364488756,0.6709603911825677,1.452842890936666e-10,1.452842890936666e-10
Manganese,"('ecoinvent-3.4-biosphere', '835d0907-a668-4d92-b6b6-7b56fa343713')",Mn,1.5673755396818833e-10,1.5673755396818833e-10,1.0,6.485008032108113e-14,6.485008032108113e-14,dissipation,Pyrolusite,1.5822784810126582,2.4800245881042455e-10,1.5822784810126582,1.0261088658398912e-13,0.29578603669687803,0.2957860364488756,0.6709603911825677,1.452842890936666e-10,1.452842890936666e-10
Manganese,"('ecoinvent-3.4-biosphere', '295060ba-3c3d-45e4-99ca-e17b1204b553')",Mn,1.5673755396818833e-10,1.5673755396818833e-10,1.0,6.485008032108113e-14,6.485008032108113e-14,dissipation,Pyrolusite,1.5822784810126582,2.4800245881042455e-10,1.5822784810126582,1.0261088658398912e-13,0.29578603669687803,0.2957860364488756,0.6709603911825677,1.452842890936666e-10,1.452842890936666e-10
Manganese,"('ecoinvent-3.4-biosphere', 'f532985c-90b7-46fc-aac9-b039b40e22f1')",Mn,1.5673755396818833e-10,1.5673755396818833e-10,1.0,6.485008032108113e-14,6.485008032108113e-14,dissipation,Pyrolusite,1.5822784810126582,2.4800245881042455e-10,1.5822784810126582,1.0261088658398912e-13,0.29578603669687803,0.2957860364488756,0.6709603911825677,1.452842890936666e-10,1.452842890936666e-10
Manganese,"('ecoinvent-3.4-biosphere', '0af26a55-d357-469f-abad-8ced785cb4fb')",Mn,1.5673755396818833e-10,1.5673755396818833e-10,1.0,6.485008032108113e-14,6.485008032108113e-14,dissipation,Pyrolusite,1.5822784810126582,2.4800245881042455e-10,1.5822784810126582,1.0261088658398912e-13,0.29578603669687803,0.2957860364488756,0.6709603911825677,1.452842890936666e-10,1.452842890936666e-10
Manganese,"('ecoinvent-3.4-biosphere', 'b0546417-3064-4878-bd6f-2da75cefdf63')",Mn,1.5673755396818833e-10,1.5673755396818833e-10,1.0,6.485008032108113e-14,6.485008032108113e-14,dissipation,Pyrolusite,1.5822784810126582,2.4800245881042455e-10,1.5822784810126582,1.0261088658398912e-13,0.29578603669687803,0.2957860364488756,0.6709603911825677,1.452842890936666e-10,1.452842890936666e-10
Manganese,"('ecoinvent-3.4-biosphere', 'c91fd4bf-ed70-4e2f-a34f-159773f981b6')",Mn,1.5673755396818833e-10,1.5673755396818833e-10,1.0,6.485008032108113e-14,6.485008032108113e-14,dissipation,Pyrolusite,1.5822784810126582,2.4800245881042455e-10,1.5822784810126582,1.0261088658398912e-13,0.29578603669687803,0.2957860364488756,0.6709603911825677,1.452842890936666e-10,1.452842890936666e-10
Manganese,"('ecoinvent-3.4-biosphere', '9c706cff-cb82-4207-a589-95896e04dc08')",Mn,1.5673755396818833e-10,1.5673755396818833e-10,1.0,6.485008032108113e-14,6.485008032108113e-14,dissipation,Pyrolusite,1.5822784810126582,2.4800245881042455e-10,1.5822784810126582,1.0261088658398912e-13,0.29578603669687803,0.2957860364488756,0.6709603911825677,1.452842890936666e-10,1.452842890936666e-10
Manganese,"('ecoinvent-3.4-biosphere', '009a49e8-09a7-4432-9cb9-f2dd18e8f922')",Mn,1.5673755396818833e-10,1.5673755396818833e-10,1.0,6.485008032108113e-14,6.485008032108113e-14,dissipation,Pyrolusite,1.5822784810126582,2.4800245881042455e-10,1.5822784810126582,1.0261088658398912e-13,0.29578603669687803,0.2957860364488756,0.6709603911825677,1.452842890936666e-10,1.452842890936666e-10
Manganese,"('ecoinvent-3.4-biosphere', '6b7fbea6-4a86-40f9-954d-3c9b3611abfd')",Mn,1.5673755396818833e-10,1.5673755396818833e-10,1.0,6.485008032108113e-14,6.485008032108113e-14,dissipation,Pyrolusite,1.5822784810126582,2.4800245881042455e-10,1.5822784810126582,1.0261088658398912e-13,0.29578603669687803,0.2957860364488756,0.6709603911825677,1.452842890936666e-10,1.452842890936666e-10
Manganese,"('ecoinvent-3.4-biosphere', '10cbd2f7-c41b-4bb4-b636-d8fc15cf0282')",Mn,1.5673755396818833e-10,1.5673755396818833e-10,1.0,6.485008032108113e-14,6.485008032108113e-14,dissipation,Pyrolusite,1.5822784810126582,2.4800245881042455e-10,1.5822784810126582,1.0261088658398912e-13,0.29578603669687803,0.2957860364488756,0.6709603911825677,1.452842890936666e-10,1.452842890936666e-10
Manganese,"('ecoinvent-3.4-biosphere', '42053ffb-9284-49cb-88f9-33ac5c77be4a')",Mn,1.5673755396818833e-10,1.5673755396818833e-10,1.0,6.485008032108113e-14,6.485008032108113e-14,dissipation,Pyrolusite,1.5822784810126582,2.4800245881042455e-10,1.5822784810126582,1.0261088658398912e-13,0.29578603669687803,0.2957860364488756,0.6709603911825677,1.452842890936666e-10,1.452842890936666e-10
Manganese,"('ecoinvent-3.4-biosphere', '9ba8c05d-1593-45a5-8d3b-5c4f3e9fef32')",Mn,1.5673755396818833e-10,1.5673755396818833e-10,1.0,6.485008032108113e-14,6.485008032108113e-14,dissipation,Pyrolusite,1.5822784810126582,2.4800245881042455e-10,1.5822784810126582,1.0261088658398912e-13,0.29578603669687803,0.2957860364488756,0.6709603911825677,1.452842890936666e-10,1.452842890936666e-10
Zinc,"('ecoinvent-3.4-biosphere', '77887584-ddca-4920-952c-3609730e0c13')",Zn,1.5515781995948637e-10,1.5515781995948637e-10,1.0,1.0836576745711442e-13,1.0836576745711442e-13,dissipation,Sphalerite,1.4901477832512315,2.312080814667223e-10,1.4901477832512315,1.614810081565375e-13,0.21288117798323605,0.21288117775202797,0.789865871833085,1.0242592072545443e-09,1.0242592072545443e-09
Zinc,"('ecoinvent-3.4-biosphere', 'ada3ecfe-8244-4389-bcce-e83ca4f66e09')",Zn,1.5515781995948637e-10,1.5515781995948637e-10,1.0,1.0836576745711442e-13,1.0836576745711442e-13,dissipation,Sphalerite,1.4901477832512315,2.312080814667223e-10,1.4901477832512315,1.614810081565375e-13,0.21288117798323605,0.21288117775202797,0.789865871833085,1.0242592072545443e-09,1.0242592072545443e-09
Zinc,"('ecoinvent-3.4-biosphere', '748f22a9-eba4-4726-bef5-92c7442ce189')",Zn,1.5515781995948637e-10,1.5515781995948637e-10,1.0,1.0836576745711442e-13,1.0836576745711442e-13,dissipation,Sphalerite,1.4901477832512315,2.312080814667223e-10,1.4901477832512315,1.614810081565375e-13,0.21288117798323605,0.21288117775202797,0.789865871833085,1.0242592072545443e-09,1.0242592072545443e-09
Zinc,"('ecoinvent-3.4-biosphere', '8f871bab-96dc-49d9-bf08-12cdd0715901')",Zn,1.5515781995948637e-10,1.5515781995948637e-10,1.0,1.0836576745711442e-13,1.0836576745711442e-13,dissipation,Sphalerite,1.4901477832512315,2.312080814667223e-10,1.4901477832512315,1.614810081565375e-13,0.21288117798323605,0.21288117775202797,0.789865871833085,1.0242592072545443e-09,1.0242592072545443e-09
Zinc,"('ecoinvent-3.4-biosphere', '5ce378a0-b48d-471c-977d-79681521efde')",Zn,1.5515781995948637e-10,1.5515781995948637e-10,1.0,1.0836576745711442e-13,1.0836576745711442e-13,dissipation,Sphalerite,1.4901477832512315,2.312080814667223e-10,1.4901477832512315,1.614810081565375e-13,0.21288117798323605,0.21288117775202797,0.789865871833085,1.0242592072545443e-09,1.0242592072545443e-09
Zinc,"('ecoinvent-3.4-biosphere', 'b88999ec-84fd-462d-9dec-7e20a4636a58')",Zn,1.5515781995948637e-10,1.5515781995948637e-10,1.0,1.0836576745711442e-13,1.0836576745711442e-13,dissipation,Sphalerite,1.4901477832512315,2.312080814667223e-10,1.4901477832512315,1.614810081565375e-13,0.21288117798323605,0.21288117775202797,0.789865871833085,1.0242592072545443e-09,1.0242592072545443e-09
Zinc,"('ecoinvent-3.4-biosphere', '8d226423-1351-4366-b09f-d16c9e38683c')",Zn,1.5515781995948637e-10,1.5515781995948637e-10,1.0,1.0836576745711442e-13,1.0836576745711442e-13,dissipation,Sphalerite,1.4901477832512315,2.312080814667223e-10,1.4901477832512315,1.614810081565375e-13,0.21288117798323605,0.21288117775202797,0.789865871833085,1.0242592072545443e-09,1.0242592072545443e-09
Zinc,"('ecoinvent-3.4-biosphere', '84aa799e-9d98-4d34-85e0-516d28ab1be9')",Zn,1.5515781995948637e-10,1.5515781995948637e-10,1.0,1.0836576745711442e-13,1.0836576745711442e-13,dissipation,Sphalerite,1.4901477832512315,2.312080814667223e-10,1.4901477832512315,1.614810081565375e-13,0.21288117798323605,0.21288117775202797,0.789865871833085,1.0242592072545443e-09,1.0242592072545443e-09
Zinc,"('ecoinvent-3.4-biosphere', '87a69874-34f9-4070-a525-aa301ab2634b')",Zn,1.5515781995948637e-10,1.5515781995948637e-10,1.0,1.0836576745711442e-13,1.0836576745711442e-13,dissipation,Sphalerite,1.4901477832512315,2.312080814667223e-10,1.4901477832512315,1.614810081565375e-13,0.21288117798323605,0.21288117775202797,0.789865871833085,1.0242592072545443e-09,1.0242592072545443e-09
"Nickel, ion","('ecoinvent-3.4-biosphere', '23cb10a4-6228-4ce4-9fb5-7043bc31faec')",Ni,1.5268404510474998e-10,1.5268404510474998e-10,1.0,9.066741688482605e-14,9.066741688482605e-14,dissipation,Pentlandite(sulphides) / Garnierite(laterites),2.9342028985507245,4.480059677088069e-10,2.9342028985507245,2.660365974275635e-13,0.010558917414268303,0.010558916966262336,0.0803628113054402,3.55183351925603e-08,3.55183351925603e-08
"Nickel, ion","('ecoinvent-3.4-biosphere', '9f69cb8e-51fe-447b-a1ac-4da74de8ebe4')",Ni,1.5268404510474998e-10,1.5268404510474998e-10,1.0,9.066741688482605e-14,9.066741688482605e-14,dissipation,Pentlandite(sulphides) / Garnierite(laterites),2.9342028985507245,4.480059677088069e-10,2.9342028985507245,2.660365974275635e-13,0.010558917414268303,0.010558916966262336,0.0803628113054402,3.55183351925603e-08,3.55183351925603e-08
"Nickel, ion","('ecoinvent-3.4-biosphere', 'e030108f-2125-4bcb-a73b-ad72130fcca3')",Ni,1.5268404510474998e-10,1.5268404510474998e-10,1.0,9.066741688482605e-14,9.066741688482605e-14,dissipation,Pentlandite(sulphides) / Garnierite(laterites),2.9342028985507245,4.480059677088069e-10,2.9342028985507245,2.660365974275635e-13,0.010558917414268303,0.010558916966262336,0.0803628113054402,3.55183351925603e-08,3.55183351925603e-08
"Nickel, ion","('ecoinvent-3.4-biosphere', '9798359e-a3ee-4362-a038-23a188582c6e')",Ni,1.5268404510474998e-10,1.5268404510474998e-10,1.0,9.066741688482605e-14,9.066741688482605e-14,dissipation,Pentlandite(sulphides) / Garnierite(laterites),2.9342028985507245,4.480059677088069e-10,2.9342028985507245,2.660365974275635e-13,0.010558917414268303,0.010558916966262336,0.0803628113054402,3.55183351925603e-08,3.55183351925603e-08
"Nickel, ion","('ecoinvent-3.4-biosphere', '6ec6cdaa-5a01-46d4-b716-1905e56690ea')",Ni,1.5268404510474998e-10,1.5268404510474998e-10,1.0,9.066741688482605e-14,9.066741688482605e-14,dissipation,Pentlandite(sulphides) / Garnierite(laterites),2.9342028985507245,4.480059677088069e-10,2.9342028985507245,2.660365974275635e-13,0.010558917414268303,0.010558916966262336,0.0803628113054402,3.55183351925603e-08,3.55183351925603e-08
Copper,"('ecoinvent-3.4-biosphere', '88cde01c-df69-40bb-9b14-6eac71bea5b8')",Cu,1.343833503614111e-10,1.343833503614111e-10,1.0,1.231243333335009e-14,1.231243333335009e-14,dissipation,Chalcopyrite,2.8793103448275863,3.8693137086820094e-10,2.8793103448275863,3.545131666671491e-14,0.01286923124177145,0.01286923085484008,0.8086409056778144,2.2529905318182514e-07,2.2529905318182514e-07
Copper,"('ecoinvent-3.4-biosphere', '0a5e8a67-f9ae-48b3-bfa7-e9d37c30a191')",Cu,1.343833503614111e-10,1.343833503614111e-10,1.0,1.231243333335009e-14,1.231243333335009e-14,dissipation,Chalcopyrite,2.8793103448275863,3.8693137086820094e-10,2.8793103448275863,3.545131666671491e-14,0.01286923124177145,0.01286923085484008,0.8086409056778144,2.2529905318182514e-07,2.2529905318182514e-07
Copper,"('ecoinvent-3.4-biosphere', '237ca6bc-2f0a-4416-a0e3-bd512f038f2e')",Cu,1.343833503614111e-10,1.343833503614111e-10,1.0,1.231243333335009e-14,1.231243333335009e-14,dissipation,Chalcopyrite,2.8793103448275863,3.8693137086820094e-10,2.8793103448275863,3.545131666671491e-14,0.01286923124177145,0.01286923085484008,0.8086409056778144,2.2529905318182514e-07,2.2529905318182514e-07
Copper,"('ecoinvent-3.4-biosphere', '7e66a41c-d311-4949-bdd8-eef09cdcfa47')",Cu,1.343833503614111e-10,1.343833503614111e-10,1.0,1.231243333335009e-14,1.231243333335009e-14,dissipation,Chalcopyrite,2.8793103448275863,3.8693137086820094e-10,2.8793103448275863,3.545131666671491e-14,0.01286923124177145,0.01286923085484008,0.8086409056778144,2.2529905318182514e-07,2.2529905318182514e-07
Copper,"('ecoinvent-3.4-biosphere', 'fd153f15-1d16-410a-91fa-04d205e36c43')",Cu,1.343833503614111e-10,1.343833503614111e-10,1.0,1.231243333335009e-14,1.231243333335009e-14,dissipation,Chalcopyrite,2.8793103448275863,3.8693137086820094e-10,2.8793103448275863,3.545131666671491e-14,0.01286923124177145,0.01286923085484008,0.8086409056778144,2.2529905318182514e-07,2.2529905318182514e-07
Copper,"('ecoinvent-3.4-biosphere', '44d3e792-7c9e-48ab-9de9-acfa2e097f26')",Cu,1.343833503614111e-10,1.343833503614111e-10,1.0,1.231243333335009e-14,1.231243333335009e-14,dissipation,Chalcopyrite,2.8793103448275863,3.8693137086820094e-10,2.8793103448275863,3.545131666671491e-14,0.01286923124177145,0.01286923085484008,0.8086409056778144,2.2529905318182514e-07,2.2529905318182514e-07
Copper,"('ecoinvent-3.4-biosphere', '3573a5af-88f8-4f74-ade7-cd269cbc4e66')",Cu,1.343833503614111e-10,1.343833503614111e-10,1.0,1.231243333335009e-14,1.231243333335009e-14,dissipation,Chalcopyrite,2.8793103448275863,3.8693137086820094e-10,2.8793103448275863,3.545131666671491e-14,0.01286923124177145,0.01286923085484008,0.8086409056778144,2.2529905318182514e-07,2.2529905318182514e-07
Copper,"('ecoinvent-3.4-biosphere', 'ec8144d6-d123-43b1-9c17-a295422a0498')",Cu,1.343833503614111e-10,1.343833503614111e-10,1.0,1.231243333335009e-14,1.231243333335009e-14,dissipation,Chalcopyrite,2.8793103448275863,3.8693137086820094e-10,2.8793103448275863,3.545131666671491e-14,0.01286923124177145,0.01286923085484008,0.8086409056778144,2.2529905318182514e-07,2.2529905318182514e-07
Copper,"('ecoinvent-3.4-biosphere', 'e336eee7-148a-4d1c-8027-780cbfafa12b')",Cu,1.343833503614111e-10,1.343833503614111e-10,1.0,1.231243333335009e-14,1.231243333335009e-14,dissipation,Chalcopyrite,2.8793103448275863,3.8693137086820094e-10,2.8793103448275863,3.545131666671491e-14,0.01286923124177145,0.01286923085484008,0.8086409056778144,2.2529905318182514e-07,2.2529905318182514e-07
Phosphorus,"('ecoinvent-3.4-biosphere', '8b0a4a41-c65c-4d94-b10c-94ddb98abdd2')",P,1.3007276929626868e-10,1.3007276929626868e-10,1.0,1.6973366253890836e-14,1.6973366253890836e-14,dissipation,Apatite,0.3532544378698225,4.59487829999245e-11,0.3532544378698225,5.995916954776823e-15,0.44572664377524784,0.44572664372929904,0.9,3.317206212804226e-11,3.317206212804226e-11
Phosphorus,"('ecoinvent-3.4-biosphere', 'b6e2f7f4-6b2e-4b3e-be1f-67626cb8205d')",P,1.3007276929626868e-10,1.3007276929626868e-10,1.0,1.6973366253890836e-14,1.6973366253890836e-14,dissipation,Apatite,0.3532544378698225,4.59487829999245e-11,0.3532544378698225,5.995916954776823e-15,0.44572664377524784,0.44572664372929904,0.9,3.317206212804226e-11,3.317206212804226e-11
Phosphorus,"('ecoinvent-3.4-biosphere', 'b2631209-8374-431e-b7d5-56c96c6b6d79')",P,1.3007276929626868e-10,1.3007276929626868e-10,1.0,1.6973366253890836e-14,1.6973366253890836e-14,dissipation,Apatite,0.3532544378698225,4.59487829999245e-11,0.3532544378698225,5.995916954776823e-15,0.44572664377524784,0.44572664372929904,0.9,3.317206212804226e-11,3.317206212804226e-11
Phosphorus,"('ecoinvent-3.4-biosphere', 'e2d35af7-9806-46ff-9b75-b124a48fa5a1')",P,1.3007276929626868e-10,1.3007276929626868e-10,1.0,1.6973366253890836e-14,1.6973366253890836e-14,dissipation,Apatite,0.3532544378698225,4.59487829999245e-11,0.3532544378698225,5.995916954776823e-15,0.44572664377524784,0.44572664372929904,0.9,3.317206212804226e-11,3.317206212804226e-11
Phosphorus,"('ecoinvent-3.4-biosphere', 'c89a0749-40a5-4c9c-8770-c4295ea34977')",P,1.3007276929626868e-10,1.3007276929626868e-10,1.0,1.6973366253890836e-14,1.6973366253890836e-14,dissipation,Apatite,0.3532544378698225,4.59487829999245e-11,0.3532544378698225,5.995916954776823e-15,0.44572664377524784,0.44572664372929904,0.9,3.317206212804226e-11,3.317206212804226e-11
Phosphorus,"('ecoinvent-3.4-biosphere', 'f5e7e615-4160-4df9-b39b-7463eaed77c7')",P,1.3007276929626868e-10,1.3007276929626868e-10,1.0,1.6973366253890836e-14,1.6973366253890836e-14,dissipation,Apatite,0.3532544378698225,4.59487829999245e-11,0.3532544378698225,5.995916954776823e-15,0.44572664377524784,0.44572664372929904,0.9,3.317206212804226e-11,3.317206212804226e-11
Phosphorus,"('ecoinvent-3.4-biosphere', 'b1fca66f-8e83-469a-a7b5-018e14d5d545')",P,1.3007276929626868e-10,1.3007276929626868e-10,1.0,1.6973366253890836e-14,1.6973366253890836e-14,dissipation,Apatite,0.3532544378698225,4.59487829999245e-11,0.3532544378698225,5.995916954776823e-15,0.44572664377524784,0.44572664372929904,0.9,3.317206212804226e-11,3.317206212804226e-11
Phosphorus,"('ecoinvent-3.4-biosphere', '2f8952b0-c90c-4e3d-b546-52b862fc8f11')",P,1.3007276929626868e-10,1.3007276929626868e-10,1.0,1.6973366253890836e-14,1.6973366253890836e-14,dissipation,Apatite,0.3532544378698225,4.59487829999245e-11,0.3532544378698225,5.995916954776823e-15,0.44572664377524784,0.44572664372929904,0.9,3.317206212804226e-11,3.317206212804226e-11
Phosphorus,"('ecoinvent-3.4-biosphere', 'd761f94e-517d-41cf-89fa-17dc72f7a69b')",P,1.3007276929626868e-10,1.3007276929626868e-10,1.0,1.6973366253890836e-14,1.6973366253890836e-14,dissipation,Apatite,0.3532544378698225,4.59487829999245e-11,0.3532544378698225,5.995916954776823e-15,0.44572664377524784,0.44572664372929904,0.9,3.317206212804226e-11,3.317206212804226e-11
Phosphorus,"('ecoinvent-3.4-biosphere', '2d4b8ec1-8d53-4e62-8a11-ebc45909b02e')",P,1.3007276929626868e-10,1.3007276929626868e-10,1.0,1.6973366253890836e-14,1.6973366253890836e-14,dissipation,Apatite,0.3532544378698225,4.59487829999245e-11,0.3532544378698225,5.995916954776823e-15,0.44572664377524784,0.44572664372929904,0.9,3.317206212804226e-11,3.317206212804226e-11
Phosphorus,"('ecoinvent-3.4-biosphere', '76b09afe-52b9-4ecc-b97a-00b49ad8ed1a')",P,1.3007276929626868e-10,1.3007276929626868e-10,1.0,1.6973366253890836e-14,1.6973366253890836e-14,dissipation,Apatite,0.3532544378698225,4.59487829999245e-11,0.3532544378698225,5.995916954776823e-15,0.44572664377524784,0.44572664372929904,0.9,3.317206212804226e-11,3.317206212804226e-11
Phosphorus,"('ecoinvent-3.4-biosphere', 'ea4e9316-5080-4b3b-bbf3-1949f6d7577a')",P,1.3007276929626868e-10,1.3007276929626868e-10,1.0,1.6973366253890836e-14,1.6973366253890836e-14,dissipation,Apatite,0.3532544378698225,4.59487829999245e-11,0.3532544378698225,5.995916954776823e-15,0.44572664377524784,0.44572664372929904,0.9,3.317206212804226e-11,3.317206212804226e-11
Phosphorus,"('ecoinvent-3.4-biosphere', '62f3d964-9b53-4d01-9ee0-04112dcfc6d2')",P,1.3007276929626868e-10,1.3007276929626868e-10,1.0,1.6973366253890836e-14,1.6973366253890836e-14,dissipation,Apatite,0.3532544378698225,4.59487829999245e-11,0.3532544378698225,5.995916954776823e-15,0.44572664377524784,0.44572664372929904,0.9,3.317206212804226e-11,3.317206212804226e-11
Phosphorus,"('ecoinvent-3.4-biosphere', '198ce8e3-f05a-4bec-9f7f-325347453326')",P,1.3007276929626868e-10,1.3007276929626868e-10,1.0,1.6973366253890836e-14,1.6973366253890836e-14,dissipation,Apatite,0.3532544378698225,4.59487829999245e-11,0.3532544378698225,5.995916954776823e-15,0.44572664377524784,0.44572664372929904,0.9,3.317206212804226e-11,3.317206212804226e-11
Zinc,"('ecoinvent-3.4-biosphere', '77887584-ddca-4920-952c-3609730e0c13')",Zn,1.182301726293104e-10,1.182301726293104e-10,1.0,1.0836576745711442e-13,1.0836576745711442e-13,dissipation,Sphalerite,1.4901477832512315,1.7618042965697733e-10,1.4901477832512315,1.614810081565375e-13,0.21288117798323605,0.21288117780705562,0.789865871833085,7.804846431897625e-10,7.804846431897625e-10
Zinc,"('ecoinvent-3.4-biosphere', 'ada3ecfe-8244-4389-bcce-e83ca4f66e09')",Zn,1.182301726293104e-10,1.182301726293104e-10,1.0,1.0836576745711442e-13,1.0836576745711442e-13,dissipation,Sphalerite,1.4901477832512315,1.7618042965697733e-10,1.4901477832512315,1.614810081565375e-13,0.21288117798323605,0.21288117780705562,0.789865871833085,7.804846431897625e-10,7.804846431897625e-10
Zinc,"('ecoinvent-3.4-biosphere', '748f22a9-eba4-4726-bef5-92c7442ce189')",Zn,1.182301726293104e-10,1.182301726293104e-10,1.0,1.0836576745711442e-13,1.0836576745711442e-13,dissipation,Sphalerite,1.4901477832512315,1.7618042965697733e-10,1.4901477832512315,1.614810081565375e-13,0.21288117798323605,0.21288117780705562,0.789865871833085,7.804846431897625e-10,7.804846431897625e-10
Zinc,"('ecoinvent-3.4-biosphere', '8f871bab-96dc-49d9-bf08-12cdd0715901')",Zn,1.182301726293104e-10,1.182301726293104e-10,1.0,1.0836576745711442e-13,1.0836576745711442e-13,dissipation,Sphalerite,1.4901477832512315,1.7618042965697733e-10,1.4901477832512315,1.614810081565375e-13,0.21288117798323605,0.21288117780705562,0.789865871833085,7.804846431897625e-10,7.804846431897625e-10
Zinc,"('ecoinvent-3.4-biosphere', '5ce378a0-b48d-471c-977d-79681521efde')",Zn,1.182301726293104e-10,1.182301726293104e-10,1.0,1.0836576745711442e-13,1.0836576745711442e-13,dissipation,Sphalerite,1.4901477832512315,1.7618042965697733e-10,1.4901477832512315,1.614810081565375e-13,0.21288117798323605,0.21288117780705562,0.789865871833085,7.804846431897625e-10,7.804846431897625e-10
Zinc,"('ecoinvent-3.4-biosphere', 'b88999ec-84fd-462d-9dec-7e20a4636a58')",Zn,1.182301726293104e-10,1.182301726293104e-10,1.0,1.0836576745711442e-13,1.0836576745711442e-13,dissipation,Sphalerite,1.4901477832512315,1.7618042965697733e-10,1.4901477832512315,1.614810081565375e-13,0.21288117798323605,0.21288117780705562,0.789865871833085,7.804846431897625e-10,7.804846431897625e-10
Zinc,"('ecoinvent-3.4-biosphere', '8d226423-1351-4366-b09f-d16c9e38683c')",Zn,1.182301726293104e-10,1.182301726293104e-10,1.0,1.0836576745711442e-13,1.0836576745711442e-13,dissipation,Sphalerite,1.4901477832512315,1.7618042965697733e-10,1.4901477832512315,1.614810081565375e-13,0.21288117798323605,0.21288117780705562,0.789865871833085,7.804846431897625e-10,7.804846431897625e-10
Zinc,"('ecoinvent-3.4-biosphere', '84aa799e-9d98-4d34-85e0-516d28ab1be9')",Zn,1.182301726293104e-10,1.182301726293104e-10,1.0,1.0836576745711442e-13,1.0836576745711442e-13,dissipation,Sphalerite,1.4901477832512315,1.7618042965697733e-10,1.4901477832512315,1.614810081565375e-13,0.21288117798323605,0.21288117780705562,0.789865871833085,7.804846431897625e-10,7.804846431897625e-10
Zinc,"('ecoinvent-3.4-biosphere', '87a69874-34f9-4070-a525-aa301ab2634b')",Zn,1.182301726293104e-10,1.182301726293104e-10,1.0,1.0836576745711442e-13,1.0836576745711442e-13,dissipation,Sphalerite,1.4901477832512315,1.7618042965697733e-10,1.4901477832512315,1.614810081565375e-13,0.21288117798323605,0.21288117780705562,0.789865871833085,7.804846431897625e-10,7.804846431897625e-10
Lead,"('ecoinvent-3.4-biosphere', 'e9e856c2-868e-435e-8425-8df1c9297cfc')",Pb,1.1419509057440714e-10,1.1419509057440714e-10,1.0,1.1855254708054448e-13,1.1855254708054448e-13,dissipation,Galena,1.1560975609756097,1.3202066568846094e-10,1.1560975609756097,1.370583105272636e-13,0.10515644248728105,0.10515644235526038,0.635111259945265,5.469374745000741e-10,5.469374745000741e-10
Lead,"('ecoinvent-3.4-biosphere', '4010918f-7fd0-4925-8fbb-8fd7a44a806c')",Pb,1.1419509057440714e-10,1.1419509057440714e-10,1.0,1.1855254708054448e-13,1.1855254708054448e-13,dissipation,Galena,1.1560975609756097,1.3202066568846094e-10,1.1560975609756097,1.370583105272636e-13,0.10515644248728105,0.10515644235526038,0.635111259945265,5.469374745000741e-10,5.469374745000741e-10
Lead,"('ecoinvent-3.4-biosphere', '2718482b-8399-442e-b89a-52fbcc22d2e6')",Pb,1.1419509057440714e-10,1.1419509057440714e-10,1.0,1.1855254708054448e-13,1.1855254708054448e-13,dissipation,Galena,1.1560975609756097,1.3202066568846094e-10,1.1560975609756097,1.370583105272636e-13,0.10515644248728105,0.10515644235526038,0.635111259945265,5.469374745000741e-10,5.469374745000741e-10
Lead,"('ecoinvent-3.4-biosphere', '837083ce-41cd-49f3-a849-d79564dac238')",Pb,1.1419509057440714e-10,1.1419509057440714e-10,1.0,1.1855254708054448e-13,1.1855254708054448e-13,dissipation,Galena,1.1560975609756097,1.3202066568846094e-10,1.1560975609756097,1.370583105272636e-13,0.10515644248728105,0.10515644235526038,0.635111259945265,5.469374745000741e-10,5.469374745000741e-10
Lead,"('ecoinvent-3.4-biosphere', '8e123669-94d3-41d8-9480-a79211fe7c43')",Pb,1.1419509057440714e-10,1.1419509057440714e-10,1.0,1.1855254708054448e-13,1.1855254708054448e-13,dissipation,Galena,1.1560975609756097,1.3202066568846094e-10,1.1560975609756097,1.370583105272636e-13,0.10515644248728105,0.10515644235526038,0.635111259945265,5.469374745000741e-10,5.469374745000741e-10
Lead,"('ecoinvent-3.4-biosphere', '9ee7f4ab-b826-47ae-8623-e138f944b42e')",Pb,1.1419509057440714e-10,1.1419509057440714e-10,1.0,1.1855254708054448e-13,1.1855254708054448e-13,dissipation,Galena,1.1560975609756097,1.3202066568846094e-10,1.1560975609756097,1.370583105272636e-13,0.10515644248728105,0.10515644235526038,0.635111259945265,5.469374745000741e-10,5.469374745000741e-10
Lead,"('ecoinvent-3.4-biosphere', '739234c8-5359-48b4-983f-9cb170d68c8d')",Pb,1.1419509057440714e-10,1.1419509057440714e-10,1.0,1.1855254708054448e-13,1.1855254708054448e-13,dissipation,Galena,1.1560975609756097,1.3202066568846094e-10,1.1560975609756097,1.370583105272636e-13,0.10515644248728105,0.10515644235526038,0.635111259945265,5.469374745000741e-10,5.469374745000741e-10
Lead,"('ecoinvent-3.4-biosphere', 'b3ebdcc3-c588-4997-95d2-9785b26b34e1')",Pb,1.1419509057440714e-10,1.1419509057440714e-10,1.0,1.1855254708054448e-13,1.1855254708054448e-13,dissipation,Galena,1.1560975609756097,1.3202066568846094e-10,1.1560975609756097,1.370583105272636e-13,0.10515644248728105,0.10515644235526038,0.635111259945265,5.469374745000741e-10,5.469374745000741e-10
Lead,"('ecoinvent-3.4-biosphere', '31c4d160-b21e-41b3-b9c1-3d7a72377653')",Pb,1.1419509057440714e-10,1.1419509057440714e-10,1.0,1.1855254708054448e-13,1.1855254708054448e-13,dissipation,Galena,1.1560975609756097,1.3202066568846094e-10,1.1560975609756097,1.370583105272636e-13,0.10515644248728105,0.10515644235526038,0.635111259945265,5.469374745000741e-10,5.469374745000741e-10
Lead,"('ecoinvent-3.4-biosphere', 'fe4613d7-1ed8-427d-9b06-c8e8f4f5e1b1')",Pb,1.1419509057440714e-10,1.1419509057440714e-10,1.0,1.1855254708054448e-13,1.1855254708054448e-13,dissipation,Galena,1.1560975609756097,1.3202066568846094e-10,1.1560975609756097,1.370583105272636e-13,0.10515644248728105,0.10515644235526038,0.635111259945265,5.469374745000741e-10,5.469374745000741e-10
Lead,"('ecoinvent-3.4-biosphere', '67652827-017f-4856-8d0a-c97bac4c6562')",Pb,1.1419509057440714e-10,1.1419509057440714e-10,1.0,1.1855254708054448e-13,1.1855254708054448e-13,dissipation,Galena,1.1560975609756097,1.3202066568846094e-10,1.1560975609756097,1.370583105272636e-13,0.10515644248728105,0.10515644235526038,0.635111259945265,5.469374745000741e-10,5.469374745000741e-10
Lead,"('ecoinvent-3.4-biosphere', 'c864aa15-0abc-41ad-9889-348106e485d8')",Pb,1.1419509057440714e-10,1.1419509057440714e-10,1.0,1.1855254708054448e-13,1.1855254708054448e-13,dissipation,Galena,1.1560975609756097,1.3202066568846094e-10,1.1560975609756097,1.370583105272636e-13,0.10515644248728105,0.10515644235526038,0.635111259945265,5.469374745000741e-10,5.469374745000741e-10
Lead,"('ecoinvent-3.4-biosphere', '0ff15165-d761-48c9-9814-2d1dcdd56857')",Pb,1.1419509057440714e-10,1.1419509057440714e-10,1.0,1.1855254708054448e-13,1.1855254708054448e-13,dissipation,Galena,1.1560975609756097,1.3202066568846094e-10,1.1560975609756097,1.370583105272636e-13,0.10515644248728105,0.10515644235526038,0.635111259945265,5.469374745000741e-10,5.469374745000741e-10
Lead,"('ecoinvent-3.4-biosphere', '6a903634-c97f-4c49-a7c0-88f0e6ac7a23')",Pb,1.1419509057440714e-10,1.1419509057440714e-10,1.0,1.1855254708054448e-13,1.1855254708054448e-13,dissipation,Galena,1.1560975609756097,1.3202066568846094e-10,1.1560975609756097,1.370583105272636e-13,0.10515644248728105,0.10515644235526038,0.635111259945265,5.469374745000741e-10,5.469374745000741e-10
"Chromium, ion","('ecoinvent-3.4-biosphere', 'e34d3da4-a3d5-41be-84b5-458afe32c990')",Cr,1.124818048930123e-10,1.124818048930123e-10,1.0,3.1278613038877847e-13,3.1278613038877847e-13,dissipation,Chromite,2.152027027027027,2.420638841785434e-10,2.152027027027027,6.73124206275851e-13,0.2461272270789205,0.24612722683685662,0.81,5.417888254332425e-11,5.417888254332425e-11
"Chromium, ion","('ecoinvent-3.4-biosphere', '30f484ee-dec4-47ae-8e92-d00d4b93fe05')",Cr,1.124818048930123e-10,1.124818048930123e-10,1.0,3.1278613038877847e-13,3.1278613038877847e-13,dissipation,Chromite,2.152027027027027,2.420638841785434e-10,2.152027027027027,6.73124206275851e-13,0.2461272270789205,0.24612722683685662,0.81,5.417888254332425e-11,5.417888254332425e-11
"Chromium, ion","('ecoinvent-3.4-biosphere', '1c87de06-e58f-4684-a54c-d29f1a251a87')",Cr,1.124818048930123e-10,1.124818048930123e-10,1.0,3.1278613038877847e-13,3.1278613038877847e-13,dissipation,Chromite,2.152027027027027,2.420638841785434e-10,2.152027027027027,6.73124206275851e-13,0.2461272270789205,0.24612722683685662,0.81,5.417888254332425e-11,5.417888254332425e-11
"Chromium, ion","('ecoinvent-3.4-biosphere', 'd9c23a8d-e7bf-4f70-8d22-b9ad8a653204')",Cr,1.124818048930123e-10,1.124818048930123e-10,1.0,3.1278613038877847e-13,3.1278613038877847e-13,dissipation,Chromite,2.152027027027027,2.420638841785434e-10,2.152027027027027,6.73124206275851e-13,0.2461272270789205,0.24612722683685662,0.81,5.417888254332425e-11,5.417888254332425e-11
"Chromium, ion","('ecoinvent-3.4-biosphere', 'd98f0ec0-bf19-4c90-a457-a8593dec497f')",Cr,1.124818048930123e-10,1.124818048930123e-10,1.0,3.1278613038877847e-13,3.1278613038877847e-13,dissipation,Chromite,2.152027027027027,2.420638841785434e-10,2.152027027027027,6.73124206275851e-13,0.2461272270789205,0.24612722683685662,0.81,5.417888254332425e-11,5.417888254332425e-11
Chromium,"('ecoinvent-3.4-biosphere', 'e65a9c58-21f1-48b6-b738-d05a8f10e5f3')",Cr,1.0812589732140712e-10,1.0812589732140712e-10,1.0,3.1278613038877847e-13,3.1278613038877847e-13,dissipation,Chromite,2.152027027027027,2.3268985335721736e-10,2.152027027027027,6.73124206275851e-13,0.2461272270789205,0.24612722684623067,0.81,5.208076466665703e-11,5.208076466665703e-11
Chromium,"('ecoinvent-3.4-biosphere', '6b29d83a-c43c-484c-8e73-474a8a22d71e')",Cr,1.0812589732140712e-10,1.0812589732140712e-10,1.0,3.1278613038877847e-13,3.1278613038877847e-13,dissipation,Chromite,2.152027027027027,2.3268985335721736e-10,2.152027027027027,6.73124206275851e-13,0.2461272270789205,0.24612722684623067,0.81,5.208076466665703e-11,5.208076466665703e-11
Chromium,"('ecoinvent-3.4-biosphere', 'e7881581-21b3-4f5c-bd63-6b0684b5e712')",Cr,1.0812589732140712e-10,1.0812589732140712e-10,1.0,3.1278613038877847e-13,3.1278613038877847e-13,dissipation,Chromite,2.152027027027027,2.3268985335721736e-10,2.152027027027027,6.73124206275851e-13,0.2461272270789205,0.24612722684623067,0.81,5.208076466665703e-11,5.208076466665703e-11
Chromium,"('ecoinvent-3.4-biosphere', 'e0336c9b-a0ff-4ae3-b8bb-ca1e46bbbc11')",Cr,1.0812589732140712e-10,1.0812589732140712e-10,1.0,3.1278613038877847e-13,3.1278613038877847e-13,dissipation,Chromite,2.152027027027027,2.3268985335721736e-10,2.152027027027027,6.73124206275851e-13,0.2461272270789205,0.24612722684623067,0.81,5.208076466665703e-11,5.208076466665703e-11
Chromium,"('ecoinvent-3.4-biosphere', '2a5ed451-12a2-47db-b4dc-fa0bfbc01d79')",Cr,1.0812589732140712e-10,1.0812589732140712e-10,1.0,3.1278613038877847e-13,3.1278613038877847e-13,dissipation,Chromite,2.152027027027027,2.3268985335721736e-10,2.152027027027027,6.73124206275851e-13,0.2461272270789205,0.24612722684623067,0.81,5.208076466665703e-11,5.208076466665703e-11
Chromium,"('ecoinvent-3.4-biosphere', '591de726-f2c7-43ba-8e22-15fd08acc8dc')",Cr,1.0812589732140712e-10,1.0812589732140712e-10,1.0,3.1278613038877847e-13,3.1278613038877847e-13,dissipation,Chromite,2.152027027027027,2.3268985335721736e-10,2.152027027027027,6.73124206275851e-13,0.2461272270789205,0.24612722684623067,0.81,5.208076466665703e-11,5.208076466665703e-11
Chromium,"('ecoinvent-3.4-biosphere', '4d40d8e3-9bc7-4ab1-ac5c-4f4a76fda8e5')",Cr,1.0812589732140712e-10,1.0812589732140712e-10,1.0,3.1278613038877847e-13,3.1278613038877847e-13,dissipation,Chromite,2.152027027027027,2.3268985335721736e-10,2.152027027027027,6.73124206275851e-13,0.2461272270789205,0.24612722684623067,0.81,5.208076466665703e-11,5.208076466665703e-11
Chromium,"('ecoinvent-3.4-biosphere', 'e142b577-e934-4085-9a07-3983d4d92afb')",Cr,1.0812589732140712e-10,1.0812589732140712e-10,1.0,3.1278613038877847e-13,3.1278613038877847e-13,dissipation,Chromite,2.152027027027027,2.3268985335721736e-10,2.152027027027027,6.73124206275851e-13,0.2461272270789205,0.24612722684623067,0.81,5.208076466665703e-11,5.208076466665703e-11
Chromium,"('ecoinvent-3.4-biosphere', '7705f0e1-5b14-44f4-b330-1245b5c7fc08')",Cr,1.0812589732140712e-10,1.0812589732140712e-10,1.0,3.1278613038877847e-13,3.1278613038877847e-13,dissipation,Chromite,2.152027027027027,2.3268985335721736e-10,2.152027027027027,6.73124206275851e-13,0.2461272270789205,0.24612722684623067,0.81,5.208076466665703e-11,5.208076466665703e-11
Manganese,"('ecoinvent-3.4-biosphere', '44f28e11-061d-44fd-8f25-dc62a9f1fa57')",Mn,8.383647998444959e-11,8.383647998444959e-11,1.0,6.485008032108113e-14,6.485008032108113e-14,dissipation,Pyrolusite,1.5822784810126582,1.3265265820324303e-10,1.5822784810126582,1.0261088658398912e-13,0.29578603669687803,0.29578603656422536,0.6709603911825677,7.771023802961454e-11,7.771023802961454e-11
Manganese,"('ecoinvent-3.4-biosphere', '2460f868-54a9-404c-bec8-c809a44ae72c')",Mn,8.383647998444959e-11,8.383647998444959e-11,1.0,6.485008032108113e-14,6.485008032108113e-14,dissipation,Pyrolusite,1.5822784810126582,1.3265265820324303e-10,1.5822784810126582,1.0261088658398912e-13,0.29578603669687803,0.29578603656422536,0.6709603911825677,7.771023802961454e-11,7.771023802961454e-11
Manganese,"('ecoinvent-3.4-biosphere', '835d0907-a668-4d92-b6b6-7b56fa343713')",Mn,8.383647998444959e-11,8.383647998444959e-11,1.0,6.485008032108113e-14,6.485008032108113e-14,dissipation,Pyrolusite,1.5822784810126582,1.3265265820324303e-10,1.5822784810126582,1.0261088658398912e-13,0.29578603669687803,0.29578603656422536,0.6709603911825677,7.771023802961454e-11,7.771023802961454e-11
Manganese,"('ecoinvent-3.4-biosphere', '295060ba-3c3d-45e4-99ca-e17b1204b553')",Mn,8.383647998444959e-11,8.383647998444959e-11,1.0,6.485008032108113e-14,6.485008032108113e-14,dissipation,Pyrolusite,1.5822784810126582,1.3265265820324303e-10,1.5822784810126582,1.0261088658398912e-13,0.29578603669687803,0.29578603656422536,0.6709603911825677,7.771023802961454e-11,7.771023802961454e-11
Manganese,"('ecoinvent-3.4-biosphere', 'f532985c-90b7-46fc-aac9-b039b40e22f1')",Mn,8.383647998444959e-11,8.383647998444959e-11,1.0,6.485008032108113e-14,6.485008032108113e-14,dissipation,Pyrolusite,1.5822784810126582,1.3265265820324303e-10,1.5822784810126582,1.0261088658398912e-13,0.29578603669687803,0.29578603656422536,0.6709603911825677,7.771023802961454e-11,7.771023802961454e-11
Manganese,"('ecoinvent-3.4-biosphere', '0af26a55-d357-469f-abad-8ced785cb4fb')",Mn,8.383647998444959e-11,8.383647998444959e-11,1.0,6.485008032108113e-14,6.485008032108113e-14,dissipation,Pyrolusite,1.5822784810126582,1.3265265820324303e-10,1.5822784810126582,1.0261088658398912e-13,0.29578603669687803,0.29578603656422536,0.6709603911825677,7.771023802961454e-11,7.771023802961454e-11
Manganese,"('ecoinvent-3.4-biosphere', 'b0546417-3064-4878-bd6f-2da75cefdf63')",Mn,8.383647998444959e-11,8.383647998444959e-11,1.0,6.485008032108113e-14,6.485008032108113e-14,dissipation,Pyrolusite,1.5822784810126582,1.3265265820324303e-10,1.5822784810126582,1.0261088658398912e-13,0.29578603669687803,0.29578603656422536,0.6709603911825677,7.771023802961454e-11,7.771023802961454e-11
Manganese,"('ecoinvent-3.4-biosphere', 'c91fd4bf-ed70-4e2f-a34f-159773f981b6')",Mn,8.383647998444959e-11,8.383647998444959e-11,1.0,6.485008032108113e-14,6.485008032108113e-14,dissipation,Pyrolusite,1.5822784810126582,1.3265265820324303e-10,1.5822784810126582,1.0261088658398912e-13,0.29578603669687803,0.29578603656422536,0.6709603911825677,7.771023802961454e-11,7.771023802961454e-11
Manganese,"('ecoinvent-3.4-biosphere', '9c706cff-cb82-4207-a589-95896e04dc08')",Mn,8.383647998444959e-11,8.383647998444959e-11,1.0,6.485008032108113e-14,6.485008032108113e-14,dissipation,Pyrolusite,1.5822784810126582,1.3265265820324303e-10,1.5822784810126582,1.0261088658398912e-13,0.29578603669687803,0.29578603656422536,0.6709603911825677,7.771023802961454e-11,7.771023802961454e-11
Manganese,"('ecoinvent-3.4-biosphere', '009a49e8-09a7-4432-9cb9-f2dd18e8f922')",Mn,8.383647998444959e-11,8.383647998444959e-11,1.0,6.485008032108113e-14,6.485008032108113e-14,dissipation,Pyrolusite,1.5822784810126582,1.3265265820324303e-10,1.5822784810126582,1.0261088658398912e-13,0.29578603669687803,0.29578603656422536,0.6709603911825677,7.771023802961454e-11,7.771023802961454e-11
Manganese,"('ecoinvent-3.4-biosphere', '6b7fbea6-4a86-40f9-954d-3c9b3611abfd')",Mn,8.383647998444959e-11,8.383647998444959e-11,1.0,6.485008032108113e-14,6.485008032108113e-14,dissipation,Pyrolusite,1.5822784810126582,1.3265265820324303e-10,1.5822784810126582,1.0261088658398912e-13,0.29578603669687803,0.29578603656422536,0.6709603911825677,7.771023802961454e-11,7.771023802961454e-11
Manganese,"('ecoinvent-3.4-biosphere', '10cbd2f7-c41b-4bb4-b636-d8fc15cf0282')",Mn,8.383647998444959e-11,8.383647998444959e-11,1.0,6.485008032108113e-14,6.485008032108113e-14,dissipation,Pyrolusite,1.5822784810126582,1.3265265820324303e-10,1.5822784810126582,1.0261088658398912e-13,0.29578603669687803,0.29578603656422536,0.6709603911825677,7.771023802961454e-11,7.771023802961454e-11
Manganese,"('ecoinvent-3.4-biosphere', '42053ffb-9284-49cb-88f9-33ac5c77be4a')",Mn,8.383647998444959e-11,8.383647998444959e-11,1.0,6.485008032108113e-14,6.485008032108113e-14,dissipation,Pyrolusite,1.5822784810126582,1.3265265820324303e-10,1.5822784810126582,1.0261088658398912e-13,0.29578603669687803,0.29578603656422536,0.6709603911825677,7.771023802961454e-11,7.771023802961454e-11
Manganese,"('ecoinvent-3.4-biosphere', '9ba8c05d-1593-45a5-8d3b-5c4f3e9fef32')",Mn,8.383647998444959e-11,8.383647998444959e-11,1.0,6.485008032108113e-14,6.485008032108113e-14,dissipation,Pyrolusite,1.5822784810126582,1.3265265820324303e-10,1.5822784810126582,1.0261088658398912e-13,0.29578603669687803,0.29578603656422536,0.6709603911825677,7.771023802961454e-11,7.771023802961454e-11
"Silver, ion","('ecoinvent-3.4-biosphere', 'af9793ba-25a1-4928-a14a-4bcf7d5bd3f7')",Ag,8.235913608026018e-11,8.235913608026018e-11,1.0,1.5701960660375504e-13,1.5701960660375504e-13,dissipation,Argentite,1.1478494623655913,9.453589007062121e-11,1.1478494623655913,1.8023487102097688e-13,0.0005609394054083945,0.0005609393108725044,0.9,2.658902655148094e-05,2.658902655148094e-05
"Silver, ion","('ecoinvent-3.4-biosphere', '71cfe87c-ab80-421e-adba-afb7d5bd0861')",Ag,8.235913608026018e-11,8.235913608026018e-11,1.0,1.5701960660375504e-13,1.5701960660375504e-13,dissipation,Argentite,1.1478494623655913,9.453589007062121e-11,1.1478494623655913,1.8023487102097688e-13,0.0005609394054083945,0.0005609393108725044,0.9,2.658902655148094e-05,2.658902655148094e-05
"Silver, ion","('ecoinvent-3.4-biosphere', '94426df9-63b1-4dc6-ad1b-3509e22f1154')",Ag,8.235913608026018e-11,8.235913608026018e-11,1.0,1.5701960660375504e-13,1.5701960660375504e-13,dissipation,Argentite,1.1478494623655913,9.453589007062121e-11,1.1478494623655913,1.8023487102097688e-13,0.0005609394054083945,0.0005609393108725044,0.9,2.658902655148094e-05,2.658902655148094e-05
"Silver, ion","('ecoinvent-3.4-biosphere', '21c257b2-57ce-4a6e-b4bd-40f0f75f310f')",Ag,8.235913608026018e-11,8.235913608026018e-11,1.0,1.5701960660375504e-13,1.5701960660375504e-13,dissipation,Argentite,1.1478494623655913,9.453589007062121e-11,1.1478494623655913,1.8023487102097688e-13,0.0005609394054083945,0.0005609393108725044,0.9,2.658902655148094e-05,2.658902655148094e-05
"Silver, ion","('ecoinvent-3.4-biosphere', '6aa8673f-f7e3-4270-93dc-e97b745fced7')",Ag,8.235913608026018e-11,8.235913608026018e-11,1.0,1.5701960660375504e-13,1.5701960660375504e-13,dissipation,Argentite,1.1478494623655913,9.453589007062121e-11,1.1478494623655913,1.8023487102097688e-13,0.0005609394054083945,0.0005609393108725044,0.9,2.658902655148094e-05,2.658902655148094e-05
Manganese,"('ecoinvent-3.4-biosphere', '44f28e11-061d-44fd-8f25-dc62a9f1fa57')",Mn,7.71615745820334e-11,7.71615745820334e-11,1.0,6.485008032108113e-14,6.485008032108113e-14,dissipation,Pyrolusite,1.5822784810126582,1.2209109902220474e-10,1.5822784810126582,1.0261088658398912e-13,0.29578603669687803,0.2957860365747869,0.6709603911825677,7.152312384651102e-11,7.152312384651102e-11
Manganese,"('ecoinvent-3.4-biosphere', '2460f868-54a9-404c-bec8-c809a44ae72c')",Mn,7.71615745820334e-11,7.71615745820334e-11,1.0,6.485008032108113e-14,6.485008032108113e-14,dissipation,Pyrolusite,1.5822784810126582,1.2209109902220474e-10,1.5822784810126582,1.0261088658398912e-13,0.29578603669687803,0.2957860365747869,0.6709603911825677,7.152312384651102e-11,7.152312384651102e-11
Manganese,"('ecoinvent-3.4-biosphere', '835d0907-a668-4d92-b6b6-7b56fa343713')",Mn,7.71615745820334e-11,7.71615745820334e-11,1.0,6.485008032108113e-14,6.485008032108113e-14,dissipation,Pyrolusite,1.5822784810126582,1.2209109902220474e-10,1.5822784810126582,1.0261088658398912e-13,0.29578603669687803,0.2957860365747869,0.6709603911825677,7.152312384651102e-11,7.152312384651102e-11
Manganese,"('ecoinvent-3.4-biosphere', '295060ba-3c3d-45e4-99ca-e17b1204b553')",Mn,7.71615745820334e-11,7.71615745820334e-11,1.0,6.485008032108113e-14,6.485008032108113e-14,dissipation,Pyrolusite,1.5822784810126582,1.2209109902220474e-10,1.5822784810126582,1.0261088658398912e-13,0.29578603669687803,0.2957860365747869,0.6709603911825677,7.152312384651102e-11,7.152312384651102e-11
Manganese,"('ecoinvent-3.4-biosphere', 'f532985c-90b7-46fc-aac9-b039b40e22f1')",Mn,7.71615745820334e-11,7.71615745820334e-11,1.0,6.485008032108113e-14,6.485008032108113e-14,dissipation,Pyrolusite,1.5822784810126582,1.2209109902220474e-10,1.5822784810126582,1.0261088658398912e-13,0.29578603669687803,0.2957860365747869,0.6709603911825677,7.152312384651102e-11,7.152312384651102e-11
Manganese,"('ecoinvent-3.4-biosphere', '0af26a55-d357-469f-abad-8ced785cb4fb')",Mn,7.71615745820334e-11,7.71615745820334e-11,1.0,6.485008032108113e-14,6.485008032108113e-14,dissipation,Pyrolusite,1.5822784810126582,1.2209109902220474e-10,1.5822784810126582,1.0261088658398912e-13,0.29578603669687803,0.2957860365747869,0.6709603911825677,7.152312384651102e-11,7.152312384651102e-11
Manganese,"('ecoinvent-3.4-biosphere', 'b0546417-3064-4878-bd6f-2da75cefdf63')",Mn,7.71615745820334e-11,7.71615745820334e-11,1.0,6.485008032108113e-14,6.485008032108113e-14,dissipation,Pyrolusite,1.5822784810126582,1.2209109902220474e-10,1.5822784810126582,1.0261088658398912e-13,0.29578603669687803,0.2957860365747869,0.6709603911825677,7.152312384651102e-11,7.152312384651102e-11
Manganese,"('ecoinvent-3.4-biosphere', 'c91fd4bf-ed70-4e2f-a34f-159773f981b6')",Mn,7.71615745820334e-11,7.71615745820334e-11,1.0,6.485008032108113e-14,6.485008032108113e-14,dissipation,Pyrolusite,1.5822784810126582,1.2209109902220474e-10,1.5822784810126582,1.0261088658398912e-13,0.29578603669687803,0.2957860365747869,0.6709603911825677,7.152312384651102e-11,7.152312384651102e-11
Manganese,"('ecoinvent-3.4-biosphere', '9c706cff-cb82-4207-a589-95896e04dc08')",Mn,7.71615745820334e-11,7.71615745820334e-11,1.0,6.485008032108113e-14,6.485008032108113e-14,dissipation,Pyrolusite,1.5822784810126582,1.2209109902220474e-10,1.5822784810126582,1.0261088658398912e-13,0.29578603669687803,0.2957860365747869,0.6709603911825677,7.152312384651102e-11,7.152312384651102e-11
Manganese,"('ecoinvent-3.4-biosphere', '009a49e8-09a7-4432-9cb9-f2dd18e8f922')",Mn,7.71615745820334e-11,7.71615745820334e-11,1.0,6.485008032108113e-14,6.485008032108113e-14,dissipation,Pyrolusite,1.5822784810126582,1.2209109902220474e-10,1.5822784810126582,1.0261088658398912e-13,0.29578603669687803,0.2957860365747869,0.6709603911825677,7.152312384651102e-11,7.152312384651102e-11
Manganese,"('ecoinvent-3.4-biosphere', '6b7fbea6-4a86-40f9-954d-3c9b3611abfd')",Mn,7.71615745820334e-11,7.71615745820334e-11,1.0,6.485008032108113e-14,6.485008032108113e-14,dissipation,Pyrolusite,1.5822784810126582,1.2209109902220474e-10,1.5822784810126582,1.0261088658398912e-13,0.29578603669687803,0.2957860365747869,0.6709603911825677,7.152312384651102e-11,7.152312384651102e-11
Manganese,"('ecoinvent-3.4-biosphere', '10cbd2f7-c41b-4bb4-b636-d8fc15cf0282')",Mn,7.71615745820334e-11,7.71615745820334e-11,1.0,6.485008032108113e-14,6.485008032108113e-14,dissipation,Pyrolusite,1.5822784810126582,1.2209109902220474e-10,1.5822784810126582,1.0261088658398912e-13,0.29578603669687803,0.2957860365747869,0.6709603911825677,7.152312384651102e-11,7.152312384651102e-11
Manganese,"('ecoinvent-3.4-biosphere', '42053ffb-9284-49cb-88f9-33ac5c77be4a')",Mn,7.71615745820334e-11,7.71615745820334e-11,1.0,6.485008032108113e-14,6.485008032108113e-14,dissipation,Pyrolusite,1.5822784810126582,1.2209109902220474e-10,1.5822784810126582,1.0261088658398912e-13,0.29578603669687803,0.2957860365747869,0.6709603911825677,7.152312384651102e-11,7.152312384651102e-11
Manganese,"('ecoinvent-3.4-biosphere', '9ba8c05d-1593-45a5-8d3b-5c4f3e9fef32')",Mn,7.71615745820334e-11,7.71615745820334e-11,1.0,6.485008032108113e-14,6.485008032108113e-14,dissipation,Pyrolusite,1.5822784810126582,1.2209109902220474e-10,1.5822784810126582,1.0261088658398912e-13,0.29578603669687803,0.2957860365747869,0.6709603911825677,7.152312384651102e-11,7.152312384651102e-11
Zinc,"('ecoinvent-3.4-biosphere', '77887584-ddca-4920-952c-3609730e0c13')",Zn,7.478640651862054e-11,7.478640651862054e-11,1.0,1.0836576745711442e-13,1.0836576745711442e-13,dissipation,Sphalerite,1.4901477832512315,1.1144279789104786e-10,1.4901477832512315,1.614810081565375e-13,0.21288117798323605,0.21288117787179325,0.789865871833085,4.936951641580841e-10,4.936951641580841e-10
Zinc,"('ecoinvent-3.4-biosphere', 'ada3ecfe-8244-4389-bcce-e83ca4f66e09')",Zn,7.478640651862054e-11,7.478640651862054e-11,1.0,1.0836576745711442e-13,1.0836576745711442e-13,dissipation,Sphalerite,1.4901477832512315,1.1144279789104786e-10,1.4901477832512315,1.614810081565375e-13,0.21288117798323605,0.21288117787179325,0.789865871833085,4.936951641580841e-10,4.936951641580841e-10
Zinc,"('ecoinvent-3.4-biosphere', '748f22a9-eba4-4726-bef5-92c7442ce189')",Zn,7.478640651862054e-11,7.478640651862054e-11,1.0,1.0836576745711442e-13,1.0836576745711442e-13,dissipation,Sphalerite,1.4901477832512315,1.1144279789104786e-10,1.4901477832512315,1.614810081565375e-13,0.21288117798323605,0.21288117787179325,0.789865871833085,4.936951641580841e-10,4.936951641580841e-10
Zinc,"('ecoinvent-3.4-biosphere', '8f871bab-96dc-49d9-bf08-12cdd0715901')",Zn,7.478640651862054e-11,7.478640651862054e-11,1.0,1.0836576745711442e-13,1.0836576745711442e-13,dissipation,Sphalerite,1.4901477832512315,1.1144279789104786e-10,1.4901477832512315,1.614810081565375e-13,0.21288117798323605,0.21288117787179325,0.789865871833085,4.936951641580841e-10,4.936951641580841e-10
Zinc,"('ecoinvent-3.4-biosphere', '5ce378a0-b48d-471c-977d-79681521efde')",Zn,7.478640651862054e-11,7.478640651862054e-11,1.0,1.0836576745711442e-13,1.0836576745711442e-13,dissipation,Sphalerite,1.4901477832512315,1.1144279789104786e-10,1.4901477832512315,1.614810081565375e-13,0.21288117798323605,0.21288117787179325,0.789865871833085,4.936951641580841e-10,4.936951641580841e-10
Zinc,"('ecoinvent-3.4-biosphere', 'b88999ec-84fd-462d-9dec-7e20a4636a58')",Zn,7.478640651862054e-11,7.478640651862054e-11,1.0,1.0836576745711442e-13,1.0836576745711442e-13,dissipation,Sphalerite,1.4901477832512315,1.1144279789104786e-10,1.4901477832512315,1.614810081565375e-13,0.21288117798323605,0.21288117787179325,0.789865871833085,4.936951641580841e-10,4.936951641580841e-10
Zinc,"('ecoinvent-3.4-biosphere', '8d226423-1351-4366-b09f-d16c9e38683c')",Zn,7.478640651862054e-11,7.478640651862054e-11,1.0,1.0836576745711442e-13,1.0836576745711442e-13,dissipation,Sphalerite,1.4901477832512315,1.1144279789104786e-10,1.4901477832512315,1.614810081565375e-13,0.21288117798323605,0.21288117787179325,0.789865871833085,4.936951641580841e-10,4.936951641580841e-10
Zinc,"('ecoinvent-3.4-biosphere', '84aa799e-9d98-4d34-85e0-516d28ab1be9')",Zn,7.478640651862054e-11,7.478640651862054e-11,1.0,1.0836576745711442e-13,1.0836576745711442e-13,dissipation,Sphalerite,1.4901477832512315,1.1144279789104786e-10,1.4901477832512315,1.614810081565375e-13,0.21288117798323605,0.21288117787179325,0.789865871833085,4.936951641580841e-10,4.936951641580841e-10
Zinc,"('ecoinvent-3.4-biosphere', '87a69874-34f9-4070-a525-aa301ab2634b')",Zn,7.478640651862054e-11,7.478640651862054e-11,1.0,1.0836576745711442e-13,1.0836576745711442e-13,dissipation,Sphalerite,1.4901477832512315,1.1144279789104786e-10,1.4901477832512315,1.614810081565375e-13,0.21288117798323605,0.21288117787179325,0.789865871833085,4.936951641580841e-10,4.936951641580841e-10
Tin,"('ecoinvent-3.4-biosphere', '8a422b03-1055-4bc8-b439-27bf8d7eef57')",Sn,6.854852790158699e-11,6.854852790158699e-11,1.0,1.3268575464212294e-13,1.3268575464212294e-13,dissipation,Cassiterite,1.26875,8.697094477513849e-11,1.26875,1.6834505120219348e-13,0.009054537241268257,0.009054537154297312,0.8632947389802966,2.8062916589896724e-08,2.8062916589896724e-08
Tin,"('ecoinvent-3.4-biosphere', '19b6e569-85a4-4ea9-a590-d61a21e3c846')",Sn,6.854852790158699e-11,6.854852790158699e-11,1.0,1.3268575464212294e-13,1.3268575464212294e-13,dissipation,Cassiterite,1.26875,8.697094477513849e-11,1.26875,1.6834505120219348e-13,0.009054537241268257,0.009054537154297312,0.8632947389802966,2.8062916589896724e-08,2.8062916589896724e-08
Tin,"('ecoinvent-3.4-biosphere', '168c970b-91c9-4427-a3a0-6686ad6cc2c4')",Sn,6.854852790158699e-11,6.854852790158699e-11,1.0,1.3268575464212294e-13,1.3268575464212294e-13,dissipation,Cassiterite,1.26875,8.697094477513849e-11,1.26875,1.6834505120219348e-13,0.009054537241268257,0.009054537154297312,0.8632947389802966,2.8062916589896724e-08,2.8062916589896724e-08
Tin,"('ecoinvent-3.4-biosphere', 'c67e3ba8-ddce-4931-b4b0-f4f9a56ccf40')",Sn,6.854852790158699e-11,6.854852790158699e-11,1.0,1.3268575464212294e-13,1.3268575464212294e-13,dissipation,Cassiterite,1.26875,8.697094477513849e-11,1.26875,1.6834505120219348e-13,0.009054537241268257,0.009054537154297312,0.8632947389802966,2.8062916589896724e-08,2.8062916589896724e-08
Tin,"('ecoinvent-3.4-biosphere', '6366d4ec-5ffc-4488-be51-0c239cdf535d')",Sn,6.854852790158699e-11,6.854852790158699e-11,1.0,1.3268575464212294e-13,1.3268575464212294e-13,dissipation,Cassiterite,1.26875,8.697094477513849e-11,1.26875,1.6834505120219348e-13,0.009054537241268257,0.009054537154297312,0.8632947389802966,2.8062916589896724e-08,2.8062916589896724e-08
Tin,"('ecoinvent-3.4-biosphere', '85a764f2-a810-4b20-bc86-a45604262fda')",Sn,6.854852790158699e-11,6.854852790158699e-11,1.0,1.3268575464212294e-13,1.3268575464212294e-13,dissipation,Cassiterite,1.26875,8.697094477513849e-11,1.26875,1.6834505120219348e-13,0.009054537241268257,0.009054537154297312,0.8632947389802966,2.8062916589896724e-08,2.8062916589896724e-08
Tin,"('ecoinvent-3.4-biosphere', '2a7b68ff-f12a-44c6-8b31-71ec91d29889')",Sn,6.854852790158699e-11,6.854852790158699e-11,1.0,1.3268575464212294e-13,1.3268575464212294e-13,dissipation,Cassiterite,1.26875,8.697094477513849e-11,1.26875,1.6834505120219348e-13,0.009054537241268257,0.009054537154297312,0.8632947389802966,2.8062916589896724e-08,2.8062916589896724e-08
Tin,"('ecoinvent-3.4-biosphere', 'f563b90e-a300-4403-b278-d2fdcd73e5a7')",Sn,6.854852790158699e-11,6.854852790158699e-11,1.0,1.3268575464212294e-13,1.3268575464212294e-13,dissipation,Cassiterite,1.26875,8.697094477513849e-11,1.26875,1.6834505120219348e-13,0.009054537241268257,0.009054537154297312,0.8632947389802966,2.8062916589896724e-08,2.8062916589896724e-08
Tin,"('ecoinvent-3.4-biosphere', 'e070bd24-fd16-4963-8f4d-78bb4c402400')",Sn,6.854852790158699e-11,6.854852790158699e-11,1.0,1.3268575464212294e-13,1.3268575464212294e-13,dissipation,Cassiterite,1.26875,8.697094477513849e-11,1.26875,1.6834505120219348e-13,0.009054537241268257,0.009054537154297312,0.8632947389802966,2.8062916589896724e-08,2.8062916589896724e-08
Phosphorus,"('ecoinvent-3.4-biosphere', '8b0a4a41-c65c-4d94-b10c-94ddb98abdd2')",P,5.910390164201e-11,5.910390164201e-11,1.0,1.6973366253890836e-14,1.6973366253890836e-14,dissipation,Apatite,0.3532544378698225,2.087871555046152e-11,0.3532544378698225,5.995916954776823e-15,0.44572664377524784,0.4457266437543691,0.9,1.5073076202205168e-11,1.5073076202205168e-11
Phosphorus,"('ecoinvent-3.4-biosphere', 'b6e2f7f4-6b2e-4b3e-be1f-67626cb8205d')",P,5.910390164201e-11,5.910390164201e-11,1.0,1.6973366253890836e-14,1.6973366253890836e-14,dissipation,Apatite,0.3532544378698225,2.087871555046152e-11,0.3532544378698225,5.995916954776823e-15,0.44572664377524784,0.4457266437543691,0.9,1.5073076202205168e-11,1.5073076202205168e-11
Phosphorus,"('ecoinvent-3.4-biosphere', 'b2631209-8374-431e-b7d5-56c96c6b6d79')",P,5.910390164201e-11,5.910390164201e-11,1.0,1.6973366253890836e-14,1.6973366253890836e-14,dissipation,Apatite,0.3532544378698225,2.087871555046152e-11,0.3532544378698225,5.995916954776823e-15,0.44572664377524784,0.4457266437543691,0.9,1.5073076202205168e-11,1.5073076202205168e-11
Phosphorus,"('ecoinvent-3.4-biosphere', 'e2d35af7-9806-46ff-9b75-b124a48fa5a1')",P,5.910390164201e-11,5.910390164201e-11,1.0,1.6973366253890836e-14,1.6973366253890836e-14,dissipation,Apatite,0.3532544378698225,2.087871555046152e-11,0.3532544378698225,5.995916954776823e-15,0.44572664377524784,0.4457266437543691,0.9,1.5073076202205168e-11,1.5073076202205168e-11
Phosphorus,"('ecoinvent-3.4-biosphere', 'c89a0749-40a5-4c9c-8770-c4295ea34977')",P,5.910390164201e-11,5.910390164201e-11,1.0,1.6973366253890836e-14,1.6973366253890836e-14,dissipation,Apatite,0.3532544378698225,2.087871555046152e-11,0.3532544378698225,5.995916954776823e-15,0.44572664377524784,0.4457266437543691,0.9,1.5073076202205168e-11,1.5073076202205168e-11
Phosphorus,"('ecoinvent-3.4-biosphere', 'f5e7e615-4160-4df9-b39b-7463eaed77c7')",P,5.910390164201e-11,5.910390164201e-11,1.0,1.6973366253890836e-14,1.6973366253890836e-14,dissipation,Apatite,0.3532544378698225,2.087871555046152e-11,0.3532544378698225,5.995916954776823e-15,0.44572664377524784,0.4457266437543691,0.9,1.5073076202205168e-11,1.5073076202205168e-11
Phosphorus,"('ecoinvent-3.4-biosphere', 'b1fca66f-8e83-469a-a7b5-018e14d5d545')",P,5.910390164201e-11,5.910390164201e-11,1.0,1.6973366253890836e-14,1.6973366253890836e-14,dissipation,Apatite,0.3532544378698225,2.087871555046152e-11,0.3532544378698225,5.995916954776823e-15,0.44572664377524784,0.4457266437543691,0.9,1.5073076202205168e-11,1.5073076202205168e-11
Phosphorus,"('ecoinvent-3.4-biosphere', '2f8952b0-c90c-4e3d-b546-52b862fc8f11')",P,5.910390164201e-11,5.910390164201e-11,1.0,1.6973366253890836e-14,1.6973366253890836e-14,dissipation,Apatite,0.3532544378698225,2.087871555046152e-11,0.3532544378698225,5.995916954776823e-15,0.44572664377524784,0.4457266437543691,0.9,1.5073076202205168e-11,1.5073076202205168e-11
Phosphorus,"('ecoinvent-3.4-biosphere', 'd761f94e-517d-41cf-89fa-17dc72f7a69b')",P,5.910390164201e-11,5.910390164201e-11,1.0,1.6973366253890836e-14,1.6973366253890836e-14,dissipation,Apatite,0.3532544378698225,2.087871555046152e-11,0.3532544378698225,5.995916954776823e-15,0.44572664377524784,0.4457266437543691,0.9,1.5073076202205168e-11,1.5073076202205168e-11
Phosphorus,"('ecoinvent-3.4-biosphere', '2d4b8ec1-8d53-4e62-8a11-ebc45909b02e')",P,5.910390164201e-11,5.910390164201e-11,1.0,1.6973366253890836e-14,1.6973366253890836e-14,dissipation,Apatite,0.3532544378698225,2.087871555046152e-11,0.3532544378698225,5.995916954776823e-15,0.44572664377524784,0.4457266437543691,0.9,1.5073076202205168e-11,1.5073076202205168e-11
Phosphorus,"('ecoinvent-3.4-biosphere', '76b09afe-52b9-4ecc-b97a-00b49ad8ed1a')",P,5.910390164201e-11,5.910390164201e-11,1.0,1.6973366253890836e-14,1.6973366253890836e-14,dissipation,Apatite,0.3532544378698225,2.087871555046152e-11,0.3532544378698225,5.995916954776823e-15,0.44572664377524784,0.4457266437543691,0.9,1.5073076202205168e-11,1.5073076202205168e-11
Phosphorus,"('ecoinvent-3.4-biosphere', 'ea4e9316-5080-4b3b-bbf3-1949f6d7577a')",P,5.910390164201e-11,5.910390164201e-11,1.0,1.6973366253890836e-14,1.6973366253890836e-14,dissipation,Apatite,0.3532544378698225,2.087871555046152e-11,0.3532544378698225,5.995916954776823e-15,0.44572664377524784,0.4457266437543691,0.9,1.5073076202205168e-11,1.5073076202205168e-11
Phosphorus,"('ecoinvent-3.4-biosphere', '62f3d964-9b53-4d01-9ee0-04112dcfc6d2')",P,5.910390164201e-11,5.910390164201e-11,1.0,1.6973366253890836e-14,1.6973366253890836e-14,dissipation,Apatite,0.3532544378698225,2.087871555046152e-11,0.3532544378698225,5.995916954776823e-15,0.44572664377524784,0.4457266437543691,0.9,1.5073076202205168e-11,1.5073076202205168e-11
Phosphorus,"('ecoinvent-3.4-biosphere', '198ce8e3-f05a-4bec-9f7f-325347453326')",P,5.910390164201e-11,5.910390164201e-11,1.0,1.6973366253890836e-14,1.6973366253890836e-14,dissipation,Apatite,0.3532544378698225,2.087871555046152e-11,0.3532544378698225,5.995916954776823e-15,0.44572664377524784,0.4457266437543691,0.9,1.5073076202205168e-11,1.5073076202205168e-11
"Tin, ion","('ecoinvent-3.4-biosphere', 'd5c40848-fc29-47fa-90a4-46db64a45a4e')",Sn,5.528077195106704e-11,5.528077195106704e-11,1.0,1.3268575464212294e-13,1.3268575464212294e-13,dissipation,Cassiterite,1.26875,7.013747941291631e-11,1.26875,1.6834505120219348e-13,0.009054537241268257,0.009054537171130778,0.8632947389802966,2.2631282698047247e-08,2.2631282698047247e-08
"Tin, ion","('ecoinvent-3.4-biosphere', '2a992e5e-9f16-47b8-8bcb-733d00bed658')",Sn,5.528077195106704e-11,5.528077195106704e-11,1.0,1.3268575464212294e-13,1.3268575464212294e-13,dissipation,Cassiterite,1.26875,7.013747941291631e-11,1.26875,1.6834505120219348e-13,0.009054537241268257,0.009054537171130778,0.8632947389802966,2.2631282698047247e-08,2.2631282698047247e-08
"Tin, ion","('ecoinvent-3.4-biosphere', '60a6702f-20ad-444f-a6df-f6374f1e3183')",Sn,5.528077195106704e-11,5.528077195106704e-11,1.0,1.3268575464212294e-13,1.3268575464212294e-13,dissipation,Cassiterite,1.26875,7.013747941291631e-11,1.26875,1.6834505120219348e-13,0.009054537241268257,0.009054537171130778,0.8632947389802966,2.2631282698047247e-08,2.2631282698047247e-08
"Tin, ion","('ecoinvent-3.4-biosphere', 'f73177d8-5e57-4f0d-ba34-6889cfdfed40')",Sn,5.528077195106704e-11,5.528077195106704e-11,1.0,1.3268575464212294e-13,1.3268575464212294e-13,dissipation,Cassiterite,1.26875,7.013747941291631e-11,1.26875,1.6834505120219348e-13,0.009054537241268257,0.009054537171130778,0.8632947389802966,2.2631282698047247e-08,2.2631282698047247e-08
"Tin, ion","('ecoinvent-3.4-biosphere', '3ddb2e36-bc1b-43a5-8ef4-cbcdbeeeea70')",Sn,5.528077195106704e-11,5.528077195106704e-11,1.0,1.3268575464212294e-13,1.3268575464212294e-13,dissipation,Cassiterite,1.26875,7.013747941291631e-11,1.26875,1.6834505120219348e-13,0.009054537241268257,0.009054537171130778,0.8632947389802966,2.2631282698047247e-08,2.2631282698047247e-08
"Copper, ion","('ecoinvent-3.4-biosphere', '6d9550e2-e670-44c1-bad8-c0c4975ffca7')",Cu,5.4760897631924326e-11,5.4760897631924326e-11,1.0,1.231243333335009e-14,1.231243333335009e-14,dissipation,Chalcopyrite,2.8793103448275863,1.5767361904364418e-10,2.8793103448275863,3.545131666671491e-14,0.01286923124177145,0.012869231084097831,0.8086409056778144,9.180887491964934e-08,9.180887491964934e-08
"Copper, ion","('ecoinvent-3.4-biosphere', '615b1460-6860-4cf6-8678-ad92c03c5e8b')",Cu,5.4760897631924326e-11,5.4760897631924326e-11,1.0,1.231243333335009e-14,1.231243333335009e-14,dissipation,Chalcopyrite,2.8793103448275863,1.5767361904364418e-10,2.8793103448275863,3.545131666671491e-14,0.01286923124177145,0.012869231084097831,0.8086409056778144,9.180887491964934e-08,9.180887491964934e-08
"Copper, ion","('ecoinvent-3.4-biosphere', '40229ebf-9346-4f20-910a-f8ea3bd88d44')",Cu,5.4760897631924326e-11,5.4760897631924326e-11,1.0,1.231243333335009e-14,1.231243333335009e-14,dissipation,Chalcopyrite,2.8793103448275863,1.5767361904364418e-10,2.8793103448275863,3.545131666671491e-14,0.01286923124177145,0.012869231084097831,0.8086409056778144,9.180887491964934e-08,9.180887491964934e-08
"Copper, ion","('ecoinvent-3.4-biosphere', 'd8f9ccf6-fd32-4348-83c0-1cee724af9ae')",Cu,5.4760897631924326e-11,5.4760897631924326e-11,1.0,1.231243333335009e-14,1.231243333335009e-14,dissipation,Chalcopyrite,2.8793103448275863,1.5767361904364418e-10,2.8793103448275863,3.545131666671491e-14,0.01286923124177145,0.012869231084097831,0.8086409056778144,9.180887491964934e-08,9.180887491964934e-08
"Copper, ion","('ecoinvent-3.4-biosphere', 'c3b659e5-35f1-408c-8cb5-b5f9b295c76e')",Cu,5.4760897631924326e-11,5.4760897631924326e-11,1.0,1.231243333335009e-14,1.231243333335009e-14,dissipation,Chalcopyrite,2.8793103448275863,1.5767361904364418e-10,2.8793103448275863,3.545131666671491e-14,0.01286923124177145,0.012869231084097831,0.8086409056778144,9.180887491964934e-08,9.180887491964934e-08
"Chromium, ion","('ecoinvent-3.4-biosphere', 'e34d3da4-a3d5-41be-84b5-458afe32c990')",Cr,5.324829831602382e-11,5.324829831602382e-11,1.0,3.1278613038877847e-13,3.1278613038877847e-13,dissipation,Chromite,2.152027027027027,1.14591777119281e-10,2.152027027027027,6.73124206275851e-13,0.2461272270789205,0.24612722696432873,0.81,2.564799906261022e-11,2.564799906261022e-11
"Chromium, ion","('ecoinvent-3.4-biosphere', '30f484ee-dec4-47ae-8e92-d00d4b93fe05')",Cr,5.324829831602382e-11,5.324829831602382e-11,1.0,3.1278613038877847e-13,3.1278613038877847e-13,dissipation,Chromite,2.152027027027027,1.14591777119281e-10,2.152027027027027,6.73124206275851e-13,0.2461272270789205,0.24612722696432873,0.81,2.564799906261022e-11,2.564799906261022e-11
"Chromium, ion","('ecoinvent-3.4-biosphere', '1c87de06-e58f-4684-a54c-d29f1a251a87')",Cr,5.324829831602382e-11,5.324829831602382e-11,1.0,3.1278613038877847e-13,3.1278613038877847e-13,dissipation,Chromite,2.152027027027027,1.14591777119281e-10,2.152027027027027,6.73124206275851e-13,0.2461272270789205,0.24612722696432873,0.81,2.564799906261022e-11,2.564799906261022e-11
"Chromium, ion","('ecoinvent-3.4-biosphere', 'd9c23a8d-e7bf-4f70-8d22-b9ad8a653204')",Cr,5.324829831602382e-11,5.324829831602382e-11,1.0,3.1278613038877847e-13,3.1278613038877847e-13,dissipation,Chromite,2.152027027027027,1.14591777119281e-10,2.152027027027027,6.73124206275851e-13,0.2461272270789205,0.24612722696432873,0.81,2.564799906261022e-11,2.564799906261022e-11
"Chromium, ion","('ecoinvent-3.4-biosphere', 'd98f0ec0-bf19-4c90-a457-a8593dec497f')",Cr,5.324829831602382e-11,5.324829831602382e-11,1.0,3.1278613038877847e-13,3.1278613038877847e-13,dissipation,Chromite,2.152027027027027,1.14591777119281e-10,2.152027027027027,6.73124206275851e-13,0.2461272270789205,0.24612722696432873,0.81,2.564799906261022e-11,2.564799906261022e-11
Chromium,"('ecoinvent-3.4-biosphere', 'e65a9c58-21f1-48b6-b738-d05a8f10e5f3')",Cr,4.983701726494839e-11,4.983701726494839e-11,1.0,3.1278613038877847e-13,3.1278613038877847e-13,dissipation,Chromite,2.152027027027027,1.0725060810058151e-10,2.152027027027027,6.73124206275851e-13,0.2461272270789205,0.24612722697166992,0.81,2.4004882562108606e-11,2.4004882562108606e-11
Chromium,"('ecoinvent-3.4-biosphere', '6b29d83a-c43c-484c-8e73-474a8a22d71e')",Cr,4.983701726494839e-11,4.983701726494839e-11,1.0,3.1278613038877847e-13,3.1278613038877847e-13,dissipation,Chromite,2.152027027027027,1.0725060810058151e-10,2.152027027027027,6.73124206275851e-13,0.2461272270789205,0.24612722697166992,0.81,2.4004882562108606e-11,2.4004882562108606e-11
Chromium,"('ecoinvent-3.4-biosphere', 'e7881581-21b3-4f5c-bd63-6b0684b5e712')",Cr,4.983701726494839e-11,4.983701726494839e-11,1.0,3.1278613038877847e-13,3.1278613038877847e-13,dissipation,Chromite,2.152027027027027,1.0725060810058151e-10,2.152027027027027,6.73124206275851e-13,0.2461272270789205,0.24612722697166992,0.81,2.4004882562108606e-11,2.4004882562108606e-11
Chromium,"('ecoinvent-3.4-biosphere', 'e0336c9b-a0ff-4ae3-b8bb-ca1e46bbbc11')",Cr,4.983701726494839e-11,4.983701726494839e-11,1.0,3.1278613038877847e-13,3.1278613038877847e-13,dissipation,Chromite,2.152027027027027,1.0725060810058151e-10,2.152027027027027,6.73124206275851e-13,0.2461272270789205,0.24612722697166992,0.81,2.4004882562108606e-11,2.4004882562108606e-11
Chromium,"('ecoinvent-3.4-biosphere', '2a5ed451-12a2-47db-b4dc-fa0bfbc01d79')",Cr,4.983701726494839e-11,4.983701726494839e-11,1.0,3.1278613038877847e-13,3.1278613038877847e-13,dissipation,Chromite,2.152027027027027,1.0725060810058151e-10,2.152027027027027,6.73124206275851e-13,0.2461272270789205,0.24612722697166992,0.81,2.4004882562108606e-11,2.4004882562108606e-11
Chromium,"('ecoinvent-3.4-biosphere', '591de726-f2c7-43ba-8e22-15fd08acc8dc')",Cr,4.983701726494839e-11,4.983701726494839e-11,1.0,3.1278613038877847e-13,3.1278613038877847e-13,dissipation,Chromite,2.152027027027027,1.0725060810058151e-10,2.152027027027027,6.73124206275851e-13,0.2461272270789205,0.24612722697166992,0.81,2.4004882562108606e-11,2.4004882562108606e-11
Chromium,"('ecoinvent-3.4-biosphere', '4d40d8e3-9bc7-4ab1-ac5c-4f4a76fda8e5')",Cr,4.983701726494839e-11,4.983701726494839e-11,1.0,3.1278613038877847e-13,3.1278613038877847e-13,dissipation,Chromite,2.152027027027027,1.0725060810058151e-10,2.152027027027027,6.73124206275851e-13,0.2461272270789205,0.24612722697166992,0.81,2.4004882562108606e-11,2.4004882562108606e-11
Chromium,"('ecoinvent-3.4-biosphere', 'e142b577-e934-4085-9a07-3983d4d92afb')",Cr,4.983701726494839e-11,4.983701726494839e-11,1.0,3.1278613038877847e-13,3.1278613038877847e-13,dissipation,Chromite,2.152027027027027,1.0725060810058151e-10,2.152027027027027,6.73124206275851e-13,0.2461272270789205,0.24612722697166992,0.81,2.4004882562108606e-11,2.4004882562108606e-11
Chromium,"('ecoinvent-3.4-biosphere', '7705f0e1-5b14-44f4-b330-1245b5c7fc08')",Cr,4.983701726494839e-11,4.983701726494839e-11,1.0,3.1278613038877847e-13,3.1278613038877847e-13,dissipation,Chromite,2.152027027027027,1.0725060810058151e-10,2.152027027027027,6.73124206275851e-13,0.2461272270789205,0.24612722697166992,0.81,2.4004882562108606e-11,2.4004882562108606e-11
Antimony,"('ecoinvent-3.4-biosphere', 'b2dc8668-86de-4207-b20e-dc81dea63c98')",Sb,4.933296675113823e-11,4.933296675113823e-11,1.0,2.1834077210692158e-11,2.1834077210692158e-11,dissipation,Stibnite,1.3941798941798942,6.877903036468213e-11,1.3941798941798942,3.0440631455118433e-11,0.22717627533598833,0.2271762752672093,0.9,2.407092576855955e-10,2.407092576855955e-10
Antimony,"('ecoinvent-3.4-biosphere', '83cf77ca-867b-4eef-b0f0-78d71b3d91d5')",Sb,4.933296675113823e-11,4.933296675113823e-11,1.0,2.1834077210692158e-11,2.1834077210692158e-11,dissipation,Stibnite,1.3941798941798942,6.877903036468213e-11,1.3941798941798942,3.0440631455118433e-11,0.22717627533598833,0.2271762752672093,0.9,2.407092576855955e-10,2.407092576855955e-10
Antimony,"('ecoinvent-3.4-biosphere', '183f9856-03ab-464d-9366-8ef62077b510')",Sb,4.933296675113823e-11,4.933296675113823e-11,1.0,2.1834077210692158e-11,2.1834077210692158e-11,dissipation,Stibnite,1.3941798941798942,6.877903036468213e-11,1.3941798941798942,3.0440631455118433e-11,0.22717627533598833,0.2271762752672093,0.9,2.407092576855955e-10,2.407092576855955e-10
Antimony,"('ecoinvent-3.4-biosphere', 'fa39136e-1ef6-43c1-af68-104da104568d')",Sb,4.933296675113823e-11,4.933296675113823e-11,1.0,2.1834077210692158e-11,2.1834077210692158e-11,dissipation,Stibnite,1.3941798941798942,6.877903036468213e-11,1.3941798941798942,3.0440631455118433e-11,0.22717627533598833,0.2271762752672093,0.9,2.407092576855955e-10,2.407092576855955e-10
Antimony,"('ecoinvent-3.4-biosphere', 'c49fb4cd-eed0-4438-9052-9612473cdbae')",Sb,4.933296675113823e-11,4.933296675113823e-11,1.0,2.1834077210692158e-11,2.1834077210692158e-11,dissipation,Stibnite,1.3941798941798942,6.877903036468213e-11,1.3941798941798942,3.0440631455118433e-11,0.22717627533598833,0.2271762752672093,0.9,2.407092576855955e-10,2.407092576855955e-10
Antimony,"('ecoinvent-3.4-biosphere', '5df5cb9f-812c-4ce8-ab1c-df6ab4d31900')",Sb,4.933296675113823e-11,4.933296675113823e-11,1.0,2.1834077210692158e-11,2.1834077210692158e-11,dissipation,Stibnite,1.3941798941798942,6.877903036468213e-11,1.3941798941798942,3.0440631455118433e-11,0.22717627533598833,0.2271762752672093,0.9,2.407092576855955e-10,2.407092576855955e-10
Antimony,"('ecoinvent-3.4-biosphere', '7805afa2-d93b-40bb-b841-325b98aec824')",Sb,4.933296675113823e-11,4.933296675113823e-11,1.0,2.1834077210692158e-11,2.1834077210692158e-11,dissipation,Stibnite,1.3941798941798942,6.877903036468213e-11,1.3941798941798942,3.0440631455118433e-11,0.22717627533598833,0.2271762752672093,0.9,2.407092576855955e-10,2.407092576855955e-10
Antimony,"('ecoinvent-3.4-biosphere', '2b2369a4-26bb-4b18-8479-752fdf7a5e7f')",Sb,4.933296675113823e-11,4.933296675113823e-11,1.0,2.1834077210692158e-11,2.1834077210692158e-11,dissipation,Stibnite,1.3941798941798942,6.877903036468213e-11,1.3941798941798942,3.0440631455118433e-11,0.22717627533598833,0.2271762752672093,0.9,2.407092576855955e-10,2.407092576855955e-10
Antimony,"('ecoinvent-3.4-biosphere', '77927dac-dea3-429d-a434-d5a71d92c4f7')",Sb,4.933296675113823e-11,4.933296675113823e-11,1.0,2.1834077210692158e-11,2.1834077210692158e-11,dissipation,Stibnite,1.3941798941798942,6.877903036468213e-11,1.3941798941798942,3.0440631455118433e-11,0.22717627533598833,0.2271762752672093,0.9,2.407092576855955e-10,2.407092576855955e-10
Antimony,"('ecoinvent-3.4-biosphere', '49803ad0-9ca2-4507-a5ea-f152d16c929d')",Sb,4.933296675113823e-11,4.933296675113823e-11,1.0,2.1834077210692158e-11,2.1834077210692158e-11,dissipation,Stibnite,1.3941798941798942,6.877903036468213e-11,1.3941798941798942,3.0440631455118433e-11,0.22717627533598833,0.2271762752672093,0.9,2.407092576855955e-10,2.407092576855955e-10
Antimony,"('ecoinvent-3.4-biosphere', '34b96163-a3df-4bc1-8224-e2a9fe01b23f')",Sb,4.933296675113823e-11,4.933296675113823e-11,1.0,2.1834077210692158e-11,2.1834077210692158e-11,dissipation,Stibnite,1.3941798941798942,6.877903036468213e-11,1.3941798941798942,3.0440631455118433e-11,0.22717627533598833,0.2271762752672093,0.9,2.407092576855955e-10,2.407092576855955e-10
Antimony,"('ecoinvent-3.4-biosphere', '3ea5684a-6d64-4f96-8c09-1d90f997c9d4')",Sb,4.933296675113823e-11,4.933296675113823e-11,1.0,2.1834077210692158e-11,2.1834077210692158e-11,dissipation,Stibnite,1.3941798941798942,6.877903036468213e-11,1.3941798941798942,3.0440631455118433e-11,0.22717627533598833,0.2271762752672093,0.9,2.407092576855955e-10,2.407092576855955e-10
Antimony,"('ecoinvent-3.4-biosphere', 'f4cf8d5c-f030-4b55-a3af-e3c20b855ee8')",Sb,4.933296675113823e-11,4.933296675113823e-11,1.0,2.1834077210692158e-11,2.1834077210692158e-11,dissipation,Stibnite,1.3941798941798942,6.877903036468213e-11,1.3941798941798942,3.0440631455118433e-11,0.22717627533598833,0.2271762752672093,0.9,2.407092576855955e-10,2.407092576855955e-10
Antimony,"('ecoinvent-3.4-biosphere', '43b29ad9-26dd-4838-b931-6216e55a0120')",Sb,4.933296675113823e-11,4.933296675113823e-11,1.0,2.1834077210692158e-11,2.1834077210692158e-11,dissipation,Stibnite,1.3941798941798942,6.877903036468213e-11,1.3941798941798942,3.0440631455118433e-11,0.22717627533598833,0.2271762752672093,0.9,2.407092576855955e-10,2.407092576855955e-10
Lead,"('ecoinvent-3.4-biosphere', 'e9e856c2-868e-435e-8425-8df1c9297cfc')",Pb,4.768251943646219e-11,4.768251943646219e-11,1.0,1.1855254708054448e-13,1.1855254708054448e-13,dissipation,Galena,1.1560975609756097,5.512564442166604e-11,1.1560975609756097,1.370583105272636e-13,0.10515644248728105,0.10515644243215541,0.635111259945265,2.283752984708969e-10,2.283752984708969e-10
Lead,"('ecoinvent-3.4-biosphere', '4010918f-7fd0-4925-8fbb-8fd7a44a806c')",Pb,4.768251943646219e-11,4.768251943646219e-11,1.0,1.1855254708054448e-13,1.1855254708054448e-13,dissipation,Galena,1.1560975609756097,5.512564442166604e-11,1.1560975609756097,1.370583105272636e-13,0.10515644248728105,0.10515644243215541,0.635111259945265,2.283752984708969e-10,2.283752984708969e-10
Lead,"('ecoinvent-3.4-biosphere', '2718482b-8399-442e-b89a-52fbcc22d2e6')",Pb,4.768251943646219e-11,4.768251943646219e-11,1.0,1.1855254708054448e-13,1.1855254708054448e-13,dissipation,Galena,1.1560975609756097,5.512564442166604e-11,1.1560975609756097,1.370583105272636e-13,0.10515644248728105,0.10515644243215541,0.635111259945265,2.283752984708969e-10,2.283752984708969e-10
Lead,"('ecoinvent-3.4-biosphere', '837083ce-41cd-49f3-a849-d79564dac238')",Pb,4.768251943646219e-11,4.768251943646219e-11,1.0,1.1855254708054448e-13,1.1855254708054448e-13,dissipation,Galena,1.1560975609756097,5.512564442166604e-11,1.1560975609756097,1.370583105272636e-13,0.10515644248728105,0.10515644243215541,0.635111259945265,2.283752984708969e-10,2.283752984708969e-10
Lead,"('ecoinvent-3.4-biosphere', '8e123669-94d3-41d8-9480-a79211fe7c43')",Pb,4.768251943646219e-11,4.768251943646219e-11,1.0,1.1855254708054448e-13,1.1855254708054448e-13,dissipation,Galena,1.1560975609756097,5.512564442166604e-11,1.1560975609756097,1.370583105272636e-13,0.10515644248728105,0.10515644243215541,0.635111259945265,2.283752984708969e-10,2.283752984708969e-10
Lead,"('ecoinvent-3.4-biosphere', '9ee7f4ab-b826-47ae-8623-e138f944b42e')",Pb,4.768251943646219e-11,4.768251943646219e-11,1.0,1.1855254708054448e-13,1.1855254708054448e-13,dissipation,Galena,1.1560975609756097,5.512564442166604e-11,1.1560975609756097,1.370583105272636e-13,0.10515644248728105,0.10515644243215541,0.635111259945265,2.283752984708969e-10,2.283752984708969e-10
Lead,"('ecoinvent-3.4-biosphere', '739234c8-5359-48b4-983f-9cb170d68c8d')",Pb,4.768251943646219e-11,4.768251943646219e-11,1.0,1.1855254708054448e-13,1.1855254708054448e-13,dissipation,Galena,1.1560975609756097,5.512564442166604e-11,1.1560975609756097,1.370583105272636e-13,0.10515644248728105,0.10515644243215541,0.635111259945265,2.283752984708969e-10,2.283752984708969e-10
Lead,"('ecoinvent-3.4-biosphere', 'b3ebdcc3-c588-4997-95d2-9785b26b34e1')",Pb,4.768251943646219e-11,4.768251943646219e-11,1.0,1.1855254708054448e-13,1.1855254708054448e-13,dissipation,Galena,1.1560975609756097,5.512564442166604e-11,1.1560975609756097,1.370583105272636e-13,0.10515644248728105,0.10515644243215541,0.635111259945265,2.283752984708969e-10,2.283752984708969e-10
Lead,"('ecoinvent-3.4-biosphere', '31c4d160-b21e-41b3-b9c1-3d7a72377653')",Pb,4.768251943646219e-11,4.768251943646219e-11,1.0,1.1855254708054448e-13,1.1855254708054448e-13,dissipation,Galena,1.1560975609756097,5.512564442166604e-11,1.1560975609756097,1.370583105272636e-13,0.10515644248728105,0.10515644243215541,0.635111259945265,2.283752984708969e-10,2.283752984708969e-10
Lead,"('ecoinvent-3.4-biosphere', 'fe4613d7-1ed8-427d-9b06-c8e8f4f5e1b1')",Pb,4.768251943646219e-11,4.768251943646219e-11,1.0,1.1855254708054448e-13,1.1855254708054448e-13,dissipation,Galena,1.1560975609756097,5.512564442166604e-11,1.1560975609756097,1.370583105272636e-13,0.10515644248728105,0.10515644243215541,0.635111259945265,2.283752984708969e-10,2.283752984708969e-10
Lead,"('ecoinvent-3.4-biosphere', '67652827-017f-4856-8d0a-c97bac4c6562')",Pb,4.768251943646219e-11,4.768251943646219e-11,1.0,1.1855254708054448e-13,1.1855254708054448e-13,dissipation,Galena,1.1560975609756097,5.512564442166604e-11,1.1560975609756097,1.370583105272636e-13,0.10515644248728105,0.10515644243215541,0.635111259945265,2.283752984708969e-10,2.283752984708969e-10
Lead,"('ecoinvent-3.4-biosphere', 'c864aa15-0abc-41ad-9889-348106e485d8')",Pb,4.768251943646219e-11,4.768251943646219e-11,1.0,1.1855254708054448e-13,1.1855254708054448e-13,dissipation,Galena,1.1560975609756097,5.512564442166604e-11,1.1560975609756097,1.370583105272636e-13,0.10515644248728105,0.10515644243215541,0.635111259945265,2.283752984708969e-10,2.283752984708969e-10
Lead,"('ecoinvent-3.4-biosphere', '0ff15165-d761-48c9-9814-2d1dcdd56857')",Pb,4.768251943646219e-11,4.768251943646219e-11,1.0,1.1855254708054448e-13,1.1855254708054448e-13,dissipation,Galena,1.1560975609756097,5.512564442166604e-11,1.1560975609756097,1.370583105272636e-13,0.10515644248728105,0.10515644243215541,0.635111259945265,2.283752984708969e-10,2.283752984708969e-10
Lead,"('ecoinvent-3.4-biosphere', '6a903634-c97f-4c49-a7c0-88f0e6ac7a23')",Pb,4.768251943646219e-11,4.768251943646219e-11,1.0,1.1855254708054448e-13,1.1855254708054448e-13,dissipation,Galena,1.1560975609756097,5.512564442166604e-11,1.1560975609756097,1.370583105272636e-13,0.10515644248728105,0.10515644243215541,0.635111259945265,2.283752984708969e-10,2.283752984708969e-10
Molybdenum,"('ecoinvent-3.4-biosphere', '163926e2-b4cc-42bb-ba7d-401028140985')",Mo,4.233408693285728e-11,4.233408693285728e-11,1.0,1.6532043483883647e-13,1.6532043483883647e-13,dissipation,Molybdenite,1.6700000000000004,7.069792517787168e-11,1.6700000000000004,2.7608512618085697e-13,0.0023389070923680233,0.002338907021670098,0.9176761103880936,6.100019112353675e-07,6.100019112353675e-07
Molybdenum,"('ecoinvent-3.4-biosphere', '9cf3a683-ed3d-40e9-b039-7653e4fc9e20')",Mo,4.233408693285728e-11,4.233408693285728e-11,1.0,1.6532043483883647e-13,1.6532043483883647e-13,dissipation,Molybdenite,1.6700000000000004,7.069792517787168e-11,1.6700000000000004,2.7608512618085697e-13,0.0023389070923680233,0.002338907021670098,0.9176761103880936,6.100019112353675e-07,6.100019112353675e-07
Molybdenum,"('ecoinvent-3.4-biosphere', '35b4d818-1019-413b-b99d-d351d8a67ac4')",Mo,4.233408693285728e-11,4.233408693285728e-11,1.0,1.6532043483883647e-13,1.6532043483883647e-13,dissipation,Molybdenite,1.6700000000000004,7.069792517787168e-11,1.6700000000000004,2.7608512618085697e-13,0.0023389070923680233,0.002338907021670098,0.9176761103880936,6.100019112353675e-07,6.100019112353675e-07
Molybdenum,"('ecoinvent-3.4-biosphere', 'c26d4716-ce1e-43da-a662-cd9498b1e8bc')",Mo,4.233408693285728e-11,4.233408693285728e-11,1.0,1.6532043483883647e-13,1.6532043483883647e-13,dissipation,Molybdenite,1.6700000000000004,7.069792517787168e-11,1.6700000000000004,2.7608512618085697e-13,0.0023389070923680233,0.002338907021670098,0.9176761103880936,6.100019112353675e-07,6.100019112353675e-07
Molybdenum,"('ecoinvent-3.4-biosphere', '1f3c2297-d652-468d-82e8-4fd59bf5b5b8')",Mo,4.233408693285728e-11,4.233408693285728e-11,1.0,1.6532043483883647e-13,1.6532043483883647e-13,dissipation,Molybdenite,1.6700000000000004,7.069792517787168e-11,1.6700000000000004,2.7608512618085697e-13,0.0023389070923680233,0.002338907021670098,0.9176761103880936,6.100019112353675e-07,6.100019112353675e-07
Molybdenum,"('ecoinvent-3.4-biosphere', '640e30d2-3158-4a1a-82ef-fd0c72922c9a')",Mo,4.233408693285728e-11,4.233408693285728e-11,1.0,1.6532043483883647e-13,1.6532043483883647e-13,dissipation,Molybdenite,1.6700000000000004,7.069792517787168e-11,1.6700000000000004,2.7608512618085697e-13,0.0023389070923680233,0.002338907021670098,0.9176761103880936,6.100019112353675e-07,6.100019112353675e-07
Molybdenum,"('ecoinvent-3.4-biosphere', '697e8ecf-bdbe-4857-92c9-e01960c91db7')",Mo,4.233408693285728e-11,4.233408693285728e-11,1.0,1.6532043483883647e-13,1.6532043483883647e-13,dissipation,Molybdenite,1.6700000000000004,7.069792517787168e-11,1.6700000000000004,2.7608512618085697e-13,0.0023389070923680233,0.002338907021670098,0.9176761103880936,6.100019112353675e-07,6.100019112353675e-07
Molybdenum,"('ecoinvent-3.4-biosphere', '442511cc-a98b-4242-9229-5736cb9a9399')",Mo,4.233408693285728e-11,4.233408693285728e-11,1.0,1.6532043483883647e-13,1.6532043483883647e-13,dissipation,Molybdenite,1.6700000000000004,7.069792517787168e-11,1.6700000000000004,2.7608512618085697e-13,0.0023389070923680233,0.002338907021670098,0.9176761103880936,6.100019112353675e-07,6.100019112353675e-07
Molybdenum,"('ecoinvent-3.4-biosphere', '3822809c-cc03-469d-ac2a-9f85842f8440')",Mo,4.233408693285728e-11,4.233408693285728e-11,1.0,1.6532043483883647e-13,1.6532043483883647e-13,dissipation,Molybdenite,1.6700000000000004,7.069792517787168e-11,1.6700000000000004,2.7608512618085697e-13,0.0023389070923680233,0.002338907021670098,0.9176761103880936,6.100019112353675e-07,6.100019112353675e-07
Molybdenum,"('ecoinvent-3.4-biosphere', 'c126f8a0-6bc4-42e6-9220-d6ccfef3f2ed')",Mo,4.233408693285728e-11,4.233408693285728e-11,1.0,1.6532043483883647e-13,1.6532043483883647e-13,dissipation,Molybdenite,1.6700000000000004,7.069792517787168e-11,1.6700000000000004,2.7608512618085697e-13,0.0023389070923680233,0.002338907021670098,0.9176761103880936,6.100019112353675e-07,6.100019112353675e-07
Molybdenum,"('ecoinvent-3.4-biosphere', '8b531ec0-ca7a-49cd-bef0-56f110112f34')",Mo,4.233408693285728e-11,4.233408693285728e-11,1.0,1.6532043483883647e-13,1.6532043483883647e-13,dissipation,Molybdenite,1.6700000000000004,7.069792517787168e-11,1.6700000000000004,2.7608512618085697e-13,0.0023389070923680233,0.002338907021670098,0.9176761103880936,6.100019112353675e-07,6.100019112353675e-07
Molybdenum,"('ecoinvent-3.4-biosphere', 'fdaaef05-0d10-4032-b2e7-85cae3c7bd5c')",Mo,4.233408693285728e-11,4.233408693285728e-11,1.0,1.6532043483883647e-13,1.6532043483883647e-13,dissipation,Molybdenite,1.6700000000000004,7.069792517787168e-11,1.6700000000000004,2.7608512618085697e-13,0.0023389070923680233,0.002338907021670098,0.9176761103880936,6.100019112353675e-07,6.100019112353675e-07
Molybdenum,"('ecoinvent-3.4-biosphere', '7d3f7498-3596-478a-9fa1-72201ef94082')",Mo,4.233408693285728e-11,4.233408693285728e-11,1.0,1.6532043483883647e-13,1.6532043483883647e-13,dissipation,Molybdenite,1.6700000000000004,7.069792517787168e-11,1.6700000000000004,2.7608512618085697e-13,0.0023389070923680233,0.002338907021670098,0.9176761103880936,6.100019112353675e-07,6.100019112353675e-07
Molybdenum,"('ecoinvent-3.4-biosphere', '5fa36ce3-aed0-443b-a09d-4cdf25b41995')",Mo,4.233408693285728e-11,4.233408693285728e-11,1.0,1.6532043483883647e-13,1.6532043483883647e-13,dissipation,Molybdenite,1.6700000000000004,7.069792517787168e-11,1.6700000000000004,2.7608512618085697e-13,0.0023389070923680233,0.002338907021670098,0.9176761103880936,6.100019112353675e-07,6.100019112353675e-07
Phosphorus,"('ecoinvent-3.4-biosphere', '8b0a4a41-c65c-4d94-b10c-94ddb98abdd2')",P,4.1019116637893536e-11,4.1019116637893536e-11,1.0,1.6973366253890836e-14,1.6973366253890836e-14,dissipation,Apatite,0.3532544378698225,1.4490184989835766e-11,0.3532544378698225,5.995916954776823e-15,0.44572664377524784,0.44572664376075766,0.9,1.0460920787635983e-11,1.0460920787635983e-11
Phosphorus,"('ecoinvent-3.4-biosphere', 'b6e2f7f4-6b2e-4b3e-be1f-67626cb8205d')",P,4.1019116637893536e-11,4.1019116637893536e-11,1.0,1.6973366253890836e-14,1.6973366253890836e-14,dissipation,Apatite,0.3532544378698225,1.4490184989835766e-11,0.3532544378698225,5.995916954776823e-15,0.44572664377524784,0.44572664376075766,0.9,1.0460920787635983e-11,1.0460920787635983e-11
Phosphorus,"('ecoinvent-3.4-biosphere', 'b2631209-8374-431e-b7d5-56c96c6b6d79')",P,4.1019116637893536e-11,4.1019116637893536e-11,1.0,1.6973366253890836e-14,1.6973366253890836e-14,dissipation,Apatite,0.3532544378698225,1.4490184989835766e-11,0.3532544378698225,5.995916954776823e-15,0.44572664377524784,0.44572664376075766,0.9,1.0460920787635983e-11,1.0460920787635983e-11
Phosphorus,"('ecoinvent-3.4-biosphere', 'e2d35af7-9806-46ff-9b75-b124a48fa5a1')",P,4.1019116637893536e-11,4.1019116637893536e-11,1.0,1.6973366253890836e-14,1.6973366253890836e-14,dissipation,Apatite,0.3532544378698225,1.4490184989835766e-11,0.3532544378698225,5.995916954776823e-15,0.44572664377524784,0.44572664376075766,0.9,1.0460920787635983e-11,1.0460920787635983e-11
Phosphorus,"('ecoinvent-3.4-biosphere', 'c89a0749-40a5-4c9c-8770-c4295ea34977')",P,4.1019116637893536e-11,4.1019116637893536e-11,1.0,1.6973366253890836e-14,1.6973366253890836e-14,dissipation,Apatite,0.3532544378698225,1.4490184989835766e-11,0.3532544378698225,5.995916954776823e-15,0.44572664377524784,0.44572664376075766,0.9,1.0460920787635983e-11,1.0460920787635983e-11
Phosphorus,"('ecoinvent-3.4-biosphere', 'f5e7e615-4160-4df9-b39b-7463eaed77c7')",P,4.1019116637893536e-11,4.1019116637893536e-11,1.0,1.6973366253890836e-14,1.6973366253890836e-14,dissipation,Apatite,0.3532544378698225,1.4490184989835766e-11,0.3532544378698225,5.995916954776823e-15,0.44572664377524784,0.44572664376075766,0.9,1.0460920787635983e-11,1.0460920787635983e-11
Phosphorus,"('ecoinvent-3.4-biosphere', 'b1fca66f-8e83-469a-a7b5-018e14d5d545')",P,4.1019116637893536e-11,4.1019116637893536e-11,1.0,1.6973366253890836e-14,1.6973366253890836e-14,dissipation,Apatite,0.3532544378698225,1.4490184989835766e-11,0.3532544378698225,5.995916954776823e-15,0.44572664377524784,0.44572664376075766,0.9,1.0460920787635983e-11,1.0460920787635983e-11
Phosphorus,"('ecoinvent-3.4-biosphere', '2f8952b0-c90c-4e3d-b546-52b862fc8f11')",P,4.1019116637893536e-11,4.1019116637893536e-11,1.0,1.6973366253890836e-14,1.6973366253890836e-14,dissipation,Apatite,0.3532544378698225,1.4490184989835766e-11,0.3532544378698225,5.995916954776823e-15,0.44572664377524784,0.44572664376075766,0.9,1.0460920787635983e-11,1.0460920787635983e-11
Phosphorus,"('ecoinvent-3.4-biosphere', 'd761f94e-517d-41cf-89fa-17dc72f7a69b')",P,4.1019116637893536e-11,4.1019116637893536e-11,1.0,1.6973366253890836e-14,1.6973366253890836e-14,dissipation,Apatite,0.3532544378698225,1.4490184989835766e-11,0.3532544378698225,5.995916954776823e-15,0.44572664377524784,0.44572664376075766,0.9,1.0460920787635983e-11,1.0460920787635983e-11
Phosphorus,"('ecoinvent-3.4-biosphere', '2d4b8ec1-8d53-4e62-8a11-ebc45909b02e')",P,4.1019116637893536e-11,4.1019116637893536e-11,1.0,1.6973366253890836e-14,1.6973366253890836e-14,dissipation,Apatite,0.3532544378698225,1.4490184989835766e-11,0.3532544378698225,5.995916954776823e-15,0.44572664377524784,0.44572664376075766,0.9,1.0460920787635983e-11,1.0460920787635983e-11
Phosphorus,"('ecoinvent-3.4-biosphere', '76b09afe-52b9-4ecc-b97a-00b49ad8ed1a')",P,4.1019116637893536e-11,4.1019116637893536e-11,1.0,1.6973366253890836e-14,1.6973366253890836e-14,dissipation,Apatite,0.3532544378698225,1.4490184989835766e-11,0.3532544378698225,5.995916954776823e-15,0.44572664377524784,0.44572664376075766,0.9,1.0460920787635983e-11,1.0460920787635983e-11
Phosphorus,"('ecoinvent-3.4-biosphere', 'ea4e9316-5080-4b3b-bbf3-1949f6d7577a')",P,4.1019116637893536e-11,4.1019116637893536e-11,1.0,1.6973366253890836e-14,1.6973366253890836e-14,dissipation,Apatite,0.3532544378698225,1.4490184989835766e-11,0.3532544378698225,5.995916954776823e-15,0.44572664377524784,0.44572664376075766,0.9,1.0460920787635983e-11,1.0460920787635983e-11
Phosphorus,"('ecoinvent-3.4-biosphere', '62f3d964-9b53-4d01-9ee0-04112dcfc6d2')",P,4.1019116637893536e-11,4.1019116637893536e-11,1.0,1.6973366253890836e-14,1.6973366253890836e-14,dissipation,Apatite,0.3532544378698225,1.4490184989835766e-11,0.3532544378698225,5.995916954776823e-15,0.44572664377524784,0.44572664376075766,0.9,1.0460920787635983e-11,1.0460920787635983e-11
Phosphorus,"('ecoinvent-3.4-biosphere', '198ce8e3-f05a-4bec-9f7f-325347453326')",P,4.1019116637893536e-11,4.1019116637893536e-11,1.0,1.6973366253890836e-14,1.6973366253890836e-14,dissipation,Apatite,0.3532544378698225,1.4490184989835766e-11,0.3532544378698225,5.995916954776823e-15,0.44572664377524784,0.44572664376075766,0.9,1.0460920787635983e-11,1.0460920787635983e-11
Nickel,"('ecoinvent-3.4-biosphere', '56815b4f-6138-4e0b-9fac-c94fd6b102b3')",Ni,3.945057691608997e-11,3.945057691608997e-11,1.0,9.066741688482605e-14,9.066741688482605e-14,dissipation,Pentlandite(sulphides) / Garnierite(laterites),2.9342028985507245,1.157559971366895e-10,2.9342028985507245,2.660365974275635e-13,0.010558917414268303,0.010558917298512306,0.0803628113054402,9.177247268312932e-09,9.177247268312932e-09
Nickel,"('ecoinvent-3.4-biosphere', 'e43a270f-4f88-4789-a0b8-7aba56677743')",Ni,3.945057691608997e-11,3.945057691608997e-11,1.0,9.066741688482605e-14,9.066741688482605e-14,dissipation,Pentlandite(sulphides) / Garnierite(laterites),2.9342028985507245,1.157559971366895e-10,2.9342028985507245,2.660365974275635e-13,0.010558917414268303,0.010558917298512306,0.0803628113054402,9.177247268312932e-09,9.177247268312932e-09
Nickel,"('ecoinvent-3.4-biosphere', 'a72a45ee-395a-4d25-b893-9d183e43e76e')",Ni,3.945057691608997e-11,3.945057691608997e-11,1.0,9.066741688482605e-14,9.066741688482605e-14,dissipation,Pentlandite(sulphides) / Garnierite(laterites),2.9342028985507245,1.157559971366895e-10,2.9342028985507245,2.660365974275635e-13,0.010558917414268303,0.010558917298512306,0.0803628113054402,9.177247268312932e-09,9.177247268312932e-09
Nickel,"('ecoinvent-3.4-biosphere', 'e8fc62ba-678e-4706-97d2-b79d83e227d5')",Ni,3.945057691608997e-11,3.945057691608997e-11,1.0,9.066741688482605e-14,9.066741688482605e-14,dissipation,Pentlandite(sulphides) / Garnierite(laterites),2.9342028985507245,1.157559971366895e-10,2.9342028985507245,2.660365974275635e-13,0.010558917414268303,0.010558917298512306,0.0803628113054402,9.177247268312932e-09,9.177247268312932e-09
Nickel,"('ecoinvent-3.4-biosphere', '5de1943f-b011-45a0-97d4-ed15eea6a382')",Ni,3.945057691608997e-11,3.945057691608997e-11,1.0,9.066741688482605e-14,9.066741688482605e-14,dissipation,Pentlandite(sulphides) / Garnierite(laterites),2.9342028985507245,1.157559971366895e-10,2.9342028985507245,2.660365974275635e-13,0.010558917414268303,0.010558917298512306,0.0803628113054402,9.177247268312932e-09,9.177247268312932e-09
Nickel,"('ecoinvent-3.4-biosphere', 'b4580545-243d-48d2-a3a0-2633a4f46fb1')",Ni,3.945057691608997e-11,3.945057691608997e-11,1.0,9.066741688482605e-14,9.066741688482605e-14,dissipation,Pentlandite(sulphides) / Garnierite(laterites),2.9342028985507245,1.157559971366895e-10,2.9342028985507245,2.660365974275635e-13,0.010558917414268303,0.010558917298512306,0.0803628113054402,9.177247268312932e-09,9.177247268312932e-09
Nickel,"('ecoinvent-3.4-biosphere', 'c89873de-cd23-4323-a948-f5cfeebd2fc9')",Ni,3.945057691608997e-11,3.945057691608997e-11,1.0,9.066741688482605e-14,9.066741688482605e-14,dissipation,Pentlandite(sulphides) / Garnierite(laterites),2.9342028985507245,1.157559971366895e-10,2.9342028985507245,2.660365974275635e-13,0.010558917414268303,0.010558917298512306,0.0803628113054402,9.177247268312932e-09,9.177247268312932e-09
Nickel,"('ecoinvent-3.4-biosphere', '2bcad3b3-5305-481c-a166-ad5e6eac2675')",Ni,3.945057691608997e-11,3.945057691608997e-11,1.0,9.066741688482605e-14,9.066741688482605e-14,dissipation,Pentlandite(sulphides) / Garnierite(laterites),2.9342028985507245,1.157559971366895e-10,2.9342028985507245,2.660365974275635e-13,0.010558917414268303,0.010558917298512306,0.0803628113054402,9.177247268312932e-09,9.177247268312932e-09
Nickel,"('ecoinvent-3.4-biosphere', '0545c382-2312-43b6-9ec3-63dbb1438565')",Ni,3.945057691608997e-11,3.945057691608997e-11,1.0,9.066741688482605e-14,9.066741688482605e-14,dissipation,Pentlandite(sulphides) / Garnierite(laterites),2.9342028985507245,1.157559971366895e-10,2.9342028985507245,2.660365974275635e-13,0.010558917414268303,0.010558917298512306,0.0803628113054402,9.177247268312932e-09,9.177247268312932e-09
Nickel,"('ecoinvent-3.4-biosphere', 'a5506f4b-113f-4713-95c3-c819dde6e48b')",Ni,3.945057691608997e-11,3.945057691608997e-11,1.0,9.066741688482605e-14,9.066741688482605e-14,dissipation,Pentlandite(sulphides) / Garnierite(laterites),2.9342028985507245,1.157559971366895e-10,2.9342028985507245,2.660365974275635e-13,0.010558917414268303,0.010558917298512306,0.0803628113054402,9.177247268312932e-09,9.177247268312932e-09
Phosphorus,"('ecoinvent-3.4-biosphere', '8b0a4a41-c65c-4d94-b10c-94ddb98abdd2')",P,3.140635467009243e-11,3.140635467009243e-11,1.0,1.6973366253890836e-14,1.6973366253890836e-14,dissipation,Apatite,0.3532544378698225,1.1094434164523776e-11,0.3532544378698225,5.995916954776823e-15,0.44572664377524784,0.4457266437641534,0.9,8.009430846753942e-12,8.009430846753942e-12
Phosphorus,"('ecoinvent-3.4-biosphere', 'b6e2f7f4-6b2e-4b3e-be1f-67626cb8205d')",P,3.140635467009243e-11,3.140635467009243e-11,1.0,1.6973366253890836e-14,1.6973366253890836e-14,dissipation,Apatite,0.3532544378698225,1.1094434164523776e-11,0.3532544378698225,5.995916954776823e-15,0.44572664377524784,0.4457266437641534,0.9,8.009430846753942e-12,8.009430846753942e-12
Phosphorus,"('ecoinvent-3.4-biosphere', 'b2631209-8374-431e-b7d5-56c96c6b6d79')",P,3.140635467009243e-11,3.140635467009243e-11,1.0,1.6973366253890836e-14,1.6973366253890836e-14,dissipation,Apatite,0.3532544378698225,1.1094434164523776e-11,0.3532544378698225,5.995916954776823e-15,0.44572664377524784,0.4457266437641534,0.9,8.009430846753942e-12,8.009430846753942e-12
Phosphorus,"('ecoinvent-3.4-biosphere', 'e2d35af7-9806-46ff-9b75-b124a48fa5a1')",P,3.140635467009243e-11,3.140635467009243e-11,1.0,1.6973366253890836e-14,1.6973366253890836e-14,dissipation,Apatite,0.3532544378698225,1.1094434164523776e-11,0.3532544378698225,5.995916954776823e-15,0.44572664377524784,0.4457266437641534,0.9,8.009430846753942e-12,8.009430846753942e-12
Phosphorus,"('ecoinvent-3.4-biosphere', 'c89a0749-40a5-4c9c-8770-c4295ea34977')",P,3.140635467009243e-11,3.140635467009243e-11,1.0,1.6973366253890836e-14,1.6973366253890836e-14,dissipation,Apatite,0.3532544378698225,1.1094434164523776e-11,0.3532544378698225,5.995916954776823e-15,0.44572664377524784,0.4457266437641534,0.9,8.009430846753942e-12,8.009430846753942e-12
Phosphorus,"('ecoinvent-3.4-biosphere', 'f5e7e615-4160-4df9-b39b-7463eaed77c7')",P,3.140635467009243e-11,3.140635467009243e-11,1.0,1.6973366253890836e-14,1.6973366253890836e-14,dissipation,Apatite,0.3532544378698225,1.1094434164523776e-11,0.3532544378698225,5.995916954776823e-15,0.44572664377524784,0.4457266437641534,0.9,8.009430846753942e-12,8.009430846753942e-12
Phosphorus,"('ecoinvent-3.4-biosphere', 'b1fca66f-8e83-469a-a7b5-018e14d5d545')",P,3.140635467009243e-11,3.140635467009243e-11,1.0,1.6973366253890836e-14,1.6973366253890836e-14,dissipation,Apatite,0.3532544378698225,1.1094434164523776e-11,0.3532544378698225,5.995916954776823e-15,0.44572664377524784,0.4457266437641534,0.9,8.009430846753942e-12,8.009430846753942e-12
Phosphorus,"('ecoinvent-3.4-biosphere', '2f8952b0-c90c-4e3d-b546-52b862fc8f11')",P,3.140635467009243e-11,3.140635467009243e-11,1.0,1.6973366253890836e-14,1.6973366253890836e-14,dissipation,Apatite,0.3532544378698225,1.1094434164523776e-11,0.3532544378698225,5.995916954776823e-15,0.44572664377524784,0.4457266437641534,0.9,8.009430846753942e-12,8.009430846753942e-12
Phosphorus,"('ecoinvent-3.4-biosphere', 'd761f94e-517d-41cf-89fa-17dc72f7a69b')",P,3.140635467009243e-11,3.140635467009243e-11,1.0,1.6973366253890836e-14,1.6973366253890836e-14,dissipation,Apatite,0.3532544378698225,1.1094434164523776e-11,0.3532544378698225,5.995916954776823e-15,0.44572664377524784,0.4457266437641534,0.9,8.009430846753942e-12,8.009430846753942e-12
Phosphorus,"('ecoinvent-3.4-biosphere', '2d4b8ec1-8d53-4e62-8a11-ebc45909b02e')",P,3.140635467009243e-11,3.140635467009243e-11,1.0,1.6973366253890836e-14,1.6973366253890836e-14,dissipation,Apatite,0.3532544378698225,1.1094434164523776e-11,0.3532544378698225,5.995916954776823e-15,0.44572664377524784,0.4457266437641534,0.9,8.009430846753942e-12,8.009430846753942e-12
Phosphorus,"('ecoinvent-3.4-biosphere', '76b09afe-52b9-4ecc-b97a-00b49ad8ed1a')",P,3.140635467009243e-11,3.140635467009243e-11,1.0,1.6973366253890836e-14,1.6973366253890836e-14,dissipation,Apatite,0.3532544378698225,1.1094434164523776e-11,0.3532544378698225,5.995916954776823e-15,0.44572664377524784,0.4457266437641534,0.9,8.009430846753942e-12,8.009430846753942e-12
Phosphorus,"('ecoinvent-3.4-biosphere', 'ea4e9316-5080-4b3b-bbf3-1949f6d7577a')",P,3.140635467009243e-11,3.140635467009243e-11,1.0,1.6973366253890836e-14,1.6973366253890836e-14,dissipation,Apatite,0.3532544378698225,1.1094434164523776e-11,0.3532544378698225,5.995916954776823e-15,0.44572664377524784,0.4457266437641534,0.9,8.009430846753942e-12,8.009430846753942e-12
Phosphorus,"('ecoinvent-3.4-biosphere', '62f3d964-9b53-4d01-9ee0-04112dcfc6d2')",P,3.140635467009243e-11,3.140635467009243e-11,1.0,1.6973366253890836e-14,1.6973366253890836e-14,dissipation,Apatite,0.3532544378698225,1.1094434164523776e-11,0.3532544378698225,5.995916954776823e-15,0.44572664377524784,0.4457266437641534,0.9,8.009430846753942e-12,8.009430846753942e-12
Phosphorus,"('ecoinvent-3.4-biosphere', '198ce8e3-f05a-4bec-9f7f-325347453326')",P,3.140635467009243e-11,3.140635467009243e-11,1.0,1.6973366253890836e-14,1.6973366253890836e-14,dissipation,Apatite,0.3532544378698225,1.1094434164523776e-11,0.3532544378698225,5.995916954776823e-15,0.44572664377524784,0.4457266437641534,0.9,8.009430846753942e-12,8.009430846753942e-12
Molybdenum,"('ecoinvent-3.4-biosphere', '163926e2-b4cc-42bb-ba7d-401028140985')",Mo,3.092635049701398e-11,3.092635049701398e-11,1.0,1.6532043483883647e-13,1.6532043483883647e-13,dissipation,Molybdenite,1.6700000000000004,5.164700533001336e-11,1.6700000000000004,2.7608512618085697e-13,0.0023389070923680233,0.002338907040721018,0.9176761103880936,4.456254977445468e-07,4.456254977445468e-07
Molybdenum,"('ecoinvent-3.4-biosphere', '9cf3a683-ed3d-40e9-b039-7653e4fc9e20')",Mo,3.092635049701398e-11,3.092635049701398e-11,1.0,1.6532043483883647e-13,1.6532043483883647e-13,dissipation,Molybdenite,1.6700000000000004,5.164700533001336e-11,1.6700000000000004,2.7608512618085697e-13,0.0023389070923680233,0.002338907040721018,0.9176761103880936,4.456254977445468e-07,4.456254977445468e-07
Molybdenum,"('ecoinvent-3.4-biosphere', '35b4d818-1019-413b-b99d-d351d8a67ac4')",Mo,3.092635049701398e-11,3.092635049701398e-11,1.0,1.6532043483883647e-13,1.6532043483883647e-13,dissipation,Molybdenite,1.6700000000000004,5.164700533001336e-11,1.6700000000000004,2.7608512618085697e-13,0.0023389070923680233,0.002338907040721018,0.9176761103880936,4.456254977445468e-07,4.456254977445468e-07
Molybdenum,"('ecoinvent-3.4-biosphere', 'c26d4716-ce1e-43da-a662-cd9498b1e8bc')",Mo,3.092635049701398e-11,3.092635049701398e-11,1.0,1.6532043483883647e-13,1.6532043483883647e-13,dissipation,Molybdenite,1.6700000000000004,5.164700533001336e-11,1.6700000000000004,2.7608512618085697e-13,0.0023389070923680233,0.002338907040721018,0.9176761103880936,4.456254977445468e-07,4.456254977445468e-07
Molybdenum,"('ecoinvent-3.4-biosphere', '1f3c2297-d652-468d-82e8-4fd59bf5b5b8')",Mo,3.092635049701398e-11,3.092635049701398e-11,1.0,1.6532043483883647e-13,1.6532043483883647e-13,dissipation,Molybdenite,1.6700000000000004,5.164700533001336e-11,1.6700000000000004,2.7608512618085697e-13,0.0023389070923680233,0.002338907040721018,0.9176761103880936,4.456254977445468e-07,4.456254977445468e-07
Molybdenum,"('ecoinvent-3.4-biosphere', '640e30d2-3158-4a1a-82ef-fd0c72922c9a')",Mo,3.092635049701398e-11,3.092635049701398e-11,1.0,1.6532043483883647e-13,1.6532043483883647e-13,dissipation,Molybdenite,1.6700000000000004,5.164700533001336e-11,1.6700000000000004,2.7608512618085697e-13,0.0023389070923680233,0.002338907040721018,0.9176761103880936,4.456254977445468e-07,4.456254977445468e-07
Molybdenum,"('ecoinvent-3.4-biosphere', '697e8ecf-bdbe-4857-92c9-e01960c91db7')",Mo,3.092635049701398e-11,3.092635049701398e-11,1.0,1.6532043483883647e-13,1.6532043483883647e-13,dissipation,Molybdenite,1.6700000000000004,5.164700533001336e-11,1.6700000000000004,2.7608512618085697e-13,0.0023389070923680233,0.002338907040721018,0.9176761103880936,4.456254977445468e-07,4.456254977445468e-07
Molybdenum,"('ecoinvent-3.4-biosphere', '442511cc-a98b-4242-9229-5736cb9a9399')",Mo,3.092635049701398e-11,3.092635049701398e-11,1.0,1.6532043483883647e-13,1.6532043483883647e-13,dissipation,Molybdenite,1.6700000000000004,5.164700533001336e-11,1.6700000000000004,2.7608512618085697e-13,0.0023389070923680233,0.002338907040721018,0.9176761103880936,4.456254977445468e-07,4.456254977445468e-07
Molybdenum,"('ecoinvent-3.4-biosphere', '3822809c-cc03-469d-ac2a-9f85842f8440')",Mo,3.092635049701398e-11,3.092635049701398e-11,1.0,1.6532043483883647e-13,1.6532043483883647e-13,dissipation,Molybdenite,1.6700000000000004,5.164700533001336e-11,1.6700000000000004,2.7608512618085697e-13,0.0023389070923680233,0.002338907040721018,0.9176761103880936,4.456254977445468e-07,4.456254977445468e-07
Molybdenum,"('ecoinvent-3.4-biosphere', 'c126f8a0-6bc4-42e6-9220-d6ccfef3f2ed')",Mo,3.092635049701398e-11,3.092635049701398e-11,1.0,1.6532043483883647e-13,1.6532043483883647e-13,dissipation,Molybdenite,1.6700000000000004,5.164700533001336e-11,1.6700000000000004,2.7608512618085697e-13,0.0023389070923680233,0.002338907040721018,0.9176761103880936,4.456254977445468e-07,4.456254977445468e-07
Molybdenum,"('ecoinvent-3.4-biosphere', '8b531ec0-ca7a-49cd-bef0-56f110112f34')",Mo,3.092635049701398e-11,3.092635049701398e-11,1.0,1.6532043483883647e-13,1.6532043483883647e-13,dissipation,Molybdenite,1.6700000000000004,5.164700533001336e-11,1.6700000000000004,2.7608512618085697e-13,0.0023389070923680233,0.002338907040721018,0.9176761103880936,4.456254977445468e-07,4.456254977445468e-07
Molybdenum,"('ecoinvent-3.4-biosphere', 'fdaaef05-0d10-4032-b2e7-85cae3c7bd5c')",Mo,3.092635049701398e-11,3.092635049701398e-11,1.0,1.6532043483883647e-13,1.6532043483883647e-13,dissipation,Molybdenite,1.6700000000000004,5.164700533001336e-11,1.6700000000000004,2.7608512618085697e-13,0.0023389070923680233,0.002338907040721018,0.9176761103880936,4.456254977445468e-07,4.456254977445468e-07
Molybdenum,"('ecoinvent-3.4-biosphere', '7d3f7498-3596-478a-9fa1-72201ef94082')",Mo,3.092635049701398e-11,3.092635049701398e-11,1.0,1.6532043483883647e-13,1.6532043483883647e-13,dissipation,Molybdenite,1.6700000000000004,5.164700533001336e-11,1.6700000000000004,2.7608512618085697e-13,0.0023389070923680233,0.002338907040721018,0.9176761103880936,4.456254977445468e-07,4.456254977445468e-07
Molybdenum,"('ecoinvent-3.4-biosphere', '5fa36ce3-aed0-443b-a09d-4cdf25b41995')",Mo,3.092635049701398e-11,3.092635049701398e-11,1.0,1.6532043483883647e-13,1.6532043483883647e-13,dissipation,Molybdenite,1.6700000000000004,5.164700533001336e-11,1.6700000000000004,2.7608512618085697e-13,0.0023389070923680233,0.002338907040721018,0.9176761103880936,4.456254977445468e-07,4.456254977445468e-07
Lead,"('ecoinvent-3.4-biosphere', 'e9e856c2-868e-435e-8425-8df1c9297cfc')",Pb,3.0282338561504356e-11,3.0282338561504356e-11,1.0,1.1855254708054448e-13,1.1855254708054448e-13,dissipation,Galena,1.1560975609756097,3.500933775159284e-11,1.1560975609756097,1.370583105272636e-13,0.10515644248728105,0.10515644245227171,0.635111259945265,1.450373339972473e-10,1.450373339972473e-10
Lead,"('ecoinvent-3.4-biosphere', '4010918f-7fd0-4925-8fbb-8fd7a44a806c')",Pb,3.0282338561504356e-11,3.0282338561504356e-11,1.0,1.1855254708054448e-13,1.1855254708054448e-13,dissipation,Galena,1.1560975609756097,3.500933775159284e-11,1.1560975609756097,1.370583105272636e-13,0.10515644248728105,0.10515644245227171,0.635111259945265,1.450373339972473e-10,1.450373339972473e-10
Lead,"('ecoinvent-3.4-biosphere', '2718482b-8399-442e-b89a-52fbcc22d2e6')",Pb,3.0282338561504356e-11,3.0282338561504356e-11,1.0,1.1855254708054448e-13,1.1855254708054448e-13,dissipation,Galena,1.1560975609756097,3.500933775159284e-11,1.1560975609756097,1.370583105272636e-13,0.10515644248728105,0.10515644245227171,0.635111259945265,1.450373339972473e-10,1.450373339972473e-10
Lead,"('ecoinvent-3.4-biosphere', '837083ce-41cd-49f3-a849-d79564dac238')",Pb,3.0282338561504356e-11,3.0282338561504356e-11,1.0,1.1855254708054448e-13,1.1855254708054448e-13,dissipation,Galena,1.1560975609756097,3.500933775159284e-11,1.1560975609756097,1.370583105272636e-13,0.10515644248728105,0.10515644245227171,0.635111259945265,1.450373339972473e-10,1.450373339972473e-10
Lead,"('ecoinvent-3.4-biosphere', '8e123669-94d3-41d8-9480-a79211fe7c43')",Pb,3.0282338561504356e-11,3.0282338561504356e-11,1.0,1.1855254708054448e-13,1.1855254708054448e-13,dissipation,Galena,1.1560975609756097,3.500933775159284e-11,1.1560975609756097,1.370583105272636e-13,0.10515644248728105,0.10515644245227171,0.635111259945265,1.450373339972473e-10,1.450373339972473e-10
Lead,"('ecoinvent-3.4-biosphere', '9ee7f4ab-b826-47ae-8623-e138f944b42e')",Pb,3.0282338561504356e-11,3.0282338561504356e-11,1.0,1.1855254708054448e-13,1.1855254708054448e-13,dissipation,Galena,1.1560975609756097,3.500933775159284e-11,1.1560975609756097,1.370583105272636e-13,0.10515644248728105,0.10515644245227171,0.635111259945265,1.450373339972473e-10,1.450373339972473e-10
Lead,"('ecoinvent-3.4-biosphere', '739234c8-5359-48b4-983f-9cb170d68c8d')",Pb,3.0282338561504356e-11,3.0282338561504356e-11,1.0,1.1855254708054448e-13,1.1855254708054448e-13,dissipation,Galena,1.1560975609756097,3.500933775159284e-11,1.1560975609756097,1.370583105272636e-13,0.10515644248728105,0.10515644245227171,0.635111259945265,1.450373339972473e-10,1.450373339972473e-10
Lead,"('ecoinvent-3.4-biosphere', 'b3ebdcc3-c588-4997-95d2-9785b26b34e1')",Pb,3.0282338561504356e-11,3.0282338561504356e-11,1.0,1.1855254708054448e-13,1.1855254708054448e-13,dissipation,Galena,1.1560975609756097,3.500933775159284e-11,1.1560975609756097,1.370583105272636e-13,0.10515644248728105,0.10515644245227171,0.635111259945265,1.450373339972473e-10,1.450373339972473e-10
Lead,"('ecoinvent-3.4-biosphere', '31c4d160-b21e-41b3-b9c1-3d7a72377653')",Pb,3.0282338561504356e-11,3.0282338561504356e-11,1.0,1.1855254708054448e-13,1.1855254708054448e-13,dissipation,Galena,1.1560975609756097,3.500933775159284e-11,1.1560975609756097,1.370583105272636e-13,0.10515644248728105,0.10515644245227171,0.635111259945265,1.450373339972473e-10,1.450373339972473e-10
Lead,"('ecoinvent-3.4-biosphere', 'fe4613d7-1ed8-427d-9b06-c8e8f4f5e1b1')",Pb,3.0282338561504356e-11,3.0282338561504356e-11,1.0,1.1855254708054448e-13,1.1855254708054448e-13,dissipation,Galena,1.1560975609756097,3.500933775159284e-11,1.1560975609756097,1.370583105272636e-13,0.10515644248728105,0.10515644245227171,0.635111259945265,1.450373339972473e-10,1.450373339972473e-10
Lead,"('ecoinvent-3.4-biosphere', '67652827-017f-4856-8d0a-c97bac4c6562')",Pb,3.0282338561504356e-11,3.0282338561504356e-11,1.0,1.1855254708054448e-13,1.1855254708054448e-13,dissipation,Galena,1.1560975609756097,3.500933775159284e-11,1.1560975609756097,1.370583105272636e-13,0.10515644248728105,0.10515644245227171,0.635111259945265,1.450373339972473e-10,1.450373339972473e-10
Lead,"('ecoinvent-3.4-biosphere', 'c864aa15-0abc-41ad-9889-348106e485d8')",Pb,3.0282338561504356e-11,3.0282338561504356e-11,1.0,1.1855254708054448e-13,1.1855254708054448e-13,dissipation,Galena,1.1560975609756097,3.500933775159284e-11,1.1560975609756097,1.370583105272636e-13,0.10515644248728105,0.10515644245227171,0.635111259945265,1.450373339972473e-10,1.450373339972473e-10
Lead,"('ecoinvent-3.4-biosphere', '0ff15165-d761-48c9-9814-2d1dcdd56857')",Pb,3.0282338561504356e-11,3.0282338561504356e-11,1.0,1.1855254708054448e-13,1.1855254708054448e-13,dissipation,Galena,1.1560975609756097,3.500933775159284e-11,1.1560975609756097,1.370583105272636e-13,0.10515644248728105,0.10515644245227171,0.635111259945265,1.450373339972473e-10,1.450373339972473e-10
Lead,"('ecoinvent-3.4-biosphere', '6a903634-c97f-4c49-a7c0-88f0e6ac7a23')",Pb,3.0282338561504356e-11,3.0282338561504356e-11,1.0,1.1855254708054448e-13,1.1855254708054448e-13,dissipation,Galena,1.1560975609756097,3.500933775159284e-11,1.1560975609756097,1.370583105272636e-13,0.10515644248728105,0.10515644245227171,0.635111259945265,1.450373339972473e-10,1.450373339972473e-10
Cobalt,"('ecoinvent-3.4-biosphere', '9ce88274-57b6-42ed-a78b-4abef2301865')",Co,2.8477181510929282e-11,2.8477181510929282e-11,1.0,1.9447495148453946e-12,1.9447495148453946e-12,dissipation,Linnaeite,1.727272727272727,4.91878589734233e-11,1.727272727272727,3.3591127983693174e-12,0.015088369910128439,0.01508836986094058,0.0455986939380875,2.6945789265606805e-08,2.6945789265606805e-08
Cobalt,"('ecoinvent-3.4-biosphere', '1e904267-caa3-40e6-a3a0-fc104489770b')",Co,2.8477181510929282e-11,2.8477181510929282e-11,1.0,1.9447495148453946e-12,1.9447495148453946e-12,dissipation,Linnaeite,1.727272727272727,4.91878589734233e-11,1.727272727272727,3.3591127983693174e-12,0.015088369910128439,0.01508836986094058,0.0455986939380875,2.6945789265606805e-08,2.6945789265606805e-08
Cobalt,"('ecoinvent-3.4-biosphere', '9542444c-7c7a-48e2-bc9c-9c7c34fb7b3e')",Co,2.8477181510929282e-11,2.8477181510929282e-11,1.0,1.9447495148453946e-12,1.9447495148453946e-12,dissipation,Linnaeite,1.727272727272727,4.91878589734233e-11,1.727272727272727,3.3591127983693174e-12,0.015088369910128439,0.01508836986094058,0.0455986939380875,2.6945789265606805e-08,2.6945789265606805e-08
Cobalt,"('ecoinvent-3.4-biosphere', '33627701-feca-434d-a192-674a450eaaf7')",Co,2.8477181510929282e-11,2.8477181510929282e-11,1.0,1.9447495148453946e-12,1.9447495148453946e-12,dissipation,Linnaeite,1.727272727272727,4.91878589734233e-11,1.727272727272727,3.3591127983693174e-12,0.015088369910128439,0.01508836986094058,0.0455986939380875,2.6945789265606805e-08,2.6945789265606805e-08
Cobalt,"('ecoinvent-3.4-biosphere', 'caf066cf-40ce-47a8-ba4c-969fcd6019c7')",Co,2.8477181510929282e-11,2.8477181510929282e-11,1.0,1.9447495148453946e-12,1.9447495148453946e-12,dissipation,Linnaeite,1.727272727272727,4.91878589734233e-11,1.727272727272727,3.3591127983693174e-12,0.015088369910128439,0.01508836986094058,0.0455986939380875,2.6945789265606805e-08,2.6945789265606805e-08
Cobalt,"('ecoinvent-3.4-biosphere', '74eb3f02-09ec-46ce-8ee8-d67d0900136b')",Co,2.8477181510929282e-11,2.8477181510929282e-11,1.0,1.9447495148453946e-12,1.9447495148453946e-12,dissipation,Linnaeite,1.727272727272727,4.91878589734233e-11,1.727272727272727,3.3591127983693174e-12,0.015088369910128439,0.01508836986094058,0.0455986939380875,2.6945789265606805e-08,2.6945789265606805e-08
Cobalt,"('ecoinvent-3.4-biosphere', 'f0d1c319-249f-4a89-b0e7-3a5a90a54036')",Co,2.8477181510929282e-11,2.8477181510929282e-11,1.0,1.9447495148453946e-12,1.9447495148453946e-12,dissipation,Linnaeite,1.727272727272727,4.91878589734233e-11,1.727272727272727,3.3591127983693174e-12,0.015088369910128439,0.01508836986094058,0.0455986939380875,2.6945789265606805e-08,2.6945789265606805e-08
Cobalt,"('ecoinvent-3.4-biosphere', 'f0e28a62-ddf9-4c93-af81-676a58c3f2d4')",Co,2.8477181510929282e-11,2.8477181510929282e-11,1.0,1.9447495148453946e-12,1.9447495148453946e-12,dissipation,Linnaeite,1.727272727272727,4.91878589734233e-11,1.727272727272727,3.3591127983693174e-12,0.015088369910128439,0.01508836986094058,0.0455986939380875,2.6945789265606805e-08,2.6945789265606805e-08
Cobalt,"('ecoinvent-3.4-biosphere', 'd4291dd5-dae8-47fa-bf06-466fcecbc210')",Co,2.8477181510929282e-11,2.8477181510929282e-11,1.0,1.9447495148453946e-12,1.9447495148453946e-12,dissipation,Linnaeite,1.727272727272727,4.91878589734233e-11,1.727272727272727,3.3591127983693174e-12,0.015088369910128439,0.01508836986094058,0.0455986939380875,2.6945789265606805e-08,2.6945789265606805e-08
Cobalt,"('ecoinvent-3.4-biosphere', 'ca04300a-8338-4601-ba7c-66c10a4f6322')",Co,2.8477181510929282e-11,2.8477181510929282e-11,1.0,1.9447495148453946e-12,1.9447495148453946e-12,dissipation,Linnaeite,1.727272727272727,4.91878589734233e-11,1.727272727272727,3.3591127983693174e-12,0.015088369910128439,0.01508836986094058,0.0455986939380875,2.6945789265606805e-08,2.6945789265606805e-08
Cobalt,"('ecoinvent-3.4-biosphere', '12051b95-831a-49c0-9a70-fbc0e8fb9af9')",Co,2.8477181510929282e-11,2.8477181510929282e-11,1.0,1.9447495148453946e-12,1.9447495148453946e-12,dissipation,Linnaeite,1.727272727272727,4.91878589734233e-11,1.727272727272727,3.3591127983693174e-12,0.015088369910128439,0.01508836986094058,0.0455986939380875,2.6945789265606805e-08,2.6945789265606805e-08
Cobalt,"('ecoinvent-3.4-biosphere', '381a22c9-3722-4378-810d-86958f7b6d32')",Co,2.8477181510929282e-11,2.8477181510929282e-11,1.0,1.9447495148453946e-12,1.9447495148453946e-12,dissipation,Linnaeite,1.727272727272727,4.91878589734233e-11,1.727272727272727,3.3591127983693174e-12,0.015088369910128439,0.01508836986094058,0.0455986939380875,2.6945789265606805e-08,2.6945789265606805e-08
Cobalt,"('ecoinvent-3.4-biosphere', 'b10faa87-2c1d-4f6e-aa65-9f80b376939a')",Co,2.8477181510929282e-11,2.8477181510929282e-11,1.0,1.9447495148453946e-12,1.9447495148453946e-12,dissipation,Linnaeite,1.727272727272727,4.91878589734233e-11,1.727272727272727,3.3591127983693174e-12,0.015088369910128439,0.01508836986094058,0.0455986939380875,2.6945789265606805e-08,2.6945789265606805e-08
Cobalt,"('ecoinvent-3.4-biosphere', 'c58d25ad-30d2-4fac-a857-1fa6f67afe8a')",Co,2.8477181510929282e-11,2.8477181510929282e-11,1.0,1.9447495148453946e-12,1.9447495148453946e-12,dissipation,Linnaeite,1.727272727272727,4.91878589734233e-11,1.727272727272727,3.3591127983693174e-12,0.015088369910128439,0.01508836986094058,0.0455986939380875,2.6945789265606805e-08,2.6945789265606805e-08
Cobalt,"('ecoinvent-3.4-biosphere', '9ce88274-57b6-42ed-a78b-4abef2301865')",Co,2.8111078769274004e-11,2.8111078769274004e-11,1.0,1.9447495148453946e-12,1.9447495148453946e-12,dissipation,Linnaeite,1.727272727272727,4.8555499692382366e-11,1.727272727272727,3.3591127983693174e-12,0.015088369910128439,0.015088369861572939,0.0455986939380875,2.659939057609553e-08,2.659939057609553e-08
Cobalt,"('ecoinvent-3.4-biosphere', '1e904267-caa3-40e6-a3a0-fc104489770b')",Co,2.8111078769274004e-11,2.8111078769274004e-11,1.0,1.9447495148453946e-12,1.9447495148453946e-12,dissipation,Linnaeite,1.727272727272727,4.8555499692382366e-11,1.727272727272727,3.3591127983693174e-12,0.015088369910128439,0.015088369861572939,0.0455986939380875,2.659939057609553e-08,2.659939057609553e-08
Cobalt,"('ecoinvent-3.4-biosphere', '9542444c-7c7a-48e2-bc9c-9c7c34fb7b3e')",Co,2.8111078769274004e-11,2.8111078769274004e-11,1.0,1.9447495148453946e-12,1.9447495148453946e-12,dissipation,Linnaeite,1.727272727272727,4.8555499692382366e-11,1.727272727272727,3.3591127983693174e-12,0.015088369910128439,0.015088369861572939,0.0455986939380875,2.659939057609553e-08,2.659939057609553e-08
Cobalt,"('ecoinvent-3.4-biosphere', '33627701-feca-434d-a192-674a450eaaf7')",Co,2.8111078769274004e-11,2.8111078769274004e-11,1.0,1.9447495148453946e-12,1.9447495148453946e-12,dissipation,Linnaeite,1.727272727272727,4.8555499692382366e-11,1.727272727272727,3.3591127983693174e-12,0.015088369910128439,0.015088369861572939,0.0455986939380875,2.659939057609553e-08,2.659939057609553e-08
Cobalt,"('ecoinvent-3.4-biosphere', 'caf066cf-40ce-47a8-ba4c-969fcd6019c7')",Co,2.8111078769274004e-11,2.8111078769274004e-11,1.0,1.9447495148453946e-12,1.9447495148453946e-12,dissipation,Linnaeite,1.727272727272727,4.8555499692382366e-11,1.727272727272727,3.3591127983693174e-12,0.015088369910128439,0.015088369861572939,0.0455986939380875,2.659939057609553e-08,2.659939057609553e-08
Cobalt,"('ecoinvent-3.4-biosphere', '74eb3f02-09ec-46ce-8ee8-d67d0900136b')",Co,2.8111078769274004e-11,2.8111078769274004e-11,1.0,1.9447495148453946e-12,1.9447495148453946e-12,dissipation,Linnaeite,1.727272727272727,4.8555499692382366e-11,1.727272727272727,3.3591127983693174e-12,0.015088369910128439,0.015088369861572939,0.0455986939380875,2.659939057609553e-08,2.659939057609553e-08
Cobalt,"('ecoinvent-3.4-biosphere', 'f0d1c319-249f-4a89-b0e7-3a5a90a54036')",Co,2.8111078769274004e-11,2.8111078769274004e-11,1.0,1.9447495148453946e-12,1.9447495148453946e-12,dissipation,Linnaeite,1.727272727272727,4.8555499692382366e-11,1.727272727272727,3.3591127983693174e-12,0.015088369910128439,0.015088369861572939,0.0455986939380875,2.659939057609553e-08,2.659939057609553e-08
Cobalt,"('ecoinvent-3.4-biosphere', 'f0e28a62-ddf9-4c93-af81-676a58c3f2d4')",Co,2.8111078769274004e-11,2.8111078769274004e-11,1.0,1.9447495148453946e-12,1.9447495148453946e-12,dissipation,Linnaeite,1.727272727272727,4.8555499692382366e-11,1.727272727272727,3.3591127983693174e-12,0.015088369910128439,0.015088369861572939,0.0455986939380875,2.659939057609553e-08,2.659939057609553e-08
Cobalt,"('ecoinvent-3.4-biosphere', 'd4291dd5-dae8-47fa-bf06-466fcecbc210')",Co,2.8111078769274004e-11,2.8111078769274004e-11,1.0,1.9447495148453946e-12,1.9447495148453946e-12,dissipation,Linnaeite,1.727272727272727,4.8555499692382366e-11,1.727272727272727,3.3591127983693174e-12,0.015088369910128439,0.015088369861572939,0.0455986939380875,2.659939057609553e-08,2.659939057609553e-08
Cobalt,"('ecoinvent-3.4-biosphere', 'ca04300a-8338-4601-ba7c-66c10a4f6322')",Co,2.8111078769274004e-11,2.8111078769274004e-11,1.0,1.9447495148453946e-12,1.9447495148453946e-12,dissipation,Linnaeite,1.727272727272727,4.8555499692382366e-11,1.727272727272727,3.3591127983693174e-12,0.015088369910128439,0.015088369861572939,0.0455986939380875,2.659939057609553e-08,2.659939057609553e-08
Cobalt,"('ecoinvent-3.4-biosphere', '12051b95-831a-49c0-9a70-fbc0e8fb9af9')",Co,2.8111078769274004e-11,2.8111078769274004e-11,1.0,1.9447495148453946e-12,1.9447495148453946e-12,dissipation,Linnaeite,1.727272727272727,4.8555499692382366e-11,1.727272727272727,3.3591127983693174e-12,0.015088369910128439,0.015088369861572939,0.0455986939380875,2.659939057609553e-08,2.659939057609553e-08
Cobalt,"('ecoinvent-3.4-biosphere', '381a22c9-3722-4378-810d-86958f7b6d32')",Co,2.8111078769274004e-11,2.8111078769274004e-11,1.0,1.9447495148453946e-12,1.9447495148453946e-12,dissipation,Linnaeite,1.727272727272727,4.8555499692382366e-11,1.727272727272727,3.3591127983693174e-12,0.015088369910128439,0.015088369861572939,0.0455986939380875,2.659939057609553e-08,2.659939057609553e-08
Cobalt,"('ecoinvent-3.4-biosphere', 'b10faa87-2c1d-4f6e-aa65-9f80b376939a')",Co,2.8111078769274004e-11,2.8111078769274004e-11,1.0,1.9447495148453946e-12,1.9447495148453946e-12,dissipation,Linnaeite,1.727272727272727,4.8555499692382366e-11,1.727272727272727,3.3591127983693174e-12,0.015088369910128439,0.015088369861572939,0.0455986939380875,2.659939057609553e-08,2.659939057609553e-08
Cobalt,"('ecoinvent-3.4-biosphere', 'c58d25ad-30d2-4fac-a857-1fa6f67afe8a')",Co,2.8111078769274004e-11,2.8111078769274004e-11,1.0,1.9447495148453946e-12,1.9447495148453946e-12,dissipation,Linnaeite,1.727272727272727,4.8555499692382366e-11,1.727272727272727,3.3591127983693174e-12,0.015088369910128439,0.015088369861572939,0.0455986939380875,2.659939057609553e-08,2.659939057609553e-08
Lead,"('ecoinvent-3.4-biosphere', 'e9e856c2-868e-435e-8425-8df1c9297cfc')",Pb,2.3684891276595036e-11,2.3684891276595036e-11,1.0,1.1855254708054448e-13,1.1855254708054448e-13,dissipation,Galena,1.1560975609756097,2.7382045036844015e-11,1.1560975609756097,1.370583105272636e-13,0.10515644248728105,0.10515644245989901,0.635111259945265,1.1343872970780595e-10,1.1343872970780595e-10
Lead,"('ecoinvent-3.4-biosphere', '4010918f-7fd0-4925-8fbb-8fd7a44a806c')",Pb,2.3684891276595036e-11,2.3684891276595036e-11,1.0,1.1855254708054448e-13,1.1855254708054448e-13,dissipation,Galena,1.1560975609756097,2.7382045036844015e-11,1.1560975609756097,1.370583105272636e-13,0.10515644248728105,0.10515644245989901,0.635111259945265,1.1343872970780595e-10,1.1343872970780595e-10
Lead,"('ecoinvent-3.4-biosphere', '2718482b-8399-442e-b89a-52fbcc22d2e6')",Pb,2.3684891276595036e-11,2.3684891276595036e-11,1.0,1.1855254708054448e-13,1.1855254708054448e-13,dissipation,Galena,1.1560975609756097,2.7382045036844015e-11,1.1560975609756097,1.370583105272636e-13,0.10515644248728105,0.10515644245989901,0.635111259945265,1.1343872970780595e-10,1.1343872970780595e-10
Lead,"('ecoinvent-3.4-biosphere', '837083ce-41cd-49f3-a849-d79564dac238')",Pb,2.3684891276595036e-11,2.3684891276595036e-11,1.0,1.1855254708054448e-13,1.1855254708054448e-13,dissipation,Galena,1.1560975609756097,2.7382045036844015e-11,1.1560975609756097,1.370583105272636e-13,0.10515644248728105,0.10515644245989901,0.635111259945265,1.1343872970780595e-10,1.1343872970780595e-10
Lead,"('ecoinvent-3.4-biosphere', '8e123669-94d3-41d8-9480-a79211fe7c43')",Pb,2.3684891276595036e-11,2.3684891276595036e-11,1.0,1.1855254708054448e-13,1.1855254708054448e-13,dissipation,Galena,1.1560975609756097,2.7382045036844015e-11,1.1560975609756097,1.370583105272636e-13,0.10515644248728105,0.10515644245989901,0.635111259945265,1.1343872970780595e-10,1.1343872970780595e-10
Lead,"('ecoinvent-3.4-biosphere', '9ee7f4ab-b826-47ae-8623-e138f944b42e')",Pb,2.3684891276595036e-11,2.3684891276595036e-11,1.0,1.1855254708054448e-13,1.1855254708054448e-13,dissipation,Galena,1.1560975609756097,2.7382045036844015e-11,1.1560975609756097,1.370583105272636e-13,0.10515644248728105,0.10515644245989901,0.635111259945265,1.1343872970780595e-10,1.1343872970780595e-10
Lead,"('ecoinvent-3.4-biosphere', '739234c8-5359-48b4-983f-9cb170d68c8d')",Pb,2.3684891276595036e-11,2.3684891276595036e-11,1.0,1.1855254708054448e-13,1.1855254708054448e-13,dissipation,Galena,1.1560975609756097,2.7382045036844015e-11,1.1560975609756097,1.370583105272636e-13,0.10515644248728105,0.10515644245989901,0.635111259945265,1.1343872970780595e-10,1.1343872970780595e-10
Lead,"('ecoinvent-3.4-biosphere', 'b3ebdcc3-c588-4997-95d2-9785b26b34e1')",Pb,2.3684891276595036e-11,2.3684891276595036e-11,1.0,1.1855254708054448e-13,1.1855254708054448e-13,dissipation,Galena,1.1560975609756097,2.7382045036844015e-11,1.1560975609756097,1.370583105272636e-13,0.10515644248728105,0.10515644245989901,0.635111259945265,1.1343872970780595e-10,1.1343872970780595e-10
Lead,"('ecoinvent-3.4-biosphere', '31c4d160-b21e-41b3-b9c1-3d7a72377653')",Pb,2.3684891276595036e-11,2.3684891276595036e-11,1.0,1.1855254708054448e-13,1.1855254708054448e-13,dissipation,Galena,1.1560975609756097,2.7382045036844015e-11,1.1560975609756097,1.370583105272636e-13,0.10515644248728105,0.10515644245989901,0.635111259945265,1.1343872970780595e-10,1.1343872970780595e-10
Lead,"('ecoinvent-3.4-biosphere', 'fe4613d7-1ed8-427d-9b06-c8e8f4f5e1b1')",Pb,2.3684891276595036e-11,2.3684891276595036e-11,1.0,1.1855254708054448e-13,1.1855254708054448e-13,dissipation,Galena,1.1560975609756097,2.7382045036844015e-11,1.1560975609756097,1.370583105272636e-13,0.10515644248728105,0.10515644245989901,0.635111259945265,1.1343872970780595e-10,1.1343872970780595e-10
Lead,"('ecoinvent-3.4-biosphere', '67652827-017f-4856-8d0a-c97bac4c6562')",Pb,2.3684891276595036e-11,2.3684891276595036e-11,1.0,1.1855254708054448e-13,1.1855254708054448e-13,dissipation,Galena,1.1560975609756097,2.7382045036844015e-11,1.1560975609756097,1.370583105272636e-13,0.10515644248728105,0.10515644245989901,0.635111259945265,1.1343872970780595e-10,1.1343872970780595e-10
Lead,"('ecoinvent-3.4-biosphere', 'c864aa15-0abc-41ad-9889-348106e485d8')",Pb,2.3684891276595036e-11,2.3684891276595036e-11,1.0,1.1855254708054448e-13,1.1855254708054448e-13,dissipation,Galena,1.1560975609756097,2.7382045036844015e-11,1.1560975609756097,1.370583105272636e-13,0.10515644248728105,0.10515644245989901,0.635111259945265,1.1343872970780595e-10,1.1343872970780595e-10
Lead,"('ecoinvent-3.4-biosphere', '0ff15165-d761-48c9-9814-2d1dcdd56857')",Pb,2.3684891276595036e-11,2.3684891276595036e-11,1.0,1.1855254708054448e-13,1.1855254708054448e-13,dissipation,Galena,1.1560975609756097,2.7382045036844015e-11,1.1560975609756097,1.370583105272636e-13,0.10515644248728105,0.10515644245989901,0.635111259945265,1.1343872970780595e-10,1.1343872970780595e-10
Lead,"('ecoinvent-3.4-biosphere', '6a903634-c97f-4c49-a7c0-88f0e6ac7a23')",Pb,2.3684891276595036e-11,2.3684891276595036e-11,1.0,1.1855254708054448e-13,1.1855254708054448e-13,dissipation,Galena,1.1560975609756097,2.7382045036844015e-11,1.1560975609756097,1.370583105272636e-13,0.10515644248728105,0.10515644245989901,0.635111259945265,1.1343872970780595e-10,1.1343872970780595e-10
Aluminium,"('ecoinvent-3.4-biosphere', '7880e65c-0321-4295-ba55-3186ad36e489')",Al,2.352467611612602e-11,2.352467611612602e-11,1.0,6.422536676269254e-14,6.422536676269254e-14,dissipation,Bauxite (Gibbsite),2.8930041152263373,6.80569848133193e-11,2.8930041152263373,1.8580425034639034e-13,0.23086450876489972,0.23086450869684275,0.95,4.796143817381787e-09,4.796143817381787e-09
Aluminium,"('ecoinvent-3.4-biosphere', '765546a9-b056-4d27-ad14-2f016511bdcb')",Al,2.352467611612602e-11,2.352467611612602e-11,1.0,6.422536676269254e-14,6.422536676269254e-14,dissipation,Bauxite (Gibbsite),2.8930041152263373,6.80569848133193e-11,2.8930041152263373,1.8580425034639034e-13,0.23086450876489972,0.23086450869684275,0.95,4.796143817381787e-09,4.796143817381787e-09
Aluminium,"('ecoinvent-3.4-biosphere', '6f0b8b7c-3888-4174-b7e3-916d42d678ee')",Al,2.352467611612602e-11,2.352467611612602e-11,1.0,6.422536676269254e-14,6.422536676269254e-14,dissipation,Bauxite (Gibbsite),2.8930041152263373,6.80569848133193e-11,2.8930041152263373,1.8580425034639034e-13,0.23086450876489972,0.23086450869684275,0.95,4.796143817381787e-09,4.796143817381787e-09
Aluminium,"('ecoinvent-3.4-biosphere', '46e63323-cffd-4c46-829b-5f006b50fa9b')",Al,2.352467611612602e-11,2.352467611612602e-11,1.0,6.422536676269254e-14,6.422536676269254e-14,dissipation,Bauxite (Gibbsite),2.8930041152263373,6.80569848133193e-11,2.8930041152263373,1.8580425034639034e-13,0.23086450876489972,0.23086450869684275,0.95,4.796143817381787e-09,4.796143817381787e-09
Aluminium,"('ecoinvent-3.4-biosphere', '01056d4b-f9b0-4dfc-b8d9-8407c8376efb')",Al,2.352467611612602e-11,2.352467611612602e-11,1.0,6.422536676269254e-14,6.422536676269254e-14,dissipation,Bauxite (Gibbsite),2.8930041152263373,6.80569848133193e-11,2.8930041152263373,1.8580425034639034e-13,0.23086450876489972,0.23086450869684275,0.95,4.796143817381787e-09,4.796143817381787e-09
Aluminium,"('ecoinvent-3.4-biosphere', 'd96403bf-902e-4b7a-8ffd-32fe09e4017f')",Al,2.352467611612602e-11,2.352467611612602e-11,1.0,6.422536676269254e-14,6.422536676269254e-14,dissipation,Bauxite (Gibbsite),2.8930041152263373,6.80569848133193e-11,2.8930041152263373,1.8580425034639034e-13,0.23086450876489972,0.23086450869684275,0.95,4.796143817381787e-09,4.796143817381787e-09
Aluminium,"('ecoinvent-3.4-biosphere', '0ace7678-a181-48e8-8728-d912a8b56c57')",Al,2.352467611612602e-11,2.352467611612602e-11,1.0,6.422536676269254e-14,6.422536676269254e-14,dissipation,Bauxite (Gibbsite),2.8930041152263373,6.80569848133193e-11,2.8930041152263373,1.8580425034639034e-13,0.23086450876489972,0.23086450869684275,0.95,4.796143817381787e-09,4.796143817381787e-09
Aluminium,"('ecoinvent-3.4-biosphere', '97e498ec-f323-4ec6-bcc0-d8a4c853bae3')",Al,2.352467611612602e-11,2.352467611612602e-11,1.0,6.422536676269254e-14,6.422536676269254e-14,dissipation,Bauxite (Gibbsite),2.8930041152263373,6.80569848133193e-11,2.8930041152263373,1.8580425034639034e-13,0.23086450876489972,0.23086450869684275,0.95,4.796143817381787e-09,4.796143817381787e-09
Aluminium,"('ecoinvent-3.4-biosphere', '9c3bd678-1b2f-4b95-a245-d5c8a3fe326b')",Al,2.352467611612602e-11,2.352467611612602e-11,1.0,6.422536676269254e-14,6.422536676269254e-14,dissipation,Bauxite (Gibbsite),2.8930041152263373,6.80569848133193e-11,2.8930041152263373,1.8580425034639034e-13,0.23086450876489972,0.23086450869684275,0.95,4.796143817381787e-09,4.796143817381787e-09
Aluminium,"('ecoinvent-3.4-biosphere', '2baa4381-b781-4f5e-90de-508b0fa3fd1f')",Al,2.352467611612602e-11,2.352467611612602e-11,1.0,6.422536676269254e-14,6.422536676269254e-14,dissipation,Bauxite (Gibbsite),2.8930041152263373,6.80569848133193e-11,2.8930041152263373,1.8580425034639034e-13,0.23086450876489972,0.23086450869684275,0.95,4.796143817381787e-09,4.796143817381787e-09
Aluminium,"('ecoinvent-3.4-biosphere', '2e0c9efa-d55c-49db-8be3-0376d5921ff4')",Al,2.352467611612602e-11,2.352467611612602e-11,1.0,6.422536676269254e-14,6.422536676269254e-14,dissipation,Bauxite (Gibbsite),2.8930041152263373,6.80569848133193e-11,2.8930041152263373,1.8580425034639034e-13,0.23086450876489972,0.23086450869684275,0.95,4.796143817381787e-09,4.796143817381787e-09
Aluminium,"('ecoinvent-3.4-biosphere', 'ff65658c-2d39-44a2-b23e-7ec3c644f064')",Al,2.352467611612602e-11,2.352467611612602e-11,1.0,6.422536676269254e-14,6.422536676269254e-14,dissipation,Bauxite (Gibbsite),2.8930041152263373,6.80569848133193e-11,2.8930041152263373,1.8580425034639034e-13,0.23086450876489972,0.23086450869684275,0.95,4.796143817381787e-09,4.796143817381787e-09
Aluminium,"('ecoinvent-3.4-biosphere', 'e0401210-0377-4670-84af-12247ca20bed')",Al,2.352467611612602e-11,2.352467611612602e-11,1.0,6.422536676269254e-14,6.422536676269254e-14,dissipation,Bauxite (Gibbsite),2.8930041152263373,6.80569848133193e-11,2.8930041152263373,1.8580425034639034e-13,0.23086450876489972,0.23086450869684275,0.95,4.796143817381787e-09,4.796143817381787e-09
Aluminium,"('ecoinvent-3.4-biosphere', '39555a26-d28b-425f-993f-e8770ab7d9cf')",Al,2.352467611612602e-11,2.352467611612602e-11,1.0,6.422536676269254e-14,6.422536676269254e-14,dissipation,Bauxite (Gibbsite),2.8930041152263373,6.80569848133193e-11,2.8930041152263373,1.8580425034639034e-13,0.23086450876489972,0.23086450869684275,0.95,4.796143817381787e-09,4.796143817381787e-09
Chromium VI,"('ecoinvent-3.4-biosphere', '7a59e8d5-cd11-4ee7-b1ca-30979d2b0b3a')",Cr,2.3393552049325948e-11,2.3393552049325948e-11,1.0,3.1278613038877847e-13,3.1278613038877847e-13,dissipation,Chromite,2.152027027027027,5.034355626831294e-11,2.152027027027027,6.73124206275851e-13,0.2461272270789205,0.24612722702857695,0.81,1.1267916989555344e-11,1.1267916989555344e-11
Chromium VI,"('ecoinvent-3.4-biosphere', '68ba2022-830e-45fb-8c85-b35e94754ae9')",Cr,2.3393552049325948e-11,2.3393552049325948e-11,1.0,3.1278613038877847e-13,3.1278613038877847e-13,dissipation,Chromite,2.152027027027027,5.034355626831294e-11,2.152027027027027,6.73124206275851e-13,0.2461272270789205,0.24612722702857695,0.81,1.1267916989555344e-11,1.1267916989555344e-11
Chromium VI,"('ecoinvent-3.4-biosphere', '58060894-19d9-4855-84d8-58935a5325f8')",Cr,2.3393552049325948e-11,2.3393552049325948e-11,1.0,3.1278613038877847e-13,3.1278613038877847e-13,dissipation,Chromite,2.152027027027027,5.034355626831294e-11,2.152027027027027,6.73124206275851e-13,0.2461272270789205,0.24612722702857695,0.81,1.1267916989555344e-11,1.1267916989555344e-11
Chromium VI,"('ecoinvent-3.4-biosphere', '81e17d9a-3e0b-414e-9b2e-eca7e5b3bd4a')",Cr,2.3393552049325948e-11,2.3393552049325948e-11,1.0,3.1278613038877847e-13,3.1278613038877847e-13,dissipation,Chromite,2.152027027027027,5.034355626831294e-11,2.152027027027027,6.73124206275851e-13,0.2461272270789205,0.24612722702857695,0.81,1.1267916989555344e-11,1.1267916989555344e-11
Chromium VI,"('ecoinvent-3.4-biosphere', '81b3321a-c9d8-4104-a974-5460f1bc5029')",Cr,2.3393552049325948e-11,2.3393552049325948e-11,1.0,3.1278613038877847e-13,3.1278613038877847e-13,dissipation,Chromite,2.152027027027027,5.034355626831294e-11,2.152027027027027,6.73124206275851e-13,0.2461272270789205,0.24612722702857695,0.81,1.1267916989555344e-11,1.1267916989555344e-11
Chromium VI,"('ecoinvent-3.4-biosphere', 'abbd3b09-a7ec-435a-9d01-34cf8581739e')",Cr,2.3393552049325948e-11,2.3393552049325948e-11,1.0,3.1278613038877847e-13,3.1278613038877847e-13,dissipation,Chromite,2.152027027027027,5.034355626831294e-11,2.152027027027027,6.73124206275851e-13,0.2461272270789205,0.24612722702857695,0.81,1.1267916989555344e-11,1.1267916989555344e-11
Chromium VI,"('ecoinvent-3.4-biosphere', '03b279a7-4626-4703-a451-d0650599dbd9')",Cr,2.3393552049325948e-11,2.3393552049325948e-11,1.0,3.1278613038877847e-13,3.1278613038877847e-13,dissipation,Chromite,2.152027027027027,5.034355626831294e-11,2.152027027027027,6.73124206275851e-13,0.2461272270789205,0.24612722702857695,0.81,1.1267916989555344e-11,1.1267916989555344e-11
Chromium VI,"('ecoinvent-3.4-biosphere', 'a9ec0c9b-982a-4329-99ae-dab1f9fb62d3')",Cr,2.3393552049325948e-11,2.3393552049325948e-11,1.0,3.1278613038877847e-13,3.1278613038877847e-13,dissipation,Chromite,2.152027027027027,5.034355626831294e-11,2.152027027027027,6.73124206275851e-13,0.2461272270789205,0.24612722702857695,0.81,1.1267916989555344e-11,1.1267916989555344e-11
Chromium VI,"('ecoinvent-3.4-biosphere', '8ec83662-7c2b-4452-8acf-95a0bb94233c')",Cr,2.3393552049325948e-11,2.3393552049325948e-11,1.0,3.1278613038877847e-13,3.1278613038877847e-13,dissipation,Chromite,2.152027027027027,5.034355626831294e-11,2.152027027027027,6.73124206275851e-13,0.2461272270789205,0.24612722702857695,0.81,1.1267916989555344e-11,1.1267916989555344e-11
Chromium VI,"('ecoinvent-3.4-biosphere', '9bbae55a-35de-4eff-a219-814a9fec5ac2')",Cr,2.3393552049325948e-11,2.3393552049325948e-11,1.0,3.1278613038877847e-13,3.1278613038877847e-13,dissipation,Chromite,2.152027027027027,5.034355626831294e-11,2.152027027027027,6.73124206275851e-13,0.2461272270789205,0.24612722702857695,0.81,1.1267916989555344e-11,1.1267916989555344e-11
Chromium VI,"('ecoinvent-3.4-biosphere', 'c2e854f9-fe22-4fe7-9083-cf6d0a8c7254')",Cr,2.3393552049325948e-11,2.3393552049325948e-11,1.0,3.1278613038877847e-13,3.1278613038877847e-13,dissipation,Chromite,2.152027027027027,5.034355626831294e-11,2.152027027027027,6.73124206275851e-13,0.2461272270789205,0.24612722702857695,0.81,1.1267916989555344e-11,1.1267916989555344e-11
Chromium VI,"('ecoinvent-3.4-biosphere', 'ef475b50-9cd0-4e7c-9c59-07868fe16e91')",Cr,2.3393552049325948e-11,2.3393552049325948e-11,1.0,3.1278613038877847e-13,3.1278613038877847e-13,dissipation,Chromite,2.152027027027027,5.034355626831294e-11,2.152027027027027,6.73124206275851e-13,0.2461272270789205,0.24612722702857695,0.81,1.1267916989555344e-11,1.1267916989555344e-11
Chromium VI,"('ecoinvent-3.4-biosphere', '01285299-c683-4e15-b654-201987a7a738')",Cr,2.3393552049325948e-11,2.3393552049325948e-11,1.0,3.1278613038877847e-13,3.1278613038877847e-13,dissipation,Chromite,2.152027027027027,5.034355626831294e-11,2.152027027027027,6.73124206275851e-13,0.2461272270789205,0.24612722702857695,0.81,1.1267916989555344e-11,1.1267916989555344e-11
Chromium VI,"('ecoinvent-3.4-biosphere', '8216fc31-15a1-4d33-858f-e09650b14c63')",Cr,2.3393552049325948e-11,2.3393552049325948e-11,1.0,3.1278613038877847e-13,3.1278613038877847e-13,dissipation,Chromite,2.152027027027027,5.034355626831294e-11,2.152027027027027,6.73124206275851e-13,0.2461272270789205,0.24612722702857695,0.81,1.1267916989555344e-11,1.1267916989555344e-11
Glyphosate,"('ecoinvent-3.4-biosphere', '3850d44e-8919-47bc-9c0a-51ccc4ec9d9f')",P,2.2351744105861648e-11,2.2351744105861648e-11,0.1832022239309162,3.1095584453067654e-15,3.1095584453067654e-15,dissipation,Apatite,0.3532544378698225,7.895852799526276e-12,0.06471699863121715,1.0984653206202006e-15,0.44572664377524784,0.445726643767352,0.9,5.700185070576003e-12,5.700185070576003e-12
Glyphosate,"('ecoinvent-3.4-biosphere', 'b4f9a201-2a20-4f41-a572-eabc98c75e1b')",P,2.2351744105861648e-11,2.2351744105861648e-11,0.1832022239309162,3.1095584453067654e-15,3.1095584453067654e-15,dissipation,Apatite,0.3532544378698225,7.895852799526276e-12,0.06471699863121715,1.0984653206202006e-15,0.44572664377524784,0.445726643767352,0.9,5.700185070576003e-12,5.700185070576003e-12
Glyphosate,"('ecoinvent-3.4-biosphere', 'bd02a7ec-dcb5-4609-bc96-cc7a96601ce2')",P,2.2351744105861648e-11,2.2351744105861648e-11,0.1832022239309162,3.1095584453067654e-15,3.1095584453067654e-15,dissipation,Apatite,0.3532544378698225,7.895852799526276e-12,0.06471699863121715,1.0984653206202006e-15,0.44572664377524784,0.445726643767352,0.9,5.700185070576003e-12,5.700185070576003e-12
Glyphosate,"('ecoinvent-3.4-biosphere', 'e157e3dd-88b9-4256-ab2e-ff82e7b8d088')",P,2.2351744105861648e-11,2.2351744105861648e-11,0.1832022239309162,3.1095584453067654e-15,3.1095584453067654e-15,dissipation,Apatite,0.3532544378698225,7.895852799526276e-12,0.06471699863121715,1.0984653206202006e-15,0.44572664377524784,0.445726643767352,0.9,5.700185070576003e-12,5.700185070576003e-12
Glyphosate,"('ecoinvent-3.4-biosphere', '17955b10-4c04-4fff-91e7-cf89ef1a7cca')",P,2.2351744105861648e-11,2.2351744105861648e-11,0.1832022239309162,3.1095584453067654e-15,3.1095584453067654e-15,dissipation,Apatite,0.3532544378698225,7.895852799526276e-12,0.06471699863121715,1.0984653206202006e-15,0.44572664377524784,0.445726643767352,0.9,5.700185070576003e-12,5.700185070576003e-12
Phosphate,"('ecoinvent-3.4-biosphere', '3aaf9017-0d8a-42aa-9a60-cbc39e994e73')",P,2.195831701160321e-11,2.195831701160321e-11,0.3261416642975224,5.53572191877536e-15,5.53572191877536e-15,dissipation,Apatite,0.3532544378698225,7.756872932501253e-12,0.11521099028734964,1.9555183346206452e-15,0.44572664377524784,0.445726643767491,0.9,5.599869978022432e-12,5.599869978022432e-12
Phosphate,"('ecoinvent-3.4-biosphere', '490b267b-f429-4d9a-ac79-224e37fb4d58')",P,2.195831701160321e-11,2.195831701160321e-11,0.3261416642975224,5.53572191877536e-15,5.53572191877536e-15,dissipation,Apatite,0.3532544378698225,7.756872932501253e-12,0.11521099028734964,1.9555183346206452e-15,0.44572664377524784,0.445726643767491,0.9,5.599869978022432e-12,5.599869978022432e-12
Phosphate,"('ecoinvent-3.4-biosphere', 'c8791f3c-3c4a-4278-91c0-483797d14da2')",P,2.195831701160321e-11,2.195831701160321e-11,0.3261416642975224,5.53572191877536e-15,5.53572191877536e-15,dissipation,Apatite,0.3532544378698225,7.756872932501253e-12,0.11521099028734964,1.9555183346206452e-15,0.44572664377524784,0.445726643767491,0.9,5.599869978022432e-12,5.599869978022432e-12
Phosphate,"('ecoinvent-3.4-biosphere', '329fc7d8-4011-4327-84e4-34ff76f0e42d')",P,2.195831701160321e-11,2.195831701160321e-11,0.3261416642975224,5.53572191877536e-15,5.53572191877536e-15,dissipation,Apatite,0.3532544378698225,7.756872932501253e-12,0.11521099028734964,1.9555183346206452e-15,0.44572664377524784,0.445726643767491,0.9,5.599869978022432e-12,5.599869978022432e-12
Phosphate,"('ecoinvent-3.4-biosphere', '1727b41d-377e-43cd-bc01-9eaba946eccb')",P,2.195831701160321e-11,2.195831701160321e-11,0.3261416642975224,5.53572191877536e-15,5.53572191877536e-15,dissipation,Apatite,0.3532544378698225,7.756872932501253e-12,0.11521099028734964,1.9555183346206452e-15,0.44572664377524784,0.445726643767491,0.9,5.599869978022432e-12,5.599869978022432e-12
Chromium VI,"('ecoinvent-3.4-biosphere', '7a59e8d5-cd11-4ee7-b1ca-30979d2b0b3a')",Cr,2.167814817931873e-11,2.167814817931873e-11,1.0,3.1278613038877847e-13,3.1278613038877847e-13,dissipation,Chromite,2.152027027027027,4.665196077779065e-11,2.152027027027027,6.73124206275851e-13,0.2461272270789205,0.24612722703226855,0.81,1.0441673716193909e-11,1.0441673716193909e-11
Chromium VI,"('ecoinvent-3.4-biosphere', '68ba2022-830e-45fb-8c85-b35e94754ae9')",Cr,2.167814817931873e-11,2.167814817931873e-11,1.0,3.1278613038877847e-13,3.1278613038877847e-13,dissipation,Chromite,2.152027027027027,4.665196077779065e-11,2.152027027027027,6.73124206275851e-13,0.2461272270789205,0.24612722703226855,0.81,1.0441673716193909e-11,1.0441673716193909e-11
Chromium VI,"('ecoinvent-3.4-biosphere', '58060894-19d9-4855-84d8-58935a5325f8')",Cr,2.167814817931873e-11,2.167814817931873e-11,1.0,3.1278613038877847e-13,3.1278613038877847e-13,dissipation,Chromite,2.152027027027027,4.665196077779065e-11,2.152027027027027,6.73124206275851e-13,0.2461272270789205,0.24612722703226855,0.81,1.0441673716193909e-11,1.0441673716193909e-11
Chromium VI,"('ecoinvent-3.4-biosphere', '81e17d9a-3e0b-414e-9b2e-eca7e5b3bd4a')",Cr,2.167814817931873e-11,2.167814817931873e-11,1.0,3.1278613038877847e-13,3.1278613038877847e-13,dissipation,Chromite,2.152027027027027,4.665196077779065e-11,2.152027027027027,6.73124206275851e-13,0.2461272270789205,0.24612722703226855,0.81,1.0441673716193909e-11,1.0441673716193909e-11
Chromium VI,"('ecoinvent-3.4-biosphere', '81b3321a-c9d8-4104-a974-5460f1bc5029')",Cr,2.167814817931873e-11,2.167814817931873e-11,1.0,3.1278613038877847e-13,3.1278613038877847e-13,dissipation,Chromite,2.152027027027027,4.665196077779065e-11,2.152027027027027,6.73124206275851e-13,0.2461272270789205,0.24612722703226855,0.81,1.0441673716193909e-11,1.0441673716193909e-11
Chromium VI,"('ecoinvent-3.4-biosphere', 'abbd3b09-a7ec-435a-9d01-34cf8581739e')",Cr,2.167814817931873e-11,2.167814817931873e-11,1.0,3.1278613038877847e-13,3.1278613038877847e-13,dissipation,Chromite,2.152027027027027,4.665196077779065e-11,2.152027027027027,6.73124206275851e-13,0.2461272270789205,0.24612722703226855,0.81,1.0441673716193909e-11,1.0441673716193909e-11
Chromium VI,"('ecoinvent-3.4-biosphere', '03b279a7-4626-4703-a451-d0650599dbd9')",Cr,2.167814817931873e-11,2.167814817931873e-11,1.0,3.1278613038877847e-13,3.1278613038877847e-13,dissipation,Chromite,2.152027027027027,4.665196077779065e-11,2.152027027027027,6.73124206275851e-13,0.2461272270789205,0.24612722703226855,0.81,1.0441673716193909e-11,1.0441673716193909e-11
Chromium VI,"('ecoinvent-3.4-biosphere', 'a9ec0c9b-982a-4329-99ae-dab1f9fb62d3')",Cr,2.167814817931873e-11,2.167814817931873e-11,1.0,3.1278613038877847e-13,3.1278613038877847e-13,dissipation,Chromite,2.152027027027027,4.665196077779065e-11,2.152027027027027,6.73124206275851e-13,0.2461272270789205,0.24612722703226855,0.81,1.0441673716193909e-11,1.0441673716193909e-11
Chromium VI,"('ecoinvent-3.4-biosphere', '8ec83662-7c2b-4452-8acf-95a0bb94233c')",Cr,2.167814817931873e-11,2.167814817931873e-11,1.0,3.1278613038877847e-13,3.1278613038877847e-13,dissipation,Chromite,2.152027027027027,4.665196077779065e-11,2.152027027027027,6.73124206275851e-13,0.2461272270789205,0.24612722703226855,0.81,1.0441673716193909e-11,1.0441673716193909e-11
Chromium VI,"('ecoinvent-3.4-biosphere', '9bbae55a-35de-4eff-a219-814a9fec5ac2')",Cr,2.167814817931873e-11,2.167814817931873e-11,1.0,3.1278613038877847e-13,3.1278613038877847e-13,dissipation,Chromite,2.152027027027027,4.665196077779065e-11,2.152027027027027,6.73124206275851e-13,0.2461272270789205,0.24612722703226855,0.81,1.0441673716193909e-11,1.0441673716193909e-11
Chromium VI,"('ecoinvent-3.4-biosphere', 'c2e854f9-fe22-4fe7-9083-cf6d0a8c7254')",Cr,2.167814817931873e-11,2.167814817931873e-11,1.0,3.1278613038877847e-13,3.1278613038877847e-13,dissipation,Chromite,2.152027027027027,4.665196077779065e-11,2.152027027027027,6.73124206275851e-13,0.2461272270789205,0.24612722703226855,0.81,1.0441673716193909e-11,1.0441673716193909e-11
Chromium VI,"('ecoinvent-3.4-biosphere', 'ef475b50-9cd0-4e7c-9c59-07868fe16e91')",Cr,2.167814817931873e-11,2.167814817931873e-11,1.0,3.1278613038877847e-13,3.1278613038877847e-13,dissipation,Chromite,2.152027027027027,4.665196077779065e-11,2.152027027027027,6.73124206275851e-13,0.2461272270789205,0.24612722703226855,0.81,1.0441673716193909e-11,1.0441673716193909e-11
Chromium VI,"('ecoinvent-3.4-biosphere', '01285299-c683-4e15-b654-201987a7a738')",Cr,2.167814817931873e-11,2.167814817931873e-11,1.0,3.1278613038877847e-13,3.1278613038877847e-13,dissipation,Chromite,2.152027027027027,4.665196077779065e-11,2.152027027027027,6.73124206275851e-13,0.2461272270789205,0.24612722703226855,0.81,1.0441673716193909e-11,1.0441673716193909e-11
Chromium VI,"('ecoinvent-3.4-biosphere', '8216fc31-15a1-4d33-858f-e09650b14c63')",Cr,2.167814817931873e-11,2.167814817931873e-11,1.0,3.1278613038877847e-13,3.1278613038877847e-13,dissipation,Chromite,2.152027027027027,4.665196077779065e-11,2.152027027027027,6.73124206275851e-13,0.2461272270789205,0.24612722703226855,0.81,1.0441673716193909e-11,1.0441673716193909e-11
"Chromium, ion","('ecoinvent-3.4-biosphere', 'e34d3da4-a3d5-41be-84b5-458afe32c990')",Cr,2.1011035761915933e-11,2.1011035761915933e-11,1.0,3.1278613038877847e-13,3.1278613038877847e-13,dissipation,Chromite,2.152027027027027,4.5216316825474494e-11,2.152027027027027,6.73124206275851e-13,0.2461272270789205,0.24612722703370418,0.81,1.0120321437469016e-11,1.0120321437469016e-11
"Chromium, ion","('ecoinvent-3.4-biosphere', '30f484ee-dec4-47ae-8e92-d00d4b93fe05')",Cr,2.1011035761915933e-11,2.1011035761915933e-11,1.0,3.1278613038877847e-13,3.1278613038877847e-13,dissipation,Chromite,2.152027027027027,4.5216316825474494e-11,2.152027027027027,6.73124206275851e-13,0.2461272270789205,0.24612722703370418,0.81,1.0120321437469016e-11,1.0120321437469016e-11
"Chromium, ion","('ecoinvent-3.4-biosphere', '1c87de06-e58f-4684-a54c-d29f1a251a87')",Cr,2.1011035761915933e-11,2.1011035761915933e-11,1.0,3.1278613038877847e-13,3.1278613038877847e-13,dissipation,Chromite,2.152027027027027,4.5216316825474494e-11,2.152027027027027,6.73124206275851e-13,0.2461272270789205,0.24612722703370418,0.81,1.0120321437469016e-11,1.0120321437469016e-11
"Chromium, ion","('ecoinvent-3.4-biosphere', 'd9c23a8d-e7bf-4f70-8d22-b9ad8a653204')",Cr,2.1011035761915933e-11,2.1011035761915933e-11,1.0,3.1278613038877847e-13,3.1278613038877847e-13,dissipation,Chromite,2.152027027027027,4.5216316825474494e-11,2.152027027027027,6.73124206275851e-13,0.2461272270789205,0.24612722703370418,0.81,1.0120321437469016e-11,1.0120321437469016e-11
"Chromium, ion","('ecoinvent-3.4-biosphere', 'd98f0ec0-bf19-4c90-a457-a8593dec497f')",Cr,2.1011035761915933e-11,2.1011035761915933e-11,1.0,3.1278613038877847e-13,3.1278613038877847e-13,dissipation,Chromite,2.152027027027027,4.5216316825474494e-11,2.152027027027027,6.73124206275851e-13,0.2461272270789205,0.24612722703370418,0.81,1.0120321437469016e-11,1.0120321437469016e-11
Manganese,"('ecoinvent-3.4-biosphere', '44f28e11-061d-44fd-8f25-dc62a9f1fa57')",Mn,2.0784240427648767e-11,2.0784240427648767e-11,1.0,6.485008032108113e-14,6.485008032108113e-14,dissipation,Pyrolusite,1.5822784810126582,3.2886456372861974e-11,1.5822784810126582,1.0261088658398912e-13,0.29578603669687803,0.29578603666399156,0.6709603911825677,1.9265454674917236e-11,1.9265454674917236e-11
Manganese,"('ecoinvent-3.4-biosphere', '2460f868-54a9-404c-bec8-c809a44ae72c')",Mn,2.0784240427648767e-11,2.0784240427648767e-11,1.0,6.485008032108113e-14,6.485008032108113e-14,dissipation,Pyrolusite,1.5822784810126582,3.2886456372861974e-11,1.5822784810126582,1.0261088658398912e-13,0.29578603669687803,0.29578603666399156,0.6709603911825677,1.9265454674917236e-11,1.9265454674917236e-11
Manganese,"('ecoinvent-3.4-biosphere', '835d0907-a668-4d92-b6b6-7b56fa343713')",Mn,2.0784240427648767e-11,2.0784240427648767e-11,1.0,6.485008032108113e-14,6.485008032108113e-14,dissipation,Pyrolusite,1.5822784810126582,3.2886456372861974e-11,1.5822784810126582,1.0261088658398912e-13,0.29578603669687803,0.29578603666399156,0.6709603911825677,1.9265454674917236e-11,1.9265454674917236e-11
Manganese,"('ecoinvent-3.4-biosphere', '295060ba-3c3d-45e4-99ca-e17b1204b553')",Mn,2.0784240427648767e-11,2.0784240427648767e-11,1.0,6.485008032108113e-14,6.485008032108113e-14,dissipation,Pyrolusite,1.5822784810126582,3.2886456372861974e-11,1.5822784810126582,1.0261088658398912e-13,0.29578603669687803,0.29578603666399156,0.6709603911825677,1.9265454674917236e-11,1.9265454674917236e-11
Manganese,"('ecoinvent-3.4-biosphere', 'f532985c-90b7-46fc-aac9-b039b40e22f1')",Mn,2.0784240427648767e-11,2.0784240427648767e-11,1.0,6.485008032108113e-14,6.485008032108113e-14,dissipation,Pyrolusite,1.5822784810126582,3.2886456372861974e-11,1.5822784810126582,1.0261088658398912e-13,0.29578603669687803,0.29578603666399156,0.6709603911825677,1.9265454674917236e-11,1.9265454674917236e-11
Manganese,"('ecoinvent-3.4-biosphere', '0af26a55-d357-469f-abad-8ced785cb4fb')",Mn,2.0784240427648767e-11,2.0784240427648767e-11,1.0,6.485008032108113e-14,6.485008032108113e-14,dissipation,Pyrolusite,1.5822784810126582,3.2886456372861974e-11,1.5822784810126582,1.0261088658398912e-13,0.29578603669687803,0.29578603666399156,0.6709603911825677,1.9265454674917236e-11,1.9265454674917236e-11
Manganese,"('ecoinvent-3.4-biosphere', 'b0546417-3064-4878-bd6f-2da75cefdf63')",Mn,2.0784240427648767e-11,2.0784240427648767e-11,1.0,6.485008032108113e-14,6.485008032108113e-14,dissipation,Pyrolusite,1.5822784810126582,3.2886456372861974e-11,1.5822784810126582,1.0261088658398912e-13,0.29578603669687803,0.29578603666399156,0.6709603911825677,1.9265454674917236e-11,1.9265454674917236e-11
Manganese,"('ecoinvent-3.4-biosphere', 'c91fd4bf-ed70-4e2f-a34f-159773f981b6')",Mn,2.0784240427648767e-11,2.0784240427648767e-11,1.0,6.485008032108113e-14,6.485008032108113e-14,dissipation,Pyrolusite,1.5822784810126582,3.2886456372861974e-11,1.5822784810126582,1.0261088658398912e-13,0.29578603669687803,0.29578603666399156,0.6709603911825677,1.9265454674917236e-11,1.9265454674917236e-11
Manganese,"('ecoinvent-3.4-biosphere', '9c706cff-cb82-4207-a589-95896e04dc08')",Mn,2.0784240427648767e-11,2.0784240427648767e-11,1.0,6.485008032108113e-14,6.485008032108113e-14,dissipation,Pyrolusite,1.5822784810126582,3.2886456372861974e-11,1.5822784810126582,1.0261088658398912e-13,0.29578603669687803,0.29578603666399156,0.6709603911825677,1.9265454674917236e-11,1.9265454674917236e-11
Manganese,"('ecoinvent-3.4-biosphere', '009a49e8-09a7-4432-9cb9-f2dd18e8f922')",Mn,2.0784240427648767e-11,2.0784240427648767e-11,1.0,6.485008032108113e-14,6.485008032108113e-14,dissipation,Pyrolusite,1.5822784810126582,3.2886456372861974e-11,1.5822784810126582,1.0261088658398912e-13,0.29578603669687803,0.29578603666399156,0.6709603911825677,1.9265454674917236e-11,1.9265454674917236e-11
Manganese,"('ecoinvent-3.4-biosphere', '6b7fbea6-4a86-40f9-954d-3c9b3611abfd')",Mn,2.0784240427648767e-11,2.0784240427648767e-11,1.0,6.485008032108113e-14,6.485008032108113e-14,dissipation,Pyrolusite,1.5822784810126582,3.2886456372861974e-11,1.5822784810126582,1.0261088658398912e-13,0.29578603669687803,0.29578603666399156,0.6709603911825677,1.9265454674917236e-11,1.9265454674917236e-11
Manganese,"('ecoinvent-3.4-biosphere', '10cbd2f7-c41b-4bb4-b636-d8fc15cf0282')",Mn,2.0784240427648767e-11,2.0784240427648767e-11,1.0,6.485008032108113e-14,6.485008032108113e-14,dissipation,Pyrolusite,1.5822784810126582,3.2886456372861974e-11,1.5822784810126582,1.0261088658398912e-13,0.29578603669687803,0.29578603666399156,0.6709603911825677,1.9265454674917236e-11,1.9265454674917236e-11
Manganese,"('ecoinvent-3.4-biosphere', '42053ffb-9284-49cb-88f9-33ac5c77be4a')",Mn,2.0784240427648767e-11,2.0784240427648767e-11,1.0,6.485008032108113e-14,6.485008032108113e-14,dissipation,Pyrolusite,1.5822784810126582,3.2886456372861974e-11,1.5822784810126582,1.0261088658398912e-13,0.29578603669687803,0.29578603666399156,0.6709603911825677,1.9265454674917236e-11,1.9265454674917236e-11
Manganese,"('ecoinvent-3.4-biosphere', '9ba8c05d-1593-45a5-8d3b-5c4f3e9fef32')",Mn,2.0784240427648767e-11,2.0784240427648767e-11,1.0,6.485008032108113e-14,6.485008032108113e-14,dissipation,Pyrolusite,1.5822784810126582,3.2886456372861974e-11,1.5822784810126582,1.0261088658398912e-13,0.29578603669687803,0.29578603666399156,0.6709603911825677,1.9265454674917236e-11,1.9265454674917236e-11
Iron,"('ecoinvent-3.4-biosphere', '76152de4-9499-48f7-af98-a5d41842484a')",Fe,1.867962331320013e-11,1.867962331320013e-11,1.0,9.645225823667623e-15,9.645225823667623e-15,dissipation,Hematite,1.0,1.867962331320013e-11,1.0,9.645225823667623e-15,0.4660557498197291,0.46605574980104947,0.95,2.963948655034347e-11,2.963948655034347e-11
Iron,"('ecoinvent-3.4-biosphere', 'e3043a7f-5347-4c7b-89ee-93f11b2f6d9b')",Fe,1.867962331320013e-11,1.867962331320013e-11,1.0,9.645225823667623e-15,9.645225823667623e-15,dissipation,Hematite,1.0,1.867962331320013e-11,1.0,9.645225823667623e-15,0.4660557498197291,0.46605574980104947,0.95,2.963948655034347e-11,2.963948655034347e-11
Iron,"('ecoinvent-3.4-biosphere', '0dc0bbb0-1141-4dff-b6a2-8bd5368e14af')",Fe,1.867962331320013e-11,1.867962331320013e-11,1.0,9.645225823667623e-15,9.645225823667623e-15,dissipation,Hematite,1.0,1.867962331320013e-11,1.0,9.645225823667623e-15,0.4660557498197291,0.46605574980104947,0.95,2.963948655034347e-11,2.963948655034347e-11
Iron,"('ecoinvent-3.4-biosphere', '98693cdf-d9fc-43ed-bfe6-78dfe5742d33')",Fe,1.867962331320013e-11,1.867962331320013e-11,1.0,9.645225823667623e-15,9.645225823667623e-15,dissipation,Hematite,1.0,1.867962331320013e-11,1.0,9.645225823667623e-15,0.4660557498197291,0.46605574980104947,0.95,2.963948655034347e-11,2.963948655034347e-11
Iron,"('ecoinvent-3.4-biosphere', 'ce567bdc-76ec-4ca0-be79-8bb796e448b3')",Fe,1.867962331320013e-11,1.867962331320013e-11,1.0,9.645225823667623e-15,9.645225823667623e-15,dissipation,Hematite,1.0,1.867962331320013e-11,1.0,9.645225823667623e-15,0.4660557498197291,0.46605574980104947,0.95,2.963948655034347e-11,2.963948655034347e-11
Iron,"('ecoinvent-3.4-biosphere', 'e8bd2edd-f937-49f6-9e8b-9f445278775e')",Fe,1.867962331320013e-11,1.867962331320013e-11,1.0,9.645225823667623e-15,9.645225823667623e-15,dissipation,Hematite,1.0,1.867962331320013e-11,1.0,9.645225823667623e-15,0.4660557498197291,0.46605574980104947,0.95,2.963948655034347e-11,2.963948655034347e-11
Iron,"('ecoinvent-3.4-biosphere', '32cd0492-c0cb-4898-a2b1-675eedc5b688')",Fe,1.867962331320013e-11,1.867962331320013e-11,1.0,9.645225823667623e-15,9.645225823667623e-15,dissipation,Hematite,1.0,1.867962331320013e-11,1.0,9.645225823667623e-15,0.4660557498197291,0.46605574980104947,0.95,2.963948655034347e-11,2.963948655034347e-11
Iron,"('ecoinvent-3.4-biosphere', 'c983ad54-12e9-47a5-b747-5e5c448e58e2')",Fe,1.867962331320013e-11,1.867962331320013e-11,1.0,9.645225823667623e-15,9.645225823667623e-15,dissipation,Hematite,1.0,1.867962331320013e-11,1.0,9.645225823667623e-15,0.4660557498197291,0.46605574980104947,0.95,2.963948655034347e-11,2.963948655034347e-11
Iron,"('ecoinvent-3.4-biosphere', '8dba66e2-0f2e-4038-84ef-1e40b4f573a6')",Fe,1.867962331320013e-11,1.867962331320013e-11,1.0,9.645225823667623e-15,9.645225823667623e-15,dissipation,Hematite,1.0,1.867962331320013e-11,1.0,9.645225823667623e-15,0.4660557498197291,0.46605574980104947,0.95,2.963948655034347e-11,2.963948655034347e-11
Iron,"('ecoinvent-3.4-biosphere', 'db364689-e1a3-4629-8835-e6c59d6daf09')",Fe,1.867962331320013e-11,1.867962331320013e-11,1.0,9.645225823667623e-15,9.645225823667623e-15,dissipation,Hematite,1.0,1.867962331320013e-11,1.0,9.645225823667623e-15,0.4660557498197291,0.46605574980104947,0.95,2.963948655034347e-11,2.963948655034347e-11
Chromium VI,"('ecoinvent-3.4-biosphere', '7a59e8d5-cd11-4ee7-b1ca-30979d2b0b3a')",Cr,1.844658297187145e-11,1.844658297187145e-11,1.0,3.1278613038877847e-13,3.1278613038877847e-13,dissipation,Chromite,2.152027027027027,3.9697545111763895e-11,2.152027027027027,6.73124206275851e-13,0.2461272270789205,0.24612722703922296,0.81,8.885137784530035e-12,8.885137784530035e-12
Chromium VI,"('ecoinvent-3.4-biosphere', '68ba2022-830e-45fb-8c85-b35e94754ae9')",Cr,1.844658297187145e-11,1.844658297187145e-11,1.0,3.1278613038877847e-13,3.1278613038877847e-13,dissipation,Chromite,2.152027027027027,3.9697545111763895e-11,2.152027027027027,6.73124206275851e-13,0.2461272270789205,0.24612722703922296,0.81,8.885137784530035e-12,8.885137784530035e-12
Chromium VI,"('ecoinvent-3.4-biosphere', '58060894-19d9-4855-84d8-58935a5325f8')",Cr,1.844658297187145e-11,1.844658297187145e-11,1.0,3.1278613038877847e-13,3.1278613038877847e-13,dissipation,Chromite,2.152027027027027,3.9697545111763895e-11,2.152027027027027,6.73124206275851e-13,0.2461272270789205,0.24612722703922296,0.81,8.885137784530035e-12,8.885137784530035e-12
Chromium VI,"('ecoinvent-3.4-biosphere', '81e17d9a-3e0b-414e-9b2e-eca7e5b3bd4a')",Cr,1.844658297187145e-11,1.844658297187145e-11,1.0,3.1278613038877847e-13,3.1278613038877847e-13,dissipation,Chromite,2.152027027027027,3.9697545111763895e-11,2.152027027027027,6.73124206275851e-13,0.2461272270789205,0.24612722703922296,0.81,8.885137784530035e-12,8.885137784530035e-12
Chromium VI,"('ecoinvent-3.4-biosphere', '81b3321a-c9d8-4104-a974-5460f1bc5029')",Cr,1.844658297187145e-11,1.844658297187145e-11,1.0,3.1278613038877847e-13,3.1278613038877847e-13,dissipation,Chromite,2.152027027027027,3.9697545111763895e-11,2.152027027027027,6.73124206275851e-13,0.2461272270789205,0.24612722703922296,0.81,8.885137784530035e-12,8.885137784530035e-12
Chromium VI,"('ecoinvent-3.4-biosphere', 'abbd3b09-a7ec-435a-9d01-34cf8581739e')",Cr,1.844658297187145e-11,1.844658297187145e-11,1.0,3.1278613038877847e-13,3.1278613038877847e-13,dissipation,Chromite,2.152027027027027,3.9697545111763895e-11,2.152027027027027,6.73124206275851e-13,0.2461272270789205,0.24612722703922296,0.81,8.885137784530035e-12,8.885137784530035e-12
Chromium VI,"('ecoinvent-3.4-biosphere', '03b279a7-4626-4703-a451-d0650599dbd9')",Cr,1.844658297187145e-11,1.844658297187145e-11,1.0,3.1278613038877847e-13,3.1278613038877847e-13,dissipation,Chromite,2.152027027027027,3.9697545111763895e-11,2.152027027027027,6.73124206275851e-13,0.2461272270789205,0.24612722703922296,0.81,8.885137784530035e-12,8.885137784530035e-12
Chromium VI,"('ecoinvent-3.4-biosphere', 'a9ec0c9b-982a-4329-99ae-dab1f9fb62d3')",Cr,1.844658297187145e-11,1.844658297187145e-11,1.0,3.1278613038877847e-13,3.1278613038877847e-13,dissipation,Chromite,2.152027027027027,3.9697545111763895e-11,2.152027027027027,6.73124206275851e-13,0.2461272270789205,0.24612722703922296,0.81,8.885137784530035e-12,8.885137784530035e-12
Chromium VI,"('ecoinvent-3.4-biosphere', '8ec83662-7c2b-4452-8acf-95a0bb94233c')",Cr,1.844658297187145e-11,1.844658297187145e-11,1.0,3.1278613038877847e-13,3.1278613038877847e-13,dissipation,Chromite,2.152027027027027,3.9697545111763895e-11,2.152027027027027,6.73124206275851e-13,0.2461272270789205,0.24612722703922296,0.81,8.885137784530035e-12,8.885137784530035e-12
Chromium VI,"('ecoinvent-3.4-biosphere', '9bbae55a-35de-4eff-a219-814a9fec5ac2')",Cr,1.844658297187145e-11,1.844658297187145e-11,1.0,3.1278613038877847e-13,3.1278613038877847e-13,dissipation,Chromite,2.152027027027027,3.9697545111763895e-11,2.152027027027027,6.73124206275851e-13,0.2461272270789205,0.24612722703922296,0.81,8.885137784530035e-12,8.885137784530035e-12
Chromium VI,"('ecoinvent-3.4-biosphere', 'c2e854f9-fe22-4fe7-9083-cf6d0a8c7254')",Cr,1.844658297187145e-11,1.844658297187145e-11,1.0,3.1278613038877847e-13,3.1278613038877847e-13,dissipation,Chromite,2.152027027027027,3.9697545111763895e-11,2.152027027027027,6.73124206275851e-13,0.2461272270789205,0.24612722703922296,0.81,8.885137784530035e-12,8.885137784530035e-12
Chromium VI,"('ecoinvent-3.4-biosphere', 'ef475b50-9cd0-4e7c-9c59-07868fe16e91')",Cr,1.844658297187145e-11,1.844658297187145e-11,1.0,3.1278613038877847e-13,3.1278613038877847e-13,dissipation,Chromite,2.152027027027027,3.9697545111763895e-11,2.152027027027027,6.73124206275851e-13,0.2461272270789205,0.24612722703922296,0.81,8.885137784530035e-12,8.885137784530035e-12
Chromium VI,"('ecoinvent-3.4-biosphere', '01285299-c683-4e15-b654-201987a7a738')",Cr,1.844658297187145e-11,1.844658297187145e-11,1.0,3.1278613038877847e-13,3.1278613038877847e-13,dissipation,Chromite,2.152027027027027,3.9697545111763895e-11,2.152027027027027,6.73124206275851e-13,0.2461272270789205,0.24612722703922296,0.81,8.885137784530035e-12,8.885137784530035e-12
Chromium VI,"('ecoinvent-3.4-biosphere', '8216fc31-15a1-4d33-858f-e09650b14c63')",Cr,1.844658297187145e-11,1.844658297187145e-11,1.0,3.1278613038877847e-13,3.1278613038877847e-13,dissipation,Chromite,2.152027027027027,3.9697545111763895e-11,2.152027027027027,6.73124206275851e-13,0.2461272270789205,0.24612722703922296,0.81,8.885137784530035e-12,8.885137784530035e-12
Nickel,"('ecoinvent-3.4-biosphere', '56815b4f-6138-4e0b-9fac-c94fd6b102b3')",Ni,1.7893001865688157e-11,1.7893001865688157e-11,1.0,9.066741688482605e-14,9.066741688482605e-14,dissipation,Pentlandite(sulphides) / Garnierite(laterites),2.9342028985507245,5.250169793807571e-11,2.9342028985507245,2.660365974275635e-13,0.010558917414268303,0.010558917361766606,0.0803628113054402,4.162385215934506e-09,4.162385215934506e-09
Nickel,"('ecoinvent-3.4-biosphere', 'e43a270f-4f88-4789-a0b8-7aba56677743')",Ni,1.7893001865688157e-11,1.7893001865688157e-11,1.0,9.066741688482605e-14,9.066741688482605e-14,dissipation,Pentlandite(sulphides) / Garnierite(laterites),2.9342028985507245,5.250169793807571e-11,2.9342028985507245,2.660365974275635e-13,0.010558917414268303,0.010558917361766606,0.0803628113054402,4.162385215934506e-09,4.162385215934506e-09
Nickel,"('ecoinvent-3.4-biosphere', 'a72a45ee-395a-4d25-b893-9d183e43e76e')",Ni,1.7893001865688157e-11,1.7893001865688157e-11,1.0,9.066741688482605e-14,9.066741688482605e-14,dissipation,Pentlandite(sulphides) / Garnierite(laterites),2.9342028985507245,5.250169793807571e-11,2.9342028985507245,2.660365974275635e-13,0.010558917414268303,0.010558917361766606,0.0803628113054402,4.162385215934506e-09,4.162385215934506e-09
Nickel,"('ecoinvent-3.4-biosphere', 'e8fc62ba-678e-4706-97d2-b79d83e227d5')",Ni,1.7893001865688157e-11,1.7893001865688157e-11,1.0,9.066741688482605e-14,9.066741688482605e-14,dissipation,Pentlandite(sulphides) / Garnierite(laterites),2.9342028985507245,5.250169793807571e-11,2.9342028985507245,2.660365974275635e-13,0.010558917414268303,0.010558917361766606,0.0803628113054402,4.162385215934506e-09,4.162385215934506e-09
Nickel,"('ecoinvent-3.4-biosphere', '5de1943f-b011-45a0-97d4-ed15eea6a382')",Ni,1.7893001865688157e-11,1.7893001865688157e-11,1.0,9.066741688482605e-14,9.066741688482605e-14,dissipation,Pentlandite(sulphides) / Garnierite(laterites),2.9342028985507245,5.250169793807571e-11,2.9342028985507245,2.660365974275635e-13,0.010558917414268303,0.010558917361766606,0.0803628113054402,4.162385215934506e-09,4.162385215934506e-09
Nickel,"('ecoinvent-3.4-biosphere', 'b4580545-243d-48d2-a3a0-2633a4f46fb1')",Ni,1.7893001865688157e-11,1.7893001865688157e-11,1.0,9.066741688482605e-14,9.066741688482605e-14,dissipation,Pentlandite(sulphides) / Garnierite(laterites),2.9342028985507245,5.250169793807571e-11,2.9342028985507245,2.660365974275635e-13,0.010558917414268303,0.010558917361766606,0.0803628113054402,4.162385215934506e-09,4.162385215934506e-09
Nickel,"('ecoinvent-3.4-biosphere', 'c89873de-cd23-4323-a948-f5cfeebd2fc9')",Ni,1.7893001865688157e-11,1.7893001865688157e-11,1.0,9.066741688482605e-14,9.066741688482605e-14,dissipation,Pentlandite(sulphides) / Garnierite(laterites),2.9342028985507245,5.250169793807571e-11,2.9342028985507245,2.660365974275635e-13,0.010558917414268303,0.010558917361766606,0.0803628113054402,4.162385215934506e-09,4.162385215934506e-09
Nickel,"('ecoinvent-3.4-biosphere', '2bcad3b3-5305-481c-a166-ad5e6eac2675')",Ni,1.7893001865688157e-11,1.7893001865688157e-11,1.0,9.066741688482605e-14,9.066741688482605e-14,dissipation,Pentlandite(sulphides) / Garnierite(laterites),2.9342028985507245,5.250169793807571e-11,2.9342028985507245,2.660365974275635e-13,0.010558917414268303,0.010558917361766606,0.0803628113054402,4.162385215934506e-09,4.162385215934506e-09
Nickel,"('ecoinvent-3.4-biosphere', '0545c382-2312-43b6-9ec3-63dbb1438565')",Ni,1.7893001865688157e-11,1.7893001865688157e-11,1.0,9.066741688482605e-14,9.066741688482605e-14,dissipation,Pentlandite(sulphides) / Garnierite(laterites),2.9342028985507245,5.250169793807571e-11,2.9342028985507245,2.660365974275635e-13,0.010558917414268303,0.010558917361766606,0.0803628113054402,4.162385215934506e-09,4.162385215934506e-09
Nickel,"('ecoinvent-3.4-biosphere', 'a5506f4b-113f-4713-95c3-c819dde6e48b')",Ni,1.7893001865688157e-11,1.7893001865688157e-11,1.0,9.066741688482605e-14,9.066741688482605e-14,dissipation,Pentlandite(sulphides) / Garnierite(laterites),2.9342028985507245,5.250169793807571e-11,2.9342028985507245,2.660365974275635e-13,0.010558917414268303,0.010558917361766606,0.0803628113054402,4.162385215934506e-09,4.162385215934506e-09
Copper,"('ecoinvent-3.4-biosphere', '88cde01c-df69-40bb-9b14-6eac71bea5b8')",Cu,1.7425984742406943e-11,1.7425984742406943e-11,1.0,1.231243333335009e-14,1.231243333335009e-14,dissipation,Chalcopyrite,2.8793103448275863,5.017481813761999e-11,2.8793103448275863,3.545131666671491e-14,0.01286923124177145,0.012869231191596633,0.8086409056778144,2.9215393428321582e-08,2.9215393428321582e-08
Copper,"('ecoinvent-3.4-biosphere', '0a5e8a67-f9ae-48b3-bfa7-e9d37c30a191')",Cu,1.7425984742406943e-11,1.7425984742406943e-11,1.0,1.231243333335009e-14,1.231243333335009e-14,dissipation,Chalcopyrite,2.8793103448275863,5.017481813761999e-11,2.8793103448275863,3.545131666671491e-14,0.01286923124177145,0.012869231191596633,0.8086409056778144,2.9215393428321582e-08,2.9215393428321582e-08
Copper,"('ecoinvent-3.4-biosphere', '237ca6bc-2f0a-4416-a0e3-bd512f038f2e')",Cu,1.7425984742406943e-11,1.7425984742406943e-11,1.0,1.231243333335009e-14,1.231243333335009e-14,dissipation,Chalcopyrite,2.8793103448275863,5.017481813761999e-11,2.8793103448275863,3.545131666671491e-14,0.01286923124177145,0.012869231191596633,0.8086409056778144,2.9215393428321582e-08,2.9215393428321582e-08
Copper,"('ecoinvent-3.4-biosphere', '7e66a41c-d311-4949-bdd8-eef09cdcfa47')",Cu,1.7425984742406943e-11,1.7425984742406943e-11,1.0,1.231243333335009e-14,1.231243333335009e-14,dissipation,Chalcopyrite,2.8793103448275863,5.017481813761999e-11,2.8793103448275863,3.545131666671491e-14,0.01286923124177145,0.012869231191596633,0.8086409056778144,2.9215393428321582e-08,2.9215393428321582e-08
Copper,"('ecoinvent-3.4-biosphere', 'fd153f15-1d16-410a-91fa-04d205e36c43')",Cu,1.7425984742406943e-11,1.7425984742406943e-11,1.0,1.231243333335009e-14,1.231243333335009e-14,dissipation,Chalcopyrite,2.8793103448275863,5.017481813761999e-11,2.8793103448275863,3.545131666671491e-14,0.01286923124177145,0.012869231191596633,0.8086409056778144,2.9215393428321582e-08,2.9215393428321582e-08
Copper,"('ecoinvent-3.4-biosphere', '44d3e792-7c9e-48ab-9de9-acfa2e097f26')",Cu,1.7425984742406943e-11,1.7425984742406943e-11,1.0,1.231243333335009e-14,1.231243333335009e-14,dissipation,Chalcopyrite,2.8793103448275863,5.017481813761999e-11,2.8793103448275863,3.545131666671491e-14,0.01286923124177145,0.012869231191596633,0.8086409056778144,2.9215393428321582e-08,2.9215393428321582e-08
Copper,"('ecoinvent-3.4-biosphere', '3573a5af-88f8-4f74-ade7-cd269cbc4e66')",Cu,1.7425984742406943e-11,1.7425984742406943e-11,1.0,1.231243333335009e-14,1.231243333335009e-14,dissipation,Chalcopyrite,2.8793103448275863,5.017481813761999e-11,2.8793103448275863,3.545131666671491e-14,0.01286923124177145,0.012869231191596633,0.8086409056778144,2.9215393428321582e-08,2.9215393428321582e-08
Copper,"('ecoinvent-3.4-biosphere', 'ec8144d6-d123-43b1-9c17-a295422a0498')",Cu,1.7425984742406943e-11,1.7425984742406943e-11,1.0,1.231243333335009e-14,1.231243333335009e-14,dissipation,Chalcopyrite,2.8793103448275863,5.017481813761999e-11,2.8793103448275863,3.545131666671491e-14,0.01286923124177145,0.012869231191596633,0.8086409056778144,2.9215393428321582e-08,2.9215393428321582e-08
Copper,"('ecoinvent-3.4-biosphere', 'e336eee7-148a-4d1c-8027-780cbfafa12b')",Cu,1.7425984742406943e-11,1.7425984742406943e-11,1.0,1.231243333335009e-14,1.231243333335009e-14,dissipation,Chalcopyrite,2.8793103448275863,5.017481813761999e-11,2.8793103448275863,3.545131666671491e-14,0.01286923124177145,0.012869231191596633,0.8086409056778144,2.9215393428321582e-08,2.9215393428321582e-08
Aluminium,"('ecoinvent-3.4-biosphere', '7880e65c-0321-4295-ba55-3186ad36e489')",Al,1.5380255700662373e-11,1.5380255700662373e-11,1.0,6.422536676269254e-14,6.422536676269254e-14,dissipation,Bauxite (Gibbsite),2.8930041152263373,4.449514303524958e-11,2.8930041152263373,1.8580425034639034e-13,0.23086450876489972,0.2308645087204046,0.95,3.135684252306715e-09,3.135684252306715e-09
Aluminium,"('ecoinvent-3.4-biosphere', '765546a9-b056-4d27-ad14-2f016511bdcb')",Al,1.5380255700662373e-11,1.5380255700662373e-11,1.0,6.422536676269254e-14,6.422536676269254e-14,dissipation,Bauxite (Gibbsite),2.8930041152263373,4.449514303524958e-11,2.8930041152263373,1.8580425034639034e-13,0.23086450876489972,0.2308645087204046,0.95,3.135684252306715e-09,3.135684252306715e-09
Aluminium,"('ecoinvent-3.4-biosphere', '6f0b8b7c-3888-4174-b7e3-916d42d678ee')",Al,1.5380255700662373e-11,1.5380255700662373e-11,1.0,6.422536676269254e-14,6.422536676269254e-14,dissipation,Bauxite (Gibbsite),2.8930041152263373,4.449514303524958e-11,2.8930041152263373,1.8580425034639034e-13,0.23086450876489972,0.2308645087204046,0.95,3.135684252306715e-09,3.135684252306715e-09
Aluminium,"('ecoinvent-3.4-biosphere', '46e63323-cffd-4c46-829b-5f006b50fa9b')",Al,1.5380255700662373e-11,1.5380255700662373e-11,1.0,6.422536676269254e-14,6.422536676269254e-14,dissipation,Bauxite (Gibbsite),2.8930041152263373,4.449514303524958e-11,2.8930041152263373,1.8580425034639034e-13,0.23086450876489972,0.2308645087204046,0.95,3.135684252306715e-09,3.135684252306715e-09
Aluminium,"('ecoinvent-3.4-biosphere', '01056d4b-f9b0-4dfc-b8d9-8407c8376efb')",Al,1.5380255700662373e-11,1.5380255700662373e-11,1.0,6.422536676269254e-14,6.422536676269254e-14,dissipation,Bauxite (Gibbsite),2.8930041152263373,4.449514303524958e-11,2.8930041152263373,1.8580425034639034e-13,0.23086450876489972,0.2308645087204046,0.95,3.135684252306715e-09,3.135684252306715e-09
Aluminium,"('ecoinvent-3.4-biosphere', 'd96403bf-902e-4b7a-8ffd-32fe09e4017f')",Al,1.5380255700662373e-11,1.5380255700662373e-11,1.0,6.422536676269254e-14,6.422536676269254e-14,dissipation,Bauxite (Gibbsite),2.8930041152263373,4.449514303524958e-11,2.8930041152263373,1.8580425034639034e-13,0.23086450876489972,0.2308645087204046,0.95,3.135684252306715e-09,3.135684252306715e-09
Aluminium,"('ecoinvent-3.4-biosphere', '0ace7678-a181-48e8-8728-d912a8b56c57')",Al,1.5380255700662373e-11,1.5380255700662373e-11,1.0,6.422536676269254e-14,6.422536676269254e-14,dissipation,Bauxite (Gibbsite),2.8930041152263373,4.449514303524958e-11,2.8930041152263373,1.8580425034639034e-13,0.23086450876489972,0.2308645087204046,0.95,3.135684252306715e-09,3.135684252306715e-09
Aluminium,"('ecoinvent-3.4-biosphere', '97e498ec-f323-4ec6-bcc0-d8a4c853bae3')",Al,1.5380255700662373e-11,1.5380255700662373e-11,1.0,6.422536676269254e-14,6.422536676269254e-14,dissipation,Bauxite (Gibbsite),2.8930041152263373,4.449514303524958e-11,2.8930041152263373,1.8580425034639034e-13,0.23086450876489972,0.2308645087204046,0.95,3.135684252306715e-09,3.135684252306715e-09
Aluminium,"('ecoinvent-3.4-biosphere', '9c3bd678-1b2f-4b95-a245-d5c8a3fe326b')",Al,1.5380255700662373e-11,1.5380255700662373e-11,1.0,6.422536676269254e-14,6.422536676269254e-14,dissipation,Bauxite (Gibbsite),2.8930041152263373,4.449514303524958e-11,2.8930041152263373,1.8580425034639034e-13,0.23086450876489972,0.2308645087204046,0.95,3.135684252306715e-09,3.135684252306715e-09
Aluminium,"('ecoinvent-3.4-biosphere', '2baa4381-b781-4f5e-90de-508b0fa3fd1f')",Al,1.5380255700662373e-11,1.5380255700662373e-11,1.0,6.422536676269254e-14,6.422536676269254e-14,dissipation,Bauxite (Gibbsite),2.8930041152263373,4.449514303524958e-11,2.8930041152263373,1.8580425034639034e-13,0.23086450876489972,0.2308645087204046,0.95,3.135684252306715e-09,3.135684252306715e-09
Aluminium,"('ecoinvent-3.4-biosphere', '2e0c9efa-d55c-49db-8be3-0376d5921ff4')",Al,1.5380255700662373e-11,1.5380255700662373e-11,1.0,6.422536676269254e-14,6.422536676269254e-14,dissipation,Bauxite (Gibbsite),2.8930041152263373,4.449514303524958e-11,2.8930041152263373,1.8580425034639034e-13,0.23086450876489972,0.2308645087204046,0.95,3.135684252306715e-09,3.135684252306715e-09
Aluminium,"('ecoinvent-3.4-biosphere', 'ff65658c-2d39-44a2-b23e-7ec3c644f064')",Al,1.5380255700662373e-11,1.5380255700662373e-11,1.0,6.422536676269254e-14,6.422536676269254e-14,dissipation,Bauxite (Gibbsite),2.8930041152263373,4.449514303524958e-11,2.8930041152263373,1.8580425034639034e-13,0.23086450876489972,0.2308645087204046,0.95,3.135684252306715e-09,3.135684252306715e-09
Aluminium,"('ecoinvent-3.4-biosphere', 'e0401210-0377-4670-84af-12247ca20bed')",Al,1.5380255700662373e-11,1.5380255700662373e-11,1.0,6.422536676269254e-14,6.422536676269254e-14,dissipation,Bauxite (Gibbsite),2.8930041152263373,4.449514303524958e-11,2.8930041152263373,1.8580425034639034e-13,0.23086450876489972,0.2308645087204046,0.95,3.135684252306715e-09,3.135684252306715e-09
Aluminium,"('ecoinvent-3.4-biosphere', '39555a26-d28b-425f-993f-e8770ab7d9cf')",Al,1.5380255700662373e-11,1.5380255700662373e-11,1.0,6.422536676269254e-14,6.422536676269254e-14,dissipation,Bauxite (Gibbsite),2.8930041152263373,4.449514303524958e-11,2.8930041152263373,1.8580425034639034e-13,0.23086450876489972,0.2308645087204046,0.95,3.135684252306715e-09,3.135684252306715e-09
Cobalt,"('ecoinvent-3.4-biosphere', '9ce88274-57b6-42ed-a78b-4abef2301865')",Co,1.4963422258383853e-11,1.4963422258383853e-11,1.0,1.9447495148453946e-12,1.9447495148453946e-12,dissipation,Linnaeite,1.727272727272727,2.5845911173572104e-11,1.727272727272727,3.3591127983693174e-12,0.015088369910128439,0.015088369884282528,0.0455986939380875,1.4158763014319011e-08,1.4158763014319011e-08
Cobalt,"('ecoinvent-3.4-biosphere', '1e904267-caa3-40e6-a3a0-fc104489770b')",Co,1.4963422258383853e-11,1.4963422258383853e-11,1.0,1.9447495148453946e-12,1.9447495148453946e-12,dissipation,Linnaeite,1.727272727272727,2.5845911173572104e-11,1.727272727272727,3.3591127983693174e-12,0.015088369910128439,0.015088369884282528,0.0455986939380875,1.4158763014319011e-08,1.4158763014319011e-08
Cobalt,"('ecoinvent-3.4-biosphere', '9542444c-7c7a-48e2-bc9c-9c7c34fb7b3e')",Co,1.4963422258383853e-11,1.4963422258383853e-11,1.0,1.9447495148453946e-12,1.9447495148453946e-12,dissipation,Linnaeite,1.727272727272727,2.5845911173572104e-11,1.727272727272727,3.3591127983693174e-12,0.015088369910128439,0.015088369884282528,0.0455986939380875,1.4158763014319011e-08,1.4158763014319011e-08
Cobalt,"('ecoinvent-3.4-biosphere', '33627701-feca-434d-a192-674a450eaaf7')",Co,1.4963422258383853e-11,1.4963422258383853e-11,1.0,1.9447495148453946e-12,1.9447495148453946e-12,dissipation,Linnaeite,1.727272727272727,2.5845911173572104e-11,1.727272727272727,3.3591127983693174e-12,0.015088369910128439,0.015088369884282528,0.0455986939380875,1.4158763014319011e-08,1.4158763014319011e-08
Cobalt,"('ecoinvent-3.4-biosphere', 'caf066cf-40ce-47a8-ba4c-969fcd6019c7')",Co,1.4963422258383853e-11,1.4963422258383853e-11,1.0,1.9447495148453946e-12,1.9447495148453946e-12,dissipation,Linnaeite,1.727272727272727,2.5845911173572104e-11,1.727272727272727,3.3591127983693174e-12,0.015088369910128439,0.015088369884282528,0.0455986939380875,1.4158763014319011e-08,1.4158763014319011e-08
Cobalt,"('ecoinvent-3.4-biosphere', '74eb3f02-09ec-46ce-8ee8-d67d0900136b')",Co,1.4963422258383853e-11,1.4963422258383853e-11,1.0,1.9447495148453946e-12,1.9447495148453946e-12,dissipation,Linnaeite,1.727272727272727,2.5845911173572104e-11,1.727272727272727,3.3591127983693174e-12,0.015088369910128439,0.015088369884282528,0.0455986939380875,1.4158763014319011e-08,1.4158763014319011e-08
Cobalt,"('ecoinvent-3.4-biosphere', 'f0d1c319-249f-4a89-b0e7-3a5a90a54036')",Co,1.4963422258383853e-11,1.4963422258383853e-11,1.0,1.9447495148453946e-12,1.9447495148453946e-12,dissipation,Linnaeite,1.727272727272727,2.5845911173572104e-11,1.727272727272727,3.3591127983693174e-12,0.015088369910128439,0.015088369884282528,0.0455986939380875,1.4158763014319011e-08,1.4158763014319011e-08
Cobalt,"('ecoinvent-3.4-biosphere', 'f0e28a62-ddf9-4c93-af81-676a58c3f2d4')",Co,1.4963422258383853e-11,1.4963422258383853e-11,1.0,1.9447495148453946e-12,1.9447495148453946e-12,dissipation,Linnaeite,1.727272727272727,2.5845911173572104e-11,1.727272727272727,3.3591127983693174e-12,0.015088369910128439,0.015088369884282528,0.0455986939380875,1.4158763014319011e-08,1.4158763014319011e-08
Cobalt,"('ecoinvent-3.4-biosphere', 'd4291dd5-dae8-47fa-bf06-466fcecbc210')",Co,1.4963422258383853e-11,1.4963422258383853e-11,1.0,1.9447495148453946e-12,1.9447495148453946e-12,dissipation,Linnaeite,1.727272727272727,2.5845911173572104e-11,1.727272727272727,3.3591127983693174e-12,0.015088369910128439,0.015088369884282528,0.0455986939380875,1.4158763014319011e-08,1.4158763014319011e-08
Cobalt,"('ecoinvent-3.4-biosphere', 'ca04300a-8338-4601-ba7c-66c10a4f6322')",Co,1.4963422258383853e-11,1.4963422258383853e-11,1.0,1.9447495148453946e-12,1.9447495148453946e-12,dissipation,Linnaeite,1.727272727272727,2.5845911173572104e-11,1.727272727272727,3.3591127983693174e-12,0.015088369910128439,0.015088369884282528,0.0455986939380875,1.4158763014319011e-08,1.4158763014319011e-08
Cobalt,"('ecoinvent-3.4-biosphere', '12051b95-831a-49c0-9a70-fbc0e8fb9af9')",Co,1.4963422258383853e-11,1.4963422258383853e-11,1.0,1.9447495148453946e-12,1.9447495148453946e-12,dissipation,Linnaeite,1.727272727272727,2.5845911173572104e-11,1.727272727272727,3.3591127983693174e-12,0.015088369910128439,0.015088369884282528,0.0455986939380875,1.4158763014319011e-08,1.4158763014319011e-08
Cobalt,"('ecoinvent-3.4-biosphere', '381a22c9-3722-4378-810d-86958f7b6d32')",Co,1.4963422258383853e-11,1.4963422258383853e-11,1.0,1.9447495148453946e-12,1.9447495148453946e-12,dissipation,Linnaeite,1.727272727272727,2.5845911173572104e-11,1.727272727272727,3.3591127983693174e-12,0.015088369910128439,0.015088369884282528,0.0455986939380875,1.4158763014319011e-08,1.4158763014319011e-08
Cobalt,"('ecoinvent-3.4-biosphere', 'b10faa87-2c1d-4f6e-aa65-9f80b376939a')",Co,1.4963422258383853e-11,1.4963422258383853e-11,1.0,1.9447495148453946e-12,1.9447495148453946e-12,dissipation,Linnaeite,1.727272727272727,2.5845911173572104e-11,1.727272727272727,3.3591127983693174e-12,0.015088369910128439,0.015088369884282528,0.0455986939380875,1.4158763014319011e-08,1.4158763014319011e-08
Cobalt,"('ecoinvent-3.4-biosphere', 'c58d25ad-30d2-4fac-a857-1fa6f67afe8a')",Co,1.4963422258383853e-11,1.4963422258383853e-11,1.0,1.9447495148453946e-12,1.9447495148453946e-12,dissipation,Linnaeite,1.727272727272727,2.5845911173572104e-11,1.727272727272727,3.3591127983693174e-12,0.015088369910128439,0.015088369884282528,0.0455986939380875,1.4158763014319011e-08,1.4158763014319011e-08
"Copper, ion","('ecoinvent-3.4-biosphere', '6d9550e2-e670-44c1-bad8-c0c4975ffca7')",Cu,1.4558050971470055e-11,1.4558050971470055e-11,1.0,1.231243333335009e-14,1.231243333335009e-14,dissipation,Chalcopyrite,2.8793103448275863,4.191714676268102e-11,2.8793103448275863,3.545131666671491e-14,0.01286923124177145,0.012869231199854303,0.8086409056778144,2.440716126138075e-08,2.440716126138075e-08
"Copper, ion","('ecoinvent-3.4-biosphere', '615b1460-6860-4cf6-8678-ad92c03c5e8b')",Cu,1.4558050971470055e-11,1.4558050971470055e-11,1.0,1.231243333335009e-14,1.231243333335009e-14,dissipation,Chalcopyrite,2.8793103448275863,4.191714676268102e-11,2.8793103448275863,3.545131666671491e-14,0.01286923124177145,0.012869231199854303,0.8086409056778144,2.440716126138075e-08,2.440716126138075e-08
"Copper, ion","('ecoinvent-3.4-biosphere', '40229ebf-9346-4f20-910a-f8ea3bd88d44')",Cu,1.4558050971470055e-11,1.4558050971470055e-11,1.0,1.231243333335009e-14,1.231243333335009e-14,dissipation,Chalcopyrite,2.8793103448275863,4.191714676268102e-11,2.8793103448275863,3.545131666671491e-14,0.01286923124177145,0.012869231199854303,0.8086409056778144,2.440716126138075e-08,2.440716126138075e-08
"Copper, ion","('ecoinvent-3.4-biosphere', 'd8f9ccf6-fd32-4348-83c0-1cee724af9ae')",Cu,1.4558050971470055e-11,1.4558050971470055e-11,1.0,1.231243333335009e-14,1.231243333335009e-14,dissipation,Chalcopyrite,2.8793103448275863,4.191714676268102e-11,2.8793103448275863,3.545131666671491e-14,0.01286923124177145,0.012869231199854303,0.8086409056778144,2.440716126138075e-08,2.440716126138075e-08
"Copper, ion","('ecoinvent-3.4-biosphere', 'c3b659e5-35f1-408c-8cb5-b5f9b295c76e')",Cu,1.4558050971470055e-11,1.4558050971470055e-11,1.0,1.231243333335009e-14,1.231243333335009e-14,dissipation,Chalcopyrite,2.8793103448275863,4.191714676268102e-11,2.8793103448275863,3.545131666671491e-14,0.01286923124177145,0.012869231199854303,0.8086409056778144,2.440716126138075e-08,2.440716126138075e-08
Molybdenum,"('ecoinvent-3.4-biosphere', '163926e2-b4cc-42bb-ba7d-401028140985')",Mo,1.4387270723565871e-11,1.4387270723565871e-11,1.0,1.6532043483883647e-13,1.6532043483883647e-13,dissipation,Molybdenite,1.6700000000000004,2.402674210835501e-11,1.6700000000000004,2.7608512618085697e-13,0.0023389070923680233,0.0023389070683412813,0.9176761103880936,2.0730948967001637e-07,2.0730948967001637e-07
Molybdenum,"('ecoinvent-3.4-biosphere', '9cf3a683-ed3d-40e9-b039-7653e4fc9e20')",Mo,1.4387270723565871e-11,1.4387270723565871e-11,1.0,1.6532043483883647e-13,1.6532043483883647e-13,dissipation,Molybdenite,1.6700000000000004,2.402674210835501e-11,1.6700000000000004,2.7608512618085697e-13,0.0023389070923680233,0.0023389070683412813,0.9176761103880936,2.0730948967001637e-07,2.0730948967001637e-07
Molybdenum,"('ecoinvent-3.4-biosphere', '35b4d818-1019-413b-b99d-d351d8a67ac4')",Mo,1.4387270723565871e-11,1.4387270723565871e-11,1.0,1.6532043483883647e-13,1.6532043483883647e-13,dissipation,Molybdenite,1.6700000000000004,2.402674210835501e-11,1.6700000000000004,2.7608512618085697e-13,0.0023389070923680233,0.0023389070683412813,0.9176761103880936,2.0730948967001637e-07,2.0730948967001637e-07
Molybdenum,"('ecoinvent-3.4-biosphere', 'c26d4716-ce1e-43da-a662-cd9498b1e8bc')",Mo,1.4387270723565871e-11,1.4387270723565871e-11,1.0,1.6532043483883647e-13,1.6532043483883647e-13,dissipation,Molybdenite,1.6700000000000004,2.402674210835501e-11,1.6700000000000004,2.7608512618085697e-13,0.0023389070923680233,0.0023389070683412813,0.9176761103880936,2.0730948967001637e-07,2.0730948967001637e-07
Molybdenum,"('ecoinvent-3.4-biosphere', '1f3c2297-d652-468d-82e8-4fd59bf5b5b8')",Mo,1.4387270723565871e-11,1.4387270723565871e-11,1.0,1.6532043483883647e-13,1.6532043483883647e-13,dissipation,Molybdenite,1.6700000000000004,2.402674210835501e-11,1.6700000000000004,2.7608512618085697e-13,0.0023389070923680233,0.0023389070683412813,0.9176761103880936,2.0730948967001637e-07,2.0730948967001637e-07
Molybdenum,"('ecoinvent-3.4-biosphere', '640e30d2-3158-4a1a-82ef-fd0c72922c9a')",Mo,1.4387270723565871e-11,1.4387270723565871e-11,1.0,1.6532043483883647e-13,1.6532043483883647e-13,dissipation,Molybdenite,1.6700000000000004,2.402674210835501e-11,1.6700000000000004,2.7608512618085697e-13,0.0023389070923680233,0.0023389070683412813,0.9176761103880936,2.0730948967001637e-07,2.0730948967001637e-07
Molybdenum,"('ecoinvent-3.4-biosphere', '697e8ecf-bdbe-4857-92c9-e01960c91db7')",Mo,1.4387270723565871e-11,1.4387270723565871e-11,1.0,1.6532043483883647e-13,1.6532043483883647e-13,dissipation,Molybdenite,1.6700000000000004,2.402674210835501e-11,1.6700000000000004,2.7608512618085697e-13,0.0023389070923680233,0.0023389070683412813,0.9176761103880936,2.0730948967001637e-07,2.0730948967001637e-07
Molybdenum,"('ecoinvent-3.4-biosphere', '442511cc-a98b-4242-9229-5736cb9a9399')",Mo,1.4387270723565871e-11,1.4387270723565871e-11,1.0,1.6532043483883647e-13,1.6532043483883647e-13,dissipation,Molybdenite,1.6700000000000004,2.402674210835501e-11,1.6700000000000004,2.7608512618085697e-13,0.0023389070923680233,0.0023389070683412813,0.9176761103880936,2.0730948967001637e-07,2.0730948967001637e-07
Molybdenum,"('ecoinvent-3.4-biosphere', '3822809c-cc03-469d-ac2a-9f85842f8440')",Mo,1.4387270723565871e-11,1.4387270723565871e-11,1.0,1.6532043483883647e-13,1.6532043483883647e-13,dissipation,Molybdenite,1.6700000000000004,2.402674210835501e-11,1.6700000000000004,2.7608512618085697e-13,0.0023389070923680233,0.0023389070683412813,0.9176761103880936,2.0730948967001637e-07,2.0730948967001637e-07
Molybdenum,"('ecoinvent-3.4-biosphere', 'c126f8a0-6bc4-42e6-9220-d6ccfef3f2ed')",Mo,1.4387270723565871e-11,1.4387270723565871e-11,1.0,1.6532043483883647e-13,1.6532043483883647e-13,dissipation,Molybdenite,1.6700000000000004,2.402674210835501e-11,1.6700000000000004,2.7608512618085697e-13,0.0023389070923680233,0.0023389070683412813,0.9176761103880936,2.0730948967001637e-07,2.0730948967001637e-07
Molybdenum,"('ecoinvent-3.4-biosphere', '8b531ec0-ca7a-49cd-bef0-56f110112f34')",Mo,1.4387270723565871e-11,1.4387270723565871e-11,1.0,1.6532043483883647e-13,1.6532043483883647e-13,dissipation,Molybdenite,1.6700000000000004,2.402674210835501e-11,1.6700000000000004,2.7608512618085697e-13,0.0023389070923680233,0.0023389070683412813,0.9176761103880936,2.0730948967001637e-07,2.0730948967001637e-07
Molybdenum,"('ecoinvent-3.4-biosphere', 'fdaaef05-0d10-4032-b2e7-85cae3c7bd5c')",Mo,1.4387270723565871e-11,1.4387270723565871e-11,1.0,1.6532043483883647e-13,1.6532043483883647e-13,dissipation,Molybdenite,1.6700000000000004,2.402674210835501e-11,1.6700000000000004,2.7608512618085697e-13,0.0023389070923680233,0.0023389070683412813,0.9176761103880936,2.0730948967001637e-07,2.0730948967001637e-07
Molybdenum,"('ecoinvent-3.4-biosphere', '7d3f7498-3596-478a-9fa1-72201ef94082')",Mo,1.4387270723565871e-11,1.4387270723565871e-11,1.0,1.6532043483883647e-13,1.6532043483883647e-13,dissipation,Molybdenite,1.6700000000000004,2.402674210835501e-11,1.6700000000000004,2.7608512618085697e-13,0.0023389070923680233,0.0023389070683412813,0.9176761103880936,2.0730948967001637e-07,2.0730948967001637e-07
Molybdenum,"('ecoinvent-3.4-biosphere', '5fa36ce3-aed0-443b-a09d-4cdf25b41995')",Mo,1.4387270723565871e-11,1.4387270723565871e-11,1.0,1.6532043483883647e-13,1.6532043483883647e-13,dissipation,Molybdenite,1.6700000000000004,2.402674210835501e-11,1.6700000000000004,2.7608512618085697e-13,0.0023389070923680233,0.0023389070683412813,0.9176761103880936,2.0730948967001637e-07,2.0730948967001637e-07
Mancozeb,"('ecoinvent-3.4-biosphere', '4f6390e3-bca5-4d3b-aead-7d63f2534440')",Mn,1.3384638455900301e-11,4.478521957012703e-12,0.10153021622620588,6.584242677286185e-15,1.9677855459297162e-14,dissipation,Pyrolusite,1.5822784810126582,7.0862689193238976e-12,0.16064907630728778,1.0418105502035103e-14,0.29578603669687803,0.29578603668979175,0.6709603911825677,4.151285076370738e-12,4.151285076370738e-12
Mancozeb,"('ecoinvent-3.4-biosphere', '4f6390e3-bca5-4d3b-aead-7d63f2534440')",Zn,1.3384638455900301e-11,8.9061164988876e-12,0.12082794307891331,1.3093612782010977e-14,1.9677855459297162e-14,dissipation,Sphalerite,1.4901477832512315,1.3271429758194576e-11,0.18005149153384867,1.951141806186365e-14,0.21288117798323605,0.2128811779699646,0.789865871833085,5.879276322398435e-11,5.879276322398435e-11
"Silver, ion","('ecoinvent-3.4-biosphere', 'af9793ba-25a1-4928-a14a-4bcf7d5bd3f7')",Ag,1.2259407322922734e-11,1.2259407322922734e-11,1.0,1.5701960660375504e-13,1.5701960660375504e-13,dissipation,Argentite,1.1478494623655913,1.4071954104537653e-11,1.1478494623655913,1.8023487102097688e-13,0.0005609394054083945,0.0005609393913364403,0.9,3.9578510269523656e-06,3.9578510269523656e-06
"Silver, ion","('ecoinvent-3.4-biosphere', '71cfe87c-ab80-421e-adba-afb7d5bd0861')",Ag,1.2259407322922734e-11,1.2259407322922734e-11,1.0,1.5701960660375504e-13,1.5701960660375504e-13,dissipation,Argentite,1.1478494623655913,1.4071954104537653e-11,1.1478494623655913,1.8023487102097688e-13,0.0005609394054083945,0.0005609393913364403,0.9,3.9578510269523656e-06,3.9578510269523656e-06
"Silver, ion","('ecoinvent-3.4-biosphere', '94426df9-63b1-4dc6-ad1b-3509e22f1154')",Ag,1.2259407322922734e-11,1.2259407322922734e-11,1.0,1.5701960660375504e-13,1.5701960660375504e-13,dissipation,Argentite,1.1478494623655913,1.4071954104537653e-11,1.1478494623655913,1.8023487102097688e-13,0.0005609394054083945,0.0005609393913364403,0.9,3.9578510269523656e-06,3.9578510269523656e-06
"Silver, ion","('ecoinvent-3.4-biosphere', '21c257b2-57ce-4a6e-b4bd-40f0f75f310f')",Ag,1.2259407322922734e-11,1.2259407322922734e-11,1.0,1.5701960660375504e-13,1.5701960660375504e-13,dissipation,Argentite,1.1478494623655913,1.4071954104537653e-11,1.1478494623655913,1.8023487102097688e-13,0.0005609394054083945,0.0005609393913364403,0.9,3.9578510269523656e-06,3.9578510269523656e-06
"Silver, ion","('ecoinvent-3.4-biosphere', '6aa8673f-f7e3-4270-93dc-e97b745fced7')",Ag,1.2259407322922734e-11,1.2259407322922734e-11,1.0,1.5701960660375504e-13,1.5701960660375504e-13,dissipation,Argentite,1.1478494623655913,1.4071954104537653e-11,1.1478494623655913,1.8023487102097688e-13,0.0005609394054083945,0.0005609393913364403,0.9,3.9578510269523656e-06,3.9578510269523656e-06
"Tin, ion","('ecoinvent-3.4-biosphere', 'd5c40848-fc29-47fa-90a4-46db64a45a4e')",Sn,1.2046926801820093e-11,1.2046926801820093e-11,1.0,1.3268575464212294e-13,1.3268575464212294e-13,dissipation,Cassiterite,1.26875,1.5284538379809242e-11,1.26875,1.6834505120219348e-13,0.009054537241268257,0.00905453722598372,0.8632947389802966,4.9318602590647365e-09,4.9318602590647365e-09
"Tin, ion","('ecoinvent-3.4-biosphere', '2a992e5e-9f16-47b8-8bcb-733d00bed658')",Sn,1.2046926801820093e-11,1.2046926801820093e-11,1.0,1.3268575464212294e-13,1.3268575464212294e-13,dissipation,Cassiterite,1.26875,1.5284538379809242e-11,1.26875,1.6834505120219348e-13,0.009054537241268257,0.00905453722598372,0.8632947389802966,4.9318602590647365e-09,4.9318602590647365e-09
"Tin, ion","('ecoinvent-3.4-biosphere', '60a6702f-20ad-444f-a6df-f6374f1e3183')",Sn,1.2046926801820093e-11,1.2046926801820093e-11,1.0,1.3268575464212294e-13,1.3268575464212294e-13,dissipation,Cassiterite,1.26875,1.5284538379809242e-11,1.26875,1.6834505120219348e-13,0.009054537241268257,0.00905453722598372,0.8632947389802966,4.9318602590647365e-09,4.9318602590647365e-09
"Tin, ion","('ecoinvent-3.4-biosphere', 'f73177d8-5e57-4f0d-ba34-6889cfdfed40')",Sn,1.2046926801820093e-11,1.2046926801820093e-11,1.0,1.3268575464212294e-13,1.3268575464212294e-13,dissipation,Cassiterite,1.26875,1.5284538379809242e-11,1.26875,1.6834505120219348e-13,0.009054537241268257,0.00905453722598372,0.8632947389802966,4.9318602590647365e-09,4.9318602590647365e-09
"Tin, ion","('ecoinvent-3.4-biosphere', '3ddb2e36-bc1b-43a5-8ef4-cbcdbeeeea70')",Sn,1.2046926801820093e-11,1.2046926801820093e-11,1.0,1.3268575464212294e-13,1.3268575464212294e-13,dissipation,Cassiterite,1.26875,1.5284538379809242e-11,1.26875,1.6834505120219348e-13,0.009054537241268257,0.00905453722598372,0.8632947389802966,4.9318602590647365e-09,4.9318602590647365e-09
"Tin, ion","('ecoinvent-3.4-biosphere', 'd5c40848-fc29-47fa-90a4-46db64a45a4e')",Sn,1.1815839162942283e-11,1.1815839162942283e-11,1.0,1.3268575464212294e-13,1.3268575464212294e-13,dissipation,Cassiterite,1.26875,1.4991345937983022e-11,1.26875,1.6834505120219348e-13,0.009054537241268257,0.00905453722627691,0.8632947389802966,4.837261737807465e-09,4.837261737807465e-09
"Tin, ion","('ecoinvent-3.4-biosphere', '2a992e5e-9f16-47b8-8bcb-733d00bed658')",Sn,1.1815839162942283e-11,1.1815839162942283e-11,1.0,1.3268575464212294e-13,1.3268575464212294e-13,dissipation,Cassiterite,1.26875,1.4991345937983022e-11,1.26875,1.6834505120219348e-13,0.009054537241268257,0.00905453722627691,0.8632947389802966,4.837261737807465e-09,4.837261737807465e-09
"Tin, ion","('ecoinvent-3.4-biosphere', '60a6702f-20ad-444f-a6df-f6374f1e3183')",Sn,1.1815839162942283e-11,1.1815839162942283e-11,1.0,1.3268575464212294e-13,1.3268575464212294e-13,dissipation,Cassiterite,1.26875,1.4991345937983022e-11,1.26875,1.6834505120219348e-13,0.009054537241268257,0.00905453722627691,0.8632947389802966,4.837261737807465e-09,4.837261737807465e-09
"Tin, ion","('ecoinvent-3.4-biosphere', 'f73177d8-5e57-4f0d-ba34-6889cfdfed40')",Sn,1.1815839162942283e-11,1.1815839162942283e-11,1.0,1.3268575464212294e-13,1.3268575464212294e-13,dissipation,Cassiterite,1.26875,1.4991345937983022e-11,1.26875,1.6834505120219348e-13,0.009054537241268257,0.00905453722627691,0.8632947389802966,4.837261737807465e-09,4.837261737807465e-09
"Tin, ion","('ecoinvent-3.4-biosphere', '3ddb2e36-bc1b-43a5-8ef4-cbcdbeeeea70')",Sn,1.1815839162942283e-11,1.1815839162942283e-11,1.0,1.3268575464212294e-13,1.3268575464212294e-13,dissipation,Cassiterite,1.26875,1.4991345937983022e-11,1.26875,1.6834505120219348e-13,0.009054537241268257,0.00905453722627691,0.8632947389802966,4.837261737807465e-09,4.837261737807465e-09
Copper,"('ecoinvent-3.4-biosphere', '88cde01c-df69-40bb-9b14-6eac71bea5b8')",Cu,1.1209036602658683e-11,1.1209036602658683e-11,1.0,1.231243333335009e-14,1.231243333335009e-14,dissipation,Chalcopyrite,2.8793103448275863,3.227429504558621e-11,2.8793103448275863,3.545131666671491e-14,0.01286923124177145,0.012869231209497156,0.8086409056778144,1.879239637232533e-08,1.879239637232533e-08
Copper,"('ecoinvent-3.4-biosphere', '0a5e8a67-f9ae-48b3-bfa7-e9d37c30a191')",Cu,1.1209036602658683e-11,1.1209036602658683e-11,1.0,1.231243333335009e-14,1.231243333335009e-14,dissipation,Chalcopyrite,2.8793103448275863,3.227429504558621e-11,2.8793103448275863,3.545131666671491e-14,0.01286923124177145,0.012869231209497156,0.8086409056778144,1.879239637232533e-08,1.879239637232533e-08
Copper,"('ecoinvent-3.4-biosphere', '237ca6bc-2f0a-4416-a0e3-bd512f038f2e')",Cu,1.1209036602658683e-11,1.1209036602658683e-11,1.0,1.231243333335009e-14,1.231243333335009e-14,dissipation,Chalcopyrite,2.8793103448275863,3.227429504558621e-11,2.8793103448275863,3.545131666671491e-14,0.01286923124177145,0.012869231209497156,0.8086409056778144,1.879239637232533e-08,1.879239637232533e-08
Copper,"('ecoinvent-3.4-biosphere', '7e66a41c-d311-4949-bdd8-eef09cdcfa47')",Cu,1.1209036602658683e-11,1.1209036602658683e-11,1.0,1.231243333335009e-14,1.231243333335009e-14,dissipation,Chalcopyrite,2.8793103448275863,3.227429504558621e-11,2.8793103448275863,3.545131666671491e-14,0.01286923124177145,0.012869231209497156,0.8086409056778144,1.879239637232533e-08,1.879239637232533e-08
Copper,"('ecoinvent-3.4-biosphere', 'fd153f15-1d16-410a-91fa-04d205e36c43')",Cu,1.1209036602658683e-11,1.1209036602658683e-11,1.0,1.231243333335009e-14,1.231243333335009e-14,dissipation,Chalcopyrite,2.8793103448275863,3.227429504558621e-11,2.8793103448275863,3.545131666671491e-14,0.01286923124177145,0.012869231209497156,0.8086409056778144,1.879239637232533e-08,1.879239637232533e-08
Copper,"('ecoinvent-3.4-biosphere', '44d3e792-7c9e-48ab-9de9-acfa2e097f26')",Cu,1.1209036602658683e-11,1.1209036602658683e-11,1.0,1.231243333335009e-14,1.231243333335009e-14,dissipation,Chalcopyrite,2.8793103448275863,3.227429504558621e-11,2.8793103448275863,3.545131666671491e-14,0.01286923124177145,0.012869231209497156,0.8086409056778144,1.879239637232533e-08,1.879239637232533e-08
Copper,"('ecoinvent-3.4-biosphere', '3573a5af-88f8-4f74-ade7-cd269cbc4e66')",Cu,1.1209036602658683e-11,1.1209036602658683e-11,1.0,1.231243333335009e-14,1.231243333335009e-14,dissipation,Chalcopyrite,2.8793103448275863,3.227429504558621e-11,2.8793103448275863,3.545131666671491e-14,0.01286923124177145,0.012869231209497156,0.8086409056778144,1.879239637232533e-08,1.879239637232533e-08
Copper,"('ecoinvent-3.4-biosphere', 'ec8144d6-d123-43b1-9c17-a295422a0498')",Cu,1.1209036602658683e-11,1.1209036602658683e-11,1.0,1.231243333335009e-14,1.231243333335009e-14,dissipation,Chalcopyrite,2.8793103448275863,3.227429504558621e-11,2.8793103448275863,3.545131666671491e-14,0.01286923124177145,0.012869231209497156,0.8086409056778144,1.879239637232533e-08,1.879239637232533e-08
Copper,"('ecoinvent-3.4-biosphere', 'e336eee7-148a-4d1c-8027-780cbfafa12b')",Cu,1.1209036602658683e-11,1.1209036602658683e-11,1.0,1.231243333335009e-14,1.231243333335009e-14,dissipation,Chalcopyrite,2.8793103448275863,3.227429504558621e-11,2.8793103448275863,3.545131666671491e-14,0.01286923124177145,0.012869231209497156,0.8086409056778144,1.879239637232533e-08,1.879239637232533e-08
"Copper, ion","('ecoinvent-3.4-biosphere', '6d9550e2-e670-44c1-bad8-c0c4975ffca7')",Cu,1.0313789826200795e-11,1.0313789826200795e-11,1.0,1.231243333335009e-14,1.231243333335009e-14,dissipation,Chalcopyrite,2.8793103448275863,2.9696601740957465e-11,2.8793103448275863,3.545131666671491e-14,0.01286923124177145,0.012869231212074849,0.8086409056778144,1.729148554721702e-08,1.729148554721702e-08
"Copper, ion","('ecoinvent-3.4-biosphere', '615b1460-6860-4cf6-8678-ad92c03c5e8b')",Cu,1.0313789826200795e-11,1.0313789826200795e-11,1.0,1.231243333335009e-14,1.231243333335009e-14,dissipation,Chalcopyrite,2.8793103448275863,2.9696601740957465e-11,2.8793103448275863,3.545131666671491e-14,0.01286923124177145,0.012869231212074849,0.8086409056778144,1.729148554721702e-08,1.729148554721702e-08
"Copper, ion","('ecoinvent-3.4-biosphere', '40229ebf-9346-4f20-910a-f8ea3bd88d44')",Cu,1.0313789826200795e-11,1.0313789826200795e-11,1.0,1.231243333335009e-14,1.231243333335009e-14,dissipation,Chalcopyrite,2.8793103448275863,2.9696601740957465e-11,2.8793103448275863,3.545131666671491e-14,0.01286923124177145,0.012869231212074849,0.8086409056778144,1.729148554721702e-08,1.729148554721702e-08
"Copper, ion","('ecoinvent-3.4-biosphere', 'd8f9ccf6-fd32-4348-83c0-1cee724af9ae')",Cu,1.0313789826200795e-11,1.0313789826200795e-11,1.0,1.231243333335009e-14,1.231243333335009e-14,dissipation,Chalcopyrite,2.8793103448275863,2.9696601740957465e-11,2.8793103448275863,3.545131666671491e-14,0.01286923124177145,0.012869231212074849,0.8086409056778144,1.729148554721702e-08,1.729148554721702e-08
"Copper, ion","('ecoinvent-3.4-biosphere', 'c3b659e5-35f1-408c-8cb5-b5f9b295c76e')",Cu,1.0313789826200795e-11,1.0313789826200795e-11,1.0,1.231243333335009e-14,1.231243333335009e-14,dissipation,Chalcopyrite,2.8793103448275863,2.9696601740957465e-11,2.8793103448275863,3.545131666671491e-14,0.01286923124177145,0.012869231212074849,0.8086409056778144,1.729148554721702e-08,1.729148554721702e-08
Chromium,"('ecoinvent-3.4-biosphere', 'e65a9c58-21f1-48b6-b738-d05a8f10e5f3')",Cr,8.446257806334163e-12,8.446257806334163e-12,1.0,3.1278613038877847e-13,3.1278613038877847e-13,dissipation,Chromite,2.152027027027027,1.817657507646913e-11,2.152027027027027,6.73124206275851e-13,0.2461272270789205,0.24612722706074394,0.81,4.068296003966836e-12,4.068296003966836e-12
Chromium,"('ecoinvent-3.4-biosphere', '6b29d83a-c43c-484c-8e73-474a8a22d71e')",Cr,8.446257806334163e-12,8.446257806334163e-12,1.0,3.1278613038877847e-13,3.1278613038877847e-13,dissipation,Chromite,2.152027027027027,1.817657507646913e-11,2.152027027027027,6.73124206275851e-13,0.2461272270789205,0.24612722706074394,0.81,4.068296003966836e-12,4.068296003966836e-12
Chromium,"('ecoinvent-3.4-biosphere', 'e7881581-21b3-4f5c-bd63-6b0684b5e712')",Cr,8.446257806334163e-12,8.446257806334163e-12,1.0,3.1278613038877847e-13,3.1278613038877847e-13,dissipation,Chromite,2.152027027027027,1.817657507646913e-11,2.152027027027027,6.73124206275851e-13,0.2461272270789205,0.24612722706074394,0.81,4.068296003966836e-12,4.068296003966836e-12
Chromium,"('ecoinvent-3.4-biosphere', 'e0336c9b-a0ff-4ae3-b8bb-ca1e46bbbc11')",Cr,8.446257806334163e-12,8.446257806334163e-12,1.0,3.1278613038877847e-13,3.1278613038877847e-13,dissipation,Chromite,2.152027027027027,1.817657507646913e-11,2.152027027027027,6.73124206275851e-13,0.2461272270789205,0.24612722706074394,0.81,4.068296003966836e-12,4.068296003966836e-12
Chromium,"('ecoinvent-3.4-biosphere', '2a5ed451-12a2-47db-b4dc-fa0bfbc01d79')",Cr,8.446257806334163e-12,8.446257806334163e-12,1.0,3.1278613038877847e-13,3.1278613038877847e-13,dissipation,Chromite,2.152027027027027,1.817657507646913e-11,2.152027027027027,6.73124206275851e-13,0.2461272270789205,0.24612722706074394,0.81,4.068296003966836e-12,4.068296003966836e-12
Chromium,"('ecoinvent-3.4-biosphere', '591de726-f2c7-43ba-8e22-15fd08acc8dc')",Cr,8.446257806334163e-12,8.446257806334163e-12,1.0,3.1278613038877847e-13,3.1278613038877847e-13,dissipation,Chromite,2.152027027027027,1.817657507646913e-11,2.152027027027027,6.73124206275851e-13,0.2461272270789205,0.24612722706074394,0.81,4.068296003966836e-12,4.068296003966836e-12
Chromium,"('ecoinvent-3.4-biosphere', '4d40d8e3-9bc7-4ab1-ac5c-4f4a76fda8e5')",Cr,8.446257806334163e-12,8.446257806334163e-12,1.0,3.1278613038877847e-13,3.1278613038877847e-13,dissipation,Chromite,2.152027027027027,1.817657507646913e-11,2.152027027027027,6.73124206275851e-13,0.2461272270789205,0.24612722706074394,0.81,4.068296003966836e-12,4.068296003966836e-12
Chromium,"('ecoinvent-3.4-biosphere', 'e142b577-e934-4085-9a07-3983d4d92afb')",Cr,8.446257806334163e-12,8.446257806334163e-12,1.0,3.1278613038877847e-13,3.1278613038877847e-13,dissipation,Chromite,2.152027027027027,1.817657507646913e-11,2.152027027027027,6.73124206275851e-13,0.2461272270789205,0.24612722706074394,0.81,4.068296003966836e-12,4.068296003966836e-12
Chromium,"('ecoinvent-3.4-biosphere', '7705f0e1-5b14-44f4-b330-1245b5c7fc08')",Cr,8.446257806334163e-12,8.446257806334163e-12,1.0,3.1278613038877847e-13,3.1278613038877847e-13,dissipation,Chromite,2.152027027027027,1.817657507646913e-11,2.152027027027027,6.73124206275851e-13,0.2461272270789205,0.24612722706074394,0.81,4.068296003966836e-12,4.068296003966836e-12
Copper,"('ecoinvent-3.4-biosphere', '88cde01c-df69-40bb-9b14-6eac71bea5b8')",Cu,8.024841116659999e-12,8.024841116659999e-12,1.0,1.231243333335009e-14,1.231243333335009e-14,dissipation,Chalcopyrite,2.8793103448275863,2.3106008042796894e-11,2.8793103448275863,3.545131666671491e-14,0.01286923124177145,0.012869231218665442,0.8086409056778144,1.3453985352244406e-08,1.3453985352244406e-08
Copper,"('ecoinvent-3.4-biosphere', '0a5e8a67-f9ae-48b3-bfa7-e9d37c30a191')",Cu,8.024841116659999e-12,8.024841116659999e-12,1.0,1.231243333335009e-14,1.231243333335009e-14,dissipation,Chalcopyrite,2.8793103448275863,2.3106008042796894e-11,2.8793103448275863,3.545131666671491e-14,0.01286923124177145,0.012869231218665442,0.8086409056778144,1.3453985352244406e-08,1.3453985352244406e-08
Copper,"('ecoinvent-3.4-biosphere', '237ca6bc-2f0a-4416-a0e3-bd512f038f2e')",Cu,8.024841116659999e-12,8.024841116659999e-12,1.0,1.231243333335009e-14,1.231243333335009e-14,dissipation,Chalcopyrite,2.8793103448275863,2.3106008042796894e-11,2.8793103448275863,3.545131666671491e-14,0.01286923124177145,0.012869231218665442,0.8086409056778144,1.3453985352244406e-08,1.3453985352244406e-08
Copper,"('ecoinvent-3.4-biosphere', '7e66a41c-d311-4949-bdd8-eef09cdcfa47')",Cu,8.024841116659999e-12,8.024841116659999e-12,1.0,1.231243333335009e-14,1.231243333335009e-14,dissipation,Chalcopyrite,2.8793103448275863,2.3106008042796894e-11,2.8793103448275863,3.545131666671491e-14,0.01286923124177145,0.012869231218665442,0.8086409056778144,1.3453985352244406e-08,1.3453985352244406e-08
Copper,"('ecoinvent-3.4-biosphere', 'fd153f15-1d16-410a-91fa-04d205e36c43')",Cu,8.024841116659999e-12,8.024841116659999e-12,1.0,1.231243333335009e-14,1.231243333335009e-14,dissipation,Chalcopyrite,2.8793103448275863,2.3106008042796894e-11,2.8793103448275863,3.545131666671491e-14,0.01286923124177145,0.012869231218665442,0.8086409056778144,1.3453985352244406e-08,1.3453985352244406e-08
Copper,"('ecoinvent-3.4-biosphere', '44d3e792-7c9e-48ab-9de9-acfa2e097f26')",Cu,8.024841116659999e-12,8.024841116659999e-12,1.0,1.231243333335009e-14,1.231243333335009e-14,dissipation,Chalcopyrite,2.8793103448275863,2.3106008042796894e-11,2.8793103448275863,3.545131666671491e-14,0.01286923124177145,0.012869231218665442,0.8086409056778144,1.3453985352244406e-08,1.3453985352244406e-08
Copper,"('ecoinvent-3.4-biosphere', '3573a5af-88f8-4f74-ade7-cd269cbc4e66')",Cu,8.024841116659999e-12,8.024841116659999e-12,1.0,1.231243333335009e-14,1.231243333335009e-14,dissipation,Chalcopyrite,2.8793103448275863,2.3106008042796894e-11,2.8793103448275863,3.545131666671491e-14,0.01286923124177145,0.012869231218665442,0.8086409056778144,1.3453985352244406e-08,1.3453985352244406e-08
Copper,"('ecoinvent-3.4-biosphere', 'ec8144d6-d123-43b1-9c17-a295422a0498')",Cu,8.024841116659999e-12,8.024841116659999e-12,1.0,1.231243333335009e-14,1.231243333335009e-14,dissipation,Chalcopyrite,2.8793103448275863,2.3106008042796894e-11,2.8793103448275863,3.545131666671491e-14,0.01286923124177145,0.012869231218665442,0.8086409056778144,1.3453985352244406e-08,1.3453985352244406e-08
Copper,"('ecoinvent-3.4-biosphere', 'e336eee7-148a-4d1c-8027-780cbfafa12b')",Cu,8.024841116659999e-12,8.024841116659999e-12,1.0,1.231243333335009e-14,1.231243333335009e-14,dissipation,Chalcopyrite,2.8793103448275863,2.3106008042796894e-11,2.8793103448275863,3.545131666671491e-14,0.01286923124177145,0.012869231218665442,0.8086409056778144,1.3453985352244406e-08,1.3453985352244406e-08
Lead,"('ecoinvent-3.4-biosphere', 'e9e856c2-868e-435e-8425-8df1c9297cfc')",Pb,7.257456933440225e-12,7.257456933440225e-12,1.0,1.1855254708054448e-13,1.1855254708054448e-13,dissipation,Galena,1.1560975609756097,8.390328259635772e-12,1.1560975609756097,1.370583105272636e-13,0.10515644248728105,0.10515644247889072,0.635111259945265,3.4759330354305877e-11,3.4759330354305877e-11
Lead,"('ecoinvent-3.4-biosphere', '4010918f-7fd0-4925-8fbb-8fd7a44a806c')",Pb,7.257456933440225e-12,7.257456933440225e-12,1.0,1.1855254708054448e-13,1.1855254708054448e-13,dissipation,Galena,1.1560975609756097,8.390328259635772e-12,1.1560975609756097,1.370583105272636e-13,0.10515644248728105,0.10515644247889072,0.635111259945265,3.4759330354305877e-11,3.4759330354305877e-11
Lead,"('ecoinvent-3.4-biosphere', '2718482b-8399-442e-b89a-52fbcc22d2e6')",Pb,7.257456933440225e-12,7.257456933440225e-12,1.0,1.1855254708054448e-13,1.1855254708054448e-13,dissipation,Galena,1.1560975609756097,8.390328259635772e-12,1.1560975609756097,1.370583105272636e-13,0.10515644248728105,0.10515644247889072,0.635111259945265,3.4759330354305877e-11,3.4759330354305877e-11
Lead,"('ecoinvent-3.4-biosphere', '837083ce-41cd-49f3-a849-d79564dac238')",Pb,7.257456933440225e-12,7.257456933440225e-12,1.0,1.1855254708054448e-13,1.1855254708054448e-13,dissipation,Galena,1.1560975609756097,8.390328259635772e-12,1.1560975609756097,1.370583105272636e-13,0.10515644248728105,0.10515644247889072,0.635111259945265,3.4759330354305877e-11,3.4759330354305877e-11
Lead,"('ecoinvent-3.4-biosphere', '8e123669-94d3-41d8-9480-a79211fe7c43')",Pb,7.257456933440225e-12,7.257456933440225e-12,1.0,1.1855254708054448e-13,1.1855254708054448e-13,dissipation,Galena,1.1560975609756097,8.390328259635772e-12,1.1560975609756097,1.370583105272636e-13,0.10515644248728105,0.10515644247889072,0.635111259945265,3.4759330354305877e-11,3.4759330354305877e-11
Lead,"('ecoinvent-3.4-biosphere', '9ee7f4ab-b826-47ae-8623-e138f944b42e')",Pb,7.257456933440225e-12,7.257456933440225e-12,1.0,1.1855254708054448e-13,1.1855254708054448e-13,dissipation,Galena,1.1560975609756097,8.390328259635772e-12,1.1560975609756097,1.370583105272636e-13,0.10515644248728105,0.10515644247889072,0.635111259945265,3.4759330354305877e-11,3.4759330354305877e-11
Lead,"('ecoinvent-3.4-biosphere', '739234c8-5359-48b4-983f-9cb170d68c8d')",Pb,7.257456933440225e-12,7.257456933440225e-12,1.0,1.1855254708054448e-13,1.1855254708054448e-13,dissipation,Galena,1.1560975609756097,8.390328259635772e-12,1.1560975609756097,1.370583105272636e-13,0.10515644248728105,0.10515644247889072,0.635111259945265,3.4759330354305877e-11,3.4759330354305877e-11
Lead,"('ecoinvent-3.4-biosphere', 'b3ebdcc3-c588-4997-95d2-9785b26b34e1')",Pb,7.257456933440225e-12,7.257456933440225e-12,1.0,1.1855254708054448e-13,1.1855254708054448e-13,dissipation,Galena,1.1560975609756097,8.390328259635772e-12,1.1560975609756097,1.370583105272636e-13,0.10515644248728105,0.10515644247889072,0.635111259945265,3.4759330354305877e-11,3.4759330354305877e-11
Lead,"('ecoinvent-3.4-biosphere', '31c4d160-b21e-41b3-b9c1-3d7a72377653')",Pb,7.257456933440225e-12,7.257456933440225e-12,1.0,1.1855254708054448e-13,1.1855254708054448e-13,dissipation,Galena,1.1560975609756097,8.390328259635772e-12,1.1560975609756097,1.370583105272636e-13,0.10515644248728105,0.10515644247889072,0.635111259945265,3.4759330354305877e-11,3.4759330354305877e-11
Lead,"('ecoinvent-3.4-biosphere', 'fe4613d7-1ed8-427d-9b06-c8e8f4f5e1b1')",Pb,7.257456933440225e-12,7.257456933440225e-12,1.0,1.1855254708054448e-13,1.1855254708054448e-13,dissipation,Galena,1.1560975609756097,8.390328259635772e-12,1.1560975609756097,1.370583105272636e-13,0.10515644248728105,0.10515644247889072,0.635111259945265,3.4759330354305877e-11,3.4759330354305877e-11
Lead,"('ecoinvent-3.4-biosphere', '67652827-017f-4856-8d0a-c97bac4c6562')",Pb,7.257456933440225e-12,7.257456933440225e-12,1.0,1.1855254708054448e-13,1.1855254708054448e-13,dissipation,Galena,1.1560975609756097,8.390328259635772e-12,1.1560975609756097,1.370583105272636e-13,0.10515644248728105,0.10515644247889072,0.635111259945265,3.4759330354305877e-11,3.4759330354305877e-11
Lead,"('ecoinvent-3.4-biosphere', 'c864aa15-0abc-41ad-9889-348106e485d8')",Pb,7.257456933440225e-12,7.257456933440225e-12,1.0,1.1855254708054448e-13,1.1855254708054448e-13,dissipation,Galena,1.1560975609756097,8.390328259635772e-12,1.1560975609756097,1.370583105272636e-13,0.10515644248728105,0.10515644247889072,0.635111259945265,3.4759330354305877e-11,3.4759330354305877e-11
Lead,"('ecoinvent-3.4-biosphere', '0ff15165-d761-48c9-9814-2d1dcdd56857')",Pb,7.257456933440225e-12,7.257456933440225e-12,1.0,1.1855254708054448e-13,1.1855254708054448e-13,dissipation,Galena,1.1560975609756097,8.390328259635772e-12,1.1560975609756097,1.370583105272636e-13,0.10515644248728105,0.10515644247889072,0.635111259945265,3.4759330354305877e-11,3.4759330354305877e-11
Lead,"('ecoinvent-3.4-biosphere', '6a903634-c97f-4c49-a7c0-88f0e6ac7a23')",Pb,7.257456933440225e-12,7.257456933440225e-12,1.0,1.1855254708054448e-13,1.1855254708054448e-13,dissipation,Galena,1.1560975609756097,8.390328259635772e-12,1.1560975609756097,1.370583105272636e-13,0.10515644248728105,0.10515644247889072,0.635111259945265,3.4759330354305877e-11,3.4759330354305877e-11
"Iron, ion","('ecoinvent-3.4-biosphere', '9b6d6f07-ebc6-447d-a3c0-f2017d77d852')",Fe,5.398685255437765e-12,5.398685255437765e-12,1.0,9.645225823667623e-15,9.645225823667623e-15,dissipation,Hematite,1.0,5.398685255437765e-12,1.0,9.645225823667623e-15,0.4660557498197291,0.4660557498143304,0.95,8.566293930292311e-12,8.566293930292311e-12
"Iron, ion","('ecoinvent-3.4-biosphere', '33fd8342-58e7-45c9-ad92-0951c002c403')",Fe,5.398685255437765e-12,5.398685255437765e-12,1.0,9.645225823667623e-15,9.645225823667623e-15,dissipation,Hematite,1.0,5.398685255437765e-12,1.0,9.645225823667623e-15,0.4660557498197291,0.4660557498143304,0.95,8.566293930292311e-12,8.566293930292311e-12
"Iron, ion","('ecoinvent-3.4-biosphere', 'de444dc0-5964-4501-8367-50ba53bfc6b9')",Fe,5.398685255437765e-12,5.398685255437765e-12,1.0,9.645225823667623e-15,9.645225823667623e-15,dissipation,Hematite,1.0,5.398685255437765e-12,1.0,9.645225823667623e-15,0.4660557498197291,0.4660557498143304,0.95,8.566293930292311e-12,8.566293930292311e-12
"Iron, ion","('ecoinvent-3.4-biosphere', '7c335b9c-a403-47a8-bb6d-2e7d3c3a230e')",Fe,5.398685255437765e-12,5.398685255437765e-12,1.0,9.645225823667623e-15,9.645225823667623e-15,dissipation,Hematite,1.0,5.398685255437765e-12,1.0,9.645225823667623e-15,0.4660557498197291,0.4660557498143304,0.95,8.566293930292311e-12,8.566293930292311e-12
"Iron, ion","('ecoinvent-3.4-biosphere', '2c9a7182-37c8-4777-a37a-9a007c3edb2f')",Fe,5.398685255437765e-12,5.398685255437765e-12,1.0,9.645225823667623e-15,9.645225823667623e-15,dissipation,Hematite,1.0,5.398685255437765e-12,1.0,9.645225823667623e-15,0.4660557498197291,0.4660557498143304,0.95,8.566293930292311e-12,8.566293930292311e-12
Phosphorus,"('ecoinvent-3.4-biosphere', '8b0a4a41-c65c-4d94-b10c-94ddb98abdd2')",P,4.742839728665389e-12,4.742839728665389e-12,1.0,1.6973366253890836e-14,1.6973366253890836e-14,dissipation,Apatite,0.3532544378698225,1.6754291822563537e-12,0.3532544378698225,5.995916954776823e-15,0.44572664377524784,0.4457266437735724,0.9,1.20952190655227e-12,1.20952190655227e-12
Phosphorus,"('ecoinvent-3.4-biosphere', 'b6e2f7f4-6b2e-4b3e-be1f-67626cb8205d')",P,4.742839728665389e-12,4.742839728665389e-12,1.0,1.6973366253890836e-14,1.6973366253890836e-14,dissipation,Apatite,0.3532544378698225,1.6754291822563537e-12,0.3532544378698225,5.995916954776823e-15,0.44572664377524784,0.4457266437735724,0.9,1.20952190655227e-12,1.20952190655227e-12
Phosphorus,"('ecoinvent-3.4-biosphere', 'b2631209-8374-431e-b7d5-56c96c6b6d79')",P,4.742839728665389e-12,4.742839728665389e-12,1.0,1.6973366253890836e-14,1.6973366253890836e-14,dissipation,Apatite,0.3532544378698225,1.6754291822563537e-12,0.3532544378698225,5.995916954776823e-15,0.44572664377524784,0.4457266437735724,0.9,1.20952190655227e-12,1.20952190655227e-12
Phosphorus,"('ecoinvent-3.4-biosphere', 'e2d35af7-9806-46ff-9b75-b124a48fa5a1')",P,4.742839728665389e-12,4.742839728665389e-12,1.0,1.6973366253890836e-14,1.6973366253890836e-14,dissipation,Apatite,0.3532544378698225,1.6754291822563537e-12,0.3532544378698225,5.995916954776823e-15,0.44572664377524784,0.4457266437735724,0.9,1.20952190655227e-12,1.20952190655227e-12
Phosphorus,"('ecoinvent-3.4-biosphere', 'c89a0749-40a5-4c9c-8770-c4295ea34977')",P,4.742839728665389e-12,4.742839728665389e-12,1.0,1.6973366253890836e-14,1.6973366253890836e-14,dissipation,Apatite,0.3532544378698225,1.6754291822563537e-12,0.3532544378698225,5.995916954776823e-15,0.44572664377524784,0.4457266437735724,0.9,1.20952190655227e-12,1.20952190655227e-12
Phosphorus,"('ecoinvent-3.4-biosphere', 'f5e7e615-4160-4df9-b39b-7463eaed77c7')",P,4.742839728665389e-12,4.742839728665389e-12,1.0,1.6973366253890836e-14,1.6973366253890836e-14,dissipation,Apatite,0.3532544378698225,1.6754291822563537e-12,0.3532544378698225,5.995916954776823e-15,0.44572664377524784,0.4457266437735724,0.9,1.20952190655227e-12,1.20952190655227e-12
Phosphorus,"('ecoinvent-3.4-biosphere', 'b1fca66f-8e83-469a-a7b5-018e14d5d545')",P,4.742839728665389e-12,4.742839728665389e-12,1.0,1.6973366253890836e-14,1.6973366253890836e-14,dissipation,Apatite,0.3532544378698225,1.6754291822563537e-12,0.3532544378698225,5.995916954776823e-15,0.44572664377524784,0.4457266437735724,0.9,1.20952190655227e-12,1.20952190655227e-12
Phosphorus,"('ecoinvent-3.4-biosphere', '2f8952b0-c90c-4e3d-b546-52b862fc8f11')",P,4.742839728665389e-12,4.742839728665389e-12,1.0,1.6973366253890836e-14,1.6973366253890836e-14,dissipation,Apatite,0.3532544378698225,1.6754291822563537e-12,0.3532544378698225,5.995916954776823e-15,0.44572664377524784,0.4457266437735724,0.9,1.20952190655227e-12,1.20952190655227e-12
Phosphorus,"('ecoinvent-3.4-biosphere', 'd761f94e-517d-41cf-89fa-17dc72f7a69b')",P,4.742839728665389e-12,4.742839728665389e-12,1.0,1.6973366253890836e-14,1.6973366253890836e-14,dissipation,Apatite,0.3532544378698225,1.6754291822563537e-12,0.3532544378698225,5.995916954776823e-15,0.44572664377524784,0.4457266437735724,0.9,1.20952190655227e-12,1.20952190655227e-12
Phosphorus,"('ecoinvent-3.4-biosphere', '2d4b8ec1-8d53-4e62-8a11-ebc45909b02e')",P,4.742839728665389e-12,4.742839728665389e-12,1.0,1.6973366253890836e-14,1.6973366253890836e-14,dissipation,Apatite,0.3532544378698225,1.6754291822563537e-12,0.3532544378698225,5.995916954776823e-15,0.44572664377524784,0.4457266437735724,0.9,1.20952190655227e-12,1.20952190655227e-12
Phosphorus,"('ecoinvent-3.4-biosphere', '76b09afe-52b9-4ecc-b97a-00b49ad8ed1a')",P,4.742839728665389e-12,4.742839728665389e-12,1.0,1.6973366253890836e-14,1.6973366253890836e-14,dissipation,Apatite,0.3532544378698225,1.6754291822563537e-12,0.3532544378698225,5.995916954776823e-15,0.44572664377524784,0.4457266437735724,0.9,1.20952190655227e-12,1.20952190655227e-12
Phosphorus,"('ecoinvent-3.4-biosphere', 'ea4e9316-5080-4b3b-bbf3-1949f6d7577a')",P,4.742839728665389e-12,4.742839728665389e-12,1.0,1.6973366253890836e-14,1.6973366253890836e-14,dissipation,Apatite,0.3532544378698225,1.6754291822563537e-12,0.3532544378698225,5.995916954776823e-15,0.44572664377524784,0.4457266437735724,0.9,1.20952190655227e-12,1.20952190655227e-12
Phosphorus,"('ecoinvent-3.4-biosphere', '62f3d964-9b53-4d01-9ee0-04112dcfc6d2')",P,4.742839728665389e-12,4.742839728665389e-12,1.0,1.6973366253890836e-14,1.6973366253890836e-14,dissipation,Apatite,0.3532544378698225,1.6754291822563537e-12,0.3532544378698225,5.995916954776823e-15,0.44572664377524784,0.4457266437735724,0.9,1.20952190655227e-12,1.20952190655227e-12
Phosphorus,"('ecoinvent-3.4-biosphere', '198ce8e3-f05a-4bec-9f7f-325347453326')",P,4.742839728665389e-12,4.742839728665389e-12,1.0,1.6973366253890836e-14,1.6973366253890836e-14,dissipation,Apatite,0.3532544378698225,1.6754291822563537e-12,0.3532544378698225,5.995916954776823e-15,0.44572664377524784,0.4457266437735724,0.9,1.20952190655227e-12,1.20952190655227e-12
Nickel,"('ecoinvent-3.4-biosphere', '56815b4f-6138-4e0b-9fac-c94fd6b102b3')",Ni,4.62379982443912e-12,4.62379982443912e-12,1.0,9.066741688482605e-14,9.066741688482605e-14,dissipation,Pentlandite(sulphides) / Garnierite(laterites),2.9342028985507245,1.3567166847187598e-11,2.9342028985507245,2.660365974275635e-13,0.010558917414268303,0.010558917400701136,0.0803628113054402,1.0756192210881725e-09,1.0756192210881725e-09
Nickel,"('ecoinvent-3.4-biosphere', 'e43a270f-4f88-4789-a0b8-7aba56677743')",Ni,4.62379982443912e-12,4.62379982443912e-12,1.0,9.066741688482605e-14,9.066741688482605e-14,dissipation,Pentlandite(sulphides) / Garnierite(laterites),2.9342028985507245,1.3567166847187598e-11,2.9342028985507245,2.660365974275635e-13,0.010558917414268303,0.010558917400701136,0.0803628113054402,1.0756192210881725e-09,1.0756192210881725e-09
Nickel,"('ecoinvent-3.4-biosphere', 'a72a45ee-395a-4d25-b893-9d183e43e76e')",Ni,4.62379982443912e-12,4.62379982443912e-12,1.0,9.066741688482605e-14,9.066741688482605e-14,dissipation,Pentlandite(sulphides) / Garnierite(laterites),2.9342028985507245,1.3567166847187598e-11,2.9342028985507245,2.660365974275635e-13,0.010558917414268303,0.010558917400701136,0.0803628113054402,1.0756192210881725e-09,1.0756192210881725e-09
Nickel,"('ecoinvent-3.4-biosphere', 'e8fc62ba-678e-4706-97d2-b79d83e227d5')",Ni,4.62379982443912e-12,4.62379982443912e-12,1.0,9.066741688482605e-14,9.066741688482605e-14,dissipation,Pentlandite(sulphides) / Garnierite(laterites),2.9342028985507245,1.3567166847187598e-11,2.9342028985507245,2.660365974275635e-13,0.010558917414268303,0.010558917400701136,0.0803628113054402,1.0756192210881725e-09,1.0756192210881725e-09
Nickel,"('ecoinvent-3.4-biosphere', '5de1943f-b011-45a0-97d4-ed15eea6a382')",Ni,4.62379982443912e-12,4.62379982443912e-12,1.0,9.066741688482605e-14,9.066741688482605e-14,dissipation,Pentlandite(sulphides) / Garnierite(laterites),2.9342028985507245,1.3567166847187598e-11,2.9342028985507245,2.660365974275635e-13,0.010558917414268303,0.010558917400701136,0.0803628113054402,1.0756192210881725e-09,1.0756192210881725e-09
Nickel,"('ecoinvent-3.4-biosphere', 'b4580545-243d-48d2-a3a0-2633a4f46fb1')",Ni,4.62379982443912e-12,4.62379982443912e-12,1.0,9.066741688482605e-14,9.066741688482605e-14,dissipation,Pentlandite(sulphides) / Garnierite(laterites),2.9342028985507245,1.3567166847187598e-11,2.9342028985507245,2.660365974275635e-13,0.010558917414268303,0.010558917400701136,0.0803628113054402,1.0756192210881725e-09,1.0756192210881725e-09
Nickel,"('ecoinvent-3.4-biosphere', 'c89873de-cd23-4323-a948-f5cfeebd2fc9')",Ni,4.62379982443912e-12,4.62379982443912e-12,1.0,9.066741688482605e-14,9.066741688482605e-14,dissipation,Pentlandite(sulphides) / Garnierite(laterites),2.9342028985507245,1.3567166847187598e-11,2.9342028985507245,2.660365974275635e-13,0.010558917414268303,0.010558917400701136,0.0803628113054402,1.0756192210881725e-09,1.0756192210881725e-09
Nickel,"('ecoinvent-3.4-biosphere', '2bcad3b3-5305-481c-a166-ad5e6eac2675')",Ni,4.62379982443912e-12,4.62379982443912e-12,1.0,9.066741688482605e-14,9.066741688482605e-14,dissipation,Pentlandite(sulphides) / Garnierite(laterites),2.9342028985507245,1.3567166847187598e-11,2.9342028985507245,2.660365974275635e-13,0.010558917414268303,0.010558917400701136,0.0803628113054402,1.0756192210881725e-09,1.0756192210881725e-09
Nickel,"('ecoinvent-3.4-biosphere', '0545c382-2312-43b6-9ec3-63dbb1438565')",Ni,4.62379982443912e-12,4.62379982443912e-12,1.0,9.066741688482605e-14,9.066741688482605e-14,dissipation,Pentlandite(sulphides) / Garnierite(laterites),2.9342028985507245,1.3567166847187598e-11,2.9342028985507245,2.660365974275635e-13,0.010558917414268303,0.010558917400701136,0.0803628113054402,1.0756192210881725e-09,1.0756192210881725e-09
Nickel,"('ecoinvent-3.4-biosphere', 'a5506f4b-113f-4713-95c3-c819dde6e48b')",Ni,4.62379982443912e-12,4.62379982443912e-12,1.0,9.066741688482605e-14,9.066741688482605e-14,dissipation,Pentlandite(sulphides) / Garnierite(laterites),2.9342028985507245,1.3567166847187598e-11,2.9342028985507245,2.660365974275635e-13,0.010558917414268303,0.010558917400701136,0.0803628113054402,1.0756192210881725e-09,1.0756192210881725e-09
Iron,"('ecoinvent-3.4-biosphere', '76152de4-9499-48f7-af98-a5d41842484a')",Fe,4.390661176543985e-12,4.390661176543985e-12,1.0,9.645225823667623e-15,9.645225823667623e-15,dissipation,Hematite,1.0,4.390661176543985e-12,1.0,9.645225823667623e-15,0.4660557498197291,0.4660557498153384,0.95,6.966834689594578e-12,6.966834689594578e-12
Iron,"('ecoinvent-3.4-biosphere', 'e3043a7f-5347-4c7b-89ee-93f11b2f6d9b')",Fe,4.390661176543985e-12,4.390661176543985e-12,1.0,9.645225823667623e-15,9.645225823667623e-15,dissipation,Hematite,1.0,4.390661176543985e-12,1.0,9.645225823667623e-15,0.4660557498197291,0.4660557498153384,0.95,6.966834689594578e-12,6.966834689594578e-12
Iron,"('ecoinvent-3.4-biosphere', '0dc0bbb0-1141-4dff-b6a2-8bd5368e14af')",Fe,4.390661176543985e-12,4.390661176543985e-12,1.0,9.645225823667623e-15,9.645225823667623e-15,dissipation,Hematite,1.0,4.390661176543985e-12,1.0,9.645225823667623e-15,0.4660557498197291,0.4660557498153384,0.95,6.966834689594578e-12,6.966834689594578e-12
Iron,"('ecoinvent-3.4-biosphere', '98693cdf-d9fc-43ed-bfe6-78dfe5742d33')",Fe,4.390661176543985e-12,4.390661176543985e-12,1.0,9.645225823667623e-15,9.645225823667623e-15,dissipation,Hematite,1.0,4.390661176543985e-12,1.0,9.645225823667623e-15,0.4660557498197291,0.4660557498153384,0.95,6.966834689594578e-12,6.966834689594578e-12
Iron,"('ecoinvent-3.4-biosphere', 'ce567bdc-76ec-4ca0-be79-8bb796e448b3')",Fe,4.390661176543985e-12,4.390661176543985e-12,1.0,9.645225823667623e-15,9.645225823667623e-15,dissipation,Hematite,1.0,4.390661176543985e-12,1.0,9.645225823667623e-15,0.4660557498197291,0.4660557498153384,0.95,6.966834689594578e-12,6.966834689594578e-12
Iron,"('ecoinvent-3.4-biosphere', 'e8bd2edd-f937-49f6-9e8b-9f445278775e')",Fe,4.390661176543985e-12,4.390661176543985e-12,1.0,9.645225823667623e-15,9.645225823667623e-15,dissipation,Hematite,1.0,4.390661176543985e-12,1.0,9.645225823667623e-15,0.4660557498197291,0.4660557498153384,0.95,6.966834689594578e-12,6.966834689594578e-12
Iron,"('ecoinvent-3.4-biosphere', '32cd0492-c0cb-4898-a2b1-675eedc5b688')",Fe,4.390661176543985e-12,4.390661176543985e-12,1.0,9.645225823667623e-15,9.645225823667623e-15,dissipation,Hematite,1.0,4.390661176543985e-12,1.0,9.645225823667623e-15,0.4660557498197291,0.4660557498153384,0.95,6.966834689594578e-12,6.966834689594578e-12
Iron,"('ecoinvent-3.4-biosphere', 'c983ad54-12e9-47a5-b747-5e5c448e58e2')",Fe,4.390661176543985e-12,4.390661176543985e-12,1.0,9.645225823667623e-15,9.645225823667623e-15,dissipation,Hematite,1.0,4.390661176543985e-12,1.0,9.645225823667623e-15,0.4660557498197291,0.4660557498153384,0.95,6.966834689594578e-12,6.966834689594578e-12
Iron,"('ecoinvent-3.4-biosphere', '8dba66e2-0f2e-4038-84ef-1e40b4f573a6')",Fe,4.390661176543985e-12,4.390661176543985e-12,1.0,9.645225823667623e-15,9.645225823667623e-15,dissipation,Hematite,1.0,4.390661176543985e-12,1.0,9.645225823667623e-15,0.4660557498197291,0.4660557498153384,0.95,6.966834689594578e-12,6.966834689594578e-12
Iron,"('ecoinvent-3.4-biosphere', 'db364689-e1a3-4629-8835-e6c59d6daf09')",Fe,4.390661176543985e-12,4.390661176543985e-12,1.0,9.645225823667623e-15,9.645225823667623e-15,dissipation,Hematite,1.0,4.390661176543985e-12,1.0,9.645225823667623e-15,0.4660557498197291,0.4660557498153384,0.95,6.966834689594578e-12,6.966834689594578e-12
Manganese,"('ecoinvent-3.4-biosphere', '44f28e11-061d-44fd-8f25-dc62a9f1fa57')",Mn,3.740493490908512e-12,3.740493490908512e-12,1.0,6.485008032108113e-14,6.485008032108113e-14,dissipation,Pyrolusite,1.5822784810126582,5.9185023590324565e-12,1.5822784810126582,1.0261088658398912e-13,0.29578603669687803,0.29578603669095954,0.6709603911825677,3.4670668876117727e-12,3.4670668876117727e-12
Manganese,"('ecoinvent-3.4-biosphere', '2460f868-54a9-404c-bec8-c809a44ae72c')",Mn,3.740493490908512e-12,3.740493490908512e-12,1.0,6.485008032108113e-14,6.485008032108113e-14,dissipation,Pyrolusite,1.5822784810126582,5.9185023590324565e-12,1.5822784810126582,1.0261088658398912e-13,0.29578603669687803,0.29578603669095954,0.6709603911825677,3.4670668876117727e-12,3.4670668876117727e-12
Manganese,"('ecoinvent-3.4-biosphere', '835d0907-a668-4d92-b6b6-7b56fa343713')",Mn,3.740493490908512e-12,3.740493490908512e-12,1.0,6.485008032108113e-14,6.485008032108113e-14,dissipation,Pyrolusite,1.5822784810126582,5.9185023590324565e-12,1.5822784810126582,1.0261088658398912e-13,0.29578603669687803,0.29578603669095954,0.6709603911825677,3.4670668876117727e-12,3.4670668876117727e-12
Manganese,"('ecoinvent-3.4-biosphere', '295060ba-3c3d-45e4-99ca-e17b1204b553')",Mn,3.740493490908512e-12,3.740493490908512e-12,1.0,6.485008032108113e-14,6.485008032108113e-14,dissipation,Pyrolusite,1.5822784810126582,5.9185023590324565e-12,1.5822784810126582,1.0261088658398912e-13,0.29578603669687803,0.29578603669095954,0.6709603911825677,3.4670668876117727e-12,3.4670668876117727e-12
Manganese,"('ecoinvent-3.4-biosphere', 'f532985c-90b7-46fc-aac9-b039b40e22f1')",Mn,3.740493490908512e-12,3.740493490908512e-12,1.0,6.485008032108113e-14,6.485008032108113e-14,dissipation,Pyrolusite,1.5822784810126582,5.9185023590324565e-12,1.5822784810126582,1.0261088658398912e-13,0.29578603669687803,0.29578603669095954,0.6709603911825677,3.4670668876117727e-12,3.4670668876117727e-12
Manganese,"('ecoinvent-3.4-biosphere', '0af26a55-d357-469f-abad-8ced785cb4fb')",Mn,3.740493490908512e-12,3.740493490908512e-12,1.0,6.485008032108113e-14,6.485008032108113e-14,dissipation,Pyrolusite,1.5822784810126582,5.9185023590324565e-12,1.5822784810126582,1.0261088658398912e-13,0.29578603669687803,0.29578603669095954,0.6709603911825677,3.4670668876117727e-12,3.4670668876117727e-12
Manganese,"('ecoinvent-3.4-biosphere', 'b0546417-3064-4878-bd6f-2da75cefdf63')",Mn,3.740493490908512e-12,3.740493490908512e-12,1.0,6.485008032108113e-14,6.485008032108113e-14,dissipation,Pyrolusite,1.5822784810126582,5.9185023590324565e-12,1.5822784810126582,1.0261088658398912e-13,0.29578603669687803,0.29578603669095954,0.6709603911825677,3.4670668876117727e-12,3.4670668876117727e-12
Manganese,"('ecoinvent-3.4-biosphere', 'c91fd4bf-ed70-4e2f-a34f-159773f981b6')",Mn,3.740493490908512e-12,3.740493490908512e-12,1.0,6.485008032108113e-14,6.485008032108113e-14,dissipation,Pyrolusite,1.5822784810126582,5.9185023590324565e-12,1.5822784810126582,1.0261088658398912e-13,0.29578603669687803,0.29578603669095954,0.6709603911825677,3.4670668876117727e-12,3.4670668876117727e-12
Manganese,"('ecoinvent-3.4-biosphere', '9c706cff-cb82-4207-a589-95896e04dc08')",Mn,3.740493490908512e-12,3.740493490908512e-12,1.0,6.485008032108113e-14,6.485008032108113e-14,dissipation,Pyrolusite,1.5822784810126582,5.9185023590324565e-12,1.5822784810126582,1.0261088658398912e-13,0.29578603669687803,0.29578603669095954,0.6709603911825677,3.4670668876117727e-12,3.4670668876117727e-12
Manganese,"('ecoinvent-3.4-biosphere', '009a49e8-09a7-4432-9cb9-f2dd18e8f922')",Mn,3.740493490908512e-12,3.740493490908512e-12,1.0,6.485008032108113e-14,6.485008032108113e-14,dissipation,Pyrolusite,1.5822784810126582,5.9185023590324565e-12,1.5822784810126582,1.0261088658398912e-13,0.29578603669687803,0.29578603669095954,0.6709603911825677,3.4670668876117727e-12,3.4670668876117727e-12
Manganese,"('ecoinvent-3.4-biosphere', '6b7fbea6-4a86-40f9-954d-3c9b3611abfd')",Mn,3.740493490908512e-12,3.740493490908512e-12,1.0,6.485008032108113e-14,6.485008032108113e-14,dissipation,Pyrolusite,1.5822784810126582,5.9185023590324565e-12,1.5822784810126582,1.0261088658398912e-13,0.29578603669687803,0.29578603669095954,0.6709603911825677,3.4670668876117727e-12,3.4670668876117727e-12
Manganese,"('ecoinvent-3.4-biosphere', '10cbd2f7-c41b-4bb4-b636-d8fc15cf0282')",Mn,3.740493490908512e-12,3.740493490908512e-12,1.0,6.485008032108113e-14,6.485008032108113e-14,dissipation,Pyrolusite,1.5822784810126582,5.9185023590324565e-12,1.5822784810126582,1.0261088658398912e-13,0.29578603669687803,0.29578603669095954,0.6709603911825677,3.4670668876117727e-12,3.4670668876117727e-12
Manganese,"('ecoinvent-3.4-biosphere', '42053ffb-9284-49cb-88f9-33ac5c77be4a')",Mn,3.740493490908512e-12,3.740493490908512e-12,1.0,6.485008032108113e-14,6.485008032108113e-14,dissipation,Pyrolusite,1.5822784810126582,5.9185023590324565e-12,1.5822784810126582,1.0261088658398912e-13,0.29578603669687803,0.29578603669095954,0.6709603911825677,3.4670668876117727e-12,3.4670668876117727e-12
Manganese,"('ecoinvent-3.4-biosphere', '9ba8c05d-1593-45a5-8d3b-5c4f3e9fef32')",Mn,3.740493490908512e-12,3.740493490908512e-12,1.0,6.485008032108113e-14,6.485008032108113e-14,dissipation,Pyrolusite,1.5822784810126582,5.9185023590324565e-12,1.5822784810126582,1.0261088658398912e-13,0.29578603669687803,0.29578603669095954,0.6709603911825677,3.4670668876117727e-12,3.4670668876117727e-12
Dichromate,"('ecoinvent-3.4-biosphere', '3b8a6f65-384b-4086-a817-b0c77555b78a')",Cr,3.2504457515564644e-12,3.2504457515564644e-12,0.48146673457104494,1.5059611681739826e-13,1.5059611681739826e-13,dissipation,Chromite,2.152027027027027,6.995047107234689e-12,1.0361294254113367,3.2408691355636045e-13,0.2461272270789205,0.24612722707192547,0.81,1.5656373026672478e-12,1.5656373026672478e-12
Dichromate,"('ecoinvent-3.4-biosphere', 'ff5b7e31-3118-40f5-9b82-f65018442d77')",Cr,3.2504457515564644e-12,3.2504457515564644e-12,0.48146673457104494,1.5059611681739826e-13,1.5059611681739826e-13,dissipation,Chromite,2.152027027027027,6.995047107234689e-12,1.0361294254113367,3.2408691355636045e-13,0.2461272270789205,0.24612722707192547,0.81,1.5656373026672478e-12,1.5656373026672478e-12
Dichromate,"('ecoinvent-3.4-biosphere', '1ad3b0dc-fce4-416b-9851-f29d12cce55a')",Cr,3.2504457515564644e-12,3.2504457515564644e-12,0.48146673457104494,1.5059611681739826e-13,1.5059611681739826e-13,dissipation,Chromite,2.152027027027027,6.995047107234689e-12,1.0361294254113367,3.2408691355636045e-13,0.2461272270789205,0.24612722707192547,0.81,1.5656373026672478e-12,1.5656373026672478e-12
Dichromate,"('ecoinvent-3.4-biosphere', 'd26099e9-c6bc-4d7f-a0bd-29c884965ba5')",Cr,3.2504457515564644e-12,3.2504457515564644e-12,0.48146673457104494,1.5059611681739826e-13,1.5059611681739826e-13,dissipation,Chromite,2.152027027027027,6.995047107234689e-12,1.0361294254113367,3.2408691355636045e-13,0.2461272270789205,0.24612722707192547,0.81,1.5656373026672478e-12,1.5656373026672478e-12
Dichromate,"('ecoinvent-3.4-biosphere', 'b6ecaa32-6ab5-4060-b641-45a2bf7beded')",Cr,3.2504457515564644e-12,3.2504457515564644e-12,0.48146673457104494,1.5059611681739826e-13,1.5059611681739826e-13,dissipation,Chromite,2.152027027027027,6.995047107234689e-12,1.0361294254113367,3.2408691355636045e-13,0.2461272270789205,0.24612722707192547,0.81,1.5656373026672478e-12,1.5656373026672478e-12
Nickel,"('ecoinvent-3.4-biosphere', '56815b4f-6138-4e0b-9fac-c94fd6b102b3')",Ni,3.08084277038755e-12,3.08084277038755e-12,1.0,9.066741688482605e-14,9.066741688482605e-14,dissipation,Pentlandite(sulphides) / Garnierite(laterites),2.9342028985507245,9.039817786850194e-12,2.9342028985507245,2.660365974275635e-13,0.010558917414268303,0.010558917405228485,0.0803628113054402,7.166892429517964e-10,7.166892429517964e-10
Nickel,"('ecoinvent-3.4-biosphere', 'e43a270f-4f88-4789-a0b8-7aba56677743')",Ni,3.08084277038755e-12,3.08084277038755e-12,1.0,9.066741688482605e-14,9.066741688482605e-14,dissipation,Pentlandite(sulphides) / Garnierite(laterites),2.9342028985507245,9.039817786850194e-12,2.9342028985507245,2.660365974275635e-13,0.010558917414268303,0.010558917405228485,0.0803628113054402,7.166892429517964e-10,7.166892429517964e-10
Nickel,"('ecoinvent-3.4-biosphere', 'a72a45ee-395a-4d25-b893-9d183e43e76e')",Ni,3.08084277038755e-12,3.08084277038755e-12,1.0,9.066741688482605e-14,9.066741688482605e-14,dissipation,Pentlandite(sulphides) / Garnierite(laterites),2.9342028985507245,9.039817786850194e-12,2.9342028985507245,2.660365974275635e-13,0.010558917414268303,0.010558917405228485,0.0803628113054402,7.166892429517964e-10,7.166892429517964e-10
Nickel,"('ecoinvent-3.4-biosphere', 'e8fc62ba-678e-4706-97d2-b79d83e227d5')",Ni,3.08084277038755e-12,3.08084277038755e-12,1.0,9.066741688482605e-14,9.066741688482605e-14,dissipation,Pentlandite(sulphides) / Garnierite(laterites),2.9342028985507245,9.039817786850194e-12,2.9342028985507245,2.660365974275635e-13,0.010558917414268303,0.010558917405228485,0.0803628113054402,7.166892429517964e-10,7.166892429517964e-10
Nickel,"('ecoinvent-3.4-biosphere', '5de1943f-b011-45a0-97d4-ed15eea6a382')",Ni,3.08084277038755e-12,3.08084277038755e-12,1.0,9.066741688482605e-14,9.066741688482605e-14,dissipation,Pentlandite(sulphides) / Garnierite(laterites),2.9342028985507245,9.039817786850194e-12,2.9342028985507245,2.660365974275635e-13,0.010558917414268303,0.010558917405228485,0.0803628113054402,7.166892429517964e-10,7.166892429517964e-10
Nickel,"('ecoinvent-3.4-biosphere', 'b4580545-243d-48d2-a3a0-2633a4f46fb1')",Ni,3.08084277038755e-12,3.08084277038755e-12,1.0,9.066741688482605e-14,9.066741688482605e-14,dissipation,Pentlandite(sulphides) / Garnierite(laterites),2.9342028985507245,9.039817786850194e-12,2.9342028985507245,2.660365974275635e-13,0.010558917414268303,0.010558917405228485,0.0803628113054402,7.166892429517964e-10,7.166892429517964e-10
Nickel,"('ecoinvent-3.4-biosphere', 'c89873de-cd23-4323-a948-f5cfeebd2fc9')",Ni,3.08084277038755e-12,3.08084277038755e-12,1.0,9.066741688482605e-14,9.066741688482605e-14,dissipation,Pentlandite(sulphides) / Garnierite(laterites),2.9342028985507245,9.039817786850194e-12,2.9342028985507245,2.660365974275635e-13,0.010558917414268303,0.010558917405228485,0.0803628113054402,7.166892429517964e-10,7.166892429517964e-10
Nickel,"('ecoinvent-3.4-biosphere', '2bcad3b3-5305-481c-a166-ad5e6eac2675')",Ni,3.08084277038755e-12,3.08084277038755e-12,1.0,9.066741688482605e-14,9.066741688482605e-14,dissipation,Pentlandite(sulphides) / Garnierite(laterites),2.9342028985507245,9.039817786850194e-12,2.9342028985507245,2.660365974275635e-13,0.010558917414268303,0.010558917405228485,0.0803628113054402,7.166892429517964e-10,7.166892429517964e-10
Nickel,"('ecoinvent-3.4-biosphere', '0545c382-2312-43b6-9ec3-63dbb1438565')",Ni,3.08084277038755e-12,3.08084277038755e-12,1.0,9.066741688482605e-14,9.066741688482605e-14,dissipation,Pentlandite(sulphides) / Garnierite(laterites),2.9342028985507245,9.039817786850194e-12,2.9342028985507245,2.660365974275635e-13,0.010558917414268303,0.010558917405228485,0.0803628113054402,7.166892429517964e-10,7.166892429517964e-10
Nickel,"('ecoinvent-3.4-biosphere', 'a5506f4b-113f-4713-95c3-c819dde6e48b')",Ni,3.08084277038755e-12,3.08084277038755e-12,1.0,9.066741688482605e-14,9.066741688482605e-14,dissipation,Pentlandite(sulphides) / Garnierite(laterites),2.9342028985507245,9.039817786850194e-12,2.9342028985507245,2.660365974275635e-13,0.010558917414268303,0.010558917405228485,0.0803628113054402,7.166892429517964e-10,7.166892429517964e-10
Phosphorus,"('ecoinvent-3.4-biosphere', '8b0a4a41-c65c-4d94-b10c-94ddb98abdd2')",P,3.0655314921485618e-12,3.0655314921485618e-12,1.0,1.6973366253890836e-14,1.6973366253890836e-14,dissipation,Apatite,0.3532544378698225,1.0829126040311784e-12,0.3532544378698225,5.995916954776823e-15,0.44572664377524784,0.44572664377416493,0.9,7.818113508413968e-13,7.818113508413968e-13
Phosphorus,"('ecoinvent-3.4-biosphere', 'b6e2f7f4-6b2e-4b3e-be1f-67626cb8205d')",P,3.0655314921485618e-12,3.0655314921485618e-12,1.0,1.6973366253890836e-14,1.6973366253890836e-14,dissipation,Apatite,0.3532544378698225,1.0829126040311784e-12,0.3532544378698225,5.995916954776823e-15,0.44572664377524784,0.44572664377416493,0.9,7.818113508413968e-13,7.818113508413968e-13
Phosphorus,"('ecoinvent-3.4-biosphere', 'b2631209-8374-431e-b7d5-56c96c6b6d79')",P,3.0655314921485618e-12,3.0655314921485618e-12,1.0,1.6973366253890836e-14,1.6973366253890836e-14,dissipation,Apatite,0.3532544378698225,1.0829126040311784e-12,0.3532544378698225,5.995916954776823e-15,0.44572664377524784,0.44572664377416493,0.9,7.818113508413968e-13,7.818113508413968e-13
Phosphorus,"('ecoinvent-3.4-biosphere', 'e2d35af7-9806-46ff-9b75-b124a48fa5a1')",P,3.0655314921485618e-12,3.0655314921485618e-12,1.0,1.6973366253890836e-14,1.6973366253890836e-14,dissipation,Apatite,0.3532544378698225,1.0829126040311784e-12,0.3532544378698225,5.995916954776823e-15,0.44572664377524784,0.44572664377416493,0.9,7.818113508413968e-13,7.818113508413968e-13
Phosphorus,"('ecoinvent-3.4-biosphere', 'c89a0749-40a5-4c9c-8770-c4295ea34977')",P,3.0655314921485618e-12,3.0655314921485618e-12,1.0,1.6973366253890836e-14,1.6973366253890836e-14,dissipation,Apatite,0.3532544378698225,1.0829126040311784e-12,0.3532544378698225,5.995916954776823e-15,0.44572664377524784,0.44572664377416493,0.9,7.818113508413968e-13,7.818113508413968e-13
Phosphorus,"('ecoinvent-3.4-biosphere', 'f5e7e615-4160-4df9-b39b-7463eaed77c7')",P,3.0655314921485618e-12,3.0655314921485618e-12,1.0,1.6973366253890836e-14,1.6973366253890836e-14,dissipation,Apatite,0.3532544378698225,1.0829126040311784e-12,0.3532544378698225,5.995916954776823e-15,0.44572664377524784,0.44572664377416493,0.9,7.818113508413968e-13,7.818113508413968e-13
Phosphorus,"('ecoinvent-3.4-biosphere', 'b1fca66f-8e83-469a-a7b5-018e14d5d545')",P,3.0655314921485618e-12,3.0655314921485618e-12,1.0,1.6973366253890836e-14,1.6973366253890836e-14,dissipation,Apatite,0.3532544378698225,1.0829126040311784e-12,0.3532544378698225,5.995916954776823e-15,0.44572664377524784,0.44572664377416493,0.9,7.818113508413968e-13,7.818113508413968e-13
Phosphorus,"('ecoinvent-3.4-biosphere', '2f8952b0-c90c-4e3d-b546-52b862fc8f11')",P,3.0655314921485618e-12,3.0655314921485618e-12,1.0,1.6973366253890836e-14,1.6973366253890836e-14,dissipation,Apatite,0.3532544378698225,1.0829126040311784e-12,0.3532544378698225,5.995916954776823e-15,0.44572664377524784,0.44572664377416493,0.9,7.818113508413968e-13,7.818113508413968e-13
Phosphorus,"('ecoinvent-3.4-biosphere', 'd761f94e-517d-41cf-89fa-17dc72f7a69b')",P,3.0655314921485618e-12,3.0655314921485618e-12,1.0,1.6973366253890836e-14,1.6973366253890836e-14,dissipation,Apatite,0.3532544378698225,1.0829126040311784e-12,0.3532544378698225,5.995916954776823e-15,0.44572664377524784,0.44572664377416493,0.9,7.818113508413968e-13,7.818113508413968e-13
Phosphorus,"('ecoinvent-3.4-biosphere', '2d4b8ec1-8d53-4e62-8a11-ebc45909b02e')",P,3.0655314921485618e-12,3.0655314921485618e-12,1.0,1.6973366253890836e-14,1.6973366253890836e-14,dissipation,Apatite,0.3532544378698225,1.0829126040311784e-12,0.3532544378698225,5.995916954776823e-15,0.44572664377524784,0.44572664377416493,0.9,7.818113508413968e-13,7.818113508413968e-13
Phosphorus,"('ecoinvent-3.4-biosphere', '76b09afe-52b9-4ecc-b97a-00b49ad8ed1a')",P,3.0655314921485618e-12,3.0655314921485618e-12,1.0,1.6973366253890836e-14,1.6973366253890836e-14,dissipation,Apatite,0.3532544378698225,1.0829126040311784e-12,0.3532544378698225,5.995916954776823e-15,0.44572664377524784,0.44572664377416493,0.9,7.818113508413968e-13,7.818113508413968e-13
Phosphorus,"('ecoinvent-3.4-biosphere', 'ea4e9316-5080-4b3b-bbf3-1949f6d7577a')",P,3.0655314921485618e-12,3.0655314921485618e-12,1.0,1.6973366253890836e-14,1.6973366253890836e-14,dissipation,Apatite,0.3532544378698225,1.0829126040311784e-12,0.3532544378698225,5.995916954776823e-15,0.44572664377524784,0.44572664377416493,0.9,7.818113508413968e-13,7.818113508413968e-13
Phosphorus,"('ecoinvent-3.4-biosphere', '62f3d964-9b53-4d01-9ee0-04112dcfc6d2')",P,3.0655314921485618e-12,3.0655314921485618e-12,1.0,1.6973366253890836e-14,1.6973366253890836e-14,dissipation,Apatite,0.3532544378698225,1.0829126040311784e-12,0.3532544378698225,5.995916954776823e-15,0.44572664377524784,0.44572664377416493,0.9,7.818113508413968e-13,7.818113508413968e-13
Phosphorus,"('ecoinvent-3.4-biosphere', '198ce8e3-f05a-4bec-9f7f-325347453326')",P,3.0655314921485618e-12,3.0655314921485618e-12,1.0,1.6973366253890836e-14,1.6973366253890836e-14,dissipation,Apatite,0.3532544378698225,1.0829126040311784e-12,0.3532544378698225,5.995916954776823e-15,0.44572664377524784,0.44572664377416493,0.9,7.818113508413968e-13,7.818113508413968e-13
Tin,"('ecoinvent-3.4-biosphere', '8a422b03-1055-4bc8-b439-27bf8d7eef57')",Sn,2.9731138787048017e-12,2.9731138787048017e-12,1.0,1.3268575464212294e-13,1.3268575464212294e-13,dissipation,Cassiterite,1.26875,3.772138233606718e-12,1.26875,1.6834505120219348e-13,0.009054537241268257,0.009054537237496118,0.8632947389802966,1.2171718454475737e-09,1.2171718454475737e-09
Tin,"('ecoinvent-3.4-biosphere', '19b6e569-85a4-4ea9-a590-d61a21e3c846')",Sn,2.9731138787048017e-12,2.9731138787048017e-12,1.0,1.3268575464212294e-13,1.3268575464212294e-13,dissipation,Cassiterite,1.26875,3.772138233606718e-12,1.26875,1.6834505120219348e-13,0.009054537241268257,0.009054537237496118,0.8632947389802966,1.2171718454475737e-09,1.2171718454475737e-09
Tin,"('ecoinvent-3.4-biosphere', '168c970b-91c9-4427-a3a0-6686ad6cc2c4')",Sn,2.9731138787048017e-12,2.9731138787048017e-12,1.0,1.3268575464212294e-13,1.3268575464212294e-13,dissipation,Cassiterite,1.26875,3.772138233606718e-12,1.26875,1.6834505120219348e-13,0.009054537241268257,0.009054537237496118,0.8632947389802966,1.2171718454475737e-09,1.2171718454475737e-09
Tin,"('ecoinvent-3.4-biosphere', 'c67e3ba8-ddce-4931-b4b0-f4f9a56ccf40')",Sn,2.9731138787048017e-12,2.9731138787048017e-12,1.0,1.3268575464212294e-13,1.3268575464212294e-13,dissipation,Cassiterite,1.26875,3.772138233606718e-12,1.26875,1.6834505120219348e-13,0.009054537241268257,0.009054537237496118,0.8632947389802966,1.2171718454475737e-09,1.2171718454475737e-09
Tin,"('ecoinvent-3.4-biosphere', '6366d4ec-5ffc-4488-be51-0c239cdf535d')",Sn,2.9731138787048017e-12,2.9731138787048017e-12,1.0,1.3268575464212294e-13,1.3268575464212294e-13,dissipation,Cassiterite,1.26875,3.772138233606718e-12,1.26875,1.6834505120219348e-13,0.009054537241268257,0.009054537237496118,0.8632947389802966,1.2171718454475737e-09,1.2171718454475737e-09
Tin,"('ecoinvent-3.4-biosphere', '85a764f2-a810-4b20-bc86-a45604262fda')",Sn,2.9731138787048017e-12,2.9731138787048017e-12,1.0,1.3268575464212294e-13,1.3268575464212294e-13,dissipation,Cassiterite,1.26875,3.772138233606718e-12,1.26875,1.6834505120219348e-13,0.009054537241268257,0.009054537237496118,0.8632947389802966,1.2171718454475737e-09,1.2171718454475737e-09
Tin,"('ecoinvent-3.4-biosphere', '2a7b68ff-f12a-44c6-8b31-71ec91d29889')",Sn,2.9731138787048017e-12,2.9731138787048017e-12,1.0,1.3268575464212294e-13,1.3268575464212294e-13,dissipation,Cassiterite,1.26875,3.772138233606718e-12,1.26875,1.6834505120219348e-13,0.009054537241268257,0.009054537237496118,0.8632947389802966,1.2171718454475737e-09,1.2171718454475737e-09
Tin,"('ecoinvent-3.4-biosphere', 'f563b90e-a300-4403-b278-d2fdcd73e5a7')",Sn,2.9731138787048017e-12,2.9731138787048017e-12,1.0,1.3268575464212294e-13,1.3268575464212294e-13,dissipation,Cassiterite,1.26875,3.772138233606718e-12,1.26875,1.6834505120219348e-13,0.009054537241268257,0.009054537237496118,0.8632947389802966,1.2171718454475737e-09,1.2171718454475737e-09
Tin,"('ecoinvent-3.4-biosphere', 'e070bd24-fd16-4963-8f4d-78bb4c402400')",Sn,2.9731138787048017e-12,2.9731138787048017e-12,1.0,1.3268575464212294e-13,1.3268575464212294e-13,dissipation,Cassiterite,1.26875,3.772138233606718e-12,1.26875,1.6834505120219348e-13,0.009054537241268257,0.009054537237496118,0.8632947389802966,1.2171718454475737e-09,1.2171718454475737e-09
Lead,"('ecoinvent-3.4-biosphere', 'e9e856c2-868e-435e-8425-8df1c9297cfc')",Pb,2.872932020363126e-12,2.872932020363126e-12,1.0,1.1855254708054448e-13,1.1855254708054448e-13,dissipation,Galena,1.1560975609756097,3.3213897015905404e-12,1.1560975609756097,1.370583105272636e-13,0.10515644248728105,0.10515644248395967,0.635111259945265,1.3759863416496502e-11,1.3759863416496502e-11
Lead,"('ecoinvent-3.4-biosphere', '4010918f-7fd0-4925-8fbb-8fd7a44a806c')",Pb,2.872932020363126e-12,2.872932020363126e-12,1.0,1.1855254708054448e-13,1.1855254708054448e-13,dissipation,Galena,1.1560975609756097,3.3213897015905404e-12,1.1560975609756097,1.370583105272636e-13,0.10515644248728105,0.10515644248395967,0.635111259945265,1.3759863416496502e-11,1.3759863416496502e-11
Lead,"('ecoinvent-3.4-biosphere', '2718482b-8399-442e-b89a-52fbcc22d2e6')",Pb,2.872932020363126e-12,2.872932020363126e-12,1.0,1.1855254708054448e-13,1.1855254708054448e-13,dissipation,Galena,1.1560975609756097,3.3213897015905404e-12,1.1560975609756097,1.370583105272636e-13,0.10515644248728105,0.10515644248395967,0.635111259945265,1.3759863416496502e-11,1.3759863416496502e-11
Lead,"('ecoinvent-3.4-biosphere', '837083ce-41cd-49f3-a849-d79564dac238')",Pb,2.872932020363126e-12,2.872932020363126e-12,1.0,1.1855254708054448e-13,1.1855254708054448e-13,dissipation,Galena,1.1560975609756097,3.3213897015905404e-12,1.1560975609756097,1.370583105272636e-13,0.10515644248728105,0.10515644248395967,0.635111259945265,1.3759863416496502e-11,1.3759863416496502e-11
Lead,"('ecoinvent-3.4-biosphere', '8e123669-94d3-41d8-9480-a79211fe7c43')",Pb,2.872932020363126e-12,2.872932020363126e-12,1.0,1.1855254708054448e-13,1.1855254708054448e-13,dissipation,Galena,1.1560975609756097,3.3213897015905404e-12,1.1560975609756097,1.370583105272636e-13,0.10515644248728105,0.10515644248395967,0.635111259945265,1.3759863416496502e-11,1.3759863416496502e-11
Lead,"('ecoinvent-3.4-biosphere', '9ee7f4ab-b826-47ae-8623-e138f944b42e')",Pb,2.872932020363126e-12,2.872932020363126e-12,1.0,1.1855254708054448e-13,1.1855254708054448e-13,dissipation,Galena,1.1560975609756097,3.3213897015905404e-12,1.1560975609756097,1.370583105272636e-13,0.10515644248728105,0.10515644248395967,0.635111259945265,1.3759863416496502e-11,1.3759863416496502e-11
Lead,"('ecoinvent-3.4-biosphere', '739234c8-5359-48b4-983f-9cb170d68c8d')",Pb,2.872932020363126e-12,2.872932020363126e-12,1.0,1.1855254708054448e-13,1.1855254708054448e-13,dissipation,Galena,1.1560975609756097,3.3213897015905404e-12,1.1560975609756097,1.370583105272636e-13,0.10515644248728105,0.10515644248395967,0.635111259945265,1.3759863416496502e-11,1.3759863416496502e-11
Lead,"('ecoinvent-3.4-biosphere', 'b3ebdcc3-c588-4997-95d2-9785b26b34e1')",Pb,2.872932020363126e-12,2.872932020363126e-12,1.0,1.1855254708054448e-13,1.1855254708054448e-13,dissipation,Galena,1.1560975609756097,3.3213897015905404e-12,1.1560975609756097,1.370583105272636e-13,0.10515644248728105,0.10515644248395967,0.635111259945265,1.3759863416496502e-11,1.3759863416496502e-11
Lead,"('ecoinvent-3.4-biosphere', '31c4d160-b21e-41b3-b9c1-3d7a72377653')",Pb,2.872932020363126e-12,2.872932020363126e-12,1.0,1.1855254708054448e-13,1.1855254708054448e-13,dissipation,Galena,1.1560975609756097,3.3213897015905404e-12,1.1560975609756097,1.370583105272636e-13,0.10515644248728105,0.10515644248395967,0.635111259945265,1.3759863416496502e-11,1.3759863416496502e-11
Lead,"('ecoinvent-3.4-biosphere', 'fe4613d7-1ed8-427d-9b06-c8e8f4f5e1b1')",Pb,2.872932020363126e-12,2.872932020363126e-12,1.0,1.1855254708054448e-13,1.1855254708054448e-13,dissipation,Galena,1.1560975609756097,3.3213897015905404e-12,1.1560975609756097,1.370583105272636e-13,0.10515644248728105,0.10515644248395967,0.635111259945265,1.3759863416496502e-11,1.3759863416496502e-11
Lead,"('ecoinvent-3.4-biosphere', '67652827-017f-4856-8d0a-c97bac4c6562')",Pb,2.872932020363126e-12,2.872932020363126e-12,1.0,1.1855254708054448e-13,1.1855254708054448e-13,dissipation,Galena,1.1560975609756097,3.3213897015905404e-12,1.1560975609756097,1.370583105272636e-13,0.10515644248728105,0.10515644248395967,0.635111259945265,1.3759863416496502e-11,1.3759863416496502e-11
Lead,"('ecoinvent-3.4-biosphere', 'c864aa15-0abc-41ad-9889-348106e485d8')",Pb,2.872932020363126e-12,2.872932020363126e-12,1.0,1.1855254708054448e-13,1.1855254708054448e-13,dissipation,Galena,1.1560975609756097,3.3213897015905404e-12,1.1560975609756097,1.370583105272636e-13,0.10515644248728105,0.10515644248395967,0.635111259945265,1.3759863416496502e-11,1.3759863416496502e-11
Lead,"('ecoinvent-3.4-biosphere', '0ff15165-d761-48c9-9814-2d1dcdd56857')",Pb,2.872932020363126e-12,2.872932020363126e-12,1.0,1.1855254708054448e-13,1.1855254708054448e-13,dissipation,Galena,1.1560975609756097,3.3213897015905404e-12,1.1560975609756097,1.370583105272636e-13,0.10515644248728105,0.10515644248395967,0.635111259945265,1.3759863416496502e-11,1.3759863416496502e-11
Lead,"('ecoinvent-3.4-biosphere', '6a903634-c97f-4c49-a7c0-88f0e6ac7a23')",Pb,2.872932020363126e-12,2.872932020363126e-12,1.0,1.1855254708054448e-13,1.1855254708054448e-13,dissipation,Galena,1.1560975609756097,3.3213897015905404e-12,1.1560975609756097,1.370583105272636e-13,0.10515644248728105,0.10515644248395967,0.635111259945265,1.3759863416496502e-11,1.3759863416496502e-11
Silver,"('ecoinvent-3.4-biosphere', 'ebb88ef4-50ab-4e3b-9251-c5fcdf6b4768')",Ag,2.526952781192308e-12,2.526952781192308e-12,1.0,1.5701960660375504e-13,1.5701960660375504e-13,dissipation,Argentite,1.1478494623655913,2.900561391314826e-12,1.1478494623655913,1.8023487102097688e-13,0.0005609394054083945,0.000560939402507833,0.9,8.158053664904727e-07,8.158053664904727e-07
Silver,"('ecoinvent-3.4-biosphere', 'c6462d84-caa9-425a-a923-45238690c6f3')",Ag,2.526952781192308e-12,2.526952781192308e-12,1.0,1.5701960660375504e-13,1.5701960660375504e-13,dissipation,Argentite,1.1478494623655913,2.900561391314826e-12,1.1478494623655913,1.8023487102097688e-13,0.0005609394054083945,0.000560939402507833,0.9,8.158053664904727e-07,8.158053664904727e-07
Silver,"('ecoinvent-3.4-biosphere', '6e8a87bf-baea-4cd9-a967-932e750968d1')",Ag,2.526952781192308e-12,2.526952781192308e-12,1.0,1.5701960660375504e-13,1.5701960660375504e-13,dissipation,Argentite,1.1478494623655913,2.900561391314826e-12,1.1478494623655913,1.8023487102097688e-13,0.0005609394054083945,0.000560939402507833,0.9,8.158053664904727e-07,8.158053664904727e-07
Silver,"('ecoinvent-3.4-biosphere', '0ed1b1a1-e56d-4860-bac7-d76a39bde930')",Ag,2.526952781192308e-12,2.526952781192308e-12,1.0,1.5701960660375504e-13,1.5701960660375504e-13,dissipation,Argentite,1.1478494623655913,2.900561391314826e-12,1.1478494623655913,1.8023487102097688e-13,0.0005609394054083945,0.000560939402507833,0.9,8.158053664904727e-07,8.158053664904727e-07
Silver,"('ecoinvent-3.4-biosphere', 'fce0b9ae-53c8-4ab0-9e7a-7f5c2ed2c856')",Ag,2.526952781192308e-12,2.526952781192308e-12,1.0,1.5701960660375504e-13,1.5701960660375504e-13,dissipation,Argentite,1.1478494623655913,2.900561391314826e-12,1.1478494623655913,1.8023487102097688e-13,0.0005609394054083945,0.000560939402507833,0.9,8.158053664904727e-07,8.158053664904727e-07
Silver,"('ecoinvent-3.4-biosphere', '48dbf4b1-0b2a-4bf5-a190-2d7fc465bda4')",Ag,2.526952781192308e-12,2.526952781192308e-12,1.0,1.5701960660375504e-13,1.5701960660375504e-13,dissipation,Argentite,1.1478494623655913,2.900561391314826e-12,1.1478494623655913,1.8023487102097688e-13,0.0005609394054083945,0.000560939402507833,0.9,8.158053664904727e-07,8.158053664904727e-07
Silver,"('ecoinvent-3.4-biosphere', '35df5fe0-c90d-43b4-a35a-3d97022114d2')",Ag,2.526952781192308e-12,2.526952781192308e-12,1.0,1.5701960660375504e-13,1.5701960660375504e-13,dissipation,Argentite,1.1478494623655913,2.900561391314826e-12,1.1478494623655913,1.8023487102097688e-13,0.0005609394054083945,0.000560939402507833,0.9,8.158053664904727e-07,8.158053664904727e-07
Silver,"('ecoinvent-3.4-biosphere', '16316600-f12a-410b-8726-3faee64de60a')",Ag,2.526952781192308e-12,2.526952781192308e-12,1.0,1.5701960660375504e-13,1.5701960660375504e-13,dissipation,Argentite,1.1478494623655913,2.900561391314826e-12,1.1478494623655913,1.8023487102097688e-13,0.0005609394054083945,0.000560939402507833,0.9,8.158053664904727e-07,8.158053664904727e-07
Silver,"('ecoinvent-3.4-biosphere', '7da45a0b-0dcf-413c-8de0-44d8ebca9e6e')",Ag,2.526952781192308e-12,2.526952781192308e-12,1.0,1.5701960660375504e-13,1.5701960660375504e-13,dissipation,Argentite,1.1478494623655913,2.900561391314826e-12,1.1478494623655913,1.8023487102097688e-13,0.0005609394054083945,0.000560939402507833,0.9,8.158053664904727e-07,8.158053664904727e-07
Cobalt,"('ecoinvent-3.4-biosphere', '9ce88274-57b6-42ed-a78b-4abef2301865')",Co,2.088856895938263e-12,2.088856895938263e-12,1.0,1.9447495148453946e-12,1.9447495148453946e-12,dissipation,Linnaeite,1.727272727272727,3.608025547529727e-12,1.727272727272727,3.3591127983693174e-12,0.015088369910128439,0.015088369906520413,0.0455986939380875,1.9765351633427608e-09,1.9765351633427608e-09
Cobalt,"('ecoinvent-3.4-biosphere', '1e904267-caa3-40e6-a3a0-fc104489770b')",Co,2.088856895938263e-12,2.088856895938263e-12,1.0,1.9447495148453946e-12,1.9447495148453946e-12,dissipation,Linnaeite,1.727272727272727,3.608025547529727e-12,1.727272727272727,3.3591127983693174e-12,0.015088369910128439,0.015088369906520413,0.0455986939380875,1.9765351633427608e-09,1.9765351633427608e-09
Cobalt,"('ecoinvent-3.4-biosphere', '9542444c-7c7a-48e2-bc9c-9c7c34fb7b3e')",Co,2.088856895938263e-12,2.088856895938263e-12,1.0,1.9447495148453946e-12,1.9447495148453946e-12,dissipation,Linnaeite,1.727272727272727,3.608025547529727e-12,1.727272727272727,3.3591127983693174e-12,0.015088369910128439,0.015088369906520413,0.0455986939380875,1.9765351633427608e-09,1.9765351633427608e-09
Cobalt,"('ecoinvent-3.4-biosphere', '33627701-feca-434d-a192-674a450eaaf7')",Co,2.088856895938263e-12,2.088856895938263e-12,1.0,1.9447495148453946e-12,1.9447495148453946e-12,dissipation,Linnaeite,1.727272727272727,3.608025547529727e-12,1.727272727272727,3.3591127983693174e-12,0.015088369910128439,0.015088369906520413,0.0455986939380875,1.9765351633427608e-09,1.9765351633427608e-09
Cobalt,"('ecoinvent-3.4-biosphere', 'caf066cf-40ce-47a8-ba4c-969fcd6019c7')",Co,2.088856895938263e-12,2.088856895938263e-12,1.0,1.9447495148453946e-12,1.9447495148453946e-12,dissipation,Linnaeite,1.727272727272727,3.608025547529727e-12,1.727272727272727,3.3591127983693174e-12,0.015088369910128439,0.015088369906520413,0.0455986939380875,1.9765351633427608e-09,1.9765351633427608e-09
Cobalt,"('ecoinvent-3.4-biosphere', '74eb3f02-09ec-46ce-8ee8-d67d0900136b')",Co,2.088856895938263e-12,2.088856895938263e-12,1.0,1.9447495148453946e-12,1.9447495148453946e-12,dissipation,Linnaeite,1.727272727272727,3.608025547529727e-12,1.727272727272727,3.3591127983693174e-12,0.015088369910128439,0.015088369906520413,0.0455986939380875,1.9765351633427608e-09,1.9765351633427608e-09
Cobalt,"('ecoinvent-3.4-biosphere', 'f0d1c319-249f-4a89-b0e7-3a5a90a54036')",Co,2.088856895938263e-12,2.088856895938263e-12,1.0,1.9447495148453946e-12,1.9447495148453946e-12,dissipation,Linnaeite,1.727272727272727,3.608025547529727e-12,1.727272727272727,3.3591127983693174e-12,0.015088369910128439,0.015088369906520413,0.0455986939380875,1.9765351633427608e-09,1.9765351633427608e-09
Cobalt,"('ecoinvent-3.4-biosphere', 'f0e28a62-ddf9-4c93-af81-676a58c3f2d4')",Co,2.088856895938263e-12,2.088856895938263e-12,1.0,1.9447495148453946e-12,1.9447495148453946e-12,dissipation,Linnaeite,1.727272727272727,3.608025547529727e-12,1.727272727272727,3.3591127983693174e-12,0.015088369910128439,0.015088369906520413,0.0455986939380875,1.9765351633427608e-09,1.9765351633427608e-09
Cobalt,"('ecoinvent-3.4-biosphere', 'd4291dd5-dae8-47fa-bf06-466fcecbc210')",Co,2.088856895938263e-12,2.088856895938263e-12,1.0,1.9447495148453946e-12,1.9447495148453946e-12,dissipation,Linnaeite,1.727272727272727,3.608025547529727e-12,1.727272727272727,3.3591127983693174e-12,0.015088369910128439,0.015088369906520413,0.0455986939380875,1.9765351633427608e-09,1.9765351633427608e-09
Cobalt,"('ecoinvent-3.4-biosphere', 'ca04300a-8338-4601-ba7c-66c10a4f6322')",Co,2.088856895938263e-12,2.088856895938263e-12,1.0,1.9447495148453946e-12,1.9447495148453946e-12,dissipation,Linnaeite,1.727272727272727,3.608025547529727e-12,1.727272727272727,3.3591127983693174e-12,0.015088369910128439,0.015088369906520413,0.0455986939380875,1.9765351633427608e-09,1.9765351633427608e-09
Cobalt,"('ecoinvent-3.4-biosphere', '12051b95-831a-49c0-9a70-fbc0e8fb9af9')",Co,2.088856895938263e-12,2.088856895938263e-12,1.0,1.9447495148453946e-12,1.9447495148453946e-12,dissipation,Linnaeite,1.727272727272727,3.608025547529727e-12,1.727272727272727,3.3591127983693174e-12,0.015088369910128439,0.015088369906520413,0.0455986939380875,1.9765351633427608e-09,1.9765351633427608e-09
Cobalt,"('ecoinvent-3.4-biosphere', '381a22c9-3722-4378-810d-86958f7b6d32')",Co,2.088856895938263e-12,2.088856895938263e-12,1.0,1.9447495148453946e-12,1.9447495148453946e-12,dissipation,Linnaeite,1.727272727272727,3.608025547529727e-12,1.727272727272727,3.3591127983693174e-12,0.015088369910128439,0.015088369906520413,0.0455986939380875,1.9765351633427608e-09,1.9765351633427608e-09
Cobalt,"('ecoinvent-3.4-biosphere', 'b10faa87-2c1d-4f6e-aa65-9f80b376939a')",Co,2.088856895938263e-12,2.088856895938263e-12,1.0,1.9447495148453946e-12,1.9447495148453946e-12,dissipation,Linnaeite,1.727272727272727,3.608025547529727e-12,1.727272727272727,3.3591127983693174e-12,0.015088369910128439,0.015088369906520413,0.0455986939380875,1.9765351633427608e-09,1.9765351633427608e-09
Cobalt,"('ecoinvent-3.4-biosphere', 'c58d25ad-30d2-4fac-a857-1fa6f67afe8a')",Co,2.088856895938263e-12,2.088856895938263e-12,1.0,1.9447495148453946e-12,1.9447495148453946e-12,dissipation,Linnaeite,1.727272727272727,3.608025547529727e-12,1.727272727272727,3.3591127983693174e-12,0.015088369910128439,0.015088369906520413,0.0455986939380875,1.9765351633427608e-09,1.9765351633427608e-09
"Nickel, ion","('ecoinvent-3.4-biosphere', '23cb10a4-6228-4ce4-9fb5-7043bc31faec')",Ni,1.937619222301516e-12,1.937619222301516e-12,1.0,9.066741688482605e-14,9.066741688482605e-14,dissipation,Pentlandite(sulphides) / Garnierite(laterites),2.9342028985507245,5.685367938364709e-12,2.9342028985507245,2.660365974275635e-13,0.010558917414268303,0.010558917408582936,0.0803628113054402,4.5074327134032834e-10,4.5074327134032834e-10
"Nickel, ion","('ecoinvent-3.4-biosphere', '9f69cb8e-51fe-447b-a1ac-4da74de8ebe4')",Ni,1.937619222301516e-12,1.937619222301516e-12,1.0,9.066741688482605e-14,9.066741688482605e-14,dissipation,Pentlandite(sulphides) / Garnierite(laterites),2.9342028985507245,5.685367938364709e-12,2.9342028985507245,2.660365974275635e-13,0.010558917414268303,0.010558917408582936,0.0803628113054402,4.5074327134032834e-10,4.5074327134032834e-10
"Nickel, ion","('ecoinvent-3.4-biosphere', 'e030108f-2125-4bcb-a73b-ad72130fcca3')",Ni,1.937619222301516e-12,1.937619222301516e-12,1.0,9.066741688482605e-14,9.066741688482605e-14,dissipation,Pentlandite(sulphides) / Garnierite(laterites),2.9342028985507245,5.685367938364709e-12,2.9342028985507245,2.660365974275635e-13,0.010558917414268303,0.010558917408582936,0.0803628113054402,4.5074327134032834e-10,4.5074327134032834e-10
"Nickel, ion","('ecoinvent-3.4-biosphere', '9798359e-a3ee-4362-a038-23a188582c6e')",Ni,1.937619222301516e-12,1.937619222301516e-12,1.0,9.066741688482605e-14,9.066741688482605e-14,dissipation,Pentlandite(sulphides) / Garnierite(laterites),2.9342028985507245,5.685367938364709e-12,2.9342028985507245,2.660365974275635e-13,0.010558917414268303,0.010558917408582936,0.0803628113054402,4.5074327134032834e-10,4.5074327134032834e-10
"Nickel, ion","('ecoinvent-3.4-biosphere', '6ec6cdaa-5a01-46d4-b716-1905e56690ea')",Ni,1.937619222301516e-12,1.937619222301516e-12,1.0,9.066741688482605e-14,9.066741688482605e-14,dissipation,Pentlandite(sulphides) / Garnierite(laterites),2.9342028985507245,5.685367938364709e-12,2.9342028985507245,2.660365974275635e-13,0.010558917414268303,0.010558917408582936,0.0803628113054402,4.5074327134032834e-10,4.5074327134032834e-10
Copper,"('ecoinvent-3.4-biosphere', '88cde01c-df69-40bb-9b14-6eac71bea5b8')",Cu,1.9225173812893517e-12,1.9225173812893517e-12,1.0,1.231243333335009e-14,1.231243333335009e-14,dissipation,Chalcopyrite,2.8793103448275863,5.535524184057271e-12,2.8793103448275863,3.545131666671491e-14,0.01286923124177145,0.012869231236235927,0.8086409056778144,3.223207972725828e-09,3.223207972725828e-09
Copper,"('ecoinvent-3.4-biosphere', '0a5e8a67-f9ae-48b3-bfa7-e9d37c30a191')",Cu,1.9225173812893517e-12,1.9225173812893517e-12,1.0,1.231243333335009e-14,1.231243333335009e-14,dissipation,Chalcopyrite,2.8793103448275863,5.535524184057271e-12,2.8793103448275863,3.545131666671491e-14,0.01286923124177145,0.012869231236235927,0.8086409056778144,3.223207972725828e-09,3.223207972725828e-09
Copper,"('ecoinvent-3.4-biosphere', '237ca6bc-2f0a-4416-a0e3-bd512f038f2e')",Cu,1.9225173812893517e-12,1.9225173812893517e-12,1.0,1.231243333335009e-14,1.231243333335009e-14,dissipation,Chalcopyrite,2.8793103448275863,5.535524184057271e-12,2.8793103448275863,3.545131666671491e-14,0.01286923124177145,0.012869231236235927,0.8086409056778144,3.223207972725828e-09,3.223207972725828e-09
Copper,"('ecoinvent-3.4-biosphere', '7e66a41c-d311-4949-bdd8-eef09cdcfa47')",Cu,1.9225173812893517e-12,1.9225173812893517e-12,1.0,1.231243333335009e-14,1.231243333335009e-14,dissipation,Chalcopyrite,2.8793103448275863,5.535524184057271e-12,2.8793103448275863,3.545131666671491e-14,0.01286923124177145,0.012869231236235927,0.8086409056778144,3.223207972725828e-09,3.223207972725828e-09
Copper,"('ecoinvent-3.4-biosphere', 'fd153f15-1d16-410a-91fa-04d205e36c43')",Cu,1.9225173812893517e-12,1.9225173812893517e-12,1.0,1.231243333335009e-14,1.231243333335009e-14,dissipation,Chalcopyrite,2.8793103448275863,5.535524184057271e-12,2.8793103448275863,3.545131666671491e-14,0.01286923124177145,0.012869231236235927,0.8086409056778144,3.223207972725828e-09,3.223207972725828e-09
Copper,"('ecoinvent-3.4-biosphere', '44d3e792-7c9e-48ab-9de9-acfa2e097f26')",Cu,1.9225173812893517e-12,1.9225173812893517e-12,1.0,1.231243333335009e-14,1.231243333335009e-14,dissipation,Chalcopyrite,2.8793103448275863,5.535524184057271e-12,2.8793103448275863,3.545131666671491e-14,0.01286923124177145,0.012869231236235927,0.8086409056778144,3.223207972725828e-09,3.223207972725828e-09
Copper,"('ecoinvent-3.4-biosphere', '3573a5af-88f8-4f74-ade7-cd269cbc4e66')",Cu,1.9225173812893517e-12,1.9225173812893517e-12,1.0,1.231243333335009e-14,1.231243333335009e-14,dissipation,Chalcopyrite,2.8793103448275863,5.535524184057271e-12,2.8793103448275863,3.545131666671491e-14,0.01286923124177145,0.012869231236235927,0.8086409056778144,3.223207972725828e-09,3.223207972725828e-09
Copper,"('ecoinvent-3.4-biosphere', 'ec8144d6-d123-43b1-9c17-a295422a0498')",Cu,1.9225173812893517e-12,1.9225173812893517e-12,1.0,1.231243333335009e-14,1.231243333335009e-14,dissipation,Chalcopyrite,2.8793103448275863,5.535524184057271e-12,2.8793103448275863,3.545131666671491e-14,0.01286923124177145,0.012869231236235927,0.8086409056778144,3.223207972725828e-09,3.223207972725828e-09
Copper,"('ecoinvent-3.4-biosphere', 'e336eee7-148a-4d1c-8027-780cbfafa12b')",Cu,1.9225173812893517e-12,1.9225173812893517e-12,1.0,1.231243333335009e-14,1.231243333335009e-14,dissipation,Chalcopyrite,2.8793103448275863,5.535524184057271e-12,2.8793103448275863,3.545131666671491e-14,0.01286923124177145,0.012869231236235927,0.8086409056778144,3.223207972725828e-09,3.223207972725828e-09
Tin,"('ecoinvent-3.4-biosphere', '8a422b03-1055-4bc8-b439-27bf8d7eef57')",Sn,1.676970647360357e-12,1.676970647360357e-12,1.0,1.3268575464212294e-13,1.3268575464212294e-13,dissipation,Cassiterite,1.26875,2.127656508838453e-12,1.26875,1.6834505120219348e-13,0.009054537241268257,0.009054537239140601,0.8632947389802966,6.865384176641438e-10,6.865384176641438e-10
Tin,"('ecoinvent-3.4-biosphere', '19b6e569-85a4-4ea9-a590-d61a21e3c846')",Sn,1.676970647360357e-12,1.676970647360357e-12,1.0,1.3268575464212294e-13,1.3268575464212294e-13,dissipation,Cassiterite,1.26875,2.127656508838453e-12,1.26875,1.6834505120219348e-13,0.009054537241268257,0.009054537239140601,0.8632947389802966,6.865384176641438e-10,6.865384176641438e-10
Tin,"('ecoinvent-3.4-biosphere', '168c970b-91c9-4427-a3a0-6686ad6cc2c4')",Sn,1.676970647360357e-12,1.676970647360357e-12,1.0,1.3268575464212294e-13,1.3268575464212294e-13,dissipation,Cassiterite,1.26875,2.127656508838453e-12,1.26875,1.6834505120219348e-13,0.009054537241268257,0.009054537239140601,0.8632947389802966,6.865384176641438e-10,6.865384176641438e-10
Tin,"('ecoinvent-3.4-biosphere', 'c67e3ba8-ddce-4931-b4b0-f4f9a56ccf40')",Sn,1.676970647360357e-12,1.676970647360357e-12,1.0,1.3268575464212294e-13,1.3268575464212294e-13,dissipation,Cassiterite,1.26875,2.127656508838453e-12,1.26875,1.6834505120219348e-13,0.009054537241268257,0.009054537239140601,0.8632947389802966,6.865384176641438e-10,6.865384176641438e-10
Tin,"('ecoinvent-3.4-biosphere', '6366d4ec-5ffc-4488-be51-0c239cdf535d')",Sn,1.676970647360357e-12,1.676970647360357e-12,1.0,1.3268575464212294e-13,1.3268575464212294e-13,dissipation,Cassiterite,1.26875,2.127656508838453e-12,1.26875,1.6834505120219348e-13,0.009054537241268257,0.009054537239140601,0.8632947389802966,6.865384176641438e-10,6.865384176641438e-10
Tin,"('ecoinvent-3.4-biosphere', '85a764f2-a810-4b20-bc86-a45604262fda')",Sn,1.676970647360357e-12,1.676970647360357e-12,1.0,1.3268575464212294e-13,1.3268575464212294e-13,dissipation,Cassiterite,1.26875,2.127656508838453e-12,1.26875,1.6834505120219348e-13,0.009054537241268257,0.009054537239140601,0.8632947389802966,6.865384176641438e-10,6.865384176641438e-10
Tin,"('ecoinvent-3.4-biosphere', '2a7b68ff-f12a-44c6-8b31-71ec91d29889')",Sn,1.676970647360357e-12,1.676970647360357e-12,1.0,1.3268575464212294e-13,1.3268575464212294e-13,dissipation,Cassiterite,1.26875,2.127656508838453e-12,1.26875,1.6834505120219348e-13,0.009054537241268257,0.009054537239140601,0.8632947389802966,6.865384176641438e-10,6.865384176641438e-10
Tin,"('ecoinvent-3.4-biosphere', 'f563b90e-a300-4403-b278-d2fdcd73e5a7')",Sn,1.676970647360357e-12,1.676970647360357e-12,1.0,1.3268575464212294e-13,1.3268575464212294e-13,dissipation,Cassiterite,1.26875,2.127656508838453e-12,1.26875,1.6834505120219348e-13,0.009054537241268257,0.009054537239140601,0.8632947389802966,6.865384176641438e-10,6.865384176641438e-10
Tin,"('ecoinvent-3.4-biosphere', 'e070bd24-fd16-4963-8f4d-78bb4c402400')",Sn,1.676970647360357e-12,1.676970647360357e-12,1.0,1.3268575464212294e-13,1.3268575464212294e-13,dissipation,Cassiterite,1.26875,2.127656508838453e-12,1.26875,1.6834505120219348e-13,0.009054537241268257,0.009054537239140601,0.8632947389802966,6.865384176641438e-10,6.865384176641438e-10
Molybdenum,"('ecoinvent-3.4-biosphere', '163926e2-b4cc-42bb-ba7d-401028140985')",Mo,1.1786524353454405e-12,1.1786524353454405e-12,1.0,1.6532043483883647e-13,1.6532043483883647e-13,dissipation,Molybdenite,1.6700000000000004,1.968349567026886e-12,1.6700000000000004,2.7608512618085697e-13,0.0023389070923680233,0.0023389070903996737,0.9176761103880936,1.6982846287090665e-08,1.6982846287090665e-08
Molybdenum,"('ecoinvent-3.4-biosphere', '9cf3a683-ed3d-40e9-b039-7653e4fc9e20')",Mo,1.1786524353454405e-12,1.1786524353454405e-12,1.0,1.6532043483883647e-13,1.6532043483883647e-13,dissipation,Molybdenite,1.6700000000000004,1.968349567026886e-12,1.6700000000000004,2.7608512618085697e-13,0.0023389070923680233,0.0023389070903996737,0.9176761103880936,1.6982846287090665e-08,1.6982846287090665e-08
Molybdenum,"('ecoinvent-3.4-biosphere', '35b4d818-1019-413b-b99d-d351d8a67ac4')",Mo,1.1786524353454405e-12,1.1786524353454405e-12,1.0,1.6532043483883647e-13,1.6532043483883647e-13,dissipation,Molybdenite,1.6700000000000004,1.968349567026886e-12,1.6700000000000004,2.7608512618085697e-13,0.0023389070923680233,0.0023389070903996737,0.9176761103880936,1.6982846287090665e-08,1.6982846287090665e-08
Molybdenum,"('ecoinvent-3.4-biosphere', 'c26d4716-ce1e-43da-a662-cd9498b1e8bc')",Mo,1.1786524353454405e-12,1.1786524353454405e-12,1.0,1.6532043483883647e-13,1.6532043483883647e-13,dissipation,Molybdenite,1.6700000000000004,1.968349567026886e-12,1.6700000000000004,2.7608512618085697e-13,0.0023389070923680233,0.0023389070903996737,0.9176761103880936,1.6982846287090665e-08,1.6982846287090665e-08
Molybdenum,"('ecoinvent-3.4-biosphere', '1f3c2297-d652-468d-82e8-4fd59bf5b5b8')",Mo,1.1786524353454405e-12,1.1786524353454405e-12,1.0,1.6532043483883647e-13,1.6532043483883647e-13,dissipation,Molybdenite,1.6700000000000004,1.968349567026886e-12,1.6700000000000004,2.7608512618085697e-13,0.0023389070923680233,0.0023389070903996737,0.9176761103880936,1.6982846287090665e-08,1.6982846287090665e-08
Molybdenum,"('ecoinvent-3.4-biosphere', '640e30d2-3158-4a1a-82ef-fd0c72922c9a')",Mo,1.1786524353454405e-12,1.1786524353454405e-12,1.0,1.6532043483883647e-13,1.6532043483883647e-13,dissipation,Molybdenite,1.6700000000000004,1.968349567026886e-12,1.6700000000000004,2.7608512618085697e-13,0.0023389070923680233,0.0023389070903996737,0.9176761103880936,1.6982846287090665e-08,1.6982846287090665e-08
Molybdenum,"('ecoinvent-3.4-biosphere', '697e8ecf-bdbe-4857-92c9-e01960c91db7')",Mo,1.1786524353454405e-12,1.1786524353454405e-12,1.0,1.6532043483883647e-13,1.6532043483883647e-13,dissipation,Molybdenite,1.6700000000000004,1.968349567026886e-12,1.6700000000000004,2.7608512618085697e-13,0.0023389070923680233,0.0023389070903996737,0.9176761103880936,1.6982846287090665e-08,1.6982846287090665e-08
Molybdenum,"('ecoinvent-3.4-biosphere', '442511cc-a98b-4242-9229-5736cb9a9399')",Mo,1.1786524353454405e-12,1.1786524353454405e-12,1.0,1.6532043483883647e-13,1.6532043483883647e-13,dissipation,Molybdenite,1.6700000000000004,1.968349567026886e-12,1.6700000000000004,2.7608512618085697e-13,0.0023389070923680233,0.0023389070903996737,0.9176761103880936,1.6982846287090665e-08,1.6982846287090665e-08
Molybdenum,"('ecoinvent-3.4-biosphere', '3822809c-cc03-469d-ac2a-9f85842f8440')",Mo,1.1786524353454405e-12,1.1786524353454405e-12,1.0,1.6532043483883647e-13,1.6532043483883647e-13,dissipation,Molybdenite,1.6700000000000004,1.968349567026886e-12,1.6700000000000004,2.7608512618085697e-13,0.0023389070923680233,0.0023389070903996737,0.9176761103880936,1.6982846287090665e-08,1.6982846287090665e-08
Molybdenum,"('ecoinvent-3.4-biosphere', 'c126f8a0-6bc4-42e6-9220-d6ccfef3f2ed')",Mo,1.1786524353454405e-12,1.1786524353454405e-12,1.0,1.6532043483883647e-13,1.6532043483883647e-13,dissipation,Molybdenite,1.6700000000000004,1.968349567026886e-12,1.6700000000000004,2.7608512618085697e-13,0.0023389070923680233,0.0023389070903996737,0.9176761103880936,1.6982846287090665e-08,1.6982846287090665e-08
Molybdenum,"('ecoinvent-3.4-biosphere', '8b531ec0-ca7a-49cd-bef0-56f110112f34')",Mo,1.1786524353454405e-12,1.1786524353454405e-12,1.0,1.6532043483883647e-13,1.6532043483883647e-13,dissipation,Molybdenite,1.6700000000000004,1.968349567026886e-12,1.6700000000000004,2.7608512618085697e-13,0.0023389070923680233,0.0023389070903996737,0.9176761103880936,1.6982846287090665e-08,1.6982846287090665e-08
Molybdenum,"('ecoinvent-3.4-biosphere', 'fdaaef05-0d10-4032-b2e7-85cae3c7bd5c')",Mo,1.1786524353454405e-12,1.1786524353454405e-12,1.0,1.6532043483883647e-13,1.6532043483883647e-13,dissipation,Molybdenite,1.6700000000000004,1.968349567026886e-12,1.6700000000000004,2.7608512618085697e-13,0.0023389070923680233,0.0023389070903996737,0.9176761103880936,1.6982846287090665e-08,1.6982846287090665e-08
Molybdenum,"('ecoinvent-3.4-biosphere', '7d3f7498-3596-478a-9fa1-72201ef94082')",Mo,1.1786524353454405e-12,1.1786524353454405e-12,1.0,1.6532043483883647e-13,1.6532043483883647e-13,dissipation,Molybdenite,1.6700000000000004,1.968349567026886e-12,1.6700000000000004,2.7608512618085697e-13,0.0023389070923680233,0.0023389070903996737,0.9176761103880936,1.6982846287090665e-08,1.6982846287090665e-08
Molybdenum,"('ecoinvent-3.4-biosphere', '5fa36ce3-aed0-443b-a09d-4cdf25b41995')",Mo,1.1786524353454405e-12,1.1786524353454405e-12,1.0,1.6532043483883647e-13,1.6532043483883647e-13,dissipation,Molybdenite,1.6700000000000004,1.968349567026886e-12,1.6700000000000004,2.7608512618085697e-13,0.0023389070923680233,0.0023389070903996737,0.9176761103880936,1.6982846287090665e-08,1.6982846287090665e-08
Cobalt,"('ecoinvent-3.4-biosphere', '9ce88274-57b6-42ed-a78b-4abef2301865')",Co,8.712356635057311e-13,8.712356635057311e-13,1.0,1.9447495148453946e-12,1.9447495148453946e-12,dissipation,Linnaeite,1.727272727272727,1.5048616006008082e-12,1.727272727272727,3.3591127983693174e-12,0.015088369910128439,0.015088369908623576,0.0455986939380875,8.244198128491982e-10,8.244198128491982e-10
Cobalt,"('ecoinvent-3.4-biosphere', '1e904267-caa3-40e6-a3a0-fc104489770b')",Co,8.712356635057311e-13,8.712356635057311e-13,1.0,1.9447495148453946e-12,1.9447495148453946e-12,dissipation,Linnaeite,1.727272727272727,1.5048616006008082e-12,1.727272727272727,3.3591127983693174e-12,0.015088369910128439,0.015088369908623576,0.0455986939380875,8.244198128491982e-10,8.244198128491982e-10
Cobalt,"('ecoinvent-3.4-biosphere', '9542444c-7c7a-48e2-bc9c-9c7c34fb7b3e')",Co,8.712356635057311e-13,8.712356635057311e-13,1.0,1.9447495148453946e-12,1.9447495148453946e-12,dissipation,Linnaeite,1.727272727272727,1.5048616006008082e-12,1.727272727272727,3.3591127983693174e-12,0.015088369910128439,0.015088369908623576,0.0455986939380875,8.244198128491982e-10,8.244198128491982e-10
Cobalt,"('ecoinvent-3.4-biosphere', '33627701-feca-434d-a192-674a450eaaf7')",Co,8.712356635057311e-13,8.712356635057311e-13,1.0,1.9447495148453946e-12,1.9447495148453946e-12,dissipation,Linnaeite,1.727272727272727,1.5048616006008082e-12,1.727272727272727,3.3591127983693174e-12,0.015088369910128439,0.015088369908623576,0.0455986939380875,8.244198128491982e-10,8.244198128491982e-10
Cobalt,"('ecoinvent-3.4-biosphere', 'caf066cf-40ce-47a8-ba4c-969fcd6019c7')",Co,8.712356635057311e-13,8.712356635057311e-13,1.0,1.9447495148453946e-12,1.9447495148453946e-12,dissipation,Linnaeite,1.727272727272727,1.5048616006008082e-12,1.727272727272727,3.3591127983693174e-12,0.015088369910128439,0.015088369908623576,0.0455986939380875,8.244198128491982e-10,8.244198128491982e-10
Cobalt,"('ecoinvent-3.4-biosphere', '74eb3f02-09ec-46ce-8ee8-d67d0900136b')",Co,8.712356635057311e-13,8.712356635057311e-13,1.0,1.9447495148453946e-12,1.9447495148453946e-12,dissipation,Linnaeite,1.727272727272727,1.5048616006008082e-12,1.727272727272727,3.3591127983693174e-12,0.015088369910128439,0.015088369908623576,0.0455986939380875,8.244198128491982e-10,8.244198128491982e-10
Cobalt,"('ecoinvent-3.4-biosphere', 'f0d1c319-249f-4a89-b0e7-3a5a90a54036')",Co,8.712356635057311e-13,8.712356635057311e-13,1.0,1.9447495148453946e-12,1.9447495148453946e-12,dissipation,Linnaeite,1.727272727272727,1.5048616006008082e-12,1.727272727272727,3.3591127983693174e-12,0.015088369910128439,0.015088369908623576,0.0455986939380875,8.244198128491982e-10,8.244198128491982e-10
Cobalt,"('ecoinvent-3.4-biosphere', 'f0e28a62-ddf9-4c93-af81-676a58c3f2d4')",Co,8.712356635057311e-13,8.712356635057311e-13,1.0,1.9447495148453946e-12,1.9447495148453946e-12,dissipation,Linnaeite,1.727272727272727,1.5048616006008082e-12,1.727272727272727,3.3591127983693174e-12,0.015088369910128439,0.015088369908623576,0.0455986939380875,8.244198128491982e-10,8.244198128491982e-10
Cobalt,"('ecoinvent-3.4-biosphere', 'd4291dd5-dae8-47fa-bf06-466fcecbc210')",Co,8.712356635057311e-13,8.712356635057311e-13,1.0,1.9447495148453946e-12,1.9447495148453946e-12,dissipation,Linnaeite,1.727272727272727,1.5048616006008082e-12,1.727272727272727,3.3591127983693174e-12,0.015088369910128439,0.015088369908623576,0.0455986939380875,8.244198128491982e-10,8.244198128491982e-10
Cobalt,"('ecoinvent-3.4-biosphere', 'ca04300a-8338-4601-ba7c-66c10a4f6322')",Co,8.712356635057311e-13,8.712356635057311e-13,1.0,1.9447495148453946e-12,1.9447495148453946e-12,dissipation,Linnaeite,1.727272727272727,1.5048616006008082e-12,1.727272727272727,3.3591127983693174e-12,0.015088369910128439,0.015088369908623576,0.0455986939380875,8.244198128491982e-10,8.244198128491982e-10
Cobalt,"('ecoinvent-3.4-biosphere', '12051b95-831a-49c0-9a70-fbc0e8fb9af9')",Co,8.712356635057311e-13,8.712356635057311e-13,1.0,1.9447495148453946e-12,1.9447495148453946e-12,dissipation,Linnaeite,1.727272727272727,1.5048616006008082e-12,1.727272727272727,3.3591127983693174e-12,0.015088369910128439,0.015088369908623576,0.0455986939380875,8.244198128491982e-10,8.244198128491982e-10
Cobalt,"('ecoinvent-3.4-biosphere', '381a22c9-3722-4378-810d-86958f7b6d32')",Co,8.712356635057311e-13,8.712356635057311e-13,1.0,1.9447495148453946e-12,1.9447495148453946e-12,dissipation,Linnaeite,1.727272727272727,1.5048616006008082e-12,1.727272727272727,3.3591127983693174e-12,0.015088369910128439,0.015088369908623576,0.0455986939380875,8.244198128491982e-10,8.244198128491982e-10
Cobalt,"('ecoinvent-3.4-biosphere', 'b10faa87-2c1d-4f6e-aa65-9f80b376939a')",Co,8.712356635057311e-13,8.712356635057311e-13,1.0,1.9447495148453946e-12,1.9447495148453946e-12,dissipation,Linnaeite,1.727272727272727,1.5048616006008082e-12,1.727272727272727,3.3591127983693174e-12,0.015088369910128439,0.015088369908623576,0.0455986939380875,8.244198128491982e-10,8.244198128491982e-10
Cobalt,"('ecoinvent-3.4-biosphere', 'c58d25ad-30d2-4fac-a857-1fa6f67afe8a')",Co,8.712356635057311e-13,8.712356635057311e-13,1.0,1.9447495148453946e-12,1.9447495148453946e-12,dissipation,Linnaeite,1.727272727272727,1.5048616006008082e-12,1.727272727272727,3.3591127983693174e-12,0.015088369910128439,0.015088369908623576,0.0455986939380875,8.244198128491982e-10,8.244198128491982e-10
Phosphorus,"('ecoinvent-3.4-biosphere', '8b0a4a41-c65c-4d94-b10c-94ddb98abdd2')",P,8.4158057636112e-13,8.4158057636112e-13,1.0,1.6973366253890836e-14,1.6973366253890836e-14,dissipation,Apatite,0.3532544378698225,2.972920734246087e-13,0.3532544378698225,5.995916954776823e-15,0.44572664377524784,0.4457266437749505,0.9,2.1457819289366382e-13,2.1457819289366382e-13
Phosphorus,"('ecoinvent-3.4-biosphere', 'b6e2f7f4-6b2e-4b3e-be1f-67626cb8205d')",P,8.4158057636112e-13,8.4158057636112e-13,1.0,1.6973366253890836e-14,1.6973366253890836e-14,dissipation,Apatite,0.3532544378698225,2.972920734246087e-13,0.3532544378698225,5.995916954776823e-15,0.44572664377524784,0.4457266437749505,0.9,2.1457819289366382e-13,2.1457819289366382e-13
Phosphorus,"('ecoinvent-3.4-biosphere', 'b2631209-8374-431e-b7d5-56c96c6b6d79')",P,8.4158057636112e-13,8.4158057636112e-13,1.0,1.6973366253890836e-14,1.6973366253890836e-14,dissipation,Apatite,0.3532544378698225,2.972920734246087e-13,0.3532544378698225,5.995916954776823e-15,0.44572664377524784,0.4457266437749505,0.9,2.1457819289366382e-13,2.1457819289366382e-13
Phosphorus,"('ecoinvent-3.4-biosphere', 'e2d35af7-9806-46ff-9b75-b124a48fa5a1')",P,8.4158057636112e-13,8.4158057636112e-13,1.0,1.6973366253890836e-14,1.6973366253890836e-14,dissipation,Apatite,0.3532544378698225,2.972920734246087e-13,0.3532544378698225,5.995916954776823e-15,0.44572664377524784,0.4457266437749505,0.9,2.1457819289366382e-13,2.1457819289366382e-13
Phosphorus,"('ecoinvent-3.4-biosphere', 'c89a0749-40a5-4c9c-8770-c4295ea34977')",P,8.4158057636112e-13,8.4158057636112e-13,1.0,1.6973366253890836e-14,1.6973366253890836e-14,dissipation,Apatite,0.3532544378698225,2.972920734246087e-13,0.3532544378698225,5.995916954776823e-15,0.44572664377524784,0.4457266437749505,0.9,2.1457819289366382e-13,2.1457819289366382e-13
Phosphorus,"('ecoinvent-3.4-biosphere', 'f5e7e615-4160-4df9-b39b-7463eaed77c7')",P,8.4158057636112e-13,8.4158057636112e-13,1.0,1.6973366253890836e-14,1.6973366253890836e-14,dissipation,Apatite,0.3532544378698225,2.972920734246087e-13,0.3532544378698225,5.995916954776823e-15,0.44572664377524784,0.4457266437749505,0.9,2.1457819289366382e-13,2.1457819289366382e-13
Phosphorus,"('ecoinvent-3.4-biosphere', 'b1fca66f-8e83-469a-a7b5-018e14d5d545')",P,8.4158057636112e-13,8.4158057636112e-13,1.0,1.6973366253890836e-14,1.6973366253890836e-14,dissipation,Apatite,0.3532544378698225,2.972920734246087e-13,0.3532544378698225,5.995916954776823e-15,0.44572664377524784,0.4457266437749505,0.9,2.1457819289366382e-13,2.1457819289366382e-13
Phosphorus,"('ecoinvent-3.4-biosphere', '2f8952b0-c90c-4e3d-b546-52b862fc8f11')",P,8.4158057636112e-13,8.4158057636112e-13,1.0,1.6973366253890836e-14,1.6973366253890836e-14,dissipation,Apatite,0.3532544378698225,2.972920734246087e-13,0.3532544378698225,5.995916954776823e-15,0.44572664377524784,0.4457266437749505,0.9,2.1457819289366382e-13,2.1457819289366382e-13
Phosphorus,"('ecoinvent-3.4-biosphere', 'd761f94e-517d-41cf-89fa-17dc72f7a69b')",P,8.4158057636112e-13,8.4158057636112e-13,1.0,1.6973366253890836e-14,1.6973366253890836e-14,dissipation,Apatite,0.3532544378698225,2.972920734246087e-13,0.3532544378698225,5.995916954776823e-15,0.44572664377524784,0.4457266437749505,0.9,2.1457819289366382e-13,2.1457819289366382e-13
Phosphorus,"('ecoinvent-3.4-biosphere', '2d4b8ec1-8d53-4e62-8a11-ebc45909b02e')",P,8.4158057636112e-13,8.4158057636112e-13,1.0,1.6973366253890836e-14,1.6973366253890836e-14,dissipation,Apatite,0.3532544378698225,2.972920734246087e-13,0.3532544378698225,5.995916954776823e-15,0.44572664377524784,0.4457266437749505,0.9,2.1457819289366382e-13,2.1457819289366382e-13
Phosphorus,"('ecoinvent-3.4-biosphere', '76b09afe-52b9-4ecc-b97a-00b49ad8ed1a')",P,8.4158057636112e-13,8.4158057636112e-13,1.0,1.6973366253890836e-14,1.6973366253890836e-14,dissipation,Apatite,0.3532544378698225,2.972920734246087e-13,0.3532544378698225,5.995916954776823e-15,0.44572664377524784,0.4457266437749505,0.9,2.1457819289366382e-13,2.1457819289366382e-13
Phosphorus,"('ecoinvent-3.4-biosphere', 'ea4e9316-5080-4b3b-bbf3-1949f6d7577a')",P,8.4158057636112e-13,8.4158057636112e-13,1.0,1.6973366253890836e-14,1.6973366253890836e-14,dissipation,Apatite,0.3532544378698225,2.972920734246087e-13,0.3532544378698225,5.995916954776823e-15,0.44572664377524784,0.4457266437749505,0.9,2.1457819289366382e-13,2.1457819289366382e-13
Phosphorus,"('ecoinvent-3.4-biosphere', '62f3d964-9b53-4d01-9ee0-04112dcfc6d2')",P,8.4158057636112e-13,8.4158057636112e-13,1.0,1.6973366253890836e-14,1.6973366253890836e-14,dissipation,Apatite,0.3532544378698225,2.972920734246087e-13,0.3532544378698225,5.995916954776823e-15,0.44572664377524784,0.4457266437749505,0.9,2.1457819289366382e-13,2.1457819289366382e-13
Phosphorus,"('ecoinvent-3.4-biosphere', '198ce8e3-f05a-4bec-9f7f-325347453326')",P,8.4158057636112e-13,8.4158057636112e-13,1.0,1.6973366253890836e-14,1.6973366253890836e-14,dissipation,Apatite,0.3532544378698225,2.972920734246087e-13,0.3532544378698225,5.995916954776823e-15,0.44572664377524784,0.4457266437749505,0.9,2.1457819289366382e-13,2.1457819289366382e-13
Nickel,"('ecoinvent-3.4-biosphere', '56815b4f-6138-4e0b-9fac-c94fd6b102b3')",Ni,7.339925636796966e-13,7.339925636796966e-13,1.0,9.066741688482605e-14,9.066741688482605e-14,dissipation,Pentlandite(sulphides) / Garnierite(laterites),2.9342028985507245,2.153683107863643e-12,2.9342028985507245,2.660365974275635e-13,0.010558917414268303,0.01055891741211462,0.0803628113054402,1.7074232994914234e-10,1.7074232994914234e-10
Nickel,"('ecoinvent-3.4-biosphere', 'e43a270f-4f88-4789-a0b8-7aba56677743')",Ni,7.339925636796966e-13,7.339925636796966e-13,1.0,9.066741688482605e-14,9.066741688482605e-14,dissipation,Pentlandite(sulphides) / Garnierite(laterites),2.9342028985507245,2.153683107863643e-12,2.9342028985507245,2.660365974275635e-13,0.010558917414268303,0.01055891741211462,0.0803628113054402,1.7074232994914234e-10,1.7074232994914234e-10
Nickel,"('ecoinvent-3.4-biosphere', 'a72a45ee-395a-4d25-b893-9d183e43e76e')",Ni,7.339925636796966e-13,7.339925636796966e-13,1.0,9.066741688482605e-14,9.066741688482605e-14,dissipation,Pentlandite(sulphides) / Garnierite(laterites),2.9342028985507245,2.153683107863643e-12,2.9342028985507245,2.660365974275635e-13,0.010558917414268303,0.01055891741211462,0.0803628113054402,1.7074232994914234e-10,1.7074232994914234e-10
Nickel,"('ecoinvent-3.4-biosphere', 'e8fc62ba-678e-4706-97d2-b79d83e227d5')",Ni,7.339925636796966e-13,7.339925636796966e-13,1.0,9.066741688482605e-14,9.066741688482605e-14,dissipation,Pentlandite(sulphides) / Garnierite(laterites),2.9342028985507245,2.153683107863643e-12,2.9342028985507245,2.660365974275635e-13,0.010558917414268303,0.01055891741211462,0.0803628113054402,1.7074232994914234e-10,1.7074232994914234e-10
Nickel,"('ecoinvent-3.4-biosphere', '5de1943f-b011-45a0-97d4-ed15eea6a382')",Ni,7.339925636796966e-13,7.339925636796966e-13,1.0,9.066741688482605e-14,9.066741688482605e-14,dissipation,Pentlandite(sulphides) / Garnierite(laterites),2.9342028985507245,2.153683107863643e-12,2.9342028985507245,2.660365974275635e-13,0.010558917414268303,0.01055891741211462,0.0803628113054402,1.7074232994914234e-10,1.7074232994914234e-10
Nickel,"('ecoinvent-3.4-biosphere', 'b4580545-243d-48d2-a3a0-2633a4f46fb1')",Ni,7.339925636796966e-13,7.339925636796966e-13,1.0,9.066741688482605e-14,9.066741688482605e-14,dissipation,Pentlandite(sulphides) / Garnierite(laterites),2.9342028985507245,2.153683107863643e-12,2.9342028985507245,2.660365974275635e-13,0.010558917414268303,0.01055891741211462,0.0803628113054402,1.7074232994914234e-10,1.7074232994914234e-10
Nickel,"('ecoinvent-3.4-biosphere', 'c89873de-cd23-4323-a948-f5cfeebd2fc9')",Ni,7.339925636796966e-13,7.339925636796966e-13,1.0,9.066741688482605e-14,9.066741688482605e-14,dissipation,Pentlandite(sulphides) / Garnierite(laterites),2.9342028985507245,2.153683107863643e-12,2.9342028985507245,2.660365974275635e-13,0.010558917414268303,0.01055891741211462,0.0803628113054402,1.7074232994914234e-10,1.7074232994914234e-10
Nickel,"('ecoinvent-3.4-biosphere', '2bcad3b3-5305-481c-a166-ad5e6eac2675')",Ni,7.339925636796966e-13,7.339925636796966e-13,1.0,9.066741688482605e-14,9.066741688482605e-14,dissipation,Pentlandite(sulphides) / Garnierite(laterites),2.9342028985507245,2.153683107863643e-12,2.9342028985507245,2.660365974275635e-13,0.010558917414268303,0.01055891741211462,0.0803628113054402,1.7074232994914234e-10,1.7074232994914234e-10
Nickel,"('ecoinvent-3.4-biosphere', '0545c382-2312-43b6-9ec3-63dbb1438565')",Ni,7.339925636796966e-13,7.339925636796966e-13,1.0,9.066741688482605e-14,9.066741688482605e-14,dissipation,Pentlandite(sulphides) / Garnierite(laterites),2.9342028985507245,2.153683107863643e-12,2.9342028985507245,2.660365974275635e-13,0.010558917414268303,0.01055891741211462,0.0803628113054402,1.7074232994914234e-10,1.7074232994914234e-10
Nickel,"('ecoinvent-3.4-biosphere', 'a5506f4b-113f-4713-95c3-c819dde6e48b')",Ni,7.339925636796966e-13,7.339925636796966e-13,1.0,9.066741688482605e-14,9.066741688482605e-14,dissipation,Pentlandite(sulphides) / Garnierite(laterites),2.9342028985507245,2.153683107863643e-12,2.9342028985507245,2.660365974275635e-13,0.010558917414268303,0.01055891741211462,0.0803628113054402,1.7074232994914234e-10,1.7074232994914234e-10
"Copper, ion","('ecoinvent-3.4-biosphere', '6d9550e2-e670-44c1-bad8-c0c4975ffca7')",Cu,6.741128544400386e-13,6.741128544400386e-13,1.0,1.231243333335009e-14,1.231243333335009e-14,dissipation,Chalcopyrite,2.8793103448275863,1.9409801153704562e-12,2.8793103448275863,3.545131666671491e-14,0.01286923124177145,0.01286923123983047,0.8086409056778144,1.1301586734208042e-09,1.1301586734208042e-09
"Copper, ion","('ecoinvent-3.4-biosphere', '615b1460-6860-4cf6-8678-ad92c03c5e8b')",Cu,6.741128544400386e-13,6.741128544400386e-13,1.0,1.231243333335009e-14,1.231243333335009e-14,dissipation,Chalcopyrite,2.8793103448275863,1.9409801153704562e-12,2.8793103448275863,3.545131666671491e-14,0.01286923124177145,0.01286923123983047,0.8086409056778144,1.1301586734208042e-09,1.1301586734208042e-09
"Copper, ion","('ecoinvent-3.4-biosphere', '40229ebf-9346-4f20-910a-f8ea3bd88d44')",Cu,6.741128544400386e-13,6.741128544400386e-13,1.0,1.231243333335009e-14,1.231243333335009e-14,dissipation,Chalcopyrite,2.8793103448275863,1.9409801153704562e-12,2.8793103448275863,3.545131666671491e-14,0.01286923124177145,0.01286923123983047,0.8086409056778144,1.1301586734208042e-09,1.1301586734208042e-09
"Copper, ion","('ecoinvent-3.4-biosphere', 'd8f9ccf6-fd32-4348-83c0-1cee724af9ae')",Cu,6.741128544400386e-13,6.741128544400386e-13,1.0,1.231243333335009e-14,1.231243333335009e-14,dissipation,Chalcopyrite,2.8793103448275863,1.9409801153704562e-12,2.8793103448275863,3.545131666671491e-14,0.01286923124177145,0.01286923123983047,0.8086409056778144,1.1301586734208042e-09,1.1301586734208042e-09
"Copper, ion","('ecoinvent-3.4-biosphere', 'c3b659e5-35f1-408c-8cb5-b5f9b295c76e')",Cu,6.741128544400386e-13,6.741128544400386e-13,1.0,1.231243333335009e-14,1.231243333335009e-14,dissipation,Chalcopyrite,2.8793103448275863,1.9409801153704562e-12,2.8793103448275863,3.545131666671491e-14,0.01286923124177145,0.01286923123983047,0.8086409056778144,1.1301586734208042e-09,1.1301586734208042e-09
Molybdenum,"('ecoinvent-3.4-biosphere', '163926e2-b4cc-42bb-ba7d-401028140985')",Mo,5.573932166740444e-13,5.573932166740444e-13,1.0,1.6532043483883647e-13,1.6532043483883647e-13,dissipation,Molybdenite,1.6700000000000004,9.308466718456543e-13,1.6700000000000004,2.7608512618085697e-13,0.0023389070923680233,0.0023389070914371767,0.9176761103880936,8.030977391469239e-09,8.030977391469239e-09
Molybdenum,"('ecoinvent-3.4-biosphere', '9cf3a683-ed3d-40e9-b039-7653e4fc9e20')",Mo,5.573932166740444e-13,5.573932166740444e-13,1.0,1.6532043483883647e-13,1.6532043483883647e-13,dissipation,Molybdenite,1.6700000000000004,9.308466718456543e-13,1.6700000000000004,2.7608512618085697e-13,0.0023389070923680233,0.0023389070914371767,0.9176761103880936,8.030977391469239e-09,8.030977391469239e-09
Molybdenum,"('ecoinvent-3.4-biosphere', '35b4d818-1019-413b-b99d-d351d8a67ac4')",Mo,5.573932166740444e-13,5.573932166740444e-13,1.0,1.6532043483883647e-13,1.6532043483883647e-13,dissipation,Molybdenite,1.6700000000000004,9.308466718456543e-13,1.6700000000000004,2.7608512618085697e-13,0.0023389070923680233,0.0023389070914371767,0.9176761103880936,8.030977391469239e-09,8.030977391469239e-09
Molybdenum,"('ecoinvent-3.4-biosphere', 'c26d4716-ce1e-43da-a662-cd9498b1e8bc')",Mo,5.573932166740444e-13,5.573932166740444e-13,1.0,1.6532043483883647e-13,1.6532043483883647e-13,dissipation,Molybdenite,1.6700000000000004,9.308466718456543e-13,1.6700000000000004,2.7608512618085697e-13,0.0023389070923680233,0.0023389070914371767,0.9176761103880936,8.030977391469239e-09,8.030977391469239e-09
Molybdenum,"('ecoinvent-3.4-biosphere', '1f3c2297-d652-468d-82e8-4fd59bf5b5b8')",Mo,5.573932166740444e-13,5.573932166740444e-13,1.0,1.6532043483883647e-13,1.6532043483883647e-13,dissipation,Molybdenite,1.6700000000000004,9.308466718456543e-13,1.6700000000000004,2.7608512618085697e-13,0.0023389070923680233,0.0023389070914371767,0.9176761103880936,8.030977391469239e-09,8.030977391469239e-09
Molybdenum,"('ecoinvent-3.4-biosphere', '640e30d2-3158-4a1a-82ef-fd0c72922c9a')",Mo,5.573932166740444e-13,5.573932166740444e-13,1.0,1.6532043483883647e-13,1.6532043483883647e-13,dissipation,Molybdenite,1.6700000000000004,9.308466718456543e-13,1.6700000000000004,2.7608512618085697e-13,0.0023389070923680233,0.0023389070914371767,0.9176761103880936,8.030977391469239e-09,8.030977391469239e-09
Molybdenum,"('ecoinvent-3.4-biosphere', '697e8ecf-bdbe-4857-92c9-e01960c91db7')",Mo,5.573932166740444e-13,5.573932166740444e-13,1.0,1.6532043483883647e-13,1.6532043483883647e-13,dissipation,Molybdenite,1.6700000000000004,9.308466718456543e-13,1.6700000000000004,2.7608512618085697e-13,0.0023389070923680233,0.0023389070914371767,0.9176761103880936,8.030977391469239e-09,8.030977391469239e-09
Molybdenum,"('ecoinvent-3.4-biosphere', '442511cc-a98b-4242-9229-5736cb9a9399')",Mo,5.573932166740444e-13,5.573932166740444e-13,1.0,1.6532043483883647e-13,1.6532043483883647e-13,dissipation,Molybdenite,1.6700000000000004,9.308466718456543e-13,1.6700000000000004,2.7608512618085697e-13,0.0023389070923680233,0.0023389070914371767,0.9176761103880936,8.030977391469239e-09,8.030977391469239e-09
Molybdenum,"('ecoinvent-3.4-biosphere', '3822809c-cc03-469d-ac2a-9f85842f8440')",Mo,5.573932166740444e-13,5.573932166740444e-13,1.0,1.6532043483883647e-13,1.6532043483883647e-13,dissipation,Molybdenite,1.6700000000000004,9.308466718456543e-13,1.6700000000000004,2.7608512618085697e-13,0.0023389070923680233,0.0023389070914371767,0.9176761103880936,8.030977391469239e-09,8.030977391469239e-09
Molybdenum,"('ecoinvent-3.4-biosphere', 'c126f8a0-6bc4-42e6-9220-d6ccfef3f2ed')",Mo,5.573932166740444e-13,5.573932166740444e-13,1.0,1.6532043483883647e-13,1.6532043483883647e-13,dissipation,Molybdenite,1.6700000000000004,9.308466718456543e-13,1.6700000000000004,2.7608512618085697e-13,0.0023389070923680233,0.0023389070914371767,0.9176761103880936,8.030977391469239e-09,8.030977391469239e-09
Molybdenum,"('ecoinvent-3.4-biosphere', '8b531ec0-ca7a-49cd-bef0-56f110112f34')",Mo,5.573932166740444e-13,5.573932166740444e-13,1.0,1.6532043483883647e-13,1.6532043483883647e-13,dissipation,Molybdenite,1.6700000000000004,9.308466718456543e-13,1.6700000000000004,2.7608512618085697e-13,0.0023389070923680233,0.0023389070914371767,0.9176761103880936,8.030977391469239e-09,8.030977391469239e-09
Molybdenum,"('ecoinvent-3.4-biosphere', 'fdaaef05-0d10-4032-b2e7-85cae3c7bd5c')",Mo,5.573932166740444e-13,5.573932166740444e-13,1.0,1.6532043483883647e-13,1.6532043483883647e-13,dissipation,Molybdenite,1.6700000000000004,9.308466718456543e-13,1.6700000000000004,2.7608512618085697e-13,0.0023389070923680233,0.0023389070914371767,0.9176761103880936,8.030977391469239e-09,8.030977391469239e-09
Molybdenum,"('ecoinvent-3.4-biosphere', '7d3f7498-3596-478a-9fa1-72201ef94082')",Mo,5.573932166740444e-13,5.573932166740444e-13,1.0,1.6532043483883647e-13,1.6532043483883647e-13,dissipation,Molybdenite,1.6700000000000004,9.308466718456543e-13,1.6700000000000004,2.7608512618085697e-13,0.0023389070923680233,0.0023389070914371767,0.9176761103880936,8.030977391469239e-09,8.030977391469239e-09
Molybdenum,"('ecoinvent-3.4-biosphere', '5fa36ce3-aed0-443b-a09d-4cdf25b41995')",Mo,5.573932166740444e-13,5.573932166740444e-13,1.0,1.6532043483883647e-13,1.6532043483883647e-13,dissipation,Molybdenite,1.6700000000000004,9.308466718456543e-13,1.6700000000000004,2.7608512618085697e-13,0.0023389070923680233,0.0023389070914371767,0.9176761103880936,8.030977391469239e-09,8.030977391469239e-09
Molybdenum,"('ecoinvent-3.4-biosphere', '163926e2-b4cc-42bb-ba7d-401028140985')",Mo,5.24338069305787e-13,5.24338069305787e-13,1.0,1.6532043483883647e-13,1.6532043483883647e-13,dissipation,Molybdenite,1.6700000000000004,8.756445757406644e-13,1.6700000000000004,2.7608512618085697e-13,0.0023389070923680233,0.0023389070914923787,0.9176761103880936,7.555423727323264e-09,7.555423727323264e-09
Molybdenum,"('ecoinvent-3.4-biosphere', '9cf3a683-ed3d-40e9-b039-7653e4fc9e20')",Mo,5.24338069305787e-13,5.24338069305787e-13,1.0,1.6532043483883647e-13,1.6532043483883647e-13,dissipation,Molybdenite,1.6700000000000004,8.756445757406644e-13,1.6700000000000004,2.7608512618085697e-13,0.0023389070923680233,0.0023389070914923787,0.9176761103880936,7.555423727323264e-09,7.555423727323264e-09
Molybdenum,"('ecoinvent-3.4-biosphere', '35b4d818-1019-413b-b99d-d351d8a67ac4')",Mo,5.24338069305787e-13,5.24338069305787e-13,1.0,1.6532043483883647e-13,1.6532043483883647e-13,dissipation,Molybdenite,1.6700000000000004,8.756445757406644e-13,1.6700000000000004,2.7608512618085697e-13,0.0023389070923680233,0.0023389070914923787,0.9176761103880936,7.555423727323264e-09,7.555423727323264e-09
Molybdenum,"('ecoinvent-3.4-biosphere', 'c26d4716-ce1e-43da-a662-cd9498b1e8bc')",Mo,5.24338069305787e-13,5.24338069305787e-13,1.0,1.6532043483883647e-13,1.6532043483883647e-13,dissipation,Molybdenite,1.6700000000000004,8.756445757406644e-13,1.6700000000000004,2.7608512618085697e-13,0.0023389070923680233,0.0023389070914923787,0.9176761103880936,7.555423727323264e-09,7.555423727323264e-09
Molybdenum,"('ecoinvent-3.4-biosphere', '1f3c2297-d652-468d-82e8-4fd59bf5b5b8')",Mo,5.24338069305787e-13,5.24338069305787e-13,1.0,1.6532043483883647e-13,1.6532043483883647e-13,dissipation,Molybdenite,1.6700000000000004,8.756445757406644e-13,1.6700000000000004,2.7608512618085697e-13,0.0023389070923680233,0.0023389070914923787,0.9176761103880936,7.555423727323264e-09,7.555423727323264e-09
Molybdenum,"('ecoinvent-3.4-biosphere', '640e30d2-3158-4a1a-82ef-fd0c72922c9a')",Mo,5.24338069305787e-13,5.24338069305787e-13,1.0,1.6532043483883647e-13,1.6532043483883647e-13,dissipation,Molybdenite,1.6700000000000004,8.756445757406644e-13,1.6700000000000004,2.7608512618085697e-13,0.0023389070923680233,0.0023389070914923787,0.9176761103880936,7.555423727323264e-09,7.555423727323264e-09
Molybdenum,"('ecoinvent-3.4-biosphere', '697e8ecf-bdbe-4857-92c9-e01960c91db7')",Mo,5.24338069305787e-13,5.24338069305787e-13,1.0,1.6532043483883647e-13,1.6532043483883647e-13,dissipation,Molybdenite,1.6700000000000004,8.756445757406644e-13,1.6700000000000004,2.7608512618085697e-13,0.0023389070923680233,0.0023389070914923787,0.9176761103880936,7.555423727323264e-09,7.555423727323264e-09
Molybdenum,"('ecoinvent-3.4-biosphere', '442511cc-a98b-4242-9229-5736cb9a9399')",Mo,5.24338069305787e-13,5.24338069305787e-13,1.0,1.6532043483883647e-13,1.6532043483883647e-13,dissipation,Molybdenite,1.6700000000000004,8.756445757406644e-13,1.6700000000000004,2.7608512618085697e-13,0.0023389070923680233,0.0023389070914923787,0.9176761103880936,7.555423727323264e-09,7.555423727323264e-09
Molybdenum,"('ecoinvent-3.4-biosphere', '3822809c-cc03-469d-ac2a-9f85842f8440')",Mo,5.24338069305787e-13,5.24338069305787e-13,1.0,1.6532043483883647e-13,1.6532043483883647e-13,dissipation,Molybdenite,1.6700000000000004,8.756445757406644e-13,1.6700000000000004,2.7608512618085697e-13,0.0023389070923680233,0.0023389070914923787,0.9176761103880936,7.555423727323264e-09,7.555423727323264e-09
Molybdenum,"('ecoinvent-3.4-biosphere', 'c126f8a0-6bc4-42e6-9220-d6ccfef3f2ed')",Mo,5.24338069305787e-13,5.24338069305787e-13,1.0,1.6532043483883647e-13,1.6532043483883647e-13,dissipation,Molybdenite,1.6700000000000004,8.756445757406644e-13,1.6700000000000004,2.7608512618085697e-13,0.0023389070923680233,0.0023389070914923787,0.9176761103880936,7.555423727323264e-09,7.555423727323264e-09
Molybdenum,"('ecoinvent-3.4-biosphere', '8b531ec0-ca7a-49cd-bef0-56f110112f34')",Mo,5.24338069305787e-13,5.24338069305787e-13,1.0,1.6532043483883647e-13,1.6532043483883647e-13,dissipation,Molybdenite,1.6700000000000004,8.756445757406644e-13,1.6700000000000004,2.7608512618085697e-13,0.0023389070923680233,0.0023389070914923787,0.9176761103880936,7.555423727323264e-09,7.555423727323264e-09
Molybdenum,"('ecoinvent-3.4-biosphere', 'fdaaef05-0d10-4032-b2e7-85cae3c7bd5c')",Mo,5.24338069305787e-13,5.24338069305787e-13,1.0,1.6532043483883647e-13,1.6532043483883647e-13,dissipation,Molybdenite,1.6700000000000004,8.756445757406644e-13,1.6700000000000004,2.7608512618085697e-13,0.0023389070923680233,0.0023389070914923787,0.9176761103880936,7.555423727323264e-09,7.555423727323264e-09
Molybdenum,"('ecoinvent-3.4-biosphere', '7d3f7498-3596-478a-9fa1-72201ef94082')",Mo,5.24338069305787e-13,5.24338069305787e-13,1.0,1.6532043483883647e-13,1.6532043483883647e-13,dissipation,Molybdenite,1.6700000000000004,8.756445757406644e-13,1.6700000000000004,2.7608512618085697e-13,0.0023389070923680233,0.0023389070914923787,0.9176761103880936,7.555423727323264e-09,7.555423727323264e-09
Molybdenum,"('ecoinvent-3.4-biosphere', '5fa36ce3-aed0-443b-a09d-4cdf25b41995')",Mo,5.24338069305787e-13,5.24338069305787e-13,1.0,1.6532043483883647e-13,1.6532043483883647e-13,dissipation,Molybdenite,1.6700000000000004,8.756445757406644e-13,1.6700000000000004,2.7608512618085697e-13,0.0023389070923680233,0.0023389070914923787,0.9176761103880936,7.555423727323264e-09,7.555423727323264e-09
Glyphosate,"('ecoinvent-3.4-biosphere', '3850d44e-8919-47bc-9c0a-51ccc4ec9d9f')",P,4.465498590702825e-13,4.465498590702825e-13,0.1832022239309162,3.1095584453067654e-15,3.1095584453067654e-15,dissipation,Apatite,0.3532544378698225,1.5774571944672113e-13,0.06471699863121715,1.0984653206202006e-15,0.44572664377524784,0.4457266437750901,0.9,1.1388038061223608e-13,1.1388038061223608e-13
Glyphosate,"('ecoinvent-3.4-biosphere', 'b4f9a201-2a20-4f41-a572-eabc98c75e1b')",P,4.465498590702825e-13,4.465498590702825e-13,0.1832022239309162,3.1095584453067654e-15,3.1095584453067654e-15,dissipation,Apatite,0.3532544378698225,1.5774571944672113e-13,0.06471699863121715,1.0984653206202006e-15,0.44572664377524784,0.4457266437750901,0.9,1.1388038061223608e-13,1.1388038061223608e-13
Glyphosate,"('ecoinvent-3.4-biosphere', 'bd02a7ec-dcb5-4609-bc96-cc7a96601ce2')",P,4.465498590702825e-13,4.465498590702825e-13,0.1832022239309162,3.1095584453067654e-15,3.1095584453067654e-15,dissipation,Apatite,0.3532544378698225,1.5774571944672113e-13,0.06471699863121715,1.0984653206202006e-15,0.44572664377524784,0.4457266437750901,0.9,1.1388038061223608e-13,1.1388038061223608e-13
Glyphosate,"('ecoinvent-3.4-biosphere', 'e157e3dd-88b9-4256-ab2e-ff82e7b8d088')",P,4.465498590702825e-13,4.465498590702825e-13,0.1832022239309162,3.1095584453067654e-15,3.1095584453067654e-15,dissipation,Apatite,0.3532544378698225,1.5774571944672113e-13,0.06471699863121715,1.0984653206202006e-15,0.44572664377524784,0.4457266437750901,0.9,1.1388038061223608e-13,1.1388038061223608e-13
Glyphosate,"('ecoinvent-3.4-biosphere', '17955b10-4c04-4fff-91e7-cf89ef1a7cca')",P,4.465498590702825e-13,4.465498590702825e-13,0.1832022239309162,3.1095584453067654e-15,3.1095584453067654e-15,dissipation,Apatite,0.3532544378698225,1.5774571944672113e-13,0.06471699863121715,1.0984653206202006e-15,0.44572664377524784,0.4457266437750901,0.9,1.1388038061223608e-13,1.1388038061223608e-13
Antimony,"('ecoinvent-3.4-biosphere', 'b2dc8668-86de-4207-b20e-dc81dea63c98')",Sb,4.3940348577303406e-13,4.3940348577303406e-13,1.0,2.1834077210692158e-11,2.1834077210692158e-11,dissipation,Stibnite,1.3941798941798942,6.126075052973253e-13,1.3941798941798942,3.0440631455118433e-11,0.22717627533598833,0.2271762753353757,0.9,2.1439127009195476e-12,2.1439127009195476e-12
Antimony,"('ecoinvent-3.4-biosphere', '83cf77ca-867b-4eef-b0f0-78d71b3d91d5')",Sb,4.3940348577303406e-13,4.3940348577303406e-13,1.0,2.1834077210692158e-11,2.1834077210692158e-11,dissipation,Stibnite,1.3941798941798942,6.126075052973253e-13,1.3941798941798942,3.0440631455118433e-11,0.22717627533598833,0.2271762753353757,0.9,2.1439127009195476e-12,2.1439127009195476e-12
Antimony,"('ecoinvent-3.4-biosphere', '183f9856-03ab-464d-9366-8ef62077b510')",Sb,4.3940348577303406e-13,4.3940348577303406e-13,1.0,2.1834077210692158e-11,2.1834077210692158e-11,dissipation,Stibnite,1.3941798941798942,6.126075052973253e-13,1.3941798941798942,3.0440631455118433e-11,0.22717627533598833,0.2271762753353757,0.9,2.1439127009195476e-12,2.1439127009195476e-12
Antimony,"('ecoinvent-3.4-biosphere', 'fa39136e-1ef6-43c1-af68-104da104568d')",Sb,4.3940348577303406e-13,4.3940348577303406e-13,1.0,2.1834077210692158e-11,2.1834077210692158e-11,dissipation,Stibnite,1.3941798941798942,6.126075052973253e-13,1.3941798941798942,3.0440631455118433e-11,0.22717627533598833,0.2271762753353757,0.9,2.1439127009195476e-12,2.1439127009195476e-12
Antimony,"('ecoinvent-3.4-biosphere', 'c49fb4cd-eed0-4438-9052-9612473cdbae')",Sb,4.3940348577303406e-13,4.3940348577303406e-13,1.0,2.1834077210692158e-11,2.1834077210692158e-11,dissipation,Stibnite,1.3941798941798942,6.126075052973253e-13,1.3941798941798942,3.0440631455118433e-11,0.22717627533598833,0.2271762753353757,0.9,2.1439127009195476e-12,2.1439127009195476e-12
Antimony,"('ecoinvent-3.4-biosphere', '5df5cb9f-812c-4ce8-ab1c-df6ab4d31900')",Sb,4.3940348577303406e-13,4.3940348577303406e-13,1.0,2.1834077210692158e-11,2.1834077210692158e-11,dissipation,Stibnite,1.3941798941798942,6.126075052973253e-13,1.3941798941798942,3.0440631455118433e-11,0.22717627533598833,0.2271762753353757,0.9,2.1439127009195476e-12,2.1439127009195476e-12
Antimony,"('ecoinvent-3.4-biosphere', '7805afa2-d93b-40bb-b841-325b98aec824')",Sb,4.3940348577303406e-13,4.3940348577303406e-13,1.0,2.1834077210692158e-11,2.1834077210692158e-11,dissipation,Stibnite,1.3941798941798942,6.126075052973253e-13,1.3941798941798942,3.0440631455118433e-11,0.22717627533598833,0.2271762753353757,0.9,2.1439127009195476e-12,2.1439127009195476e-12
Antimony,"('ecoinvent-3.4-biosphere', '2b2369a4-26bb-4b18-8479-752fdf7a5e7f')",Sb,4.3940348577303406e-13,4.3940348577303406e-13,1.0,2.1834077210692158e-11,2.1834077210692158e-11,dissipation,Stibnite,1.3941798941798942,6.126075052973253e-13,1.3941798941798942,3.0440631455118433e-11,0.22717627533598833,0.2271762753353757,0.9,2.1439127009195476e-12,2.1439127009195476e-12
Antimony,"('ecoinvent-3.4-biosphere', '77927dac-dea3-429d-a434-d5a71d92c4f7')",Sb,4.3940348577303406e-13,4.3940348577303406e-13,1.0,2.1834077210692158e-11,2.1834077210692158e-11,dissipation,Stibnite,1.3941798941798942,6.126075052973253e-13,1.3941798941798942,3.0440631455118433e-11,0.22717627533598833,0.2271762753353757,0.9,2.1439127009195476e-12,2.1439127009195476e-12
Antimony,"('ecoinvent-3.4-biosphere', '49803ad0-9ca2-4507-a5ea-f152d16c929d')",Sb,4.3940348577303406e-13,4.3940348577303406e-13,1.0,2.1834077210692158e-11,2.1834077210692158e-11,dissipation,Stibnite,1.3941798941798942,6.126075052973253e-13,1.3941798941798942,3.0440631455118433e-11,0.22717627533598833,0.2271762753353757,0.9,2.1439127009195476e-12,2.1439127009195476e-12
Antimony,"('ecoinvent-3.4-biosphere', '34b96163-a3df-4bc1-8224-e2a9fe01b23f')",Sb,4.3940348577303406e-13,4.3940348577303406e-13,1.0,2.1834077210692158e-11,2.1834077210692158e-11,dissipation,Stibnite,1.3941798941798942,6.126075052973253e-13,1.3941798941798942,3.0440631455118433e-11,0.22717627533598833,0.2271762753353757,0.9,2.1439127009195476e-12,2.1439127009195476e-12
Antimony,"('ecoinvent-3.4-biosphere', '3ea5684a-6d64-4f96-8c09-1d90f997c9d4')",Sb,4.3940348577303406e-13,4.3940348577303406e-13,1.0,2.1834077210692158e-11,2.1834077210692158e-11,dissipation,Stibnite,1.3941798941798942,6.126075052973253e-13,1.3941798941798942,3.0440631455118433e-11,0.22717627533598833,0.2271762753353757,0.9,2.1439127009195476e-12,2.1439127009195476e-12
Antimony,"('ecoinvent-3.4-biosphere', 'f4cf8d5c-f030-4b55-a3af-e3c20b855ee8')",Sb,4.3940348577303406e-13,4.3940348577303406e-13,1.0,2.1834077210692158e-11,2.1834077210692158e-11,dissipation,Stibnite,1.3941798941798942,6.126075052973253e-13,1.3941798941798942,3.0440631455118433e-11,0.22717627533598833,0.2271762753353757,0.9,2.1439127009195476e-12,2.1439127009195476e-12
Antimony,"('ecoinvent-3.4-biosphere', '43b29ad9-26dd-4838-b931-6216e55a0120')",Sb,4.3940348577303406e-13,4.3940348577303406e-13,1.0,2.1834077210692158e-11,2.1834077210692158e-11,dissipation,Stibnite,1.3941798941798942,6.126075052973253e-13,1.3941798941798942,3.0440631455118433e-11,0.22717627533598833,0.2271762753353757,0.9,2.1439127009195476e-12,2.1439127009195476e-12
"Silver, ion","('ecoinvent-3.4-biosphere', 'af9793ba-25a1-4928-a14a-4bcf7d5bd3f7')",Ag,4.1167056685127403e-13,4.1167056685127403e-13,1.0,1.5701960660375504e-13,1.5701960660375504e-13,dissipation,Argentite,1.1478494623655913,4.725358388319731e-13,1.1478494623655913,1.8023487102097688e-13,0.0005609394054083945,0.0005609394049358586,0.9,1.3291195006713617e-07,1.3291195006713617e-07
"Silver, ion","('ecoinvent-3.4-biosphere', '71cfe87c-ab80-421e-adba-afb7d5bd0861')",Ag,4.1167056685127403e-13,4.1167056685127403e-13,1.0,1.5701960660375504e-13,1.5701960660375504e-13,dissipation,Argentite,1.1478494623655913,4.725358388319731e-13,1.1478494623655913,1.8023487102097688e-13,0.0005609394054083945,0.0005609394049358586,0.9,1.3291195006713617e-07,1.3291195006713617e-07
"Silver, ion","('ecoinvent-3.4-biosphere', '94426df9-63b1-4dc6-ad1b-3509e22f1154')",Ag,4.1167056685127403e-13,4.1167056685127403e-13,1.0,1.5701960660375504e-13,1.5701960660375504e-13,dissipation,Argentite,1.1478494623655913,4.725358388319731e-13,1.1478494623655913,1.8023487102097688e-13,0.0005609394054083945,0.0005609394049358586,0.9,1.3291195006713617e-07,1.3291195006713617e-07
"Silver, ion","('ecoinvent-3.4-biosphere', '21c257b2-57ce-4a6e-b4bd-40f0f75f310f')",Ag,4.1167056685127403e-13,4.1167056685127403e-13,1.0,1.5701960660375504e-13,1.5701960660375504e-13,dissipation,Argentite,1.1478494623655913,4.725358388319731e-13,1.1478494623655913,1.8023487102097688e-13,0.0005609394054083945,0.0005609394049358586,0.9,1.3291195006713617e-07,1.3291195006713617e-07
"Silver, ion","('ecoinvent-3.4-biosphere', '6aa8673f-f7e3-4270-93dc-e97b745fced7')",Ag,4.1167056685127403e-13,4.1167056685127403e-13,1.0,1.5701960660375504e-13,1.5701960660375504e-13,dissipation,Argentite,1.1478494623655913,4.725358388319731e-13,1.1478494623655913,1.8023487102097688e-13,0.0005609394054083945,0.0005609394049358586,0.9,1.3291195006713617e-07,1.3291195006713617e-07
"Lithium, ion","('ecoinvent-3.4-biosphere', 'c44b0e3b-e65e-4276-aa1f-3db768757b66')",Li,3.458860644108684e-13,3.458860644108684e-13,1.0,1.5184934529957733e-13,1.5184934529957733e-13,dissipation,Spodumene,26.800000000000004,9.269746526211274e-12,26.800000000000004,4.069562454028673e-12,0.000503877451206123,0.0005038774419363765,0.95,2.743533433378834e-08,2.743533433378834e-08
"Lithium, ion","('ecoinvent-3.4-biosphere', 'eb2bfdf1-1881-40e8-bebb-d674b2a79149')",Li,3.458860644108684e-13,3.458860644108684e-13,1.0,1.5184934529957733e-13,1.5184934529957733e-13,dissipation,Spodumene,26.800000000000004,9.269746526211274e-12,26.800000000000004,4.069562454028673e-12,0.000503877451206123,0.0005038774419363765,0.95,2.743533433378834e-08,2.743533433378834e-08
"Lithium, ion","('ecoinvent-3.4-biosphere', '09cf7c11-0269-4fc1-a5f3-47121a7882d3')",Li,3.458860644108684e-13,3.458860644108684e-13,1.0,1.5184934529957733e-13,1.5184934529957733e-13,dissipation,Spodumene,26.800000000000004,9.269746526211274e-12,26.800000000000004,4.069562454028673e-12,0.000503877451206123,0.0005038774419363765,0.95,2.743533433378834e-08,2.743533433378834e-08
"Lithium, ion","('ecoinvent-3.4-biosphere', 'e98084d6-88a2-48cf-9ad5-6462fe9cf857')",Li,3.458860644108684e-13,3.458860644108684e-13,1.0,1.5184934529957733e-13,1.5184934529957733e-13,dissipation,Spodumene,26.800000000000004,9.269746526211274e-12,26.800000000000004,4.069562454028673e-12,0.000503877451206123,0.0005038774419363765,0.95,2.743533433378834e-08,2.743533433378834e-08
"Lithium, ion","('ecoinvent-3.4-biosphere', 'cf88e72e-13bc-416c-ac41-7d4b24bda86a')",Li,3.458860644108684e-13,3.458860644108684e-13,1.0,1.5184934529957733e-13,1.5184934529957733e-13,dissipation,Spodumene,26.800000000000004,9.269746526211274e-12,26.800000000000004,4.069562454028673e-12,0.000503877451206123,0.0005038774419363765,0.95,2.743533433378834e-08,2.743533433378834e-08
Phosphorus,"('ecoinvent-3.4-biosphere', '8b0a4a41-c65c-4d94-b10c-94ddb98abdd2')",P,3.2413696439163966e-13,3.2413696439163966e-13,1.0,1.6973366253890836e-14,1.6973366253890836e-14,dissipation,Apatite,0.3532544378698225,1.1450282114899935e-13,0.3532544378698225,5.995916954776823e-15,0.44572664377524784,0.4457266437751333,0.9,8.262493634413301e-14,8.262493634413301e-14
Phosphorus,"('ecoinvent-3.4-biosphere', 'b6e2f7f4-6b2e-4b3e-be1f-67626cb8205d')",P,3.2413696439163966e-13,3.2413696439163966e-13,1.0,1.6973366253890836e-14,1.6973366253890836e-14,dissipation,Apatite,0.3532544378698225,1.1450282114899935e-13,0.3532544378698225,5.995916954776823e-15,0.44572664377524784,0.4457266437751333,0.9,8.262493634413301e-14,8.262493634413301e-14
Phosphorus,"('ecoinvent-3.4-biosphere', 'b2631209-8374-431e-b7d5-56c96c6b6d79')",P,3.2413696439163966e-13,3.2413696439163966e-13,1.0,1.6973366253890836e-14,1.6973366253890836e-14,dissipation,Apatite,0.3532544378698225,1.1450282114899935e-13,0.3532544378698225,5.995916954776823e-15,0.44572664377524784,0.4457266437751333,0.9,8.262493634413301e-14,8.262493634413301e-14
Phosphorus,"('ecoinvent-3.4-biosphere', 'e2d35af7-9806-46ff-9b75-b124a48fa5a1')",P,3.2413696439163966e-13,3.2413696439163966e-13,1.0,1.6973366253890836e-14,1.6973366253890836e-14,dissipation,Apatite,0.3532544378698225,1.1450282114899935e-13,0.3532544378698225,5.995916954776823e-15,0.44572664377524784,0.4457266437751333,0.9,8.262493634413301e-14,8.262493634413301e-14
Phosphorus,"('ecoinvent-3.4-biosphere', 'c89a0749-40a5-4c9c-8770-c4295ea34977')",P,3.2413696439163966e-13,3.2413696439163966e-13,1.0,1.6973366253890836e-14,1.6973366253890836e-14,dissipation,Apatite,0.3532544378698225,1.1450282114899935e-13,0.3532544378698225,5.995916954776823e-15,0.44572664377524784,0.4457266437751333,0.9,8.262493634413301e-14,8.262493634413301e-14
Phosphorus,"('ecoinvent-3.4-biosphere', 'f5e7e615-4160-4df9-b39b-7463eaed77c7')",P,3.2413696439163966e-13,3.2413696439163966e-13,1.0,1.6973366253890836e-14,1.6973366253890836e-14,dissipation,Apatite,0.3532544378698225,1.1450282114899935e-13,0.3532544378698225,5.995916954776823e-15,0.44572664377524784,0.4457266437751333,0.9,8.262493634413301e-14,8.262493634413301e-14
Phosphorus,"('ecoinvent-3.4-biosphere', 'b1fca66f-8e83-469a-a7b5-018e14d5d545')",P,3.2413696439163966e-13,3.2413696439163966e-13,1.0,1.6973366253890836e-14,1.6973366253890836e-14,dissipation,Apatite,0.3532544378698225,1.1450282114899935e-13,0.3532544378698225,5.995916954776823e-15,0.44572664377524784,0.4457266437751333,0.9,8.262493634413301e-14,8.262493634413301e-14
Phosphorus,"('ecoinvent-3.4-biosphere', '2f8952b0-c90c-4e3d-b546-52b862fc8f11')",P,3.2413696439163966e-13,3.2413696439163966e-13,1.0,1.6973366253890836e-14,1.6973366253890836e-14,dissipation,Apatite,0.3532544378698225,1.1450282114899935e-13,0.3532544378698225,5.995916954776823e-15,0.44572664377524784,0.4457266437751333,0.9,8.262493634413301e-14,8.262493634413301e-14
Phosphorus,"('ecoinvent-3.4-biosphere', 'd761f94e-517d-41cf-89fa-17dc72f7a69b')",P,3.2413696439163966e-13,3.2413696439163966e-13,1.0,1.6973366253890836e-14,1.6973366253890836e-14,dissipation,Apatite,0.3532544378698225,1.1450282114899935e-13,0.3532544378698225,5.995916954776823e-15,0.44572664377524784,0.4457266437751333,0.9,8.262493634413301e-14,8.262493634413301e-14
Phosphorus,"('ecoinvent-3.4-biosphere', '2d4b8ec1-8d53-4e62-8a11-ebc45909b02e')",P,3.2413696439163966e-13,3.2413696439163966e-13,1.0,1.6973366253890836e-14,1.6973366253890836e-14,dissipation,Apatite,0.3532544378698225,1.1450282114899935e-13,0.3532544378698225,5.995916954776823e-15,0.44572664377524784,0.4457266437751333,0.9,8.262493634413301e-14,8.262493634413301e-14
Phosphorus,"('ecoinvent-3.4-biosphere', '76b09afe-52b9-4ecc-b97a-00b49ad8ed1a')",P,3.2413696439163966e-13,3.2413696439163966e-13,1.0,1.6973366253890836e-14,1.6973366253890836e-14,dissipation,Apatite,0.3532544378698225,1.1450282114899935e-13,0.3532544378698225,5.995916954776823e-15,0.44572664377524784,0.4457266437751333,0.9,8.262493634413301e-14,8.262493634413301e-14
Phosphorus,"('ecoinvent-3.4-biosphere', 'ea4e9316-5080-4b3b-bbf3-1949f6d7577a')",P,3.2413696439163966e-13,3.2413696439163966e-13,1.0,1.6973366253890836e-14,1.6973366253890836e-14,dissipation,Apatite,0.3532544378698225,1.1450282114899935e-13,0.3532544378698225,5.995916954776823e-15,0.44572664377524784,0.4457266437751333,0.9,8.262493634413301e-14,8.262493634413301e-14
Phosphorus,"('ecoinvent-3.4-biosphere', '62f3d964-9b53-4d01-9ee0-04112dcfc6d2')",P,3.2413696439163966e-13,3.2413696439163966e-13,1.0,1.6973366253890836e-14,1.6973366253890836e-14,dissipation,Apatite,0.3532544378698225,1.1450282114899935e-13,0.3532544378698225,5.995916954776823e-15,0.44572664377524784,0.4457266437751333,0.9,8.262493634413301e-14,8.262493634413301e-14
Phosphorus,"('ecoinvent-3.4-biosphere', '198ce8e3-f05a-4bec-9f7f-325347453326')",P,3.2413696439163966e-13,3.2413696439163966e-13,1.0,1.6973366253890836e-14,1.6973366253890836e-14,dissipation,Apatite,0.3532544378698225,1.1450282114899935e-13,0.3532544378698225,5.995916954776823e-15,0.44572664377524784,0.4457266437751333,0.9,8.262493634413301e-14,8.262493634413301e-14
Phosphorus,"('ecoinvent-3.4-biosphere', '8b0a4a41-c65c-4d94-b10c-94ddb98abdd2')",P,3.235533280882856e-13,3.235533280882856e-13,1.0,1.6973366253890836e-14,1.6973366253890836e-14,dissipation,Apatite,0.3532544378698225,1.142966490347376e-13,0.3532544378698225,5.995916954776823e-15,0.44572664377524784,0.44572664377513355,0.9,8.245483868825215e-14,8.245483868825215e-14
Phosphorus,"('ecoinvent-3.4-biosphere', 'b6e2f7f4-6b2e-4b3e-be1f-67626cb8205d')",P,3.235533280882856e-13,3.235533280882856e-13,1.0,1.6973366253890836e-14,1.6973366253890836e-14,dissipation,Apatite,0.3532544378698225,1.142966490347376e-13,0.3532544378698225,5.995916954776823e-15,0.44572664377524784,0.44572664377513355,0.9,8.245483868825215e-14,8.245483868825215e-14
Phosphorus,"('ecoinvent-3.4-biosphere', 'b2631209-8374-431e-b7d5-56c96c6b6d79')",P,3.235533280882856e-13,3.235533280882856e-13,1.0,1.6973366253890836e-14,1.6973366253890836e-14,dissipation,Apatite,0.3532544378698225,1.142966490347376e-13,0.3532544378698225,5.995916954776823e-15,0.44572664377524784,0.44572664377513355,0.9,8.245483868825215e-14,8.245483868825215e-14
Phosphorus,"('ecoinvent-3.4-biosphere', 'e2d35af7-9806-46ff-9b75-b124a48fa5a1')",P,3.235533280882856e-13,3.235533280882856e-13,1.0,1.6973366253890836e-14,1.6973366253890836e-14,dissipation,Apatite,0.3532544378698225,1.142966490347376e-13,0.3532544378698225,5.995916954776823e-15,0.44572664377524784,0.44572664377513355,0.9,8.245483868825215e-14,8.245483868825215e-14
Phosphorus,"('ecoinvent-3.4-biosphere', 'c89a0749-40a5-4c9c-8770-c4295ea34977')",P,3.235533280882856e-13,3.235533280882856e-13,1.0,1.6973366253890836e-14,1.6973366253890836e-14,dissipation,Apatite,0.3532544378698225,1.142966490347376e-13,0.3532544378698225,5.995916954776823e-15,0.44572664377524784,0.44572664377513355,0.9,8.245483868825215e-14,8.245483868825215e-14
Phosphorus,"('ecoinvent-3.4-biosphere', 'f5e7e615-4160-4df9-b39b-7463eaed77c7')",P,3.235533280882856e-13,3.235533280882856e-13,1.0,1.6973366253890836e-14,1.6973366253890836e-14,dissipation,Apatite,0.3532544378698225,1.142966490347376e-13,0.3532544378698225,5.995916954776823e-15,0.44572664377524784,0.44572664377513355,0.9,8.245483868825215e-14,8.245483868825215e-14
Phosphorus,"('ecoinvent-3.4-biosphere', 'b1fca66f-8e83-469a-a7b5-018e14d5d545')",P,3.235533280882856e-13,3.235533280882856e-13,1.0,1.6973366253890836e-14,1.6973366253890836e-14,dissipation,Apatite,0.3532544378698225,1.142966490347376e-13,0.3532544378698225,5.995916954776823e-15,0.44572664377524784,0.44572664377513355,0.9,8.245483868825215e-14,8.245483868825215e-14
Phosphorus,"('ecoinvent-3.4-biosphere', '2f8952b0-c90c-4e3d-b546-52b862fc8f11')",P,3.235533280882856e-13,3.235533280882856e-13,1.0,1.6973366253890836e-14,1.6973366253890836e-14,dissipation,Apatite,0.3532544378698225,1.142966490347376e-13,0.3532544378698225,5.995916954776823e-15,0.44572664377524784,0.44572664377513355,0.9,8.245483868825215e-14,8.245483868825215e-14
Phosphorus,"('ecoinvent-3.4-biosphere', 'd761f94e-517d-41cf-89fa-17dc72f7a69b')",P,3.235533280882856e-13,3.235533280882856e-13,1.0,1.6973366253890836e-14,1.6973366253890836e-14,dissipation,Apatite,0.3532544378698225,1.142966490347376e-13,0.3532544378698225,5.995916954776823e-15,0.44572664377524784,0.44572664377513355,0.9,8.245483868825215e-14,8.245483868825215e-14
Phosphorus,"('ecoinvent-3.4-biosphere', '2d4b8ec1-8d53-4e62-8a11-ebc45909b02e')",P,3.235533280882856e-13,3.235533280882856e-13,1.0,1.6973366253890836e-14,1.6973366253890836e-14,dissipation,Apatite,0.3532544378698225,1.142966490347376e-13,0.3532544378698225,5.995916954776823e-15,0.44572664377524784,0.44572664377513355,0.9,8.245483868825215e-14,8.245483868825215e-14
Phosphorus,"('ecoinvent-3.4-biosphere', '76b09afe-52b9-4ecc-b97a-00b49ad8ed1a')",P,3.235533280882856e-13,3.235533280882856e-13,1.0,1.6973366253890836e-14,1.6973366253890836e-14,dissipation,Apatite,0.3532544378698225,1.142966490347376e-13,0.3532544378698225,5.995916954776823e-15,0.44572664377524784,0.44572664377513355,0.9,8.245483868825215e-14,8.245483868825215e-14
Phosphorus,"('ecoinvent-3.4-biosphere', 'ea4e9316-5080-4b3b-bbf3-1949f6d7577a')",P,3.235533280882856e-13,3.235533280882856e-13,1.0,1.6973366253890836e-14,1.6973366253890836e-14,dissipation,Apatite,0.3532544378698225,1.142966490347376e-13,0.3532544378698225,5.995916954776823e-15,0.44572664377524784,0.44572664377513355,0.9,8.245483868825215e-14,8.245483868825215e-14
Phosphorus,"('ecoinvent-3.4-biosphere', '62f3d964-9b53-4d01-9ee0-04112dcfc6d2')",P,3.235533280882856e-13,3.235533280882856e-13,1.0,1.6973366253890836e-14,1.6973366253890836e-14,dissipation,Apatite,0.3532544378698225,1.142966490347376e-13,0.3532544378698225,5.995916954776823e-15,0.44572664377524784,0.44572664377513355,0.9,8.245483868825215e-14,8.245483868825215e-14
Phosphorus,"('ecoinvent-3.4-biosphere', '198ce8e3-f05a-4bec-9f7f-325347453326')",P,3.235533280882856e-13,3.235533280882856e-13,1.0,1.6973366253890836e-14,1.6973366253890836e-14,dissipation,Apatite,0.3532544378698225,1.142966490347376e-13,0.3532544378698225,5.995916954776823e-15,0.44572664377524784,0.44572664377513355,0.9,8.245483868825215e-14,8.245483868825215e-14
Glyphosate,"('ecoinvent-3.4-biosphere', '3850d44e-8919-47bc-9c0a-51ccc4ec9d9f')",P,2.5629272535908546e-13,2.5629272535908546e-13,0.1832022239309162,3.1095584453067654e-15,3.1095584453067654e-15,dissipation,Apatite,0.3532544378698225,9.053654262684854e-14,0.06471699863121715,1.0984653206202006e-15,0.44572664377524784,0.4457266437751573,0.9,6.527497544428636e-14,6.527497544428636e-14
Glyphosate,"('ecoinvent-3.4-biosphere', 'b4f9a201-2a20-4f41-a572-eabc98c75e1b')",P,2.5629272535908546e-13,2.5629272535908546e-13,0.1832022239309162,3.1095584453067654e-15,3.1095584453067654e-15,dissipation,Apatite,0.3532544378698225,9.053654262684854e-14,0.06471699863121715,1.0984653206202006e-15,0.44572664377524784,0.4457266437751573,0.9,6.527497544428636e-14,6.527497544428636e-14
Glyphosate,"('ecoinvent-3.4-biosphere', 'bd02a7ec-dcb5-4609-bc96-cc7a96601ce2')",P,2.5629272535908546e-13,2.5629272535908546e-13,0.1832022239309162,3.1095584453067654e-15,3.1095584453067654e-15,dissipation,Apatite,0.3532544378698225,9.053654262684854e-14,0.06471699863121715,1.0984653206202006e-15,0.44572664377524784,0.4457266437751573,0.9,6.527497544428636e-14,6.527497544428636e-14
Glyphosate,"('ecoinvent-3.4-biosphere', 'e157e3dd-88b9-4256-ab2e-ff82e7b8d088')",P,2.5629272535908546e-13,2.5629272535908546e-13,0.1832022239309162,3.1095584453067654e-15,3.1095584453067654e-15,dissipation,Apatite,0.3532544378698225,9.053654262684854e-14,0.06471699863121715,1.0984653206202006e-15,0.44572664377524784,0.4457266437751573,0.9,6.527497544428636e-14,6.527497544428636e-14
Glyphosate,"('ecoinvent-3.4-biosphere', '17955b10-4c04-4fff-91e7-cf89ef1a7cca')",P,2.5629272535908546e-13,2.5629272535908546e-13,0.1832022239309162,3.1095584453067654e-15,3.1095584453067654e-15,dissipation,Apatite,0.3532544378698225,9.053654262684854e-14,0.06471699863121715,1.0984653206202006e-15,0.44572664377524784,0.4457266437751573,0.9,6.527497544428636e-14,6.527497544428636e-14
Lithium,"('ecoinvent-3.4-biosphere', '4569494e-085e-413a-8fef-63a3c419e0cf')",Li,2.237579983232634e-13,2.237579983232634e-13,1.0,1.5184934529957733e-13,1.5184934529957733e-13,dissipation,Spodumene,26.800000000000004,5.99671435506346e-12,26.800000000000004,4.069562454028673e-12,0.000503877451206123,0.0005038774452094087,0.95,1.7748242231779094e-08,1.7748242231779094e-08
Lithium,"('ecoinvent-3.4-biosphere', '85466e0f-e5b5-4084-9338-59e317f7cb09')",Li,2.237579983232634e-13,2.237579983232634e-13,1.0,1.5184934529957733e-13,1.5184934529957733e-13,dissipation,Spodumene,26.800000000000004,5.99671435506346e-12,26.800000000000004,4.069562454028673e-12,0.000503877451206123,0.0005038774452094087,0.95,1.7748242231779094e-08,1.7748242231779094e-08
Lithium,"('ecoinvent-3.4-biosphere', '6230c099-a983-4d9d-98a8-a0697962bec3')",Li,2.237579983232634e-13,2.237579983232634e-13,1.0,1.5184934529957733e-13,1.5184934529957733e-13,dissipation,Spodumene,26.800000000000004,5.99671435506346e-12,26.800000000000004,4.069562454028673e-12,0.000503877451206123,0.0005038774452094087,0.95,1.7748242231779094e-08,1.7748242231779094e-08
Lithium,"('ecoinvent-3.4-biosphere', '4569494e-085e-413a-8fef-63a3c419e0cf')",Li,2.237579983232634e-13,2.237579983232634e-13,1.0,1.5184934529957733e-13,1.5184934529957733e-13,dissipation,Spodumene,26.800000000000004,5.99671435506346e-12,26.800000000000004,4.069562454028673e-12,0.000503877451206123,0.0005038774452094087,0.95,1.7748242231779094e-08,1.7748242231779094e-08
Lithium,"('ecoinvent-3.4-biosphere', '85466e0f-e5b5-4084-9338-59e317f7cb09')",Li,2.237579983232634e-13,2.237579983232634e-13,1.0,1.5184934529957733e-13,1.5184934529957733e-13,dissipation,Spodumene,26.800000000000004,5.99671435506346e-12,26.800000000000004,4.069562454028673e-12,0.000503877451206123,0.0005038774452094087,0.95,1.7748242231779094e-08,1.7748242231779094e-08
Lithium,"('ecoinvent-3.4-biosphere', '6230c099-a983-4d9d-98a8-a0697962bec3')",Li,2.237579983232634e-13,2.237579983232634e-13,1.0,1.5184934529957733e-13,1.5184934529957733e-13,dissipation,Spodumene,26.800000000000004,5.99671435506346e-12,26.800000000000004,4.069562454028673e-12,0.000503877451206123,0.0005038774452094087,0.95,1.7748242231779094e-08,1.7748242231779094e-08
Tin,"('ecoinvent-3.4-biosphere', '8a422b03-1055-4bc8-b439-27bf8d7eef57')",Sn,1.85918297244212e-13,1.85918297244212e-13,1.0,1.3268575464212294e-13,1.3268575464212294e-13,dissipation,Cassiterite,1.26875,2.35883839628594e-13,1.26875,1.6834505120219348e-13,0.009054537241268257,0.009054537241032373,0.8632947389802966,7.610135346169052e-11,7.610135346169052e-11
Tin,"('ecoinvent-3.4-biosphere', '19b6e569-85a4-4ea9-a590-d61a21e3c846')",Sn,1.85918297244212e-13,1.85918297244212e-13,1.0,1.3268575464212294e-13,1.3268575464212294e-13,dissipation,Cassiterite,1.26875,2.35883839628594e-13,1.26875,1.6834505120219348e-13,0.009054537241268257,0.009054537241032373,0.8632947389802966,7.610135346169052e-11,7.610135346169052e-11
Tin,"('ecoinvent-3.4-biosphere', '168c970b-91c9-4427-a3a0-6686ad6cc2c4')",Sn,1.85918297244212e-13,1.85918297244212e-13,1.0,1.3268575464212294e-13,1.3268575464212294e-13,dissipation,Cassiterite,1.26875,2.35883839628594e-13,1.26875,1.6834505120219348e-13,0.009054537241268257,0.009054537241032373,0.8632947389802966,7.610135346169052e-11,7.610135346169052e-11
Tin,"('ecoinvent-3.4-biosphere', 'c67e3ba8-ddce-4931-b4b0-f4f9a56ccf40')",Sn,1.85918297244212e-13,1.85918297244212e-13,1.0,1.3268575464212294e-13,1.3268575464212294e-13,dissipation,Cassiterite,1.26875,2.35883839628594e-13,1.26875,1.6834505120219348e-13,0.009054537241268257,0.009054537241032373,0.8632947389802966,7.610135346169052e-11,7.610135346169052e-11
Tin,"('ecoinvent-3.4-biosphere', '6366d4ec-5ffc-4488-be51-0c239cdf535d')",Sn,1.85918297244212e-13,1.85918297244212e-13,1.0,1.3268575464212294e-13,1.3268575464212294e-13,dissipation,Cassiterite,1.26875,2.35883839628594e-13,1.26875,1.6834505120219348e-13,0.009054537241268257,0.009054537241032373,0.8632947389802966,7.610135346169052e-11,7.610135346169052e-11
Tin,"('ecoinvent-3.4-biosphere', '85a764f2-a810-4b20-bc86-a45604262fda')",Sn,1.85918297244212e-13,1.85918297244212e-13,1.0,1.3268575464212294e-13,1.3268575464212294e-13,dissipation,Cassiterite,1.26875,2.35883839628594e-13,1.26875,1.6834505120219348e-13,0.009054537241268257,0.009054537241032373,0.8632947389802966,7.610135346169052e-11,7.610135346169052e-11
Tin,"('ecoinvent-3.4-biosphere', '2a7b68ff-f12a-44c6-8b31-71ec91d29889')",Sn,1.85918297244212e-13,1.85918297244212e-13,1.0,1.3268575464212294e-13,1.3268575464212294e-13,dissipation,Cassiterite,1.26875,2.35883839628594e-13,1.26875,1.6834505120219348e-13,0.009054537241268257,0.009054537241032373,0.8632947389802966,7.610135346169052e-11,7.610135346169052e-11
Tin,"('ecoinvent-3.4-biosphere', 'f563b90e-a300-4403-b278-d2fdcd73e5a7')",Sn,1.85918297244212e-13,1.85918297244212e-13,1.0,1.3268575464212294e-13,1.3268575464212294e-13,dissipation,Cassiterite,1.26875,2.35883839628594e-13,1.26875,1.6834505120219348e-13,0.009054537241268257,0.009054537241032373,0.8632947389802966,7.610135346169052e-11,7.610135346169052e-11
Tin,"('ecoinvent-3.4-biosphere', 'e070bd24-fd16-4963-8f4d-78bb4c402400')",Sn,1.85918297244212e-13,1.85918297244212e-13,1.0,1.3268575464212294e-13,1.3268575464212294e-13,dissipation,Cassiterite,1.26875,2.35883839628594e-13,1.26875,1.6834505120219348e-13,0.009054537241268257,0.009054537241032373,0.8632947389802966,7.610135346169052e-11,7.610135346169052e-11
Copper,"('ecoinvent-3.4-biosphere', '88cde01c-df69-40bb-9b14-6eac71bea5b8')",Cu,1.0738558467141468e-13,1.0738558467141468e-13,1.0,1.231243333335009e-14,1.231243333335009e-14,dissipation,Chalcopyrite,2.8793103448275863,3.09196424829763e-13,2.8793103448275863,3.545131666671491e-14,0.01286923124177145,0.012869231241462253,0.8086409056778144,1.8003823172714793e-10,1.8003823172714793e-10
Copper,"('ecoinvent-3.4-biosphere', '0a5e8a67-f9ae-48b3-bfa7-e9d37c30a191')",Cu,1.0738558467141468e-13,1.0738558467141468e-13,1.0,1.231243333335009e-14,1.231243333335009e-14,dissipation,Chalcopyrite,2.8793103448275863,3.09196424829763e-13,2.8793103448275863,3.545131666671491e-14,0.01286923124177145,0.012869231241462253,0.8086409056778144,1.8003823172714793e-10,1.8003823172714793e-10
Copper,"('ecoinvent-3.4-biosphere', '237ca6bc-2f0a-4416-a0e3-bd512f038f2e')",Cu,1.0738558467141468e-13,1.0738558467141468e-13,1.0,1.231243333335009e-14,1.231243333335009e-14,dissipation,Chalcopyrite,2.8793103448275863,3.09196424829763e-13,2.8793103448275863,3.545131666671491e-14,0.01286923124177145,0.012869231241462253,0.8086409056778144,1.8003823172714793e-10,1.8003823172714793e-10
Copper,"('ecoinvent-3.4-biosphere', '7e66a41c-d311-4949-bdd8-eef09cdcfa47')",Cu,1.0738558467141468e-13,1.0738558467141468e-13,1.0,1.231243333335009e-14,1.231243333335009e-14,dissipation,Chalcopyrite,2.8793103448275863,3.09196424829763e-13,2.8793103448275863,3.545131666671491e-14,0.01286923124177145,0.012869231241462253,0.8086409056778144,1.8003823172714793e-10,1.8003823172714793e-10
Copper,"('ecoinvent-3.4-biosphere', 'fd153f15-1d16-410a-91fa-04d205e36c43')",Cu,1.0738558467141468e-13,1.0738558467141468e-13,1.0,1.231243333335009e-14,1.231243333335009e-14,dissipation,Chalcopyrite,2.8793103448275863,3.09196424829763e-13,2.8793103448275863,3.545131666671491e-14,0.01286923124177145,0.012869231241462253,0.8086409056778144,1.8003823172714793e-10,1.8003823172714793e-10
Copper,"('ecoinvent-3.4-biosphere', '44d3e792-7c9e-48ab-9de9-acfa2e097f26')",Cu,1.0738558467141468e-13,1.0738558467141468e-13,1.0,1.231243333335009e-14,1.231243333335009e-14,dissipation,Chalcopyrite,2.8793103448275863,3.09196424829763e-13,2.8793103448275863,3.545131666671491e-14,0.01286923124177145,0.012869231241462253,0.8086409056778144,1.8003823172714793e-10,1.8003823172714793e-10
Copper,"('ecoinvent-3.4-biosphere', '3573a5af-88f8-4f74-ade7-cd269cbc4e66')",Cu,1.0738558467141468e-13,1.0738558467141468e-13,1.0,1.231243333335009e-14,1.231243333335009e-14,dissipation,Chalcopyrite,2.8793103448275863,3.09196424829763e-13,2.8793103448275863,3.545131666671491e-14,0.01286923124177145,0.012869231241462253,0.8086409056778144,1.8003823172714793e-10,1.8003823172714793e-10
Copper,"('ecoinvent-3.4-biosphere', 'ec8144d6-d123-43b1-9c17-a295422a0498')",Cu,1.0738558467141468e-13,1.0738558467141468e-13,1.0,1.231243333335009e-14,1.231243333335009e-14,dissipation,Chalcopyrite,2.8793103448275863,3.09196424829763e-13,2.8793103448275863,3.545131666671491e-14,0.01286923124177145,0.012869231241462253,0.8086409056778144,1.8003823172714793e-10,1.8003823172714793e-10
Copper,"('ecoinvent-3.4-biosphere', 'e336eee7-148a-4d1c-8027-780cbfafa12b')",Cu,1.0738558467141468e-13,1.0738558467141468e-13,1.0,1.231243333335009e-14,1.231243333335009e-14,dissipation,Chalcopyrite,2.8793103448275863,3.09196424829763e-13,2.8793103448275863,3.545131666671491e-14,0.01286923124177145,0.012869231241462253,0.8086409056778144,1.8003823172714793e-10,1.8003823172714793e-10
Chromium VI,"('ecoinvent-3.4-biosphere', '7a59e8d5-cd11-4ee7-b1ca-30979d2b0b3a')",Cr,9.735757625761597e-14,9.735757625761597e-14,1.0,3.1278613038877847e-13,3.1278613038877847e-13,dissipation,Chromite,2.152027027027027,2.0951613539223439e-13,2.152027027027027,6.73124206275851e-13,0.2461272270789205,0.246127227078711,0.81,4.6900606915487147e-14,4.6900606915487147e-14
Chromium VI,"('ecoinvent-3.4-biosphere', '68ba2022-830e-45fb-8c85-b35e94754ae9')",Cr,9.735757625761597e-14,9.735757625761597e-14,1.0,3.1278613038877847e-13,3.1278613038877847e-13,dissipation,Chromite,2.152027027027027,2.0951613539223439e-13,2.152027027027027,6.73124206275851e-13,0.2461272270789205,0.246127227078711,0.81,4.6900606915487147e-14,4.6900606915487147e-14
Chromium VI,"('ecoinvent-3.4-biosphere', '58060894-19d9-4855-84d8-58935a5325f8')",Cr,9.735757625761597e-14,9.735757625761597e-14,1.0,3.1278613038877847e-13,3.1278613038877847e-13,dissipation,Chromite,2.152027027027027,2.0951613539223439e-13,2.152027027027027,6.73124206275851e-13,0.2461272270789205,0.246127227078711,0.81,4.6900606915487147e-14,4.6900606915487147e-14
Chromium VI,"('ecoinvent-3.4-biosphere', '81e17d9a-3e0b-414e-9b2e-eca7e5b3bd4a')",Cr,9.735757625761597e-14,9.735757625761597e-14,1.0,3.1278613038877847e-13,3.1278613038877847e-13,dissipation,Chromite,2.152027027027027,2.0951613539223439e-13,2.152027027027027,6.73124206275851e-13,0.2461272270789205,0.246127227078711,0.81,4.6900606915487147e-14,4.6900606915487147e-14
Chromium VI,"('ecoinvent-3.4-biosphere', '81b3321a-c9d8-4104-a974-5460f1bc5029')",Cr,9.735757625761597e-14,9.735757625761597e-14,1.0,3.1278613038877847e-13,3.1278613038877847e-13,dissipation,Chromite,2.152027027027027,2.0951613539223439e-13,2.152027027027027,6.73124206275851e-13,0.2461272270789205,0.246127227078711,0.81,4.6900606915487147e-14,4.6900606915487147e-14
Chromium VI,"('ecoinvent-3.4-biosphere', 'abbd3b09-a7ec-435a-9d01-34cf8581739e')",Cr,9.735757625761597e-14,9.735757625761597e-14,1.0,3.1278613038877847e-13,3.1278613038877847e-13,dissipation,Chromite,2.152027027027027,2.0951613539223439e-13,2.152027027027027,6.73124206275851e-13,0.2461272270789205,0.246127227078711,0.81,4.6900606915487147e-14,4.6900606915487147e-14
Chromium VI,"('ecoinvent-3.4-biosphere', '03b279a7-4626-4703-a451-d0650599dbd9')",Cr,9.735757625761597e-14,9.735757625761597e-14,1.0,3.1278613038877847e-13,3.1278613038877847e-13,dissipation,Chromite,2.152027027027027,2.0951613539223439e-13,2.152027027027027,6.73124206275851e-13,0.2461272270789205,0.246127227078711,0.81,4.6900606915487147e-14,4.6900606915487147e-14
Chromium VI,"('ecoinvent-3.4-biosphere', 'a9ec0c9b-982a-4329-99ae-dab1f9fb62d3')",Cr,9.735757625761597e-14,9.735757625761597e-14,1.0,3.1278613038877847e-13,3.1278613038877847e-13,dissipation,Chromite,2.152027027027027,2.0951613539223439e-13,2.152027027027027,6.73124206275851e-13,0.2461272270789205,0.246127227078711,0.81,4.6900606915487147e-14,4.6900606915487147e-14
Chromium VI,"('ecoinvent-3.4-biosphere', '8ec83662-7c2b-4452-8acf-95a0bb94233c')",Cr,9.735757625761597e-14,9.735757625761597e-14,1.0,3.1278613038877847e-13,3.1278613038877847e-13,dissipation,Chromite,2.152027027027027,2.0951613539223439e-13,2.152027027027027,6.73124206275851e-13,0.2461272270789205,0.246127227078711,0.81,4.6900606915487147e-14,4.6900606915487147e-14
Chromium VI,"('ecoinvent-3.4-biosphere', '9bbae55a-35de-4eff-a219-814a9fec5ac2')",Cr,9.735757625761597e-14,9.735757625761597e-14,1.0,3.1278613038877847e-13,3.1278613038877847e-13,dissipation,Chromite,2.152027027027027,2.0951613539223439e-13,2.152027027027027,6.73124206275851e-13,0.2461272270789205,0.246127227078711,0.81,4.6900606915487147e-14,4.6900606915487147e-14
Chromium VI,"('ecoinvent-3.4-biosphere', 'c2e854f9-fe22-4fe7-9083-cf6d0a8c7254')",Cr,9.735757625761597e-14,9.735757625761597e-14,1.0,3.1278613038877847e-13,3.1278613038877847e-13,dissipation,Chromite,2.152027027027027,2.0951613539223439e-13,2.152027027027027,6.73124206275851e-13,0.2461272270789205,0.246127227078711,0.81,4.6900606915487147e-14,4.6900606915487147e-14
Chromium VI,"('ecoinvent-3.4-biosphere', 'ef475b50-9cd0-4e7c-9c59-07868fe16e91')",Cr,9.735757625761597e-14,9.735757625761597e-14,1.0,3.1278613038877847e-13,3.1278613038877847e-13,dissipation,Chromite,2.152027027027027,2.0951613539223439e-13,2.152027027027027,6.73124206275851e-13,0.2461272270789205,0.246127227078711,0.81,4.6900606915487147e-14,4.6900606915487147e-14
Chromium VI,"('ecoinvent-3.4-biosphere', '01285299-c683-4e15-b654-201987a7a738')",Cr,9.735757625761597e-14,9.735757625761597e-14,1.0,3.1278613038877847e-13,3.1278613038877847e-13,dissipation,Chromite,2.152027027027027,2.0951613539223439e-13,2.152027027027027,6.73124206275851e-13,0.2461272270789205,0.246127227078711,0.81,4.6900606915487147e-14,4.6900606915487147e-14
Chromium VI,"('ecoinvent-3.4-biosphere', '8216fc31-15a1-4d33-858f-e09650b14c63')",Cr,9.735757625761597e-14,9.735757625761597e-14,1.0,3.1278613038877847e-13,3.1278613038877847e-13,dissipation,Chromite,2.152027027027027,2.0951613539223439e-13,2.152027027027027,6.73124206275851e-13,0.2461272270789205,0.246127227078711,0.81,4.6900606915487147e-14,4.6900606915487147e-14
Chlorpyrifos methyl,"('ecoinvent-3.4-biosphere', '2b3cf153-0dd6-4b79-b0d4-b4df832f3a7e')",P,8.901176562296316e-14,8.901176562296316e-14,0.09604341085271317,1.6301799886760147e-15,1.6301799886760147e-15,dissipation,Apatite,0.3532544378698225,3.1443801228940246e-14,0.03392776111187561,5.758683155263792e-16,0.44572664377524784,0.4457266437752164,0.9,2.2665512646128657e-14,2.2665512646128657e-14
Uranium,"('ecoinvent-3.4-biosphere', '595f08d9-6304-497e-bb7d-48b6d2d8bff3')",U,7.498012311457417e-14,7.498012311457417e-14,1.0,9.154438878304105e-12,9.154438878304105e-12,dissipation,Uraninite,0.954954954954955,7.160264009139515e-14,0.954954954954955,8.742076766668785e-12,0.05163003302526104,0.05163003302518944,0.75,8.439841675871294e-11,8.439841675871294e-11
Uranium,"('ecoinvent-3.4-biosphere', '52317c31-7bdc-47de-9c23-ecf55127de75')",U,7.498012311457417e-14,7.498012311457417e-14,1.0,9.154438878304105e-12,9.154438878304105e-12,dissipation,Uraninite,0.954954954954955,7.160264009139515e-14,0.954954954954955,8.742076766668785e-12,0.05163003302526104,0.05163003302518944,0.75,8.439841675871294e-11,8.439841675871294e-11
Uranium,"('ecoinvent-3.4-biosphere', '347de5bf-3551-4022-8371-258e830b5a09')",U,7.498012311457417e-14,7.498012311457417e-14,1.0,9.154438878304105e-12,9.154438878304105e-12,dissipation,Uraninite,0.954954954954955,7.160264009139515e-14,0.954954954954955,8.742076766668785e-12,0.05163003302526104,0.05163003302518944,0.75,8.439841675871294e-11,8.439841675871294e-11
Uranium,"('ecoinvent-3.4-biosphere', '55fb6174-72e0-4a5e-9eb5-8d5780acffd1')",U,7.498012311457417e-14,7.498012311457417e-14,1.0,9.154438878304105e-12,9.154438878304105e-12,dissipation,Uraninite,0.954954954954955,7.160264009139515e-14,0.954954954954955,8.742076766668785e-12,0.05163003302526104,0.05163003302518944,0.75,8.439841675871294e-11,8.439841675871294e-11
Uranium,"('ecoinvent-3.4-biosphere', '2e518059-747c-4ff1-8da3-17134c547ac2')",U,7.498012311457417e-14,7.498012311457417e-14,1.0,9.154438878304105e-12,9.154438878304105e-12,dissipation,Uraninite,0.954954954954955,7.160264009139515e-14,0.954954954954955,8.742076766668785e-12,0.05163003302526104,0.05163003302518944,0.75,8.439841675871294e-11,8.439841675871294e-11
Dichromate,"('ecoinvent-3.4-biosphere', '3b8a6f65-384b-4086-a817-b0c77555b78a')",Cr,3.277625039876359e-14,3.277625039876359e-14,0.48146673457104494,1.5059611681739826e-13,1.5059611681739826e-13,dissipation,Chromite,2.152027027027027,7.053537670274463e-14,1.0361294254113367,3.2408691355636045e-13,0.2461272270789205,0.24612722707884999,0.81,1.5784665413735273e-14,1.5784665413735273e-14
Dichromate,"('ecoinvent-3.4-biosphere', 'ff5b7e31-3118-40f5-9b82-f65018442d77')",Cr,3.277625039876359e-14,3.277625039876359e-14,0.48146673457104494,1.5059611681739826e-13,1.5059611681739826e-13,dissipation,Chromite,2.152027027027027,7.053537670274463e-14,1.0361294254113367,3.2408691355636045e-13,0.2461272270789205,0.24612722707884999,0.81,1.5784665413735273e-14,1.5784665413735273e-14
Dichromate,"('ecoinvent-3.4-biosphere', '1ad3b0dc-fce4-416b-9851-f29d12cce55a')",Cr,3.277625039876359e-14,3.277625039876359e-14,0.48146673457104494,1.5059611681739826e-13,1.5059611681739826e-13,dissipation,Chromite,2.152027027027027,7.053537670274463e-14,1.0361294254113367,3.2408691355636045e-13,0.2461272270789205,0.24612722707884999,0.81,1.5784665413735273e-14,1.5784665413735273e-14
Dichromate,"('ecoinvent-3.4-biosphere', 'd26099e9-c6bc-4d7f-a0bd-29c884965ba5')",Cr,3.277625039876359e-14,3.277625039876359e-14,0.48146673457104494,1.5059611681739826e-13,1.5059611681739826e-13,dissipation,Chromite,2.152027027027027,7.053537670274463e-14,1.0361294254113367,3.2408691355636045e-13,0.2461272270789205,0.24612722707884999,0.81,1.5784665413735273e-14,1.5784665413735273e-14
Dichromate,"('ecoinvent-3.4-biosphere', 'b6ecaa32-6ab5-4060-b641-45a2bf7beded')",Cr,3.277625039876359e-14,3.277625039876359e-14,0.48146673457104494,1.5059611681739826e-13,1.5059611681739826e-13,dissipation,Chromite,2.152027027027027,7.053537670274463e-14,1.0361294254113367,3.2408691355636045e-13,0.2461272270789205,0.24612722707884999,0.81,1.5784665413735273e-14,1.5784665413735273e-14
Sodium dichromate,"('ecoinvent-3.4-biosphere', 'f714e13b-86ef-4cd2-8248-2495f1a2d2e4')",Cr,2.839684650258497e-14,2.839684650258497e-14,0.39696148413940524,1.2416404653735104e-13,1.2416404653735104e-13,dissipation,Chromite,2.152027027027027,6.111078115590077e-14,0.8542718425567607,2.67204383933421e-13,0.2461272270789205,0.2461272270788594,0.81,1.3685640757653551e-14,1.3685640757653551e-14
Sodium dichromate,"('ecoinvent-3.4-biosphere', '7a63162b-4ffe-447f-ba52-782d5548b774')",Cr,2.839684650258497e-14,2.839684650258497e-14,0.39696148413940524,1.2416404653735104e-13,1.2416404653735104e-13,dissipation,Chromite,2.152027027027027,6.111078115590077e-14,0.8542718425567607,2.67204383933421e-13,0.2461272270789205,0.2461272270788594,0.81,1.3685640757653551e-14,1.3685640757653551e-14
Sodium dichromate,"('ecoinvent-3.4-biosphere', '64a408f9-a93b-47c8-863e-3e239fb1b118')",Cr,2.839684650258497e-14,2.839684650258497e-14,0.39696148413940524,1.2416404653735104e-13,1.2416404653735104e-13,dissipation,Chromite,2.152027027027027,6.111078115590077e-14,0.8542718425567607,2.67204383933421e-13,0.2461272270789205,0.2461272270788594,0.81,1.3685640757653551e-14,1.3685640757653551e-14
Sodium dichromate,"('ecoinvent-3.4-biosphere', '4c0af94e-e0d5-4409-9ec4-ac501a99aabd')",Cr,2.839684650258497e-14,2.839684650258497e-14,0.39696148413940524,1.2416404653735104e-13,1.2416404653735104e-13,dissipation,Chromite,2.152027027027027,6.111078115590077e-14,0.8542718425567607,2.67204383933421e-13,0.2461272270789205,0.2461272270788594,0.81,1.3685640757653551e-14,1.3685640757653551e-14
Sodium dichromate,"('ecoinvent-3.4-biosphere', 'a57bf693-7ffa-409d-919c-c806e34a4c67')",Cr,2.839684650258497e-14,2.839684650258497e-14,0.39696148413940524,1.2416404653735104e-13,1.2416404653735104e-13,dissipation,Chromite,2.152027027027027,6.111078115590077e-14,0.8542718425567607,2.67204383933421e-13,0.2461272270789205,0.2461272270788594,0.81,1.3685640757653551e-14,1.3685640757653551e-14
Monocrotophos,"('ecoinvent-3.4-biosphere', '33456751-d78b-465d-8635-52d71e77cf54')",P,2.657206827175126e-14,2.657206827175126e-14,0.13879727549740098,2.355856992059575e-15,2.355856992059575e-15,dissipation,Apatite,0.3532544378698225,9.386701040376038e-15,0.04903075353369728,8.322169374316962e-16,0.44572664377524784,0.44572664377523846,0.9,6.718857407295381e-15,6.718857407295381e-15
Silver,"('ecoinvent-3.4-biosphere', 'ebb88ef4-50ab-4e3b-9251-c5fcdf6b4768')",Ag,1.9974390484814248e-14,1.9974390484814248e-14,1.0,1.5701960660375504e-13,1.5701960660375504e-13,dissipation,Argentite,1.1478494623655913,2.2927593379074418e-14,1.1478494623655913,1.8023487102097688e-13,0.0005609394054083945,0.0005609394053854668,0.9,6.464874619091479e-09,6.464874619091479e-09
Silver,"('ecoinvent-3.4-biosphere', 'c6462d84-caa9-425a-a923-45238690c6f3')",Ag,1.9974390484814248e-14,1.9974390484814248e-14,1.0,1.5701960660375504e-13,1.5701960660375504e-13,dissipation,Argentite,1.1478494623655913,2.2927593379074418e-14,1.1478494623655913,1.8023487102097688e-13,0.0005609394054083945,0.0005609394053854668,0.9,6.464874619091479e-09,6.464874619091479e-09
Silver,"('ecoinvent-3.4-biosphere', '6e8a87bf-baea-4cd9-a967-932e750968d1')",Ag,1.9974390484814248e-14,1.9974390484814248e-14,1.0,1.5701960660375504e-13,1.5701960660375504e-13,dissipation,Argentite,1.1478494623655913,2.2927593379074418e-14,1.1478494623655913,1.8023487102097688e-13,0.0005609394054083945,0.0005609394053854668,0.9,6.464874619091479e-09,6.464874619091479e-09
Silver,"('ecoinvent-3.4-biosphere', '0ed1b1a1-e56d-4860-bac7-d76a39bde930')",Ag,1.9974390484814248e-14,1.9974390484814248e-14,1.0,1.5701960660375504e-13,1.5701960660375504e-13,dissipation,Argentite,1.1478494623655913,2.2927593379074418e-14,1.1478494623655913,1.8023487102097688e-13,0.0005609394054083945,0.0005609394053854668,0.9,6.464874619091479e-09,6.464874619091479e-09
Silver,"('ecoinvent-3.4-biosphere', 'fce0b9ae-53c8-4ab0-9e7a-7f5c2ed2c856')",Ag,1.9974390484814248e-14,1.9974390484814248e-14,1.0,1.5701960660375504e-13,1.5701960660375504e-13,dissipation,Argentite,1.1478494623655913,2.2927593379074418e-14,1.1478494623655913,1.8023487102097688e-13,0.0005609394054083945,0.0005609394053854668,0.9,6.464874619091479e-09,6.464874619091479e-09
Silver,"('ecoinvent-3.4-biosphere', '48dbf4b1-0b2a-4bf5-a190-2d7fc465bda4')",Ag,1.9974390484814248e-14,1.9974390484814248e-14,1.0,1.5701960660375504e-13,1.5701960660375504e-13,dissipation,Argentite,1.1478494623655913,2.2927593379074418e-14,1.1478494623655913,1.8023487102097688e-13,0.0005609394054083945,0.0005609394053854668,0.9,6.464874619091479e-09,6.464874619091479e-09
Silver,"('ecoinvent-3.4-biosphere', '35df5fe0-c90d-43b4-a35a-3d97022114d2')",Ag,1.9974390484814248e-14,1.9974390484814248e-14,1.0,1.5701960660375504e-13,1.5701960660375504e-13,dissipation,Argentite,1.1478494623655913,2.2927593379074418e-14,1.1478494623655913,1.8023487102097688e-13,0.0005609394054083945,0.0005609394053854668,0.9,6.464874619091479e-09,6.464874619091479e-09
Silver,"('ecoinvent-3.4-biosphere', '16316600-f12a-410b-8726-3faee64de60a')",Ag,1.9974390484814248e-14,1.9974390484814248e-14,1.0,1.5701960660375504e-13,1.5701960660375504e-13,dissipation,Argentite,1.1478494623655913,2.2927593379074418e-14,1.1478494623655913,1.8023487102097688e-13,0.0005609394054083945,0.0005609394053854668,0.9,6.464874619091479e-09,6.464874619091479e-09
Silver,"('ecoinvent-3.4-biosphere', '7da45a0b-0dcf-413c-8de0-44d8ebca9e6e')",Ag,1.9974390484814248e-14,1.9974390484814248e-14,1.0,1.5701960660375504e-13,1.5701960660375504e-13,dissipation,Argentite,1.1478494623655913,2.2927593379074418e-14,1.1478494623655913,1.8023487102097688e-13,0.0005609394054083945,0.0005609394053854668,0.9,6.464874619091479e-09,6.464874619091479e-09
Silver,"('ecoinvent-3.4-biosphere', 'ebb88ef4-50ab-4e3b-9251-c5fcdf6b4768')",Ag,1.7782953806529616e-14,1.7782953806529616e-14,1.0,1.5701960660375504e-13,1.5701960660375504e-13,dissipation,Argentite,1.1478494623655913,2.0412153966097165e-14,1.1478494623655913,1.8023487102097688e-13,0.0005609394054083945,0.0005609394053879823,0.9,5.737038128757659e-09,5.737038128757659e-09
Silver,"('ecoinvent-3.4-biosphere', 'c6462d84-caa9-425a-a923-45238690c6f3')",Ag,1.7782953806529616e-14,1.7782953806529616e-14,1.0,1.5701960660375504e-13,1.5701960660375504e-13,dissipation,Argentite,1.1478494623655913,2.0412153966097165e-14,1.1478494623655913,1.8023487102097688e-13,0.0005609394054083945,0.0005609394053879823,0.9,5.737038128757659e-09,5.737038128757659e-09
Silver,"('ecoinvent-3.4-biosphere', '6e8a87bf-baea-4cd9-a967-932e750968d1')",Ag,1.7782953806529616e-14,1.7782953806529616e-14,1.0,1.5701960660375504e-13,1.5701960660375504e-13,dissipation,Argentite,1.1478494623655913,2.0412153966097165e-14,1.1478494623655913,1.8023487102097688e-13,0.0005609394054083945,0.0005609394053879823,0.9,5.737038128757659e-09,5.737038128757659e-09
Silver,"('ecoinvent-3.4-biosphere', '0ed1b1a1-e56d-4860-bac7-d76a39bde930')",Ag,1.7782953806529616e-14,1.7782953806529616e-14,1.0,1.5701960660375504e-13,1.5701960660375504e-13,dissipation,Argentite,1.1478494623655913,2.0412153966097165e-14,1.1478494623655913,1.8023487102097688e-13,0.0005609394054083945,0.0005609394053879823,0.9,5.737038128757659e-09,5.737038128757659e-09
Silver,"('ecoinvent-3.4-biosphere', 'fce0b9ae-53c8-4ab0-9e7a-7f5c2ed2c856')",Ag,1.7782953806529616e-14,1.7782953806529616e-14,1.0,1.5701960660375504e-13,1.5701960660375504e-13,dissipation,Argentite,1.1478494623655913,2.0412153966097165e-14,1.1478494623655913,1.8023487102097688e-13,0.0005609394054083945,0.0005609394053879823,0.9,5.737038128757659e-09,5.737038128757659e-09
Silver,"('ecoinvent-3.4-biosphere', '48dbf4b1-0b2a-4bf5-a190-2d7fc465bda4')",Ag,1.7782953806529616e-14,1.7782953806529616e-14,1.0,1.5701960660375504e-13,1.5701960660375504e-13,dissipation,Argentite,1.1478494623655913,2.0412153966097165e-14,1.1478494623655913,1.8023487102097688e-13,0.0005609394054083945,0.0005609394053879823,0.9,5.737038128757659e-09,5.737038128757659e-09
Silver,"('ecoinvent-3.4-biosphere', '35df5fe0-c90d-43b4-a35a-3d97022114d2')",Ag,1.7782953806529616e-14,1.7782953806529616e-14,1.0,1.5701960660375504e-13,1.5701960660375504e-13,dissipation,Argentite,1.1478494623655913,2.0412153966097165e-14,1.1478494623655913,1.8023487102097688e-13,0.0005609394054083945,0.0005609394053879823,0.9,5.737038128757659e-09,5.737038128757659e-09
Silver,"('ecoinvent-3.4-biosphere', '16316600-f12a-410b-8726-3faee64de60a')",Ag,1.7782953806529616e-14,1.7782953806529616e-14,1.0,1.5701960660375504e-13,1.5701960660375504e-13,dissipation,Argentite,1.1478494623655913,2.0412153966097165e-14,1.1478494623655913,1.8023487102097688e-13,0.0005609394054083945,0.0005609394053879823,0.9,5.737038128757659e-09,5.737038128757659e-09
Silver,"('ecoinvent-3.4-biosphere', '7da45a0b-0dcf-413c-8de0-44d8ebca9e6e')",Ag,1.7782953806529616e-14,1.7782953806529616e-14,1.0,1.5701960660375504e-13,1.5701960660375504e-13,dissipation,Argentite,1.1478494623655913,2.0412153966097165e-14,1.1478494623655913,1.8023487102097688e-13,0.0005609394054083945,0.0005609394053879823,0.9,5.737038128757659e-09,5.737038128757659e-09
Phosphorus,"('ecoinvent-3.4-biosphere', '8b0a4a41-c65c-4d94-b10c-94ddb98abdd2')",P,1.4875919307819913e-14,1.4875919307819913e-14,1.0,1.6973366253890836e-14,1.6973366253890836e-14,dissipation,Apatite,0.3532544378698225,5.254984512880763e-15,0.3532544378698225,5.995916954776823e-15,0.44572664377524784,0.44572664377524257,0.9,3.784672843349951e-15,3.784672843349951e-15
Phosphorus,"('ecoinvent-3.4-biosphere', 'b6e2f7f4-6b2e-4b3e-be1f-67626cb8205d')",P,1.4875919307819913e-14,1.4875919307819913e-14,1.0,1.6973366253890836e-14,1.6973366253890836e-14,dissipation,Apatite,0.3532544378698225,5.254984512880763e-15,0.3532544378698225,5.995916954776823e-15,0.44572664377524784,0.44572664377524257,0.9,3.784672843349951e-15,3.784672843349951e-15
Phosphorus,"('ecoinvent-3.4-biosphere', 'b2631209-8374-431e-b7d5-56c96c6b6d79')",P,1.4875919307819913e-14,1.4875919307819913e-14,1.0,1.6973366253890836e-14,1.6973366253890836e-14,dissipation,Apatite,0.3532544378698225,5.254984512880763e-15,0.3532544378698225,5.995916954776823e-15,0.44572664377524784,0.44572664377524257,0.9,3.784672843349951e-15,3.784672843349951e-15
Phosphorus,"('ecoinvent-3.4-biosphere', 'e2d35af7-9806-46ff-9b75-b124a48fa5a1')",P,1.4875919307819913e-14,1.4875919307819913e-14,1.0,1.6973366253890836e-14,1.6973366253890836e-14,dissipation,Apatite,0.3532544378698225,5.254984512880763e-15,0.3532544378698225,5.995916954776823e-15,0.44572664377524784,0.44572664377524257,0.9,3.784672843349951e-15,3.784672843349951e-15
Phosphorus,"('ecoinvent-3.4-biosphere', 'c89a0749-40a5-4c9c-8770-c4295ea34977')",P,1.4875919307819913e-14,1.4875919307819913e-14,1.0,1.6973366253890836e-14,1.6973366253890836e-14,dissipation,Apatite,0.3532544378698225,5.254984512880763e-15,0.3532544378698225,5.995916954776823e-15,0.44572664377524784,0.44572664377524257,0.9,3.784672843349951e-15,3.784672843349951e-15
Phosphorus,"('ecoinvent-3.4-biosphere', 'f5e7e615-4160-4df9-b39b-7463eaed77c7')",P,1.4875919307819913e-14,1.4875919307819913e-14,1.0,1.6973366253890836e-14,1.6973366253890836e-14,dissipation,Apatite,0.3532544378698225,5.254984512880763e-15,0.3532544378698225,5.995916954776823e-15,0.44572664377524784,0.44572664377524257,0.9,3.784672843349951e-15,3.784672843349951e-15
Phosphorus,"('ecoinvent-3.4-biosphere', 'b1fca66f-8e83-469a-a7b5-018e14d5d545')",P,1.4875919307819913e-14,1.4875919307819913e-14,1.0,1.6973366253890836e-14,1.6973366253890836e-14,dissipation,Apatite,0.3532544378698225,5.254984512880763e-15,0.3532544378698225,5.995916954776823e-15,0.44572664377524784,0.44572664377524257,0.9,3.784672843349951e-15,3.784672843349951e-15
Phosphorus,"('ecoinvent-3.4-biosphere', '2f8952b0-c90c-4e3d-b546-52b862fc8f11')",P,1.4875919307819913e-14,1.4875919307819913e-14,1.0,1.6973366253890836e-14,1.6973366253890836e-14,dissipation,Apatite,0.3532544378698225,5.254984512880763e-15,0.3532544378698225,5.995916954776823e-15,0.44572664377524784,0.44572664377524257,0.9,3.784672843349951e-15,3.784672843349951e-15
Phosphorus,"('ecoinvent-3.4-biosphere', 'd761f94e-517d-41cf-89fa-17dc72f7a69b')",P,1.4875919307819913e-14,1.4875919307819913e-14,1.0,1.6973366253890836e-14,1.6973366253890836e-14,dissipation,Apatite,0.3532544378698225,5.254984512880763e-15,0.3532544378698225,5.995916954776823e-15,0.44572664377524784,0.44572664377524257,0.9,3.784672843349951e-15,3.784672843349951e-15
Phosphorus,"('ecoinvent-3.4-biosphere', '2d4b8ec1-8d53-4e62-8a11-ebc45909b02e')",P,1.4875919307819913e-14,1.4875919307819913e-14,1.0,1.6973366253890836e-14,1.6973366253890836e-14,dissipation,Apatite,0.3532544378698225,5.254984512880763e-15,0.3532544378698225,5.995916954776823e-15,0.44572664377524784,0.44572664377524257,0.9,3.784672843349951e-15,3.784672843349951e-15
Phosphorus,"('ecoinvent-3.4-biosphere', '76b09afe-52b9-4ecc-b97a-00b49ad8ed1a')",P,1.4875919307819913e-14,1.4875919307819913e-14,1.0,1.6973366253890836e-14,1.6973366253890836e-14,dissipation,Apatite,0.3532544378698225,5.254984512880763e-15,0.3532544378698225,5.995916954776823e-15,0.44572664377524784,0.44572664377524257,0.9,3.784672843349951e-15,3.784672843349951e-15
Phosphorus,"('ecoinvent-3.4-biosphere', 'ea4e9316-5080-4b3b-bbf3-1949f6d7577a')",P,1.4875919307819913e-14,1.4875919307819913e-14,1.0,1.6973366253890836e-14,1.6973366253890836e-14,dissipation,Apatite,0.3532544378698225,5.254984512880763e-15,0.3532544378698225,5.995916954776823e-15,0.44572664377524784,0.44572664377524257,0.9,3.784672843349951e-15,3.784672843349951e-15
Phosphorus,"('ecoinvent-3.4-biosphere', '62f3d964-9b53-4d01-9ee0-04112dcfc6d2')",P,1.4875919307819913e-14,1.4875919307819913e-14,1.0,1.6973366253890836e-14,1.6973366253890836e-14,dissipation,Apatite,0.3532544378698225,5.254984512880763e-15,0.3532544378698225,5.995916954776823e-15,0.44572664377524784,0.44572664377524257,0.9,3.784672843349951e-15,3.784672843349951e-15
Phosphorus,"('ecoinvent-3.4-biosphere', '198ce8e3-f05a-4bec-9f7f-325347453326')",P,1.4875919307819913e-14,1.4875919307819913e-14,1.0,1.6973366253890836e-14,1.6973366253890836e-14,dissipation,Apatite,0.3532544378698225,5.254984512880763e-15,0.3532544378698225,5.995916954776823e-15,0.44572664377524784,0.44572664377524257,0.9,3.784672843349951e-15,3.784672843349951e-15
Silver,"('ecoinvent-3.4-biosphere', 'ebb88ef4-50ab-4e3b-9251-c5fcdf6b4768')",Ag,1.303379943855411e-14,1.303379943855411e-14,1.0,1.5701960660375504e-13,1.5701960660375504e-13,dissipation,Argentite,1.1478494623655913,1.496083967812528e-14,1.1478494623655913,1.8023487102097688e-13,0.0005609394054083945,0.0005609394053934337,0.9,4.2316947779648454e-09,4.2316947779648454e-09
Silver,"('ecoinvent-3.4-biosphere', 'c6462d84-caa9-425a-a923-45238690c6f3')",Ag,1.303379943855411e-14,1.303379943855411e-14,1.0,1.5701960660375504e-13,1.5701960660375504e-13,dissipation,Argentite,1.1478494623655913,1.496083967812528e-14,1.1478494623655913,1.8023487102097688e-13,0.0005609394054083945,0.0005609394053934337,0.9,4.2316947779648454e-09,4.2316947779648454e-09
Silver,"('ecoinvent-3.4-biosphere', '6e8a87bf-baea-4cd9-a967-932e750968d1')",Ag,1.303379943855411e-14,1.303379943855411e-14,1.0,1.5701960660375504e-13,1.5701960660375504e-13,dissipation,Argentite,1.1478494623655913,1.496083967812528e-14,1.1478494623655913,1.8023487102097688e-13,0.0005609394054083945,0.0005609394053934337,0.9,4.2316947779648454e-09,4.2316947779648454e-09
Silver,"('ecoinvent-3.4-biosphere', '0ed1b1a1-e56d-4860-bac7-d76a39bde930')",Ag,1.303379943855411e-14,1.303379943855411e-14,1.0,1.5701960660375504e-13,1.5701960660375504e-13,dissipation,Argentite,1.1478494623655913,1.496083967812528e-14,1.1478494623655913,1.8023487102097688e-13,0.0005609394054083945,0.0005609394053934337,0.9,4.2316947779648454e-09,4.2316947779648454e-09
Silver,"('ecoinvent-3.4-biosphere', 'fce0b9ae-53c8-4ab0-9e7a-7f5c2ed2c856')",Ag,1.303379943855411e-14,1.303379943855411e-14,1.0,1.5701960660375504e-13,1.5701960660375504e-13,dissipation,Argentite,1.1478494623655913,1.496083967812528e-14,1.1478494623655913,1.8023487102097688e-13,0.0005609394054083945,0.0005609394053934337,0.9,4.2316947779648454e-09,4.2316947779648454e-09
Silver,"('ecoinvent-3.4-biosphere', '48dbf4b1-0b2a-4bf5-a190-2d7fc465bda4')",Ag,1.303379943855411e-14,1.303379943855411e-14,1.0,1.5701960660375504e-13,1.5701960660375504e-13,dissipation,Argentite,1.1478494623655913,1.496083967812528e-14,1.1478494623655913,1.8023487102097688e-13,0.0005609394054083945,0.0005609394053934337,0.9,4.2316947779648454e-09,4.2316947779648454e-09
Silver,"('ecoinvent-3.4-biosphere', '35df5fe0-c90d-43b4-a35a-3d97022114d2')",Ag,1.303379943855411e-14,1.303379943855411e-14,1.0,1.5701960660375504e-13,1.5701960660375504e-13,dissipation,Argentite,1.1478494623655913,1.496083967812528e-14,1.1478494623655913,1.8023487102097688e-13,0.0005609394054083945,0.0005609394053934337,0.9,4.2316947779648454e-09,4.2316947779648454e-09
Silver,"('ecoinvent-3.4-biosphere', '16316600-f12a-410b-8726-3faee64de60a')",Ag,1.303379943855411e-14,1.303379943855411e-14,1.0,1.5701960660375504e-13,1.5701960660375504e-13,dissipation,Argentite,1.1478494623655913,1.496083967812528e-14,1.1478494623655913,1.8023487102097688e-13,0.0005609394054083945,0.0005609394053934337,0.9,4.2316947779648454e-09,4.2316947779648454e-09
Silver,"('ecoinvent-3.4-biosphere', '7da45a0b-0dcf-413c-8de0-44d8ebca9e6e')",Ag,1.303379943855411e-14,1.303379943855411e-14,1.0,1.5701960660375504e-13,1.5701960660375504e-13,dissipation,Argentite,1.1478494623655913,1.496083967812528e-14,1.1478494623655913,1.8023487102097688e-13,0.0005609394054083945,0.0005609394053934337,0.9,4.2316947779648454e-09,4.2316947779648454e-09
Uranium,"('ecoinvent-3.4-biosphere', '595f08d9-6304-497e-bb7d-48b6d2d8bff3')",U,1.151529331225747e-14,1.151529331225747e-14,1.0,9.154438878304105e-12,9.154438878304105e-12,dissipation,Uraninite,0.954954954954955,1.0996586406299927e-14,0.954954954954955,8.742076766668785e-12,0.05163003302526104,0.051630033025250044,0.75,1.298756364084151e-11,1.298756364084151e-11
Uranium,"('ecoinvent-3.4-biosphere', '52317c31-7bdc-47de-9c23-ecf55127de75')",U,1.151529331225747e-14,1.151529331225747e-14,1.0,9.154438878304105e-12,9.154438878304105e-12,dissipation,Uraninite,0.954954954954955,1.0996586406299927e-14,0.954954954954955,8.742076766668785e-12,0.05163003302526104,0.051630033025250044,0.75,1.298756364084151e-11,1.298756364084151e-11
Uranium,"('ecoinvent-3.4-biosphere', '347de5bf-3551-4022-8371-258e830b5a09')",U,1.151529331225747e-14,1.151529331225747e-14,1.0,9.154438878304105e-12,9.154438878304105e-12,dissipation,Uraninite,0.954954954954955,1.0996586406299927e-14,0.954954954954955,8.742076766668785e-12,0.05163003302526104,0.051630033025250044,0.75,1.298756364084151e-11,1.298756364084151e-11
Uranium,"('ecoinvent-3.4-biosphere', '55fb6174-72e0-4a5e-9eb5-8d5780acffd1')",U,1.151529331225747e-14,1.151529331225747e-14,1.0,9.154438878304105e-12,9.154438878304105e-12,dissipation,Uraninite,0.954954954954955,1.0996586406299927e-14,0.954954954954955,8.742076766668785e-12,0.05163003302526104,0.051630033025250044,0.75,1.298756364084151e-11,1.298756364084151e-11
Uranium,"('ecoinvent-3.4-biosphere', '2e518059-747c-4ff1-8da3-17134c547ac2')",U,1.151529331225747e-14,1.151529331225747e-14,1.0,9.154438878304105e-12,9.154438878304105e-12,dissipation,Uraninite,0.954954954954955,1.0996586406299927e-14,0.954954954954955,8.742076766668785e-12,0.05163003302526104,0.051630033025250044,0.75,1.298756364084151e-11,1.298756364084151e-11
Silver,"('ecoinvent-3.4-biosphere', 'ebb88ef4-50ab-4e3b-9251-c5fcdf6b4768')",Ag,1.0035052268490149e-14,1.0035052268490149e-14,1.0,1.5701960660375504e-13,1.5701960660375504e-13,dissipation,Argentite,1.1478494623655913,1.1518729351197025e-14,1.1478494623655913,1.8023487102097688e-13,0.0005609394054083945,0.0005609394053968757,0.9,3.2632329390021228e-09,3.2632329390021228e-09
Silver,"('ecoinvent-3.4-biosphere', 'c6462d84-caa9-425a-a923-45238690c6f3')",Ag,1.0035052268490149e-14,1.0035052268490149e-14,1.0,1.5701960660375504e-13,1.5701960660375504e-13,dissipation,Argentite,1.1478494623655913,1.1518729351197025e-14,1.1478494623655913,1.8023487102097688e-13,0.0005609394054083945,0.0005609394053968757,0.9,3.2632329390021228e-09,3.2632329390021228e-09
Silver,"('ecoinvent-3.4-biosphere', '6e8a87bf-baea-4cd9-a967-932e750968d1')",Ag,1.0035052268490149e-14,1.0035052268490149e-14,1.0,1.5701960660375504e-13,1.5701960660375504e-13,dissipation,Argentite,1.1478494623655913,1.1518729351197025e-14,1.1478494623655913,1.8023487102097688e-13,0.0005609394054083945,0.0005609394053968757,0.9,3.2632329390021228e-09,3.2632329390021228e-09
Silver,"('ecoinvent-3.4-biosphere', '0ed1b1a1-e56d-4860-bac7-d76a39bde930')",Ag,1.0035052268490149e-14,1.0035052268490149e-14,1.0,1.5701960660375504e-13,1.5701960660375504e-13,dissipation,Argentite,1.1478494623655913,1.1518729351197025e-14,1.1478494623655913,1.8023487102097688e-13,0.0005609394054083945,0.0005609394053968757,0.9,3.2632329390021228e-09,3.2632329390021228e-09
Silver,"('ecoinvent-3.4-biosphere', 'fce0b9ae-53c8-4ab0-9e7a-7f5c2ed2c856')",Ag,1.0035052268490149e-14,1.0035052268490149e-14,1.0,1.5701960660375504e-13,1.5701960660375504e-13,dissipation,Argentite,1.1478494623655913,1.1518729351197025e-14,1.1478494623655913,1.8023487102097688e-13,0.0005609394054083945,0.0005609394053968757,0.9,3.2632329390021228e-09,3.2632329390021228e-09
Silver,"('ecoinvent-3.4-biosphere', '48dbf4b1-0b2a-4bf5-a190-2d7fc465bda4')",Ag,1.0035052268490149e-14,1.0035052268490149e-14,1.0,1.5701960660375504e-13,1.5701960660375504e-13,dissipation,Argentite,1.1478494623655913,1.1518729351197025e-14,1.1478494623655913,1.8023487102097688e-13,0.0005609394054083945,0.0005609394053968757,0.9,3.2632329390021228e-09,3.2632329390021228e-09
Silver,"('ecoinvent-3.4-biosphere', '35df5fe0-c90d-43b4-a35a-3d97022114d2')",Ag,1.0035052268490149e-14,1.0035052268490149e-14,1.0,1.5701960660375504e-13,1.5701960660375504e-13,dissipation,Argentite,1.1478494623655913,1.1518729351197025e-14,1.1478494623655913,1.8023487102097688e-13,0.0005609394054083945,0.0005609394053968757,0.9,3.2632329390021228e-09,3.2632329390021228e-09
Silver,"('ecoinvent-3.4-biosphere', '16316600-f12a-410b-8726-3faee64de60a')",Ag,1.0035052268490149e-14,1.0035052268490149e-14,1.0,1.5701960660375504e-13,1.5701960660375504e-13,dissipation,Argentite,1.1478494623655913,1.1518729351197025e-14,1.1478494623655913,1.8023487102097688e-13,0.0005609394054083945,0.0005609394053968757,0.9,3.2632329390021228e-09,3.2632329390021228e-09
Silver,"('ecoinvent-3.4-biosphere', '7da45a0b-0dcf-413c-8de0-44d8ebca9e6e')",Ag,1.0035052268490149e-14,1.0035052268490149e-14,1.0,1.5701960660375504e-13,1.5701960660375504e-13,dissipation,Argentite,1.1478494623655913,1.1518729351197025e-14,1.1478494623655913,1.8023487102097688e-13,0.0005609394054083945,0.0005609394053968757,0.9,3.2632329390021228e-09,3.2632329390021228e-09
Chlorpyrifos,"('ecoinvent-3.4-biosphere', '0822b867-9dca-4d5a-93c3-319d39b592cd')",P,8.057493495280226e-15,8.057493495280226e-15,0.08834569309754706,1.4995238058985018e-15,1.4995238058985018e-15,dissipation,Apatite,0.3532544378698225,2.8463453353149676e-15,0.031208508153393846,5.297134391250921e-16,0.44572664377524784,0.445726643775245,0.9,1.998647456600543e-15,1.998647456600543e-15
Chlorpyrifos,"('ecoinvent-3.4-biosphere', '736923cd-6eb7-4896-98f8-46951d56da97')",P,8.057493495280226e-15,8.057493495280226e-15,0.08834569309754706,1.4995238058985018e-15,1.4995238058985018e-15,dissipation,Apatite,0.3532544378698225,2.8463453353149676e-15,0.031208508153393846,5.297134391250921e-16,0.44572664377524784,0.445726643775245,0.9,1.998647456600543e-15,1.998647456600543e-15
Acephate,"('ecoinvent-3.4-biosphere', 'cdcdbfc9-3d5f-4e78-8033-8dbecbb2cfec')",P,5.691541870186292e-15,5.691541870186292e-15,0.1690997434077633,2.870191878298929e-15,2.870191878298929e-15,dissipation,Apatite,0.3532544378698225,2.010562423965217e-15,0.05973523480144065,1.0139080185470183e-15,0.44572664377524784,0.44572664377524585,0.9,1.403305661017404e-15,1.403305661017404e-15
Acephate,"('ecoinvent-3.4-biosphere', '73a06727-fec3-4d8d-8de5-ef1a0cc2c280')",P,5.691541870186292e-15,5.691541870186292e-15,0.1690997434077633,2.870191878298929e-15,2.870191878298929e-15,dissipation,Apatite,0.3532544378698225,2.010562423965217e-15,0.05973523480144065,1.0139080185470183e-15,0.44572664377524784,0.44572664377524585,0.9,1.403305661017404e-15,1.403305661017404e-15
Ethephon,"('ecoinvent-3.4-biosphere', 'a212914e-f8ba-49eb-9ceb-63e286053f2d')",P,2.845979728250745e-15,2.845979728250745e-15,0.2143677763167001,3.638542780455497e-15,3.638542780455497e-15,dissipation,Apatite,0.3532544378698225,1.0053549690921272e-15,0.07572636832015975,1.2853313845751076e-15,0.44572664377524784,0.44572664377524684,0.9,6.378662095533664e-16,6.378662095533664e-16
Ethephon,"('ecoinvent-3.4-biosphere', '876d4bb6-badc-4d04-a193-71b68e908737')",P,2.845979728250745e-15,2.845979728250745e-15,0.2143677763167001,3.638542780455497e-15,3.638542780455497e-15,dissipation,Apatite,0.3532544378698225,1.0053549690921272e-15,0.07572636832015975,1.2853313845751076e-15,0.44572664377524784,0.44572664377524684,0.9,6.378662095533664e-16,6.378662095533664e-16
Ethephon,"('ecoinvent-3.4-biosphere', 'e732d6dc-d502-4e03-8a5e-6c2644136b5f')",P,2.845979728250745e-15,2.845979728250745e-15,0.2143677763167001,3.638542780455497e-15,3.638542780455497e-15,dissipation,Apatite,0.3532544378698225,1.0053549690921272e-15,0.07572636832015975,1.2853313845751076e-15,0.44572664377524784,0.44572664377524684,0.9,6.378662095533664e-16,6.378662095533664e-16
Ethephon,"('ecoinvent-3.4-biosphere', '0ba582f8-3360-441a-a93c-ea15e87f7b0c')",P,2.845979728250745e-15,2.845979728250745e-15,0.2143677763167001,3.638542780455497e-15,3.638542780455497e-15,dissipation,Apatite,0.3532544378698225,1.0053549690921272e-15,0.07572636832015975,1.2853313845751076e-15,0.44572664377524784,0.44572664377524684,0.9,6.378662095533664e-16,6.378662095533664e-16
Sulfosate,"('ecoinvent-3.4-biosphere', '4518a791-f5dd-4ee2-ab87-2f8ffca6b230')",P,2.763102016321712e-15,2.763102016321712e-15,0.1263007665959876,2.143749169580879e-15,2.143749169580879e-15,dissipation,Apatite,0.3532544378698225,9.760780495526995e-16,0.04461630630639326,7.572889078341923e-16,0.44572664377524784,0.44572664377524684,0.9,6.378662095533664e-16,6.378662095533664e-16
Chlorpyrifos,"('ecoinvent-3.4-biosphere', '0822b867-9dca-4d5a-93c3-319d39b592cd')",P,1.862754018618452e-15,1.862754018618452e-15,0.08834569309754706,1.4995238058985018e-15,1.4995238058985018e-15,dissipation,Apatite,0.3532544378698225,6.580261237368142e-16,0.031208508153393846,5.297134391250921e-16,0.44572664377524784,0.4457266437752472,0.9,4.252441397022444e-16,4.252441397022444e-16
Chlorpyrifos,"('ecoinvent-3.4-biosphere', '736923cd-6eb7-4896-98f8-46951d56da97')",P,1.862754018618452e-15,1.862754018618452e-15,0.08834569309754706,1.4995238058985018e-15,1.4995238058985018e-15,dissipation,Apatite,0.3532544378698225,6.580261237368142e-16,0.031208508153393846,5.297134391250921e-16,0.44572664377524784,0.4457266437752472,0.9,4.252441397022444e-16,4.252441397022444e-16
Malathion,"('ecoinvent-3.4-biosphere', 'dd7748c9-be28-4c89-b8b1-ed5ac14599a2')",P,1.5324116122591135e-15,1.5324116122591135e-15,0.09374697336561744,1.591201714128374e-15,1.591201714128374e-15,dissipation,Apatite,0.3532544378698225,5.413312026737816e-16,0.03311653437826841,5.620990670619168e-16,0.44572664377524784,0.4457266437752473,0.9,3.8271972573202e-16,3.8271972573202e-16
Glufosinate,"('ecoinvent-3.4-biosphere', 'b7a0a14a-b0b2-4aeb-923f-5c2ec1251dd5')",P,1.404004239485733e-15,1.404004239485733e-15,0.1710042510903771,2.9025177847292816e-15,2.9025177847292816e-15,dissipation,Apatite,0.3532544378698225,4.959707283863803e-16,0.060408010592281146,1.0253272884517048e-15,0.44572664377524784,0.44572664377524734,0.9,2.976708977915712e-16,2.976708977915712e-16
Dicrotophos,"('ecoinvent-3.4-biosphere', '98287294-2ab7-4781-bb9e-5d045cdce2a2')",P,8.0220602206588235e-16,8.0220602206588235e-16,0.1305872928875585,2.216505950284644e-15,2.216505950284644e-15,dissipation,Apatite,0.3532544378698225,2.833828373806697e-16,0.04613054074193635,7.829905635029187e-16,0.44572664377524784,0.44572664377524757,0.9,1.7009765588089787e-16,1.7009765588089787e-16
Acephate,"('ecoinvent-3.4-biosphere', 'cdcdbfc9-3d5f-4e78-8033-8dbecbb2cfec')",P,7.79523693475807e-16,7.79523693475807e-16,0.1690997434077633,2.870191878298929e-15,2.870191878298929e-15,dissipation,Apatite,0.3532544378698225,2.7537020414500404e-16,0.05973523480144065,1.0139080185470183e-15,0.44572664377524784,0.44572664377524757,0.9,1.7009765588089787e-16,1.7009765588089787e-16
Acephate,"('ecoinvent-3.4-biosphere', '73a06727-fec3-4d8d-8de5-ef1a0cc2c280')",P,7.79523693475807e-16,7.79523693475807e-16,0.1690997434077633,2.870191878298929e-15,2.870191878298929e-15,dissipation,Apatite,0.3532544378698225,2.7537020414500404e-16,0.05973523480144065,1.0139080185470183e-15,0.44572664377524784,0.44572664377524757,0.9,1.7009765588089787e-16,1.7009765588089787e-16
Profenofos,"('ecoinvent-3.4-biosphere', 'cab8d859-018a-4919-9324-f3febdea35e0')",P,4.043220644329671e-16,4.043220644329671e-16,0.0829001953804566,1.4070953787115992e-15,1.4070953787115992e-15,dissipation,Apatite,0.3532544378698225,1.4282856358963395e-16,0.029284861918421657,4.97062687035991e-16,0.44572664377524784,0.4457266437752477,0.9,8.504882794044895e-17,8.504882794044895e-17
Tribufos,"('ecoinvent-3.4-biosphere', '9f6d9658-e3f7-4c8b-96da-bfec6511ae7d')",P,2.8265040018894623e-16,2.8265040018894623e-16,0.09848648648648649,1.6716472061940056e-15,1.6716472061940056e-15,dissipation,Apatite,0.3532544378698225,9.984750823242658e-17,0.03479078842155766,5.905167941407228e-16,0.44572664377524784,0.44572664377524773,0.9,4.2524413970224486e-17,4.2524413970224486e-17
Glyphosate,"('ecoinvent-3.4-biosphere', '3850d44e-8919-47bc-9c0a-51ccc4ec9d9f')",P,1.780889174187545e-16,1.780889174187545e-16,0.1832022239309162,3.1095584453067654e-15,3.1095584453067654e-15,dissipation,Apatite,0.3532544378698225,6.291070041360737e-17,0.06471699863121715,1.0984653206202006e-15,0.44572664377524784,0.4457266437752478,0.9,0.0,0.0
Glyphosate,"('ecoinvent-3.4-biosphere', 'b4f9a201-2a20-4f41-a572-eabc98c75e1b')",P,1.780889174187545e-16,1.780889174187545e-16,0.1832022239309162,3.1095584453067654e-15,3.1095584453067654e-15,dissipation,Apatite,0.3532544378698225,6.291070041360737e-17,0.06471699863121715,1.0984653206202006e-15,0.44572664377524784,0.4457266437752478,0.9,0.0,0.0
Glyphosate,"('ecoinvent-3.4-biosphere', 'bd02a7ec-dcb5-4609-bc96-cc7a96601ce2')",P,1.780889174187545e-16,1.780889174187545e-16,0.1832022239309162,3.1095584453067654e-15,3.1095584453067654e-15,dissipation,Apatite,0.3532544378698225,6.291070041360737e-17,0.06471699863121715,1.0984653206202006e-15,0.44572664377524784,0.4457266437752478,0.9,0.0,0.0
Glyphosate,"('ecoinvent-3.4-biosphere', 'e157e3dd-88b9-4256-ab2e-ff82e7b8d088')",P,1.780889174187545e-16,1.780889174187545e-16,0.1832022239309162,3.1095584453067654e-15,3.1095584453067654e-15,dissipation,Apatite,0.3532544378698225,6.291070041360737e-17,0.06471699863121715,1.0984653206202006e-15,0.44572664377524784,0.4457266437752478,0.9,0.0,0.0
Glyphosate,"('ecoinvent-3.4-biosphere', '17955b10-4c04-4fff-91e7-cf89ef1a7cca')",P,1.780889174187545e-16,1.780889174187545e-16,0.1832022239309162,3.1095584453067654e-15,3.1095584453067654e-15,dissipation,Apatite,0.3532544378698225,6.291070041360737e-17,0.06471699863121715,1.0984653206202006e-15,0.44572664377524784,0.4457266437752478,0.9,0.0,0.0
Parathion,"('ecoinvent-3.4-biosphere', 'e7d1072e-68ab-4fb4-b141-feb865e3082d')",P,1.3580614171607205e-16,1.3580614171607205e-16,0.10634484652887455,1.8050300293483994e-15,1.8050300293483994e-15,dissipation,Apatite,0.3532544378698225,4.7974122251180486e-17,0.03756678898091013,6.37634868355618e-16,0.44572664377524784,0.4457266437752478,0.9,0.0,0.0
Lithium,"('ecoinvent-3.4-biosphere', '4569494e-085e-413a-8fef-63a3c419e0cf')",Li,8.63457487793724e-17,8.63457487793724e-17,1.0,1.5184934529957733e-13,1.5184934529957733e-13,dissipation,Spodumene,26.800000000000004,2.3140660672871808e-15,26.800000000000004,4.069562454028673e-12,0.000503877451206123,0.000503877451203809,0.95,6.794547227327257e-12,6.794547227327257e-12
Lithium,"('ecoinvent-3.4-biosphere', '85466e0f-e5b5-4084-9338-59e317f7cb09')",Li,8.63457487793724e-17,8.63457487793724e-17,1.0,1.5184934529957733e-13,1.5184934529957733e-13,dissipation,Spodumene,26.800000000000004,2.3140660672871808e-15,26.800000000000004,4.069562454028673e-12,0.000503877451206123,0.000503877451203809,0.95,6.794547227327257e-12,6.794547227327257e-12
Lithium,"('ecoinvent-3.4-biosphere', '6230c099-a983-4d9d-98a8-a0697962bec3')",Li,8.63457487793724e-17,8.63457487793724e-17,1.0,1.5184934529957733e-13,1.5184934529957733e-13,dissipation,Spodumene,26.800000000000004,2.3140660672871808e-15,26.800000000000004,4.069562454028673e-12,0.000503877451206123,0.000503877451203809,0.95,6.794547227327257e-12,6.794547227327257e-12
Methyl parathion,"('ecoinvent-3.4-biosphere', '4218b9ea-78e7-44b5-b4e1-5a0fca05aeb8')",P,8.419924336055216e-17,8.419924336055216e-17,0.11767789977584439,1.997390092884065e-15,1.997390092884065e-15,dissipation,Apatite,0.3532544378698225,2.974375638239624e-17,0.041570240335017224,7.05586914468513e-16,0.44572664377524784,0.4457266437752478,0.9,0.0,0.0
Methyl parathion,"('ecoinvent-3.4-biosphere', '23b6a72b-f926-40e3-b88a-0fb565d36de1')",P,8.419924336055216e-17,8.419924336055216e-17,0.11767789977584439,1.997390092884065e-15,1.997390092884065e-15,dissipation,Apatite,0.3532544378698225,2.974375638239624e-17,0.041570240335017224,7.05586914468513e-16,0.44572664377524784,0.4457266437752478,0.9,0.0,0.0
Phosphine,"('ecoinvent-3.4-biosphere', 'fba3ef86-de65-4079-868d-8b6438d46092')",P,5.586898109486735e-17,5.586898109486735e-17,0.9110535913877288,1.5463646283546527e-14,1.5463646283546527e-14,dissipation,Apatite,0.3532544378698225,1.973596551102711e-17,0.3218337242949551,5.462601675311999e-15,0.44572664377524784,0.44572664377524784,0.9,0.0,0.0
Phosphine,"('ecoinvent-3.4-biosphere', '5d22e791-8399-414a-8adb-35615026d06c')",P,5.586898109486735e-17,5.586898109486735e-17,0.9110535913877288,1.5463646283546527e-14,1.5463646283546527e-14,dissipation,Apatite,0.3532544378698225,1.973596551102711e-17,0.3218337242949551,5.462601675311999e-15,0.44572664377524784,0.44572664377524784,0.9,0.0,0.0
Phosphine,"('ecoinvent-3.4-biosphere', '097cecfb-bed2-43a0-81b7-c153d0bb14b9')",P,5.586898109486735e-17,5.586898109486735e-17,0.9110535913877288,1.5463646283546527e-14,1.5463646283546527e-14,dissipation,Apatite,0.3532544378698225,1.973596551102711e-17,0.3218337242949551,5.462601675311999e-15,0.44572664377524784,0.44572664377524784,0.9,0.0,0.0
Phosphine,"('ecoinvent-3.4-biosphere', '88453d4e-0fc0-4a5a-999d-14abe3a389b7')",P,5.586898109486735e-17,5.586898109486735e-17,0.9110535913877288,1.5463646283546527e-14,1.5463646283546527e-14,dissipation,Apatite,0.3532544378698225,1.973596551102711e-17,0.3218337242949551,5.462601675311999e-15,0.44572664377524784,0.44572664377524784,0.9,0.0,0.0
Phosphine,"('ecoinvent-3.4-biosphere', 'ed975027-d31b-429b-ae6b-70b70df7bf5b')",P,5.586898109486735e-17,5.586898109486735e-17,0.9110535913877288,1.5463646283546527e-14,1.5463646283546527e-14,dissipation,Apatite,0.3532544378698225,1.973596551102711e-17,0.3218337242949551,5.462601675311999e-15,0.44572664377524784,0.44572664377524784,0.9,0.0,0.0
Phosphate,"('ecoinvent-3.4-biosphere', '3aaf9017-0d8a-42aa-9a60-cbc39e994e73')",P,5.1919684869758654e-17,5.1919684869758654e-17,0.3261416642975224,5.53572191877536e-15,5.53572191877536e-15,dissipation,Apatite,0.3532544378698225,1.8340859093044924e-17,0.11521099028734964,1.9555183346206452e-15,0.44572664377524784,0.44572664377524784,0.9,0.0,0.0
Phosphate,"('ecoinvent-3.4-biosphere', '490b267b-f429-4d9a-ac79-224e37fb4d58')",P,5.1919684869758654e-17,5.1919684869758654e-17,0.3261416642975224,5.53572191877536e-15,5.53572191877536e-15,dissipation,Apatite,0.3532544378698225,1.8340859093044924e-17,0.11521099028734964,1.9555183346206452e-15,0.44572664377524784,0.44572664377524784,0.9,0.0,0.0
Phosphate,"('ecoinvent-3.4-biosphere', 'c8791f3c-3c4a-4278-91c0-483797d14da2')",P,5.1919684869758654e-17,5.1919684869758654e-17,0.3261416642975224,5.53572191877536e-15,5.53572191877536e-15,dissipation,Apatite,0.3532544378698225,1.8340859093044924e-17,0.11521099028734964,1.9555183346206452e-15,0.44572664377524784,0.44572664377524784,0.9,0.0,0.0
Phosphate,"('ecoinvent-3.4-biosphere', '329fc7d8-4011-4327-84e4-34ff76f0e42d')",P,5.1919684869758654e-17,5.1919684869758654e-17,0.3261416642975224,5.53572191877536e-15,5.53572191877536e-15,dissipation,Apatite,0.3532544378698225,1.8340859093044924e-17,0.11521099028734964,1.9555183346206452e-15,0.44572664377524784,0.44572664377524784,0.9,0.0,0.0
Phosphate,"('ecoinvent-3.4-biosphere', '1727b41d-377e-43cd-bc01-9eaba946eccb')",P,5.1919684869758654e-17,5.1919684869758654e-17,0.3261416642975224,5.53572191877536e-15,5.53572191877536e-15,dissipation,Apatite,0.3532544378698225,1.8340859093044924e-17,0.11521099028734964,1.9555183346206452e-15,0.44572664377524784,0.44572664377524784,0.9,0.0,0.0
Dimethoate,"('ecoinvent-3.4-biosphere', '28f19625-5e6a-4902-8c18-4b519db19d86')",P,1.4790334552746192e-17,1.4790334552746192e-17,0.13508068033144352,2.292773861090339e-15,2.292773861090339e-15,dissipation,Apatite,0.3532544378698225,5.224751318336969e-18,0.04771784979755727,8.099325414620903e-16,0.44572664377524784,0.44572664377524784,0.9,0.0,0.0
Phosphorus trichloride,"('ecoinvent-3.4-biosphere', 'c5344661-1f7c-46c1-ae59-2da67d710d63')",P,8.134473877777299e-18,8.134473877777299e-18,0.2255443093278963,3.828246168703231e-15,3.828246168703231e-15,dissipation,Apatite,0.3532544378698225,2.8735389970609754e-18,0.07967452820636338,1.3523449483525615e-15,0.44572664377524784,0.44572664377524784,0.9,0.0,0.0
Phosphorus trichloride,"('ecoinvent-3.4-biosphere', '3ba36854-15b2-415a-aa71-c99257aa7204')",P,8.134473877777299e-18,8.134473877777299e-18,0.2255443093278963,3.828246168703231e-15,3.828246168703231e-15,dissipation,Apatite,0.3532544378698225,2.8735389970609754e-18,0.07967452820636338,1.3523449483525615e-15,0.44572664377524784,0.44572664377524784,0.9,0.0,0.0
Phosphorus trichloride,"('ecoinvent-3.4-biosphere', '5cf4e418-9cd0-5139-bfc2-5d8a8ffda5ff')",P,8.134473877777299e-18,8.134473877777299e-18,0.2255443093278963,3.828246168703231e-15,3.828246168703231e-15,dissipation,Apatite,0.3532544378698225,2.8735389970609754e-18,0.07967452820636338,1.3523449483525615e-15,0.44572664377524784,0.44572664377524784,0.9,0.0,0.0
Phosphorus trichloride,"('ecoinvent-3.4-biosphere', '16addd86-288b-419a-8217-75e4197c5f9d')",P,8.134473877777299e-18,8.134473877777299e-18,0.2255443093278963,3.828246168703231e-15,3.828246168703231e-15,dissipation,Apatite,0.3532544378698225,2.8735389970609754e-18,0.07967452820636338,1.3523449483525615e-15,0.44572664377524784,0.44572664377524784,0.9,0.0,0.0
Phosphorus trichloride,"('ecoinvent-3.4-biosphere', '95886a55-63a7-4e2e-8120-6cd2e6afbbfc')",P,8.134473877777299e-18,8.134473877777299e-18,0.2255443093278963,3.828246168703231e-15,3.828246168703231e-15,dissipation,Apatite,0.3532544378698225,2.8735389970609754e-18,0.07967452820636338,1.3523449483525615e-15,0.44572664377524784,0.44572664377524784,0.9,0.0,0.0
Phosphorus trichloride,"('ecoinvent-3.4-biosphere', 'dcedc211-8daa-49ac-82a9-ce60a22d9b43')",P,8.134473877777299e-18,8.134473877777299e-18,0.2255443093278963,3.828246168703231e-15,3.828246168703231e-15,dissipation,Apatite,0.3532544378698225,2.8735389970609754e-18,0.07967452820636338,1.3523449483525615e-15,0.44572664377524784,0.44572664377524784,0.9,0.0,0.0
Methyl parathion,"('ecoinvent-3.4-biosphere', '4218b9ea-78e7-44b5-b4e1-5a0fca05aeb8')",P,3.609140880545887e-18,3.609140880545887e-18,0.11767789977584439,1.997390092884065e-15,1.997390092884065e-15,dissipation,Apatite,0.3532544378698225,1.2749450329502338e-18,0.041570240335017224,7.05586914468513e-16,0.44572664377524784,0.44572664377524784,0.9,0.0,0.0
Methyl parathion,"('ecoinvent-3.4-biosphere', '23b6a72b-f926-40e3-b88a-0fb565d36de1')",P,3.609140880545887e-18,3.609140880545887e-18,0.11767789977584439,1.997390092884065e-15,1.997390092884065e-15,dissipation,Apatite,0.3532544378698225,1.2749450329502338e-18,0.041570240335017224,7.05586914468513e-16,0.44572664377524784,0.44572664377524784,0.9,0.0,0.0
Terbufos,"('ecoinvent-3.4-biosphere', '15057e97-7b47-405e-8222-6ed5cf4e0087')",P,3.0600853037675004e-18,3.0600853037675004e-18,0.10739944521497921,1.822930119098526e-15,1.822930119098526e-15,dissipation,Apatite,0.3532544378698225,1.0809887138160935e-18,0.03793933064694828,6.439581544981184e-16,0.44572664377524784,0.44572664377524784,0.9,0.0,0.0
Cu-HDO,"('ecoinvent-3.4-biosphere', '4b4530b5-89d5-4127-b8a5-96fc50972e26')",Cu,2.516762786491906e-18,2.516762786491906e-18,0.1816274616286049,2.2362760128077994e-15,2.2362760128077994e-15,dissipation,Chalcopyrite,2.8793103448275863,7.246541126623246e-18,0.5229618291720176,6.438932657567285e-15,0.01286923124177145,0.012869231241771443,0.8086409056778144,5.210193364951616e-15,5.210193364951616e-15
Chromium IV,"('ecoinvent-3.4-biosphere', 'af60ad28-ce2b-4ea0-9277-983538e1a739')",Cr,1.8203394867774978e-18,1.8203394867774978e-18,1.0,3.1278613038877847e-13,3.1278613038877847e-13,dissipation,Chromite,2.152027027027027,3.917419773909683e-18,2.152027027027027,6.73124206275851e-13,0.2461272270789205,0.2461272270789205,0.81,0.0,0.0
Oxydemeton-methyl,"('ecoinvent-3.4-biosphere', '83cc3810-ac58-40a3-97af-04a855d4c809')",P,1.3458724447877665e-18,1.3458724447877665e-18,0.12575720665854648,2.134523127681749e-15,2.134523127681749e-15,dissipation,Apatite,0.3532544378698225,4.754354139279862e-19,0.04442429134624394,7.540297675893516e-16,0.44572664377524784,0.44572664377524784,0.9,0.0,0.0
Zinc,"('ecoinvent-3.4-biosphere', '77887584-ddca-4920-952c-3609730e0c13')",Zn,1.1773596801423372e-18,1.1773596801423372e-18,1.0,1.0836576745711442e-13,1.0836576745711442e-13,dissipation,Sphalerite,1.4901477832512315,1.754439917453483e-18,1.4901477832512315,1.614810081565375e-13,0.21288117798323605,0.21288117798323605,0.789865871833085,0.0,0.0
Zinc,"('ecoinvent-3.4-biosphere', 'ada3ecfe-8244-4389-bcce-e83ca4f66e09')",Zn,1.1773596801423372e-18,1.1773596801423372e-18,1.0,1.0836576745711442e-13,1.0836576745711442e-13,dissipation,Sphalerite,1.4901477832512315,1.754439917453483e-18,1.4901477832512315,1.614810081565375e-13,0.21288117798323605,0.21288117798323605,0.789865871833085,0.0,0.0
Zinc,"('ecoinvent-3.4-biosphere', '748f22a9-eba4-4726-bef5-92c7442ce189')",Zn,1.1773596801423372e-18,1.1773596801423372e-18,1.0,1.0836576745711442e-13,1.0836576745711442e-13,dissipation,Sphalerite,1.4901477832512315,1.754439917453483e-18,1.4901477832512315,1.614810081565375e-13,0.21288117798323605,0.21288117798323605,0.789865871833085,0.0,0.0
Zinc,"('ecoinvent-3.4-biosphere', '8f871bab-96dc-49d9-bf08-12cdd0715901')",Zn,1.1773596801423372e-18,1.1773596801423372e-18,1.0,1.0836576745711442e-13,1.0836576745711442e-13,dissipation,Sphalerite,1.4901477832512315,1.754439917453483e-18,1.4901477832512315,1.614810081565375e-13,0.21288117798323605,0.21288117798323605,0.789865871833085,0.0,0.0
Zinc,"('ecoinvent-3.4-biosphere', '5ce378a0-b48d-471c-977d-79681521efde')",Zn,1.1773596801423372e-18,1.1773596801423372e-18,1.0,1.0836576745711442e-13,1.0836576745711442e-13,dissipation,Sphalerite,1.4901477832512315,1.754439917453483e-18,1.4901477832512315,1.614810081565375e-13,0.21288117798323605,0.21288117798323605,0.789865871833085,0.0,0.0
Zinc,"('ecoinvent-3.4-biosphere', 'b88999ec-84fd-462d-9dec-7e20a4636a58')",Zn,1.1773596801423372e-18,1.1773596801423372e-18,1.0,1.0836576745711442e-13,1.0836576745711442e-13,dissipation,Sphalerite,1.4901477832512315,1.754439917453483e-18,1.4901477832512315,1.614810081565375e-13,0.21288117798323605,0.21288117798323605,0.789865871833085,0.0,0.0
Zinc,"('ecoinvent-3.4-biosphere', '8d226423-1351-4366-b09f-d16c9e38683c')",Zn,1.1773596801423372e-18,1.1773596801423372e-18,1.0,1.0836576745711442e-13,1.0836576745711442e-13,dissipation,Sphalerite,1.4901477832512315,1.754439917453483e-18,1.4901477832512315,1.614810081565375e-13,0.21288117798323605,0.21288117798323605,0.789865871833085,0.0,0.0
Zinc,"('ecoinvent-3.4-biosphere', '84aa799e-9d98-4d34-85e0-516d28ab1be9')",Zn,1.1773596801423372e-18,1.1773596801423372e-18,1.0,1.0836576745711442e-13,1.0836576745711442e-13,dissipation,Sphalerite,1.4901477832512315,1.754439917453483e-18,1.4901477832512315,1.614810081565375e-13,0.21288117798323605,0.21288117798323605,0.789865871833085,0.0,0.0
Zinc,"('ecoinvent-3.4-biosphere', '87a69874-34f9-4070-a525-aa301ab2634b')",Zn,1.1773596801423372e-18,1.1773596801423372e-18,1.0,1.0836576745711442e-13,1.0836576745711442e-13,dissipation,Sphalerite,1.4901477832512315,1.754439917453483e-18,1.4901477832512315,1.614810081565375e-13,0.21288117798323605,0.21288117798323605,0.789865871833085,0.0,0.0
Glyphosate,"('ecoinvent-3.4-biosphere', '3850d44e-8919-47bc-9c0a-51ccc4ec9d9f')",P,1.1617989941469223e-18,1.1617989941469223e-18,0.1832022239309162,3.1095584453067654e-15,3.1095584453067654e-15,dissipation,Apatite,0.3532544378698225,4.1041065059509624e-19,0.06471699863121715,1.0984653206202006e-15,0.44572664377524784,0.44572664377524784,0.9,0.0,0.0
Glyphosate,"('ecoinvent-3.4-biosphere', 'b4f9a201-2a20-4f41-a572-eabc98c75e1b')",P,1.1617989941469223e-18,1.1617989941469223e-18,0.1832022239309162,3.1095584453067654e-15,3.1095584453067654e-15,dissipation,Apatite,0.3532544378698225,4.1041065059509624e-19,0.06471699863121715,1.0984653206202006e-15,0.44572664377524784,0.44572664377524784,0.9,0.0,0.0
Glyphosate,"('ecoinvent-3.4-biosphere', 'bd02a7ec-dcb5-4609-bc96-cc7a96601ce2')",P,1.1617989941469223e-18,1.1617989941469223e-18,0.1832022239309162,3.1095584453067654e-15,3.1095584453067654e-15,dissipation,Apatite,0.3532544378698225,4.1041065059509624e-19,0.06471699863121715,1.0984653206202006e-15,0.44572664377524784,0.44572664377524784,0.9,0.0,0.0
Glyphosate,"('ecoinvent-3.4-biosphere', 'e157e3dd-88b9-4256-ab2e-ff82e7b8d088')",P,1.1617989941469223e-18,1.1617989941469223e-18,0.1832022239309162,3.1095584453067654e-15,3.1095584453067654e-15,dissipation,Apatite,0.3532544378698225,4.1041065059509624e-19,0.06471699863121715,1.0984653206202006e-15,0.44572664377524784,0.44572664377524784,0.9,0.0,0.0
Glyphosate,"('ecoinvent-3.4-biosphere', '17955b10-4c04-4fff-91e7-cf89ef1a7cca')",P,1.1617989941469223e-18,1.1617989941469223e-18,0.1832022239309162,3.1095584453067654e-15,3.1095584453067654e-15,dissipation,Apatite,0.3532544378698225,4.1041065059509624e-19,0.06471699863121715,1.0984653206202006e-15,0.44572664377524784,0.44572664377524784,0.9,0.0,0.0
Tebupirimphos,"('ecoinvent-3.4-biosphere', '57d8084d-08e2-4212-9abf-3f051bee142e')",P,9.527463684477156e-19,9.527463684477156e-19,0.09728931746081602,1.6513272178534873e-15,1.6513272178534873e-15,dissipation,Apatite,0.3532544378698225,3.365618828185126e-19,0.034367883150359275,5.833386680819716e-16,0.44572664377524784,0.44572664377524784,0.9,0.0,0.0
Copper,"('ecoinvent-3.4-biosphere', '88cde01c-df69-40bb-9b14-6eac71bea5b8')",Cu,2.274163941628063e-19,2.274163941628063e-19,1.0,1.231243333335009e-14,1.231243333335009e-14,dissipation,Chalcopyrite,2.8793103448275863,6.548023762963561e-19,2.8793103448275863,3.545131666671491e-14,0.01286923124177145,0.01286923124177145,0.8086409056778144,0.0,0.0
Copper,"('ecoinvent-3.4-biosphere', '0a5e8a67-f9ae-48b3-bfa7-e9d37c30a191')",Cu,2.274163941628063e-19,2.274163941628063e-19,1.0,1.231243333335009e-14,1.231243333335009e-14,dissipation,Chalcopyrite,2.8793103448275863,6.548023762963561e-19,2.8793103448275863,3.545131666671491e-14,0.01286923124177145,0.01286923124177145,0.8086409056778144,0.0,0.0
Copper,"('ecoinvent-3.4-biosphere', '237ca6bc-2f0a-4416-a0e3-bd512f038f2e')",Cu,2.274163941628063e-19,2.274163941628063e-19,1.0,1.231243333335009e-14,1.231243333335009e-14,dissipation,Chalcopyrite,2.8793103448275863,6.548023762963561e-19,2.8793103448275863,3.545131666671491e-14,0.01286923124177145,0.01286923124177145,0.8086409056778144,0.0,0.0
Copper,"('ecoinvent-3.4-biosphere', '7e66a41c-d311-4949-bdd8-eef09cdcfa47')",Cu,2.274163941628063e-19,2.274163941628063e-19,1.0,1.231243333335009e-14,1.231243333335009e-14,dissipation,Chalcopyrite,2.8793103448275863,6.548023762963561e-19,2.8793103448275863,3.545131666671491e-14,0.01286923124177145,0.01286923124177145,0.8086409056778144,0.0,0.0
Copper,"('ecoinvent-3.4-biosphere', 'fd153f15-1d16-410a-91fa-04d205e36c43')",Cu,2.274163941628063e-19,2.274163941628063e-19,1.0,1.231243333335009e-14,1.231243333335009e-14,dissipation,Chalcopyrite,2.8793103448275863,6.548023762963561e-19,2.8793103448275863,3.545131666671491e-14,0.01286923124177145,0.01286923124177145,0.8086409056778144,0.0,0.0
Copper,"('ecoinvent-3.4-biosphere', '44d3e792-7c9e-48ab-9de9-acfa2e097f26')",Cu,2.274163941628063e-19,2.274163941628063e-19,1.0,1.231243333335009e-14,1.231243333335009e-14,dissipation,Chalcopyrite,2.8793103448275863,6.548023762963561e-19,2.8793103448275863,3.545131666671491e-14,0.01286923124177145,0.01286923124177145,0.8086409056778144,0.0,0.0
Copper,"('ecoinvent-3.4-biosphere', '3573a5af-88f8-4f74-ade7-cd269cbc4e66')",Cu,2.274163941628063e-19,2.274163941628063e-19,1.0,1.231243333335009e-14,1.231243333335009e-14,dissipation,Chalcopyrite,2.8793103448275863,6.548023762963561e-19,2.8793103448275863,3.545131666671491e-14,0.01286923124177145,0.01286923124177145,0.8086409056778144,0.0,0.0
Copper,"('ecoinvent-3.4-biosphere', 'ec8144d6-d123-43b1-9c17-a295422a0498')",Cu,2.274163941628063e-19,2.274163941628063e-19,1.0,1.231243333335009e-14,1.231243333335009e-14,dissipation,Chalcopyrite,2.8793103448275863,6.548023762963561e-19,2.8793103448275863,3.545131666671491e-14,0.01286923124177145,0.01286923124177145,0.8086409056778144,0.0,0.0
Copper,"('ecoinvent-3.4-biosphere', 'e336eee7-148a-4d1c-8027-780cbfafa12b')",Cu,2.274163941628063e-19,2.274163941628063e-19,1.0,1.231243333335009e-14,1.231243333335009e-14,dissipation,Chalcopyrite,2.8793103448275863,6.548023762963561e-19,2.8793103448275863,3.545131666671491e-14,0.01286923124177145,0.01286923124177145,0.8086409056778144,0.0,0.0
Chromium,"('ecoinvent-3.4-biosphere', 'e65a9c58-21f1-48b6-b738-d05a8f10e5f3')",Cr,1.6991426610622542e-19,1.6991426610622542e-19,1.0,3.1278613038877847e-13,3.1278613038877847e-13,dissipation,Chromite,2.152027027027027,3.6566009293805946e-19,2.152027027027027,6.73124206275851e-13,0.2461272270789205,0.2461272270789205,0.81,0.0,0.0
Chromium,"('ecoinvent-3.4-biosphere', '6b29d83a-c43c-484c-8e73-474a8a22d71e')",Cr,1.6991426610622542e-19,1.6991426610622542e-19,1.0,3.1278613038877847e-13,3.1278613038877847e-13,dissipation,Chromite,2.152027027027027,3.6566009293805946e-19,2.152027027027027,6.73124206275851e-13,0.2461272270789205,0.2461272270789205,0.81,0.0,0.0
Chromium,"('ecoinvent-3.4-biosphere', 'e7881581-21b3-4f5c-bd63-6b0684b5e712')",Cr,1.6991426610622542e-19,1.6991426610622542e-19,1.0,3.1278613038877847e-13,3.1278613038877847e-13,dissipation,Chromite,2.152027027027027,3.6566009293805946e-19,2.152027027027027,6.73124206275851e-13,0.2461272270789205,0.2461272270789205,0.81,0.0,0.0
Chromium,"('ecoinvent-3.4-biosphere', 'e0336c9b-a0ff-4ae3-b8bb-ca1e46bbbc11')",Cr,1.6991426610622542e-19,1.6991426610622542e-19,1.0,3.1278613038877847e-13,3.1278613038877847e-13,dissipation,Chromite,2.152027027027027,3.6566009293805946e-19,2.152027027027027,6.73124206275851e-13,0.2461272270789205,0.2461272270789205,0.81,0.0,0.0
Chromium,"('ecoinvent-3.4-biosphere', '2a5ed451-12a2-47db-b4dc-fa0bfbc01d79')",Cr,1.6991426610622542e-19,1.6991426610622542e-19,1.0,3.1278613038877847e-13,3.1278613038877847e-13,dissipation,Chromite,2.152027027027027,3.6566009293805946e-19,2.152027027027027,6.73124206275851e-13,0.2461272270789205,0.2461272270789205,0.81,0.0,0.0
Chromium,"('ecoinvent-3.4-biosphere', '591de726-f2c7-43ba-8e22-15fd08acc8dc')",Cr,1.6991426610622542e-19,1.6991426610622542e-19,1.0,3.1278613038877847e-13,3.1278613038877847e-13,dissipation,Chromite,2.152027027027027,3.6566009293805946e-19,2.152027027027027,6.73124206275851e-13,0.2461272270789205,0.2461272270789205,0.81,0.0,0.0
Chromium,"('ecoinvent-3.4-biosphere', '4d40d8e3-9bc7-4ab1-ac5c-4f4a76fda8e5')",Cr,1.6991426610622542e-19,1.6991426610622542e-19,1.0,3.1278613038877847e-13,3.1278613038877847e-13,dissipation,Chromite,2.152027027027027,3.6566009293805946e-19,2.152027027027027,6.73124206275851e-13,0.2461272270789205,0.2461272270789205,0.81,0.0,0.0
Chromium,"('ecoinvent-3.4-biosphere', 'e142b577-e934-4085-9a07-3983d4d92afb')",Cr,1.6991426610622542e-19,1.6991426610622542e-19,1.0,3.1278613038877847e-13,3.1278613038877847e-13,dissipation,Chromite,2.152027027027027,3.6566009293805946e-19,2.152027027027027,6.73124206275851e-13,0.2461272270789205,0.2461272270789205,0.81,0.0,0.0
Chromium,"('ecoinvent-3.4-biosphere', '7705f0e1-5b14-44f4-b330-1245b5c7fc08')",Cr,1.6991426610622542e-19,1.6991426610622542e-19,1.0,3.1278613038877847e-13,3.1278613038877847e-13,dissipation,Chromite,2.152027027027027,3.6566009293805946e-19,2.152027027027027,6.73124206275851e-13,0.2461272270789205,0.2461272270789205,0.81,0.0,0.0
Nickel,"('ecoinvent-3.4-biosphere', '56815b4f-6138-4e0b-9fac-c94fd6b102b3')",Ni,6.895430438200199e-20,6.895430438200199e-20,1.0,9.066741688482605e-14,9.066741688482605e-14,dissipation,Pentlandite(sulphides) / Garnierite(laterites),2.9342028985507245,2.0232591978521917e-19,2.9342028985507245,2.660365974275635e-13,0.010558917414268303,0.010558917414268303,0.0803628113054402,0.0,0.0
Nickel,"('ecoinvent-3.4-biosphere', 'e43a270f-4f88-4789-a0b8-7aba56677743')",Ni,6.895430438200199e-20,6.895430438200199e-20,1.0,9.066741688482605e-14,9.066741688482605e-14,dissipation,Pentlandite(sulphides) / Garnierite(laterites),2.9342028985507245,2.0232591978521917e-19,2.9342028985507245,2.660365974275635e-13,0.010558917414268303,0.010558917414268303,0.0803628113054402,0.0,0.0
Nickel,"('ecoinvent-3.4-biosphere', 'a72a45ee-395a-4d25-b893-9d183e43e76e')",Ni,6.895430438200199e-20,6.895430438200199e-20,1.0,9.066741688482605e-14,9.066741688482605e-14,dissipation,Pentlandite(sulphides) / Garnierite(laterites),2.9342028985507245,2.0232591978521917e-19,2.9342028985507245,2.660365974275635e-13,0.010558917414268303,0.010558917414268303,0.0803628113054402,0.0,0.0
Nickel,"('ecoinvent-3.4-biosphere', 'e8fc62ba-678e-4706-97d2-b79d83e227d5')",Ni,6.895430438200199e-20,6.895430438200199e-20,1.0,9.066741688482605e-14,9.066741688482605e-14,dissipation,Pentlandite(sulphides) / Garnierite(laterites),2.9342028985507245,2.0232591978521917e-19,2.9342028985507245,2.660365974275635e-13,0.010558917414268303,0.010558917414268303,0.0803628113054402,0.0,0.0
Nickel,"('ecoinvent-3.4-biosphere', '5de1943f-b011-45a0-97d4-ed15eea6a382')",Ni,6.895430438200199e-20,6.895430438200199e-20,1.0,9.066741688482605e-14,9.066741688482605e-14,dissipation,Pentlandite(sulphides) / Garnierite(laterites),2.9342028985507245,2.0232591978521917e-19,2.9342028985507245,2.660365974275635e-13,0.010558917414268303,0.010558917414268303,0.0803628113054402,0.0,0.0
Nickel,"('ecoinvent-3.4-biosphere', 'b4580545-243d-48d2-a3a0-2633a4f46fb1')",Ni,6.895430438200199e-20,6.895430438200199e-20,1.0,9.066741688482605e-14,9.066741688482605e-14,dissipation,Pentlandite(sulphides) / Garnierite(laterites),2.9342028985507245,2.0232591978521917e-19,2.9342028985507245,2.660365974275635e-13,0.010558917414268303,0.010558917414268303,0.0803628113054402,0.0,0.0
Nickel,"('ecoinvent-3.4-biosphere', 'c89873de-cd23-4323-a948-f5cfeebd2fc9')",Ni,6.895430438200199e-20,6.895430438200199e-20,1.0,9.066741688482605e-14,9.066741688482605e-14,dissipation,Pentlandite(sulphides) / Garnierite(laterites),2.9342028985507245,2.0232591978521917e-19,2.9342028985507245,2.660365974275635e-13,0.010558917414268303,0.010558917414268303,0.0803628113054402,0.0,0.0
Nickel,"('ecoinvent-3.4-biosphere', '2bcad3b3-5305-481c-a166-ad5e6eac2675')",Ni,6.895430438200199e-20,6.895430438200199e-20,1.0,9.066741688482605e-14,9.066741688482605e-14,dissipation,Pentlandite(sulphides) / Garnierite(laterites),2.9342028985507245,2.0232591978521917e-19,2.9342028985507245,2.660365974275635e-13,0.010558917414268303,0.010558917414268303,0.0803628113054402,0.0,0.0
Nickel,"('ecoinvent-3.4-biosphere', '0545c382-2312-43b6-9ec3-63dbb1438565')",Ni,6.895430438200199e-20,6.895430438200199e-20,1.0,9.066741688482605e-14,9.066741688482605e-14,dissipation,Pentlandite(sulphides) / Garnierite(laterites),2.9342028985507245,2.0232591978521917e-19,2.9342028985507245,2.660365974275635e-13,0.010558917414268303,0.010558917414268303,0.0803628113054402,0.0,0.0
Nickel,"('ecoinvent-3.4-biosphere', 'a5506f4b-113f-4713-95c3-c819dde6e48b')",Ni,6.895430438200199e-20,6.895430438200199e-20,1.0,9.066741688482605e-14,9.066741688482605e-14,dissipation,Pentlandite(sulphides) / Garnierite(laterites),2.9342028985507245,2.0232591978521917e-19,2.9342028985507245,2.660365974275635e-13,0.010558917414268303,0.010558917414268303,0.0803628113054402,0.0,0.0
Lead,"('ecoinvent-3.4-biosphere', 'e9e856c2-868e-435e-8425-8df1c9297cfc')",Pb,2.57603865704259e-20,2.57603865704259e-20,1.0,1.1855254708054448e-13,1.1855254708054448e-13,dissipation,Galena,1.1560975609756097,2.978152008385823e-20,1.1560975609756097,1.370583105272636e-13,0.10515644248728105,0.10515644248728105,0.635111259945265,0.0,0.0
Lead,"('ecoinvent-3.4-biosphere', '4010918f-7fd0-4925-8fbb-8fd7a44a806c')",Pb,2.57603865704259e-20,2.57603865704259e-20,1.0,1.1855254708054448e-13,1.1855254708054448e-13,dissipation,Galena,1.1560975609756097,2.978152008385823e-20,1.1560975609756097,1.370583105272636e-13,0.10515644248728105,0.10515644248728105,0.635111259945265,0.0,0.0
Lead,"('ecoinvent-3.4-biosphere', '2718482b-8399-442e-b89a-52fbcc22d2e6')",Pb,2.57603865704259e-20,2.57603865704259e-20,1.0,1.1855254708054448e-13,1.1855254708054448e-13,dissipation,Galena,1.1560975609756097,2.978152008385823e-20,1.1560975609756097,1.370583105272636e-13,0.10515644248728105,0.10515644248728105,0.635111259945265,0.0,0.0
Lead,"('ecoinvent-3.4-biosphere', '837083ce-41cd-49f3-a849-d79564dac238')",Pb,2.57603865704259e-20,2.57603865704259e-20,1.0,1.1855254708054448e-13,1.1855254708054448e-13,dissipation,Galena,1.1560975609756097,2.978152008385823e-20,1.1560975609756097,1.370583105272636e-13,0.10515644248728105,0.10515644248728105,0.635111259945265,0.0,0.0
Lead,"('ecoinvent-3.4-biosphere', '8e123669-94d3-41d8-9480-a79211fe7c43')",Pb,2.57603865704259e-20,2.57603865704259e-20,1.0,1.1855254708054448e-13,1.1855254708054448e-13,dissipation,Galena,1.1560975609756097,2.978152008385823e-20,1.1560975609756097,1.370583105272636e-13,0.10515644248728105,0.10515644248728105,0.635111259945265,0.0,0.0
Lead,"('ecoinvent-3.4-biosphere', '9ee7f4ab-b826-47ae-8623-e138f944b42e')",Pb,2.57603865704259e-20,2.57603865704259e-20,1.0,1.1855254708054448e-13,1.1855254708054448e-13,dissipation,Galena,1.1560975609756097,2.978152008385823e-20,1.1560975609756097,1.370583105272636e-13,0.10515644248728105,0.10515644248728105,0.635111259945265,0.0,0.0
Lead,"('ecoinvent-3.4-biosphere', '739234c8-5359-48b4-983f-9cb170d68c8d')",Pb,2.57603865704259e-20,2.57603865704259e-20,1.0,1.1855254708054448e-13,1.1855254708054448e-13,dissipation,Galena,1.1560975609756097,2.978152008385823e-20,1.1560975609756097,1.370583105272636e-13,0.10515644248728105,0.10515644248728105,0.635111259945265,0.0,0.0
Lead,"('ecoinvent-3.4-biosphere', 'b3ebdcc3-c588-4997-95d2-9785b26b34e1')",Pb,2.57603865704259e-20,2.57603865704259e-20,1.0,1.1855254708054448e-13,1.1855254708054448e-13,dissipation,Galena,1.1560975609756097,2.978152008385823e-20,1.1560975609756097,1.370583105272636e-13,0.10515644248728105,0.10515644248728105,0.635111259945265,0.0,0.0
Lead,"('ecoinvent-3.4-biosphere', '31c4d160-b21e-41b3-b9c1-3d7a72377653')",Pb,2.57603865704259e-20,2.57603865704259e-20,1.0,1.1855254708054448e-13,1.1855254708054448e-13,dissipation,Galena,1.1560975609756097,2.978152008385823e-20,1.1560975609756097,1.370583105272636e-13,0.10515644248728105,0.10515644248728105,0.635111259945265,0.0,0.0
Lead,"('ecoinvent-3.4-biosphere', 'fe4613d7-1ed8-427d-9b06-c8e8f4f5e1b1')",Pb,2.57603865704259e-20,2.57603865704259e-20,1.0,1.1855254708054448e-13,1.1855254708054448e-13,dissipation,Galena,1.1560975609756097,2.978152008385823e-20,1.1560975609756097,1.370583105272636e-13,0.10515644248728105,0.10515644248728105,0.635111259945265,0.0,0.0
Lead,"('ecoinvent-3.4-biosphere', '67652827-017f-4856-8d0a-c97bac4c6562')",Pb,2.57603865704259e-20,2.57603865704259e-20,1.0,1.1855254708054448e-13,1.1855254708054448e-13,dissipation,Galena,1.1560975609756097,2.978152008385823e-20,1.1560975609756097,1.370583105272636e-13,0.10515644248728105,0.10515644248728105,0.635111259945265,0.0,0.0
Lead,"('ecoinvent-3.4-biosphere', 'c864aa15-0abc-41ad-9889-348106e485d8')",Pb,2.57603865704259e-20,2.57603865704259e-20,1.0,1.1855254708054448e-13,1.1855254708054448e-13,dissipation,Galena,1.1560975609756097,2.978152008385823e-20,1.1560975609756097,1.370583105272636e-13,0.10515644248728105,0.10515644248728105,0.635111259945265,0.0,0.0
Lead,"('ecoinvent-3.4-biosphere', '0ff15165-d761-48c9-9814-2d1dcdd56857')",Pb,2.57603865704259e-20,2.57603865704259e-20,1.0,1.1855254708054448e-13,1.1855254708054448e-13,dissipation,Galena,1.1560975609756097,2.978152008385823e-20,1.1560975609756097,1.370583105272636e-13,0.10515644248728105,0.10515644248728105,0.635111259945265,0.0,0.0
Lead,"('ecoinvent-3.4-biosphere', '6a903634-c97f-4c49-a7c0-88f0e6ac7a23')",Pb,2.57603865704259e-20,2.57603865704259e-20,1.0,1.1855254708054448e-13,1.1855254708054448e-13,dissipation,Galena,1.1560975609756097,2.978152008385823e-20,1.1560975609756097,1.370583105272636e-13,0.10515644248728105,0.10515644248728105,0.635111259945265,0.0,0.0
Phosphoric acid,"('ecoinvent-3.4-biosphere', '13d2fabe-9282-4905-9dfc-5c859022835c')",P,5.887398715522493e-21,5.887398715522493e-21,0.31607735088524924,5.3648966411349025e-15,5.3648966411349025e-15,dissipation,Apatite,0.3532544378698225,2.079749723767413e-21,0.11165572691035137,1.895173547193809e-15,0.44572664377524784,0.44572664377524784,0.9,0.0,0.0
Phosphoric acid,"('ecoinvent-3.4-biosphere', 'cefa3637-739c-5e9f-99a6-2456e6a44772')",P,5.887398715522493e-21,5.887398715522493e-21,0.31607735088524924,5.3648966411349025e-15,5.3648966411349025e-15,dissipation,Apatite,0.3532544378698225,2.079749723767413e-21,0.11165572691035137,1.895173547193809e-15,0.44572664377524784,0.44572664377524784,0.9,0.0,0.0
Phosphoric acid,"('ecoinvent-3.4-biosphere', '5d0058e0-ad1b-4c15-b0ff-a665bb04154f')",P,5.887398715522493e-21,5.887398715522493e-21,0.31607735088524924,5.3648966411349025e-15,5.3648966411349025e-15,dissipation,Apatite,0.3532544378698225,2.079749723767413e-21,0.11165572691035137,1.895173547193809e-15,0.44572664377524784,0.44572664377524784,0.9,0.0,0.0
Phosphoric acid,"('ecoinvent-3.4-biosphere', '2257e9f9-f38c-494b-b99f-f49b4768b4b9')",P,5.887398715522493e-21,5.887398715522493e-21,0.31607735088524924,5.3648966411349025e-15,5.3648966411349025e-15,dissipation,Apatite,0.3532544378698225,2.079749723767413e-21,0.11165572691035137,1.895173547193809e-15,0.44572664377524784,0.44572664377524784,0.9,0.0,0.0
Phosphoric acid,"('ecoinvent-3.4-biosphere', 'bcac684a-8868-4cd3-9063-3275dc831f91')",P,5.887398715522493e-21,5.887398715522493e-21,0.31607735088524924,5.3648966411349025e-15,5.3648966411349025e-15,dissipation,Apatite,0.3532544378698225,2.079749723767413e-21,0.11165572691035137,1.895173547193809e-15,0.44572664377524784,0.44572664377524784,0.9,0.0,0.0
Phosphoric acid,"('ecoinvent-3.4-biosphere', 'b0c3054b-6d71-42b1-8575-704c4d049180')",P,5.887398715522493e-21,5.887398715522493e-21,0.31607735088524924,5.3648966411349025e-15,5.3648966411349025e-15,dissipation,Apatite,0.3532544378698225,2.079749723767413e-21,0.11165572691035137,1.895173547193809e-15,0.44572664377524784,0.44572664377524784,0.9,0.0,0.0
Silver,"('ecoinvent-3.4-biosphere', 'ebb88ef4-50ab-4e3b-9251-c5fcdf6b4768')",Ag,4.157954311767232e-21,4.157954311767232e-21,1.0,1.5701960660375504e-13,1.5701960660375504e-13,dissipation,Argentite,1.1478494623655913,4.772705621302709e-21,1.1478494623655913,1.8023487102097688e-13,0.0005609394054083945,0.0005609394054083945,0.9,0.0,0.0
Silver,"('ecoinvent-3.4-biosphere', 'c6462d84-caa9-425a-a923-45238690c6f3')",Ag,4.157954311767232e-21,4.157954311767232e-21,1.0,1.5701960660375504e-13,1.5701960660375504e-13,dissipation,Argentite,1.1478494623655913,4.772705621302709e-21,1.1478494623655913,1.8023487102097688e-13,0.0005609394054083945,0.0005609394054083945,0.9,0.0,0.0
Silver,"('ecoinvent-3.4-biosphere', '6e8a87bf-baea-4cd9-a967-932e750968d1')",Ag,4.157954311767232e-21,4.157954311767232e-21,1.0,1.5701960660375504e-13,1.5701960660375504e-13,dissipation,Argentite,1.1478494623655913,4.772705621302709e-21,1.1478494623655913,1.8023487102097688e-13,0.0005609394054083945,0.0005609394054083945,0.9,0.0,0.0
Silver,"('ecoinvent-3.4-biosphere', '0ed1b1a1-e56d-4860-bac7-d76a39bde930')",Ag,4.157954311767232e-21,4.157954311767232e-21,1.0,1.5701960660375504e-13,1.5701960660375504e-13,dissipation,Argentite,1.1478494623655913,4.772705621302709e-21,1.1478494623655913,1.8023487102097688e-13,0.0005609394054083945,0.0005609394054083945,0.9,0.0,0.0
Silver,"('ecoinvent-3.4-biosphere', 'fce0b9ae-53c8-4ab0-9e7a-7f5c2ed2c856')",Ag,4.157954311767232e-21,4.157954311767232e-21,1.0,1.5701960660375504e-13,1.5701960660375504e-13,dissipation,Argentite,1.1478494623655913,4.772705621302709e-21,1.1478494623655913,1.8023487102097688e-13,0.0005609394054083945,0.0005609394054083945,0.9,0.0,0.0
Silver,"('ecoinvent-3.4-biosphere', '48dbf4b1-0b2a-4bf5-a190-2d7fc465bda4')",Ag,4.157954311767232e-21,4.157954311767232e-21,1.0,1.5701960660375504e-13,1.5701960660375504e-13,dissipation,Argentite,1.1478494623655913,4.772705621302709e-21,1.1478494623655913,1.8023487102097688e-13,0.0005609394054083945,0.0005609394054083945,0.9,0.0,0.0
Silver,"('ecoinvent-3.4-biosphere', '35df5fe0-c90d-43b4-a35a-3d97022114d2')",Ag,4.157954311767232e-21,4.157954311767232e-21,1.0,1.5701960660375504e-13,1.5701960660375504e-13,dissipation,Argentite,1.1478494623655913,4.772705621302709e-21,1.1478494623655913,1.8023487102097688e-13,0.0005609394054083945,0.0005609394054083945,0.9,0.0,0.0
Silver,"('ecoinvent-3.4-biosphere', '16316600-f12a-410b-8726-3faee64de60a')",Ag,4.157954311767232e-21,4.157954311767232e-21,1.0,1.5701960660375504e-13,1.5701960660375504e-13,dissipation,Argentite,1.1478494623655913,4.772705621302709e-21,1.1478494623655913,1.8023487102097688e-13,0.0005609394054083945,0.0005609394054083945,0.9,0.0,0.0
Silver,"('ecoinvent-3.4-biosphere', '7da45a0b-0dcf-413c-8de0-44d8ebca9e6e')",Ag,4.157954311767232e-21,4.157954311767232e-21,1.0,1.5701960660375504e-13,1.5701960660375504e-13,dissipation,Argentite,1.1478494623655913,4.772705621302709e-21,1.1478494623655913,1.8023487102097688e-13,0.0005609394054083945,0.0005609394054083945,0.9,0.0,0.0
Ethephon,"('ecoinvent-3.4-biosphere', 'a212914e-f8ba-49eb-9ceb-63e286053f2d')",P,4.042514774073052e-24,4.042514774073052e-24,0.2143677763167001,3.638542780455497e-15,3.638542780455497e-15,dissipation,Apatite,0.3532544378698225,1.4280362840956287e-24,0.07572636832015975,1.2853313845751076e-15,0.44572664377524784,0.44572664377524784,0.9,0.0,0.0
Ethephon,"('ecoinvent-3.4-biosphere', '876d4bb6-badc-4d04-a193-71b68e908737')",P,4.042514774073052e-24,4.042514774073052e-24,0.2143677763167001,3.638542780455497e-15,3.638542780455497e-15,dissipation,Apatite,0.3532544378698225,1.4280362840956287e-24,0.07572636832015975,1.2853313845751076e-15,0.44572664377524784,0.44572664377524784,0.9,0.0,0.0
Ethephon,"('ecoinvent-3.4-biosphere', 'e732d6dc-d502-4e03-8a5e-6c2644136b5f')",P,4.042514774073052e-24,4.042514774073052e-24,0.2143677763167001,3.638542780455497e-15,3.638542780455497e-15,dissipation,Apatite,0.3532544378698225,1.4280362840956287e-24,0.07572636832015975,1.2853313845751076e-15,0.44572664377524784,0.44572664377524784,0.9,0.0,0.0
Ethephon,"('ecoinvent-3.4-biosphere', '0ba582f8-3360-441a-a93c-ea15e87f7b0c')",P,4.042514774073052e-24,4.042514774073052e-24,0.2143677763167001,3.638542780455497e-15,3.638542780455497e-15,dissipation,Apatite,0.3532544378698225,1.4280362840956287e-24,0.07572636832015975,1.2853313845751076e-15,0.44572664377524784,0.44572664377524784,0.9,0.0,0.0
Ethephon,"('ecoinvent-3.4-biosphere', 'a212914e-f8ba-49eb-9ceb-63e286053f2d')",P,2.668003730061289e-25,2.668003730061289e-25,0.2143677763167001,3.638542780455497e-15,3.638542780455497e-15,dissipation,Apatite,0.3532544378698225,9.424841578973903e-26,0.07572636832015975,1.2853313845751076e-15,0.44572664377524784,0.44572664377524784,0.9,0.0,0.0
Ethephon,"('ecoinvent-3.4-biosphere', '876d4bb6-badc-4d04-a193-71b68e908737')",P,2.668003730061289e-25,2.668003730061289e-25,0.2143677763167001,3.638542780455497e-15,3.638542780455497e-15,dissipation,Apatite,0.3532544378698225,9.424841578973903e-26,0.07572636832015975,1.2853313845751076e-15,0.44572664377524784,0.44572664377524784,0.9,0.0,0.0
Ethephon,"('ecoinvent-3.4-biosphere', 'e732d6dc-d502-4e03-8a5e-6c2644136b5f')",P,2.668003730061289e-25,2.668003730061289e-25,0.2143677763167001,3.638542780455497e-15,3.638542780455497e-15,dissipation,Apatite,0.3532544378698225,9.424841578973903e-26,0.07572636832015975,1.2853313845751076e-15,0.44572664377524784,0.44572664377524784,0.9,0.0,0.0
Ethephon,"('ecoinvent-3.4-biosphere', '0ba582f8-3360-441a-a93c-ea15e87f7b0c')",P,2.668003730061289e-25,2.668003730061289e-25,0.2143677763167001,3.638542780455497e-15,3.638542780455497e-15,dissipation,Apatite,0.3532544378698225,9.424841578973903e-26,0.07572636832015975,1.2853313845751076e-15,0.44572664377524784,0.44572664377524784,0.9,0.0,0.0
Ethephon,"('ecoinvent-3.4-biosphere', 'a212914e-f8ba-49eb-9ceb-63e286053f2d')",P,1.6168661386465856e-27,1.6168661386465856e-27,0.2143677763167001,3.638542780455497e-15,3.638542780455497e-15,dissipation,Apatite,0.3532544378698225,5.711651389183501e-28,0.07572636832015975,1.2853313845751076e-15,0.44572664377524784,0.44572664377524784,0.9,0.0,0.0
Ethephon,"('ecoinvent-3.4-biosphere', '876d4bb6-badc-4d04-a193-71b68e908737')",P,1.6168661386465856e-27,1.6168661386465856e-27,0.2143677763167001,3.638542780455497e-15,3.638542780455497e-15,dissipation,Apatite,0.3532544378698225,5.711651389183501e-28,0.07572636832015975,1.2853313845751076e-15,0.44572664377524784,0.44572664377524784,0.9,0.0,0.0
Ethephon,"('ecoinvent-3.4-biosphere', 'e732d6dc-d502-4e03-8a5e-6c2644136b5f')",P,1.6168661386465856e-27,1.6168661386465856e-27,0.2143677763167001,3.638542780455497e-15,3.638542780455497e-15,dissipation,Apatite,0.3532544378698225,5.711651389183501e-28,0.07572636832015975,1.2853313845751076e-15,0.44572664377524784,0.44572664377524784,0.9,0.0,0.0
Ethephon,"('ecoinvent-3.4-biosphere', '0ba582f8-3360-441a-a93c-ea15e87f7b0c')",P,1.6168661386465856e-27,1.6168661386465856e-27,0.2143677763167001,3.638542780455497e-15,3.638542780455497e-15,dissipation,Apatite,0.3532544378698225,5.711651389183501e-28,0.07572636832015975,1.2853313845751076e-15,0.44572664377524784,0.44572664377524784,0.9,0.0,0.0
