,Flow_Name,Flow_Key,Metal,Delta_g_Total,Delta_g_Metal,Metal_Fraction,CF_Metal,CF_Total,Mineral,f_mineral_me,Delta_g_Mineral,Mineral_Fraction,CF_Mineral,xi_Mineral,xf_Mineral
0,Aluminium,"('ecoinvent-3.4-biosphere', '7880e65c-0321-4295-ba55-3186ad36e489')",Al,5.6832291896622894e-05,5.6832291896622894e-05,1.0,6.422536676269254e-14,6.422536676269254e-14,Bauxite (Gibbsite),2.8930041152263373,0.00016441605433467445,2.8930041152263373,1.8580425034639034e-13,0.3456614509246088,0.34549703487027417
1,Aluminium,"('ecoinvent-3.4-biosphere', '2e0c9efa-d55c-49db-8be3-0376d5921ff4')",Al,5.6832291896622894e-05,5.6832291896622894e-05,1.0,6.422536676269254e-14,6.422536676269254e-14,Bauxite (Gibbsite),2.8930041152263373,0.00016441605433467445,2.8930041152263373,1.8580425034639034e-13,0.3456614509246088,0.34549703487027417
2,Aluminium,"('ecoinvent-3.4-biosphere', '0ace7678-a181-48e8-8728-d912a8b56c57')",Al,5.6832291896622894e-05,5.6832291896622894e-05,1.0,6.422536676269254e-14,6.422536676269254e-14,Bauxite (Gibbsite),2.8930041152263373,0.00016441605433467445,2.8930041152263373,1.8580425034639034e-13,0.3456614509246088,0.34549703487027417
3,Aluminium,"('ecoinvent-3.4-biosphere', 'd96403bf-902e-4b7a-8ffd-32fe09e4017f')",Al,5.6832291896622894e-05,5.6832291896622894e-05,1.0,6.422536676269254e-14,6.422536676269254e-14,Bauxite (Gibbsite),2.8930041152263373,0.00016441605433467445,2.8930041152263373,1.8580425034639034e-13,0.3456614509246088,0.34549703487027417
4,Aluminium,"('ecoinvent-3.4-biosphere', '2baa4381-b781-4f5e-90de-508b0fa3fd1f')",Al,5.6832291896622894e-05,5.6832291896622894e-05,1.0,6.422536676269254e-14,6.422536676269254e-14,Bauxite (Gibbsite),2.8930041152263373,0.00016441605433467445,2.8930041152263373,1.8580425034639034e-13,0.3456614509246088,0.34549703487027417
5,Aluminium,"('ecoinvent-3.4-biosphere', '6f0b8b7c-3888-4174-b7e3-916d42d678ee')",Al,5.6832291896622894e-05,5.6832291896622894e-05,1.0,6.422536676269254e-14,6.422536676269254e-14,Bauxite (Gibbsite),2.8930041152263373,0.00016441605433467445,2.8930041152263373,1.8580425034639034e-13,0.3456614509246088,0.34549703487027417
6,Aluminium,"('ecoinvent-3.4-biosphere', 'e0401210-0377-4670-84af-12247ca20bed')",Al,5.6832291896622894e-05,5.6832291896622894e-05,1.0,6.422536676269254e-14,6.422536676269254e-14,Bauxite (Gibbsite),2.8930041152263373,0.00016441605433467445,2.8930041152263373,1.8580425034639034e-13,0.3456614509246088,0.34549703487027417
7,Aluminium,"('ecoinvent-3.4-biosphere', '39555a26-d28b-425f-993f-e8770ab7d9cf')",Al,5.6832291896622894e-05,5.6832291896622894e-05,1.0,6.422536676269254e-14,6.422536676269254e-14,Bauxite (Gibbsite),2.8930041152263373,0.00016441605433467445,2.8930041152263373,1.8580425034639034e-13,0.3456614509246088,0.34549703487027417
8,Aluminium,"('ecoinvent-3.4-biosphere', '46e63323-cffd-4c46-829b-5f006b50fa9b')",Al,5.6832291896622894e-05,5.6832291896622894e-05,1.0,6.422536676269254e-14,6.422536676269254e-14,Bauxite (Gibbsite),2.8930041152263373,0.00016441605433467445,2.8930041152263373,1.8580425034639034e-13,0.3456614509246088,0.34549703487027417
9,Aluminium,"('ecoinvent-3.4-biosphere', '01056d4b-f9b0-4dfc-b8d9-8407c8376efb')",Al,5.6832291896622894e-05,5.6832291896622894e-05,1.0,6.422536676269254e-14,6.422536676269254e-14,Bauxite (Gibbsite),2.8930041152263373,0.00016441605433467445,2.8930041152263373,1.8580425034639034e-13,0.3456614509246088,0.34549703487027417
10,Aluminium,"('ecoinvent-3.4-biosphere', '9c3bd678-1b2f-4b95-a245-d5c8a3fe326b')",Al,5.6832291896622894e-05,5.6832291896622894e-05,1.0,6.422536676269254e-14,6.422536676269254e-14,Bauxite (Gibbsite),2.8930041152263373,0.00016441605433467445,2.8930041152263373,1.8580425034639034e-13,0.3456614509246088,0.34549703487027417
11,Aluminium,"('ecoinvent-3.4-biosphere', '765546a9-b056-4d27-ad14-2f016511bdcb')",Al,5.6832291896622894e-05,5.6832291896622894e-05,1.0,6.422536676269254e-14,6.422536676269254e-14,Bauxite (Gibbsite),2.8930041152263373,0.00016441605433467445,2.8930041152263373,1.8580425034639034e-13,0.3456614509246088,0.34549703487027417
12,Aluminium,"('ecoinvent-3.4-biosphere', 'ff65658c-2d39-44a2-b23e-7ec3c644f064')",Al,5.6832291896622894e-05,5.6832291896622894e-05,1.0,6.422536676269254e-14,6.422536676269254e-14,Bauxite (Gibbsite),2.8930041152263373,0.00016441605433467445,2.8930041152263373,1.8580425034639034e-13,0.3456614509246088,0.34549703487027417
13,Aluminium,"('ecoinvent-3.4-biosphere', '97e498ec-f323-4ec6-bcc0-d8a4c853bae3')",Al,5.6832291896622894e-05,5.6832291896622894e-05,1.0,6.422536676269254e-14,6.422536676269254e-14,Bauxite (Gibbsite),2.8930041152263373,0.00016441605433467445,2.8930041152263373,1.8580425034639034e-13,0.3456614509246088,0.34549703487027417
14,Manganese,"('ecoinvent-3.4-biosphere', '295060ba-3c3d-45e4-99ca-e17b1204b553')",Mn,8.139286085107526e-06,8.139286085107526e-06,1.0,6.485008032108113e-14,6.485008032108113e-14,Pyrolusite,1.5822784810126582,1.2878617223271402e-05,1.5822784810126582,1.0261088658398912e-13,0.632,0.6319871213827767
15,Manganese,"('ecoinvent-3.4-biosphere', '0af26a55-d357-469f-abad-8ced785cb4fb')",Mn,8.139286085107526e-06,8.139286085107526e-06,1.0,6.485008032108113e-14,6.485008032108113e-14,Pyrolusite,1.5822784810126582,1.2878617223271402e-05,1.5822784810126582,1.0261088658398912e-13,0.632,0.6319871213827767
16,Manganese,"('ecoinvent-3.4-biosphere', 'b0546417-3064-4878-bd6f-2da75cefdf63')",Mn,8.139286085107526e-06,8.139286085107526e-06,1.0,6.485008032108113e-14,6.485008032108113e-14,Pyrolusite,1.5822784810126582,1.2878617223271402e-05,1.5822784810126582,1.0261088658398912e-13,0.632,0.6319871213827767
17,Manganese,"('ecoinvent-3.4-biosphere', 'c91fd4bf-ed70-4e2f-a34f-159773f981b6')",Mn,8.139286085107526e-06,8.139286085107526e-06,1.0,6.485008032108113e-14,6.485008032108113e-14,Pyrolusite,1.5822784810126582,1.2878617223271402e-05,1.5822784810126582,1.0261088658398912e-13,0.632,0.6319871213827767
18,Manganese,"('ecoinvent-3.4-biosphere', '10cbd2f7-c41b-4bb4-b636-d8fc15cf0282')",Mn,8.139286085107526e-06,8.139286085107526e-06,1.0,6.485008032108113e-14,6.485008032108113e-14,Pyrolusite,1.5822784810126582,1.2878617223271402e-05,1.5822784810126582,1.0261088658398912e-13,0.632,0.6319871213827767
19,Manganese,"('ecoinvent-3.4-biosphere', '2460f868-54a9-404c-bec8-c809a44ae72c')",Mn,8.139286085107526e-06,8.139286085107526e-06,1.0,6.485008032108113e-14,6.485008032108113e-14,Pyrolusite,1.5822784810126582,1.2878617223271402e-05,1.5822784810126582,1.0261088658398912e-13,0.632,0.6319871213827767
20,Manganese,"('ecoinvent-3.4-biosphere', '009a49e8-09a7-4432-9cb9-f2dd18e8f922')",Mn,8.139286085107526e-06,8.139286085107526e-06,1.0,6.485008032108113e-14,6.485008032108113e-14,Pyrolusite,1.5822784810126582,1.2878617223271402e-05,1.5822784810126582,1.0261088658398912e-13,0.632,0.6319871213827767
21,Manganese,"('ecoinvent-3.4-biosphere', '9ba8c05d-1593-45a5-8d3b-5c4f3e9fef32')",Mn,8.139286085107526e-06,8.139286085107526e-06,1.0,6.485008032108113e-14,6.485008032108113e-14,Pyrolusite,1.5822784810126582,1.2878617223271402e-05,1.5822784810126582,1.0261088658398912e-13,0.632,0.6319871213827767
22,Manganese,"('ecoinvent-3.4-biosphere', '835d0907-a668-4d92-b6b6-7b56fa343713')",Mn,8.139286085107526e-06,8.139286085107526e-06,1.0,6.485008032108113e-14,6.485008032108113e-14,Pyrolusite,1.5822784810126582,1.2878617223271402e-05,1.5822784810126582,1.0261088658398912e-13,0.632,0.6319871213827767
23,Manganese,"('ecoinvent-3.4-biosphere', '9c706cff-cb82-4207-a589-95896e04dc08')",Mn,8.139286085107526e-06,8.139286085107526e-06,1.0,6.485008032108113e-14,6.485008032108113e-14,Pyrolusite,1.5822784810126582,1.2878617223271402e-05,1.5822784810126582,1.0261088658398912e-13,0.632,0.6319871213827767
24,Manganese,"('ecoinvent-3.4-biosphere', '42053ffb-9284-49cb-88f9-33ac5c77be4a')",Mn,8.139286085107526e-06,8.139286085107526e-06,1.0,6.485008032108113e-14,6.485008032108113e-14,Pyrolusite,1.5822784810126582,1.2878617223271402e-05,1.5822784810126582,1.0261088658398912e-13,0.632,0.6319871213827767
25,Manganese,"('ecoinvent-3.4-biosphere', '44f28e11-061d-44fd-8f25-dc62a9f1fa57')",Mn,8.139286085107526e-06,8.139286085107526e-06,1.0,6.485008032108113e-14,6.485008032108113e-14,Pyrolusite,1.5822784810126582,1.2878617223271402e-05,1.5822784810126582,1.0261088658398912e-13,0.632,0.6319871213827767
26,Manganese,"('ecoinvent-3.4-biosphere', '6b7fbea6-4a86-40f9-954d-3c9b3611abfd')",Mn,8.139286085107526e-06,8.139286085107526e-06,1.0,6.485008032108113e-14,6.485008032108113e-14,Pyrolusite,1.5822784810126582,1.2878617223271402e-05,1.5822784810126582,1.0261088658398912e-13,0.632,0.6319871213827767
27,Manganese,"('ecoinvent-3.4-biosphere', 'f532985c-90b7-46fc-aac9-b039b40e22f1')",Mn,8.139286085107526e-06,8.139286085107526e-06,1.0,6.485008032108113e-14,6.485008032108113e-14,Pyrolusite,1.5822784810126582,1.2878617223271402e-05,1.5822784810126582,1.0261088658398912e-13,0.632,0.6319871213827767
28,Cobalt,"('ecoinvent-3.4-biosphere', '74eb3f02-09ec-46ce-8ee8-d67d0900136b')",Co,6.534525199621613e-06,6.534525199621613e-06,1.0,1.9447495148453946e-12,1.9447495148453946e-12,Linnaeite,1.727272727272727,1.1286907162982786e-05,1.727272727272727,3.3591127983693174e-12,0.5789473684210527,0.5789360815138896
29,Cobalt,"('ecoinvent-3.4-biosphere', '12051b95-831a-49c0-9a70-fbc0e8fb9af9')",Co,6.534525199621613e-06,6.534525199621613e-06,1.0,1.9447495148453946e-12,1.9447495148453946e-12,Linnaeite,1.727272727272727,1.1286907162982786e-05,1.727272727272727,3.3591127983693174e-12,0.5789473684210527,0.5789360815138896
30,Cobalt,"('ecoinvent-3.4-biosphere', 'd4291dd5-dae8-47fa-bf06-466fcecbc210')",Co,6.534525199621613e-06,6.534525199621613e-06,1.0,1.9447495148453946e-12,1.9447495148453946e-12,Linnaeite,1.727272727272727,1.1286907162982786e-05,1.727272727272727,3.3591127983693174e-12,0.5789473684210527,0.5789360815138896
31,Cobalt,"('ecoinvent-3.4-biosphere', '9542444c-7c7a-48e2-bc9c-9c7c34fb7b3e')",Co,6.534525199621613e-06,6.534525199621613e-06,1.0,1.9447495148453946e-12,1.9447495148453946e-12,Linnaeite,1.727272727272727,1.1286907162982786e-05,1.727272727272727,3.3591127983693174e-12,0.5789473684210527,0.5789360815138896
32,Cobalt,"('ecoinvent-3.4-biosphere', 'c58d25ad-30d2-4fac-a857-1fa6f67afe8a')",Co,6.534525199621613e-06,6.534525199621613e-06,1.0,1.9447495148453946e-12,1.9447495148453946e-12,Linnaeite,1.727272727272727,1.1286907162982786e-05,1.727272727272727,3.3591127983693174e-12,0.5789473684210527,0.5789360815138896
33,Cobalt,"('ecoinvent-3.4-biosphere', 'caf066cf-40ce-47a8-ba4c-969fcd6019c7')",Co,6.534525199621613e-06,6.534525199621613e-06,1.0,1.9447495148453946e-12,1.9447495148453946e-12,Linnaeite,1.727272727272727,1.1286907162982786e-05,1.727272727272727,3.3591127983693174e-12,0.5789473684210527,0.5789360815138896
34,Cobalt,"('ecoinvent-3.4-biosphere', 'f0d1c319-249f-4a89-b0e7-3a5a90a54036')",Co,6.534525199621613e-06,6.534525199621613e-06,1.0,1.9447495148453946e-12,1.9447495148453946e-12,Linnaeite,1.727272727272727,1.1286907162982786e-05,1.727272727272727,3.3591127983693174e-12,0.5789473684210527,0.5789360815138896
35,Cobalt,"('ecoinvent-3.4-biosphere', 'f0e28a62-ddf9-4c93-af81-676a58c3f2d4')",Co,6.534525199621613e-06,6.534525199621613e-06,1.0,1.9447495148453946e-12,1.9447495148453946e-12,Linnaeite,1.727272727272727,1.1286907162982786e-05,1.727272727272727,3.3591127983693174e-12,0.5789473684210527,0.5789360815138896
36,Cobalt,"('ecoinvent-3.4-biosphere', 'ca04300a-8338-4601-ba7c-66c10a4f6322')",Co,6.534525199621613e-06,6.534525199621613e-06,1.0,1.9447495148453946e-12,1.9447495148453946e-12,Linnaeite,1.727272727272727,1.1286907162982786e-05,1.727272727272727,3.3591127983693174e-12,0.5789473684210527,0.5789360815138896
37,Cobalt,"('ecoinvent-3.4-biosphere', '1e904267-caa3-40e6-a3a0-fc104489770b')",Co,6.534525199621613e-06,6.534525199621613e-06,1.0,1.9447495148453946e-12,1.9447495148453946e-12,Linnaeite,1.727272727272727,1.1286907162982786e-05,1.727272727272727,3.3591127983693174e-12,0.5789473684210527,0.5789360815138896
38,Cobalt,"('ecoinvent-3.4-biosphere', '33627701-feca-434d-a192-674a450eaaf7')",Co,6.534525199621613e-06,6.534525199621613e-06,1.0,1.9447495148453946e-12,1.9447495148453946e-12,Linnaeite,1.727272727272727,1.1286907162982786e-05,1.727272727272727,3.3591127983693174e-12,0.5789473684210527,0.5789360815138896
39,Cobalt,"('ecoinvent-3.4-biosphere', '381a22c9-3722-4378-810d-86958f7b6d32')",Co,6.534525199621613e-06,6.534525199621613e-06,1.0,1.9447495148453946e-12,1.9447495148453946e-12,Linnaeite,1.727272727272727,1.1286907162982786e-05,1.727272727272727,3.3591127983693174e-12,0.5789473684210527,0.5789360815138896
40,Cobalt,"('ecoinvent-3.4-biosphere', '9ce88274-57b6-42ed-a78b-4abef2301865')",Co,6.534525199621613e-06,6.534525199621613e-06,1.0,1.9447495148453946e-12,1.9447495148453946e-12,Linnaeite,1.727272727272727,1.1286907162982786e-05,1.727272727272727,3.3591127983693174e-12,0.5789473684210527,0.5789360815138896
41,Cobalt,"('ecoinvent-3.4-biosphere', 'b10faa87-2c1d-4f6e-aa65-9f80b376939a')",Co,6.534525199621613e-06,6.534525199621613e-06,1.0,1.9447495148453946e-12,1.9447495148453946e-12,Linnaeite,1.727272727272727,1.1286907162982786e-05,1.727272727272727,3.3591127983693174e-12,0.5789473684210527,0.5789360815138896
42,Antimony,"('ecoinvent-3.4-biosphere', 'c49fb4cd-eed0-4438-9052-9612473cdbae')",Sb,3.5558308718535735e-06,3.5558308718535735e-06,1.0,2.1834077210692158e-11,2.1834077210692158e-11,Stibnite,1.3941798941798942,4.957467908642416e-06,1.3941798941798942,3.0440631455118433e-11,0.7172675521821632,0.7172625947142546
43,Antimony,"('ecoinvent-3.4-biosphere', '3ea5684a-6d64-4f96-8c09-1d90f997c9d4')",Sb,3.5558308718535735e-06,3.5558308718535735e-06,1.0,2.1834077210692158e-11,2.1834077210692158e-11,Stibnite,1.3941798941798942,4.957467908642416e-06,1.3941798941798942,3.0440631455118433e-11,0.7172675521821632,0.7172625947142546
44,Antimony,"('ecoinvent-3.4-biosphere', '83cf77ca-867b-4eef-b0f0-78d71b3d91d5')",Sb,3.5558308718535735e-06,3.5558308718535735e-06,1.0,2.1834077210692158e-11,2.1834077210692158e-11,Stibnite,1.3941798941798942,4.957467908642416e-06,1.3941798941798942,3.0440631455118433e-11,0.7172675521821632,0.7172625947142546
45,Antimony,"('ecoinvent-3.4-biosphere', '7805afa2-d93b-40bb-b841-325b98aec824')",Sb,3.5558308718535735e-06,3.5558308718535735e-06,1.0,2.1834077210692158e-11,2.1834077210692158e-11,Stibnite,1.3941798941798942,4.957467908642416e-06,1.3941798941798942,3.0440631455118433e-11,0.7172675521821632,0.7172625947142546
46,Antimony,"('ecoinvent-3.4-biosphere', '5df5cb9f-812c-4ce8-ab1c-df6ab4d31900')",Sb,3.5558308718535735e-06,3.5558308718535735e-06,1.0,2.1834077210692158e-11,2.1834077210692158e-11,Stibnite,1.3941798941798942,4.957467908642416e-06,1.3941798941798942,3.0440631455118433e-11,0.7172675521821632,0.7172625947142546
47,Antimony,"('ecoinvent-3.4-biosphere', '43b29ad9-26dd-4838-b931-6216e55a0120')",Sb,3.5558308718535735e-06,3.5558308718535735e-06,1.0,2.1834077210692158e-11,2.1834077210692158e-11,Stibnite,1.3941798941798942,4.957467908642416e-06,1.3941798941798942,3.0440631455118433e-11,0.7172675521821632,0.7172625947142546
48,Antimony,"('ecoinvent-3.4-biosphere', 'b2dc8668-86de-4207-b20e-dc81dea63c98')",Sb,3.5558308718535735e-06,3.5558308718535735e-06,1.0,2.1834077210692158e-11,2.1834077210692158e-11,Stibnite,1.3941798941798942,4.957467908642416e-06,1.3941798941798942,3.0440631455118433e-11,0.7172675521821632,0.7172625947142546
49,Antimony,"('ecoinvent-3.4-biosphere', '49803ad0-9ca2-4507-a5ea-f152d16c929d')",Sb,3.5558308718535735e-06,3.5558308718535735e-06,1.0,2.1834077210692158e-11,2.1834077210692158e-11,Stibnite,1.3941798941798942,4.957467908642416e-06,1.3941798941798942,3.0440631455118433e-11,0.7172675521821632,0.7172625947142546
50,Antimony,"('ecoinvent-3.4-biosphere', '34b96163-a3df-4bc1-8224-e2a9fe01b23f')",Sb,3.5558308718535735e-06,3.5558308718535735e-06,1.0,2.1834077210692158e-11,2.1834077210692158e-11,Stibnite,1.3941798941798942,4.957467908642416e-06,1.3941798941798942,3.0440631455118433e-11,0.7172675521821632,0.7172625947142546
51,Antimony,"('ecoinvent-3.4-biosphere', '77927dac-dea3-429d-a434-d5a71d92c4f7')",Sb,3.5558308718535735e-06,3.5558308718535735e-06,1.0,2.1834077210692158e-11,2.1834077210692158e-11,Stibnite,1.3941798941798942,4.957467908642416e-06,1.3941798941798942,3.0440631455118433e-11,0.7172675521821632,0.7172625947142546
52,Antimony,"('ecoinvent-3.4-biosphere', 'fa39136e-1ef6-43c1-af68-104da104568d')",Sb,3.5558308718535735e-06,3.5558308718535735e-06,1.0,2.1834077210692158e-11,2.1834077210692158e-11,Stibnite,1.3941798941798942,4.957467908642416e-06,1.3941798941798942,3.0440631455118433e-11,0.7172675521821632,0.7172625947142546
53,Antimony,"('ecoinvent-3.4-biosphere', '183f9856-03ab-464d-9366-8ef62077b510')",Sb,3.5558308718535735e-06,3.5558308718535735e-06,1.0,2.1834077210692158e-11,2.1834077210692158e-11,Stibnite,1.3941798941798942,4.957467908642416e-06,1.3941798941798942,3.0440631455118433e-11,0.7172675521821632,0.7172625947142546
54,Antimony,"('ecoinvent-3.4-biosphere', 'f4cf8d5c-f030-4b55-a3af-e3c20b855ee8')",Sb,3.5558308718535735e-06,3.5558308718535735e-06,1.0,2.1834077210692158e-11,2.1834077210692158e-11,Stibnite,1.3941798941798942,4.957467908642416e-06,1.3941798941798942,3.0440631455118433e-11,0.7172675521821632,0.7172625947142546
55,Antimony,"('ecoinvent-3.4-biosphere', '2b2369a4-26bb-4b18-8479-752fdf7a5e7f')",Sb,3.5558308718535735e-06,3.5558308718535735e-06,1.0,2.1834077210692158e-11,2.1834077210692158e-11,Stibnite,1.3941798941798942,4.957467908642416e-06,1.3941798941798942,3.0440631455118433e-11,0.7172675521821632,0.7172625947142546
56,Phosphate,"('ecoinvent-3.4-biosphere', '1727b41d-377e-43cd-bc01-9eaba946eccb')",P,2.701820346031967e-06,2.701820346031967e-06,0.3261416642975224,5.53572191877536e-15,5.53572191877536e-15,Apatite,0.3532544378698225,9.54430027562772e-07,0.11521099028734964,1.9555183346206452e-15,0.9232485974251471,0.9232476429951195
57,Phosphate,"('ecoinvent-3.4-biosphere', '3aaf9017-0d8a-42aa-9a60-cbc39e994e73')",P,2.701820346031967e-06,2.701820346031967e-06,0.3261416642975224,5.53572191877536e-15,5.53572191877536e-15,Apatite,0.3532544378698225,9.54430027562772e-07,0.11521099028734964,1.9555183346206452e-15,0.9232485974251471,0.9232476429951195
58,Phosphate,"('ecoinvent-3.4-biosphere', '329fc7d8-4011-4327-84e4-34ff76f0e42d')",P,2.701820346031967e-06,2.701820346031967e-06,0.3261416642975224,5.53572191877536e-15,5.53572191877536e-15,Apatite,0.3532544378698225,9.54430027562772e-07,0.11521099028734964,1.9555183346206452e-15,0.9232485974251471,0.9232476429951195
59,Phosphate,"('ecoinvent-3.4-biosphere', '490b267b-f429-4d9a-ac79-224e37fb4d58')",P,2.701820346031967e-06,2.701820346031967e-06,0.3261416642975224,5.53572191877536e-15,5.53572191877536e-15,Apatite,0.3532544378698225,9.54430027562772e-07,0.11521099028734964,1.9555183346206452e-15,0.9232485974251471,0.9232476429951195
60,Phosphate,"('ecoinvent-3.4-biosphere', 'c8791f3c-3c4a-4278-91c0-483797d14da2')",P,2.701820346031967e-06,2.701820346031967e-06,0.3261416642975224,5.53572191877536e-15,5.53572191877536e-15,Apatite,0.3532544378698225,9.54430027562772e-07,0.11521099028734964,1.9555183346206452e-15,0.9232485974251471,0.9232476429951195
61,"Zinc, ion","('ecoinvent-3.4-biosphere', '2c7be02c-791f-4fef-b231-b90321bbeb30')",Zn,2.0889253475866704e-06,2.0889253475866704e-06,1.0,1.0836576745711442e-13,1.0836576745711442e-13,Sphalerite,1.4901477832512315,3.1128074760835853e-06,1.4901477832512315,1.614810081565375e-13,0.6710743801652892,0.6710712673578131
62,"Zinc, ion","('ecoinvent-3.4-biosphere', '2195d86f-e4c8-4e86-9f18-b5b065b1df7e')",Zn,2.0889253475866704e-06,2.0889253475866704e-06,1.0,1.0836576745711442e-13,1.0836576745711442e-13,Sphalerite,1.4901477832512315,3.1128074760835853e-06,1.4901477832512315,1.614810081565375e-13,0.6710743801652892,0.6710712673578131
63,"Zinc, ion","('ecoinvent-3.4-biosphere', '7e769b3e-03fb-4b53-be15-85a910dcfea9')",Zn,2.0889253475866704e-06,2.0889253475866704e-06,1.0,1.0836576745711442e-13,1.0836576745711442e-13,Sphalerite,1.4901477832512315,3.1128074760835853e-06,1.4901477832512315,1.614810081565375e-13,0.6710743801652892,0.6710712673578131
64,"Zinc, ion","('ecoinvent-3.4-biosphere', '541b633c-17a3-4047-bce6-0c0e4fdb7c10')",Zn,2.0889253475866704e-06,2.0889253475866704e-06,1.0,1.0836576745711442e-13,1.0836576745711442e-13,Sphalerite,1.4901477832512315,3.1128074760835853e-06,1.4901477832512315,1.614810081565375e-13,0.6710743801652892,0.6710712673578131
65,"Zinc, ion","('ecoinvent-3.4-biosphere', 'bdce3a7c-e008-4391-be26-285f71a02453')",Zn,2.0889253475866704e-06,2.0889253475866704e-06,1.0,1.0836576745711442e-13,1.0836576745711442e-13,Sphalerite,1.4901477832512315,3.1128074760835853e-06,1.4901477832512315,1.614810081565375e-13,0.6710743801652892,0.6710712673578131
66,Aluminium,"('ecoinvent-3.4-biosphere', '7880e65c-0321-4295-ba55-3186ad36e489')",Al,1.4188444960624337e-06,1.4188444960624337e-06,1.0,6.422536676269254e-14,6.422536676269254e-14,Bauxite (Gibbsite),2.8930041152263373,4.10472296597486e-06,2.8930041152263373,1.8580425034639034e-13,0.3456614509246088,0.34565734620164285
67,Aluminium,"('ecoinvent-3.4-biosphere', '2e0c9efa-d55c-49db-8be3-0376d5921ff4')",Al,1.4188444960624337e-06,1.4188444960624337e-06,1.0,6.422536676269254e-14,6.422536676269254e-14,Bauxite (Gibbsite),2.8930041152263373,4.10472296597486e-06,2.8930041152263373,1.8580425034639034e-13,0.3456614509246088,0.34565734620164285
68,Aluminium,"('ecoinvent-3.4-biosphere', '0ace7678-a181-48e8-8728-d912a8b56c57')",Al,1.4188444960624337e-06,1.4188444960624337e-06,1.0,6.422536676269254e-14,6.422536676269254e-14,Bauxite (Gibbsite),2.8930041152263373,4.10472296597486e-06,2.8930041152263373,1.8580425034639034e-13,0.3456614509246088,0.34565734620164285
69,Aluminium,"('ecoinvent-3.4-biosphere', 'd96403bf-902e-4b7a-8ffd-32fe09e4017f')",Al,1.4188444960624337e-06,1.4188444960624337e-06,1.0,6.422536676269254e-14,6.422536676269254e-14,Bauxite (Gibbsite),2.8930041152263373,4.10472296597486e-06,2.8930041152263373,1.8580425034639034e-13,0.3456614509246088,0.34565734620164285
70,Aluminium,"('ecoinvent-3.4-biosphere', '2baa4381-b781-4f5e-90de-508b0fa3fd1f')",Al,1.4188444960624337e-06,1.4188444960624337e-06,1.0,6.422536676269254e-14,6.422536676269254e-14,Bauxite (Gibbsite),2.8930041152263373,4.10472296597486e-06,2.8930041152263373,1.8580425034639034e-13,0.3456614509246088,0.34565734620164285
71,Aluminium,"('ecoinvent-3.4-biosphere', '6f0b8b7c-3888-4174-b7e3-916d42d678ee')",Al,1.4188444960624337e-06,1.4188444960624337e-06,1.0,6.422536676269254e-14,6.422536676269254e-14,Bauxite (Gibbsite),2.8930041152263373,4.10472296597486e-06,2.8930041152263373,1.8580425034639034e-13,0.3456614509246088,0.34565734620164285
72,Aluminium,"('ecoinvent-3.4-biosphere', 'e0401210-0377-4670-84af-12247ca20bed')",Al,1.4188444960624337e-06,1.4188444960624337e-06,1.0,6.422536676269254e-14,6.422536676269254e-14,Bauxite (Gibbsite),2.8930041152263373,4.10472296597486e-06,2.8930041152263373,1.8580425034639034e-13,0.3456614509246088,0.34565734620164285
73,Aluminium,"('ecoinvent-3.4-biosphere', '39555a26-d28b-425f-993f-e8770ab7d9cf')",Al,1.4188444960624337e-06,1.4188444960624337e-06,1.0,6.422536676269254e-14,6.422536676269254e-14,Bauxite (Gibbsite),2.8930041152263373,4.10472296597486e-06,2.8930041152263373,1.8580425034639034e-13,0.3456614509246088,0.34565734620164285
74,Aluminium,"('ecoinvent-3.4-biosphere', '46e63323-cffd-4c46-829b-5f006b50fa9b')",Al,1.4188444960624337e-06,1.4188444960624337e-06,1.0,6.422536676269254e-14,6.422536676269254e-14,Bauxite (Gibbsite),2.8930041152263373,4.10472296597486e-06,2.8930041152263373,1.8580425034639034e-13,0.3456614509246088,0.34565734620164285
75,Aluminium,"('ecoinvent-3.4-biosphere', '01056d4b-f9b0-4dfc-b8d9-8407c8376efb')",Al,1.4188444960624337e-06,1.4188444960624337e-06,1.0,6.422536676269254e-14,6.422536676269254e-14,Bauxite (Gibbsite),2.8930041152263373,4.10472296597486e-06,2.8930041152263373,1.8580425034639034e-13,0.3456614509246088,0.34565734620164285
76,Aluminium,"('ecoinvent-3.4-biosphere', '9c3bd678-1b2f-4b95-a245-d5c8a3fe326b')",Al,1.4188444960624337e-06,1.4188444960624337e-06,1.0,6.422536676269254e-14,6.422536676269254e-14,Bauxite (Gibbsite),2.8930041152263373,4.10472296597486e-06,2.8930041152263373,1.8580425034639034e-13,0.3456614509246088,0.34565734620164285
77,Aluminium,"('ecoinvent-3.4-biosphere', '765546a9-b056-4d27-ad14-2f016511bdcb')",Al,1.4188444960624337e-06,1.4188444960624337e-06,1.0,6.422536676269254e-14,6.422536676269254e-14,Bauxite (Gibbsite),2.8930041152263373,4.10472296597486e-06,2.8930041152263373,1.8580425034639034e-13,0.3456614509246088,0.34565734620164285
78,Aluminium,"('ecoinvent-3.4-biosphere', 'ff65658c-2d39-44a2-b23e-7ec3c644f064')",Al,1.4188444960624337e-06,1.4188444960624337e-06,1.0,6.422536676269254e-14,6.422536676269254e-14,Bauxite (Gibbsite),2.8930041152263373,4.10472296597486e-06,2.8930041152263373,1.8580425034639034e-13,0.3456614509246088,0.34565734620164285
79,Aluminium,"('ecoinvent-3.4-biosphere', '97e498ec-f323-4ec6-bcc0-d8a4c853bae3')",Al,1.4188444960624337e-06,1.4188444960624337e-06,1.0,6.422536676269254e-14,6.422536676269254e-14,Bauxite (Gibbsite),2.8930041152263373,4.10472296597486e-06,2.8930041152263373,1.8580425034639034e-13,0.3456614509246088,0.34565734620164285
80,"Nickel, ion","('ecoinvent-3.4-biosphere', '9798359e-a3ee-4362-a038-23a188582c6e')",Ni,1.4153010543596384e-06,1.4153010543596384e-06,1.0,9.066741688482605e-14,9.066741688482605e-14,Pentlandite(sulphides) / Garnierite(laterites),2.9342028985507245,4.152780456023947e-06,2.9342028985507245,2.660365974275635e-13,0.3393665158371041,0.3393623630566481
81,"Nickel, ion","('ecoinvent-3.4-biosphere', 'e030108f-2125-4bcb-a73b-ad72130fcca3')",Ni,1.4153010543596384e-06,1.4153010543596384e-06,1.0,9.066741688482605e-14,9.066741688482605e-14,Pentlandite(sulphides) / Garnierite(laterites),2.9342028985507245,4.152780456023947e-06,2.9342028985507245,2.660365974275635e-13,0.3393665158371041,0.3393623630566481
82,"Nickel, ion","('ecoinvent-3.4-biosphere', '9f69cb8e-51fe-447b-a1ac-4da74de8ebe4')",Ni,1.4153010543596384e-06,1.4153010543596384e-06,1.0,9.066741688482605e-14,9.066741688482605e-14,Pentlandite(sulphides) / Garnierite(laterites),2.9342028985507245,4.152780456023947e-06,2.9342028985507245,2.660365974275635e-13,0.3393665158371041,0.3393623630566481
83,"Nickel, ion","('ecoinvent-3.4-biosphere', '23cb10a4-6228-4ce4-9fb5-7043bc31faec')",Ni,1.4153010543596384e-06,1.4153010543596384e-06,1.0,9.066741688482605e-14,9.066741688482605e-14,Pentlandite(sulphides) / Garnierite(laterites),2.9342028985507245,4.152780456023947e-06,2.9342028985507245,2.660365974275635e-13,0.3393665158371041,0.3393623630566481
84,"Nickel, ion","('ecoinvent-3.4-biosphere', '6ec6cdaa-5a01-46d4-b716-1905e56690ea')",Ni,1.4153010543596384e-06,1.4153010543596384e-06,1.0,9.066741688482605e-14,9.066741688482605e-14,Pentlandite(sulphides) / Garnierite(laterites),2.9342028985507245,4.152780456023947e-06,2.9342028985507245,2.660365974275635e-13,0.3393665158371041,0.3393623630566481
85,"Iron, ion","('ecoinvent-3.4-biosphere', '9b6d6f07-ebc6-447d-a3c0-f2017d77d852')",Fe,1.402777978811242e-06,1.402777978811242e-06,1.0,4.282654305987987e-15,4.282654305987987e-15,Hematite,1.0,1.402777978811242e-06,1.0,4.282654305987987e-15,1.0,0.9999985972220212
86,"Iron, ion","('ecoinvent-3.4-biosphere', '2c9a7182-37c8-4777-a37a-9a007c3edb2f')",Fe,1.402777978811242e-06,1.402777978811242e-06,1.0,4.282654305987987e-15,4.282654305987987e-15,Hematite,1.0,1.402777978811242e-06,1.0,4.282654305987987e-15,1.0,0.9999985972220212
87,"Iron, ion","('ecoinvent-3.4-biosphere', '33fd8342-58e7-45c9-ad92-0951c002c403')",Fe,1.402777978811242e-06,1.402777978811242e-06,1.0,4.282654305987987e-15,4.282654305987987e-15,Hematite,1.0,1.402777978811242e-06,1.0,4.282654305987987e-15,1.0,0.9999985972220212
88,"Iron, ion","('ecoinvent-3.4-biosphere', '7c335b9c-a403-47a8-bb6d-2e7d3c3a230e')",Fe,1.402777978811242e-06,1.402777978811242e-06,1.0,4.282654305987987e-15,4.282654305987987e-15,Hematite,1.0,1.402777978811242e-06,1.0,4.282654305987987e-15,1.0,0.9999985972220212
89,"Iron, ion","('ecoinvent-3.4-biosphere', 'de444dc0-5964-4501-8367-50ba53bfc6b9')",Fe,1.402777978811242e-06,1.402777978811242e-06,1.0,4.282654305987987e-15,4.282654305987987e-15,Hematite,1.0,1.402777978811242e-06,1.0,4.282654305987987e-15,1.0,0.9999985972220212
90,Antimony,"('ecoinvent-3.4-biosphere', 'c49fb4cd-eed0-4438-9052-9612473cdbae')",Sb,1.1034577840386659e-06,1.1034577840386659e-06,1.0,2.1834077210692158e-11,2.1834077210692158e-11,Stibnite,1.3941798941798942,1.5384186565830078e-06,1.3941798941798942,3.0440631455118433e-11,0.7172675521821632,0.7172660137635066
91,Antimony,"('ecoinvent-3.4-biosphere', '3ea5684a-6d64-4f96-8c09-1d90f997c9d4')",Sb,1.1034577840386659e-06,1.1034577840386659e-06,1.0,2.1834077210692158e-11,2.1834077210692158e-11,Stibnite,1.3941798941798942,1.5384186565830078e-06,1.3941798941798942,3.0440631455118433e-11,0.7172675521821632,0.7172660137635066
92,Antimony,"('ecoinvent-3.4-biosphere', '83cf77ca-867b-4eef-b0f0-78d71b3d91d5')",Sb,1.1034577840386659e-06,1.1034577840386659e-06,1.0,2.1834077210692158e-11,2.1834077210692158e-11,Stibnite,1.3941798941798942,1.5384186565830078e-06,1.3941798941798942,3.0440631455118433e-11,0.7172675521821632,0.7172660137635066
93,Antimony,"('ecoinvent-3.4-biosphere', '7805afa2-d93b-40bb-b841-325b98aec824')",Sb,1.1034577840386659e-06,1.1034577840386659e-06,1.0,2.1834077210692158e-11,2.1834077210692158e-11,Stibnite,1.3941798941798942,1.5384186565830078e-06,1.3941798941798942,3.0440631455118433e-11,0.7172675521821632,0.7172660137635066
94,Antimony,"('ecoinvent-3.4-biosphere', '5df5cb9f-812c-4ce8-ab1c-df6ab4d31900')",Sb,1.1034577840386659e-06,1.1034577840386659e-06,1.0,2.1834077210692158e-11,2.1834077210692158e-11,Stibnite,1.3941798941798942,1.5384186565830078e-06,1.3941798941798942,3.0440631455118433e-11,0.7172675521821632,0.7172660137635066
95,Antimony,"('ecoinvent-3.4-biosphere', '43b29ad9-26dd-4838-b931-6216e55a0120')",Sb,1.1034577840386659e-06,1.1034577840386659e-06,1.0,2.1834077210692158e-11,2.1834077210692158e-11,Stibnite,1.3941798941798942,1.5384186565830078e-06,1.3941798941798942,3.0440631455118433e-11,0.7172675521821632,0.7172660137635066
96,Antimony,"('ecoinvent-3.4-biosphere', 'b2dc8668-86de-4207-b20e-dc81dea63c98')",Sb,1.1034577840386659e-06,1.1034577840386659e-06,1.0,2.1834077210692158e-11,2.1834077210692158e-11,Stibnite,1.3941798941798942,1.5384186565830078e-06,1.3941798941798942,3.0440631455118433e-11,0.7172675521821632,0.7172660137635066
97,Antimony,"('ecoinvent-3.4-biosphere', '49803ad0-9ca2-4507-a5ea-f152d16c929d')",Sb,1.1034577840386659e-06,1.1034577840386659e-06,1.0,2.1834077210692158e-11,2.1834077210692158e-11,Stibnite,1.3941798941798942,1.5384186565830078e-06,1.3941798941798942,3.0440631455118433e-11,0.7172675521821632,0.7172660137635066
98,Antimony,"('ecoinvent-3.4-biosphere', '34b96163-a3df-4bc1-8224-e2a9fe01b23f')",Sb,1.1034577840386659e-06,1.1034577840386659e-06,1.0,2.1834077210692158e-11,2.1834077210692158e-11,Stibnite,1.3941798941798942,1.5384186565830078e-06,1.3941798941798942,3.0440631455118433e-11,0.7172675521821632,0.7172660137635066
99,Antimony,"('ecoinvent-3.4-biosphere', '77927dac-dea3-429d-a434-d5a71d92c4f7')",Sb,1.1034577840386659e-06,1.1034577840386659e-06,1.0,2.1834077210692158e-11,2.1834077210692158e-11,Stibnite,1.3941798941798942,1.5384186565830078e-06,1.3941798941798942,3.0440631455118433e-11,0.7172675521821632,0.7172660137635066
100,Antimony,"('ecoinvent-3.4-biosphere', 'fa39136e-1ef6-43c1-af68-104da104568d')",Sb,1.1034577840386659e-06,1.1034577840386659e-06,1.0,2.1834077210692158e-11,2.1834077210692158e-11,Stibnite,1.3941798941798942,1.5384186565830078e-06,1.3941798941798942,3.0440631455118433e-11,0.7172675521821632,0.7172660137635066
101,Antimony,"('ecoinvent-3.4-biosphere', '183f9856-03ab-464d-9366-8ef62077b510')",Sb,1.1034577840386659e-06,1.1034577840386659e-06,1.0,2.1834077210692158e-11,2.1834077210692158e-11,Stibnite,1.3941798941798942,1.5384186565830078e-06,1.3941798941798942,3.0440631455118433e-11,0.7172675521821632,0.7172660137635066
102,Antimony,"('ecoinvent-3.4-biosphere', 'f4cf8d5c-f030-4b55-a3af-e3c20b855ee8')",Sb,1.1034577840386659e-06,1.1034577840386659e-06,1.0,2.1834077210692158e-11,2.1834077210692158e-11,Stibnite,1.3941798941798942,1.5384186565830078e-06,1.3941798941798942,3.0440631455118433e-11,0.7172675521821632,0.7172660137635066
103,Antimony,"('ecoinvent-3.4-biosphere', '2b2369a4-26bb-4b18-8479-752fdf7a5e7f')",Sb,1.1034577840386659e-06,1.1034577840386659e-06,1.0,2.1834077210692158e-11,2.1834077210692158e-11,Stibnite,1.3941798941798942,1.5384186565830078e-06,1.3941798941798942,3.0440631455118433e-11,0.7172675521821632,0.7172660137635066
104,"Lithium, ion","('ecoinvent-3.4-biosphere', 'cf88e72e-13bc-416c-ac41-7d4b24bda86a')",Li,6.181468117356555e-07,6.181468117356555e-07,1.0,1.5184934529957733e-13,1.5184934529957733e-13,Spodumene,26.800000000000004,1.6566334554515568e-05,26.800000000000004,4.069562454028673e-12,0.03731343283582089,0.037296866501266374
105,"Lithium, ion","('ecoinvent-3.4-biosphere', '09cf7c11-0269-4fc1-a5f3-47121a7882d3')",Li,6.181468117356555e-07,6.181468117356555e-07,1.0,1.5184934529957733e-13,1.5184934529957733e-13,Spodumene,26.800000000000004,1.6566334554515568e-05,26.800000000000004,4.069562454028673e-12,0.03731343283582089,0.037296866501266374
106,"Lithium, ion","('ecoinvent-3.4-biosphere', 'eb2bfdf1-1881-40e8-bebb-d674b2a79149')",Li,6.181468117356555e-07,6.181468117356555e-07,1.0,1.5184934529957733e-13,1.5184934529957733e-13,Spodumene,26.800000000000004,1.6566334554515568e-05,26.800000000000004,4.069562454028673e-12,0.03731343283582089,0.037296866501266374
107,"Lithium, ion","('ecoinvent-3.4-biosphere', 'c44b0e3b-e65e-4276-aa1f-3db768757b66')",Li,6.181468117356555e-07,6.181468117356555e-07,1.0,1.5184934529957733e-13,1.5184934529957733e-13,Spodumene,26.800000000000004,1.6566334554515568e-05,26.800000000000004,4.069562454028673e-12,0.03731343283582089,0.037296866501266374
108,"Lithium, ion","('ecoinvent-3.4-biosphere', 'e98084d6-88a2-48cf-9ad5-6462fe9cf857')",Li,6.181468117356555e-07,6.181468117356555e-07,1.0,1.5184934529957733e-13,1.5184934529957733e-13,Spodumene,26.800000000000004,1.6566334554515568e-05,26.800000000000004,4.069562454028673e-12,0.03731343283582089,0.037296866501266374
109,Chromium VI,"('ecoinvent-3.4-biosphere', 'abbd3b09-a7ec-435a-9d01-34cf8581739e')",Cr,6.014159329658027e-07,6.014159329658027e-07,1.0,3.1278613038877847e-13,3.1278613038877847e-13,Chromite,2.152027027027027,1.2942633422270822e-06,2.152027027027027,6.73124206275851e-13,0.46467817896389324,0.464676884700551
110,Chromium VI,"('ecoinvent-3.4-biosphere', '58060894-19d9-4855-84d8-58935a5325f8')",Cr,6.014159329658027e-07,6.014159329658027e-07,1.0,3.1278613038877847e-13,3.1278613038877847e-13,Chromite,2.152027027027027,1.2942633422270822e-06,2.152027027027027,6.73124206275851e-13,0.46467817896389324,0.464676884700551
111,Chromium VI,"('ecoinvent-3.4-biosphere', '8216fc31-15a1-4d33-858f-e09650b14c63')",Cr,6.014159329658027e-07,6.014159329658027e-07,1.0,3.1278613038877847e-13,3.1278613038877847e-13,Chromite,2.152027027027027,1.2942633422270822e-06,2.152027027027027,6.73124206275851e-13,0.46467817896389324,0.464676884700551
112,Chromium VI,"('ecoinvent-3.4-biosphere', '8ec83662-7c2b-4452-8acf-95a0bb94233c')",Cr,6.014159329658027e-07,6.014159329658027e-07,1.0,3.1278613038877847e-13,3.1278613038877847e-13,Chromite,2.152027027027027,1.2942633422270822e-06,2.152027027027027,6.73124206275851e-13,0.46467817896389324,0.464676884700551
113,Chromium VI,"('ecoinvent-3.4-biosphere', 'ef475b50-9cd0-4e7c-9c59-07868fe16e91')",Cr,6.014159329658027e-07,6.014159329658027e-07,1.0,3.1278613038877847e-13,3.1278613038877847e-13,Chromite,2.152027027027027,1.2942633422270822e-06,2.152027027027027,6.73124206275851e-13,0.46467817896389324,0.464676884700551
114,Chromium VI,"('ecoinvent-3.4-biosphere', '03b279a7-4626-4703-a451-d0650599dbd9')",Cr,6.014159329658027e-07,6.014159329658027e-07,1.0,3.1278613038877847e-13,3.1278613038877847e-13,Chromite,2.152027027027027,1.2942633422270822e-06,2.152027027027027,6.73124206275851e-13,0.46467817896389324,0.464676884700551
115,Chromium VI,"('ecoinvent-3.4-biosphere', '81b3321a-c9d8-4104-a974-5460f1bc5029')",Cr,6.014159329658027e-07,6.014159329658027e-07,1.0,3.1278613038877847e-13,3.1278613038877847e-13,Chromite,2.152027027027027,1.2942633422270822e-06,2.152027027027027,6.73124206275851e-13,0.46467817896389324,0.464676884700551
116,Chromium VI,"('ecoinvent-3.4-biosphere', '01285299-c683-4e15-b654-201987a7a738')",Cr,6.014159329658027e-07,6.014159329658027e-07,1.0,3.1278613038877847e-13,3.1278613038877847e-13,Chromite,2.152027027027027,1.2942633422270822e-06,2.152027027027027,6.73124206275851e-13,0.46467817896389324,0.464676884700551
117,Chromium VI,"('ecoinvent-3.4-biosphere', '9bbae55a-35de-4eff-a219-814a9fec5ac2')",Cr,6.014159329658027e-07,6.014159329658027e-07,1.0,3.1278613038877847e-13,3.1278613038877847e-13,Chromite,2.152027027027027,1.2942633422270822e-06,2.152027027027027,6.73124206275851e-13,0.46467817896389324,0.464676884700551
118,Chromium VI,"('ecoinvent-3.4-biosphere', 'a9ec0c9b-982a-4329-99ae-dab1f9fb62d3')",Cr,6.014159329658027e-07,6.014159329658027e-07,1.0,3.1278613038877847e-13,3.1278613038877847e-13,Chromite,2.152027027027027,1.2942633422270822e-06,2.152027027027027,6.73124206275851e-13,0.46467817896389324,0.464676884700551
119,Chromium VI,"('ecoinvent-3.4-biosphere', 'c2e854f9-fe22-4fe7-9083-cf6d0a8c7254')",Cr,6.014159329658027e-07,6.014159329658027e-07,1.0,3.1278613038877847e-13,3.1278613038877847e-13,Chromite,2.152027027027027,1.2942633422270822e-06,2.152027027027027,6.73124206275851e-13,0.46467817896389324,0.464676884700551
120,Chromium VI,"('ecoinvent-3.4-biosphere', '68ba2022-830e-45fb-8c85-b35e94754ae9')",Cr,6.014159329658027e-07,6.014159329658027e-07,1.0,3.1278613038877847e-13,3.1278613038877847e-13,Chromite,2.152027027027027,1.2942633422270822e-06,2.152027027027027,6.73124206275851e-13,0.46467817896389324,0.464676884700551
121,Chromium VI,"('ecoinvent-3.4-biosphere', '7a59e8d5-cd11-4ee7-b1ca-30979d2b0b3a')",Cr,6.014159329658027e-07,6.014159329658027e-07,1.0,3.1278613038877847e-13,3.1278613038877847e-13,Chromite,2.152027027027027,1.2942633422270822e-06,2.152027027027027,6.73124206275851e-13,0.46467817896389324,0.464676884700551
122,Chromium VI,"('ecoinvent-3.4-biosphere', '81e17d9a-3e0b-414e-9b2e-eca7e5b3bd4a')",Cr,6.014159329658027e-07,6.014159329658027e-07,1.0,3.1278613038877847e-13,3.1278613038877847e-13,Chromite,2.152027027027027,1.2942633422270822e-06,2.152027027027027,6.73124206275851e-13,0.46467817896389324,0.464676884700551
123,Antimony,"('ecoinvent-3.4-biosphere', 'c49fb4cd-eed0-4438-9052-9612473cdbae')",Sb,4.299374989734442e-07,4.299374989734442e-07,1.0,2.1834077210692158e-11,2.1834077210692158e-11,Stibnite,1.3941798941798942,5.994102168227649e-07,1.3941798941798942,3.0440631455118433e-11,0.7172675521821632,0.7172669527719464
124,Antimony,"('ecoinvent-3.4-biosphere', '3ea5684a-6d64-4f96-8c09-1d90f997c9d4')",Sb,4.299374989734442e-07,4.299374989734442e-07,1.0,2.1834077210692158e-11,2.1834077210692158e-11,Stibnite,1.3941798941798942,5.994102168227649e-07,1.3941798941798942,3.0440631455118433e-11,0.7172675521821632,0.7172669527719464
125,Antimony,"('ecoinvent-3.4-biosphere', '83cf77ca-867b-4eef-b0f0-78d71b3d91d5')",Sb,4.299374989734442e-07,4.299374989734442e-07,1.0,2.1834077210692158e-11,2.1834077210692158e-11,Stibnite,1.3941798941798942,5.994102168227649e-07,1.3941798941798942,3.0440631455118433e-11,0.7172675521821632,0.7172669527719464
126,Antimony,"('ecoinvent-3.4-biosphere', '7805afa2-d93b-40bb-b841-325b98aec824')",Sb,4.299374989734442e-07,4.299374989734442e-07,1.0,2.1834077210692158e-11,2.1834077210692158e-11,Stibnite,1.3941798941798942,5.994102168227649e-07,1.3941798941798942,3.0440631455118433e-11,0.7172675521821632,0.7172669527719464
127,Antimony,"('ecoinvent-3.4-biosphere', '5df5cb9f-812c-4ce8-ab1c-df6ab4d31900')",Sb,4.299374989734442e-07,4.299374989734442e-07,1.0,2.1834077210692158e-11,2.1834077210692158e-11,Stibnite,1.3941798941798942,5.994102168227649e-07,1.3941798941798942,3.0440631455118433e-11,0.7172675521821632,0.7172669527719464
128,Antimony,"('ecoinvent-3.4-biosphere', '43b29ad9-26dd-4838-b931-6216e55a0120')",Sb,4.299374989734442e-07,4.299374989734442e-07,1.0,2.1834077210692158e-11,2.1834077210692158e-11,Stibnite,1.3941798941798942,5.994102168227649e-07,1.3941798941798942,3.0440631455118433e-11,0.7172675521821632,0.7172669527719464
129,Antimony,"('ecoinvent-3.4-biosphere', 'b2dc8668-86de-4207-b20e-dc81dea63c98')",Sb,4.299374989734442e-07,4.299374989734442e-07,1.0,2.1834077210692158e-11,2.1834077210692158e-11,Stibnite,1.3941798941798942,5.994102168227649e-07,1.3941798941798942,3.0440631455118433e-11,0.7172675521821632,0.7172669527719464
130,Antimony,"('ecoinvent-3.4-biosphere', '49803ad0-9ca2-4507-a5ea-f152d16c929d')",Sb,4.299374989734442e-07,4.299374989734442e-07,1.0,2.1834077210692158e-11,2.1834077210692158e-11,Stibnite,1.3941798941798942,5.994102168227649e-07,1.3941798941798942,3.0440631455118433e-11,0.7172675521821632,0.7172669527719464
131,Antimony,"('ecoinvent-3.4-biosphere', '34b96163-a3df-4bc1-8224-e2a9fe01b23f')",Sb,4.299374989734442e-07,4.299374989734442e-07,1.0,2.1834077210692158e-11,2.1834077210692158e-11,Stibnite,1.3941798941798942,5.994102168227649e-07,1.3941798941798942,3.0440631455118433e-11,0.7172675521821632,0.7172669527719464
132,Antimony,"('ecoinvent-3.4-biosphere', '77927dac-dea3-429d-a434-d5a71d92c4f7')",Sb,4.299374989734442e-07,4.299374989734442e-07,1.0,2.1834077210692158e-11,2.1834077210692158e-11,Stibnite,1.3941798941798942,5.994102168227649e-07,1.3941798941798942,3.0440631455118433e-11,0.7172675521821632,0.7172669527719464
133,Antimony,"('ecoinvent-3.4-biosphere', 'fa39136e-1ef6-43c1-af68-104da104568d')",Sb,4.299374989734442e-07,4.299374989734442e-07,1.0,2.1834077210692158e-11,2.1834077210692158e-11,Stibnite,1.3941798941798942,5.994102168227649e-07,1.3941798941798942,3.0440631455118433e-11,0.7172675521821632,0.7172669527719464
134,Antimony,"('ecoinvent-3.4-biosphere', '183f9856-03ab-464d-9366-8ef62077b510')",Sb,4.299374989734442e-07,4.299374989734442e-07,1.0,2.1834077210692158e-11,2.1834077210692158e-11,Stibnite,1.3941798941798942,5.994102168227649e-07,1.3941798941798942,3.0440631455118433e-11,0.7172675521821632,0.7172669527719464
135,Antimony,"('ecoinvent-3.4-biosphere', 'f4cf8d5c-f030-4b55-a3af-e3c20b855ee8')",Sb,4.299374989734442e-07,4.299374989734442e-07,1.0,2.1834077210692158e-11,2.1834077210692158e-11,Stibnite,1.3941798941798942,5.994102168227649e-07,1.3941798941798942,3.0440631455118433e-11,0.7172675521821632,0.7172669527719464
136,Antimony,"('ecoinvent-3.4-biosphere', '2b2369a4-26bb-4b18-8479-752fdf7a5e7f')",Sb,4.299374989734442e-07,4.299374989734442e-07,1.0,2.1834077210692158e-11,2.1834077210692158e-11,Stibnite,1.3941798941798942,5.994102168227649e-07,1.3941798941798942,3.0440631455118433e-11,0.7172675521821632,0.7172669527719464
137,Phosphate,"('ecoinvent-3.4-biosphere', '1727b41d-377e-43cd-bc01-9eaba946eccb')",P,3.745477096054786e-07,3.745477096054786e-07,0.3261416642975224,5.53572191877536e-15,5.53572191877536e-15,Apatite,0.3532544378698225,1.3231064061211288e-07,0.11521099028734964,1.9555183346206452e-15,0.9232485974251471,0.9232484651145064
138,Phosphate,"('ecoinvent-3.4-biosphere', '3aaf9017-0d8a-42aa-9a60-cbc39e994e73')",P,3.745477096054786e-07,3.745477096054786e-07,0.3261416642975224,5.53572191877536e-15,5.53572191877536e-15,Apatite,0.3532544378698225,1.3231064061211288e-07,0.11521099028734964,1.9555183346206452e-15,0.9232485974251471,0.9232484651145064
139,Phosphate,"('ecoinvent-3.4-biosphere', '329fc7d8-4011-4327-84e4-34ff76f0e42d')",P,3.745477096054786e-07,3.745477096054786e-07,0.3261416642975224,5.53572191877536e-15,5.53572191877536e-15,Apatite,0.3532544378698225,1.3231064061211288e-07,0.11521099028734964,1.9555183346206452e-15,0.9232485974251471,0.9232484651145064
140,Phosphate,"('ecoinvent-3.4-biosphere', '490b267b-f429-4d9a-ac79-224e37fb4d58')",P,3.745477096054786e-07,3.745477096054786e-07,0.3261416642975224,5.53572191877536e-15,5.53572191877536e-15,Apatite,0.3532544378698225,1.3231064061211288e-07,0.11521099028734964,1.9555183346206452e-15,0.9232485974251471,0.9232484651145064
141,Phosphate,"('ecoinvent-3.4-biosphere', 'c8791f3c-3c4a-4278-91c0-483797d14da2')",P,3.745477096054786e-07,3.745477096054786e-07,0.3261416642975224,5.53572191877536e-15,5.53572191877536e-15,Apatite,0.3532544378698225,1.3231064061211288e-07,0.11521099028734964,1.9555183346206452e-15,0.9232485974251471,0.9232484651145064
142,Molybdenum,"('ecoinvent-3.4-biosphere', 'c126f8a0-6bc4-42e6-9220-d6ccfef3f2ed')",Mo,1.277470399331859e-07,1.277470399331859e-07,1.0,1.6532043483883647e-13,1.6532043483883647e-13,Molybdenite,1.6700000000000004,2.133375566884205e-07,1.6700000000000004,2.7608512618085697e-13,0.5988023952095807,0.5988021818720239
143,Molybdenum,"('ecoinvent-3.4-biosphere', '1f3c2297-d652-468d-82e8-4fd59bf5b5b8')",Mo,1.277470399331859e-07,1.277470399331859e-07,1.0,1.6532043483883647e-13,1.6532043483883647e-13,Molybdenite,1.6700000000000004,2.133375566884205e-07,1.6700000000000004,2.7608512618085697e-13,0.5988023952095807,0.5988021818720239
144,Molybdenum,"('ecoinvent-3.4-biosphere', '35b4d818-1019-413b-b99d-d351d8a67ac4')",Mo,1.277470399331859e-07,1.277470399331859e-07,1.0,1.6532043483883647e-13,1.6532043483883647e-13,Molybdenite,1.6700000000000004,2.133375566884205e-07,1.6700000000000004,2.7608512618085697e-13,0.5988023952095807,0.5988021818720239
145,Molybdenum,"('ecoinvent-3.4-biosphere', '163926e2-b4cc-42bb-ba7d-401028140985')",Mo,1.277470399331859e-07,1.277470399331859e-07,1.0,1.6532043483883647e-13,1.6532043483883647e-13,Molybdenite,1.6700000000000004,2.133375566884205e-07,1.6700000000000004,2.7608512618085697e-13,0.5988023952095807,0.5988021818720239
146,Molybdenum,"('ecoinvent-3.4-biosphere', '697e8ecf-bdbe-4857-92c9-e01960c91db7')",Mo,1.277470399331859e-07,1.277470399331859e-07,1.0,1.6532043483883647e-13,1.6532043483883647e-13,Molybdenite,1.6700000000000004,2.133375566884205e-07,1.6700000000000004,2.7608512618085697e-13,0.5988023952095807,0.5988021818720239
147,Molybdenum,"('ecoinvent-3.4-biosphere', '9cf3a683-ed3d-40e9-b039-7653e4fc9e20')",Mo,1.277470399331859e-07,1.277470399331859e-07,1.0,1.6532043483883647e-13,1.6532043483883647e-13,Molybdenite,1.6700000000000004,2.133375566884205e-07,1.6700000000000004,2.7608512618085697e-13,0.5988023952095807,0.5988021818720239
148,Molybdenum,"('ecoinvent-3.4-biosphere', 'fdaaef05-0d10-4032-b2e7-85cae3c7bd5c')",Mo,1.277470399331859e-07,1.277470399331859e-07,1.0,1.6532043483883647e-13,1.6532043483883647e-13,Molybdenite,1.6700000000000004,2.133375566884205e-07,1.6700000000000004,2.7608512618085697e-13,0.5988023952095807,0.5988021818720239
149,Molybdenum,"('ecoinvent-3.4-biosphere', '3822809c-cc03-469d-ac2a-9f85842f8440')",Mo,1.277470399331859e-07,1.277470399331859e-07,1.0,1.6532043483883647e-13,1.6532043483883647e-13,Molybdenite,1.6700000000000004,2.133375566884205e-07,1.6700000000000004,2.7608512618085697e-13,0.5988023952095807,0.5988021818720239
150,Molybdenum,"('ecoinvent-3.4-biosphere', 'c26d4716-ce1e-43da-a662-cd9498b1e8bc')",Mo,1.277470399331859e-07,1.277470399331859e-07,1.0,1.6532043483883647e-13,1.6532043483883647e-13,Molybdenite,1.6700000000000004,2.133375566884205e-07,1.6700000000000004,2.7608512618085697e-13,0.5988023952095807,0.5988021818720239
151,Molybdenum,"('ecoinvent-3.4-biosphere', '442511cc-a98b-4242-9229-5736cb9a9399')",Mo,1.277470399331859e-07,1.277470399331859e-07,1.0,1.6532043483883647e-13,1.6532043483883647e-13,Molybdenite,1.6700000000000004,2.133375566884205e-07,1.6700000000000004,2.7608512618085697e-13,0.5988023952095807,0.5988021818720239
152,Molybdenum,"('ecoinvent-3.4-biosphere', '7d3f7498-3596-478a-9fa1-72201ef94082')",Mo,1.277470399331859e-07,1.277470399331859e-07,1.0,1.6532043483883647e-13,1.6532043483883647e-13,Molybdenite,1.6700000000000004,2.133375566884205e-07,1.6700000000000004,2.7608512618085697e-13,0.5988023952095807,0.5988021818720239
153,Molybdenum,"('ecoinvent-3.4-biosphere', '5fa36ce3-aed0-443b-a09d-4cdf25b41995')",Mo,1.277470399331859e-07,1.277470399331859e-07,1.0,1.6532043483883647e-13,1.6532043483883647e-13,Molybdenite,1.6700000000000004,2.133375566884205e-07,1.6700000000000004,2.7608512618085697e-13,0.5988023952095807,0.5988021818720239
154,Molybdenum,"('ecoinvent-3.4-biosphere', '8b531ec0-ca7a-49cd-bef0-56f110112f34')",Mo,1.277470399331859e-07,1.277470399331859e-07,1.0,1.6532043483883647e-13,1.6532043483883647e-13,Molybdenite,1.6700000000000004,2.133375566884205e-07,1.6700000000000004,2.7608512618085697e-13,0.5988023952095807,0.5988021818720239
155,Molybdenum,"('ecoinvent-3.4-biosphere', '640e30d2-3158-4a1a-82ef-fd0c72922c9a')",Mo,1.277470399331859e-07,1.277470399331859e-07,1.0,1.6532043483883647e-13,1.6532043483883647e-13,Molybdenite,1.6700000000000004,2.133375566884205e-07,1.6700000000000004,2.7608512618085697e-13,0.5988023952095807,0.5988021818720239
156,Antimony,"('ecoinvent-3.4-biosphere', 'c49fb4cd-eed0-4438-9052-9612473cdbae')",Sb,9.527999624258967e-08,9.527999624258967e-08,1.0,2.1834077210692158e-11,2.1834077210692158e-11,Stibnite,1.3941798941798942,1.3283745507895437e-07,1.3941798941798942,3.0440631455118433e-11,0.7172675521821632,0.7172674193447082
157,Antimony,"('ecoinvent-3.4-biosphere', '3ea5684a-6d64-4f96-8c09-1d90f997c9d4')",Sb,9.527999624258967e-08,9.527999624258967e-08,1.0,2.1834077210692158e-11,2.1834077210692158e-11,Stibnite,1.3941798941798942,1.3283745507895437e-07,1.3941798941798942,3.0440631455118433e-11,0.7172675521821632,0.7172674193447082
158,Antimony,"('ecoinvent-3.4-biosphere', '83cf77ca-867b-4eef-b0f0-78d71b3d91d5')",Sb,9.527999624258967e-08,9.527999624258967e-08,1.0,2.1834077210692158e-11,2.1834077210692158e-11,Stibnite,1.3941798941798942,1.3283745507895437e-07,1.3941798941798942,3.0440631455118433e-11,0.7172675521821632,0.7172674193447082
159,Antimony,"('ecoinvent-3.4-biosphere', '7805afa2-d93b-40bb-b841-325b98aec824')",Sb,9.527999624258967e-08,9.527999624258967e-08,1.0,2.1834077210692158e-11,2.1834077210692158e-11,Stibnite,1.3941798941798942,1.3283745507895437e-07,1.3941798941798942,3.0440631455118433e-11,0.7172675521821632,0.7172674193447082
160,Antimony,"('ecoinvent-3.4-biosphere', '5df5cb9f-812c-4ce8-ab1c-df6ab4d31900')",Sb,9.527999624258967e-08,9.527999624258967e-08,1.0,2.1834077210692158e-11,2.1834077210692158e-11,Stibnite,1.3941798941798942,1.3283745507895437e-07,1.3941798941798942,3.0440631455118433e-11,0.7172675521821632,0.7172674193447082
161,Antimony,"('ecoinvent-3.4-biosphere', '43b29ad9-26dd-4838-b931-6216e55a0120')",Sb,9.527999624258967e-08,9.527999624258967e-08,1.0,2.1834077210692158e-11,2.1834077210692158e-11,Stibnite,1.3941798941798942,1.3283745507895437e-07,1.3941798941798942,3.0440631455118433e-11,0.7172675521821632,0.7172674193447082
162,Antimony,"('ecoinvent-3.4-biosphere', 'b2dc8668-86de-4207-b20e-dc81dea63c98')",Sb,9.527999624258967e-08,9.527999624258967e-08,1.0,2.1834077210692158e-11,2.1834077210692158e-11,Stibnite,1.3941798941798942,1.3283745507895437e-07,1.3941798941798942,3.0440631455118433e-11,0.7172675521821632,0.7172674193447082
163,Antimony,"('ecoinvent-3.4-biosphere', '49803ad0-9ca2-4507-a5ea-f152d16c929d')",Sb,9.527999624258967e-08,9.527999624258967e-08,1.0,2.1834077210692158e-11,2.1834077210692158e-11,Stibnite,1.3941798941798942,1.3283745507895437e-07,1.3941798941798942,3.0440631455118433e-11,0.7172675521821632,0.7172674193447082
164,Antimony,"('ecoinvent-3.4-biosphere', '34b96163-a3df-4bc1-8224-e2a9fe01b23f')",Sb,9.527999624258967e-08,9.527999624258967e-08,1.0,2.1834077210692158e-11,2.1834077210692158e-11,Stibnite,1.3941798941798942,1.3283745507895437e-07,1.3941798941798942,3.0440631455118433e-11,0.7172675521821632,0.7172674193447082
165,Antimony,"('ecoinvent-3.4-biosphere', '77927dac-dea3-429d-a434-d5a71d92c4f7')",Sb,9.527999624258967e-08,9.527999624258967e-08,1.0,2.1834077210692158e-11,2.1834077210692158e-11,Stibnite,1.3941798941798942,1.3283745507895437e-07,1.3941798941798942,3.0440631455118433e-11,0.7172675521821632,0.7172674193447082
166,Antimony,"('ecoinvent-3.4-biosphere', 'fa39136e-1ef6-43c1-af68-104da104568d')",Sb,9.527999624258967e-08,9.527999624258967e-08,1.0,2.1834077210692158e-11,2.1834077210692158e-11,Stibnite,1.3941798941798942,1.3283745507895437e-07,1.3941798941798942,3.0440631455118433e-11,0.7172675521821632,0.7172674193447082
167,Antimony,"('ecoinvent-3.4-biosphere', '183f9856-03ab-464d-9366-8ef62077b510')",Sb,9.527999624258967e-08,9.527999624258967e-08,1.0,2.1834077210692158e-11,2.1834077210692158e-11,Stibnite,1.3941798941798942,1.3283745507895437e-07,1.3941798941798942,3.0440631455118433e-11,0.7172675521821632,0.7172674193447082
168,Antimony,"('ecoinvent-3.4-biosphere', 'f4cf8d5c-f030-4b55-a3af-e3c20b855ee8')",Sb,9.527999624258967e-08,9.527999624258967e-08,1.0,2.1834077210692158e-11,2.1834077210692158e-11,Stibnite,1.3941798941798942,1.3283745507895437e-07,1.3941798941798942,3.0440631455118433e-11,0.7172675521821632,0.7172674193447082
169,Antimony,"('ecoinvent-3.4-biosphere', '2b2369a4-26bb-4b18-8479-752fdf7a5e7f')",Sb,9.527999624258967e-08,9.527999624258967e-08,1.0,2.1834077210692158e-11,2.1834077210692158e-11,Stibnite,1.3941798941798942,1.3283745507895437e-07,1.3941798941798942,3.0440631455118433e-11,0.7172675521821632,0.7172674193447082
170,Manganese,"('ecoinvent-3.4-biosphere', '295060ba-3c3d-45e4-99ca-e17b1204b553')",Mn,8.246733593925348e-08,8.246733593925348e-08,1.0,6.485008032108113e-14,6.485008032108113e-14,Pyrolusite,1.5822784810126582,1.304862910431226e-07,1.5822784810126582,1.0261088658398912e-13,0.632,0.631999869513709
171,Manganese,"('ecoinvent-3.4-biosphere', '0af26a55-d357-469f-abad-8ced785cb4fb')",Mn,8.246733593925348e-08,8.246733593925348e-08,1.0,6.485008032108113e-14,6.485008032108113e-14,Pyrolusite,1.5822784810126582,1.304862910431226e-07,1.5822784810126582,1.0261088658398912e-13,0.632,0.631999869513709
172,Manganese,"('ecoinvent-3.4-biosphere', 'b0546417-3064-4878-bd6f-2da75cefdf63')",Mn,8.246733593925348e-08,8.246733593925348e-08,1.0,6.485008032108113e-14,6.485008032108113e-14,Pyrolusite,1.5822784810126582,1.304862910431226e-07,1.5822784810126582,1.0261088658398912e-13,0.632,0.631999869513709
173,Manganese,"('ecoinvent-3.4-biosphere', 'c91fd4bf-ed70-4e2f-a34f-159773f981b6')",Mn,8.246733593925348e-08,8.246733593925348e-08,1.0,6.485008032108113e-14,6.485008032108113e-14,Pyrolusite,1.5822784810126582,1.304862910431226e-07,1.5822784810126582,1.0261088658398912e-13,0.632,0.631999869513709
174,Manganese,"('ecoinvent-3.4-biosphere', '10cbd2f7-c41b-4bb4-b636-d8fc15cf0282')",Mn,8.246733593925348e-08,8.246733593925348e-08,1.0,6.485008032108113e-14,6.485008032108113e-14,Pyrolusite,1.5822784810126582,1.304862910431226e-07,1.5822784810126582,1.0261088658398912e-13,0.632,0.631999869513709
175,Manganese,"('ecoinvent-3.4-biosphere', '2460f868-54a9-404c-bec8-c809a44ae72c')",Mn,8.246733593925348e-08,8.246733593925348e-08,1.0,6.485008032108113e-14,6.485008032108113e-14,Pyrolusite,1.5822784810126582,1.304862910431226e-07,1.5822784810126582,1.0261088658398912e-13,0.632,0.631999869513709
176,Manganese,"('ecoinvent-3.4-biosphere', '009a49e8-09a7-4432-9cb9-f2dd18e8f922')",Mn,8.246733593925348e-08,8.246733593925348e-08,1.0,6.485008032108113e-14,6.485008032108113e-14,Pyrolusite,1.5822784810126582,1.304862910431226e-07,1.5822784810126582,1.0261088658398912e-13,0.632,0.631999869513709
177,Manganese,"('ecoinvent-3.4-biosphere', '9ba8c05d-1593-45a5-8d3b-5c4f3e9fef32')",Mn,8.246733593925348e-08,8.246733593925348e-08,1.0,6.485008032108113e-14,6.485008032108113e-14,Pyrolusite,1.5822784810126582,1.304862910431226e-07,1.5822784810126582,1.0261088658398912e-13,0.632,0.631999869513709
178,Manganese,"('ecoinvent-3.4-biosphere', '835d0907-a668-4d92-b6b6-7b56fa343713')",Mn,8.246733593925348e-08,8.246733593925348e-08,1.0,6.485008032108113e-14,6.485008032108113e-14,Pyrolusite,1.5822784810126582,1.304862910431226e-07,1.5822784810126582,1.0261088658398912e-13,0.632,0.631999869513709
179,Manganese,"('ecoinvent-3.4-biosphere', '9c706cff-cb82-4207-a589-95896e04dc08')",Mn,8.246733593925348e-08,8.246733593925348e-08,1.0,6.485008032108113e-14,6.485008032108113e-14,Pyrolusite,1.5822784810126582,1.304862910431226e-07,1.5822784810126582,1.0261088658398912e-13,0.632,0.631999869513709
180,Manganese,"('ecoinvent-3.4-biosphere', '42053ffb-9284-49cb-88f9-33ac5c77be4a')",Mn,8.246733593925348e-08,8.246733593925348e-08,1.0,6.485008032108113e-14,6.485008032108113e-14,Pyrolusite,1.5822784810126582,1.304862910431226e-07,1.5822784810126582,1.0261088658398912e-13,0.632,0.631999869513709
181,Manganese,"('ecoinvent-3.4-biosphere', '44f28e11-061d-44fd-8f25-dc62a9f1fa57')",Mn,8.246733593925348e-08,8.246733593925348e-08,1.0,6.485008032108113e-14,6.485008032108113e-14,Pyrolusite,1.5822784810126582,1.304862910431226e-07,1.5822784810126582,1.0261088658398912e-13,0.632,0.631999869513709
182,Manganese,"('ecoinvent-3.4-biosphere', '6b7fbea6-4a86-40f9-954d-3c9b3611abfd')",Mn,8.246733593925348e-08,8.246733593925348e-08,1.0,6.485008032108113e-14,6.485008032108113e-14,Pyrolusite,1.5822784810126582,1.304862910431226e-07,1.5822784810126582,1.0261088658398912e-13,0.632,0.631999869513709
183,Manganese,"('ecoinvent-3.4-biosphere', 'f532985c-90b7-46fc-aac9-b039b40e22f1')",Mn,8.246733593925348e-08,8.246733593925348e-08,1.0,6.485008032108113e-14,6.485008032108113e-14,Pyrolusite,1.5822784810126582,1.304862910431226e-07,1.5822784810126582,1.0261088658398912e-13,0.632,0.631999869513709
184,Aluminium,"('ecoinvent-3.4-biosphere', '7880e65c-0321-4295-ba55-3186ad36e489')",Al,8.158586916574836e-08,8.158586916574836e-08,1.0,6.422536676269254e-14,6.422536676269254e-14,Bauxite (Gibbsite),2.8930041152263373,2.3602825524082756e-07,2.8930041152263373,1.8580425034639034e-13,0.3456614509246088,0.3456612148963536
185,Aluminium,"('ecoinvent-3.4-biosphere', '2e0c9efa-d55c-49db-8be3-0376d5921ff4')",Al,8.158586916574836e-08,8.158586916574836e-08,1.0,6.422536676269254e-14,6.422536676269254e-14,Bauxite (Gibbsite),2.8930041152263373,2.3602825524082756e-07,2.8930041152263373,1.8580425034639034e-13,0.3456614509246088,0.3456612148963536
186,Aluminium,"('ecoinvent-3.4-biosphere', '0ace7678-a181-48e8-8728-d912a8b56c57')",Al,8.158586916574836e-08,8.158586916574836e-08,1.0,6.422536676269254e-14,6.422536676269254e-14,Bauxite (Gibbsite),2.8930041152263373,2.3602825524082756e-07,2.8930041152263373,1.8580425034639034e-13,0.3456614509246088,0.3456612148963536
187,Aluminium,"('ecoinvent-3.4-biosphere', 'd96403bf-902e-4b7a-8ffd-32fe09e4017f')",Al,8.158586916574836e-08,8.158586916574836e-08,1.0,6.422536676269254e-14,6.422536676269254e-14,Bauxite (Gibbsite),2.8930041152263373,2.3602825524082756e-07,2.8930041152263373,1.8580425034639034e-13,0.3456614509246088,0.3456612148963536
188,Aluminium,"('ecoinvent-3.4-biosphere', '2baa4381-b781-4f5e-90de-508b0fa3fd1f')",Al,8.158586916574836e-08,8.158586916574836e-08,1.0,6.422536676269254e-14,6.422536676269254e-14,Bauxite (Gibbsite),2.8930041152263373,2.3602825524082756e-07,2.8930041152263373,1.8580425034639034e-13,0.3456614509246088,0.3456612148963536
189,Aluminium,"('ecoinvent-3.4-biosphere', '6f0b8b7c-3888-4174-b7e3-916d42d678ee')",Al,8.158586916574836e-08,8.158586916574836e-08,1.0,6.422536676269254e-14,6.422536676269254e-14,Bauxite (Gibbsite),2.8930041152263373,2.3602825524082756e-07,2.8930041152263373,1.8580425034639034e-13,0.3456614509246088,0.3456612148963536
190,Aluminium,"('ecoinvent-3.4-biosphere', 'e0401210-0377-4670-84af-12247ca20bed')",Al,8.158586916574836e-08,8.158586916574836e-08,1.0,6.422536676269254e-14,6.422536676269254e-14,Bauxite (Gibbsite),2.8930041152263373,2.3602825524082756e-07,2.8930041152263373,1.8580425034639034e-13,0.3456614509246088,0.3456612148963536
191,Aluminium,"('ecoinvent-3.4-biosphere', '39555a26-d28b-425f-993f-e8770ab7d9cf')",Al,8.158586916574836e-08,8.158586916574836e-08,1.0,6.422536676269254e-14,6.422536676269254e-14,Bauxite (Gibbsite),2.8930041152263373,2.3602825524082756e-07,2.8930041152263373,1.8580425034639034e-13,0.3456614509246088,0.3456612148963536
192,Aluminium,"('ecoinvent-3.4-biosphere', '46e63323-cffd-4c46-829b-5f006b50fa9b')",Al,8.158586916574836e-08,8.158586916574836e-08,1.0,6.422536676269254e-14,6.422536676269254e-14,Bauxite (Gibbsite),2.8930041152263373,2.3602825524082756e-07,2.8930041152263373,1.8580425034639034e-13,0.3456614509246088,0.3456612148963536
193,Aluminium,"('ecoinvent-3.4-biosphere', '01056d4b-f9b0-4dfc-b8d9-8407c8376efb')",Al,8.158586916574836e-08,8.158586916574836e-08,1.0,6.422536676269254e-14,6.422536676269254e-14,Bauxite (Gibbsite),2.8930041152263373,2.3602825524082756e-07,2.8930041152263373,1.8580425034639034e-13,0.3456614509246088,0.3456612148963536
194,Aluminium,"('ecoinvent-3.4-biosphere', '9c3bd678-1b2f-4b95-a245-d5c8a3fe326b')",Al,8.158586916574836e-08,8.158586916574836e-08,1.0,6.422536676269254e-14,6.422536676269254e-14,Bauxite (Gibbsite),2.8930041152263373,2.3602825524082756e-07,2.8930041152263373,1.8580425034639034e-13,0.3456614509246088,0.3456612148963536
195,Aluminium,"('ecoinvent-3.4-biosphere', '765546a9-b056-4d27-ad14-2f016511bdcb')",Al,8.158586916574836e-08,8.158586916574836e-08,1.0,6.422536676269254e-14,6.422536676269254e-14,Bauxite (Gibbsite),2.8930041152263373,2.3602825524082756e-07,2.8930041152263373,1.8580425034639034e-13,0.3456614509246088,0.3456612148963536
196,Aluminium,"('ecoinvent-3.4-biosphere', 'ff65658c-2d39-44a2-b23e-7ec3c644f064')",Al,8.158586916574836e-08,8.158586916574836e-08,1.0,6.422536676269254e-14,6.422536676269254e-14,Bauxite (Gibbsite),2.8930041152263373,2.3602825524082756e-07,2.8930041152263373,1.8580425034639034e-13,0.3456614509246088,0.3456612148963536
197,Aluminium,"('ecoinvent-3.4-biosphere', '97e498ec-f323-4ec6-bcc0-d8a4c853bae3')",Al,8.158586916574836e-08,8.158586916574836e-08,1.0,6.422536676269254e-14,6.422536676269254e-14,Bauxite (Gibbsite),2.8930041152263373,2.3602825524082756e-07,2.8930041152263373,1.8580425034639034e-13,0.3456614509246088,0.3456612148963536
198,Antimony,"('ecoinvent-3.4-biosphere', 'c49fb4cd-eed0-4438-9052-9612473cdbae')",Sb,6.335346181050398e-08,6.335346181050398e-08,1.0,2.1834077210692158e-11,2.1834077210692158e-11,Stibnite,1.3941798941798942,8.832612268289841e-08,1.3941798941798942,3.0440631455118433e-11,0.7172675521821632,0.7172674638560406
199,Antimony,"('ecoinvent-3.4-biosphere', '3ea5684a-6d64-4f96-8c09-1d90f997c9d4')",Sb,6.335346181050398e-08,6.335346181050398e-08,1.0,2.1834077210692158e-11,2.1834077210692158e-11,Stibnite,1.3941798941798942,8.832612268289841e-08,1.3941798941798942,3.0440631455118433e-11,0.7172675521821632,0.7172674638560406
200,Antimony,"('ecoinvent-3.4-biosphere', '83cf77ca-867b-4eef-b0f0-78d71b3d91d5')",Sb,6.335346181050398e-08,6.335346181050398e-08,1.0,2.1834077210692158e-11,2.1834077210692158e-11,Stibnite,1.3941798941798942,8.832612268289841e-08,1.3941798941798942,3.0440631455118433e-11,0.7172675521821632,0.7172674638560406
201,Antimony,"('ecoinvent-3.4-biosphere', '7805afa2-d93b-40bb-b841-325b98aec824')",Sb,6.335346181050398e-08,6.335346181050398e-08,1.0,2.1834077210692158e-11,2.1834077210692158e-11,Stibnite,1.3941798941798942,8.832612268289841e-08,1.3941798941798942,3.0440631455118433e-11,0.7172675521821632,0.7172674638560406
202,Antimony,"('ecoinvent-3.4-biosphere', '5df5cb9f-812c-4ce8-ab1c-df6ab4d31900')",Sb,6.335346181050398e-08,6.335346181050398e-08,1.0,2.1834077210692158e-11,2.1834077210692158e-11,Stibnite,1.3941798941798942,8.832612268289841e-08,1.3941798941798942,3.0440631455118433e-11,0.7172675521821632,0.7172674638560406
203,Antimony,"('ecoinvent-3.4-biosphere', '43b29ad9-26dd-4838-b931-6216e55a0120')",Sb,6.335346181050398e-08,6.335346181050398e-08,1.0,2.1834077210692158e-11,2.1834077210692158e-11,Stibnite,1.3941798941798942,8.832612268289841e-08,1.3941798941798942,3.0440631455118433e-11,0.7172675521821632,0.7172674638560406
204,Antimony,"('ecoinvent-3.4-biosphere', 'b2dc8668-86de-4207-b20e-dc81dea63c98')",Sb,6.335346181050398e-08,6.335346181050398e-08,1.0,2.1834077210692158e-11,2.1834077210692158e-11,Stibnite,1.3941798941798942,8.832612268289841e-08,1.3941798941798942,3.0440631455118433e-11,0.7172675521821632,0.7172674638560406
205,Antimony,"('ecoinvent-3.4-biosphere', '49803ad0-9ca2-4507-a5ea-f152d16c929d')",Sb,6.335346181050398e-08,6.335346181050398e-08,1.0,2.1834077210692158e-11,2.1834077210692158e-11,Stibnite,1.3941798941798942,8.832612268289841e-08,1.3941798941798942,3.0440631455118433e-11,0.7172675521821632,0.7172674638560406
206,Antimony,"('ecoinvent-3.4-biosphere', '34b96163-a3df-4bc1-8224-e2a9fe01b23f')",Sb,6.335346181050398e-08,6.335346181050398e-08,1.0,2.1834077210692158e-11,2.1834077210692158e-11,Stibnite,1.3941798941798942,8.832612268289841e-08,1.3941798941798942,3.0440631455118433e-11,0.7172675521821632,0.7172674638560406
207,Antimony,"('ecoinvent-3.4-biosphere', '77927dac-dea3-429d-a434-d5a71d92c4f7')",Sb,6.335346181050398e-08,6.335346181050398e-08,1.0,2.1834077210692158e-11,2.1834077210692158e-11,Stibnite,1.3941798941798942,8.832612268289841e-08,1.3941798941798942,3.0440631455118433e-11,0.7172675521821632,0.7172674638560406
208,Antimony,"('ecoinvent-3.4-biosphere', 'fa39136e-1ef6-43c1-af68-104da104568d')",Sb,6.335346181050398e-08,6.335346181050398e-08,1.0,2.1834077210692158e-11,2.1834077210692158e-11,Stibnite,1.3941798941798942,8.832612268289841e-08,1.3941798941798942,3.0440631455118433e-11,0.7172675521821632,0.7172674638560406
209,Antimony,"('ecoinvent-3.4-biosphere', '183f9856-03ab-464d-9366-8ef62077b510')",Sb,6.335346181050398e-08,6.335346181050398e-08,1.0,2.1834077210692158e-11,2.1834077210692158e-11,Stibnite,1.3941798941798942,8.832612268289841e-08,1.3941798941798942,3.0440631455118433e-11,0.7172675521821632,0.7172674638560406
210,Antimony,"('ecoinvent-3.4-biosphere', 'f4cf8d5c-f030-4b55-a3af-e3c20b855ee8')",Sb,6.335346181050398e-08,6.335346181050398e-08,1.0,2.1834077210692158e-11,2.1834077210692158e-11,Stibnite,1.3941798941798942,8.832612268289841e-08,1.3941798941798942,3.0440631455118433e-11,0.7172675521821632,0.7172674638560406
211,Antimony,"('ecoinvent-3.4-biosphere', '2b2369a4-26bb-4b18-8479-752fdf7a5e7f')",Sb,6.335346181050398e-08,6.335346181050398e-08,1.0,2.1834077210692158e-11,2.1834077210692158e-11,Stibnite,1.3941798941798942,8.832612268289841e-08,1.3941798941798942,3.0440631455118433e-11,0.7172675521821632,0.7172674638560406
212,Chromium VI,"('ecoinvent-3.4-biosphere', 'abbd3b09-a7ec-435a-9d01-34cf8581739e')",Cr,5.7618802534462825e-08,5.7618802534462825e-08,1.0,3.1278613038877847e-13,3.1278613038877847e-13,Chromite,2.152027027027027,1.2399722031909737e-07,2.152027027027027,6.73124206275851e-13,0.46467817896389324,0.4646780549666729
213,Chromium VI,"('ecoinvent-3.4-biosphere', '58060894-19d9-4855-84d8-58935a5325f8')",Cr,5.7618802534462825e-08,5.7618802534462825e-08,1.0,3.1278613038877847e-13,3.1278613038877847e-13,Chromite,2.152027027027027,1.2399722031909737e-07,2.152027027027027,6.73124206275851e-13,0.46467817896389324,0.4646780549666729
214,Chromium VI,"('ecoinvent-3.4-biosphere', '8216fc31-15a1-4d33-858f-e09650b14c63')",Cr,5.7618802534462825e-08,5.7618802534462825e-08,1.0,3.1278613038877847e-13,3.1278613038877847e-13,Chromite,2.152027027027027,1.2399722031909737e-07,2.152027027027027,6.73124206275851e-13,0.46467817896389324,0.4646780549666729
215,Chromium VI,"('ecoinvent-3.4-biosphere', '8ec83662-7c2b-4452-8acf-95a0bb94233c')",Cr,5.7618802534462825e-08,5.7618802534462825e-08,1.0,3.1278613038877847e-13,3.1278613038877847e-13,Chromite,2.152027027027027,1.2399722031909737e-07,2.152027027027027,6.73124206275851e-13,0.46467817896389324,0.4646780549666729
216,Chromium VI,"('ecoinvent-3.4-biosphere', 'ef475b50-9cd0-4e7c-9c59-07868fe16e91')",Cr,5.7618802534462825e-08,5.7618802534462825e-08,1.0,3.1278613038877847e-13,3.1278613038877847e-13,Chromite,2.152027027027027,1.2399722031909737e-07,2.152027027027027,6.73124206275851e-13,0.46467817896389324,0.4646780549666729
217,Chromium VI,"('ecoinvent-3.4-biosphere', '03b279a7-4626-4703-a451-d0650599dbd9')",Cr,5.7618802534462825e-08,5.7618802534462825e-08,1.0,3.1278613038877847e-13,3.1278613038877847e-13,Chromite,2.152027027027027,1.2399722031909737e-07,2.152027027027027,6.73124206275851e-13,0.46467817896389324,0.4646780549666729
218,Chromium VI,"('ecoinvent-3.4-biosphere', '81b3321a-c9d8-4104-a974-5460f1bc5029')",Cr,5.7618802534462825e-08,5.7618802534462825e-08,1.0,3.1278613038877847e-13,3.1278613038877847e-13,Chromite,2.152027027027027,1.2399722031909737e-07,2.152027027027027,6.73124206275851e-13,0.46467817896389324,0.4646780549666729
219,Chromium VI,"('ecoinvent-3.4-biosphere', '01285299-c683-4e15-b654-201987a7a738')",Cr,5.7618802534462825e-08,5.7618802534462825e-08,1.0,3.1278613038877847e-13,3.1278613038877847e-13,Chromite,2.152027027027027,1.2399722031909737e-07,2.152027027027027,6.73124206275851e-13,0.46467817896389324,0.4646780549666729
220,Chromium VI,"('ecoinvent-3.4-biosphere', '9bbae55a-35de-4eff-a219-814a9fec5ac2')",Cr,5.7618802534462825e-08,5.7618802534462825e-08,1.0,3.1278613038877847e-13,3.1278613038877847e-13,Chromite,2.152027027027027,1.2399722031909737e-07,2.152027027027027,6.73124206275851e-13,0.46467817896389324,0.4646780549666729
221,Chromium VI,"('ecoinvent-3.4-biosphere', 'a9ec0c9b-982a-4329-99ae-dab1f9fb62d3')",Cr,5.7618802534462825e-08,5.7618802534462825e-08,1.0,3.1278613038877847e-13,3.1278613038877847e-13,Chromite,2.152027027027027,1.2399722031909737e-07,2.152027027027027,6.73124206275851e-13,0.46467817896389324,0.4646780549666729
222,Chromium VI,"('ecoinvent-3.4-biosphere', 'c2e854f9-fe22-4fe7-9083-cf6d0a8c7254')",Cr,5.7618802534462825e-08,5.7618802534462825e-08,1.0,3.1278613038877847e-13,3.1278613038877847e-13,Chromite,2.152027027027027,1.2399722031909737e-07,2.152027027027027,6.73124206275851e-13,0.46467817896389324,0.4646780549666729
223,Chromium VI,"('ecoinvent-3.4-biosphere', '68ba2022-830e-45fb-8c85-b35e94754ae9')",Cr,5.7618802534462825e-08,5.7618802534462825e-08,1.0,3.1278613038877847e-13,3.1278613038877847e-13,Chromite,2.152027027027027,1.2399722031909737e-07,2.152027027027027,6.73124206275851e-13,0.46467817896389324,0.4646780549666729
224,Chromium VI,"('ecoinvent-3.4-biosphere', '7a59e8d5-cd11-4ee7-b1ca-30979d2b0b3a')",Cr,5.7618802534462825e-08,5.7618802534462825e-08,1.0,3.1278613038877847e-13,3.1278613038877847e-13,Chromite,2.152027027027027,1.2399722031909737e-07,2.152027027027027,6.73124206275851e-13,0.46467817896389324,0.4646780549666729
225,Chromium VI,"('ecoinvent-3.4-biosphere', '81e17d9a-3e0b-414e-9b2e-eca7e5b3bd4a')",Cr,5.7618802534462825e-08,5.7618802534462825e-08,1.0,3.1278613038877847e-13,3.1278613038877847e-13,Chromite,2.152027027027027,1.2399722031909737e-07,2.152027027027027,6.73124206275851e-13,0.46467817896389324,0.4646780549666729
226,Molybdenum,"('ecoinvent-3.4-biosphere', 'c126f8a0-6bc4-42e6-9220-d6ccfef3f2ed')",Mo,5.691742226026087e-08,5.691742226026087e-08,1.0,1.6532043483883647e-13,1.6532043483883647e-13,Molybdenite,1.6700000000000004,9.505209517463566e-08,1.6700000000000004,2.7608512618085697e-13,0.5988023952095807,0.5988023001574855
227,Molybdenum,"('ecoinvent-3.4-biosphere', '1f3c2297-d652-468d-82e8-4fd59bf5b5b8')",Mo,5.691742226026087e-08,5.691742226026087e-08,1.0,1.6532043483883647e-13,1.6532043483883647e-13,Molybdenite,1.6700000000000004,9.505209517463566e-08,1.6700000000000004,2.7608512618085697e-13,0.5988023952095807,0.5988023001574855
228,Molybdenum,"('ecoinvent-3.4-biosphere', '35b4d818-1019-413b-b99d-d351d8a67ac4')",Mo,5.691742226026087e-08,5.691742226026087e-08,1.0,1.6532043483883647e-13,1.6532043483883647e-13,Molybdenite,1.6700000000000004,9.505209517463566e-08,1.6700000000000004,2.7608512618085697e-13,0.5988023952095807,0.5988023001574855
229,Molybdenum,"('ecoinvent-3.4-biosphere', '163926e2-b4cc-42bb-ba7d-401028140985')",Mo,5.691742226026087e-08,5.691742226026087e-08,1.0,1.6532043483883647e-13,1.6532043483883647e-13,Molybdenite,1.6700000000000004,9.505209517463566e-08,1.6700000000000004,2.7608512618085697e-13,0.5988023952095807,0.5988023001574855
230,Molybdenum,"('ecoinvent-3.4-biosphere', '697e8ecf-bdbe-4857-92c9-e01960c91db7')",Mo,5.691742226026087e-08,5.691742226026087e-08,1.0,1.6532043483883647e-13,1.6532043483883647e-13,Molybdenite,1.6700000000000004,9.505209517463566e-08,1.6700000000000004,2.7608512618085697e-13,0.5988023952095807,0.5988023001574855
231,Molybdenum,"('ecoinvent-3.4-biosphere', '9cf3a683-ed3d-40e9-b039-7653e4fc9e20')",Mo,5.691742226026087e-08,5.691742226026087e-08,1.0,1.6532043483883647e-13,1.6532043483883647e-13,Molybdenite,1.6700000000000004,9.505209517463566e-08,1.6700000000000004,2.7608512618085697e-13,0.5988023952095807,0.5988023001574855
232,Molybdenum,"('ecoinvent-3.4-biosphere', 'fdaaef05-0d10-4032-b2e7-85cae3c7bd5c')",Mo,5.691742226026087e-08,5.691742226026087e-08,1.0,1.6532043483883647e-13,1.6532043483883647e-13,Molybdenite,1.6700000000000004,9.505209517463566e-08,1.6700000000000004,2.7608512618085697e-13,0.5988023952095807,0.5988023001574855
233,Molybdenum,"('ecoinvent-3.4-biosphere', '3822809c-cc03-469d-ac2a-9f85842f8440')",Mo,5.691742226026087e-08,5.691742226026087e-08,1.0,1.6532043483883647e-13,1.6532043483883647e-13,Molybdenite,1.6700000000000004,9.505209517463566e-08,1.6700000000000004,2.7608512618085697e-13,0.5988023952095807,0.5988023001574855
234,Molybdenum,"('ecoinvent-3.4-biosphere', 'c26d4716-ce1e-43da-a662-cd9498b1e8bc')",Mo,5.691742226026087e-08,5.691742226026087e-08,1.0,1.6532043483883647e-13,1.6532043483883647e-13,Molybdenite,1.6700000000000004,9.505209517463566e-08,1.6700000000000004,2.7608512618085697e-13,0.5988023952095807,0.5988023001574855
235,Molybdenum,"('ecoinvent-3.4-biosphere', '442511cc-a98b-4242-9229-5736cb9a9399')",Mo,5.691742226026087e-08,5.691742226026087e-08,1.0,1.6532043483883647e-13,1.6532043483883647e-13,Molybdenite,1.6700000000000004,9.505209517463566e-08,1.6700000000000004,2.7608512618085697e-13,0.5988023952095807,0.5988023001574855
236,Molybdenum,"('ecoinvent-3.4-biosphere', '7d3f7498-3596-478a-9fa1-72201ef94082')",Mo,5.691742226026087e-08,5.691742226026087e-08,1.0,1.6532043483883647e-13,1.6532043483883647e-13,Molybdenite,1.6700000000000004,9.505209517463566e-08,1.6700000000000004,2.7608512618085697e-13,0.5988023952095807,0.5988023001574855
237,Molybdenum,"('ecoinvent-3.4-biosphere', '5fa36ce3-aed0-443b-a09d-4cdf25b41995')",Mo,5.691742226026087e-08,5.691742226026087e-08,1.0,1.6532043483883647e-13,1.6532043483883647e-13,Molybdenite,1.6700000000000004,9.505209517463566e-08,1.6700000000000004,2.7608512618085697e-13,0.5988023952095807,0.5988023001574855
238,Molybdenum,"('ecoinvent-3.4-biosphere', '8b531ec0-ca7a-49cd-bef0-56f110112f34')",Mo,5.691742226026087e-08,5.691742226026087e-08,1.0,1.6532043483883647e-13,1.6532043483883647e-13,Molybdenite,1.6700000000000004,9.505209517463566e-08,1.6700000000000004,2.7608512618085697e-13,0.5988023952095807,0.5988023001574855
239,Molybdenum,"('ecoinvent-3.4-biosphere', '640e30d2-3158-4a1a-82ef-fd0c72922c9a')",Mo,5.691742226026087e-08,5.691742226026087e-08,1.0,1.6532043483883647e-13,1.6532043483883647e-13,Molybdenite,1.6700000000000004,9.505209517463566e-08,1.6700000000000004,2.7608512618085697e-13,0.5988023952095807,0.5988023001574855
240,"Iron, ion","('ecoinvent-3.4-biosphere', '9b6d6f07-ebc6-447d-a3c0-f2017d77d852')",Fe,4.64745495322544e-08,4.64745495322544e-08,1.0,4.282654305987987e-15,4.282654305987987e-15,Hematite,1.0,4.64745495322544e-08,1.0,4.282654305987987e-15,1.0,0.9999999535254505
241,"Iron, ion","('ecoinvent-3.4-biosphere', '2c9a7182-37c8-4777-a37a-9a007c3edb2f')",Fe,4.64745495322544e-08,4.64745495322544e-08,1.0,4.282654305987987e-15,4.282654305987987e-15,Hematite,1.0,4.64745495322544e-08,1.0,4.282654305987987e-15,1.0,0.9999999535254505
242,"Iron, ion","('ecoinvent-3.4-biosphere', '33fd8342-58e7-45c9-ad92-0951c002c403')",Fe,4.64745495322544e-08,4.64745495322544e-08,1.0,4.282654305987987e-15,4.282654305987987e-15,Hematite,1.0,4.64745495322544e-08,1.0,4.282654305987987e-15,1.0,0.9999999535254505
243,"Iron, ion","('ecoinvent-3.4-biosphere', '7c335b9c-a403-47a8-bb6d-2e7d3c3a230e')",Fe,4.64745495322544e-08,4.64745495322544e-08,1.0,4.282654305987987e-15,4.282654305987987e-15,Hematite,1.0,4.64745495322544e-08,1.0,4.282654305987987e-15,1.0,0.9999999535254505
244,"Iron, ion","('ecoinvent-3.4-biosphere', 'de444dc0-5964-4501-8367-50ba53bfc6b9')",Fe,4.64745495322544e-08,4.64745495322544e-08,1.0,4.282654305987987e-15,4.282654305987987e-15,Hematite,1.0,4.64745495322544e-08,1.0,4.282654305987987e-15,1.0,0.9999999535254505
245,"Copper, ion","('ecoinvent-3.4-biosphere', '40229ebf-9346-4f20-910a-f8ea3bd88d44')",Cu,3.6316093851368934e-08,3.6316093851368934e-08,1.0,1.231243333335009e-14,1.231243333335009e-14,Chalcopyrite,2.8793103448275863,1.0456530470997607e-07,2.8793103448275863,3.545131666671491e-14,0.34730538922155685,0.34730528465625216
246,"Copper, ion","('ecoinvent-3.4-biosphere', '615b1460-6860-4cf6-8678-ad92c03c5e8b')",Cu,3.6316093851368934e-08,3.6316093851368934e-08,1.0,1.231243333335009e-14,1.231243333335009e-14,Chalcopyrite,2.8793103448275863,1.0456530470997607e-07,2.8793103448275863,3.545131666671491e-14,0.34730538922155685,0.34730528465625216
247,"Copper, ion","('ecoinvent-3.4-biosphere', 'c3b659e5-35f1-408c-8cb5-b5f9b295c76e')",Cu,3.6316093851368934e-08,3.6316093851368934e-08,1.0,1.231243333335009e-14,1.231243333335009e-14,Chalcopyrite,2.8793103448275863,1.0456530470997607e-07,2.8793103448275863,3.545131666671491e-14,0.34730538922155685,0.34730528465625216
248,"Copper, ion","('ecoinvent-3.4-biosphere', 'd8f9ccf6-fd32-4348-83c0-1cee724af9ae')",Cu,3.6316093851368934e-08,3.6316093851368934e-08,1.0,1.231243333335009e-14,1.231243333335009e-14,Chalcopyrite,2.8793103448275863,1.0456530470997607e-07,2.8793103448275863,3.545131666671491e-14,0.34730538922155685,0.34730528465625216
249,"Copper, ion","('ecoinvent-3.4-biosphere', '6d9550e2-e670-44c1-bad8-c0c4975ffca7')",Cu,3.6316093851368934e-08,3.6316093851368934e-08,1.0,1.231243333335009e-14,1.231243333335009e-14,Chalcopyrite,2.8793103448275863,1.0456530470997607e-07,2.8793103448275863,3.545131666671491e-14,0.34730538922155685,0.34730528465625216
250,Lead,"('ecoinvent-3.4-biosphere', '2718482b-8399-442e-b89a-52fbcc22d2e6')",Pb,2.9807671535615635e-08,2.9807671535615635e-08,1.0,1.1855254708054448e-13,1.1855254708054448e-13,Galena,1.1560975609756097,3.446057636068734e-08,1.1560975609756097,1.370583105272636e-13,0.8649789029535866,0.8649788684930102
251,Lead,"('ecoinvent-3.4-biosphere', '4010918f-7fd0-4925-8fbb-8fd7a44a806c')",Pb,2.9807671535615635e-08,2.9807671535615635e-08,1.0,1.1855254708054448e-13,1.1855254708054448e-13,Galena,1.1560975609756097,3.446057636068734e-08,1.1560975609756097,1.370583105272636e-13,0.8649789029535866,0.8649788684930102
252,Lead,"('ecoinvent-3.4-biosphere', '31c4d160-b21e-41b3-b9c1-3d7a72377653')",Pb,2.9807671535615635e-08,2.9807671535615635e-08,1.0,1.1855254708054448e-13,1.1855254708054448e-13,Galena,1.1560975609756097,3.446057636068734e-08,1.1560975609756097,1.370583105272636e-13,0.8649789029535866,0.8649788684930102
253,Lead,"('ecoinvent-3.4-biosphere', '0ff15165-d761-48c9-9814-2d1dcdd56857')",Pb,2.9807671535615635e-08,2.9807671535615635e-08,1.0,1.1855254708054448e-13,1.1855254708054448e-13,Galena,1.1560975609756097,3.446057636068734e-08,1.1560975609756097,1.370583105272636e-13,0.8649789029535866,0.8649788684930102
254,Lead,"('ecoinvent-3.4-biosphere', 'c864aa15-0abc-41ad-9889-348106e485d8')",Pb,2.9807671535615635e-08,2.9807671535615635e-08,1.0,1.1855254708054448e-13,1.1855254708054448e-13,Galena,1.1560975609756097,3.446057636068734e-08,1.1560975609756097,1.370583105272636e-13,0.8649789029535866,0.8649788684930102
255,Lead,"('ecoinvent-3.4-biosphere', '9ee7f4ab-b826-47ae-8623-e138f944b42e')",Pb,2.9807671535615635e-08,2.9807671535615635e-08,1.0,1.1855254708054448e-13,1.1855254708054448e-13,Galena,1.1560975609756097,3.446057636068734e-08,1.1560975609756097,1.370583105272636e-13,0.8649789029535866,0.8649788684930102
256,Lead,"('ecoinvent-3.4-biosphere', 'b3ebdcc3-c588-4997-95d2-9785b26b34e1')",Pb,2.9807671535615635e-08,2.9807671535615635e-08,1.0,1.1855254708054448e-13,1.1855254708054448e-13,Galena,1.1560975609756097,3.446057636068734e-08,1.1560975609756097,1.370583105272636e-13,0.8649789029535866,0.8649788684930102
257,Lead,"('ecoinvent-3.4-biosphere', 'e9e856c2-868e-435e-8425-8df1c9297cfc')",Pb,2.9807671535615635e-08,2.9807671535615635e-08,1.0,1.1855254708054448e-13,1.1855254708054448e-13,Galena,1.1560975609756097,3.446057636068734e-08,1.1560975609756097,1.370583105272636e-13,0.8649789029535866,0.8649788684930102
258,Lead,"('ecoinvent-3.4-biosphere', '739234c8-5359-48b4-983f-9cb170d68c8d')",Pb,2.9807671535615635e-08,2.9807671535615635e-08,1.0,1.1855254708054448e-13,1.1855254708054448e-13,Galena,1.1560975609756097,3.446057636068734e-08,1.1560975609756097,1.370583105272636e-13,0.8649789029535866,0.8649788684930102
259,Lead,"('ecoinvent-3.4-biosphere', '8e123669-94d3-41d8-9480-a79211fe7c43')",Pb,2.9807671535615635e-08,2.9807671535615635e-08,1.0,1.1855254708054448e-13,1.1855254708054448e-13,Galena,1.1560975609756097,3.446057636068734e-08,1.1560975609756097,1.370583105272636e-13,0.8649789029535866,0.8649788684930102
260,Lead,"('ecoinvent-3.4-biosphere', '6a903634-c97f-4c49-a7c0-88f0e6ac7a23')",Pb,2.9807671535615635e-08,2.9807671535615635e-08,1.0,1.1855254708054448e-13,1.1855254708054448e-13,Galena,1.1560975609756097,3.446057636068734e-08,1.1560975609756097,1.370583105272636e-13,0.8649789029535866,0.8649788684930102
261,Lead,"('ecoinvent-3.4-biosphere', 'fe4613d7-1ed8-427d-9b06-c8e8f4f5e1b1')",Pb,2.9807671535615635e-08,2.9807671535615635e-08,1.0,1.1855254708054448e-13,1.1855254708054448e-13,Galena,1.1560975609756097,3.446057636068734e-08,1.1560975609756097,1.370583105272636e-13,0.8649789029535866,0.8649788684930102
262,Lead,"('ecoinvent-3.4-biosphere', '837083ce-41cd-49f3-a849-d79564dac238')",Pb,2.9807671535615635e-08,2.9807671535615635e-08,1.0,1.1855254708054448e-13,1.1855254708054448e-13,Galena,1.1560975609756097,3.446057636068734e-08,1.1560975609756097,1.370583105272636e-13,0.8649789029535866,0.8649788684930102
263,Lead,"('ecoinvent-3.4-biosphere', '67652827-017f-4856-8d0a-c97bac4c6562')",Pb,2.9807671535615635e-08,2.9807671535615635e-08,1.0,1.1855254708054448e-13,1.1855254708054448e-13,Galena,1.1560975609756097,3.446057636068734e-08,1.1560975609756097,1.370583105272636e-13,0.8649789029535866,0.8649788684930102
264,Cobalt,"('ecoinvent-3.4-biosphere', '74eb3f02-09ec-46ce-8ee8-d67d0900136b')",Co,2.305045618473105e-08,2.305045618473105e-08,1.0,1.9447495148453946e-12,1.9447495148453946e-12,Linnaeite,1.727272727272727,3.98144243190809e-08,1.727272727272727,3.3591127983693174e-12,0.5789473684210527,0.5789473286066283
265,Cobalt,"('ecoinvent-3.4-biosphere', '12051b95-831a-49c0-9a70-fbc0e8fb9af9')",Co,2.305045618473105e-08,2.305045618473105e-08,1.0,1.9447495148453946e-12,1.9447495148453946e-12,Linnaeite,1.727272727272727,3.98144243190809e-08,1.727272727272727,3.3591127983693174e-12,0.5789473684210527,0.5789473286066283
266,Cobalt,"('ecoinvent-3.4-biosphere', 'd4291dd5-dae8-47fa-bf06-466fcecbc210')",Co,2.305045618473105e-08,2.305045618473105e-08,1.0,1.9447495148453946e-12,1.9447495148453946e-12,Linnaeite,1.727272727272727,3.98144243190809e-08,1.727272727272727,3.3591127983693174e-12,0.5789473684210527,0.5789473286066283
267,Cobalt,"('ecoinvent-3.4-biosphere', '9542444c-7c7a-48e2-bc9c-9c7c34fb7b3e')",Co,2.305045618473105e-08,2.305045618473105e-08,1.0,1.9447495148453946e-12,1.9447495148453946e-12,Linnaeite,1.727272727272727,3.98144243190809e-08,1.727272727272727,3.3591127983693174e-12,0.5789473684210527,0.5789473286066283
268,Cobalt,"('ecoinvent-3.4-biosphere', 'c58d25ad-30d2-4fac-a857-1fa6f67afe8a')",Co,2.305045618473105e-08,2.305045618473105e-08,1.0,1.9447495148453946e-12,1.9447495148453946e-12,Linnaeite,1.727272727272727,3.98144243190809e-08,1.727272727272727,3.3591127983693174e-12,0.5789473684210527,0.5789473286066283
269,Cobalt,"('ecoinvent-3.4-biosphere', 'caf066cf-40ce-47a8-ba4c-969fcd6019c7')",Co,2.305045618473105e-08,2.305045618473105e-08,1.0,1.9447495148453946e-12,1.9447495148453946e-12,Linnaeite,1.727272727272727,3.98144243190809e-08,1.727272727272727,3.3591127983693174e-12,0.5789473684210527,0.5789473286066283
270,Cobalt,"('ecoinvent-3.4-biosphere', 'f0d1c319-249f-4a89-b0e7-3a5a90a54036')",Co,2.305045618473105e-08,2.305045618473105e-08,1.0,1.9447495148453946e-12,1.9447495148453946e-12,Linnaeite,1.727272727272727,3.98144243190809e-08,1.727272727272727,3.3591127983693174e-12,0.5789473684210527,0.5789473286066283
271,Cobalt,"('ecoinvent-3.4-biosphere', 'f0e28a62-ddf9-4c93-af81-676a58c3f2d4')",Co,2.305045618473105e-08,2.305045618473105e-08,1.0,1.9447495148453946e-12,1.9447495148453946e-12,Linnaeite,1.727272727272727,3.98144243190809e-08,1.727272727272727,3.3591127983693174e-12,0.5789473684210527,0.5789473286066283
272,Cobalt,"('ecoinvent-3.4-biosphere', 'ca04300a-8338-4601-ba7c-66c10a4f6322')",Co,2.305045618473105e-08,2.305045618473105e-08,1.0,1.9447495148453946e-12,1.9447495148453946e-12,Linnaeite,1.727272727272727,3.98144243190809e-08,1.727272727272727,3.3591127983693174e-12,0.5789473684210527,0.5789473286066283
273,Cobalt,"('ecoinvent-3.4-biosphere', '1e904267-caa3-40e6-a3a0-fc104489770b')",Co,2.305045618473105e-08,2.305045618473105e-08,1.0,1.9447495148453946e-12,1.9447495148453946e-12,Linnaeite,1.727272727272727,3.98144243190809e-08,1.727272727272727,3.3591127983693174e-12,0.5789473684210527,0.5789473286066283
274,Cobalt,"('ecoinvent-3.4-biosphere', '33627701-feca-434d-a192-674a450eaaf7')",Co,2.305045618473105e-08,2.305045618473105e-08,1.0,1.9447495148453946e-12,1.9447495148453946e-12,Linnaeite,1.727272727272727,3.98144243190809e-08,1.727272727272727,3.3591127983693174e-12,0.5789473684210527,0.5789473286066283
275,Cobalt,"('ecoinvent-3.4-biosphere', '381a22c9-3722-4378-810d-86958f7b6d32')",Co,2.305045618473105e-08,2.305045618473105e-08,1.0,1.9447495148453946e-12,1.9447495148453946e-12,Linnaeite,1.727272727272727,3.98144243190809e-08,1.727272727272727,3.3591127983693174e-12,0.5789473684210527,0.5789473286066283
276,Cobalt,"('ecoinvent-3.4-biosphere', '9ce88274-57b6-42ed-a78b-4abef2301865')",Co,2.305045618473105e-08,2.305045618473105e-08,1.0,1.9447495148453946e-12,1.9447495148453946e-12,Linnaeite,1.727272727272727,3.98144243190809e-08,1.727272727272727,3.3591127983693174e-12,0.5789473684210527,0.5789473286066283
277,Cobalt,"('ecoinvent-3.4-biosphere', 'b10faa87-2c1d-4f6e-aa65-9f80b376939a')",Co,2.305045618473105e-08,2.305045618473105e-08,1.0,1.9447495148453946e-12,1.9447495148453946e-12,Linnaeite,1.727272727272727,3.98144243190809e-08,1.727272727272727,3.3591127983693174e-12,0.5789473684210527,0.5789473286066283
278,Aluminium,"('ecoinvent-3.4-biosphere', '7880e65c-0321-4295-ba55-3186ad36e489')",Al,2.2163292087140587e-08,2.2163292087140587e-08,1.0,6.422536676269254e-14,6.422536676269254e-14,Bauxite (Gibbsite),2.8930041152263373,6.411849521506103e-08,2.8930041152263373,1.8580425034639034e-13,0.3456614509246088,0.3456613868061136
279,Aluminium,"('ecoinvent-3.4-biosphere', '2e0c9efa-d55c-49db-8be3-0376d5921ff4')",Al,2.2163292087140587e-08,2.2163292087140587e-08,1.0,6.422536676269254e-14,6.422536676269254e-14,Bauxite (Gibbsite),2.8930041152263373,6.411849521506103e-08,2.8930041152263373,1.8580425034639034e-13,0.3456614509246088,0.3456613868061136
280,Aluminium,"('ecoinvent-3.4-biosphere', '0ace7678-a181-48e8-8728-d912a8b56c57')",Al,2.2163292087140587e-08,2.2163292087140587e-08,1.0,6.422536676269254e-14,6.422536676269254e-14,Bauxite (Gibbsite),2.8930041152263373,6.411849521506103e-08,2.8930041152263373,1.8580425034639034e-13,0.3456614509246088,0.3456613868061136
281,Aluminium,"('ecoinvent-3.4-biosphere', 'd96403bf-902e-4b7a-8ffd-32fe09e4017f')",Al,2.2163292087140587e-08,2.2163292087140587e-08,1.0,6.422536676269254e-14,6.422536676269254e-14,Bauxite (Gibbsite),2.8930041152263373,6.411849521506103e-08,2.8930041152263373,1.8580425034639034e-13,0.3456614509246088,0.3456613868061136
282,Aluminium,"('ecoinvent-3.4-biosphere', '2baa4381-b781-4f5e-90de-508b0fa3fd1f')",Al,2.2163292087140587e-08,2.2163292087140587e-08,1.0,6.422536676269254e-14,6.422536676269254e-14,Bauxite (Gibbsite),2.8930041152263373,6.411849521506103e-08,2.8930041152263373,1.8580425034639034e-13,0.3456614509246088,0.3456613868061136
283,Aluminium,"('ecoinvent-3.4-biosphere', '6f0b8b7c-3888-4174-b7e3-916d42d678ee')",Al,2.2163292087140587e-08,2.2163292087140587e-08,1.0,6.422536676269254e-14,6.422536676269254e-14,Bauxite (Gibbsite),2.8930041152263373,6.411849521506103e-08,2.8930041152263373,1.8580425034639034e-13,0.3456614509246088,0.3456613868061136
284,Aluminium,"('ecoinvent-3.4-biosphere', 'e0401210-0377-4670-84af-12247ca20bed')",Al,2.2163292087140587e-08,2.2163292087140587e-08,1.0,6.422536676269254e-14,6.422536676269254e-14,Bauxite (Gibbsite),2.8930041152263373,6.411849521506103e-08,2.8930041152263373,1.8580425034639034e-13,0.3456614509246088,0.3456613868061136
285,Aluminium,"('ecoinvent-3.4-biosphere', '39555a26-d28b-425f-993f-e8770ab7d9cf')",Al,2.2163292087140587e-08,2.2163292087140587e-08,1.0,6.422536676269254e-14,6.422536676269254e-14,Bauxite (Gibbsite),2.8930041152263373,6.411849521506103e-08,2.8930041152263373,1.8580425034639034e-13,0.3456614509246088,0.3456613868061136
286,Aluminium,"('ecoinvent-3.4-biosphere', '46e63323-cffd-4c46-829b-5f006b50fa9b')",Al,2.2163292087140587e-08,2.2163292087140587e-08,1.0,6.422536676269254e-14,6.422536676269254e-14,Bauxite (Gibbsite),2.8930041152263373,6.411849521506103e-08,2.8930041152263373,1.8580425034639034e-13,0.3456614509246088,0.3456613868061136
287,Aluminium,"('ecoinvent-3.4-biosphere', '01056d4b-f9b0-4dfc-b8d9-8407c8376efb')",Al,2.2163292087140587e-08,2.2163292087140587e-08,1.0,6.422536676269254e-14,6.422536676269254e-14,Bauxite (Gibbsite),2.8930041152263373,6.411849521506103e-08,2.8930041152263373,1.8580425034639034e-13,0.3456614509246088,0.3456613868061136
288,Aluminium,"('ecoinvent-3.4-biosphere', '9c3bd678-1b2f-4b95-a245-d5c8a3fe326b')",Al,2.2163292087140587e-08,2.2163292087140587e-08,1.0,6.422536676269254e-14,6.422536676269254e-14,Bauxite (Gibbsite),2.8930041152263373,6.411849521506103e-08,2.8930041152263373,1.8580425034639034e-13,0.3456614509246088,0.3456613868061136
289,Aluminium,"('ecoinvent-3.4-biosphere', '765546a9-b056-4d27-ad14-2f016511bdcb')",Al,2.2163292087140587e-08,2.2163292087140587e-08,1.0,6.422536676269254e-14,6.422536676269254e-14,Bauxite (Gibbsite),2.8930041152263373,6.411849521506103e-08,2.8930041152263373,1.8580425034639034e-13,0.3456614509246088,0.3456613868061136
290,Aluminium,"('ecoinvent-3.4-biosphere', 'ff65658c-2d39-44a2-b23e-7ec3c644f064')",Al,2.2163292087140587e-08,2.2163292087140587e-08,1.0,6.422536676269254e-14,6.422536676269254e-14,Bauxite (Gibbsite),2.8930041152263373,6.411849521506103e-08,2.8930041152263373,1.8580425034639034e-13,0.3456614509246088,0.3456613868061136
291,Aluminium,"('ecoinvent-3.4-biosphere', '97e498ec-f323-4ec6-bcc0-d8a4c853bae3')",Al,2.2163292087140587e-08,2.2163292087140587e-08,1.0,6.422536676269254e-14,6.422536676269254e-14,Bauxite (Gibbsite),2.8930041152263373,6.411849521506103e-08,2.8930041152263373,1.8580425034639034e-13,0.3456614509246088,0.3456613868061136
292,Chromium,"('ecoinvent-3.4-biosphere', '2a5ed451-12a2-47db-b4dc-fa0bfbc01d79')",Cr,1.8127980480548677e-08,1.8127980480548677e-08,1.0,3.1278613038877847e-13,3.1278613038877847e-13,Chromite,2.152027027027027,3.9011903939559145e-08,2.152027027027027,6.73124206275851e-13,0.46467817896389324,0.4646781399519893
293,Chromium,"('ecoinvent-3.4-biosphere', '591de726-f2c7-43ba-8e22-15fd08acc8dc')",Cr,1.8127980480548677e-08,1.8127980480548677e-08,1.0,3.1278613038877847e-13,3.1278613038877847e-13,Chromite,2.152027027027027,3.9011903939559145e-08,2.152027027027027,6.73124206275851e-13,0.46467817896389324,0.4646781399519893
294,Chromium,"('ecoinvent-3.4-biosphere', '4d40d8e3-9bc7-4ab1-ac5c-4f4a76fda8e5')",Cr,1.8127980480548677e-08,1.8127980480548677e-08,1.0,3.1278613038877847e-13,3.1278613038877847e-13,Chromite,2.152027027027027,3.9011903939559145e-08,2.152027027027027,6.73124206275851e-13,0.46467817896389324,0.4646781399519893
295,Chromium,"('ecoinvent-3.4-biosphere', 'e142b577-e934-4085-9a07-3983d4d92afb')",Cr,1.8127980480548677e-08,1.8127980480548677e-08,1.0,3.1278613038877847e-13,3.1278613038877847e-13,Chromite,2.152027027027027,3.9011903939559145e-08,2.152027027027027,6.73124206275851e-13,0.46467817896389324,0.4646781399519893
296,Chromium,"('ecoinvent-3.4-biosphere', 'e65a9c58-21f1-48b6-b738-d05a8f10e5f3')",Cr,1.8127980480548677e-08,1.8127980480548677e-08,1.0,3.1278613038877847e-13,3.1278613038877847e-13,Chromite,2.152027027027027,3.9011903939559145e-08,2.152027027027027,6.73124206275851e-13,0.46467817896389324,0.4646781399519893
297,Chromium,"('ecoinvent-3.4-biosphere', '7705f0e1-5b14-44f4-b330-1245b5c7fc08')",Cr,1.8127980480548677e-08,1.8127980480548677e-08,1.0,3.1278613038877847e-13,3.1278613038877847e-13,Chromite,2.152027027027027,3.9011903939559145e-08,2.152027027027027,6.73124206275851e-13,0.46467817896389324,0.4646781399519893
298,Chromium,"('ecoinvent-3.4-biosphere', 'e7881581-21b3-4f5c-bd63-6b0684b5e712')",Cr,1.8127980480548677e-08,1.8127980480548677e-08,1.0,3.1278613038877847e-13,3.1278613038877847e-13,Chromite,2.152027027027027,3.9011903939559145e-08,2.152027027027027,6.73124206275851e-13,0.46467817896389324,0.4646781399519893
299,Chromium,"('ecoinvent-3.4-biosphere', '6b29d83a-c43c-484c-8e73-474a8a22d71e')",Cr,1.8127980480548677e-08,1.8127980480548677e-08,1.0,3.1278613038877847e-13,3.1278613038877847e-13,Chromite,2.152027027027027,3.9011903939559145e-08,2.152027027027027,6.73124206275851e-13,0.46467817896389324,0.4646781399519893
300,Chromium,"('ecoinvent-3.4-biosphere', 'e0336c9b-a0ff-4ae3-b8bb-ca1e46bbbc11')",Cr,1.8127980480548677e-08,1.8127980480548677e-08,1.0,3.1278613038877847e-13,3.1278613038877847e-13,Chromite,2.152027027027027,3.9011903939559145e-08,2.152027027027027,6.73124206275851e-13,0.46467817896389324,0.4646781399519893
301,Zinc,"('ecoinvent-3.4-biosphere', '84aa799e-9d98-4d34-85e0-516d28ab1be9')",Zn,1.6136319219146504e-08,1.6136319219146504e-08,1.0,1.0836576745711442e-13,1.0836576745711442e-13,Sphalerite,1.4901477832512315,2.4045500314245407e-08,1.4901477832512315,1.614810081565375e-13,0.6710743801652892,0.6710743561197888
302,Zinc,"('ecoinvent-3.4-biosphere', '8d226423-1351-4366-b09f-d16c9e38683c')",Zn,1.6136319219146504e-08,1.6136319219146504e-08,1.0,1.0836576745711442e-13,1.0836576745711442e-13,Sphalerite,1.4901477832512315,2.4045500314245407e-08,1.4901477832512315,1.614810081565375e-13,0.6710743801652892,0.6710743561197888
303,Zinc,"('ecoinvent-3.4-biosphere', '77887584-ddca-4920-952c-3609730e0c13')",Zn,1.6136319219146504e-08,1.6136319219146504e-08,1.0,1.0836576745711442e-13,1.0836576745711442e-13,Sphalerite,1.4901477832512315,2.4045500314245407e-08,1.4901477832512315,1.614810081565375e-13,0.6710743801652892,0.6710743561197888
304,Zinc,"('ecoinvent-3.4-biosphere', '748f22a9-eba4-4726-bef5-92c7442ce189')",Zn,1.6136319219146504e-08,1.6136319219146504e-08,1.0,1.0836576745711442e-13,1.0836576745711442e-13,Sphalerite,1.4901477832512315,2.4045500314245407e-08,1.4901477832512315,1.614810081565375e-13,0.6710743801652892,0.6710743561197888
305,Zinc,"('ecoinvent-3.4-biosphere', '5ce378a0-b48d-471c-977d-79681521efde')",Zn,1.6136319219146504e-08,1.6136319219146504e-08,1.0,1.0836576745711442e-13,1.0836576745711442e-13,Sphalerite,1.4901477832512315,2.4045500314245407e-08,1.4901477832512315,1.614810081565375e-13,0.6710743801652892,0.6710743561197888
306,Zinc,"('ecoinvent-3.4-biosphere', '8f871bab-96dc-49d9-bf08-12cdd0715901')",Zn,1.6136319219146504e-08,1.6136319219146504e-08,1.0,1.0836576745711442e-13,1.0836576745711442e-13,Sphalerite,1.4901477832512315,2.4045500314245407e-08,1.4901477832512315,1.614810081565375e-13,0.6710743801652892,0.6710743561197888
307,Zinc,"('ecoinvent-3.4-biosphere', '87a69874-34f9-4070-a525-aa301ab2634b')",Zn,1.6136319219146504e-08,1.6136319219146504e-08,1.0,1.0836576745711442e-13,1.0836576745711442e-13,Sphalerite,1.4901477832512315,2.4045500314245407e-08,1.4901477832512315,1.614810081565375e-13,0.6710743801652892,0.6710743561197888
308,Zinc,"('ecoinvent-3.4-biosphere', 'b88999ec-84fd-462d-9dec-7e20a4636a58')",Zn,1.6136319219146504e-08,1.6136319219146504e-08,1.0,1.0836576745711442e-13,1.0836576745711442e-13,Sphalerite,1.4901477832512315,2.4045500314245407e-08,1.4901477832512315,1.614810081565375e-13,0.6710743801652892,0.6710743561197888
309,Zinc,"('ecoinvent-3.4-biosphere', 'ada3ecfe-8244-4389-bcce-e83ca4f66e09')",Zn,1.6136319219146504e-08,1.6136319219146504e-08,1.0,1.0836576745711442e-13,1.0836576745711442e-13,Sphalerite,1.4901477832512315,2.4045500314245407e-08,1.4901477832512315,1.614810081565375e-13,0.6710743801652892,0.6710743561197888
310,Lead,"('ecoinvent-3.4-biosphere', '2718482b-8399-442e-b89a-52fbcc22d2e6')",Pb,1.5692861442309014e-08,1.5692861442309014e-08,1.0,1.1855254708054448e-13,1.1855254708054448e-13,Galena,1.1560975609756097,1.814247883818164e-08,1.1560975609756097,1.370583105272636e-13,0.8649789029535866,0.8649788848111077
311,Lead,"('ecoinvent-3.4-biosphere', '4010918f-7fd0-4925-8fbb-8fd7a44a806c')",Pb,1.5692861442309014e-08,1.5692861442309014e-08,1.0,1.1855254708054448e-13,1.1855254708054448e-13,Galena,1.1560975609756097,1.814247883818164e-08,1.1560975609756097,1.370583105272636e-13,0.8649789029535866,0.8649788848111077
312,Lead,"('ecoinvent-3.4-biosphere', '31c4d160-b21e-41b3-b9c1-3d7a72377653')",Pb,1.5692861442309014e-08,1.5692861442309014e-08,1.0,1.1855254708054448e-13,1.1855254708054448e-13,Galena,1.1560975609756097,1.814247883818164e-08,1.1560975609756097,1.370583105272636e-13,0.8649789029535866,0.8649788848111077
313,Lead,"('ecoinvent-3.4-biosphere', '0ff15165-d761-48c9-9814-2d1dcdd56857')",Pb,1.5692861442309014e-08,1.5692861442309014e-08,1.0,1.1855254708054448e-13,1.1855254708054448e-13,Galena,1.1560975609756097,1.814247883818164e-08,1.1560975609756097,1.370583105272636e-13,0.8649789029535866,0.8649788848111077
314,Lead,"('ecoinvent-3.4-biosphere', 'c864aa15-0abc-41ad-9889-348106e485d8')",Pb,1.5692861442309014e-08,1.5692861442309014e-08,1.0,1.1855254708054448e-13,1.1855254708054448e-13,Galena,1.1560975609756097,1.814247883818164e-08,1.1560975609756097,1.370583105272636e-13,0.8649789029535866,0.8649788848111077
315,Lead,"('ecoinvent-3.4-biosphere', '9ee7f4ab-b826-47ae-8623-e138f944b42e')",Pb,1.5692861442309014e-08,1.5692861442309014e-08,1.0,1.1855254708054448e-13,1.1855254708054448e-13,Galena,1.1560975609756097,1.814247883818164e-08,1.1560975609756097,1.370583105272636e-13,0.8649789029535866,0.8649788848111077
316,Lead,"('ecoinvent-3.4-biosphere', 'b3ebdcc3-c588-4997-95d2-9785b26b34e1')",Pb,1.5692861442309014e-08,1.5692861442309014e-08,1.0,1.1855254708054448e-13,1.1855254708054448e-13,Galena,1.1560975609756097,1.814247883818164e-08,1.1560975609756097,1.370583105272636e-13,0.8649789029535866,0.8649788848111077
317,Lead,"('ecoinvent-3.4-biosphere', 'e9e856c2-868e-435e-8425-8df1c9297cfc')",Pb,1.5692861442309014e-08,1.5692861442309014e-08,1.0,1.1855254708054448e-13,1.1855254708054448e-13,Galena,1.1560975609756097,1.814247883818164e-08,1.1560975609756097,1.370583105272636e-13,0.8649789029535866,0.8649788848111077
318,Lead,"('ecoinvent-3.4-biosphere', '739234c8-5359-48b4-983f-9cb170d68c8d')",Pb,1.5692861442309014e-08,1.5692861442309014e-08,1.0,1.1855254708054448e-13,1.1855254708054448e-13,Galena,1.1560975609756097,1.814247883818164e-08,1.1560975609756097,1.370583105272636e-13,0.8649789029535866,0.8649788848111077
319,Lead,"('ecoinvent-3.4-biosphere', '8e123669-94d3-41d8-9480-a79211fe7c43')",Pb,1.5692861442309014e-08,1.5692861442309014e-08,1.0,1.1855254708054448e-13,1.1855254708054448e-13,Galena,1.1560975609756097,1.814247883818164e-08,1.1560975609756097,1.370583105272636e-13,0.8649789029535866,0.8649788848111077
320,Lead,"('ecoinvent-3.4-biosphere', '6a903634-c97f-4c49-a7c0-88f0e6ac7a23')",Pb,1.5692861442309014e-08,1.5692861442309014e-08,1.0,1.1855254708054448e-13,1.1855254708054448e-13,Galena,1.1560975609756097,1.814247883818164e-08,1.1560975609756097,1.370583105272636e-13,0.8649789029535866,0.8649788848111077
321,Lead,"('ecoinvent-3.4-biosphere', 'fe4613d7-1ed8-427d-9b06-c8e8f4f5e1b1')",Pb,1.5692861442309014e-08,1.5692861442309014e-08,1.0,1.1855254708054448e-13,1.1855254708054448e-13,Galena,1.1560975609756097,1.814247883818164e-08,1.1560975609756097,1.370583105272636e-13,0.8649789029535866,0.8649788848111077
322,Lead,"('ecoinvent-3.4-biosphere', '837083ce-41cd-49f3-a849-d79564dac238')",Pb,1.5692861442309014e-08,1.5692861442309014e-08,1.0,1.1855254708054448e-13,1.1855254708054448e-13,Galena,1.1560975609756097,1.814247883818164e-08,1.1560975609756097,1.370583105272636e-13,0.8649789029535866,0.8649788848111077
323,Lead,"('ecoinvent-3.4-biosphere', '67652827-017f-4856-8d0a-c97bac4c6562')",Pb,1.5692861442309014e-08,1.5692861442309014e-08,1.0,1.1855254708054448e-13,1.1855254708054448e-13,Galena,1.1560975609756097,1.814247883818164e-08,1.1560975609756097,1.370583105272636e-13,0.8649789029535866,0.8649788848111077
324,Cobalt,"('ecoinvent-3.4-biosphere', '74eb3f02-09ec-46ce-8ee8-d67d0900136b')",Co,1.4818791763875378e-08,1.4818791763875378e-08,1.0,1.9447495148453946e-12,1.9447495148453946e-12,Linnaeite,1.727272727272727,2.559609486487565e-08,1.727272727272727,3.3591127983693174e-12,0.5789473684210527,0.5789473428249577
325,Cobalt,"('ecoinvent-3.4-biosphere', '12051b95-831a-49c0-9a70-fbc0e8fb9af9')",Co,1.4818791763875378e-08,1.4818791763875378e-08,1.0,1.9447495148453946e-12,1.9447495148453946e-12,Linnaeite,1.727272727272727,2.559609486487565e-08,1.727272727272727,3.3591127983693174e-12,0.5789473684210527,0.5789473428249577
326,Cobalt,"('ecoinvent-3.4-biosphere', 'd4291dd5-dae8-47fa-bf06-466fcecbc210')",Co,1.4818791763875378e-08,1.4818791763875378e-08,1.0,1.9447495148453946e-12,1.9447495148453946e-12,Linnaeite,1.727272727272727,2.559609486487565e-08,1.727272727272727,3.3591127983693174e-12,0.5789473684210527,0.5789473428249577
327,Cobalt,"('ecoinvent-3.4-biosphere', '9542444c-7c7a-48e2-bc9c-9c7c34fb7b3e')",Co,1.4818791763875378e-08,1.4818791763875378e-08,1.0,1.9447495148453946e-12,1.9447495148453946e-12,Linnaeite,1.727272727272727,2.559609486487565e-08,1.727272727272727,3.3591127983693174e-12,0.5789473684210527,0.5789473428249577
328,Cobalt,"('ecoinvent-3.4-biosphere', 'c58d25ad-30d2-4fac-a857-1fa6f67afe8a')",Co,1.4818791763875378e-08,1.4818791763875378e-08,1.0,1.9447495148453946e-12,1.9447495148453946e-12,Linnaeite,1.727272727272727,2.559609486487565e-08,1.727272727272727,3.3591127983693174e-12,0.5789473684210527,0.5789473428249577
329,Cobalt,"('ecoinvent-3.4-biosphere', 'caf066cf-40ce-47a8-ba4c-969fcd6019c7')",Co,1.4818791763875378e-08,1.4818791763875378e-08,1.0,1.9447495148453946e-12,1.9447495148453946e-12,Linnaeite,1.727272727272727,2.559609486487565e-08,1.727272727272727,3.3591127983693174e-12,0.5789473684210527,0.5789473428249577
330,Cobalt,"('ecoinvent-3.4-biosphere', 'f0d1c319-249f-4a89-b0e7-3a5a90a54036')",Co,1.4818791763875378e-08,1.4818791763875378e-08,1.0,1.9447495148453946e-12,1.9447495148453946e-12,Linnaeite,1.727272727272727,2.559609486487565e-08,1.727272727272727,3.3591127983693174e-12,0.5789473684210527,0.5789473428249577
331,Cobalt,"('ecoinvent-3.4-biosphere', 'f0e28a62-ddf9-4c93-af81-676a58c3f2d4')",Co,1.4818791763875378e-08,1.4818791763875378e-08,1.0,1.9447495148453946e-12,1.9447495148453946e-12,Linnaeite,1.727272727272727,2.559609486487565e-08,1.727272727272727,3.3591127983693174e-12,0.5789473684210527,0.5789473428249577
332,Cobalt,"('ecoinvent-3.4-biosphere', 'ca04300a-8338-4601-ba7c-66c10a4f6322')",Co,1.4818791763875378e-08,1.4818791763875378e-08,1.0,1.9447495148453946e-12,1.9447495148453946e-12,Linnaeite,1.727272727272727,2.559609486487565e-08,1.727272727272727,3.3591127983693174e-12,0.5789473684210527,0.5789473428249577
333,Cobalt,"('ecoinvent-3.4-biosphere', '1e904267-caa3-40e6-a3a0-fc104489770b')",Co,1.4818791763875378e-08,1.4818791763875378e-08,1.0,1.9447495148453946e-12,1.9447495148453946e-12,Linnaeite,1.727272727272727,2.559609486487565e-08,1.727272727272727,3.3591127983693174e-12,0.5789473684210527,0.5789473428249577
334,Cobalt,"('ecoinvent-3.4-biosphere', '33627701-feca-434d-a192-674a450eaaf7')",Co,1.4818791763875378e-08,1.4818791763875378e-08,1.0,1.9447495148453946e-12,1.9447495148453946e-12,Linnaeite,1.727272727272727,2.559609486487565e-08,1.727272727272727,3.3591127983693174e-12,0.5789473684210527,0.5789473428249577
335,Cobalt,"('ecoinvent-3.4-biosphere', '381a22c9-3722-4378-810d-86958f7b6d32')",Co,1.4818791763875378e-08,1.4818791763875378e-08,1.0,1.9447495148453946e-12,1.9447495148453946e-12,Linnaeite,1.727272727272727,2.559609486487565e-08,1.727272727272727,3.3591127983693174e-12,0.5789473684210527,0.5789473428249577
336,Cobalt,"('ecoinvent-3.4-biosphere', '9ce88274-57b6-42ed-a78b-4abef2301865')",Co,1.4818791763875378e-08,1.4818791763875378e-08,1.0,1.9447495148453946e-12,1.9447495148453946e-12,Linnaeite,1.727272727272727,2.559609486487565e-08,1.727272727272727,3.3591127983693174e-12,0.5789473684210527,0.5789473428249577
337,Cobalt,"('ecoinvent-3.4-biosphere', 'b10faa87-2c1d-4f6e-aa65-9f80b376939a')",Co,1.4818791763875378e-08,1.4818791763875378e-08,1.0,1.9447495148453946e-12,1.9447495148453946e-12,Linnaeite,1.727272727272727,2.559609486487565e-08,1.727272727272727,3.3591127983693174e-12,0.5789473684210527,0.5789473428249577
338,Aluminium,"('ecoinvent-3.4-biosphere', '7880e65c-0321-4295-ba55-3186ad36e489')",Al,1.3390278912931914e-08,1.3390278912931914e-08,1.0,6.422536676269254e-14,6.422536676269254e-14,Bauxite (Gibbsite),2.8930041152263373,3.8738131999140475e-08,2.8930041152263373,1.8580425034639034e-13,0.3456614509246088,0.34566141218647684
339,Aluminium,"('ecoinvent-3.4-biosphere', '2e0c9efa-d55c-49db-8be3-0376d5921ff4')",Al,1.3390278912931914e-08,1.3390278912931914e-08,1.0,6.422536676269254e-14,6.422536676269254e-14,Bauxite (Gibbsite),2.8930041152263373,3.8738131999140475e-08,2.8930041152263373,1.8580425034639034e-13,0.3456614509246088,0.34566141218647684
340,Aluminium,"('ecoinvent-3.4-biosphere', '0ace7678-a181-48e8-8728-d912a8b56c57')",Al,1.3390278912931914e-08,1.3390278912931914e-08,1.0,6.422536676269254e-14,6.422536676269254e-14,Bauxite (Gibbsite),2.8930041152263373,3.8738131999140475e-08,2.8930041152263373,1.8580425034639034e-13,0.3456614509246088,0.34566141218647684
341,Aluminium,"('ecoinvent-3.4-biosphere', 'd96403bf-902e-4b7a-8ffd-32fe09e4017f')",Al,1.3390278912931914e-08,1.3390278912931914e-08,1.0,6.422536676269254e-14,6.422536676269254e-14,Bauxite (Gibbsite),2.8930041152263373,3.8738131999140475e-08,2.8930041152263373,1.8580425034639034e-13,0.3456614509246088,0.34566141218647684
342,Aluminium,"('ecoinvent-3.4-biosphere', '2baa4381-b781-4f5e-90de-508b0fa3fd1f')",Al,1.3390278912931914e-08,1.3390278912931914e-08,1.0,6.422536676269254e-14,6.422536676269254e-14,Bauxite (Gibbsite),2.8930041152263373,3.8738131999140475e-08,2.8930041152263373,1.8580425034639034e-13,0.3456614509246088,0.34566141218647684
343,Aluminium,"('ecoinvent-3.4-biosphere', '6f0b8b7c-3888-4174-b7e3-916d42d678ee')",Al,1.3390278912931914e-08,1.3390278912931914e-08,1.0,6.422536676269254e-14,6.422536676269254e-14,Bauxite (Gibbsite),2.8930041152263373,3.8738131999140475e-08,2.8930041152263373,1.8580425034639034e-13,0.3456614509246088,0.34566141218647684
344,Aluminium,"('ecoinvent-3.4-biosphere', 'e0401210-0377-4670-84af-12247ca20bed')",Al,1.3390278912931914e-08,1.3390278912931914e-08,1.0,6.422536676269254e-14,6.422536676269254e-14,Bauxite (Gibbsite),2.8930041152263373,3.8738131999140475e-08,2.8930041152263373,1.8580425034639034e-13,0.3456614509246088,0.34566141218647684
345,Aluminium,"('ecoinvent-3.4-biosphere', '39555a26-d28b-425f-993f-e8770ab7d9cf')",Al,1.3390278912931914e-08,1.3390278912931914e-08,1.0,6.422536676269254e-14,6.422536676269254e-14,Bauxite (Gibbsite),2.8930041152263373,3.8738131999140475e-08,2.8930041152263373,1.8580425034639034e-13,0.3456614509246088,0.34566141218647684
346,Aluminium,"('ecoinvent-3.4-biosphere', '46e63323-cffd-4c46-829b-5f006b50fa9b')",Al,1.3390278912931914e-08,1.3390278912931914e-08,1.0,6.422536676269254e-14,6.422536676269254e-14,Bauxite (Gibbsite),2.8930041152263373,3.8738131999140475e-08,2.8930041152263373,1.8580425034639034e-13,0.3456614509246088,0.34566141218647684
347,Aluminium,"('ecoinvent-3.4-biosphere', '01056d4b-f9b0-4dfc-b8d9-8407c8376efb')",Al,1.3390278912931914e-08,1.3390278912931914e-08,1.0,6.422536676269254e-14,6.422536676269254e-14,Bauxite (Gibbsite),2.8930041152263373,3.8738131999140475e-08,2.8930041152263373,1.8580425034639034e-13,0.3456614509246088,0.34566141218647684
348,Aluminium,"('ecoinvent-3.4-biosphere', '9c3bd678-1b2f-4b95-a245-d5c8a3fe326b')",Al,1.3390278912931914e-08,1.3390278912931914e-08,1.0,6.422536676269254e-14,6.422536676269254e-14,Bauxite (Gibbsite),2.8930041152263373,3.8738131999140475e-08,2.8930041152263373,1.8580425034639034e-13,0.3456614509246088,0.34566141218647684
349,Aluminium,"('ecoinvent-3.4-biosphere', '765546a9-b056-4d27-ad14-2f016511bdcb')",Al,1.3390278912931914e-08,1.3390278912931914e-08,1.0,6.422536676269254e-14,6.422536676269254e-14,Bauxite (Gibbsite),2.8930041152263373,3.8738131999140475e-08,2.8930041152263373,1.8580425034639034e-13,0.3456614509246088,0.34566141218647684
350,Aluminium,"('ecoinvent-3.4-biosphere', 'ff65658c-2d39-44a2-b23e-7ec3c644f064')",Al,1.3390278912931914e-08,1.3390278912931914e-08,1.0,6.422536676269254e-14,6.422536676269254e-14,Bauxite (Gibbsite),2.8930041152263373,3.8738131999140475e-08,2.8930041152263373,1.8580425034639034e-13,0.3456614509246088,0.34566141218647684
351,Aluminium,"('ecoinvent-3.4-biosphere', '97e498ec-f323-4ec6-bcc0-d8a4c853bae3')",Al,1.3390278912931914e-08,1.3390278912931914e-08,1.0,6.422536676269254e-14,6.422536676269254e-14,Bauxite (Gibbsite),2.8930041152263373,3.8738131999140475e-08,2.8930041152263373,1.8580425034639034e-13,0.3456614509246088,0.34566141218647684
352,Iron,"('ecoinvent-3.4-biosphere', '8dba66e2-0f2e-4038-84ef-1e40b4f573a6')",Fe,9.735559587874307e-09,9.735559587874307e-09,1.0,4.282654305987987e-15,4.282654305987987e-15,Hematite,1.0,9.735559587874307e-09,1.0,4.282654305987987e-15,1.0,0.9999999902644404
353,Iron,"('ecoinvent-3.4-biosphere', 'db364689-e1a3-4629-8835-e6c59d6daf09')",Fe,9.735559587874307e-09,9.735559587874307e-09,1.0,4.282654305987987e-15,4.282654305987987e-15,Hematite,1.0,9.735559587874307e-09,1.0,4.282654305987987e-15,1.0,0.9999999902644404
354,Iron,"('ecoinvent-3.4-biosphere', '76152de4-9499-48f7-af98-a5d41842484a')",Fe,9.735559587874307e-09,9.735559587874307e-09,1.0,4.282654305987987e-15,4.282654305987987e-15,Hematite,1.0,9.735559587874307e-09,1.0,4.282654305987987e-15,1.0,0.9999999902644404
355,Iron,"('ecoinvent-3.4-biosphere', 'c983ad54-12e9-47a5-b747-5e5c448e58e2')",Fe,9.735559587874307e-09,9.735559587874307e-09,1.0,4.282654305987987e-15,4.282654305987987e-15,Hematite,1.0,9.735559587874307e-09,1.0,4.282654305987987e-15,1.0,0.9999999902644404
356,Iron,"('ecoinvent-3.4-biosphere', '32cd0492-c0cb-4898-a2b1-675eedc5b688')",Fe,9.735559587874307e-09,9.735559587874307e-09,1.0,4.282654305987987e-15,4.282654305987987e-15,Hematite,1.0,9.735559587874307e-09,1.0,4.282654305987987e-15,1.0,0.9999999902644404
357,Iron,"('ecoinvent-3.4-biosphere', 'e3043a7f-5347-4c7b-89ee-93f11b2f6d9b')",Fe,9.735559587874307e-09,9.735559587874307e-09,1.0,4.282654305987987e-15,4.282654305987987e-15,Hematite,1.0,9.735559587874307e-09,1.0,4.282654305987987e-15,1.0,0.9999999902644404
358,Iron,"('ecoinvent-3.4-biosphere', '98693cdf-d9fc-43ed-bfe6-78dfe5742d33')",Fe,9.735559587874307e-09,9.735559587874307e-09,1.0,4.282654305987987e-15,4.282654305987987e-15,Hematite,1.0,9.735559587874307e-09,1.0,4.282654305987987e-15,1.0,0.9999999902644404
359,Iron,"('ecoinvent-3.4-biosphere', '0dc0bbb0-1141-4dff-b6a2-8bd5368e14af')",Fe,9.735559587874307e-09,9.735559587874307e-09,1.0,4.282654305987987e-15,4.282654305987987e-15,Hematite,1.0,9.735559587874307e-09,1.0,4.282654305987987e-15,1.0,0.9999999902644404
360,Iron,"('ecoinvent-3.4-biosphere', 'ce567bdc-76ec-4ca0-be79-8bb796e448b3')",Fe,9.735559587874307e-09,9.735559587874307e-09,1.0,4.282654305987987e-15,4.282654305987987e-15,Hematite,1.0,9.735559587874307e-09,1.0,4.282654305987987e-15,1.0,0.9999999902644404
361,Iron,"('ecoinvent-3.4-biosphere', 'e8bd2edd-f937-49f6-9e8b-9f445278775e')",Fe,9.735559587874307e-09,9.735559587874307e-09,1.0,4.282654305987987e-15,4.282654305987987e-15,Hematite,1.0,9.735559587874307e-09,1.0,4.282654305987987e-15,1.0,0.9999999902644404
362,"Tin, ion","('ecoinvent-3.4-biosphere', 'd5c40848-fc29-47fa-90a4-46db64a45a4e')",Sn,9.711904365385579e-09,9.711904365385579e-09,1.0,1.3268575464212294e-13,1.3268575464212294e-13,Cassiterite,1.26875,1.2321978663582954e-08,1.26875,1.6834505120219348e-13,0.7881773399014778,0.7881773275794991
363,"Tin, ion","('ecoinvent-3.4-biosphere', '60a6702f-20ad-444f-a6df-f6374f1e3183')",Sn,9.711904365385579e-09,9.711904365385579e-09,1.0,1.3268575464212294e-13,1.3268575464212294e-13,Cassiterite,1.26875,1.2321978663582954e-08,1.26875,1.6834505120219348e-13,0.7881773399014778,0.7881773275794991
364,"Tin, ion","('ecoinvent-3.4-biosphere', 'f73177d8-5e57-4f0d-ba34-6889cfdfed40')",Sn,9.711904365385579e-09,9.711904365385579e-09,1.0,1.3268575464212294e-13,1.3268575464212294e-13,Cassiterite,1.26875,1.2321978663582954e-08,1.26875,1.6834505120219348e-13,0.7881773399014778,0.7881773275794991
365,"Tin, ion","('ecoinvent-3.4-biosphere', '3ddb2e36-bc1b-43a5-8ef4-cbcdbeeeea70')",Sn,9.711904365385579e-09,9.711904365385579e-09,1.0,1.3268575464212294e-13,1.3268575464212294e-13,Cassiterite,1.26875,1.2321978663582954e-08,1.26875,1.6834505120219348e-13,0.7881773399014778,0.7881773275794991
366,"Tin, ion","('ecoinvent-3.4-biosphere', '2a992e5e-9f16-47b8-8bcb-733d00bed658')",Sn,9.711904365385579e-09,9.711904365385579e-09,1.0,1.3268575464212294e-13,1.3268575464212294e-13,Cassiterite,1.26875,1.2321978663582954e-08,1.26875,1.6834505120219348e-13,0.7881773399014778,0.7881773275794991
367,Manganese,"('ecoinvent-3.4-biosphere', '295060ba-3c3d-45e4-99ca-e17b1204b553')",Mn,7.924957679962621e-09,7.924957679962621e-09,1.0,6.485008032108113e-14,6.485008032108113e-14,Pyrolusite,1.5822784810126582,1.2539489999940856e-08,1.5822784810126582,1.0261088658398912e-13,0.632,0.63199998746051
368,Manganese,"('ecoinvent-3.4-biosphere', '0af26a55-d357-469f-abad-8ced785cb4fb')",Mn,7.924957679962621e-09,7.924957679962621e-09,1.0,6.485008032108113e-14,6.485008032108113e-14,Pyrolusite,1.5822784810126582,1.2539489999940856e-08,1.5822784810126582,1.0261088658398912e-13,0.632,0.63199998746051
369,Manganese,"('ecoinvent-3.4-biosphere', 'b0546417-3064-4878-bd6f-2da75cefdf63')",Mn,7.924957679962621e-09,7.924957679962621e-09,1.0,6.485008032108113e-14,6.485008032108113e-14,Pyrolusite,1.5822784810126582,1.2539489999940856e-08,1.5822784810126582,1.0261088658398912e-13,0.632,0.63199998746051
370,Manganese,"('ecoinvent-3.4-biosphere', 'c91fd4bf-ed70-4e2f-a34f-159773f981b6')",Mn,7.924957679962621e-09,7.924957679962621e-09,1.0,6.485008032108113e-14,6.485008032108113e-14,Pyrolusite,1.5822784810126582,1.2539489999940856e-08,1.5822784810126582,1.0261088658398912e-13,0.632,0.63199998746051
371,Manganese,"('ecoinvent-3.4-biosphere', '10cbd2f7-c41b-4bb4-b636-d8fc15cf0282')",Mn,7.924957679962621e-09,7.924957679962621e-09,1.0,6.485008032108113e-14,6.485008032108113e-14,Pyrolusite,1.5822784810126582,1.2539489999940856e-08,1.5822784810126582,1.0261088658398912e-13,0.632,0.63199998746051
372,Manganese,"('ecoinvent-3.4-biosphere', '2460f868-54a9-404c-bec8-c809a44ae72c')",Mn,7.924957679962621e-09,7.924957679962621e-09,1.0,6.485008032108113e-14,6.485008032108113e-14,Pyrolusite,1.5822784810126582,1.2539489999940856e-08,1.5822784810126582,1.0261088658398912e-13,0.632,0.63199998746051
373,Manganese,"('ecoinvent-3.4-biosphere', '009a49e8-09a7-4432-9cb9-f2dd18e8f922')",Mn,7.924957679962621e-09,7.924957679962621e-09,1.0,6.485008032108113e-14,6.485008032108113e-14,Pyrolusite,1.5822784810126582,1.2539489999940856e-08,1.5822784810126582,1.0261088658398912e-13,0.632,0.63199998746051
374,Manganese,"('ecoinvent-3.4-biosphere', '9ba8c05d-1593-45a5-8d3b-5c4f3e9fef32')",Mn,7.924957679962621e-09,7.924957679962621e-09,1.0,6.485008032108113e-14,6.485008032108113e-14,Pyrolusite,1.5822784810126582,1.2539489999940856e-08,1.5822784810126582,1.0261088658398912e-13,0.632,0.63199998746051
375,Manganese,"('ecoinvent-3.4-biosphere', '835d0907-a668-4d92-b6b6-7b56fa343713')",Mn,7.924957679962621e-09,7.924957679962621e-09,1.0,6.485008032108113e-14,6.485008032108113e-14,Pyrolusite,1.5822784810126582,1.2539489999940856e-08,1.5822784810126582,1.0261088658398912e-13,0.632,0.63199998746051
376,Manganese,"('ecoinvent-3.4-biosphere', '9c706cff-cb82-4207-a589-95896e04dc08')",Mn,7.924957679962621e-09,7.924957679962621e-09,1.0,6.485008032108113e-14,6.485008032108113e-14,Pyrolusite,1.5822784810126582,1.2539489999940856e-08,1.5822784810126582,1.0261088658398912e-13,0.632,0.63199998746051
377,Manganese,"('ecoinvent-3.4-biosphere', '42053ffb-9284-49cb-88f9-33ac5c77be4a')",Mn,7.924957679962621e-09,7.924957679962621e-09,1.0,6.485008032108113e-14,6.485008032108113e-14,Pyrolusite,1.5822784810126582,1.2539489999940856e-08,1.5822784810126582,1.0261088658398912e-13,0.632,0.63199998746051
378,Manganese,"('ecoinvent-3.4-biosphere', '44f28e11-061d-44fd-8f25-dc62a9f1fa57')",Mn,7.924957679962621e-09,7.924957679962621e-09,1.0,6.485008032108113e-14,6.485008032108113e-14,Pyrolusite,1.5822784810126582,1.2539489999940856e-08,1.5822784810126582,1.0261088658398912e-13,0.632,0.63199998746051
379,Manganese,"('ecoinvent-3.4-biosphere', '6b7fbea6-4a86-40f9-954d-3c9b3611abfd')",Mn,7.924957679962621e-09,7.924957679962621e-09,1.0,6.485008032108113e-14,6.485008032108113e-14,Pyrolusite,1.5822784810126582,1.2539489999940856e-08,1.5822784810126582,1.0261088658398912e-13,0.632,0.63199998746051
380,Manganese,"('ecoinvent-3.4-biosphere', 'f532985c-90b7-46fc-aac9-b039b40e22f1')",Mn,7.924957679962621e-09,7.924957679962621e-09,1.0,6.485008032108113e-14,6.485008032108113e-14,Pyrolusite,1.5822784810126582,1.2539489999940856e-08,1.5822784810126582,1.0261088658398912e-13,0.632,0.63199998746051
381,"Zinc, ion","('ecoinvent-3.4-biosphere', '2c7be02c-791f-4fef-b231-b90321bbeb30')",Zn,7.519400413217772e-09,7.519400413217772e-09,1.0,1.0836576745711442e-13,1.0836576745711442e-13,Sphalerite,1.4901477832512315,1.1205017857134856e-08,1.4901477832512315,1.614810081565375e-13,0.6710743801652892,0.6710743689602714
382,"Zinc, ion","('ecoinvent-3.4-biosphere', '2195d86f-e4c8-4e86-9f18-b5b065b1df7e')",Zn,7.519400413217772e-09,7.519400413217772e-09,1.0,1.0836576745711442e-13,1.0836576745711442e-13,Sphalerite,1.4901477832512315,1.1205017857134856e-08,1.4901477832512315,1.614810081565375e-13,0.6710743801652892,0.6710743689602714
383,"Zinc, ion","('ecoinvent-3.4-biosphere', '7e769b3e-03fb-4b53-be15-85a910dcfea9')",Zn,7.519400413217772e-09,7.519400413217772e-09,1.0,1.0836576745711442e-13,1.0836576745711442e-13,Sphalerite,1.4901477832512315,1.1205017857134856e-08,1.4901477832512315,1.614810081565375e-13,0.6710743801652892,0.6710743689602714
384,"Zinc, ion","('ecoinvent-3.4-biosphere', '541b633c-17a3-4047-bce6-0c0e4fdb7c10')",Zn,7.519400413217772e-09,7.519400413217772e-09,1.0,1.0836576745711442e-13,1.0836576745711442e-13,Sphalerite,1.4901477832512315,1.1205017857134856e-08,1.4901477832512315,1.614810081565375e-13,0.6710743801652892,0.6710743689602714
385,"Zinc, ion","('ecoinvent-3.4-biosphere', 'bdce3a7c-e008-4391-be26-285f71a02453')",Zn,7.519400413217772e-09,7.519400413217772e-09,1.0,1.0836576745711442e-13,1.0836576745711442e-13,Sphalerite,1.4901477832512315,1.1205017857134856e-08,1.4901477832512315,1.614810081565375e-13,0.6710743801652892,0.6710743689602714
386,Nickel,"('ecoinvent-3.4-biosphere', '5de1943f-b011-45a0-97d4-ed15eea6a382')",Ni,7.477388452837547e-09,7.477388452837547e-09,1.0,9.066741688482605e-14,9.066741688482605e-14,Pentlandite(sulphides) / Garnierite(laterites),2.9342028985507245,2.194017487190565e-08,2.9342028985507245,2.660365974275635e-13,0.3393665158371041,0.3393664938969292
387,Nickel,"('ecoinvent-3.4-biosphere', '56815b4f-6138-4e0b-9fac-c94fd6b102b3')",Ni,7.477388452837547e-09,7.477388452837547e-09,1.0,9.066741688482605e-14,9.066741688482605e-14,Pentlandite(sulphides) / Garnierite(laterites),2.9342028985507245,2.194017487190565e-08,2.9342028985507245,2.660365974275635e-13,0.3393665158371041,0.3393664938969292
388,Nickel,"('ecoinvent-3.4-biosphere', 'e43a270f-4f88-4789-a0b8-7aba56677743')",Ni,7.477388452837547e-09,7.477388452837547e-09,1.0,9.066741688482605e-14,9.066741688482605e-14,Pentlandite(sulphides) / Garnierite(laterites),2.9342028985507245,2.194017487190565e-08,2.9342028985507245,2.660365974275635e-13,0.3393665158371041,0.3393664938969292
389,Nickel,"('ecoinvent-3.4-biosphere', 'c89873de-cd23-4323-a948-f5cfeebd2fc9')",Ni,7.477388452837547e-09,7.477388452837547e-09,1.0,9.066741688482605e-14,9.066741688482605e-14,Pentlandite(sulphides) / Garnierite(laterites),2.9342028985507245,2.194017487190565e-08,2.9342028985507245,2.660365974275635e-13,0.3393665158371041,0.3393664938969292
390,Nickel,"('ecoinvent-3.4-biosphere', 'b4580545-243d-48d2-a3a0-2633a4f46fb1')",Ni,7.477388452837547e-09,7.477388452837547e-09,1.0,9.066741688482605e-14,9.066741688482605e-14,Pentlandite(sulphides) / Garnierite(laterites),2.9342028985507245,2.194017487190565e-08,2.9342028985507245,2.660365974275635e-13,0.3393665158371041,0.3393664938969292
391,Nickel,"('ecoinvent-3.4-biosphere', 'e8fc62ba-678e-4706-97d2-b79d83e227d5')",Ni,7.477388452837547e-09,7.477388452837547e-09,1.0,9.066741688482605e-14,9.066741688482605e-14,Pentlandite(sulphides) / Garnierite(laterites),2.9342028985507245,2.194017487190565e-08,2.9342028985507245,2.660365974275635e-13,0.3393665158371041,0.3393664938969292
392,Nickel,"('ecoinvent-3.4-biosphere', '0545c382-2312-43b6-9ec3-63dbb1438565')",Ni,7.477388452837547e-09,7.477388452837547e-09,1.0,9.066741688482605e-14,9.066741688482605e-14,Pentlandite(sulphides) / Garnierite(laterites),2.9342028985507245,2.194017487190565e-08,2.9342028985507245,2.660365974275635e-13,0.3393665158371041,0.3393664938969292
393,Nickel,"('ecoinvent-3.4-biosphere', '2bcad3b3-5305-481c-a166-ad5e6eac2675')",Ni,7.477388452837547e-09,7.477388452837547e-09,1.0,9.066741688482605e-14,9.066741688482605e-14,Pentlandite(sulphides) / Garnierite(laterites),2.9342028985507245,2.194017487190565e-08,2.9342028985507245,2.660365974275635e-13,0.3393665158371041,0.3393664938969292
394,Nickel,"('ecoinvent-3.4-biosphere', 'a72a45ee-395a-4d25-b893-9d183e43e76e')",Ni,7.477388452837547e-09,7.477388452837547e-09,1.0,9.066741688482605e-14,9.066741688482605e-14,Pentlandite(sulphides) / Garnierite(laterites),2.9342028985507245,2.194017487190565e-08,2.9342028985507245,2.660365974275635e-13,0.3393665158371041,0.3393664938969292
395,Nickel,"('ecoinvent-3.4-biosphere', 'a5506f4b-113f-4713-95c3-c819dde6e48b')",Ni,7.477388452837547e-09,7.477388452837547e-09,1.0,9.066741688482605e-14,9.066741688482605e-14,Pentlandite(sulphides) / Garnierite(laterites),2.9342028985507245,2.194017487190565e-08,2.9342028985507245,2.660365974275635e-13,0.3393665158371041,0.3393664938969292
396,Aluminium,"('ecoinvent-3.4-biosphere', '7880e65c-0321-4295-ba55-3186ad36e489')",Al,6.903198719802243e-09,6.903198719802243e-09,1.0,6.422536676269254e-14,6.422536676269254e-14,Bauxite (Gibbsite),2.8930041152263373,1.997098230461307e-08,2.8930041152263373,1.8580425034639034e-13,0.3456614509246088,0.3456614309536265
397,Aluminium,"('ecoinvent-3.4-biosphere', '2e0c9efa-d55c-49db-8be3-0376d5921ff4')",Al,6.903198719802243e-09,6.903198719802243e-09,1.0,6.422536676269254e-14,6.422536676269254e-14,Bauxite (Gibbsite),2.8930041152263373,1.997098230461307e-08,2.8930041152263373,1.8580425034639034e-13,0.3456614509246088,0.3456614309536265
398,Aluminium,"('ecoinvent-3.4-biosphere', '0ace7678-a181-48e8-8728-d912a8b56c57')",Al,6.903198719802243e-09,6.903198719802243e-09,1.0,6.422536676269254e-14,6.422536676269254e-14,Bauxite (Gibbsite),2.8930041152263373,1.997098230461307e-08,2.8930041152263373,1.8580425034639034e-13,0.3456614509246088,0.3456614309536265
399,Aluminium,"('ecoinvent-3.4-biosphere', 'd96403bf-902e-4b7a-8ffd-32fe09e4017f')",Al,6.903198719802243e-09,6.903198719802243e-09,1.0,6.422536676269254e-14,6.422536676269254e-14,Bauxite (Gibbsite),2.8930041152263373,1.997098230461307e-08,2.8930041152263373,1.8580425034639034e-13,0.3456614509246088,0.3456614309536265
400,Aluminium,"('ecoinvent-3.4-biosphere', '2baa4381-b781-4f5e-90de-508b0fa3fd1f')",Al,6.903198719802243e-09,6.903198719802243e-09,1.0,6.422536676269254e-14,6.422536676269254e-14,Bauxite (Gibbsite),2.8930041152263373,1.997098230461307e-08,2.8930041152263373,1.8580425034639034e-13,0.3456614509246088,0.3456614309536265
401,Aluminium,"('ecoinvent-3.4-biosphere', '6f0b8b7c-3888-4174-b7e3-916d42d678ee')",Al,6.903198719802243e-09,6.903198719802243e-09,1.0,6.422536676269254e-14,6.422536676269254e-14,Bauxite (Gibbsite),2.8930041152263373,1.997098230461307e-08,2.8930041152263373,1.8580425034639034e-13,0.3456614509246088,0.3456614309536265
402,Aluminium,"('ecoinvent-3.4-biosphere', 'e0401210-0377-4670-84af-12247ca20bed')",Al,6.903198719802243e-09,6.903198719802243e-09,1.0,6.422536676269254e-14,6.422536676269254e-14,Bauxite (Gibbsite),2.8930041152263373,1.997098230461307e-08,2.8930041152263373,1.8580425034639034e-13,0.3456614509246088,0.3456614309536265
403,Aluminium,"('ecoinvent-3.4-biosphere', '39555a26-d28b-425f-993f-e8770ab7d9cf')",Al,6.903198719802243e-09,6.903198719802243e-09,1.0,6.422536676269254e-14,6.422536676269254e-14,Bauxite (Gibbsite),2.8930041152263373,1.997098230461307e-08,2.8930041152263373,1.8580425034639034e-13,0.3456614509246088,0.3456614309536265
404,Aluminium,"('ecoinvent-3.4-biosphere', '46e63323-cffd-4c46-829b-5f006b50fa9b')",Al,6.903198719802243e-09,6.903198719802243e-09,1.0,6.422536676269254e-14,6.422536676269254e-14,Bauxite (Gibbsite),2.8930041152263373,1.997098230461307e-08,2.8930041152263373,1.8580425034639034e-13,0.3456614509246088,0.3456614309536265
405,Aluminium,"('ecoinvent-3.4-biosphere', '01056d4b-f9b0-4dfc-b8d9-8407c8376efb')",Al,6.903198719802243e-09,6.903198719802243e-09,1.0,6.422536676269254e-14,6.422536676269254e-14,Bauxite (Gibbsite),2.8930041152263373,1.997098230461307e-08,2.8930041152263373,1.8580425034639034e-13,0.3456614509246088,0.3456614309536265
406,Aluminium,"('ecoinvent-3.4-biosphere', '9c3bd678-1b2f-4b95-a245-d5c8a3fe326b')",Al,6.903198719802243e-09,6.903198719802243e-09,1.0,6.422536676269254e-14,6.422536676269254e-14,Bauxite (Gibbsite),2.8930041152263373,1.997098230461307e-08,2.8930041152263373,1.8580425034639034e-13,0.3456614509246088,0.3456614309536265
407,Aluminium,"('ecoinvent-3.4-biosphere', '765546a9-b056-4d27-ad14-2f016511bdcb')",Al,6.903198719802243e-09,6.903198719802243e-09,1.0,6.422536676269254e-14,6.422536676269254e-14,Bauxite (Gibbsite),2.8930041152263373,1.997098230461307e-08,2.8930041152263373,1.8580425034639034e-13,0.3456614509246088,0.3456614309536265
408,Aluminium,"('ecoinvent-3.4-biosphere', 'ff65658c-2d39-44a2-b23e-7ec3c644f064')",Al,6.903198719802243e-09,6.903198719802243e-09,1.0,6.422536676269254e-14,6.422536676269254e-14,Bauxite (Gibbsite),2.8930041152263373,1.997098230461307e-08,2.8930041152263373,1.8580425034639034e-13,0.3456614509246088,0.3456614309536265
409,Aluminium,"('ecoinvent-3.4-biosphere', '97e498ec-f323-4ec6-bcc0-d8a4c853bae3')",Al,6.903198719802243e-09,6.903198719802243e-09,1.0,6.422536676269254e-14,6.422536676269254e-14,Bauxite (Gibbsite),2.8930041152263373,1.997098230461307e-08,2.8930041152263373,1.8580425034639034e-13,0.3456614509246088,0.3456614309536265
410,"Nickel, ion","('ecoinvent-3.4-biosphere', '9798359e-a3ee-4362-a038-23a188582c6e')",Ni,5.320484341798089e-09,5.320484341798089e-09,1.0,9.066741688482605e-14,9.066741688482605e-14,Pentlandite(sulphides) / Garnierite(laterites),2.9342028985507245,1.5611380577397696e-08,2.9342028985507245,2.660365974275635e-13,0.3393665158371041,0.3393665002257235
411,"Nickel, ion","('ecoinvent-3.4-biosphere', 'e030108f-2125-4bcb-a73b-ad72130fcca3')",Ni,5.320484341798089e-09,5.320484341798089e-09,1.0,9.066741688482605e-14,9.066741688482605e-14,Pentlandite(sulphides) / Garnierite(laterites),2.9342028985507245,1.5611380577397696e-08,2.9342028985507245,2.660365974275635e-13,0.3393665158371041,0.3393665002257235
412,"Nickel, ion","('ecoinvent-3.4-biosphere', '9f69cb8e-51fe-447b-a1ac-4da74de8ebe4')",Ni,5.320484341798089e-09,5.320484341798089e-09,1.0,9.066741688482605e-14,9.066741688482605e-14,Pentlandite(sulphides) / Garnierite(laterites),2.9342028985507245,1.5611380577397696e-08,2.9342028985507245,2.660365974275635e-13,0.3393665158371041,0.3393665002257235
413,"Nickel, ion","('ecoinvent-3.4-biosphere', '23cb10a4-6228-4ce4-9fb5-7043bc31faec')",Ni,5.320484341798089e-09,5.320484341798089e-09,1.0,9.066741688482605e-14,9.066741688482605e-14,Pentlandite(sulphides) / Garnierite(laterites),2.9342028985507245,1.5611380577397696e-08,2.9342028985507245,2.660365974275635e-13,0.3393665158371041,0.3393665002257235
414,"Nickel, ion","('ecoinvent-3.4-biosphere', '6ec6cdaa-5a01-46d4-b716-1905e56690ea')",Ni,5.320484341798089e-09,5.320484341798089e-09,1.0,9.066741688482605e-14,9.066741688482605e-14,Pentlandite(sulphides) / Garnierite(laterites),2.9342028985507245,1.5611380577397696e-08,2.9342028985507245,2.660365974275635e-13,0.3393665158371041,0.3393665002257235
415,Aluminium,"('ecoinvent-3.4-biosphere', '7880e65c-0321-4295-ba55-3186ad36e489')",Al,4.4888405359990675e-09,4.4888405359990675e-09,1.0,6.422536676269254e-14,6.422536676269254e-14,Bauxite (Gibbsite),2.8930041152263373,1.29862341432401e-08,2.8930041152263373,1.8580425034639034e-13,0.3456614509246088,0.34566143793837467
416,Aluminium,"('ecoinvent-3.4-biosphere', '2e0c9efa-d55c-49db-8be3-0376d5921ff4')",Al,4.4888405359990675e-09,4.4888405359990675e-09,1.0,6.422536676269254e-14,6.422536676269254e-14,Bauxite (Gibbsite),2.8930041152263373,1.29862341432401e-08,2.8930041152263373,1.8580425034639034e-13,0.3456614509246088,0.34566143793837467
417,Aluminium,"('ecoinvent-3.4-biosphere', '0ace7678-a181-48e8-8728-d912a8b56c57')",Al,4.4888405359990675e-09,4.4888405359990675e-09,1.0,6.422536676269254e-14,6.422536676269254e-14,Bauxite (Gibbsite),2.8930041152263373,1.29862341432401e-08,2.8930041152263373,1.8580425034639034e-13,0.3456614509246088,0.34566143793837467
418,Aluminium,"('ecoinvent-3.4-biosphere', 'd96403bf-902e-4b7a-8ffd-32fe09e4017f')",Al,4.4888405359990675e-09,4.4888405359990675e-09,1.0,6.422536676269254e-14,6.422536676269254e-14,Bauxite (Gibbsite),2.8930041152263373,1.29862341432401e-08,2.8930041152263373,1.8580425034639034e-13,0.3456614509246088,0.34566143793837467
419,Aluminium,"('ecoinvent-3.4-biosphere', '2baa4381-b781-4f5e-90de-508b0fa3fd1f')",Al,4.4888405359990675e-09,4.4888405359990675e-09,1.0,6.422536676269254e-14,6.422536676269254e-14,Bauxite (Gibbsite),2.8930041152263373,1.29862341432401e-08,2.8930041152263373,1.8580425034639034e-13,0.3456614509246088,0.34566143793837467
420,Aluminium,"('ecoinvent-3.4-biosphere', '6f0b8b7c-3888-4174-b7e3-916d42d678ee')",Al,4.4888405359990675e-09,4.4888405359990675e-09,1.0,6.422536676269254e-14,6.422536676269254e-14,Bauxite (Gibbsite),2.8930041152263373,1.29862341432401e-08,2.8930041152263373,1.8580425034639034e-13,0.3456614509246088,0.34566143793837467
421,Aluminium,"('ecoinvent-3.4-biosphere', 'e0401210-0377-4670-84af-12247ca20bed')",Al,4.4888405359990675e-09,4.4888405359990675e-09,1.0,6.422536676269254e-14,6.422536676269254e-14,Bauxite (Gibbsite),2.8930041152263373,1.29862341432401e-08,2.8930041152263373,1.8580425034639034e-13,0.3456614509246088,0.34566143793837467
422,Aluminium,"('ecoinvent-3.4-biosphere', '39555a26-d28b-425f-993f-e8770ab7d9cf')",Al,4.4888405359990675e-09,4.4888405359990675e-09,1.0,6.422536676269254e-14,6.422536676269254e-14,Bauxite (Gibbsite),2.8930041152263373,1.29862341432401e-08,2.8930041152263373,1.8580425034639034e-13,0.3456614509246088,0.34566143793837467
423,Aluminium,"('ecoinvent-3.4-biosphere', '46e63323-cffd-4c46-829b-5f006b50fa9b')",Al,4.4888405359990675e-09,4.4888405359990675e-09,1.0,6.422536676269254e-14,6.422536676269254e-14,Bauxite (Gibbsite),2.8930041152263373,1.29862341432401e-08,2.8930041152263373,1.8580425034639034e-13,0.3456614509246088,0.34566143793837467
424,Aluminium,"('ecoinvent-3.4-biosphere', '01056d4b-f9b0-4dfc-b8d9-8407c8376efb')",Al,4.4888405359990675e-09,4.4888405359990675e-09,1.0,6.422536676269254e-14,6.422536676269254e-14,Bauxite (Gibbsite),2.8930041152263373,1.29862341432401e-08,2.8930041152263373,1.8580425034639034e-13,0.3456614509246088,0.34566143793837467
425,Aluminium,"('ecoinvent-3.4-biosphere', '9c3bd678-1b2f-4b95-a245-d5c8a3fe326b')",Al,4.4888405359990675e-09,4.4888405359990675e-09,1.0,6.422536676269254e-14,6.422536676269254e-14,Bauxite (Gibbsite),2.8930041152263373,1.29862341432401e-08,2.8930041152263373,1.8580425034639034e-13,0.3456614509246088,0.34566143793837467
426,Aluminium,"('ecoinvent-3.4-biosphere', '765546a9-b056-4d27-ad14-2f016511bdcb')",Al,4.4888405359990675e-09,4.4888405359990675e-09,1.0,6.422536676269254e-14,6.422536676269254e-14,Bauxite (Gibbsite),2.8930041152263373,1.29862341432401e-08,2.8930041152263373,1.8580425034639034e-13,0.3456614509246088,0.34566143793837467
427,Aluminium,"('ecoinvent-3.4-biosphere', 'ff65658c-2d39-44a2-b23e-7ec3c644f064')",Al,4.4888405359990675e-09,4.4888405359990675e-09,1.0,6.422536676269254e-14,6.422536676269254e-14,Bauxite (Gibbsite),2.8930041152263373,1.29862341432401e-08,2.8930041152263373,1.8580425034639034e-13,0.3456614509246088,0.34566143793837467
428,Aluminium,"('ecoinvent-3.4-biosphere', '97e498ec-f323-4ec6-bcc0-d8a4c853bae3')",Al,4.4888405359990675e-09,4.4888405359990675e-09,1.0,6.422536676269254e-14,6.422536676269254e-14,Bauxite (Gibbsite),2.8930041152263373,1.29862341432401e-08,2.8930041152263373,1.8580425034639034e-13,0.3456614509246088,0.34566143793837467
429,Aluminium,"('ecoinvent-3.4-biosphere', '7880e65c-0321-4295-ba55-3186ad36e489')",Al,4.440366644458449e-09,4.440366644458449e-09,1.0,6.422536676269254e-14,6.422536676269254e-14,Bauxite (Gibbsite),2.8930041152263373,1.2845998975532055e-08,2.8930041152263373,1.8580425034639034e-13,0.3456614509246088,0.34566143807860983
430,Aluminium,"('ecoinvent-3.4-biosphere', '2e0c9efa-d55c-49db-8be3-0376d5921ff4')",Al,4.440366644458449e-09,4.440366644458449e-09,1.0,6.422536676269254e-14,6.422536676269254e-14,Bauxite (Gibbsite),2.8930041152263373,1.2845998975532055e-08,2.8930041152263373,1.8580425034639034e-13,0.3456614509246088,0.34566143807860983
431,Aluminium,"('ecoinvent-3.4-biosphere', '0ace7678-a181-48e8-8728-d912a8b56c57')",Al,4.440366644458449e-09,4.440366644458449e-09,1.0,6.422536676269254e-14,6.422536676269254e-14,Bauxite (Gibbsite),2.8930041152263373,1.2845998975532055e-08,2.8930041152263373,1.8580425034639034e-13,0.3456614509246088,0.34566143807860983
432,Aluminium,"('ecoinvent-3.4-biosphere', 'd96403bf-902e-4b7a-8ffd-32fe09e4017f')",Al,4.440366644458449e-09,4.440366644458449e-09,1.0,6.422536676269254e-14,6.422536676269254e-14,Bauxite (Gibbsite),2.8930041152263373,1.2845998975532055e-08,2.8930041152263373,1.8580425034639034e-13,0.3456614509246088,0.34566143807860983
433,Aluminium,"('ecoinvent-3.4-biosphere', '2baa4381-b781-4f5e-90de-508b0fa3fd1f')",Al,4.440366644458449e-09,4.440366644458449e-09,1.0,6.422536676269254e-14,6.422536676269254e-14,Bauxite (Gibbsite),2.8930041152263373,1.2845998975532055e-08,2.8930041152263373,1.8580425034639034e-13,0.3456614509246088,0.34566143807860983
434,Aluminium,"('ecoinvent-3.4-biosphere', '6f0b8b7c-3888-4174-b7e3-916d42d678ee')",Al,4.440366644458449e-09,4.440366644458449e-09,1.0,6.422536676269254e-14,6.422536676269254e-14,Bauxite (Gibbsite),2.8930041152263373,1.2845998975532055e-08,2.8930041152263373,1.8580425034639034e-13,0.3456614509246088,0.34566143807860983
435,Aluminium,"('ecoinvent-3.4-biosphere', 'e0401210-0377-4670-84af-12247ca20bed')",Al,4.440366644458449e-09,4.440366644458449e-09,1.0,6.422536676269254e-14,6.422536676269254e-14,Bauxite (Gibbsite),2.8930041152263373,1.2845998975532055e-08,2.8930041152263373,1.8580425034639034e-13,0.3456614509246088,0.34566143807860983
436,Aluminium,"('ecoinvent-3.4-biosphere', '39555a26-d28b-425f-993f-e8770ab7d9cf')",Al,4.440366644458449e-09,4.440366644458449e-09,1.0,6.422536676269254e-14,6.422536676269254e-14,Bauxite (Gibbsite),2.8930041152263373,1.2845998975532055e-08,2.8930041152263373,1.8580425034639034e-13,0.3456614509246088,0.34566143807860983
437,Aluminium,"('ecoinvent-3.4-biosphere', '46e63323-cffd-4c46-829b-5f006b50fa9b')",Al,4.440366644458449e-09,4.440366644458449e-09,1.0,6.422536676269254e-14,6.422536676269254e-14,Bauxite (Gibbsite),2.8930041152263373,1.2845998975532055e-08,2.8930041152263373,1.8580425034639034e-13,0.3456614509246088,0.34566143807860983
438,Aluminium,"('ecoinvent-3.4-biosphere', '01056d4b-f9b0-4dfc-b8d9-8407c8376efb')",Al,4.440366644458449e-09,4.440366644458449e-09,1.0,6.422536676269254e-14,6.422536676269254e-14,Bauxite (Gibbsite),2.8930041152263373,1.2845998975532055e-08,2.8930041152263373,1.8580425034639034e-13,0.3456614509246088,0.34566143807860983
439,Aluminium,"('ecoinvent-3.4-biosphere', '9c3bd678-1b2f-4b95-a245-d5c8a3fe326b')",Al,4.440366644458449e-09,4.440366644458449e-09,1.0,6.422536676269254e-14,6.422536676269254e-14,Bauxite (Gibbsite),2.8930041152263373,1.2845998975532055e-08,2.8930041152263373,1.8580425034639034e-13,0.3456614509246088,0.34566143807860983
440,Aluminium,"('ecoinvent-3.4-biosphere', '765546a9-b056-4d27-ad14-2f016511bdcb')",Al,4.440366644458449e-09,4.440366644458449e-09,1.0,6.422536676269254e-14,6.422536676269254e-14,Bauxite (Gibbsite),2.8930041152263373,1.2845998975532055e-08,2.8930041152263373,1.8580425034639034e-13,0.3456614509246088,0.34566143807860983
441,Aluminium,"('ecoinvent-3.4-biosphere', 'ff65658c-2d39-44a2-b23e-7ec3c644f064')",Al,4.440366644458449e-09,4.440366644458449e-09,1.0,6.422536676269254e-14,6.422536676269254e-14,Bauxite (Gibbsite),2.8930041152263373,1.2845998975532055e-08,2.8930041152263373,1.8580425034639034e-13,0.3456614509246088,0.34566143807860983
442,Aluminium,"('ecoinvent-3.4-biosphere', '97e498ec-f323-4ec6-bcc0-d8a4c853bae3')",Al,4.440366644458449e-09,4.440366644458449e-09,1.0,6.422536676269254e-14,6.422536676269254e-14,Bauxite (Gibbsite),2.8930041152263373,1.2845998975532055e-08,2.8930041152263373,1.8580425034639034e-13,0.3456614509246088,0.34566143807860983
443,Molybdenum,"('ecoinvent-3.4-biosphere', 'c126f8a0-6bc4-42e6-9220-d6ccfef3f2ed')",Mo,2.933909048318437e-09,2.933909048318437e-09,1.0,1.6532043483883647e-13,1.6532043483883647e-13,Molybdenite,1.6700000000000004,4.899628110691791e-09,1.6700000000000004,2.7608512618085697e-13,0.5988023952095807,0.5988023903099525
444,Molybdenum,"('ecoinvent-3.4-biosphere', '1f3c2297-d652-468d-82e8-4fd59bf5b5b8')",Mo,2.933909048318437e-09,2.933909048318437e-09,1.0,1.6532043483883647e-13,1.6532043483883647e-13,Molybdenite,1.6700000000000004,4.899628110691791e-09,1.6700000000000004,2.7608512618085697e-13,0.5988023952095807,0.5988023903099525
445,Molybdenum,"('ecoinvent-3.4-biosphere', '35b4d818-1019-413b-b99d-d351d8a67ac4')",Mo,2.933909048318437e-09,2.933909048318437e-09,1.0,1.6532043483883647e-13,1.6532043483883647e-13,Molybdenite,1.6700000000000004,4.899628110691791e-09,1.6700000000000004,2.7608512618085697e-13,0.5988023952095807,0.5988023903099525
446,Molybdenum,"('ecoinvent-3.4-biosphere', '163926e2-b4cc-42bb-ba7d-401028140985')",Mo,2.933909048318437e-09,2.933909048318437e-09,1.0,1.6532043483883647e-13,1.6532043483883647e-13,Molybdenite,1.6700000000000004,4.899628110691791e-09,1.6700000000000004,2.7608512618085697e-13,0.5988023952095807,0.5988023903099525
447,Molybdenum,"('ecoinvent-3.4-biosphere', '697e8ecf-bdbe-4857-92c9-e01960c91db7')",Mo,2.933909048318437e-09,2.933909048318437e-09,1.0,1.6532043483883647e-13,1.6532043483883647e-13,Molybdenite,1.6700000000000004,4.899628110691791e-09,1.6700000000000004,2.7608512618085697e-13,0.5988023952095807,0.5988023903099525
448,Molybdenum,"('ecoinvent-3.4-biosphere', '9cf3a683-ed3d-40e9-b039-7653e4fc9e20')",Mo,2.933909048318437e-09,2.933909048318437e-09,1.0,1.6532043483883647e-13,1.6532043483883647e-13,Molybdenite,1.6700000000000004,4.899628110691791e-09,1.6700000000000004,2.7608512618085697e-13,0.5988023952095807,0.5988023903099525
449,Molybdenum,"('ecoinvent-3.4-biosphere', 'fdaaef05-0d10-4032-b2e7-85cae3c7bd5c')",Mo,2.933909048318437e-09,2.933909048318437e-09,1.0,1.6532043483883647e-13,1.6532043483883647e-13,Molybdenite,1.6700000000000004,4.899628110691791e-09,1.6700000000000004,2.7608512618085697e-13,0.5988023952095807,0.5988023903099525
450,Molybdenum,"('ecoinvent-3.4-biosphere', '3822809c-cc03-469d-ac2a-9f85842f8440')",Mo,2.933909048318437e-09,2.933909048318437e-09,1.0,1.6532043483883647e-13,1.6532043483883647e-13,Molybdenite,1.6700000000000004,4.899628110691791e-09,1.6700000000000004,2.7608512618085697e-13,0.5988023952095807,0.5988023903099525
451,Molybdenum,"('ecoinvent-3.4-biosphere', 'c26d4716-ce1e-43da-a662-cd9498b1e8bc')",Mo,2.933909048318437e-09,2.933909048318437e-09,1.0,1.6532043483883647e-13,1.6532043483883647e-13,Molybdenite,1.6700000000000004,4.899628110691791e-09,1.6700000000000004,2.7608512618085697e-13,0.5988023952095807,0.5988023903099525
452,Molybdenum,"('ecoinvent-3.4-biosphere', '442511cc-a98b-4242-9229-5736cb9a9399')",Mo,2.933909048318437e-09,2.933909048318437e-09,1.0,1.6532043483883647e-13,1.6532043483883647e-13,Molybdenite,1.6700000000000004,4.899628110691791e-09,1.6700000000000004,2.7608512618085697e-13,0.5988023952095807,0.5988023903099525
453,Molybdenum,"('ecoinvent-3.4-biosphere', '7d3f7498-3596-478a-9fa1-72201ef94082')",Mo,2.933909048318437e-09,2.933909048318437e-09,1.0,1.6532043483883647e-13,1.6532043483883647e-13,Molybdenite,1.6700000000000004,4.899628110691791e-09,1.6700000000000004,2.7608512618085697e-13,0.5988023952095807,0.5988023903099525
454,Molybdenum,"('ecoinvent-3.4-biosphere', '5fa36ce3-aed0-443b-a09d-4cdf25b41995')",Mo,2.933909048318437e-09,2.933909048318437e-09,1.0,1.6532043483883647e-13,1.6532043483883647e-13,Molybdenite,1.6700000000000004,4.899628110691791e-09,1.6700000000000004,2.7608512618085697e-13,0.5988023952095807,0.5988023903099525
455,Molybdenum,"('ecoinvent-3.4-biosphere', '8b531ec0-ca7a-49cd-bef0-56f110112f34')",Mo,2.933909048318437e-09,2.933909048318437e-09,1.0,1.6532043483883647e-13,1.6532043483883647e-13,Molybdenite,1.6700000000000004,4.899628110691791e-09,1.6700000000000004,2.7608512618085697e-13,0.5988023952095807,0.5988023903099525
456,Molybdenum,"('ecoinvent-3.4-biosphere', '640e30d2-3158-4a1a-82ef-fd0c72922c9a')",Mo,2.933909048318437e-09,2.933909048318437e-09,1.0,1.6532043483883647e-13,1.6532043483883647e-13,Molybdenite,1.6700000000000004,4.899628110691791e-09,1.6700000000000004,2.7608512618085697e-13,0.5988023952095807,0.5988023903099525
457,Chromium VI,"('ecoinvent-3.4-biosphere', 'abbd3b09-a7ec-435a-9d01-34cf8581739e')",Cr,2.44358113034819e-09,2.44358113034819e-09,1.0,3.1278613038877847e-13,3.1278613038877847e-13,Chromite,2.152027027027027,5.258652635242558e-09,2.152027027027027,6.73124206275851e-13,0.46467817896389324,0.4646781737052406
458,Chromium VI,"('ecoinvent-3.4-biosphere', '58060894-19d9-4855-84d8-58935a5325f8')",Cr,2.44358113034819e-09,2.44358113034819e-09,1.0,3.1278613038877847e-13,3.1278613038877847e-13,Chromite,2.152027027027027,5.258652635242558e-09,2.152027027027027,6.73124206275851e-13,0.46467817896389324,0.4646781737052406
459,Chromium VI,"('ecoinvent-3.4-biosphere', '8216fc31-15a1-4d33-858f-e09650b14c63')",Cr,2.44358113034819e-09,2.44358113034819e-09,1.0,3.1278613038877847e-13,3.1278613038877847e-13,Chromite,2.152027027027027,5.258652635242558e-09,2.152027027027027,6.73124206275851e-13,0.46467817896389324,0.4646781737052406
460,Chromium VI,"('ecoinvent-3.4-biosphere', '8ec83662-7c2b-4452-8acf-95a0bb94233c')",Cr,2.44358113034819e-09,2.44358113034819e-09,1.0,3.1278613038877847e-13,3.1278613038877847e-13,Chromite,2.152027027027027,5.258652635242558e-09,2.152027027027027,6.73124206275851e-13,0.46467817896389324,0.4646781737052406
461,Chromium VI,"('ecoinvent-3.4-biosphere', 'ef475b50-9cd0-4e7c-9c59-07868fe16e91')",Cr,2.44358113034819e-09,2.44358113034819e-09,1.0,3.1278613038877847e-13,3.1278613038877847e-13,Chromite,2.152027027027027,5.258652635242558e-09,2.152027027027027,6.73124206275851e-13,0.46467817896389324,0.4646781737052406
462,Chromium VI,"('ecoinvent-3.4-biosphere', '03b279a7-4626-4703-a451-d0650599dbd9')",Cr,2.44358113034819e-09,2.44358113034819e-09,1.0,3.1278613038877847e-13,3.1278613038877847e-13,Chromite,2.152027027027027,5.258652635242558e-09,2.152027027027027,6.73124206275851e-13,0.46467817896389324,0.4646781737052406
463,Chromium VI,"('ecoinvent-3.4-biosphere', '81b3321a-c9d8-4104-a974-5460f1bc5029')",Cr,2.44358113034819e-09,2.44358113034819e-09,1.0,3.1278613038877847e-13,3.1278613038877847e-13,Chromite,2.152027027027027,5.258652635242558e-09,2.152027027027027,6.73124206275851e-13,0.46467817896389324,0.4646781737052406
464,Chromium VI,"('ecoinvent-3.4-biosphere', '01285299-c683-4e15-b654-201987a7a738')",Cr,2.44358113034819e-09,2.44358113034819e-09,1.0,3.1278613038877847e-13,3.1278613038877847e-13,Chromite,2.152027027027027,5.258652635242558e-09,2.152027027027027,6.73124206275851e-13,0.46467817896389324,0.4646781737052406
465,Chromium VI,"('ecoinvent-3.4-biosphere', '9bbae55a-35de-4eff-a219-814a9fec5ac2')",Cr,2.44358113034819e-09,2.44358113034819e-09,1.0,3.1278613038877847e-13,3.1278613038877847e-13,Chromite,2.152027027027027,5.258652635242558e-09,2.152027027027027,6.73124206275851e-13,0.46467817896389324,0.4646781737052406
466,Chromium VI,"('ecoinvent-3.4-biosphere', 'a9ec0c9b-982a-4329-99ae-dab1f9fb62d3')",Cr,2.44358113034819e-09,2.44358113034819e-09,1.0,3.1278613038877847e-13,3.1278613038877847e-13,Chromite,2.152027027027027,5.258652635242558e-09,2.152027027027027,6.73124206275851e-13,0.46467817896389324,0.4646781737052406
467,Chromium VI,"('ecoinvent-3.4-biosphere', 'c2e854f9-fe22-4fe7-9083-cf6d0a8c7254')",Cr,2.44358113034819e-09,2.44358113034819e-09,1.0,3.1278613038877847e-13,3.1278613038877847e-13,Chromite,2.152027027027027,5.258652635242558e-09,2.152027027027027,6.73124206275851e-13,0.46467817896389324,0.4646781737052406
468,Chromium VI,"('ecoinvent-3.4-biosphere', '68ba2022-830e-45fb-8c85-b35e94754ae9')",Cr,2.44358113034819e-09,2.44358113034819e-09,1.0,3.1278613038877847e-13,3.1278613038877847e-13,Chromite,2.152027027027027,5.258652635242558e-09,2.152027027027027,6.73124206275851e-13,0.46467817896389324,0.4646781737052406
469,Chromium VI,"('ecoinvent-3.4-biosphere', '7a59e8d5-cd11-4ee7-b1ca-30979d2b0b3a')",Cr,2.44358113034819e-09,2.44358113034819e-09,1.0,3.1278613038877847e-13,3.1278613038877847e-13,Chromite,2.152027027027027,5.258652635242558e-09,2.152027027027027,6.73124206275851e-13,0.46467817896389324,0.4646781737052406
470,Chromium VI,"('ecoinvent-3.4-biosphere', '81e17d9a-3e0b-414e-9b2e-eca7e5b3bd4a')",Cr,2.44358113034819e-09,2.44358113034819e-09,1.0,3.1278613038877847e-13,3.1278613038877847e-13,Chromite,2.152027027027027,5.258652635242558e-09,2.152027027027027,6.73124206275851e-13,0.46467817896389324,0.4646781737052406
471,"Zinc, ion","('ecoinvent-3.4-biosphere', '2c7be02c-791f-4fef-b231-b90321bbeb30')",Zn,1.7544313428284435e-09,1.7544313428284435e-09,1.0,1.0836576745711442e-13,1.0836576745711442e-13,Sphalerite,1.4901477832512315,2.6143619763822865e-09,1.4901477832512315,1.614810081565375e-13,0.6710743801652892,0.6710743775509272
472,"Zinc, ion","('ecoinvent-3.4-biosphere', '2195d86f-e4c8-4e86-9f18-b5b065b1df7e')",Zn,1.7544313428284435e-09,1.7544313428284435e-09,1.0,1.0836576745711442e-13,1.0836576745711442e-13,Sphalerite,1.4901477832512315,2.6143619763822865e-09,1.4901477832512315,1.614810081565375e-13,0.6710743801652892,0.6710743775509272
473,"Zinc, ion","('ecoinvent-3.4-biosphere', '7e769b3e-03fb-4b53-be15-85a910dcfea9')",Zn,1.7544313428284435e-09,1.7544313428284435e-09,1.0,1.0836576745711442e-13,1.0836576745711442e-13,Sphalerite,1.4901477832512315,2.6143619763822865e-09,1.4901477832512315,1.614810081565375e-13,0.6710743801652892,0.6710743775509272
474,"Zinc, ion","('ecoinvent-3.4-biosphere', '541b633c-17a3-4047-bce6-0c0e4fdb7c10')",Zn,1.7544313428284435e-09,1.7544313428284435e-09,1.0,1.0836576745711442e-13,1.0836576745711442e-13,Sphalerite,1.4901477832512315,2.6143619763822865e-09,1.4901477832512315,1.614810081565375e-13,0.6710743801652892,0.6710743775509272
475,"Zinc, ion","('ecoinvent-3.4-biosphere', 'bdce3a7c-e008-4391-be26-285f71a02453')",Zn,1.7544313428284435e-09,1.7544313428284435e-09,1.0,1.0836576745711442e-13,1.0836576745711442e-13,Sphalerite,1.4901477832512315,2.6143619763822865e-09,1.4901477832512315,1.614810081565375e-13,0.6710743801652892,0.6710743775509272
476,Chromium VI,"('ecoinvent-3.4-biosphere', 'abbd3b09-a7ec-435a-9d01-34cf8581739e')",Cr,1.7164727611019812e-09,1.7164727611019812e-09,1.0,3.1278613038877847e-13,3.1278613038877847e-13,Chromite,2.152027027027027,3.6938957730471694e-09,2.152027027027027,6.73124206275851e-13,0.46467817896389324,0.46467817526999744
477,Chromium VI,"('ecoinvent-3.4-biosphere', '58060894-19d9-4855-84d8-58935a5325f8')",Cr,1.7164727611019812e-09,1.7164727611019812e-09,1.0,3.1278613038877847e-13,3.1278613038877847e-13,Chromite,2.152027027027027,3.6938957730471694e-09,2.152027027027027,6.73124206275851e-13,0.46467817896389324,0.46467817526999744
478,Chromium VI,"('ecoinvent-3.4-biosphere', '8216fc31-15a1-4d33-858f-e09650b14c63')",Cr,1.7164727611019812e-09,1.7164727611019812e-09,1.0,3.1278613038877847e-13,3.1278613038877847e-13,Chromite,2.152027027027027,3.6938957730471694e-09,2.152027027027027,6.73124206275851e-13,0.46467817896389324,0.46467817526999744
479,Chromium VI,"('ecoinvent-3.4-biosphere', '8ec83662-7c2b-4452-8acf-95a0bb94233c')",Cr,1.7164727611019812e-09,1.7164727611019812e-09,1.0,3.1278613038877847e-13,3.1278613038877847e-13,Chromite,2.152027027027027,3.6938957730471694e-09,2.152027027027027,6.73124206275851e-13,0.46467817896389324,0.46467817526999744
480,Chromium VI,"('ecoinvent-3.4-biosphere', 'ef475b50-9cd0-4e7c-9c59-07868fe16e91')",Cr,1.7164727611019812e-09,1.7164727611019812e-09,1.0,3.1278613038877847e-13,3.1278613038877847e-13,Chromite,2.152027027027027,3.6938957730471694e-09,2.152027027027027,6.73124206275851e-13,0.46467817896389324,0.46467817526999744
481,Chromium VI,"('ecoinvent-3.4-biosphere', '03b279a7-4626-4703-a451-d0650599dbd9')",Cr,1.7164727611019812e-09,1.7164727611019812e-09,1.0,3.1278613038877847e-13,3.1278613038877847e-13,Chromite,2.152027027027027,3.6938957730471694e-09,2.152027027027027,6.73124206275851e-13,0.46467817896389324,0.46467817526999744
482,Chromium VI,"('ecoinvent-3.4-biosphere', '81b3321a-c9d8-4104-a974-5460f1bc5029')",Cr,1.7164727611019812e-09,1.7164727611019812e-09,1.0,3.1278613038877847e-13,3.1278613038877847e-13,Chromite,2.152027027027027,3.6938957730471694e-09,2.152027027027027,6.73124206275851e-13,0.46467817896389324,0.46467817526999744
483,Chromium VI,"('ecoinvent-3.4-biosphere', '01285299-c683-4e15-b654-201987a7a738')",Cr,1.7164727611019812e-09,1.7164727611019812e-09,1.0,3.1278613038877847e-13,3.1278613038877847e-13,Chromite,2.152027027027027,3.6938957730471694e-09,2.152027027027027,6.73124206275851e-13,0.46467817896389324,0.46467817526999744
484,Chromium VI,"('ecoinvent-3.4-biosphere', '9bbae55a-35de-4eff-a219-814a9fec5ac2')",Cr,1.7164727611019812e-09,1.7164727611019812e-09,1.0,3.1278613038877847e-13,3.1278613038877847e-13,Chromite,2.152027027027027,3.6938957730471694e-09,2.152027027027027,6.73124206275851e-13,0.46467817896389324,0.46467817526999744
485,Chromium VI,"('ecoinvent-3.4-biosphere', 'a9ec0c9b-982a-4329-99ae-dab1f9fb62d3')",Cr,1.7164727611019812e-09,1.7164727611019812e-09,1.0,3.1278613038877847e-13,3.1278613038877847e-13,Chromite,2.152027027027027,3.6938957730471694e-09,2.152027027027027,6.73124206275851e-13,0.46467817896389324,0.46467817526999744
486,Chromium VI,"('ecoinvent-3.4-biosphere', 'c2e854f9-fe22-4fe7-9083-cf6d0a8c7254')",Cr,1.7164727611019812e-09,1.7164727611019812e-09,1.0,3.1278613038877847e-13,3.1278613038877847e-13,Chromite,2.152027027027027,3.6938957730471694e-09,2.152027027027027,6.73124206275851e-13,0.46467817896389324,0.46467817526999744
487,Chromium VI,"('ecoinvent-3.4-biosphere', '68ba2022-830e-45fb-8c85-b35e94754ae9')",Cr,1.7164727611019812e-09,1.7164727611019812e-09,1.0,3.1278613038877847e-13,3.1278613038877847e-13,Chromite,2.152027027027027,3.6938957730471694e-09,2.152027027027027,6.73124206275851e-13,0.46467817896389324,0.46467817526999744
488,Chromium VI,"('ecoinvent-3.4-biosphere', '7a59e8d5-cd11-4ee7-b1ca-30979d2b0b3a')",Cr,1.7164727611019812e-09,1.7164727611019812e-09,1.0,3.1278613038877847e-13,3.1278613038877847e-13,Chromite,2.152027027027027,3.6938957730471694e-09,2.152027027027027,6.73124206275851e-13,0.46467817896389324,0.46467817526999744
489,Chromium VI,"('ecoinvent-3.4-biosphere', '81e17d9a-3e0b-414e-9b2e-eca7e5b3bd4a')",Cr,1.7164727611019812e-09,1.7164727611019812e-09,1.0,3.1278613038877847e-13,3.1278613038877847e-13,Chromite,2.152027027027027,3.6938957730471694e-09,2.152027027027027,6.73124206275851e-13,0.46467817896389324,0.46467817526999744
490,Cobalt,"('ecoinvent-3.4-biosphere', '74eb3f02-09ec-46ce-8ee8-d67d0900136b')",Co,1.3788199782401473e-09,1.3788199782401473e-09,1.0,1.9447495148453946e-12,1.9447495148453946e-12,Linnaeite,1.727272727272727,2.3815981442329815e-09,1.727272727272727,3.3591127983693174e-12,0.5789473684210527,0.5789473660394545
491,Cobalt,"('ecoinvent-3.4-biosphere', '12051b95-831a-49c0-9a70-fbc0e8fb9af9')",Co,1.3788199782401473e-09,1.3788199782401473e-09,1.0,1.9447495148453946e-12,1.9447495148453946e-12,Linnaeite,1.727272727272727,2.3815981442329815e-09,1.727272727272727,3.3591127983693174e-12,0.5789473684210527,0.5789473660394545
492,Cobalt,"('ecoinvent-3.4-biosphere', 'd4291dd5-dae8-47fa-bf06-466fcecbc210')",Co,1.3788199782401473e-09,1.3788199782401473e-09,1.0,1.9447495148453946e-12,1.9447495148453946e-12,Linnaeite,1.727272727272727,2.3815981442329815e-09,1.727272727272727,3.3591127983693174e-12,0.5789473684210527,0.5789473660394545
493,Cobalt,"('ecoinvent-3.4-biosphere', '9542444c-7c7a-48e2-bc9c-9c7c34fb7b3e')",Co,1.3788199782401473e-09,1.3788199782401473e-09,1.0,1.9447495148453946e-12,1.9447495148453946e-12,Linnaeite,1.727272727272727,2.3815981442329815e-09,1.727272727272727,3.3591127983693174e-12,0.5789473684210527,0.5789473660394545
494,Cobalt,"('ecoinvent-3.4-biosphere', 'c58d25ad-30d2-4fac-a857-1fa6f67afe8a')",Co,1.3788199782401473e-09,1.3788199782401473e-09,1.0,1.9447495148453946e-12,1.9447495148453946e-12,Linnaeite,1.727272727272727,2.3815981442329815e-09,1.727272727272727,3.3591127983693174e-12,0.5789473684210527,0.5789473660394545
495,Cobalt,"('ecoinvent-3.4-biosphere', 'caf066cf-40ce-47a8-ba4c-969fcd6019c7')",Co,1.3788199782401473e-09,1.3788199782401473e-09,1.0,1.9447495148453946e-12,1.9447495148453946e-12,Linnaeite,1.727272727272727,2.3815981442329815e-09,1.727272727272727,3.3591127983693174e-12,0.5789473684210527,0.5789473660394545
496,Cobalt,"('ecoinvent-3.4-biosphere', 'f0d1c319-249f-4a89-b0e7-3a5a90a54036')",Co,1.3788199782401473e-09,1.3788199782401473e-09,1.0,1.9447495148453946e-12,1.9447495148453946e-12,Linnaeite,1.727272727272727,2.3815981442329815e-09,1.727272727272727,3.3591127983693174e-12,0.5789473684210527,0.5789473660394545
497,Cobalt,"('ecoinvent-3.4-biosphere', 'f0e28a62-ddf9-4c93-af81-676a58c3f2d4')",Co,1.3788199782401473e-09,1.3788199782401473e-09,1.0,1.9447495148453946e-12,1.9447495148453946e-12,Linnaeite,1.727272727272727,2.3815981442329815e-09,1.727272727272727,3.3591127983693174e-12,0.5789473684210527,0.5789473660394545
498,Cobalt,"('ecoinvent-3.4-biosphere', 'ca04300a-8338-4601-ba7c-66c10a4f6322')",Co,1.3788199782401473e-09,1.3788199782401473e-09,1.0,1.9447495148453946e-12,1.9447495148453946e-12,Linnaeite,1.727272727272727,2.3815981442329815e-09,1.727272727272727,3.3591127983693174e-12,0.5789473684210527,0.5789473660394545
499,Cobalt,"('ecoinvent-3.4-biosphere', '1e904267-caa3-40e6-a3a0-fc104489770b')",Co,1.3788199782401473e-09,1.3788199782401473e-09,1.0,1.9447495148453946e-12,1.9447495148453946e-12,Linnaeite,1.727272727272727,2.3815981442329815e-09,1.727272727272727,3.3591127983693174e-12,0.5789473684210527,0.5789473660394545
500,Cobalt,"('ecoinvent-3.4-biosphere', '33627701-feca-434d-a192-674a450eaaf7')",Co,1.3788199782401473e-09,1.3788199782401473e-09,1.0,1.9447495148453946e-12,1.9447495148453946e-12,Linnaeite,1.727272727272727,2.3815981442329815e-09,1.727272727272727,3.3591127983693174e-12,0.5789473684210527,0.5789473660394545
501,Cobalt,"('ecoinvent-3.4-biosphere', '381a22c9-3722-4378-810d-86958f7b6d32')",Co,1.3788199782401473e-09,1.3788199782401473e-09,1.0,1.9447495148453946e-12,1.9447495148453946e-12,Linnaeite,1.727272727272727,2.3815981442329815e-09,1.727272727272727,3.3591127983693174e-12,0.5789473684210527,0.5789473660394545
502,Cobalt,"('ecoinvent-3.4-biosphere', '9ce88274-57b6-42ed-a78b-4abef2301865')",Co,1.3788199782401473e-09,1.3788199782401473e-09,1.0,1.9447495148453946e-12,1.9447495148453946e-12,Linnaeite,1.727272727272727,2.3815981442329815e-09,1.727272727272727,3.3591127983693174e-12,0.5789473684210527,0.5789473660394545
503,Cobalt,"('ecoinvent-3.4-biosphere', 'b10faa87-2c1d-4f6e-aa65-9f80b376939a')",Co,1.3788199782401473e-09,1.3788199782401473e-09,1.0,1.9447495148453946e-12,1.9447495148453946e-12,Linnaeite,1.727272727272727,2.3815981442329815e-09,1.727272727272727,3.3591127983693174e-12,0.5789473684210527,0.5789473660394545
504,"Silver, ion","('ecoinvent-3.4-biosphere', 'af9793ba-25a1-4928-a14a-4bcf7d5bd3f7')",Ag,1.2465219294735637e-09,1.2465219294735637e-09,1.0,1.5701960660375504e-13,1.5701960660375504e-13,Argentite,1.1478494623655913,1.4308195265731495e-09,1.1478494623655913,1.8023487102097688e-13,0.8711943793911008,0.8711943779602812
505,"Silver, ion","('ecoinvent-3.4-biosphere', '71cfe87c-ab80-421e-adba-afb7d5bd0861')",Ag,1.2465219294735637e-09,1.2465219294735637e-09,1.0,1.5701960660375504e-13,1.5701960660375504e-13,Argentite,1.1478494623655913,1.4308195265731495e-09,1.1478494623655913,1.8023487102097688e-13,0.8711943793911008,0.8711943779602812
506,"Silver, ion","('ecoinvent-3.4-biosphere', '94426df9-63b1-4dc6-ad1b-3509e22f1154')",Ag,1.2465219294735637e-09,1.2465219294735637e-09,1.0,1.5701960660375504e-13,1.5701960660375504e-13,Argentite,1.1478494623655913,1.4308195265731495e-09,1.1478494623655913,1.8023487102097688e-13,0.8711943793911008,0.8711943779602812
507,"Silver, ion","('ecoinvent-3.4-biosphere', '21c257b2-57ce-4a6e-b4bd-40f0f75f310f')",Ag,1.2465219294735637e-09,1.2465219294735637e-09,1.0,1.5701960660375504e-13,1.5701960660375504e-13,Argentite,1.1478494623655913,1.4308195265731495e-09,1.1478494623655913,1.8023487102097688e-13,0.8711943793911008,0.8711943779602812
508,"Silver, ion","('ecoinvent-3.4-biosphere', '6aa8673f-f7e3-4270-93dc-e97b745fced7')",Ag,1.2465219294735637e-09,1.2465219294735637e-09,1.0,1.5701960660375504e-13,1.5701960660375504e-13,Argentite,1.1478494623655913,1.4308195265731495e-09,1.1478494623655913,1.8023487102097688e-13,0.8711943793911008,0.8711943779602812
509,Zinc,"('ecoinvent-3.4-biosphere', '84aa799e-9d98-4d34-85e0-516d28ab1be9')",Zn,1.1343568955578166e-09,1.1343568955578166e-09,1.0,1.0836576745711442e-13,1.0836576745711442e-13,Sphalerite,1.4901477832512315,1.6903594133312292e-09,1.4901477832512315,1.614810081565375e-13,0.6710743801652892,0.6710743784749298
510,Zinc,"('ecoinvent-3.4-biosphere', '8d226423-1351-4366-b09f-d16c9e38683c')",Zn,1.1343568955578166e-09,1.1343568955578166e-09,1.0,1.0836576745711442e-13,1.0836576745711442e-13,Sphalerite,1.4901477832512315,1.6903594133312292e-09,1.4901477832512315,1.614810081565375e-13,0.6710743801652892,0.6710743784749298
511,Zinc,"('ecoinvent-3.4-biosphere', '77887584-ddca-4920-952c-3609730e0c13')",Zn,1.1343568955578166e-09,1.1343568955578166e-09,1.0,1.0836576745711442e-13,1.0836576745711442e-13,Sphalerite,1.4901477832512315,1.6903594133312292e-09,1.4901477832512315,1.614810081565375e-13,0.6710743801652892,0.6710743784749298
512,Zinc,"('ecoinvent-3.4-biosphere', '748f22a9-eba4-4726-bef5-92c7442ce189')",Zn,1.1343568955578166e-09,1.1343568955578166e-09,1.0,1.0836576745711442e-13,1.0836576745711442e-13,Sphalerite,1.4901477832512315,1.6903594133312292e-09,1.4901477832512315,1.614810081565375e-13,0.6710743801652892,0.6710743784749298
513,Zinc,"('ecoinvent-3.4-biosphere', '5ce378a0-b48d-471c-977d-79681521efde')",Zn,1.1343568955578166e-09,1.1343568955578166e-09,1.0,1.0836576745711442e-13,1.0836576745711442e-13,Sphalerite,1.4901477832512315,1.6903594133312292e-09,1.4901477832512315,1.614810081565375e-13,0.6710743801652892,0.6710743784749298
514,Zinc,"('ecoinvent-3.4-biosphere', '8f871bab-96dc-49d9-bf08-12cdd0715901')",Zn,1.1343568955578166e-09,1.1343568955578166e-09,1.0,1.0836576745711442e-13,1.0836576745711442e-13,Sphalerite,1.4901477832512315,1.6903594133312292e-09,1.4901477832512315,1.614810081565375e-13,0.6710743801652892,0.6710743784749298
515,Zinc,"('ecoinvent-3.4-biosphere', '87a69874-34f9-4070-a525-aa301ab2634b')",Zn,1.1343568955578166e-09,1.1343568955578166e-09,1.0,1.0836576745711442e-13,1.0836576745711442e-13,Sphalerite,1.4901477832512315,1.6903594133312292e-09,1.4901477832512315,1.614810081565375e-13,0.6710743801652892,0.6710743784749298
516,Zinc,"('ecoinvent-3.4-biosphere', 'b88999ec-84fd-462d-9dec-7e20a4636a58')",Zn,1.1343568955578166e-09,1.1343568955578166e-09,1.0,1.0836576745711442e-13,1.0836576745711442e-13,Sphalerite,1.4901477832512315,1.6903594133312292e-09,1.4901477832512315,1.614810081565375e-13,0.6710743801652892,0.6710743784749298
517,Zinc,"('ecoinvent-3.4-biosphere', 'ada3ecfe-8244-4389-bcce-e83ca4f66e09')",Zn,1.1343568955578166e-09,1.1343568955578166e-09,1.0,1.0836576745711442e-13,1.0836576745711442e-13,Sphalerite,1.4901477832512315,1.6903594133312292e-09,1.4901477832512315,1.614810081565375e-13,0.6710743801652892,0.6710743784749298
518,Aluminium,"('ecoinvent-3.4-biosphere', '7880e65c-0321-4295-ba55-3186ad36e489')",Al,1.1269518760934508e-09,1.1269518760934508e-09,1.0,6.422536676269254e-14,6.422536676269254e-14,Bauxite (Gibbsite),2.8930041152263373,3.2602764152003945e-09,2.8930041152263373,1.8580425034639034e-13,0.3456614509246088,0.3456614476643324
519,Aluminium,"('ecoinvent-3.4-biosphere', '2e0c9efa-d55c-49db-8be3-0376d5921ff4')",Al,1.1269518760934508e-09,1.1269518760934508e-09,1.0,6.422536676269254e-14,6.422536676269254e-14,Bauxite (Gibbsite),2.8930041152263373,3.2602764152003945e-09,2.8930041152263373,1.8580425034639034e-13,0.3456614509246088,0.3456614476643324
520,Aluminium,"('ecoinvent-3.4-biosphere', '0ace7678-a181-48e8-8728-d912a8b56c57')",Al,1.1269518760934508e-09,1.1269518760934508e-09,1.0,6.422536676269254e-14,6.422536676269254e-14,Bauxite (Gibbsite),2.8930041152263373,3.2602764152003945e-09,2.8930041152263373,1.8580425034639034e-13,0.3456614509246088,0.3456614476643324
521,Aluminium,"('ecoinvent-3.4-biosphere', 'd96403bf-902e-4b7a-8ffd-32fe09e4017f')",Al,1.1269518760934508e-09,1.1269518760934508e-09,1.0,6.422536676269254e-14,6.422536676269254e-14,Bauxite (Gibbsite),2.8930041152263373,3.2602764152003945e-09,2.8930041152263373,1.8580425034639034e-13,0.3456614509246088,0.3456614476643324
522,Aluminium,"('ecoinvent-3.4-biosphere', '2baa4381-b781-4f5e-90de-508b0fa3fd1f')",Al,1.1269518760934508e-09,1.1269518760934508e-09,1.0,6.422536676269254e-14,6.422536676269254e-14,Bauxite (Gibbsite),2.8930041152263373,3.2602764152003945e-09,2.8930041152263373,1.8580425034639034e-13,0.3456614509246088,0.3456614476643324
523,Aluminium,"('ecoinvent-3.4-biosphere', '6f0b8b7c-3888-4174-b7e3-916d42d678ee')",Al,1.1269518760934508e-09,1.1269518760934508e-09,1.0,6.422536676269254e-14,6.422536676269254e-14,Bauxite (Gibbsite),2.8930041152263373,3.2602764152003945e-09,2.8930041152263373,1.8580425034639034e-13,0.3456614509246088,0.3456614476643324
524,Aluminium,"('ecoinvent-3.4-biosphere', 'e0401210-0377-4670-84af-12247ca20bed')",Al,1.1269518760934508e-09,1.1269518760934508e-09,1.0,6.422536676269254e-14,6.422536676269254e-14,Bauxite (Gibbsite),2.8930041152263373,3.2602764152003945e-09,2.8930041152263373,1.8580425034639034e-13,0.3456614509246088,0.3456614476643324
525,Aluminium,"('ecoinvent-3.4-biosphere', '39555a26-d28b-425f-993f-e8770ab7d9cf')",Al,1.1269518760934508e-09,1.1269518760934508e-09,1.0,6.422536676269254e-14,6.422536676269254e-14,Bauxite (Gibbsite),2.8930041152263373,3.2602764152003945e-09,2.8930041152263373,1.8580425034639034e-13,0.3456614509246088,0.3456614476643324
526,Aluminium,"('ecoinvent-3.4-biosphere', '46e63323-cffd-4c46-829b-5f006b50fa9b')",Al,1.1269518760934508e-09,1.1269518760934508e-09,1.0,6.422536676269254e-14,6.422536676269254e-14,Bauxite (Gibbsite),2.8930041152263373,3.2602764152003945e-09,2.8930041152263373,1.8580425034639034e-13,0.3456614509246088,0.3456614476643324
527,Aluminium,"('ecoinvent-3.4-biosphere', '01056d4b-f9b0-4dfc-b8d9-8407c8376efb')",Al,1.1269518760934508e-09,1.1269518760934508e-09,1.0,6.422536676269254e-14,6.422536676269254e-14,Bauxite (Gibbsite),2.8930041152263373,3.2602764152003945e-09,2.8930041152263373,1.8580425034639034e-13,0.3456614509246088,0.3456614476643324
528,Aluminium,"('ecoinvent-3.4-biosphere', '9c3bd678-1b2f-4b95-a245-d5c8a3fe326b')",Al,1.1269518760934508e-09,1.1269518760934508e-09,1.0,6.422536676269254e-14,6.422536676269254e-14,Bauxite (Gibbsite),2.8930041152263373,3.2602764152003945e-09,2.8930041152263373,1.8580425034639034e-13,0.3456614509246088,0.3456614476643324
529,Aluminium,"('ecoinvent-3.4-biosphere', '765546a9-b056-4d27-ad14-2f016511bdcb')",Al,1.1269518760934508e-09,1.1269518760934508e-09,1.0,6.422536676269254e-14,6.422536676269254e-14,Bauxite (Gibbsite),2.8930041152263373,3.2602764152003945e-09,2.8930041152263373,1.8580425034639034e-13,0.3456614509246088,0.3456614476643324
530,Aluminium,"('ecoinvent-3.4-biosphere', 'ff65658c-2d39-44a2-b23e-7ec3c644f064')",Al,1.1269518760934508e-09,1.1269518760934508e-09,1.0,6.422536676269254e-14,6.422536676269254e-14,Bauxite (Gibbsite),2.8930041152263373,3.2602764152003945e-09,2.8930041152263373,1.8580425034639034e-13,0.3456614509246088,0.3456614476643324
531,Aluminium,"('ecoinvent-3.4-biosphere', '97e498ec-f323-4ec6-bcc0-d8a4c853bae3')",Al,1.1269518760934508e-09,1.1269518760934508e-09,1.0,6.422536676269254e-14,6.422536676269254e-14,Bauxite (Gibbsite),2.8930041152263373,3.2602764152003945e-09,2.8930041152263373,1.8580425034639034e-13,0.3456614509246088,0.3456614476643324
532,"Zinc, ion","('ecoinvent-3.4-biosphere', '2c7be02c-791f-4fef-b231-b90321bbeb30')",Zn,1.0423604898803078e-09,1.0423604898803078e-09,1.0,1.0836576745711442e-13,1.0836576745711442e-13,Sphalerite,1.4901477832512315,1.5532711733438086e-09,1.4901477832512315,1.614810081565375e-13,0.6710743801652892,0.671074378612018
533,"Zinc, ion","('ecoinvent-3.4-biosphere', '2195d86f-e4c8-4e86-9f18-b5b065b1df7e')",Zn,1.0423604898803078e-09,1.0423604898803078e-09,1.0,1.0836576745711442e-13,1.0836576745711442e-13,Sphalerite,1.4901477832512315,1.5532711733438086e-09,1.4901477832512315,1.614810081565375e-13,0.6710743801652892,0.671074378612018
534,"Zinc, ion","('ecoinvent-3.4-biosphere', '7e769b3e-03fb-4b53-be15-85a910dcfea9')",Zn,1.0423604898803078e-09,1.0423604898803078e-09,1.0,1.0836576745711442e-13,1.0836576745711442e-13,Sphalerite,1.4901477832512315,1.5532711733438086e-09,1.4901477832512315,1.614810081565375e-13,0.6710743801652892,0.671074378612018
535,"Zinc, ion","('ecoinvent-3.4-biosphere', '541b633c-17a3-4047-bce6-0c0e4fdb7c10')",Zn,1.0423604898803078e-09,1.0423604898803078e-09,1.0,1.0836576745711442e-13,1.0836576745711442e-13,Sphalerite,1.4901477832512315,1.5532711733438086e-09,1.4901477832512315,1.614810081565375e-13,0.6710743801652892,0.671074378612018
536,"Zinc, ion","('ecoinvent-3.4-biosphere', 'bdce3a7c-e008-4391-be26-285f71a02453')",Zn,1.0423604898803078e-09,1.0423604898803078e-09,1.0,1.0836576745711442e-13,1.0836576745711442e-13,Sphalerite,1.4901477832512315,1.5532711733438086e-09,1.4901477832512315,1.614810081565375e-13,0.6710743801652892,0.671074378612018
537,"Iron, ion","('ecoinvent-3.4-biosphere', '9b6d6f07-ebc6-447d-a3c0-f2017d77d852')",Fe,1.0243394901878573e-09,1.0243394901878573e-09,1.0,4.282654305987987e-15,4.282654305987987e-15,Hematite,1.0,1.0243394901878573e-09,1.0,4.282654305987987e-15,1.0,0.9999999989756605
538,"Iron, ion","('ecoinvent-3.4-biosphere', '2c9a7182-37c8-4777-a37a-9a007c3edb2f')",Fe,1.0243394901878573e-09,1.0243394901878573e-09,1.0,4.282654305987987e-15,4.282654305987987e-15,Hematite,1.0,1.0243394901878573e-09,1.0,4.282654305987987e-15,1.0,0.9999999989756605
539,"Iron, ion","('ecoinvent-3.4-biosphere', '33fd8342-58e7-45c9-ad92-0951c002c403')",Fe,1.0243394901878573e-09,1.0243394901878573e-09,1.0,4.282654305987987e-15,4.282654305987987e-15,Hematite,1.0,1.0243394901878573e-09,1.0,4.282654305987987e-15,1.0,0.9999999989756605
540,"Iron, ion","('ecoinvent-3.4-biosphere', '7c335b9c-a403-47a8-bb6d-2e7d3c3a230e')",Fe,1.0243394901878573e-09,1.0243394901878573e-09,1.0,4.282654305987987e-15,4.282654305987987e-15,Hematite,1.0,1.0243394901878573e-09,1.0,4.282654305987987e-15,1.0,0.9999999989756605
541,"Iron, ion","('ecoinvent-3.4-biosphere', 'de444dc0-5964-4501-8367-50ba53bfc6b9')",Fe,1.0243394901878573e-09,1.0243394901878573e-09,1.0,4.282654305987987e-15,4.282654305987987e-15,Hematite,1.0,1.0243394901878573e-09,1.0,4.282654305987987e-15,1.0,0.9999999989756605
542,Manganese,"('ecoinvent-3.4-biosphere', '295060ba-3c3d-45e4-99ca-e17b1204b553')",Mn,1.0160006453512017e-09,1.0160006453512017e-09,1.0,6.485008032108113e-14,6.485008032108113e-14,Pyrolusite,1.5822784810126582,1.6075959578341799e-09,1.5822784810126582,1.0261088658398912e-13,0.632,0.6319999983924041
543,Manganese,"('ecoinvent-3.4-biosphere', '0af26a55-d357-469f-abad-8ced785cb4fb')",Mn,1.0160006453512017e-09,1.0160006453512017e-09,1.0,6.485008032108113e-14,6.485008032108113e-14,Pyrolusite,1.5822784810126582,1.6075959578341799e-09,1.5822784810126582,1.0261088658398912e-13,0.632,0.6319999983924041
544,Manganese,"('ecoinvent-3.4-biosphere', 'b0546417-3064-4878-bd6f-2da75cefdf63')",Mn,1.0160006453512017e-09,1.0160006453512017e-09,1.0,6.485008032108113e-14,6.485008032108113e-14,Pyrolusite,1.5822784810126582,1.6075959578341799e-09,1.5822784810126582,1.0261088658398912e-13,0.632,0.6319999983924041
545,Manganese,"('ecoinvent-3.4-biosphere', 'c91fd4bf-ed70-4e2f-a34f-159773f981b6')",Mn,1.0160006453512017e-09,1.0160006453512017e-09,1.0,6.485008032108113e-14,6.485008032108113e-14,Pyrolusite,1.5822784810126582,1.6075959578341799e-09,1.5822784810126582,1.0261088658398912e-13,0.632,0.6319999983924041
546,Manganese,"('ecoinvent-3.4-biosphere', '10cbd2f7-c41b-4bb4-b636-d8fc15cf0282')",Mn,1.0160006453512017e-09,1.0160006453512017e-09,1.0,6.485008032108113e-14,6.485008032108113e-14,Pyrolusite,1.5822784810126582,1.6075959578341799e-09,1.5822784810126582,1.0261088658398912e-13,0.632,0.6319999983924041
547,Manganese,"('ecoinvent-3.4-biosphere', '2460f868-54a9-404c-bec8-c809a44ae72c')",Mn,1.0160006453512017e-09,1.0160006453512017e-09,1.0,6.485008032108113e-14,6.485008032108113e-14,Pyrolusite,1.5822784810126582,1.6075959578341799e-09,1.5822784810126582,1.0261088658398912e-13,0.632,0.6319999983924041
548,Manganese,"('ecoinvent-3.4-biosphere', '009a49e8-09a7-4432-9cb9-f2dd18e8f922')",Mn,1.0160006453512017e-09,1.0160006453512017e-09,1.0,6.485008032108113e-14,6.485008032108113e-14,Pyrolusite,1.5822784810126582,1.6075959578341799e-09,1.5822784810126582,1.0261088658398912e-13,0.632,0.6319999983924041
549,Manganese,"('ecoinvent-3.4-biosphere', '9ba8c05d-1593-45a5-8d3b-5c4f3e9fef32')",Mn,1.0160006453512017e-09,1.0160006453512017e-09,1.0,6.485008032108113e-14,6.485008032108113e-14,Pyrolusite,1.5822784810126582,1.6075959578341799e-09,1.5822784810126582,1.0261088658398912e-13,0.632,0.6319999983924041
550,Manganese,"('ecoinvent-3.4-biosphere', '835d0907-a668-4d92-b6b6-7b56fa343713')",Mn,1.0160006453512017e-09,1.0160006453512017e-09,1.0,6.485008032108113e-14,6.485008032108113e-14,Pyrolusite,1.5822784810126582,1.6075959578341799e-09,1.5822784810126582,1.0261088658398912e-13,0.632,0.6319999983924041
551,Manganese,"('ecoinvent-3.4-biosphere', '9c706cff-cb82-4207-a589-95896e04dc08')",Mn,1.0160006453512017e-09,1.0160006453512017e-09,1.0,6.485008032108113e-14,6.485008032108113e-14,Pyrolusite,1.5822784810126582,1.6075959578341799e-09,1.5822784810126582,1.0261088658398912e-13,0.632,0.6319999983924041
552,Manganese,"('ecoinvent-3.4-biosphere', '42053ffb-9284-49cb-88f9-33ac5c77be4a')",Mn,1.0160006453512017e-09,1.0160006453512017e-09,1.0,6.485008032108113e-14,6.485008032108113e-14,Pyrolusite,1.5822784810126582,1.6075959578341799e-09,1.5822784810126582,1.0261088658398912e-13,0.632,0.6319999983924041
553,Manganese,"('ecoinvent-3.4-biosphere', '44f28e11-061d-44fd-8f25-dc62a9f1fa57')",Mn,1.0160006453512017e-09,1.0160006453512017e-09,1.0,6.485008032108113e-14,6.485008032108113e-14,Pyrolusite,1.5822784810126582,1.6075959578341799e-09,1.5822784810126582,1.0261088658398912e-13,0.632,0.6319999983924041
554,Manganese,"('ecoinvent-3.4-biosphere', '6b7fbea6-4a86-40f9-954d-3c9b3611abfd')",Mn,1.0160006453512017e-09,1.0160006453512017e-09,1.0,6.485008032108113e-14,6.485008032108113e-14,Pyrolusite,1.5822784810126582,1.6075959578341799e-09,1.5822784810126582,1.0261088658398912e-13,0.632,0.6319999983924041
555,Manganese,"('ecoinvent-3.4-biosphere', 'f532985c-90b7-46fc-aac9-b039b40e22f1')",Mn,1.0160006453512017e-09,1.0160006453512017e-09,1.0,6.485008032108113e-14,6.485008032108113e-14,Pyrolusite,1.5822784810126582,1.6075959578341799e-09,1.5822784810126582,1.0261088658398912e-13,0.632,0.6319999983924041
556,Antimony,"('ecoinvent-3.4-biosphere', 'c49fb4cd-eed0-4438-9052-9612473cdbae')",Sb,9.306075561611062e-10,9.306075561611062e-10,1.0,2.1834077210692158e-11,2.1834077210692158e-11,Stibnite,1.3941798941798942,1.297434344171701e-09,1.3941798941798942,3.0440631455118433e-11,0.7172675521821632,0.7172675508847288
557,Antimony,"('ecoinvent-3.4-biosphere', '3ea5684a-6d64-4f96-8c09-1d90f997c9d4')",Sb,9.306075561611062e-10,9.306075561611062e-10,1.0,2.1834077210692158e-11,2.1834077210692158e-11,Stibnite,1.3941798941798942,1.297434344171701e-09,1.3941798941798942,3.0440631455118433e-11,0.7172675521821632,0.7172675508847288
558,Antimony,"('ecoinvent-3.4-biosphere', '83cf77ca-867b-4eef-b0f0-78d71b3d91d5')",Sb,9.306075561611062e-10,9.306075561611062e-10,1.0,2.1834077210692158e-11,2.1834077210692158e-11,Stibnite,1.3941798941798942,1.297434344171701e-09,1.3941798941798942,3.0440631455118433e-11,0.7172675521821632,0.7172675508847288
559,Antimony,"('ecoinvent-3.4-biosphere', '7805afa2-d93b-40bb-b841-325b98aec824')",Sb,9.306075561611062e-10,9.306075561611062e-10,1.0,2.1834077210692158e-11,2.1834077210692158e-11,Stibnite,1.3941798941798942,1.297434344171701e-09,1.3941798941798942,3.0440631455118433e-11,0.7172675521821632,0.7172675508847288
560,Antimony,"('ecoinvent-3.4-biosphere', '5df5cb9f-812c-4ce8-ab1c-df6ab4d31900')",Sb,9.306075561611062e-10,9.306075561611062e-10,1.0,2.1834077210692158e-11,2.1834077210692158e-11,Stibnite,1.3941798941798942,1.297434344171701e-09,1.3941798941798942,3.0440631455118433e-11,0.7172675521821632,0.7172675508847288
561,Antimony,"('ecoinvent-3.4-biosphere', '43b29ad9-26dd-4838-b931-6216e55a0120')",Sb,9.306075561611062e-10,9.306075561611062e-10,1.0,2.1834077210692158e-11,2.1834077210692158e-11,Stibnite,1.3941798941798942,1.297434344171701e-09,1.3941798941798942,3.0440631455118433e-11,0.7172675521821632,0.7172675508847288
562,Antimony,"('ecoinvent-3.4-biosphere', 'b2dc8668-86de-4207-b20e-dc81dea63c98')",Sb,9.306075561611062e-10,9.306075561611062e-10,1.0,2.1834077210692158e-11,2.1834077210692158e-11,Stibnite,1.3941798941798942,1.297434344171701e-09,1.3941798941798942,3.0440631455118433e-11,0.7172675521821632,0.7172675508847288
563,Antimony,"('ecoinvent-3.4-biosphere', '49803ad0-9ca2-4507-a5ea-f152d16c929d')",Sb,9.306075561611062e-10,9.306075561611062e-10,1.0,2.1834077210692158e-11,2.1834077210692158e-11,Stibnite,1.3941798941798942,1.297434344171701e-09,1.3941798941798942,3.0440631455118433e-11,0.7172675521821632,0.7172675508847288
564,Antimony,"('ecoinvent-3.4-biosphere', '34b96163-a3df-4bc1-8224-e2a9fe01b23f')",Sb,9.306075561611062e-10,9.306075561611062e-10,1.0,2.1834077210692158e-11,2.1834077210692158e-11,Stibnite,1.3941798941798942,1.297434344171701e-09,1.3941798941798942,3.0440631455118433e-11,0.7172675521821632,0.7172675508847288
565,Antimony,"('ecoinvent-3.4-biosphere', '77927dac-dea3-429d-a434-d5a71d92c4f7')",Sb,9.306075561611062e-10,9.306075561611062e-10,1.0,2.1834077210692158e-11,2.1834077210692158e-11,Stibnite,1.3941798941798942,1.297434344171701e-09,1.3941798941798942,3.0440631455118433e-11,0.7172675521821632,0.7172675508847288
566,Antimony,"('ecoinvent-3.4-biosphere', 'fa39136e-1ef6-43c1-af68-104da104568d')",Sb,9.306075561611062e-10,9.306075561611062e-10,1.0,2.1834077210692158e-11,2.1834077210692158e-11,Stibnite,1.3941798941798942,1.297434344171701e-09,1.3941798941798942,3.0440631455118433e-11,0.7172675521821632,0.7172675508847288
567,Antimony,"('ecoinvent-3.4-biosphere', '183f9856-03ab-464d-9366-8ef62077b510')",Sb,9.306075561611062e-10,9.306075561611062e-10,1.0,2.1834077210692158e-11,2.1834077210692158e-11,Stibnite,1.3941798941798942,1.297434344171701e-09,1.3941798941798942,3.0440631455118433e-11,0.7172675521821632,0.7172675508847288
568,Antimony,"('ecoinvent-3.4-biosphere', 'f4cf8d5c-f030-4b55-a3af-e3c20b855ee8')",Sb,9.306075561611062e-10,9.306075561611062e-10,1.0,2.1834077210692158e-11,2.1834077210692158e-11,Stibnite,1.3941798941798942,1.297434344171701e-09,1.3941798941798942,3.0440631455118433e-11,0.7172675521821632,0.7172675508847288
569,Antimony,"('ecoinvent-3.4-biosphere', '2b2369a4-26bb-4b18-8479-752fdf7a5e7f')",Sb,9.306075561611062e-10,9.306075561611062e-10,1.0,2.1834077210692158e-11,2.1834077210692158e-11,Stibnite,1.3941798941798942,1.297434344171701e-09,1.3941798941798942,3.0440631455118433e-11,0.7172675521821632,0.7172675508847288
570,Zinc,"('ecoinvent-3.4-biosphere', '84aa799e-9d98-4d34-85e0-516d28ab1be9')",Zn,9.162106616692684e-10,9.162106616692684e-10,1.0,1.0836576745711442e-13,1.0836576745711442e-13,Sphalerite,1.4901477832512315,1.3652892864776045e-09,1.4901477832512315,1.614810081565375e-13,0.6710743801652892,0.6710743787999999
571,Zinc,"('ecoinvent-3.4-biosphere', '8d226423-1351-4366-b09f-d16c9e38683c')",Zn,9.162106616692684e-10,9.162106616692684e-10,1.0,1.0836576745711442e-13,1.0836576745711442e-13,Sphalerite,1.4901477832512315,1.3652892864776045e-09,1.4901477832512315,1.614810081565375e-13,0.6710743801652892,0.6710743787999999
572,Zinc,"('ecoinvent-3.4-biosphere', '77887584-ddca-4920-952c-3609730e0c13')",Zn,9.162106616692684e-10,9.162106616692684e-10,1.0,1.0836576745711442e-13,1.0836576745711442e-13,Sphalerite,1.4901477832512315,1.3652892864776045e-09,1.4901477832512315,1.614810081565375e-13,0.6710743801652892,0.6710743787999999
573,Zinc,"('ecoinvent-3.4-biosphere', '748f22a9-eba4-4726-bef5-92c7442ce189')",Zn,9.162106616692684e-10,9.162106616692684e-10,1.0,1.0836576745711442e-13,1.0836576745711442e-13,Sphalerite,1.4901477832512315,1.3652892864776045e-09,1.4901477832512315,1.614810081565375e-13,0.6710743801652892,0.6710743787999999
574,Zinc,"('ecoinvent-3.4-biosphere', '5ce378a0-b48d-471c-977d-79681521efde')",Zn,9.162106616692684e-10,9.162106616692684e-10,1.0,1.0836576745711442e-13,1.0836576745711442e-13,Sphalerite,1.4901477832512315,1.3652892864776045e-09,1.4901477832512315,1.614810081565375e-13,0.6710743801652892,0.6710743787999999
575,Zinc,"('ecoinvent-3.4-biosphere', '8f871bab-96dc-49d9-bf08-12cdd0715901')",Zn,9.162106616692684e-10,9.162106616692684e-10,1.0,1.0836576745711442e-13,1.0836576745711442e-13,Sphalerite,1.4901477832512315,1.3652892864776045e-09,1.4901477832512315,1.614810081565375e-13,0.6710743801652892,0.6710743787999999
576,Zinc,"('ecoinvent-3.4-biosphere', '87a69874-34f9-4070-a525-aa301ab2634b')",Zn,9.162106616692684e-10,9.162106616692684e-10,1.0,1.0836576745711442e-13,1.0836576745711442e-13,Sphalerite,1.4901477832512315,1.3652892864776045e-09,1.4901477832512315,1.614810081565375e-13,0.6710743801652892,0.6710743787999999
577,Zinc,"('ecoinvent-3.4-biosphere', 'b88999ec-84fd-462d-9dec-7e20a4636a58')",Zn,9.162106616692684e-10,9.162106616692684e-10,1.0,1.0836576745711442e-13,1.0836576745711442e-13,Sphalerite,1.4901477832512315,1.3652892864776045e-09,1.4901477832512315,1.614810081565375e-13,0.6710743801652892,0.6710743787999999
578,Zinc,"('ecoinvent-3.4-biosphere', 'ada3ecfe-8244-4389-bcce-e83ca4f66e09')",Zn,9.162106616692684e-10,9.162106616692684e-10,1.0,1.0836576745711442e-13,1.0836576745711442e-13,Sphalerite,1.4901477832512315,1.3652892864776045e-09,1.4901477832512315,1.614810081565375e-13,0.6710743801652892,0.6710743787999999
579,Cobalt,"('ecoinvent-3.4-biosphere', '74eb3f02-09ec-46ce-8ee8-d67d0900136b')",Co,8.764035352571517e-10,8.764035352571517e-10,1.0,1.9447495148453946e-12,1.9447495148453946e-12,Linnaeite,1.727272727272727,1.51378792453508e-09,1.727272727272727,3.3591127983693174e-12,0.5789473684210527,0.5789473669072648
580,Cobalt,"('ecoinvent-3.4-biosphere', '12051b95-831a-49c0-9a70-fbc0e8fb9af9')",Co,8.764035352571517e-10,8.764035352571517e-10,1.0,1.9447495148453946e-12,1.9447495148453946e-12,Linnaeite,1.727272727272727,1.51378792453508e-09,1.727272727272727,3.3591127983693174e-12,0.5789473684210527,0.5789473669072648
581,Cobalt,"('ecoinvent-3.4-biosphere', 'd4291dd5-dae8-47fa-bf06-466fcecbc210')",Co,8.764035352571517e-10,8.764035352571517e-10,1.0,1.9447495148453946e-12,1.9447495148453946e-12,Linnaeite,1.727272727272727,1.51378792453508e-09,1.727272727272727,3.3591127983693174e-12,0.5789473684210527,0.5789473669072648
582,Cobalt,"('ecoinvent-3.4-biosphere', '9542444c-7c7a-48e2-bc9c-9c7c34fb7b3e')",Co,8.764035352571517e-10,8.764035352571517e-10,1.0,1.9447495148453946e-12,1.9447495148453946e-12,Linnaeite,1.727272727272727,1.51378792453508e-09,1.727272727272727,3.3591127983693174e-12,0.5789473684210527,0.5789473669072648
583,Cobalt,"('ecoinvent-3.4-biosphere', 'c58d25ad-30d2-4fac-a857-1fa6f67afe8a')",Co,8.764035352571517e-10,8.764035352571517e-10,1.0,1.9447495148453946e-12,1.9447495148453946e-12,Linnaeite,1.727272727272727,1.51378792453508e-09,1.727272727272727,3.3591127983693174e-12,0.5789473684210527,0.5789473669072648
584,Cobalt,"('ecoinvent-3.4-biosphere', 'caf066cf-40ce-47a8-ba4c-969fcd6019c7')",Co,8.764035352571517e-10,8.764035352571517e-10,1.0,1.9447495148453946e-12,1.9447495148453946e-12,Linnaeite,1.727272727272727,1.51378792453508e-09,1.727272727272727,3.3591127983693174e-12,0.5789473684210527,0.5789473669072648
585,Cobalt,"('ecoinvent-3.4-biosphere', 'f0d1c319-249f-4a89-b0e7-3a5a90a54036')",Co,8.764035352571517e-10,8.764035352571517e-10,1.0,1.9447495148453946e-12,1.9447495148453946e-12,Linnaeite,1.727272727272727,1.51378792453508e-09,1.727272727272727,3.3591127983693174e-12,0.5789473684210527,0.5789473669072648
586,Cobalt,"('ecoinvent-3.4-biosphere', 'f0e28a62-ddf9-4c93-af81-676a58c3f2d4')",Co,8.764035352571517e-10,8.764035352571517e-10,1.0,1.9447495148453946e-12,1.9447495148453946e-12,Linnaeite,1.727272727272727,1.51378792453508e-09,1.727272727272727,3.3591127983693174e-12,0.5789473684210527,0.5789473669072648
587,Cobalt,"('ecoinvent-3.4-biosphere', 'ca04300a-8338-4601-ba7c-66c10a4f6322')",Co,8.764035352571517e-10,8.764035352571517e-10,1.0,1.9447495148453946e-12,1.9447495148453946e-12,Linnaeite,1.727272727272727,1.51378792453508e-09,1.727272727272727,3.3591127983693174e-12,0.5789473684210527,0.5789473669072648
588,Cobalt,"('ecoinvent-3.4-biosphere', '1e904267-caa3-40e6-a3a0-fc104489770b')",Co,8.764035352571517e-10,8.764035352571517e-10,1.0,1.9447495148453946e-12,1.9447495148453946e-12,Linnaeite,1.727272727272727,1.51378792453508e-09,1.727272727272727,3.3591127983693174e-12,0.5789473684210527,0.5789473669072648
589,Cobalt,"('ecoinvent-3.4-biosphere', '33627701-feca-434d-a192-674a450eaaf7')",Co,8.764035352571517e-10,8.764035352571517e-10,1.0,1.9447495148453946e-12,1.9447495148453946e-12,Linnaeite,1.727272727272727,1.51378792453508e-09,1.727272727272727,3.3591127983693174e-12,0.5789473684210527,0.5789473669072648
590,Cobalt,"('ecoinvent-3.4-biosphere', '381a22c9-3722-4378-810d-86958f7b6d32')",Co,8.764035352571517e-10,8.764035352571517e-10,1.0,1.9447495148453946e-12,1.9447495148453946e-12,Linnaeite,1.727272727272727,1.51378792453508e-09,1.727272727272727,3.3591127983693174e-12,0.5789473684210527,0.5789473669072648
591,Cobalt,"('ecoinvent-3.4-biosphere', '9ce88274-57b6-42ed-a78b-4abef2301865')",Co,8.764035352571517e-10,8.764035352571517e-10,1.0,1.9447495148453946e-12,1.9447495148453946e-12,Linnaeite,1.727272727272727,1.51378792453508e-09,1.727272727272727,3.3591127983693174e-12,0.5789473684210527,0.5789473669072648
592,Cobalt,"('ecoinvent-3.4-biosphere', 'b10faa87-2c1d-4f6e-aa65-9f80b376939a')",Co,8.764035352571517e-10,8.764035352571517e-10,1.0,1.9447495148453946e-12,1.9447495148453946e-12,Linnaeite,1.727272727272727,1.51378792453508e-09,1.727272727272727,3.3591127983693174e-12,0.5789473684210527,0.5789473669072648
593,Aluminium,"('ecoinvent-3.4-biosphere', '7880e65c-0321-4295-ba55-3186ad36e489')",Al,8.332548883558549e-10,8.332548883558549e-10,1.0,6.422536676269254e-14,6.422536676269254e-14,Bauxite (Gibbsite),2.8930041152263373,2.4106098210459507e-09,2.8930041152263373,1.8580425034639034e-13,0.3456614509246088,0.345661448513999
594,Aluminium,"('ecoinvent-3.4-biosphere', '2e0c9efa-d55c-49db-8be3-0376d5921ff4')",Al,8.332548883558549e-10,8.332548883558549e-10,1.0,6.422536676269254e-14,6.422536676269254e-14,Bauxite (Gibbsite),2.8930041152263373,2.4106098210459507e-09,2.8930041152263373,1.8580425034639034e-13,0.3456614509246088,0.345661448513999
595,Aluminium,"('ecoinvent-3.4-biosphere', '0ace7678-a181-48e8-8728-d912a8b56c57')",Al,8.332548883558549e-10,8.332548883558549e-10,1.0,6.422536676269254e-14,6.422536676269254e-14,Bauxite (Gibbsite),2.8930041152263373,2.4106098210459507e-09,2.8930041152263373,1.8580425034639034e-13,0.3456614509246088,0.345661448513999
596,Aluminium,"('ecoinvent-3.4-biosphere', 'd96403bf-902e-4b7a-8ffd-32fe09e4017f')",Al,8.332548883558549e-10,8.332548883558549e-10,1.0,6.422536676269254e-14,6.422536676269254e-14,Bauxite (Gibbsite),2.8930041152263373,2.4106098210459507e-09,2.8930041152263373,1.8580425034639034e-13,0.3456614509246088,0.345661448513999
597,Aluminium,"('ecoinvent-3.4-biosphere', '2baa4381-b781-4f5e-90de-508b0fa3fd1f')",Al,8.332548883558549e-10,8.332548883558549e-10,1.0,6.422536676269254e-14,6.422536676269254e-14,Bauxite (Gibbsite),2.8930041152263373,2.4106098210459507e-09,2.8930041152263373,1.8580425034639034e-13,0.3456614509246088,0.345661448513999
598,Aluminium,"('ecoinvent-3.4-biosphere', '6f0b8b7c-3888-4174-b7e3-916d42d678ee')",Al,8.332548883558549e-10,8.332548883558549e-10,1.0,6.422536676269254e-14,6.422536676269254e-14,Bauxite (Gibbsite),2.8930041152263373,2.4106098210459507e-09,2.8930041152263373,1.8580425034639034e-13,0.3456614509246088,0.345661448513999
599,Aluminium,"('ecoinvent-3.4-biosphere', 'e0401210-0377-4670-84af-12247ca20bed')",Al,8.332548883558549e-10,8.332548883558549e-10,1.0,6.422536676269254e-14,6.422536676269254e-14,Bauxite (Gibbsite),2.8930041152263373,2.4106098210459507e-09,2.8930041152263373,1.8580425034639034e-13,0.3456614509246088,0.345661448513999
600,Aluminium,"('ecoinvent-3.4-biosphere', '39555a26-d28b-425f-993f-e8770ab7d9cf')",Al,8.332548883558549e-10,8.332548883558549e-10,1.0,6.422536676269254e-14,6.422536676269254e-14,Bauxite (Gibbsite),2.8930041152263373,2.4106098210459507e-09,2.8930041152263373,1.8580425034639034e-13,0.3456614509246088,0.345661448513999
601,Aluminium,"('ecoinvent-3.4-biosphere', '46e63323-cffd-4c46-829b-5f006b50fa9b')",Al,8.332548883558549e-10,8.332548883558549e-10,1.0,6.422536676269254e-14,6.422536676269254e-14,Bauxite (Gibbsite),2.8930041152263373,2.4106098210459507e-09,2.8930041152263373,1.8580425034639034e-13,0.3456614509246088,0.345661448513999
602,Aluminium,"('ecoinvent-3.4-biosphere', '01056d4b-f9b0-4dfc-b8d9-8407c8376efb')",Al,8.332548883558549e-10,8.332548883558549e-10,1.0,6.422536676269254e-14,6.422536676269254e-14,Bauxite (Gibbsite),2.8930041152263373,2.4106098210459507e-09,2.8930041152263373,1.8580425034639034e-13,0.3456614509246088,0.345661448513999
603,Aluminium,"('ecoinvent-3.4-biosphere', '9c3bd678-1b2f-4b95-a245-d5c8a3fe326b')",Al,8.332548883558549e-10,8.332548883558549e-10,1.0,6.422536676269254e-14,6.422536676269254e-14,Bauxite (Gibbsite),2.8930041152263373,2.4106098210459507e-09,2.8930041152263373,1.8580425034639034e-13,0.3456614509246088,0.345661448513999
604,Aluminium,"('ecoinvent-3.4-biosphere', '765546a9-b056-4d27-ad14-2f016511bdcb')",Al,8.332548883558549e-10,8.332548883558549e-10,1.0,6.422536676269254e-14,6.422536676269254e-14,Bauxite (Gibbsite),2.8930041152263373,2.4106098210459507e-09,2.8930041152263373,1.8580425034639034e-13,0.3456614509246088,0.345661448513999
605,Aluminium,"('ecoinvent-3.4-biosphere', 'ff65658c-2d39-44a2-b23e-7ec3c644f064')",Al,8.332548883558549e-10,8.332548883558549e-10,1.0,6.422536676269254e-14,6.422536676269254e-14,Bauxite (Gibbsite),2.8930041152263373,2.4106098210459507e-09,2.8930041152263373,1.8580425034639034e-13,0.3456614509246088,0.345661448513999
606,Aluminium,"('ecoinvent-3.4-biosphere', '97e498ec-f323-4ec6-bcc0-d8a4c853bae3')",Al,8.332548883558549e-10,8.332548883558549e-10,1.0,6.422536676269254e-14,6.422536676269254e-14,Bauxite (Gibbsite),2.8930041152263373,2.4106098210459507e-09,2.8930041152263373,1.8580425034639034e-13,0.3456614509246088,0.345661448513999
607,Manganese,"('ecoinvent-3.4-biosphere', '295060ba-3c3d-45e4-99ca-e17b1204b553')",Mn,8.288758895143545e-10,8.288758895143545e-10,1.0,6.485008032108113e-14,6.485008032108113e-14,Pyrolusite,1.5822784810126582,1.3115124834087888e-09,1.5822784810126582,1.0261088658398912e-13,0.632,0.6319999986884876
608,Manganese,"('ecoinvent-3.4-biosphere', '0af26a55-d357-469f-abad-8ced785cb4fb')",Mn,8.288758895143545e-10,8.288758895143545e-10,1.0,6.485008032108113e-14,6.485008032108113e-14,Pyrolusite,1.5822784810126582,1.3115124834087888e-09,1.5822784810126582,1.0261088658398912e-13,0.632,0.6319999986884876
609,Manganese,"('ecoinvent-3.4-biosphere', 'b0546417-3064-4878-bd6f-2da75cefdf63')",Mn,8.288758895143545e-10,8.288758895143545e-10,1.0,6.485008032108113e-14,6.485008032108113e-14,Pyrolusite,1.5822784810126582,1.3115124834087888e-09,1.5822784810126582,1.0261088658398912e-13,0.632,0.6319999986884876
610,Manganese,"('ecoinvent-3.4-biosphere', 'c91fd4bf-ed70-4e2f-a34f-159773f981b6')",Mn,8.288758895143545e-10,8.288758895143545e-10,1.0,6.485008032108113e-14,6.485008032108113e-14,Pyrolusite,1.5822784810126582,1.3115124834087888e-09,1.5822784810126582,1.0261088658398912e-13,0.632,0.6319999986884876
611,Manganese,"('ecoinvent-3.4-biosphere', '10cbd2f7-c41b-4bb4-b636-d8fc15cf0282')",Mn,8.288758895143545e-10,8.288758895143545e-10,1.0,6.485008032108113e-14,6.485008032108113e-14,Pyrolusite,1.5822784810126582,1.3115124834087888e-09,1.5822784810126582,1.0261088658398912e-13,0.632,0.6319999986884876
612,Manganese,"('ecoinvent-3.4-biosphere', '2460f868-54a9-404c-bec8-c809a44ae72c')",Mn,8.288758895143545e-10,8.288758895143545e-10,1.0,6.485008032108113e-14,6.485008032108113e-14,Pyrolusite,1.5822784810126582,1.3115124834087888e-09,1.5822784810126582,1.0261088658398912e-13,0.632,0.6319999986884876
613,Manganese,"('ecoinvent-3.4-biosphere', '009a49e8-09a7-4432-9cb9-f2dd18e8f922')",Mn,8.288758895143545e-10,8.288758895143545e-10,1.0,6.485008032108113e-14,6.485008032108113e-14,Pyrolusite,1.5822784810126582,1.3115124834087888e-09,1.5822784810126582,1.0261088658398912e-13,0.632,0.6319999986884876
614,Manganese,"('ecoinvent-3.4-biosphere', '9ba8c05d-1593-45a5-8d3b-5c4f3e9fef32')",Mn,8.288758895143545e-10,8.288758895143545e-10,1.0,6.485008032108113e-14,6.485008032108113e-14,Pyrolusite,1.5822784810126582,1.3115124834087888e-09,1.5822784810126582,1.0261088658398912e-13,0.632,0.6319999986884876
615,Manganese,"('ecoinvent-3.4-biosphere', '835d0907-a668-4d92-b6b6-7b56fa343713')",Mn,8.288758895143545e-10,8.288758895143545e-10,1.0,6.485008032108113e-14,6.485008032108113e-14,Pyrolusite,1.5822784810126582,1.3115124834087888e-09,1.5822784810126582,1.0261088658398912e-13,0.632,0.6319999986884876
616,Manganese,"('ecoinvent-3.4-biosphere', '9c706cff-cb82-4207-a589-95896e04dc08')",Mn,8.288758895143545e-10,8.288758895143545e-10,1.0,6.485008032108113e-14,6.485008032108113e-14,Pyrolusite,1.5822784810126582,1.3115124834087888e-09,1.5822784810126582,1.0261088658398912e-13,0.632,0.6319999986884876
617,Manganese,"('ecoinvent-3.4-biosphere', '42053ffb-9284-49cb-88f9-33ac5c77be4a')",Mn,8.288758895143545e-10,8.288758895143545e-10,1.0,6.485008032108113e-14,6.485008032108113e-14,Pyrolusite,1.5822784810126582,1.3115124834087888e-09,1.5822784810126582,1.0261088658398912e-13,0.632,0.6319999986884876
618,Manganese,"('ecoinvent-3.4-biosphere', '44f28e11-061d-44fd-8f25-dc62a9f1fa57')",Mn,8.288758895143545e-10,8.288758895143545e-10,1.0,6.485008032108113e-14,6.485008032108113e-14,Pyrolusite,1.5822784810126582,1.3115124834087888e-09,1.5822784810126582,1.0261088658398912e-13,0.632,0.6319999986884876
619,Manganese,"('ecoinvent-3.4-biosphere', '6b7fbea6-4a86-40f9-954d-3c9b3611abfd')",Mn,8.288758895143545e-10,8.288758895143545e-10,1.0,6.485008032108113e-14,6.485008032108113e-14,Pyrolusite,1.5822784810126582,1.3115124834087888e-09,1.5822784810126582,1.0261088658398912e-13,0.632,0.6319999986884876
620,Manganese,"('ecoinvent-3.4-biosphere', 'f532985c-90b7-46fc-aac9-b039b40e22f1')",Mn,8.288758895143545e-10,8.288758895143545e-10,1.0,6.485008032108113e-14,6.485008032108113e-14,Pyrolusite,1.5822784810126582,1.3115124834087888e-09,1.5822784810126582,1.0261088658398912e-13,0.632,0.6319999986884876
621,Antimony,"('ecoinvent-3.4-biosphere', 'c49fb4cd-eed0-4438-9052-9612473cdbae')",Sb,8.212093570258105e-10,8.212093570258105e-10,1.0,2.1834077210692158e-11,2.1834077210692158e-11,Stibnite,1.3941798941798942,1.1449135744777835e-09,1.3941798941798942,3.0440631455118433e-11,0.7172675521821632,0.7172675510372496
622,Antimony,"('ecoinvent-3.4-biosphere', '3ea5684a-6d64-4f96-8c09-1d90f997c9d4')",Sb,8.212093570258105e-10,8.212093570258105e-10,1.0,2.1834077210692158e-11,2.1834077210692158e-11,Stibnite,1.3941798941798942,1.1449135744777835e-09,1.3941798941798942,3.0440631455118433e-11,0.7172675521821632,0.7172675510372496
623,Antimony,"('ecoinvent-3.4-biosphere', '83cf77ca-867b-4eef-b0f0-78d71b3d91d5')",Sb,8.212093570258105e-10,8.212093570258105e-10,1.0,2.1834077210692158e-11,2.1834077210692158e-11,Stibnite,1.3941798941798942,1.1449135744777835e-09,1.3941798941798942,3.0440631455118433e-11,0.7172675521821632,0.7172675510372496
624,Antimony,"('ecoinvent-3.4-biosphere', '7805afa2-d93b-40bb-b841-325b98aec824')",Sb,8.212093570258105e-10,8.212093570258105e-10,1.0,2.1834077210692158e-11,2.1834077210692158e-11,Stibnite,1.3941798941798942,1.1449135744777835e-09,1.3941798941798942,3.0440631455118433e-11,0.7172675521821632,0.7172675510372496
625,Antimony,"('ecoinvent-3.4-biosphere', '5df5cb9f-812c-4ce8-ab1c-df6ab4d31900')",Sb,8.212093570258105e-10,8.212093570258105e-10,1.0,2.1834077210692158e-11,2.1834077210692158e-11,Stibnite,1.3941798941798942,1.1449135744777835e-09,1.3941798941798942,3.0440631455118433e-11,0.7172675521821632,0.7172675510372496
626,Antimony,"('ecoinvent-3.4-biosphere', '43b29ad9-26dd-4838-b931-6216e55a0120')",Sb,8.212093570258105e-10,8.212093570258105e-10,1.0,2.1834077210692158e-11,2.1834077210692158e-11,Stibnite,1.3941798941798942,1.1449135744777835e-09,1.3941798941798942,3.0440631455118433e-11,0.7172675521821632,0.7172675510372496
627,Antimony,"('ecoinvent-3.4-biosphere', 'b2dc8668-86de-4207-b20e-dc81dea63c98')",Sb,8.212093570258105e-10,8.212093570258105e-10,1.0,2.1834077210692158e-11,2.1834077210692158e-11,Stibnite,1.3941798941798942,1.1449135744777835e-09,1.3941798941798942,3.0440631455118433e-11,0.7172675521821632,0.7172675510372496
628,Antimony,"('ecoinvent-3.4-biosphere', '49803ad0-9ca2-4507-a5ea-f152d16c929d')",Sb,8.212093570258105e-10,8.212093570258105e-10,1.0,2.1834077210692158e-11,2.1834077210692158e-11,Stibnite,1.3941798941798942,1.1449135744777835e-09,1.3941798941798942,3.0440631455118433e-11,0.7172675521821632,0.7172675510372496
629,Antimony,"('ecoinvent-3.4-biosphere', '34b96163-a3df-4bc1-8224-e2a9fe01b23f')",Sb,8.212093570258105e-10,8.212093570258105e-10,1.0,2.1834077210692158e-11,2.1834077210692158e-11,Stibnite,1.3941798941798942,1.1449135744777835e-09,1.3941798941798942,3.0440631455118433e-11,0.7172675521821632,0.7172675510372496
630,Antimony,"('ecoinvent-3.4-biosphere', '77927dac-dea3-429d-a434-d5a71d92c4f7')",Sb,8.212093570258105e-10,8.212093570258105e-10,1.0,2.1834077210692158e-11,2.1834077210692158e-11,Stibnite,1.3941798941798942,1.1449135744777835e-09,1.3941798941798942,3.0440631455118433e-11,0.7172675521821632,0.7172675510372496
631,Antimony,"('ecoinvent-3.4-biosphere', 'fa39136e-1ef6-43c1-af68-104da104568d')",Sb,8.212093570258105e-10,8.212093570258105e-10,1.0,2.1834077210692158e-11,2.1834077210692158e-11,Stibnite,1.3941798941798942,1.1449135744777835e-09,1.3941798941798942,3.0440631455118433e-11,0.7172675521821632,0.7172675510372496
632,Antimony,"('ecoinvent-3.4-biosphere', '183f9856-03ab-464d-9366-8ef62077b510')",Sb,8.212093570258105e-10,8.212093570258105e-10,1.0,2.1834077210692158e-11,2.1834077210692158e-11,Stibnite,1.3941798941798942,1.1449135744777835e-09,1.3941798941798942,3.0440631455118433e-11,0.7172675521821632,0.7172675510372496
633,Antimony,"('ecoinvent-3.4-biosphere', 'f4cf8d5c-f030-4b55-a3af-e3c20b855ee8')",Sb,8.212093570258105e-10,8.212093570258105e-10,1.0,2.1834077210692158e-11,2.1834077210692158e-11,Stibnite,1.3941798941798942,1.1449135744777835e-09,1.3941798941798942,3.0440631455118433e-11,0.7172675521821632,0.7172675510372496
634,Antimony,"('ecoinvent-3.4-biosphere', '2b2369a4-26bb-4b18-8479-752fdf7a5e7f')",Sb,8.212093570258105e-10,8.212093570258105e-10,1.0,2.1834077210692158e-11,2.1834077210692158e-11,Stibnite,1.3941798941798942,1.1449135744777835e-09,1.3941798941798942,3.0440631455118433e-11,0.7172675521821632,0.7172675510372496
635,"Chromium, ion","('ecoinvent-3.4-biosphere', 'd98f0ec0-bf19-4c90-a457-a8593dec497f')",Cr,7.71129348110886e-10,7.71129348110886e-10,1.0,3.1278613038877847e-13,3.1278613038877847e-13,Chromite,2.152027027027027,1.6594911984683595e-09,2.152027027027027,6.73124206275851e-13,0.46467817896389324,0.46467817730440203
636,"Chromium, ion","('ecoinvent-3.4-biosphere', 'd9c23a8d-e7bf-4f70-8d22-b9ad8a653204')",Cr,7.71129348110886e-10,7.71129348110886e-10,1.0,3.1278613038877847e-13,3.1278613038877847e-13,Chromite,2.152027027027027,1.6594911984683595e-09,2.152027027027027,6.73124206275851e-13,0.46467817896389324,0.46467817730440203
637,"Chromium, ion","('ecoinvent-3.4-biosphere', '1c87de06-e58f-4684-a54c-d29f1a251a87')",Cr,7.71129348110886e-10,7.71129348110886e-10,1.0,3.1278613038877847e-13,3.1278613038877847e-13,Chromite,2.152027027027027,1.6594911984683595e-09,2.152027027027027,6.73124206275851e-13,0.46467817896389324,0.46467817730440203
638,"Chromium, ion","('ecoinvent-3.4-biosphere', '30f484ee-dec4-47ae-8e92-d00d4b93fe05')",Cr,7.71129348110886e-10,7.71129348110886e-10,1.0,3.1278613038877847e-13,3.1278613038877847e-13,Chromite,2.152027027027027,1.6594911984683595e-09,2.152027027027027,6.73124206275851e-13,0.46467817896389324,0.46467817730440203
639,"Chromium, ion","('ecoinvent-3.4-biosphere', 'e34d3da4-a3d5-41be-84b5-458afe32c990')",Cr,7.71129348110886e-10,7.71129348110886e-10,1.0,3.1278613038877847e-13,3.1278613038877847e-13,Chromite,2.152027027027027,1.6594911984683595e-09,2.152027027027027,6.73124206275851e-13,0.46467817896389324,0.46467817730440203
640,Molybdenum,"('ecoinvent-3.4-biosphere', 'c126f8a0-6bc4-42e6-9220-d6ccfef3f2ed')",Mo,6.571315772771111e-10,6.571315772771111e-10,1.0,1.6532043483883647e-13,1.6532043483883647e-13,Molybdenite,1.6700000000000004,1.0974097340527758e-09,1.6700000000000004,2.7608512618085697e-13,0.5988023952095807,0.598802394112171
641,Molybdenum,"('ecoinvent-3.4-biosphere', '1f3c2297-d652-468d-82e8-4fd59bf5b5b8')",Mo,6.571315772771111e-10,6.571315772771111e-10,1.0,1.6532043483883647e-13,1.6532043483883647e-13,Molybdenite,1.6700000000000004,1.0974097340527758e-09,1.6700000000000004,2.7608512618085697e-13,0.5988023952095807,0.598802394112171
642,Molybdenum,"('ecoinvent-3.4-biosphere', '35b4d818-1019-413b-b99d-d351d8a67ac4')",Mo,6.571315772771111e-10,6.571315772771111e-10,1.0,1.6532043483883647e-13,1.6532043483883647e-13,Molybdenite,1.6700000000000004,1.0974097340527758e-09,1.6700000000000004,2.7608512618085697e-13,0.5988023952095807,0.598802394112171
643,Molybdenum,"('ecoinvent-3.4-biosphere', '163926e2-b4cc-42bb-ba7d-401028140985')",Mo,6.571315772771111e-10,6.571315772771111e-10,1.0,1.6532043483883647e-13,1.6532043483883647e-13,Molybdenite,1.6700000000000004,1.0974097340527758e-09,1.6700000000000004,2.7608512618085697e-13,0.5988023952095807,0.598802394112171
644,Molybdenum,"('ecoinvent-3.4-biosphere', '697e8ecf-bdbe-4857-92c9-e01960c91db7')",Mo,6.571315772771111e-10,6.571315772771111e-10,1.0,1.6532043483883647e-13,1.6532043483883647e-13,Molybdenite,1.6700000000000004,1.0974097340527758e-09,1.6700000000000004,2.7608512618085697e-13,0.5988023952095807,0.598802394112171
645,Molybdenum,"('ecoinvent-3.4-biosphere', '9cf3a683-ed3d-40e9-b039-7653e4fc9e20')",Mo,6.571315772771111e-10,6.571315772771111e-10,1.0,1.6532043483883647e-13,1.6532043483883647e-13,Molybdenite,1.6700000000000004,1.0974097340527758e-09,1.6700000000000004,2.7608512618085697e-13,0.5988023952095807,0.598802394112171
646,Molybdenum,"('ecoinvent-3.4-biosphere', 'fdaaef05-0d10-4032-b2e7-85cae3c7bd5c')",Mo,6.571315772771111e-10,6.571315772771111e-10,1.0,1.6532043483883647e-13,1.6532043483883647e-13,Molybdenite,1.6700000000000004,1.0974097340527758e-09,1.6700000000000004,2.7608512618085697e-13,0.5988023952095807,0.598802394112171
647,Molybdenum,"('ecoinvent-3.4-biosphere', '3822809c-cc03-469d-ac2a-9f85842f8440')",Mo,6.571315772771111e-10,6.571315772771111e-10,1.0,1.6532043483883647e-13,1.6532043483883647e-13,Molybdenite,1.6700000000000004,1.0974097340527758e-09,1.6700000000000004,2.7608512618085697e-13,0.5988023952095807,0.598802394112171
648,Molybdenum,"('ecoinvent-3.4-biosphere', 'c26d4716-ce1e-43da-a662-cd9498b1e8bc')",Mo,6.571315772771111e-10,6.571315772771111e-10,1.0,1.6532043483883647e-13,1.6532043483883647e-13,Molybdenite,1.6700000000000004,1.0974097340527758e-09,1.6700000000000004,2.7608512618085697e-13,0.5988023952095807,0.598802394112171
649,Molybdenum,"('ecoinvent-3.4-biosphere', '442511cc-a98b-4242-9229-5736cb9a9399')",Mo,6.571315772771111e-10,6.571315772771111e-10,1.0,1.6532043483883647e-13,1.6532043483883647e-13,Molybdenite,1.6700000000000004,1.0974097340527758e-09,1.6700000000000004,2.7608512618085697e-13,0.5988023952095807,0.598802394112171
650,Molybdenum,"('ecoinvent-3.4-biosphere', '7d3f7498-3596-478a-9fa1-72201ef94082')",Mo,6.571315772771111e-10,6.571315772771111e-10,1.0,1.6532043483883647e-13,1.6532043483883647e-13,Molybdenite,1.6700000000000004,1.0974097340527758e-09,1.6700000000000004,2.7608512618085697e-13,0.5988023952095807,0.598802394112171
651,Molybdenum,"('ecoinvent-3.4-biosphere', '5fa36ce3-aed0-443b-a09d-4cdf25b41995')",Mo,6.571315772771111e-10,6.571315772771111e-10,1.0,1.6532043483883647e-13,1.6532043483883647e-13,Molybdenite,1.6700000000000004,1.0974097340527758e-09,1.6700000000000004,2.7608512618085697e-13,0.5988023952095807,0.598802394112171
652,Molybdenum,"('ecoinvent-3.4-biosphere', '8b531ec0-ca7a-49cd-bef0-56f110112f34')",Mo,6.571315772771111e-10,6.571315772771111e-10,1.0,1.6532043483883647e-13,1.6532043483883647e-13,Molybdenite,1.6700000000000004,1.0974097340527758e-09,1.6700000000000004,2.7608512618085697e-13,0.5988023952095807,0.598802394112171
653,Molybdenum,"('ecoinvent-3.4-biosphere', '640e30d2-3158-4a1a-82ef-fd0c72922c9a')",Mo,6.571315772771111e-10,6.571315772771111e-10,1.0,1.6532043483883647e-13,1.6532043483883647e-13,Molybdenite,1.6700000000000004,1.0974097340527758e-09,1.6700000000000004,2.7608512618085697e-13,0.5988023952095807,0.598802394112171
654,Iron,"('ecoinvent-3.4-biosphere', '8dba66e2-0f2e-4038-84ef-1e40b4f573a6')",Fe,5.921821095467502e-10,5.921821095467502e-10,1.0,4.282654305987987e-15,4.282654305987987e-15,Hematite,1.0,5.921821095467502e-10,1.0,4.282654305987987e-15,1.0,0.9999999994078179
655,Iron,"('ecoinvent-3.4-biosphere', 'db364689-e1a3-4629-8835-e6c59d6daf09')",Fe,5.921821095467502e-10,5.921821095467502e-10,1.0,4.282654305987987e-15,4.282654305987987e-15,Hematite,1.0,5.921821095467502e-10,1.0,4.282654305987987e-15,1.0,0.9999999994078179
656,Iron,"('ecoinvent-3.4-biosphere', '76152de4-9499-48f7-af98-a5d41842484a')",Fe,5.921821095467502e-10,5.921821095467502e-10,1.0,4.282654305987987e-15,4.282654305987987e-15,Hematite,1.0,5.921821095467502e-10,1.0,4.282654305987987e-15,1.0,0.9999999994078179
657,Iron,"('ecoinvent-3.4-biosphere', 'c983ad54-12e9-47a5-b747-5e5c448e58e2')",Fe,5.921821095467502e-10,5.921821095467502e-10,1.0,4.282654305987987e-15,4.282654305987987e-15,Hematite,1.0,5.921821095467502e-10,1.0,4.282654305987987e-15,1.0,0.9999999994078179
658,Iron,"('ecoinvent-3.4-biosphere', '32cd0492-c0cb-4898-a2b1-675eedc5b688')",Fe,5.921821095467502e-10,5.921821095467502e-10,1.0,4.282654305987987e-15,4.282654305987987e-15,Hematite,1.0,5.921821095467502e-10,1.0,4.282654305987987e-15,1.0,0.9999999994078179
659,Iron,"('ecoinvent-3.4-biosphere', 'e3043a7f-5347-4c7b-89ee-93f11b2f6d9b')",Fe,5.921821095467502e-10,5.921821095467502e-10,1.0,4.282654305987987e-15,4.282654305987987e-15,Hematite,1.0,5.921821095467502e-10,1.0,4.282654305987987e-15,1.0,0.9999999994078179
660,Iron,"('ecoinvent-3.4-biosphere', '98693cdf-d9fc-43ed-bfe6-78dfe5742d33')",Fe,5.921821095467502e-10,5.921821095467502e-10,1.0,4.282654305987987e-15,4.282654305987987e-15,Hematite,1.0,5.921821095467502e-10,1.0,4.282654305987987e-15,1.0,0.9999999994078179
661,Iron,"('ecoinvent-3.4-biosphere', '0dc0bbb0-1141-4dff-b6a2-8bd5368e14af')",Fe,5.921821095467502e-10,5.921821095467502e-10,1.0,4.282654305987987e-15,4.282654305987987e-15,Hematite,1.0,5.921821095467502e-10,1.0,4.282654305987987e-15,1.0,0.9999999994078179
662,Iron,"('ecoinvent-3.4-biosphere', 'ce567bdc-76ec-4ca0-be79-8bb796e448b3')",Fe,5.921821095467502e-10,5.921821095467502e-10,1.0,4.282654305987987e-15,4.282654305987987e-15,Hematite,1.0,5.921821095467502e-10,1.0,4.282654305987987e-15,1.0,0.9999999994078179
663,Iron,"('ecoinvent-3.4-biosphere', 'e8bd2edd-f937-49f6-9e8b-9f445278775e')",Fe,5.921821095467502e-10,5.921821095467502e-10,1.0,4.282654305987987e-15,4.282654305987987e-15,Hematite,1.0,5.921821095467502e-10,1.0,4.282654305987987e-15,1.0,0.9999999994078179
664,Nickel,"('ecoinvent-3.4-biosphere', '5de1943f-b011-45a0-97d4-ed15eea6a382')",Ni,5.722096308184417e-10,5.722096308184417e-10,1.0,9.066741688482605e-14,9.066741688482605e-14,Pentlandite(sulphides) / Garnierite(laterites),2.9342028985507245,1.6789791573261115e-09,2.9342028985507245,2.660365974275635e-13,0.3393665158371041,0.3393665141581249
665,Nickel,"('ecoinvent-3.4-biosphere', '56815b4f-6138-4e0b-9fac-c94fd6b102b3')",Ni,5.722096308184417e-10,5.722096308184417e-10,1.0,9.066741688482605e-14,9.066741688482605e-14,Pentlandite(sulphides) / Garnierite(laterites),2.9342028985507245,1.6789791573261115e-09,2.9342028985507245,2.660365974275635e-13,0.3393665158371041,0.3393665141581249
666,Nickel,"('ecoinvent-3.4-biosphere', 'e43a270f-4f88-4789-a0b8-7aba56677743')",Ni,5.722096308184417e-10,5.722096308184417e-10,1.0,9.066741688482605e-14,9.066741688482605e-14,Pentlandite(sulphides) / Garnierite(laterites),2.9342028985507245,1.6789791573261115e-09,2.9342028985507245,2.660365974275635e-13,0.3393665158371041,0.3393665141581249
667,Nickel,"('ecoinvent-3.4-biosphere', 'c89873de-cd23-4323-a948-f5cfeebd2fc9')",Ni,5.722096308184417e-10,5.722096308184417e-10,1.0,9.066741688482605e-14,9.066741688482605e-14,Pentlandite(sulphides) / Garnierite(laterites),2.9342028985507245,1.6789791573261115e-09,2.9342028985507245,2.660365974275635e-13,0.3393665158371041,0.3393665141581249
668,Nickel,"('ecoinvent-3.4-biosphere', 'b4580545-243d-48d2-a3a0-2633a4f46fb1')",Ni,5.722096308184417e-10,5.722096308184417e-10,1.0,9.066741688482605e-14,9.066741688482605e-14,Pentlandite(sulphides) / Garnierite(laterites),2.9342028985507245,1.6789791573261115e-09,2.9342028985507245,2.660365974275635e-13,0.3393665158371041,0.3393665141581249
669,Nickel,"('ecoinvent-3.4-biosphere', 'e8fc62ba-678e-4706-97d2-b79d83e227d5')",Ni,5.722096308184417e-10,5.722096308184417e-10,1.0,9.066741688482605e-14,9.066741688482605e-14,Pentlandite(sulphides) / Garnierite(laterites),2.9342028985507245,1.6789791573261115e-09,2.9342028985507245,2.660365974275635e-13,0.3393665158371041,0.3393665141581249
670,Nickel,"('ecoinvent-3.4-biosphere', '0545c382-2312-43b6-9ec3-63dbb1438565')",Ni,5.722096308184417e-10,5.722096308184417e-10,1.0,9.066741688482605e-14,9.066741688482605e-14,Pentlandite(sulphides) / Garnierite(laterites),2.9342028985507245,1.6789791573261115e-09,2.9342028985507245,2.660365974275635e-13,0.3393665158371041,0.3393665141581249
671,Nickel,"('ecoinvent-3.4-biosphere', '2bcad3b3-5305-481c-a166-ad5e6eac2675')",Ni,5.722096308184417e-10,5.722096308184417e-10,1.0,9.066741688482605e-14,9.066741688482605e-14,Pentlandite(sulphides) / Garnierite(laterites),2.9342028985507245,1.6789791573261115e-09,2.9342028985507245,2.660365974275635e-13,0.3393665158371041,0.3393665141581249
672,Nickel,"('ecoinvent-3.4-biosphere', 'a72a45ee-395a-4d25-b893-9d183e43e76e')",Ni,5.722096308184417e-10,5.722096308184417e-10,1.0,9.066741688482605e-14,9.066741688482605e-14,Pentlandite(sulphides) / Garnierite(laterites),2.9342028985507245,1.6789791573261115e-09,2.9342028985507245,2.660365974275635e-13,0.3393665158371041,0.3393665141581249
673,Nickel,"('ecoinvent-3.4-biosphere', 'a5506f4b-113f-4713-95c3-c819dde6e48b')",Ni,5.722096308184417e-10,5.722096308184417e-10,1.0,9.066741688482605e-14,9.066741688482605e-14,Pentlandite(sulphides) / Garnierite(laterites),2.9342028985507245,1.6789791573261115e-09,2.9342028985507245,2.660365974275635e-13,0.3393665158371041,0.3393665141581249
674,"Silver, ion","('ecoinvent-3.4-biosphere', 'af9793ba-25a1-4928-a14a-4bcf7d5bd3f7')",Ag,5.511391213993538e-10,5.511391213993538e-10,1.0,1.5701960660375504e-13,1.5701960660375504e-13,Argentite,1.1478494623655913,6.326247441868926e-10,1.1478494623655913,1.8023487102097688e-13,0.8711943793911008,0.871194378758476
675,"Silver, ion","('ecoinvent-3.4-biosphere', '71cfe87c-ab80-421e-adba-afb7d5bd0861')",Ag,5.511391213993538e-10,5.511391213993538e-10,1.0,1.5701960660375504e-13,1.5701960660375504e-13,Argentite,1.1478494623655913,6.326247441868926e-10,1.1478494623655913,1.8023487102097688e-13,0.8711943793911008,0.871194378758476
676,"Silver, ion","('ecoinvent-3.4-biosphere', '94426df9-63b1-4dc6-ad1b-3509e22f1154')",Ag,5.511391213993538e-10,5.511391213993538e-10,1.0,1.5701960660375504e-13,1.5701960660375504e-13,Argentite,1.1478494623655913,6.326247441868926e-10,1.1478494623655913,1.8023487102097688e-13,0.8711943793911008,0.871194378758476
677,"Silver, ion","('ecoinvent-3.4-biosphere', '21c257b2-57ce-4a6e-b4bd-40f0f75f310f')",Ag,5.511391213993538e-10,5.511391213993538e-10,1.0,1.5701960660375504e-13,1.5701960660375504e-13,Argentite,1.1478494623655913,6.326247441868926e-10,1.1478494623655913,1.8023487102097688e-13,0.8711943793911008,0.871194378758476
678,"Silver, ion","('ecoinvent-3.4-biosphere', '6aa8673f-f7e3-4270-93dc-e97b745fced7')",Ag,5.511391213993538e-10,5.511391213993538e-10,1.0,1.5701960660375504e-13,1.5701960660375504e-13,Argentite,1.1478494623655913,6.326247441868926e-10,1.1478494623655913,1.8023487102097688e-13,0.8711943793911008,0.871194378758476
679,Iron,"('ecoinvent-3.4-biosphere', '8dba66e2-0f2e-4038-84ef-1e40b4f573a6')",Fe,5.005630745380119e-10,5.005630745380119e-10,1.0,4.282654305987987e-15,4.282654305987987e-15,Hematite,1.0,5.005630745380119e-10,1.0,4.282654305987987e-15,1.0,0.999999999499437
680,Iron,"('ecoinvent-3.4-biosphere', 'db364689-e1a3-4629-8835-e6c59d6daf09')",Fe,5.005630745380119e-10,5.005630745380119e-10,1.0,4.282654305987987e-15,4.282654305987987e-15,Hematite,1.0,5.005630745380119e-10,1.0,4.282654305987987e-15,1.0,0.999999999499437
681,Iron,"('ecoinvent-3.4-biosphere', '76152de4-9499-48f7-af98-a5d41842484a')",Fe,5.005630745380119e-10,5.005630745380119e-10,1.0,4.282654305987987e-15,4.282654305987987e-15,Hematite,1.0,5.005630745380119e-10,1.0,4.282654305987987e-15,1.0,0.999999999499437
682,Iron,"('ecoinvent-3.4-biosphere', 'c983ad54-12e9-47a5-b747-5e5c448e58e2')",Fe,5.005630745380119e-10,5.005630745380119e-10,1.0,4.282654305987987e-15,4.282654305987987e-15,Hematite,1.0,5.005630745380119e-10,1.0,4.282654305987987e-15,1.0,0.999999999499437
683,Iron,"('ecoinvent-3.4-biosphere', '32cd0492-c0cb-4898-a2b1-675eedc5b688')",Fe,5.005630745380119e-10,5.005630745380119e-10,1.0,4.282654305987987e-15,4.282654305987987e-15,Hematite,1.0,5.005630745380119e-10,1.0,4.282654305987987e-15,1.0,0.999999999499437
684,Iron,"('ecoinvent-3.4-biosphere', 'e3043a7f-5347-4c7b-89ee-93f11b2f6d9b')",Fe,5.005630745380119e-10,5.005630745380119e-10,1.0,4.282654305987987e-15,4.282654305987987e-15,Hematite,1.0,5.005630745380119e-10,1.0,4.282654305987987e-15,1.0,0.999999999499437
685,Iron,"('ecoinvent-3.4-biosphere', '98693cdf-d9fc-43ed-bfe6-78dfe5742d33')",Fe,5.005630745380119e-10,5.005630745380119e-10,1.0,4.282654305987987e-15,4.282654305987987e-15,Hematite,1.0,5.005630745380119e-10,1.0,4.282654305987987e-15,1.0,0.999999999499437
686,Iron,"('ecoinvent-3.4-biosphere', '0dc0bbb0-1141-4dff-b6a2-8bd5368e14af')",Fe,5.005630745380119e-10,5.005630745380119e-10,1.0,4.282654305987987e-15,4.282654305987987e-15,Hematite,1.0,5.005630745380119e-10,1.0,4.282654305987987e-15,1.0,0.999999999499437
687,Iron,"('ecoinvent-3.4-biosphere', 'ce567bdc-76ec-4ca0-be79-8bb796e448b3')",Fe,5.005630745380119e-10,5.005630745380119e-10,1.0,4.282654305987987e-15,4.282654305987987e-15,Hematite,1.0,5.005630745380119e-10,1.0,4.282654305987987e-15,1.0,0.999999999499437
688,Iron,"('ecoinvent-3.4-biosphere', 'e8bd2edd-f937-49f6-9e8b-9f445278775e')",Fe,5.005630745380119e-10,5.005630745380119e-10,1.0,4.282654305987987e-15,4.282654305987987e-15,Hematite,1.0,5.005630745380119e-10,1.0,4.282654305987987e-15,1.0,0.999999999499437
689,Lead,"('ecoinvent-3.4-biosphere', '2718482b-8399-442e-b89a-52fbcc22d2e6')",Pb,4.724927322763017e-10,4.724927322763017e-10,1.0,1.1855254708054448e-13,1.1855254708054448e-13,Galena,1.1560975609756097,5.462476953633341e-10,1.1560975609756097,1.370583105272636e-13,0.8649789029535866,0.8649789024073389
690,Lead,"('ecoinvent-3.4-biosphere', '4010918f-7fd0-4925-8fbb-8fd7a44a806c')",Pb,4.724927322763017e-10,4.724927322763017e-10,1.0,1.1855254708054448e-13,1.1855254708054448e-13,Galena,1.1560975609756097,5.462476953633341e-10,1.1560975609756097,1.370583105272636e-13,0.8649789029535866,0.8649789024073389
691,Lead,"('ecoinvent-3.4-biosphere', '31c4d160-b21e-41b3-b9c1-3d7a72377653')",Pb,4.724927322763017e-10,4.724927322763017e-10,1.0,1.1855254708054448e-13,1.1855254708054448e-13,Galena,1.1560975609756097,5.462476953633341e-10,1.1560975609756097,1.370583105272636e-13,0.8649789029535866,0.8649789024073389
692,Lead,"('ecoinvent-3.4-biosphere', '0ff15165-d761-48c9-9814-2d1dcdd56857')",Pb,4.724927322763017e-10,4.724927322763017e-10,1.0,1.1855254708054448e-13,1.1855254708054448e-13,Galena,1.1560975609756097,5.462476953633341e-10,1.1560975609756097,1.370583105272636e-13,0.8649789029535866,0.8649789024073389
693,Lead,"('ecoinvent-3.4-biosphere', 'c864aa15-0abc-41ad-9889-348106e485d8')",Pb,4.724927322763017e-10,4.724927322763017e-10,1.0,1.1855254708054448e-13,1.1855254708054448e-13,Galena,1.1560975609756097,5.462476953633341e-10,1.1560975609756097,1.370583105272636e-13,0.8649789029535866,0.8649789024073389
694,Lead,"('ecoinvent-3.4-biosphere', '9ee7f4ab-b826-47ae-8623-e138f944b42e')",Pb,4.724927322763017e-10,4.724927322763017e-10,1.0,1.1855254708054448e-13,1.1855254708054448e-13,Galena,1.1560975609756097,5.462476953633341e-10,1.1560975609756097,1.370583105272636e-13,0.8649789029535866,0.8649789024073389
695,Lead,"('ecoinvent-3.4-biosphere', 'b3ebdcc3-c588-4997-95d2-9785b26b34e1')",Pb,4.724927322763017e-10,4.724927322763017e-10,1.0,1.1855254708054448e-13,1.1855254708054448e-13,Galena,1.1560975609756097,5.462476953633341e-10,1.1560975609756097,1.370583105272636e-13,0.8649789029535866,0.8649789024073389
696,Lead,"('ecoinvent-3.4-biosphere', 'e9e856c2-868e-435e-8425-8df1c9297cfc')",Pb,4.724927322763017e-10,4.724927322763017e-10,1.0,1.1855254708054448e-13,1.1855254708054448e-13,Galena,1.1560975609756097,5.462476953633341e-10,1.1560975609756097,1.370583105272636e-13,0.8649789029535866,0.8649789024073389
697,Lead,"('ecoinvent-3.4-biosphere', '739234c8-5359-48b4-983f-9cb170d68c8d')",Pb,4.724927322763017e-10,4.724927322763017e-10,1.0,1.1855254708054448e-13,1.1855254708054448e-13,Galena,1.1560975609756097,5.462476953633341e-10,1.1560975609756097,1.370583105272636e-13,0.8649789029535866,0.8649789024073389
698,Lead,"('ecoinvent-3.4-biosphere', '8e123669-94d3-41d8-9480-a79211fe7c43')",Pb,4.724927322763017e-10,4.724927322763017e-10,1.0,1.1855254708054448e-13,1.1855254708054448e-13,Galena,1.1560975609756097,5.462476953633341e-10,1.1560975609756097,1.370583105272636e-13,0.8649789029535866,0.8649789024073389
699,Lead,"('ecoinvent-3.4-biosphere', '6a903634-c97f-4c49-a7c0-88f0e6ac7a23')",Pb,4.724927322763017e-10,4.724927322763017e-10,1.0,1.1855254708054448e-13,1.1855254708054448e-13,Galena,1.1560975609756097,5.462476953633341e-10,1.1560975609756097,1.370583105272636e-13,0.8649789029535866,0.8649789024073389
700,Lead,"('ecoinvent-3.4-biosphere', 'fe4613d7-1ed8-427d-9b06-c8e8f4f5e1b1')",Pb,4.724927322763017e-10,4.724927322763017e-10,1.0,1.1855254708054448e-13,1.1855254708054448e-13,Galena,1.1560975609756097,5.462476953633341e-10,1.1560975609756097,1.370583105272636e-13,0.8649789029535866,0.8649789024073389
701,Lead,"('ecoinvent-3.4-biosphere', '837083ce-41cd-49f3-a849-d79564dac238')",Pb,4.724927322763017e-10,4.724927322763017e-10,1.0,1.1855254708054448e-13,1.1855254708054448e-13,Galena,1.1560975609756097,5.462476953633341e-10,1.1560975609756097,1.370583105272636e-13,0.8649789029535866,0.8649789024073389
702,Lead,"('ecoinvent-3.4-biosphere', '67652827-017f-4856-8d0a-c97bac4c6562')",Pb,4.724927322763017e-10,4.724927322763017e-10,1.0,1.1855254708054448e-13,1.1855254708054448e-13,Galena,1.1560975609756097,5.462476953633341e-10,1.1560975609756097,1.370583105272636e-13,0.8649789029535866,0.8649789024073389
703,Uranium,"('ecoinvent-3.4-biosphere', '347de5bf-3551-4022-8371-258e830b5a09')",U,4.4875150638663606e-10,4.4875150638663606e-10,1.0,9.154438878304105e-12,9.154438878304105e-12,Uraninite,0.954954954954955,4.285374745674182e-10,0.954954954954955,8.742076766668785e-12,1.0471698113207546,1.0471698108922172
704,Uranium,"('ecoinvent-3.4-biosphere', '52317c31-7bdc-47de-9c23-ecf55127de75')",U,4.4875150638663606e-10,4.4875150638663606e-10,1.0,9.154438878304105e-12,9.154438878304105e-12,Uraninite,0.954954954954955,4.285374745674182e-10,0.954954954954955,8.742076766668785e-12,1.0471698113207546,1.0471698108922172
705,Uranium,"('ecoinvent-3.4-biosphere', '2e518059-747c-4ff1-8da3-17134c547ac2')",U,4.4875150638663606e-10,4.4875150638663606e-10,1.0,9.154438878304105e-12,9.154438878304105e-12,Uraninite,0.954954954954955,4.285374745674182e-10,0.954954954954955,8.742076766668785e-12,1.0471698113207546,1.0471698108922172
706,Uranium,"('ecoinvent-3.4-biosphere', '55fb6174-72e0-4a5e-9eb5-8d5780acffd1')",U,4.4875150638663606e-10,4.4875150638663606e-10,1.0,9.154438878304105e-12,9.154438878304105e-12,Uraninite,0.954954954954955,4.285374745674182e-10,0.954954954954955,8.742076766668785e-12,1.0471698113207546,1.0471698108922172
707,Uranium,"('ecoinvent-3.4-biosphere', '595f08d9-6304-497e-bb7d-48b6d2d8bff3')",U,4.4875150638663606e-10,4.4875150638663606e-10,1.0,9.154438878304105e-12,9.154438878304105e-12,Uraninite,0.954954954954955,4.285374745674182e-10,0.954954954954955,8.742076766668785e-12,1.0471698113207546,1.0471698108922172
708,Copper,"('ecoinvent-3.4-biosphere', '237ca6bc-2f0a-4416-a0e3-bd512f038f2e')",Cu,4.446872001750454e-10,4.446872001750454e-10,1.0,1.231243333335009e-14,1.231243333335009e-14,Chalcopyrite,2.8793103448275863,1.2803924556764239e-09,2.8793103448275863,3.545131666671491e-14,0.34730538922155685,0.3473053879411644
709,Copper,"('ecoinvent-3.4-biosphere', 'fd153f15-1d16-410a-91fa-04d205e36c43')",Cu,4.446872001750454e-10,4.446872001750454e-10,1.0,1.231243333335009e-14,1.231243333335009e-14,Chalcopyrite,2.8793103448275863,1.2803924556764239e-09,2.8793103448275863,3.545131666671491e-14,0.34730538922155685,0.3473053879411644
710,Copper,"('ecoinvent-3.4-biosphere', '0a5e8a67-f9ae-48b3-bfa7-e9d37c30a191')",Cu,4.446872001750454e-10,4.446872001750454e-10,1.0,1.231243333335009e-14,1.231243333335009e-14,Chalcopyrite,2.8793103448275863,1.2803924556764239e-09,2.8793103448275863,3.545131666671491e-14,0.34730538922155685,0.3473053879411644
711,Copper,"('ecoinvent-3.4-biosphere', '88cde01c-df69-40bb-9b14-6eac71bea5b8')",Cu,4.446872001750454e-10,4.446872001750454e-10,1.0,1.231243333335009e-14,1.231243333335009e-14,Chalcopyrite,2.8793103448275863,1.2803924556764239e-09,2.8793103448275863,3.545131666671491e-14,0.34730538922155685,0.3473053879411644
712,Copper,"('ecoinvent-3.4-biosphere', 'e336eee7-148a-4d1c-8027-780cbfafa12b')",Cu,4.446872001750454e-10,4.446872001750454e-10,1.0,1.231243333335009e-14,1.231243333335009e-14,Chalcopyrite,2.8793103448275863,1.2803924556764239e-09,2.8793103448275863,3.545131666671491e-14,0.34730538922155685,0.3473053879411644
713,Copper,"('ecoinvent-3.4-biosphere', '7e66a41c-d311-4949-bdd8-eef09cdcfa47')",Cu,4.446872001750454e-10,4.446872001750454e-10,1.0,1.231243333335009e-14,1.231243333335009e-14,Chalcopyrite,2.8793103448275863,1.2803924556764239e-09,2.8793103448275863,3.545131666671491e-14,0.34730538922155685,0.3473053879411644
714,Copper,"('ecoinvent-3.4-biosphere', '44d3e792-7c9e-48ab-9de9-acfa2e097f26')",Cu,4.446872001750454e-10,4.446872001750454e-10,1.0,1.231243333335009e-14,1.231243333335009e-14,Chalcopyrite,2.8793103448275863,1.2803924556764239e-09,2.8793103448275863,3.545131666671491e-14,0.34730538922155685,0.3473053879411644
715,Copper,"('ecoinvent-3.4-biosphere', 'ec8144d6-d123-43b1-9c17-a295422a0498')",Cu,4.446872001750454e-10,4.446872001750454e-10,1.0,1.231243333335009e-14,1.231243333335009e-14,Chalcopyrite,2.8793103448275863,1.2803924556764239e-09,2.8793103448275863,3.545131666671491e-14,0.34730538922155685,0.3473053879411644
716,Copper,"('ecoinvent-3.4-biosphere', '3573a5af-88f8-4f74-ade7-cd269cbc4e66')",Cu,4.446872001750454e-10,4.446872001750454e-10,1.0,1.231243333335009e-14,1.231243333335009e-14,Chalcopyrite,2.8793103448275863,1.2803924556764239e-09,2.8793103448275863,3.545131666671491e-14,0.34730538922155685,0.3473053879411644
717,Iron,"('ecoinvent-3.4-biosphere', '8dba66e2-0f2e-4038-84ef-1e40b4f573a6')",Fe,3.8245224441025293e-10,3.8245224441025293e-10,1.0,4.282654305987987e-15,4.282654305987987e-15,Hematite,1.0,3.8245224441025293e-10,1.0,4.282654305987987e-15,1.0,0.9999999996175477
718,Iron,"('ecoinvent-3.4-biosphere', 'db364689-e1a3-4629-8835-e6c59d6daf09')",Fe,3.8245224441025293e-10,3.8245224441025293e-10,1.0,4.282654305987987e-15,4.282654305987987e-15,Hematite,1.0,3.8245224441025293e-10,1.0,4.282654305987987e-15,1.0,0.9999999996175477
719,Iron,"('ecoinvent-3.4-biosphere', '76152de4-9499-48f7-af98-a5d41842484a')",Fe,3.8245224441025293e-10,3.8245224441025293e-10,1.0,4.282654305987987e-15,4.282654305987987e-15,Hematite,1.0,3.8245224441025293e-10,1.0,4.282654305987987e-15,1.0,0.9999999996175477
720,Iron,"('ecoinvent-3.4-biosphere', 'c983ad54-12e9-47a5-b747-5e5c448e58e2')",Fe,3.8245224441025293e-10,3.8245224441025293e-10,1.0,4.282654305987987e-15,4.282654305987987e-15,Hematite,1.0,3.8245224441025293e-10,1.0,4.282654305987987e-15,1.0,0.9999999996175477
721,Iron,"('ecoinvent-3.4-biosphere', '32cd0492-c0cb-4898-a2b1-675eedc5b688')",Fe,3.8245224441025293e-10,3.8245224441025293e-10,1.0,4.282654305987987e-15,4.282654305987987e-15,Hematite,1.0,3.8245224441025293e-10,1.0,4.282654305987987e-15,1.0,0.9999999996175477
722,Iron,"('ecoinvent-3.4-biosphere', 'e3043a7f-5347-4c7b-89ee-93f11b2f6d9b')",Fe,3.8245224441025293e-10,3.8245224441025293e-10,1.0,4.282654305987987e-15,4.282654305987987e-15,Hematite,1.0,3.8245224441025293e-10,1.0,4.282654305987987e-15,1.0,0.9999999996175477
723,Iron,"('ecoinvent-3.4-biosphere', '98693cdf-d9fc-43ed-bfe6-78dfe5742d33')",Fe,3.8245224441025293e-10,3.8245224441025293e-10,1.0,4.282654305987987e-15,4.282654305987987e-15,Hematite,1.0,3.8245224441025293e-10,1.0,4.282654305987987e-15,1.0,0.9999999996175477
724,Iron,"('ecoinvent-3.4-biosphere', '0dc0bbb0-1141-4dff-b6a2-8bd5368e14af')",Fe,3.8245224441025293e-10,3.8245224441025293e-10,1.0,4.282654305987987e-15,4.282654305987987e-15,Hematite,1.0,3.8245224441025293e-10,1.0,4.282654305987987e-15,1.0,0.9999999996175477
725,Iron,"('ecoinvent-3.4-biosphere', 'ce567bdc-76ec-4ca0-be79-8bb796e448b3')",Fe,3.8245224441025293e-10,3.8245224441025293e-10,1.0,4.282654305987987e-15,4.282654305987987e-15,Hematite,1.0,3.8245224441025293e-10,1.0,4.282654305987987e-15,1.0,0.9999999996175477
726,Iron,"('ecoinvent-3.4-biosphere', 'e8bd2edd-f937-49f6-9e8b-9f445278775e')",Fe,3.8245224441025293e-10,3.8245224441025293e-10,1.0,4.282654305987987e-15,4.282654305987987e-15,Hematite,1.0,3.8245224441025293e-10,1.0,4.282654305987987e-15,1.0,0.9999999996175477
727,"Zinc, ion","('ecoinvent-3.4-biosphere', '2c7be02c-791f-4fef-b231-b90321bbeb30')",Zn,3.607409920892376e-10,3.607409920892376e-10,1.0,1.0836576745711442e-13,1.0836576745711442e-13,Sphalerite,1.4901477832512315,5.375573896896275e-10,1.4901477832512315,1.614810081565375e-13,0.6710743801652892,0.6710743796277318
728,"Zinc, ion","('ecoinvent-3.4-biosphere', '2195d86f-e4c8-4e86-9f18-b5b065b1df7e')",Zn,3.607409920892376e-10,3.607409920892376e-10,1.0,1.0836576745711442e-13,1.0836576745711442e-13,Sphalerite,1.4901477832512315,5.375573896896275e-10,1.4901477832512315,1.614810081565375e-13,0.6710743801652892,0.6710743796277318
729,"Zinc, ion","('ecoinvent-3.4-biosphere', '7e769b3e-03fb-4b53-be15-85a910dcfea9')",Zn,3.607409920892376e-10,3.607409920892376e-10,1.0,1.0836576745711442e-13,1.0836576745711442e-13,Sphalerite,1.4901477832512315,5.375573896896275e-10,1.4901477832512315,1.614810081565375e-13,0.6710743801652892,0.6710743796277318
730,"Zinc, ion","('ecoinvent-3.4-biosphere', '541b633c-17a3-4047-bce6-0c0e4fdb7c10')",Zn,3.607409920892376e-10,3.607409920892376e-10,1.0,1.0836576745711442e-13,1.0836576745711442e-13,Sphalerite,1.4901477832512315,5.375573896896275e-10,1.4901477832512315,1.614810081565375e-13,0.6710743801652892,0.6710743796277318
731,"Zinc, ion","('ecoinvent-3.4-biosphere', 'bdce3a7c-e008-4391-be26-285f71a02453')",Zn,3.607409920892376e-10,3.607409920892376e-10,1.0,1.0836576745711442e-13,1.0836576745711442e-13,Sphalerite,1.4901477832512315,5.375573896896275e-10,1.4901477832512315,1.614810081565375e-13,0.6710743801652892,0.6710743796277318
732,Molybdenum,"('ecoinvent-3.4-biosphere', 'c126f8a0-6bc4-42e6-9220-d6ccfef3f2ed')",Mo,3.2568101268142466e-10,3.2568101268142466e-10,1.0,1.6532043483883647e-13,1.6532043483883647e-13,Molybdenite,1.6700000000000004,5.438872911779793e-10,1.6700000000000004,2.7608512618085697e-13,0.5988023952095807,0.5988023946656934
733,Molybdenum,"('ecoinvent-3.4-biosphere', '1f3c2297-d652-468d-82e8-4fd59bf5b5b8')",Mo,3.2568101268142466e-10,3.2568101268142466e-10,1.0,1.6532043483883647e-13,1.6532043483883647e-13,Molybdenite,1.6700000000000004,5.438872911779793e-10,1.6700000000000004,2.7608512618085697e-13,0.5988023952095807,0.5988023946656934
734,Molybdenum,"('ecoinvent-3.4-biosphere', '35b4d818-1019-413b-b99d-d351d8a67ac4')",Mo,3.2568101268142466e-10,3.2568101268142466e-10,1.0,1.6532043483883647e-13,1.6532043483883647e-13,Molybdenite,1.6700000000000004,5.438872911779793e-10,1.6700000000000004,2.7608512618085697e-13,0.5988023952095807,0.5988023946656934
735,Molybdenum,"('ecoinvent-3.4-biosphere', '163926e2-b4cc-42bb-ba7d-401028140985')",Mo,3.2568101268142466e-10,3.2568101268142466e-10,1.0,1.6532043483883647e-13,1.6532043483883647e-13,Molybdenite,1.6700000000000004,5.438872911779793e-10,1.6700000000000004,2.7608512618085697e-13,0.5988023952095807,0.5988023946656934
736,Molybdenum,"('ecoinvent-3.4-biosphere', '697e8ecf-bdbe-4857-92c9-e01960c91db7')",Mo,3.2568101268142466e-10,3.2568101268142466e-10,1.0,1.6532043483883647e-13,1.6532043483883647e-13,Molybdenite,1.6700000000000004,5.438872911779793e-10,1.6700000000000004,2.7608512618085697e-13,0.5988023952095807,0.5988023946656934
737,Molybdenum,"('ecoinvent-3.4-biosphere', '9cf3a683-ed3d-40e9-b039-7653e4fc9e20')",Mo,3.2568101268142466e-10,3.2568101268142466e-10,1.0,1.6532043483883647e-13,1.6532043483883647e-13,Molybdenite,1.6700000000000004,5.438872911779793e-10,1.6700000000000004,2.7608512618085697e-13,0.5988023952095807,0.5988023946656934
738,Molybdenum,"('ecoinvent-3.4-biosphere', 'fdaaef05-0d10-4032-b2e7-85cae3c7bd5c')",Mo,3.2568101268142466e-10,3.2568101268142466e-10,1.0,1.6532043483883647e-13,1.6532043483883647e-13,Molybdenite,1.6700000000000004,5.438872911779793e-10,1.6700000000000004,2.7608512618085697e-13,0.5988023952095807,0.5988023946656934
739,Molybdenum,"('ecoinvent-3.4-biosphere', '3822809c-cc03-469d-ac2a-9f85842f8440')",Mo,3.2568101268142466e-10,3.2568101268142466e-10,1.0,1.6532043483883647e-13,1.6532043483883647e-13,Molybdenite,1.6700000000000004,5.438872911779793e-10,1.6700000000000004,2.7608512618085697e-13,0.5988023952095807,0.5988023946656934
740,Molybdenum,"('ecoinvent-3.4-biosphere', 'c26d4716-ce1e-43da-a662-cd9498b1e8bc')",Mo,3.2568101268142466e-10,3.2568101268142466e-10,1.0,1.6532043483883647e-13,1.6532043483883647e-13,Molybdenite,1.6700000000000004,5.438872911779793e-10,1.6700000000000004,2.7608512618085697e-13,0.5988023952095807,0.5988023946656934
741,Molybdenum,"('ecoinvent-3.4-biosphere', '442511cc-a98b-4242-9229-5736cb9a9399')",Mo,3.2568101268142466e-10,3.2568101268142466e-10,1.0,1.6532043483883647e-13,1.6532043483883647e-13,Molybdenite,1.6700000000000004,5.438872911779793e-10,1.6700000000000004,2.7608512618085697e-13,0.5988023952095807,0.5988023946656934
742,Molybdenum,"('ecoinvent-3.4-biosphere', '7d3f7498-3596-478a-9fa1-72201ef94082')",Mo,3.2568101268142466e-10,3.2568101268142466e-10,1.0,1.6532043483883647e-13,1.6532043483883647e-13,Molybdenite,1.6700000000000004,5.438872911779793e-10,1.6700000000000004,2.7608512618085697e-13,0.5988023952095807,0.5988023946656934
743,Molybdenum,"('ecoinvent-3.4-biosphere', '5fa36ce3-aed0-443b-a09d-4cdf25b41995')",Mo,3.2568101268142466e-10,3.2568101268142466e-10,1.0,1.6532043483883647e-13,1.6532043483883647e-13,Molybdenite,1.6700000000000004,5.438872911779793e-10,1.6700000000000004,2.7608512618085697e-13,0.5988023952095807,0.5988023946656934
744,Molybdenum,"('ecoinvent-3.4-biosphere', '8b531ec0-ca7a-49cd-bef0-56f110112f34')",Mo,3.2568101268142466e-10,3.2568101268142466e-10,1.0,1.6532043483883647e-13,1.6532043483883647e-13,Molybdenite,1.6700000000000004,5.438872911779793e-10,1.6700000000000004,2.7608512618085697e-13,0.5988023952095807,0.5988023946656934
745,Molybdenum,"('ecoinvent-3.4-biosphere', '640e30d2-3158-4a1a-82ef-fd0c72922c9a')",Mo,3.2568101268142466e-10,3.2568101268142466e-10,1.0,1.6532043483883647e-13,1.6532043483883647e-13,Molybdenite,1.6700000000000004,5.438872911779793e-10,1.6700000000000004,2.7608512618085697e-13,0.5988023952095807,0.5988023946656934
746,Lead,"('ecoinvent-3.4-biosphere', '2718482b-8399-442e-b89a-52fbcc22d2e6')",Pb,3.051965358551261e-10,3.051965358551261e-10,1.0,1.1855254708054448e-13,1.1855254708054448e-13,Galena,1.1560975609756097,3.5283697072031647e-10,1.1560975609756097,1.370583105272636e-13,0.8649789029535866,0.8649789026007496
747,Lead,"('ecoinvent-3.4-biosphere', '4010918f-7fd0-4925-8fbb-8fd7a44a806c')",Pb,3.051965358551261e-10,3.051965358551261e-10,1.0,1.1855254708054448e-13,1.1855254708054448e-13,Galena,1.1560975609756097,3.5283697072031647e-10,1.1560975609756097,1.370583105272636e-13,0.8649789029535866,0.8649789026007496
748,Lead,"('ecoinvent-3.4-biosphere', '31c4d160-b21e-41b3-b9c1-3d7a72377653')",Pb,3.051965358551261e-10,3.051965358551261e-10,1.0,1.1855254708054448e-13,1.1855254708054448e-13,Galena,1.1560975609756097,3.5283697072031647e-10,1.1560975609756097,1.370583105272636e-13,0.8649789029535866,0.8649789026007496
749,Lead,"('ecoinvent-3.4-biosphere', '0ff15165-d761-48c9-9814-2d1dcdd56857')",Pb,3.051965358551261e-10,3.051965358551261e-10,1.0,1.1855254708054448e-13,1.1855254708054448e-13,Galena,1.1560975609756097,3.5283697072031647e-10,1.1560975609756097,1.370583105272636e-13,0.8649789029535866,0.8649789026007496
750,Lead,"('ecoinvent-3.4-biosphere', 'c864aa15-0abc-41ad-9889-348106e485d8')",Pb,3.051965358551261e-10,3.051965358551261e-10,1.0,1.1855254708054448e-13,1.1855254708054448e-13,Galena,1.1560975609756097,3.5283697072031647e-10,1.1560975609756097,1.370583105272636e-13,0.8649789029535866,0.8649789026007496
751,Lead,"('ecoinvent-3.4-biosphere', '9ee7f4ab-b826-47ae-8623-e138f944b42e')",Pb,3.051965358551261e-10,3.051965358551261e-10,1.0,1.1855254708054448e-13,1.1855254708054448e-13,Galena,1.1560975609756097,3.5283697072031647e-10,1.1560975609756097,1.370583105272636e-13,0.8649789029535866,0.8649789026007496
752,Lead,"('ecoinvent-3.4-biosphere', 'b3ebdcc3-c588-4997-95d2-9785b26b34e1')",Pb,3.051965358551261e-10,3.051965358551261e-10,1.0,1.1855254708054448e-13,1.1855254708054448e-13,Galena,1.1560975609756097,3.5283697072031647e-10,1.1560975609756097,1.370583105272636e-13,0.8649789029535866,0.8649789026007496
753,Lead,"('ecoinvent-3.4-biosphere', 'e9e856c2-868e-435e-8425-8df1c9297cfc')",Pb,3.051965358551261e-10,3.051965358551261e-10,1.0,1.1855254708054448e-13,1.1855254708054448e-13,Galena,1.1560975609756097,3.5283697072031647e-10,1.1560975609756097,1.370583105272636e-13,0.8649789029535866,0.8649789026007496
754,Lead,"('ecoinvent-3.4-biosphere', '739234c8-5359-48b4-983f-9cb170d68c8d')",Pb,3.051965358551261e-10,3.051965358551261e-10,1.0,1.1855254708054448e-13,1.1855254708054448e-13,Galena,1.1560975609756097,3.5283697072031647e-10,1.1560975609756097,1.370583105272636e-13,0.8649789029535866,0.8649789026007496
755,Lead,"('ecoinvent-3.4-biosphere', '8e123669-94d3-41d8-9480-a79211fe7c43')",Pb,3.051965358551261e-10,3.051965358551261e-10,1.0,1.1855254708054448e-13,1.1855254708054448e-13,Galena,1.1560975609756097,3.5283697072031647e-10,1.1560975609756097,1.370583105272636e-13,0.8649789029535866,0.8649789026007496
756,Lead,"('ecoinvent-3.4-biosphere', '6a903634-c97f-4c49-a7c0-88f0e6ac7a23')",Pb,3.051965358551261e-10,3.051965358551261e-10,1.0,1.1855254708054448e-13,1.1855254708054448e-13,Galena,1.1560975609756097,3.5283697072031647e-10,1.1560975609756097,1.370583105272636e-13,0.8649789029535866,0.8649789026007496
757,Lead,"('ecoinvent-3.4-biosphere', 'fe4613d7-1ed8-427d-9b06-c8e8f4f5e1b1')",Pb,3.051965358551261e-10,3.051965358551261e-10,1.0,1.1855254708054448e-13,1.1855254708054448e-13,Galena,1.1560975609756097,3.5283697072031647e-10,1.1560975609756097,1.370583105272636e-13,0.8649789029535866,0.8649789026007496
758,Lead,"('ecoinvent-3.4-biosphere', '837083ce-41cd-49f3-a849-d79564dac238')",Pb,3.051965358551261e-10,3.051965358551261e-10,1.0,1.1855254708054448e-13,1.1855254708054448e-13,Galena,1.1560975609756097,3.5283697072031647e-10,1.1560975609756097,1.370583105272636e-13,0.8649789029535866,0.8649789026007496
759,Lead,"('ecoinvent-3.4-biosphere', '67652827-017f-4856-8d0a-c97bac4c6562')",Pb,3.051965358551261e-10,3.051965358551261e-10,1.0,1.1855254708054448e-13,1.1855254708054448e-13,Galena,1.1560975609756097,3.5283697072031647e-10,1.1560975609756097,1.370583105272636e-13,0.8649789029535866,0.8649789026007496
760,Lead,"('ecoinvent-3.4-biosphere', '2718482b-8399-442e-b89a-52fbcc22d2e6')",Pb,2.8966767275999467e-10,2.8966767275999467e-10,1.0,1.1855254708054448e-13,1.1855254708054448e-13,Galena,1.1560975609756097,3.348840899713109e-10,1.1560975609756097,1.370583105272636e-13,0.8649789029535866,0.8649789026187025
761,Lead,"('ecoinvent-3.4-biosphere', '4010918f-7fd0-4925-8fbb-8fd7a44a806c')",Pb,2.8966767275999467e-10,2.8966767275999467e-10,1.0,1.1855254708054448e-13,1.1855254708054448e-13,Galena,1.1560975609756097,3.348840899713109e-10,1.1560975609756097,1.370583105272636e-13,0.8649789029535866,0.8649789026187025
762,Lead,"('ecoinvent-3.4-biosphere', '31c4d160-b21e-41b3-b9c1-3d7a72377653')",Pb,2.8966767275999467e-10,2.8966767275999467e-10,1.0,1.1855254708054448e-13,1.1855254708054448e-13,Galena,1.1560975609756097,3.348840899713109e-10,1.1560975609756097,1.370583105272636e-13,0.8649789029535866,0.8649789026187025
763,Lead,"('ecoinvent-3.4-biosphere', '0ff15165-d761-48c9-9814-2d1dcdd56857')",Pb,2.8966767275999467e-10,2.8966767275999467e-10,1.0,1.1855254708054448e-13,1.1855254708054448e-13,Galena,1.1560975609756097,3.348840899713109e-10,1.1560975609756097,1.370583105272636e-13,0.8649789029535866,0.8649789026187025
764,Lead,"('ecoinvent-3.4-biosphere', 'c864aa15-0abc-41ad-9889-348106e485d8')",Pb,2.8966767275999467e-10,2.8966767275999467e-10,1.0,1.1855254708054448e-13,1.1855254708054448e-13,Galena,1.1560975609756097,3.348840899713109e-10,1.1560975609756097,1.370583105272636e-13,0.8649789029535866,0.8649789026187025
765,Lead,"('ecoinvent-3.4-biosphere', '9ee7f4ab-b826-47ae-8623-e138f944b42e')",Pb,2.8966767275999467e-10,2.8966767275999467e-10,1.0,1.1855254708054448e-13,1.1855254708054448e-13,Galena,1.1560975609756097,3.348840899713109e-10,1.1560975609756097,1.370583105272636e-13,0.8649789029535866,0.8649789026187025
766,Lead,"('ecoinvent-3.4-biosphere', 'b3ebdcc3-c588-4997-95d2-9785b26b34e1')",Pb,2.8966767275999467e-10,2.8966767275999467e-10,1.0,1.1855254708054448e-13,1.1855254708054448e-13,Galena,1.1560975609756097,3.348840899713109e-10,1.1560975609756097,1.370583105272636e-13,0.8649789029535866,0.8649789026187025
767,Lead,"('ecoinvent-3.4-biosphere', 'e9e856c2-868e-435e-8425-8df1c9297cfc')",Pb,2.8966767275999467e-10,2.8966767275999467e-10,1.0,1.1855254708054448e-13,1.1855254708054448e-13,Galena,1.1560975609756097,3.348840899713109e-10,1.1560975609756097,1.370583105272636e-13,0.8649789029535866,0.8649789026187025
768,Lead,"('ecoinvent-3.4-biosphere', '739234c8-5359-48b4-983f-9cb170d68c8d')",Pb,2.8966767275999467e-10,2.8966767275999467e-10,1.0,1.1855254708054448e-13,1.1855254708054448e-13,Galena,1.1560975609756097,3.348840899713109e-10,1.1560975609756097,1.370583105272636e-13,0.8649789029535866,0.8649789026187025
769,Lead,"('ecoinvent-3.4-biosphere', '8e123669-94d3-41d8-9480-a79211fe7c43')",Pb,2.8966767275999467e-10,2.8966767275999467e-10,1.0,1.1855254708054448e-13,1.1855254708054448e-13,Galena,1.1560975609756097,3.348840899713109e-10,1.1560975609756097,1.370583105272636e-13,0.8649789029535866,0.8649789026187025
770,Lead,"('ecoinvent-3.4-biosphere', '6a903634-c97f-4c49-a7c0-88f0e6ac7a23')",Pb,2.8966767275999467e-10,2.8966767275999467e-10,1.0,1.1855254708054448e-13,1.1855254708054448e-13,Galena,1.1560975609756097,3.348840899713109e-10,1.1560975609756097,1.370583105272636e-13,0.8649789029535866,0.8649789026187025
771,Lead,"('ecoinvent-3.4-biosphere', 'fe4613d7-1ed8-427d-9b06-c8e8f4f5e1b1')",Pb,2.8966767275999467e-10,2.8966767275999467e-10,1.0,1.1855254708054448e-13,1.1855254708054448e-13,Galena,1.1560975609756097,3.348840899713109e-10,1.1560975609756097,1.370583105272636e-13,0.8649789029535866,0.8649789026187025
772,Lead,"('ecoinvent-3.4-biosphere', '837083ce-41cd-49f3-a849-d79564dac238')",Pb,2.8966767275999467e-10,2.8966767275999467e-10,1.0,1.1855254708054448e-13,1.1855254708054448e-13,Galena,1.1560975609756097,3.348840899713109e-10,1.1560975609756097,1.370583105272636e-13,0.8649789029535866,0.8649789026187025
773,Lead,"('ecoinvent-3.4-biosphere', '67652827-017f-4856-8d0a-c97bac4c6562')",Pb,2.8966767275999467e-10,2.8966767275999467e-10,1.0,1.1855254708054448e-13,1.1855254708054448e-13,Galena,1.1560975609756097,3.348840899713109e-10,1.1560975609756097,1.370583105272636e-13,0.8649789029535866,0.8649789026187025
774,Manganese,"('ecoinvent-3.4-biosphere', '295060ba-3c3d-45e4-99ca-e17b1204b553')",Mn,2.76328601312673e-10,2.76328601312673e-10,1.0,6.485008032108113e-14,6.485008032108113e-14,Pyrolusite,1.5822784810126582,4.372287995453687e-10,1.5822784810126582,1.0261088658398912e-13,0.632,0.6319999995627712
775,Manganese,"('ecoinvent-3.4-biosphere', '0af26a55-d357-469f-abad-8ced785cb4fb')",Mn,2.76328601312673e-10,2.76328601312673e-10,1.0,6.485008032108113e-14,6.485008032108113e-14,Pyrolusite,1.5822784810126582,4.372287995453687e-10,1.5822784810126582,1.0261088658398912e-13,0.632,0.6319999995627712
776,Manganese,"('ecoinvent-3.4-biosphere', 'b0546417-3064-4878-bd6f-2da75cefdf63')",Mn,2.76328601312673e-10,2.76328601312673e-10,1.0,6.485008032108113e-14,6.485008032108113e-14,Pyrolusite,1.5822784810126582,4.372287995453687e-10,1.5822784810126582,1.0261088658398912e-13,0.632,0.6319999995627712
777,Manganese,"('ecoinvent-3.4-biosphere', 'c91fd4bf-ed70-4e2f-a34f-159773f981b6')",Mn,2.76328601312673e-10,2.76328601312673e-10,1.0,6.485008032108113e-14,6.485008032108113e-14,Pyrolusite,1.5822784810126582,4.372287995453687e-10,1.5822784810126582,1.0261088658398912e-13,0.632,0.6319999995627712
778,Manganese,"('ecoinvent-3.4-biosphere', '10cbd2f7-c41b-4bb4-b636-d8fc15cf0282')",Mn,2.76328601312673e-10,2.76328601312673e-10,1.0,6.485008032108113e-14,6.485008032108113e-14,Pyrolusite,1.5822784810126582,4.372287995453687e-10,1.5822784810126582,1.0261088658398912e-13,0.632,0.6319999995627712
779,Manganese,"('ecoinvent-3.4-biosphere', '2460f868-54a9-404c-bec8-c809a44ae72c')",Mn,2.76328601312673e-10,2.76328601312673e-10,1.0,6.485008032108113e-14,6.485008032108113e-14,Pyrolusite,1.5822784810126582,4.372287995453687e-10,1.5822784810126582,1.0261088658398912e-13,0.632,0.6319999995627712
780,Manganese,"('ecoinvent-3.4-biosphere', '009a49e8-09a7-4432-9cb9-f2dd18e8f922')",Mn,2.76328601312673e-10,2.76328601312673e-10,1.0,6.485008032108113e-14,6.485008032108113e-14,Pyrolusite,1.5822784810126582,4.372287995453687e-10,1.5822784810126582,1.0261088658398912e-13,0.632,0.6319999995627712
781,Manganese,"('ecoinvent-3.4-biosphere', '9ba8c05d-1593-45a5-8d3b-5c4f3e9fef32')",Mn,2.76328601312673e-10,2.76328601312673e-10,1.0,6.485008032108113e-14,6.485008032108113e-14,Pyrolusite,1.5822784810126582,4.372287995453687e-10,1.5822784810126582,1.0261088658398912e-13,0.632,0.6319999995627712
782,Manganese,"('ecoinvent-3.4-biosphere', '835d0907-a668-4d92-b6b6-7b56fa343713')",Mn,2.76328601312673e-10,2.76328601312673e-10,1.0,6.485008032108113e-14,6.485008032108113e-14,Pyrolusite,1.5822784810126582,4.372287995453687e-10,1.5822784810126582,1.0261088658398912e-13,0.632,0.6319999995627712
783,Manganese,"('ecoinvent-3.4-biosphere', '9c706cff-cb82-4207-a589-95896e04dc08')",Mn,2.76328601312673e-10,2.76328601312673e-10,1.0,6.485008032108113e-14,6.485008032108113e-14,Pyrolusite,1.5822784810126582,4.372287995453687e-10,1.5822784810126582,1.0261088658398912e-13,0.632,0.6319999995627712
784,Manganese,"('ecoinvent-3.4-biosphere', '42053ffb-9284-49cb-88f9-33ac5c77be4a')",Mn,2.76328601312673e-10,2.76328601312673e-10,1.0,6.485008032108113e-14,6.485008032108113e-14,Pyrolusite,1.5822784810126582,4.372287995453687e-10,1.5822784810126582,1.0261088658398912e-13,0.632,0.6319999995627712
785,Manganese,"('ecoinvent-3.4-biosphere', '44f28e11-061d-44fd-8f25-dc62a9f1fa57')",Mn,2.76328601312673e-10,2.76328601312673e-10,1.0,6.485008032108113e-14,6.485008032108113e-14,Pyrolusite,1.5822784810126582,4.372287995453687e-10,1.5822784810126582,1.0261088658398912e-13,0.632,0.6319999995627712
786,Manganese,"('ecoinvent-3.4-biosphere', '6b7fbea6-4a86-40f9-954d-3c9b3611abfd')",Mn,2.76328601312673e-10,2.76328601312673e-10,1.0,6.485008032108113e-14,6.485008032108113e-14,Pyrolusite,1.5822784810126582,4.372287995453687e-10,1.5822784810126582,1.0261088658398912e-13,0.632,0.6319999995627712
787,Manganese,"('ecoinvent-3.4-biosphere', 'f532985c-90b7-46fc-aac9-b039b40e22f1')",Mn,2.76328601312673e-10,2.76328601312673e-10,1.0,6.485008032108113e-14,6.485008032108113e-14,Pyrolusite,1.5822784810126582,4.372287995453687e-10,1.5822784810126582,1.0261088658398912e-13,0.632,0.6319999995627712
788,"Nickel, ion","('ecoinvent-3.4-biosphere', '9798359e-a3ee-4362-a038-23a188582c6e')",Ni,2.691474674802826e-10,2.691474674802826e-10,1.0,9.066741688482605e-14,9.066741688482605e-14,Pentlandite(sulphides) / Garnierite(laterites),2.9342028985507245,7.89733279218232e-10,2.9342028985507245,2.660365974275635e-13,0.3393665158371041,0.3393665150473708
789,"Nickel, ion","('ecoinvent-3.4-biosphere', 'e030108f-2125-4bcb-a73b-ad72130fcca3')",Ni,2.691474674802826e-10,2.691474674802826e-10,1.0,9.066741688482605e-14,9.066741688482605e-14,Pentlandite(sulphides) / Garnierite(laterites),2.9342028985507245,7.89733279218232e-10,2.9342028985507245,2.660365974275635e-13,0.3393665158371041,0.3393665150473708
790,"Nickel, ion","('ecoinvent-3.4-biosphere', '9f69cb8e-51fe-447b-a1ac-4da74de8ebe4')",Ni,2.691474674802826e-10,2.691474674802826e-10,1.0,9.066741688482605e-14,9.066741688482605e-14,Pentlandite(sulphides) / Garnierite(laterites),2.9342028985507245,7.89733279218232e-10,2.9342028985507245,2.660365974275635e-13,0.3393665158371041,0.3393665150473708
791,"Nickel, ion","('ecoinvent-3.4-biosphere', '23cb10a4-6228-4ce4-9fb5-7043bc31faec')",Ni,2.691474674802826e-10,2.691474674802826e-10,1.0,9.066741688482605e-14,9.066741688482605e-14,Pentlandite(sulphides) / Garnierite(laterites),2.9342028985507245,7.89733279218232e-10,2.9342028985507245,2.660365974275635e-13,0.3393665158371041,0.3393665150473708
792,"Nickel, ion","('ecoinvent-3.4-biosphere', '6ec6cdaa-5a01-46d4-b716-1905e56690ea')",Ni,2.691474674802826e-10,2.691474674802826e-10,1.0,9.066741688482605e-14,9.066741688482605e-14,Pentlandite(sulphides) / Garnierite(laterites),2.9342028985507245,7.89733279218232e-10,2.9342028985507245,2.660365974275635e-13,0.3393665158371041,0.3393665150473708
793,"Iron, ion","('ecoinvent-3.4-biosphere', '9b6d6f07-ebc6-447d-a3c0-f2017d77d852')",Fe,2.5590512386368886e-10,2.5590512386368886e-10,1.0,4.282654305987987e-15,4.282654305987987e-15,Hematite,1.0,2.5590512386368886e-10,1.0,4.282654305987987e-15,1.0,0.9999999997440949
794,"Iron, ion","('ecoinvent-3.4-biosphere', '2c9a7182-37c8-4777-a37a-9a007c3edb2f')",Fe,2.5590512386368886e-10,2.5590512386368886e-10,1.0,4.282654305987987e-15,4.282654305987987e-15,Hematite,1.0,2.5590512386368886e-10,1.0,4.282654305987987e-15,1.0,0.9999999997440949
795,"Iron, ion","('ecoinvent-3.4-biosphere', '33fd8342-58e7-45c9-ad92-0951c002c403')",Fe,2.5590512386368886e-10,2.5590512386368886e-10,1.0,4.282654305987987e-15,4.282654305987987e-15,Hematite,1.0,2.5590512386368886e-10,1.0,4.282654305987987e-15,1.0,0.9999999997440949
796,"Iron, ion","('ecoinvent-3.4-biosphere', '7c335b9c-a403-47a8-bb6d-2e7d3c3a230e')",Fe,2.5590512386368886e-10,2.5590512386368886e-10,1.0,4.282654305987987e-15,4.282654305987987e-15,Hematite,1.0,2.5590512386368886e-10,1.0,4.282654305987987e-15,1.0,0.9999999997440949
797,"Iron, ion","('ecoinvent-3.4-biosphere', 'de444dc0-5964-4501-8367-50ba53bfc6b9')",Fe,2.5590512386368886e-10,2.5590512386368886e-10,1.0,4.282654305987987e-15,4.282654305987987e-15,Hematite,1.0,2.5590512386368886e-10,1.0,4.282654305987987e-15,1.0,0.9999999997440949
798,Zinc,"('ecoinvent-3.4-biosphere', '84aa799e-9d98-4d34-85e0-516d28ab1be9')",Zn,2.469477971383637e-10,2.469477971383637e-10,1.0,1.0836576745711442e-13,1.0836576745711442e-13,Sphalerite,1.4901477832512315,3.6798871248450747e-10,1.4901477832512315,1.614810081565375e-13,0.6710743801652892,0.6710743797973004
799,Zinc,"('ecoinvent-3.4-biosphere', '8d226423-1351-4366-b09f-d16c9e38683c')",Zn,2.469477971383637e-10,2.469477971383637e-10,1.0,1.0836576745711442e-13,1.0836576745711442e-13,Sphalerite,1.4901477832512315,3.6798871248450747e-10,1.4901477832512315,1.614810081565375e-13,0.6710743801652892,0.6710743797973004
800,Zinc,"('ecoinvent-3.4-biosphere', '77887584-ddca-4920-952c-3609730e0c13')",Zn,2.469477971383637e-10,2.469477971383637e-10,1.0,1.0836576745711442e-13,1.0836576745711442e-13,Sphalerite,1.4901477832512315,3.6798871248450747e-10,1.4901477832512315,1.614810081565375e-13,0.6710743801652892,0.6710743797973004
801,Zinc,"('ecoinvent-3.4-biosphere', '748f22a9-eba4-4726-bef5-92c7442ce189')",Zn,2.469477971383637e-10,2.469477971383637e-10,1.0,1.0836576745711442e-13,1.0836576745711442e-13,Sphalerite,1.4901477832512315,3.6798871248450747e-10,1.4901477832512315,1.614810081565375e-13,0.6710743801652892,0.6710743797973004
802,Zinc,"('ecoinvent-3.4-biosphere', '5ce378a0-b48d-471c-977d-79681521efde')",Zn,2.469477971383637e-10,2.469477971383637e-10,1.0,1.0836576745711442e-13,1.0836576745711442e-13,Sphalerite,1.4901477832512315,3.6798871248450747e-10,1.4901477832512315,1.614810081565375e-13,0.6710743801652892,0.6710743797973004
803,Zinc,"('ecoinvent-3.4-biosphere', '8f871bab-96dc-49d9-bf08-12cdd0715901')",Zn,2.469477971383637e-10,2.469477971383637e-10,1.0,1.0836576745711442e-13,1.0836576745711442e-13,Sphalerite,1.4901477832512315,3.6798871248450747e-10,1.4901477832512315,1.614810081565375e-13,0.6710743801652892,0.6710743797973004
804,Zinc,"('ecoinvent-3.4-biosphere', '87a69874-34f9-4070-a525-aa301ab2634b')",Zn,2.469477971383637e-10,2.469477971383637e-10,1.0,1.0836576745711442e-13,1.0836576745711442e-13,Sphalerite,1.4901477832512315,3.6798871248450747e-10,1.4901477832512315,1.614810081565375e-13,0.6710743801652892,0.6710743797973004
805,Zinc,"('ecoinvent-3.4-biosphere', 'b88999ec-84fd-462d-9dec-7e20a4636a58')",Zn,2.469477971383637e-10,2.469477971383637e-10,1.0,1.0836576745711442e-13,1.0836576745711442e-13,Sphalerite,1.4901477832512315,3.6798871248450747e-10,1.4901477832512315,1.614810081565375e-13,0.6710743801652892,0.6710743797973004
806,Zinc,"('ecoinvent-3.4-biosphere', 'ada3ecfe-8244-4389-bcce-e83ca4f66e09')",Zn,2.469477971383637e-10,2.469477971383637e-10,1.0,1.0836576745711442e-13,1.0836576745711442e-13,Sphalerite,1.4901477832512315,3.6798871248450747e-10,1.4901477832512315,1.614810081565375e-13,0.6710743801652892,0.6710743797973004
807,Chromium VI,"('ecoinvent-3.4-biosphere', 'abbd3b09-a7ec-435a-9d01-34cf8581739e')",Cr,2.276092031062447e-10,2.276092031062447e-10,1.0,3.1278613038877847e-13,3.1278613038877847e-13,Chromite,2.152027027027027,4.898211566847225e-10,2.152027027027027,6.73124206275851e-13,0.46467817896389324,0.46467817847407206
808,Chromium VI,"('ecoinvent-3.4-biosphere', '58060894-19d9-4855-84d8-58935a5325f8')",Cr,2.276092031062447e-10,2.276092031062447e-10,1.0,3.1278613038877847e-13,3.1278613038877847e-13,Chromite,2.152027027027027,4.898211566847225e-10,2.152027027027027,6.73124206275851e-13,0.46467817896389324,0.46467817847407206
809,Chromium VI,"('ecoinvent-3.4-biosphere', '8216fc31-15a1-4d33-858f-e09650b14c63')",Cr,2.276092031062447e-10,2.276092031062447e-10,1.0,3.1278613038877847e-13,3.1278613038877847e-13,Chromite,2.152027027027027,4.898211566847225e-10,2.152027027027027,6.73124206275851e-13,0.46467817896389324,0.46467817847407206
810,Chromium VI,"('ecoinvent-3.4-biosphere', '8ec83662-7c2b-4452-8acf-95a0bb94233c')",Cr,2.276092031062447e-10,2.276092031062447e-10,1.0,3.1278613038877847e-13,3.1278613038877847e-13,Chromite,2.152027027027027,4.898211566847225e-10,2.152027027027027,6.73124206275851e-13,0.46467817896389324,0.46467817847407206
811,Chromium VI,"('ecoinvent-3.4-biosphere', 'ef475b50-9cd0-4e7c-9c59-07868fe16e91')",Cr,2.276092031062447e-10,2.276092031062447e-10,1.0,3.1278613038877847e-13,3.1278613038877847e-13,Chromite,2.152027027027027,4.898211566847225e-10,2.152027027027027,6.73124206275851e-13,0.46467817896389324,0.46467817847407206
812,Chromium VI,"('ecoinvent-3.4-biosphere', '03b279a7-4626-4703-a451-d0650599dbd9')",Cr,2.276092031062447e-10,2.276092031062447e-10,1.0,3.1278613038877847e-13,3.1278613038877847e-13,Chromite,2.152027027027027,4.898211566847225e-10,2.152027027027027,6.73124206275851e-13,0.46467817896389324,0.46467817847407206
813,Chromium VI,"('ecoinvent-3.4-biosphere', '81b3321a-c9d8-4104-a974-5460f1bc5029')",Cr,2.276092031062447e-10,2.276092031062447e-10,1.0,3.1278613038877847e-13,3.1278613038877847e-13,Chromite,2.152027027027027,4.898211566847225e-10,2.152027027027027,6.73124206275851e-13,0.46467817896389324,0.46467817847407206
814,Chromium VI,"('ecoinvent-3.4-biosphere', '01285299-c683-4e15-b654-201987a7a738')",Cr,2.276092031062447e-10,2.276092031062447e-10,1.0,3.1278613038877847e-13,3.1278613038877847e-13,Chromite,2.152027027027027,4.898211566847225e-10,2.152027027027027,6.73124206275851e-13,0.46467817896389324,0.46467817847407206
815,Chromium VI,"('ecoinvent-3.4-biosphere', '9bbae55a-35de-4eff-a219-814a9fec5ac2')",Cr,2.276092031062447e-10,2.276092031062447e-10,1.0,3.1278613038877847e-13,3.1278613038877847e-13,Chromite,2.152027027027027,4.898211566847225e-10,2.152027027027027,6.73124206275851e-13,0.46467817896389324,0.46467817847407206
816,Chromium VI,"('ecoinvent-3.4-biosphere', 'a9ec0c9b-982a-4329-99ae-dab1f9fb62d3')",Cr,2.276092031062447e-10,2.276092031062447e-10,1.0,3.1278613038877847e-13,3.1278613038877847e-13,Chromite,2.152027027027027,4.898211566847225e-10,2.152027027027027,6.73124206275851e-13,0.46467817896389324,0.46467817847407206
817,Chromium VI,"('ecoinvent-3.4-biosphere', 'c2e854f9-fe22-4fe7-9083-cf6d0a8c7254')",Cr,2.276092031062447e-10,2.276092031062447e-10,1.0,3.1278613038877847e-13,3.1278613038877847e-13,Chromite,2.152027027027027,4.898211566847225e-10,2.152027027027027,6.73124206275851e-13,0.46467817896389324,0.46467817847407206
818,Chromium VI,"('ecoinvent-3.4-biosphere', '68ba2022-830e-45fb-8c85-b35e94754ae9')",Cr,2.276092031062447e-10,2.276092031062447e-10,1.0,3.1278613038877847e-13,3.1278613038877847e-13,Chromite,2.152027027027027,4.898211566847225e-10,2.152027027027027,6.73124206275851e-13,0.46467817896389324,0.46467817847407206
819,Chromium VI,"('ecoinvent-3.4-biosphere', '7a59e8d5-cd11-4ee7-b1ca-30979d2b0b3a')",Cr,2.276092031062447e-10,2.276092031062447e-10,1.0,3.1278613038877847e-13,3.1278613038877847e-13,Chromite,2.152027027027027,4.898211566847225e-10,2.152027027027027,6.73124206275851e-13,0.46467817896389324,0.46467817847407206
820,Chromium VI,"('ecoinvent-3.4-biosphere', '81e17d9a-3e0b-414e-9b2e-eca7e5b3bd4a')",Cr,2.276092031062447e-10,2.276092031062447e-10,1.0,3.1278613038877847e-13,3.1278613038877847e-13,Chromite,2.152027027027027,4.898211566847225e-10,2.152027027027027,6.73124206275851e-13,0.46467817896389324,0.46467817847407206
821,Antimony,"('ecoinvent-3.4-biosphere', 'c49fb4cd-eed0-4438-9052-9612473cdbae')",Sb,2.1159797474297386e-10,2.1159797474297386e-10,1.0,2.1834077210692158e-11,2.1834077210692158e-11,Stibnite,1.3941798941798942,2.950056420358392e-10,1.3941798941798942,3.0440631455118433e-11,0.7172675521821632,0.7172675518871575
822,Antimony,"('ecoinvent-3.4-biosphere', '3ea5684a-6d64-4f96-8c09-1d90f997c9d4')",Sb,2.1159797474297386e-10,2.1159797474297386e-10,1.0,2.1834077210692158e-11,2.1834077210692158e-11,Stibnite,1.3941798941798942,2.950056420358392e-10,1.3941798941798942,3.0440631455118433e-11,0.7172675521821632,0.7172675518871575
823,Antimony,"('ecoinvent-3.4-biosphere', '83cf77ca-867b-4eef-b0f0-78d71b3d91d5')",Sb,2.1159797474297386e-10,2.1159797474297386e-10,1.0,2.1834077210692158e-11,2.1834077210692158e-11,Stibnite,1.3941798941798942,2.950056420358392e-10,1.3941798941798942,3.0440631455118433e-11,0.7172675521821632,0.7172675518871575
824,Antimony,"('ecoinvent-3.4-biosphere', '7805afa2-d93b-40bb-b841-325b98aec824')",Sb,2.1159797474297386e-10,2.1159797474297386e-10,1.0,2.1834077210692158e-11,2.1834077210692158e-11,Stibnite,1.3941798941798942,2.950056420358392e-10,1.3941798941798942,3.0440631455118433e-11,0.7172675521821632,0.7172675518871575
825,Antimony,"('ecoinvent-3.4-biosphere', '5df5cb9f-812c-4ce8-ab1c-df6ab4d31900')",Sb,2.1159797474297386e-10,2.1159797474297386e-10,1.0,2.1834077210692158e-11,2.1834077210692158e-11,Stibnite,1.3941798941798942,2.950056420358392e-10,1.3941798941798942,3.0440631455118433e-11,0.7172675521821632,0.7172675518871575
826,Antimony,"('ecoinvent-3.4-biosphere', '43b29ad9-26dd-4838-b931-6216e55a0120')",Sb,2.1159797474297386e-10,2.1159797474297386e-10,1.0,2.1834077210692158e-11,2.1834077210692158e-11,Stibnite,1.3941798941798942,2.950056420358392e-10,1.3941798941798942,3.0440631455118433e-11,0.7172675521821632,0.7172675518871575
827,Antimony,"('ecoinvent-3.4-biosphere', 'b2dc8668-86de-4207-b20e-dc81dea63c98')",Sb,2.1159797474297386e-10,2.1159797474297386e-10,1.0,2.1834077210692158e-11,2.1834077210692158e-11,Stibnite,1.3941798941798942,2.950056420358392e-10,1.3941798941798942,3.0440631455118433e-11,0.7172675521821632,0.7172675518871575
828,Antimony,"('ecoinvent-3.4-biosphere', '49803ad0-9ca2-4507-a5ea-f152d16c929d')",Sb,2.1159797474297386e-10,2.1159797474297386e-10,1.0,2.1834077210692158e-11,2.1834077210692158e-11,Stibnite,1.3941798941798942,2.950056420358392e-10,1.3941798941798942,3.0440631455118433e-11,0.7172675521821632,0.7172675518871575
829,Antimony,"('ecoinvent-3.4-biosphere', '34b96163-a3df-4bc1-8224-e2a9fe01b23f')",Sb,2.1159797474297386e-10,2.1159797474297386e-10,1.0,2.1834077210692158e-11,2.1834077210692158e-11,Stibnite,1.3941798941798942,2.950056420358392e-10,1.3941798941798942,3.0440631455118433e-11,0.7172675521821632,0.7172675518871575
830,Antimony,"('ecoinvent-3.4-biosphere', '77927dac-dea3-429d-a434-d5a71d92c4f7')",Sb,2.1159797474297386e-10,2.1159797474297386e-10,1.0,2.1834077210692158e-11,2.1834077210692158e-11,Stibnite,1.3941798941798942,2.950056420358392e-10,1.3941798941798942,3.0440631455118433e-11,0.7172675521821632,0.7172675518871575
831,Antimony,"('ecoinvent-3.4-biosphere', 'fa39136e-1ef6-43c1-af68-104da104568d')",Sb,2.1159797474297386e-10,2.1159797474297386e-10,1.0,2.1834077210692158e-11,2.1834077210692158e-11,Stibnite,1.3941798941798942,2.950056420358392e-10,1.3941798941798942,3.0440631455118433e-11,0.7172675521821632,0.7172675518871575
832,Antimony,"('ecoinvent-3.4-biosphere', '183f9856-03ab-464d-9366-8ef62077b510')",Sb,2.1159797474297386e-10,2.1159797474297386e-10,1.0,2.1834077210692158e-11,2.1834077210692158e-11,Stibnite,1.3941798941798942,2.950056420358392e-10,1.3941798941798942,3.0440631455118433e-11,0.7172675521821632,0.7172675518871575
833,Antimony,"('ecoinvent-3.4-biosphere', 'f4cf8d5c-f030-4b55-a3af-e3c20b855ee8')",Sb,2.1159797474297386e-10,2.1159797474297386e-10,1.0,2.1834077210692158e-11,2.1834077210692158e-11,Stibnite,1.3941798941798942,2.950056420358392e-10,1.3941798941798942,3.0440631455118433e-11,0.7172675521821632,0.7172675518871575
834,Antimony,"('ecoinvent-3.4-biosphere', '2b2369a4-26bb-4b18-8479-752fdf7a5e7f')",Sb,2.1159797474297386e-10,2.1159797474297386e-10,1.0,2.1834077210692158e-11,2.1834077210692158e-11,Stibnite,1.3941798941798942,2.950056420358392e-10,1.3941798941798942,3.0440631455118433e-11,0.7172675521821632,0.7172675518871575
835,Chromium,"('ecoinvent-3.4-biosphere', '2a5ed451-12a2-47db-b4dc-fa0bfbc01d79')",Cr,2.1139659681839786e-10,2.1139659681839786e-10,1.0,3.1278613038877847e-13,3.1278613038877847e-13,Chromite,2.152027027027027,4.5493118977472783e-10,2.152027027027027,6.73124206275851e-13,0.46467817896389324,0.46467817850896204
836,Chromium,"('ecoinvent-3.4-biosphere', '591de726-f2c7-43ba-8e22-15fd08acc8dc')",Cr,2.1139659681839786e-10,2.1139659681839786e-10,1.0,3.1278613038877847e-13,3.1278613038877847e-13,Chromite,2.152027027027027,4.5493118977472783e-10,2.152027027027027,6.73124206275851e-13,0.46467817896389324,0.46467817850896204
837,Chromium,"('ecoinvent-3.4-biosphere', '4d40d8e3-9bc7-4ab1-ac5c-4f4a76fda8e5')",Cr,2.1139659681839786e-10,2.1139659681839786e-10,1.0,3.1278613038877847e-13,3.1278613038877847e-13,Chromite,2.152027027027027,4.5493118977472783e-10,2.152027027027027,6.73124206275851e-13,0.46467817896389324,0.46467817850896204
838,Chromium,"('ecoinvent-3.4-biosphere', 'e142b577-e934-4085-9a07-3983d4d92afb')",Cr,2.1139659681839786e-10,2.1139659681839786e-10,1.0,3.1278613038877847e-13,3.1278613038877847e-13,Chromite,2.152027027027027,4.5493118977472783e-10,2.152027027027027,6.73124206275851e-13,0.46467817896389324,0.46467817850896204
839,Chromium,"('ecoinvent-3.4-biosphere', 'e65a9c58-21f1-48b6-b738-d05a8f10e5f3')",Cr,2.1139659681839786e-10,2.1139659681839786e-10,1.0,3.1278613038877847e-13,3.1278613038877847e-13,Chromite,2.152027027027027,4.5493118977472783e-10,2.152027027027027,6.73124206275851e-13,0.46467817896389324,0.46467817850896204
840,Chromium,"('ecoinvent-3.4-biosphere', '7705f0e1-5b14-44f4-b330-1245b5c7fc08')",Cr,2.1139659681839786e-10,2.1139659681839786e-10,1.0,3.1278613038877847e-13,3.1278613038877847e-13,Chromite,2.152027027027027,4.5493118977472783e-10,2.152027027027027,6.73124206275851e-13,0.46467817896389324,0.46467817850896204
841,Chromium,"('ecoinvent-3.4-biosphere', 'e7881581-21b3-4f5c-bd63-6b0684b5e712')",Cr,2.1139659681839786e-10,2.1139659681839786e-10,1.0,3.1278613038877847e-13,3.1278613038877847e-13,Chromite,2.152027027027027,4.5493118977472783e-10,2.152027027027027,6.73124206275851e-13,0.46467817896389324,0.46467817850896204
842,Chromium,"('ecoinvent-3.4-biosphere', '6b29d83a-c43c-484c-8e73-474a8a22d71e')",Cr,2.1139659681839786e-10,2.1139659681839786e-10,1.0,3.1278613038877847e-13,3.1278613038877847e-13,Chromite,2.152027027027027,4.5493118977472783e-10,2.152027027027027,6.73124206275851e-13,0.46467817896389324,0.46467817850896204
843,Chromium,"('ecoinvent-3.4-biosphere', 'e0336c9b-a0ff-4ae3-b8bb-ca1e46bbbc11')",Cr,2.1139659681839786e-10,2.1139659681839786e-10,1.0,3.1278613038877847e-13,3.1278613038877847e-13,Chromite,2.152027027027027,4.5493118977472783e-10,2.152027027027027,6.73124206275851e-13,0.46467817896389324,0.46467817850896204
844,Chromium,"('ecoinvent-3.4-biosphere', '2a5ed451-12a2-47db-b4dc-fa0bfbc01d79')",Cr,2.08958429979365e-10,2.08958429979365e-10,1.0,3.1278613038877847e-13,3.1278613038877847e-13,Chromite,2.152027027027027,4.496841888407281e-10,2.152027027027027,6.73124206275851e-13,0.46467817896389324,0.46467817851420906
845,Chromium,"('ecoinvent-3.4-biosphere', '591de726-f2c7-43ba-8e22-15fd08acc8dc')",Cr,2.08958429979365e-10,2.08958429979365e-10,1.0,3.1278613038877847e-13,3.1278613038877847e-13,Chromite,2.152027027027027,4.496841888407281e-10,2.152027027027027,6.73124206275851e-13,0.46467817896389324,0.46467817851420906
846,Chromium,"('ecoinvent-3.4-biosphere', '4d40d8e3-9bc7-4ab1-ac5c-4f4a76fda8e5')",Cr,2.08958429979365e-10,2.08958429979365e-10,1.0,3.1278613038877847e-13,3.1278613038877847e-13,Chromite,2.152027027027027,4.496841888407281e-10,2.152027027027027,6.73124206275851e-13,0.46467817896389324,0.46467817851420906
847,Chromium,"('ecoinvent-3.4-biosphere', 'e142b577-e934-4085-9a07-3983d4d92afb')",Cr,2.08958429979365e-10,2.08958429979365e-10,1.0,3.1278613038877847e-13,3.1278613038877847e-13,Chromite,2.152027027027027,4.496841888407281e-10,2.152027027027027,6.73124206275851e-13,0.46467817896389324,0.46467817851420906
848,Chromium,"('ecoinvent-3.4-biosphere', 'e65a9c58-21f1-48b6-b738-d05a8f10e5f3')",Cr,2.08958429979365e-10,2.08958429979365e-10,1.0,3.1278613038877847e-13,3.1278613038877847e-13,Chromite,2.152027027027027,4.496841888407281e-10,2.152027027027027,6.73124206275851e-13,0.46467817896389324,0.46467817851420906
849,Chromium,"('ecoinvent-3.4-biosphere', '7705f0e1-5b14-44f4-b330-1245b5c7fc08')",Cr,2.08958429979365e-10,2.08958429979365e-10,1.0,3.1278613038877847e-13,3.1278613038877847e-13,Chromite,2.152027027027027,4.496841888407281e-10,2.152027027027027,6.73124206275851e-13,0.46467817896389324,0.46467817851420906
850,Chromium,"('ecoinvent-3.4-biosphere', 'e7881581-21b3-4f5c-bd63-6b0684b5e712')",Cr,2.08958429979365e-10,2.08958429979365e-10,1.0,3.1278613038877847e-13,3.1278613038877847e-13,Chromite,2.152027027027027,4.496841888407281e-10,2.152027027027027,6.73124206275851e-13,0.46467817896389324,0.46467817851420906
851,Chromium,"('ecoinvent-3.4-biosphere', '6b29d83a-c43c-484c-8e73-474a8a22d71e')",Cr,2.08958429979365e-10,2.08958429979365e-10,1.0,3.1278613038877847e-13,3.1278613038877847e-13,Chromite,2.152027027027027,4.496841888407281e-10,2.152027027027027,6.73124206275851e-13,0.46467817896389324,0.46467817851420906
852,Chromium,"('ecoinvent-3.4-biosphere', 'e0336c9b-a0ff-4ae3-b8bb-ca1e46bbbc11')",Cr,2.08958429979365e-10,2.08958429979365e-10,1.0,3.1278613038877847e-13,3.1278613038877847e-13,Chromite,2.152027027027027,4.496841888407281e-10,2.152027027027027,6.73124206275851e-13,0.46467817896389324,0.46467817851420906
853,Lead,"('ecoinvent-3.4-biosphere', '2718482b-8399-442e-b89a-52fbcc22d2e6')",Pb,2.01021399495999e-10,2.01021399495999e-10,1.0,1.1855254708054448e-13,1.1855254708054448e-13,Galena,1.1560975609756097,2.324003496612281e-10,1.1560975609756097,1.370583105272636e-13,0.8649789029535866,0.8649789027211863
854,Lead,"('ecoinvent-3.4-biosphere', '4010918f-7fd0-4925-8fbb-8fd7a44a806c')",Pb,2.01021399495999e-10,2.01021399495999e-10,1.0,1.1855254708054448e-13,1.1855254708054448e-13,Galena,1.1560975609756097,2.324003496612281e-10,1.1560975609756097,1.370583105272636e-13,0.8649789029535866,0.8649789027211863
855,Lead,"('ecoinvent-3.4-biosphere', '31c4d160-b21e-41b3-b9c1-3d7a72377653')",Pb,2.01021399495999e-10,2.01021399495999e-10,1.0,1.1855254708054448e-13,1.1855254708054448e-13,Galena,1.1560975609756097,2.324003496612281e-10,1.1560975609756097,1.370583105272636e-13,0.8649789029535866,0.8649789027211863
856,Lead,"('ecoinvent-3.4-biosphere', '0ff15165-d761-48c9-9814-2d1dcdd56857')",Pb,2.01021399495999e-10,2.01021399495999e-10,1.0,1.1855254708054448e-13,1.1855254708054448e-13,Galena,1.1560975609756097,2.324003496612281e-10,1.1560975609756097,1.370583105272636e-13,0.8649789029535866,0.8649789027211863
857,Lead,"('ecoinvent-3.4-biosphere', 'c864aa15-0abc-41ad-9889-348106e485d8')",Pb,2.01021399495999e-10,2.01021399495999e-10,1.0,1.1855254708054448e-13,1.1855254708054448e-13,Galena,1.1560975609756097,2.324003496612281e-10,1.1560975609756097,1.370583105272636e-13,0.8649789029535866,0.8649789027211863
858,Lead,"('ecoinvent-3.4-biosphere', '9ee7f4ab-b826-47ae-8623-e138f944b42e')",Pb,2.01021399495999e-10,2.01021399495999e-10,1.0,1.1855254708054448e-13,1.1855254708054448e-13,Galena,1.1560975609756097,2.324003496612281e-10,1.1560975609756097,1.370583105272636e-13,0.8649789029535866,0.8649789027211863
859,Lead,"('ecoinvent-3.4-biosphere', 'b3ebdcc3-c588-4997-95d2-9785b26b34e1')",Pb,2.01021399495999e-10,2.01021399495999e-10,1.0,1.1855254708054448e-13,1.1855254708054448e-13,Galena,1.1560975609756097,2.324003496612281e-10,1.1560975609756097,1.370583105272636e-13,0.8649789029535866,0.8649789027211863
860,Lead,"('ecoinvent-3.4-biosphere', 'e9e856c2-868e-435e-8425-8df1c9297cfc')",Pb,2.01021399495999e-10,2.01021399495999e-10,1.0,1.1855254708054448e-13,1.1855254708054448e-13,Galena,1.1560975609756097,2.324003496612281e-10,1.1560975609756097,1.370583105272636e-13,0.8649789029535866,0.8649789027211863
861,Lead,"('ecoinvent-3.4-biosphere', '739234c8-5359-48b4-983f-9cb170d68c8d')",Pb,2.01021399495999e-10,2.01021399495999e-10,1.0,1.1855254708054448e-13,1.1855254708054448e-13,Galena,1.1560975609756097,2.324003496612281e-10,1.1560975609756097,1.370583105272636e-13,0.8649789029535866,0.8649789027211863
862,Lead,"('ecoinvent-3.4-biosphere', '8e123669-94d3-41d8-9480-a79211fe7c43')",Pb,2.01021399495999e-10,2.01021399495999e-10,1.0,1.1855254708054448e-13,1.1855254708054448e-13,Galena,1.1560975609756097,2.324003496612281e-10,1.1560975609756097,1.370583105272636e-13,0.8649789029535866,0.8649789027211863
863,Lead,"('ecoinvent-3.4-biosphere', '6a903634-c97f-4c49-a7c0-88f0e6ac7a23')",Pb,2.01021399495999e-10,2.01021399495999e-10,1.0,1.1855254708054448e-13,1.1855254708054448e-13,Galena,1.1560975609756097,2.324003496612281e-10,1.1560975609756097,1.370583105272636e-13,0.8649789029535866,0.8649789027211863
864,Lead,"('ecoinvent-3.4-biosphere', 'fe4613d7-1ed8-427d-9b06-c8e8f4f5e1b1')",Pb,2.01021399495999e-10,2.01021399495999e-10,1.0,1.1855254708054448e-13,1.1855254708054448e-13,Galena,1.1560975609756097,2.324003496612281e-10,1.1560975609756097,1.370583105272636e-13,0.8649789029535866,0.8649789027211863
865,Lead,"('ecoinvent-3.4-biosphere', '837083ce-41cd-49f3-a849-d79564dac238')",Pb,2.01021399495999e-10,2.01021399495999e-10,1.0,1.1855254708054448e-13,1.1855254708054448e-13,Galena,1.1560975609756097,2.324003496612281e-10,1.1560975609756097,1.370583105272636e-13,0.8649789029535866,0.8649789027211863
866,Lead,"('ecoinvent-3.4-biosphere', '67652827-017f-4856-8d0a-c97bac4c6562')",Pb,2.01021399495999e-10,2.01021399495999e-10,1.0,1.1855254708054448e-13,1.1855254708054448e-13,Galena,1.1560975609756097,2.324003496612281e-10,1.1560975609756097,1.370583105272636e-13,0.8649789029535866,0.8649789027211863
867,Iron,"('ecoinvent-3.4-biosphere', '8dba66e2-0f2e-4038-84ef-1e40b4f573a6')",Fe,1.9661440325593774e-10,1.9661440325593774e-10,1.0,4.282654305987987e-15,4.282654305987987e-15,Hematite,1.0,1.9661440325593774e-10,1.0,4.282654305987987e-15,1.0,0.9999999998033856
868,Iron,"('ecoinvent-3.4-biosphere', 'db364689-e1a3-4629-8835-e6c59d6daf09')",Fe,1.9661440325593774e-10,1.9661440325593774e-10,1.0,4.282654305987987e-15,4.282654305987987e-15,Hematite,1.0,1.9661440325593774e-10,1.0,4.282654305987987e-15,1.0,0.9999999998033856
869,Iron,"('ecoinvent-3.4-biosphere', '76152de4-9499-48f7-af98-a5d41842484a')",Fe,1.9661440325593774e-10,1.9661440325593774e-10,1.0,4.282654305987987e-15,4.282654305987987e-15,Hematite,1.0,1.9661440325593774e-10,1.0,4.282654305987987e-15,1.0,0.9999999998033856
870,Iron,"('ecoinvent-3.4-biosphere', 'c983ad54-12e9-47a5-b747-5e5c448e58e2')",Fe,1.9661440325593774e-10,1.9661440325593774e-10,1.0,4.282654305987987e-15,4.282654305987987e-15,Hematite,1.0,1.9661440325593774e-10,1.0,4.282654305987987e-15,1.0,0.9999999998033856
871,Iron,"('ecoinvent-3.4-biosphere', '32cd0492-c0cb-4898-a2b1-675eedc5b688')",Fe,1.9661440325593774e-10,1.9661440325593774e-10,1.0,4.282654305987987e-15,4.282654305987987e-15,Hematite,1.0,1.9661440325593774e-10,1.0,4.282654305987987e-15,1.0,0.9999999998033856
872,Iron,"('ecoinvent-3.4-biosphere', 'e3043a7f-5347-4c7b-89ee-93f11b2f6d9b')",Fe,1.9661440325593774e-10,1.9661440325593774e-10,1.0,4.282654305987987e-15,4.282654305987987e-15,Hematite,1.0,1.9661440325593774e-10,1.0,4.282654305987987e-15,1.0,0.9999999998033856
873,Iron,"('ecoinvent-3.4-biosphere', '98693cdf-d9fc-43ed-bfe6-78dfe5742d33')",Fe,1.9661440325593774e-10,1.9661440325593774e-10,1.0,4.282654305987987e-15,4.282654305987987e-15,Hematite,1.0,1.9661440325593774e-10,1.0,4.282654305987987e-15,1.0,0.9999999998033856
874,Iron,"('ecoinvent-3.4-biosphere', '0dc0bbb0-1141-4dff-b6a2-8bd5368e14af')",Fe,1.9661440325593774e-10,1.9661440325593774e-10,1.0,4.282654305987987e-15,4.282654305987987e-15,Hematite,1.0,1.9661440325593774e-10,1.0,4.282654305987987e-15,1.0,0.9999999998033856
875,Iron,"('ecoinvent-3.4-biosphere', 'ce567bdc-76ec-4ca0-be79-8bb796e448b3')",Fe,1.9661440325593774e-10,1.9661440325593774e-10,1.0,4.282654305987987e-15,4.282654305987987e-15,Hematite,1.0,1.9661440325593774e-10,1.0,4.282654305987987e-15,1.0,0.9999999998033856
876,Iron,"('ecoinvent-3.4-biosphere', 'e8bd2edd-f937-49f6-9e8b-9f445278775e')",Fe,1.9661440325593774e-10,1.9661440325593774e-10,1.0,4.282654305987987e-15,4.282654305987987e-15,Hematite,1.0,1.9661440325593774e-10,1.0,4.282654305987987e-15,1.0,0.9999999998033856
877,Tin,"('ecoinvent-3.4-biosphere', 'c67e3ba8-ddce-4931-b4b0-f4f9a56ccf40')",Sn,1.8962068743401932e-10,1.8962068743401932e-10,1.0,1.3268575464212294e-13,1.3268575464212294e-13,Cassiterite,1.26875,2.40581247181912e-10,1.26875,1.6834505120219348e-13,0.7881773399014778,0.7881773396608965
878,Tin,"('ecoinvent-3.4-biosphere', 'f563b90e-a300-4403-b278-d2fdcd73e5a7')",Sn,1.8962068743401932e-10,1.8962068743401932e-10,1.0,1.3268575464212294e-13,1.3268575464212294e-13,Cassiterite,1.26875,2.40581247181912e-10,1.26875,1.6834505120219348e-13,0.7881773399014778,0.7881773396608965
879,Tin,"('ecoinvent-3.4-biosphere', '19b6e569-85a4-4ea9-a590-d61a21e3c846')",Sn,1.8962068743401932e-10,1.8962068743401932e-10,1.0,1.3268575464212294e-13,1.3268575464212294e-13,Cassiterite,1.26875,2.40581247181912e-10,1.26875,1.6834505120219348e-13,0.7881773399014778,0.7881773396608965
880,Tin,"('ecoinvent-3.4-biosphere', '6366d4ec-5ffc-4488-be51-0c239cdf535d')",Sn,1.8962068743401932e-10,1.8962068743401932e-10,1.0,1.3268575464212294e-13,1.3268575464212294e-13,Cassiterite,1.26875,2.40581247181912e-10,1.26875,1.6834505120219348e-13,0.7881773399014778,0.7881773396608965
881,Tin,"('ecoinvent-3.4-biosphere', '2a7b68ff-f12a-44c6-8b31-71ec91d29889')",Sn,1.8962068743401932e-10,1.8962068743401932e-10,1.0,1.3268575464212294e-13,1.3268575464212294e-13,Cassiterite,1.26875,2.40581247181912e-10,1.26875,1.6834505120219348e-13,0.7881773399014778,0.7881773396608965
882,Tin,"('ecoinvent-3.4-biosphere', '85a764f2-a810-4b20-bc86-a45604262fda')",Sn,1.8962068743401932e-10,1.8962068743401932e-10,1.0,1.3268575464212294e-13,1.3268575464212294e-13,Cassiterite,1.26875,2.40581247181912e-10,1.26875,1.6834505120219348e-13,0.7881773399014778,0.7881773396608965
883,Tin,"('ecoinvent-3.4-biosphere', '8a422b03-1055-4bc8-b439-27bf8d7eef57')",Sn,1.8962068743401932e-10,1.8962068743401932e-10,1.0,1.3268575464212294e-13,1.3268575464212294e-13,Cassiterite,1.26875,2.40581247181912e-10,1.26875,1.6834505120219348e-13,0.7881773399014778,0.7881773396608965
884,Tin,"('ecoinvent-3.4-biosphere', 'e070bd24-fd16-4963-8f4d-78bb4c402400')",Sn,1.8962068743401932e-10,1.8962068743401932e-10,1.0,1.3268575464212294e-13,1.3268575464212294e-13,Cassiterite,1.26875,2.40581247181912e-10,1.26875,1.6834505120219348e-13,0.7881773399014778,0.7881773396608965
885,Tin,"('ecoinvent-3.4-biosphere', '168c970b-91c9-4427-a3a0-6686ad6cc2c4')",Sn,1.8962068743401932e-10,1.8962068743401932e-10,1.0,1.3268575464212294e-13,1.3268575464212294e-13,Cassiterite,1.26875,2.40581247181912e-10,1.26875,1.6834505120219348e-13,0.7881773399014778,0.7881773396608965
886,Manganese,"('ecoinvent-3.4-biosphere', '295060ba-3c3d-45e4-99ca-e17b1204b553')",Mn,1.79342315268661e-10,1.79342315268661e-10,1.0,6.485008032108113e-14,6.485008032108113e-14,Pyrolusite,1.5822784810126582,2.837694861845902e-10,1.5822784810126582,1.0261088658398912e-13,0.632,0.6319999997162306
887,Manganese,"('ecoinvent-3.4-biosphere', '0af26a55-d357-469f-abad-8ced785cb4fb')",Mn,1.79342315268661e-10,1.79342315268661e-10,1.0,6.485008032108113e-14,6.485008032108113e-14,Pyrolusite,1.5822784810126582,2.837694861845902e-10,1.5822784810126582,1.0261088658398912e-13,0.632,0.6319999997162306
888,Manganese,"('ecoinvent-3.4-biosphere', 'b0546417-3064-4878-bd6f-2da75cefdf63')",Mn,1.79342315268661e-10,1.79342315268661e-10,1.0,6.485008032108113e-14,6.485008032108113e-14,Pyrolusite,1.5822784810126582,2.837694861845902e-10,1.5822784810126582,1.0261088658398912e-13,0.632,0.6319999997162306
889,Manganese,"('ecoinvent-3.4-biosphere', 'c91fd4bf-ed70-4e2f-a34f-159773f981b6')",Mn,1.79342315268661e-10,1.79342315268661e-10,1.0,6.485008032108113e-14,6.485008032108113e-14,Pyrolusite,1.5822784810126582,2.837694861845902e-10,1.5822784810126582,1.0261088658398912e-13,0.632,0.6319999997162306
890,Manganese,"('ecoinvent-3.4-biosphere', '10cbd2f7-c41b-4bb4-b636-d8fc15cf0282')",Mn,1.79342315268661e-10,1.79342315268661e-10,1.0,6.485008032108113e-14,6.485008032108113e-14,Pyrolusite,1.5822784810126582,2.837694861845902e-10,1.5822784810126582,1.0261088658398912e-13,0.632,0.6319999997162306
891,Manganese,"('ecoinvent-3.4-biosphere', '2460f868-54a9-404c-bec8-c809a44ae72c')",Mn,1.79342315268661e-10,1.79342315268661e-10,1.0,6.485008032108113e-14,6.485008032108113e-14,Pyrolusite,1.5822784810126582,2.837694861845902e-10,1.5822784810126582,1.0261088658398912e-13,0.632,0.6319999997162306
892,Manganese,"('ecoinvent-3.4-biosphere', '009a49e8-09a7-4432-9cb9-f2dd18e8f922')",Mn,1.79342315268661e-10,1.79342315268661e-10,1.0,6.485008032108113e-14,6.485008032108113e-14,Pyrolusite,1.5822784810126582,2.837694861845902e-10,1.5822784810126582,1.0261088658398912e-13,0.632,0.6319999997162306
893,Manganese,"('ecoinvent-3.4-biosphere', '9ba8c05d-1593-45a5-8d3b-5c4f3e9fef32')",Mn,1.79342315268661e-10,1.79342315268661e-10,1.0,6.485008032108113e-14,6.485008032108113e-14,Pyrolusite,1.5822784810126582,2.837694861845902e-10,1.5822784810126582,1.0261088658398912e-13,0.632,0.6319999997162306
894,Manganese,"('ecoinvent-3.4-biosphere', '835d0907-a668-4d92-b6b6-7b56fa343713')",Mn,1.79342315268661e-10,1.79342315268661e-10,1.0,6.485008032108113e-14,6.485008032108113e-14,Pyrolusite,1.5822784810126582,2.837694861845902e-10,1.5822784810126582,1.0261088658398912e-13,0.632,0.6319999997162306
895,Manganese,"('ecoinvent-3.4-biosphere', '9c706cff-cb82-4207-a589-95896e04dc08')",Mn,1.79342315268661e-10,1.79342315268661e-10,1.0,6.485008032108113e-14,6.485008032108113e-14,Pyrolusite,1.5822784810126582,2.837694861845902e-10,1.5822784810126582,1.0261088658398912e-13,0.632,0.6319999997162306
896,Manganese,"('ecoinvent-3.4-biosphere', '42053ffb-9284-49cb-88f9-33ac5c77be4a')",Mn,1.79342315268661e-10,1.79342315268661e-10,1.0,6.485008032108113e-14,6.485008032108113e-14,Pyrolusite,1.5822784810126582,2.837694861845902e-10,1.5822784810126582,1.0261088658398912e-13,0.632,0.6319999997162306
897,Manganese,"('ecoinvent-3.4-biosphere', '44f28e11-061d-44fd-8f25-dc62a9f1fa57')",Mn,1.79342315268661e-10,1.79342315268661e-10,1.0,6.485008032108113e-14,6.485008032108113e-14,Pyrolusite,1.5822784810126582,2.837694861845902e-10,1.5822784810126582,1.0261088658398912e-13,0.632,0.6319999997162306
898,Manganese,"('ecoinvent-3.4-biosphere', '6b7fbea6-4a86-40f9-954d-3c9b3611abfd')",Mn,1.79342315268661e-10,1.79342315268661e-10,1.0,6.485008032108113e-14,6.485008032108113e-14,Pyrolusite,1.5822784810126582,2.837694861845902e-10,1.5822784810126582,1.0261088658398912e-13,0.632,0.6319999997162306
899,Manganese,"('ecoinvent-3.4-biosphere', 'f532985c-90b7-46fc-aac9-b039b40e22f1')",Mn,1.79342315268661e-10,1.79342315268661e-10,1.0,6.485008032108113e-14,6.485008032108113e-14,Pyrolusite,1.5822784810126582,2.837694861845902e-10,1.5822784810126582,1.0261088658398912e-13,0.632,0.6319999997162306
900,Cobalt,"('ecoinvent-3.4-biosphere', '74eb3f02-09ec-46ce-8ee8-d67d0900136b')",Co,1.679088927099452e-10,1.679088927099452e-10,1.0,1.9447495148453946e-12,1.9447495148453946e-12,Linnaeite,1.727272727272727,2.900244510444508e-10,1.727272727272727,3.3591127983693174e-12,0.5789473684210527,0.5789473681310282
901,Cobalt,"('ecoinvent-3.4-biosphere', '12051b95-831a-49c0-9a70-fbc0e8fb9af9')",Co,1.679088927099452e-10,1.679088927099452e-10,1.0,1.9447495148453946e-12,1.9447495148453946e-12,Linnaeite,1.727272727272727,2.900244510444508e-10,1.727272727272727,3.3591127983693174e-12,0.5789473684210527,0.5789473681310282
902,Cobalt,"('ecoinvent-3.4-biosphere', 'd4291dd5-dae8-47fa-bf06-466fcecbc210')",Co,1.679088927099452e-10,1.679088927099452e-10,1.0,1.9447495148453946e-12,1.9447495148453946e-12,Linnaeite,1.727272727272727,2.900244510444508e-10,1.727272727272727,3.3591127983693174e-12,0.5789473684210527,0.5789473681310282
903,Cobalt,"('ecoinvent-3.4-biosphere', '9542444c-7c7a-48e2-bc9c-9c7c34fb7b3e')",Co,1.679088927099452e-10,1.679088927099452e-10,1.0,1.9447495148453946e-12,1.9447495148453946e-12,Linnaeite,1.727272727272727,2.900244510444508e-10,1.727272727272727,3.3591127983693174e-12,0.5789473684210527,0.5789473681310282
904,Cobalt,"('ecoinvent-3.4-biosphere', 'c58d25ad-30d2-4fac-a857-1fa6f67afe8a')",Co,1.679088927099452e-10,1.679088927099452e-10,1.0,1.9447495148453946e-12,1.9447495148453946e-12,Linnaeite,1.727272727272727,2.900244510444508e-10,1.727272727272727,3.3591127983693174e-12,0.5789473684210527,0.5789473681310282
905,Cobalt,"('ecoinvent-3.4-biosphere', 'caf066cf-40ce-47a8-ba4c-969fcd6019c7')",Co,1.679088927099452e-10,1.679088927099452e-10,1.0,1.9447495148453946e-12,1.9447495148453946e-12,Linnaeite,1.727272727272727,2.900244510444508e-10,1.727272727272727,3.3591127983693174e-12,0.5789473684210527,0.5789473681310282
906,Cobalt,"('ecoinvent-3.4-biosphere', 'f0d1c319-249f-4a89-b0e7-3a5a90a54036')",Co,1.679088927099452e-10,1.679088927099452e-10,1.0,1.9447495148453946e-12,1.9447495148453946e-12,Linnaeite,1.727272727272727,2.900244510444508e-10,1.727272727272727,3.3591127983693174e-12,0.5789473684210527,0.5789473681310282
907,Cobalt,"('ecoinvent-3.4-biosphere', 'f0e28a62-ddf9-4c93-af81-676a58c3f2d4')",Co,1.679088927099452e-10,1.679088927099452e-10,1.0,1.9447495148453946e-12,1.9447495148453946e-12,Linnaeite,1.727272727272727,2.900244510444508e-10,1.727272727272727,3.3591127983693174e-12,0.5789473684210527,0.5789473681310282
908,Cobalt,"('ecoinvent-3.4-biosphere', 'ca04300a-8338-4601-ba7c-66c10a4f6322')",Co,1.679088927099452e-10,1.679088927099452e-10,1.0,1.9447495148453946e-12,1.9447495148453946e-12,Linnaeite,1.727272727272727,2.900244510444508e-10,1.727272727272727,3.3591127983693174e-12,0.5789473684210527,0.5789473681310282
909,Cobalt,"('ecoinvent-3.4-biosphere', '1e904267-caa3-40e6-a3a0-fc104489770b')",Co,1.679088927099452e-10,1.679088927099452e-10,1.0,1.9447495148453946e-12,1.9447495148453946e-12,Linnaeite,1.727272727272727,2.900244510444508e-10,1.727272727272727,3.3591127983693174e-12,0.5789473684210527,0.5789473681310282
910,Cobalt,"('ecoinvent-3.4-biosphere', '33627701-feca-434d-a192-674a450eaaf7')",Co,1.679088927099452e-10,1.679088927099452e-10,1.0,1.9447495148453946e-12,1.9447495148453946e-12,Linnaeite,1.727272727272727,2.900244510444508e-10,1.727272727272727,3.3591127983693174e-12,0.5789473684210527,0.5789473681310282
911,Cobalt,"('ecoinvent-3.4-biosphere', '381a22c9-3722-4378-810d-86958f7b6d32')",Co,1.679088927099452e-10,1.679088927099452e-10,1.0,1.9447495148453946e-12,1.9447495148453946e-12,Linnaeite,1.727272727272727,2.900244510444508e-10,1.727272727272727,3.3591127983693174e-12,0.5789473684210527,0.5789473681310282
912,Cobalt,"('ecoinvent-3.4-biosphere', '9ce88274-57b6-42ed-a78b-4abef2301865')",Co,1.679088927099452e-10,1.679088927099452e-10,1.0,1.9447495148453946e-12,1.9447495148453946e-12,Linnaeite,1.727272727272727,2.900244510444508e-10,1.727272727272727,3.3591127983693174e-12,0.5789473684210527,0.5789473681310282
913,Cobalt,"('ecoinvent-3.4-biosphere', 'b10faa87-2c1d-4f6e-aa65-9f80b376939a')",Co,1.679088927099452e-10,1.679088927099452e-10,1.0,1.9447495148453946e-12,1.9447495148453946e-12,Linnaeite,1.727272727272727,2.900244510444508e-10,1.727272727272727,3.3591127983693174e-12,0.5789473684210527,0.5789473681310282
914,Cobalt,"('ecoinvent-3.4-biosphere', '74eb3f02-09ec-46ce-8ee8-d67d0900136b')",Co,1.6320870464758572e-10,1.6320870464758572e-10,1.0,1.9447495148453946e-12,1.9447495148453946e-12,Linnaeite,1.727272727272727,2.819059443912844e-10,1.727272727272727,3.3591127983693174e-12,0.5789473684210527,0.5789473681391467
915,Cobalt,"('ecoinvent-3.4-biosphere', '12051b95-831a-49c0-9a70-fbc0e8fb9af9')",Co,1.6320870464758572e-10,1.6320870464758572e-10,1.0,1.9447495148453946e-12,1.9447495148453946e-12,Linnaeite,1.727272727272727,2.819059443912844e-10,1.727272727272727,3.3591127983693174e-12,0.5789473684210527,0.5789473681391467
916,Cobalt,"('ecoinvent-3.4-biosphere', 'd4291dd5-dae8-47fa-bf06-466fcecbc210')",Co,1.6320870464758572e-10,1.6320870464758572e-10,1.0,1.9447495148453946e-12,1.9447495148453946e-12,Linnaeite,1.727272727272727,2.819059443912844e-10,1.727272727272727,3.3591127983693174e-12,0.5789473684210527,0.5789473681391467
917,Cobalt,"('ecoinvent-3.4-biosphere', '9542444c-7c7a-48e2-bc9c-9c7c34fb7b3e')",Co,1.6320870464758572e-10,1.6320870464758572e-10,1.0,1.9447495148453946e-12,1.9447495148453946e-12,Linnaeite,1.727272727272727,2.819059443912844e-10,1.727272727272727,3.3591127983693174e-12,0.5789473684210527,0.5789473681391467
918,Cobalt,"('ecoinvent-3.4-biosphere', 'c58d25ad-30d2-4fac-a857-1fa6f67afe8a')",Co,1.6320870464758572e-10,1.6320870464758572e-10,1.0,1.9447495148453946e-12,1.9447495148453946e-12,Linnaeite,1.727272727272727,2.819059443912844e-10,1.727272727272727,3.3591127983693174e-12,0.5789473684210527,0.5789473681391467
919,Cobalt,"('ecoinvent-3.4-biosphere', 'caf066cf-40ce-47a8-ba4c-969fcd6019c7')",Co,1.6320870464758572e-10,1.6320870464758572e-10,1.0,1.9447495148453946e-12,1.9447495148453946e-12,Linnaeite,1.727272727272727,2.819059443912844e-10,1.727272727272727,3.3591127983693174e-12,0.5789473684210527,0.5789473681391467
920,Cobalt,"('ecoinvent-3.4-biosphere', 'f0d1c319-249f-4a89-b0e7-3a5a90a54036')",Co,1.6320870464758572e-10,1.6320870464758572e-10,1.0,1.9447495148453946e-12,1.9447495148453946e-12,Linnaeite,1.727272727272727,2.819059443912844e-10,1.727272727272727,3.3591127983693174e-12,0.5789473684210527,0.5789473681391467
921,Cobalt,"('ecoinvent-3.4-biosphere', 'f0e28a62-ddf9-4c93-af81-676a58c3f2d4')",Co,1.6320870464758572e-10,1.6320870464758572e-10,1.0,1.9447495148453946e-12,1.9447495148453946e-12,Linnaeite,1.727272727272727,2.819059443912844e-10,1.727272727272727,3.3591127983693174e-12,0.5789473684210527,0.5789473681391467
922,Cobalt,"('ecoinvent-3.4-biosphere', 'ca04300a-8338-4601-ba7c-66c10a4f6322')",Co,1.6320870464758572e-10,1.6320870464758572e-10,1.0,1.9447495148453946e-12,1.9447495148453946e-12,Linnaeite,1.727272727272727,2.819059443912844e-10,1.727272727272727,3.3591127983693174e-12,0.5789473684210527,0.5789473681391467
923,Cobalt,"('ecoinvent-3.4-biosphere', '1e904267-caa3-40e6-a3a0-fc104489770b')",Co,1.6320870464758572e-10,1.6320870464758572e-10,1.0,1.9447495148453946e-12,1.9447495148453946e-12,Linnaeite,1.727272727272727,2.819059443912844e-10,1.727272727272727,3.3591127983693174e-12,0.5789473684210527,0.5789473681391467
924,Cobalt,"('ecoinvent-3.4-biosphere', '33627701-feca-434d-a192-674a450eaaf7')",Co,1.6320870464758572e-10,1.6320870464758572e-10,1.0,1.9447495148453946e-12,1.9447495148453946e-12,Linnaeite,1.727272727272727,2.819059443912844e-10,1.727272727272727,3.3591127983693174e-12,0.5789473684210527,0.5789473681391467
925,Cobalt,"('ecoinvent-3.4-biosphere', '381a22c9-3722-4378-810d-86958f7b6d32')",Co,1.6320870464758572e-10,1.6320870464758572e-10,1.0,1.9447495148453946e-12,1.9447495148453946e-12,Linnaeite,1.727272727272727,2.819059443912844e-10,1.727272727272727,3.3591127983693174e-12,0.5789473684210527,0.5789473681391467
926,Cobalt,"('ecoinvent-3.4-biosphere', '9ce88274-57b6-42ed-a78b-4abef2301865')",Co,1.6320870464758572e-10,1.6320870464758572e-10,1.0,1.9447495148453946e-12,1.9447495148453946e-12,Linnaeite,1.727272727272727,2.819059443912844e-10,1.727272727272727,3.3591127983693174e-12,0.5789473684210527,0.5789473681391467
927,Cobalt,"('ecoinvent-3.4-biosphere', 'b10faa87-2c1d-4f6e-aa65-9f80b376939a')",Co,1.6320870464758572e-10,1.6320870464758572e-10,1.0,1.9447495148453946e-12,1.9447495148453946e-12,Linnaeite,1.727272727272727,2.819059443912844e-10,1.727272727272727,3.3591127983693174e-12,0.5789473684210527,0.5789473681391467
928,Phosphate,"('ecoinvent-3.4-biosphere', '1727b41d-377e-43cd-bc01-9eaba946eccb')",P,1.5751868788938192e-10,1.5751868788938192e-10,0.3261416642975224,5.53572191877536e-15,5.53572191877536e-15,Apatite,0.3532544378698225,5.564417554435563e-11,0.11521099028734964,1.9555183346206452e-15,0.9232485974251471,0.9232485973695029
929,Phosphate,"('ecoinvent-3.4-biosphere', '3aaf9017-0d8a-42aa-9a60-cbc39e994e73')",P,1.5751868788938192e-10,1.5751868788938192e-10,0.3261416642975224,5.53572191877536e-15,5.53572191877536e-15,Apatite,0.3532544378698225,5.564417554435563e-11,0.11521099028734964,1.9555183346206452e-15,0.9232485974251471,0.9232485973695029
930,Phosphate,"('ecoinvent-3.4-biosphere', '329fc7d8-4011-4327-84e4-34ff76f0e42d')",P,1.5751868788938192e-10,1.5751868788938192e-10,0.3261416642975224,5.53572191877536e-15,5.53572191877536e-15,Apatite,0.3532544378698225,5.564417554435563e-11,0.11521099028734964,1.9555183346206452e-15,0.9232485974251471,0.9232485973695029
931,Phosphate,"('ecoinvent-3.4-biosphere', '490b267b-f429-4d9a-ac79-224e37fb4d58')",P,1.5751868788938192e-10,1.5751868788938192e-10,0.3261416642975224,5.53572191877536e-15,5.53572191877536e-15,Apatite,0.3532544378698225,5.564417554435563e-11,0.11521099028734964,1.9555183346206452e-15,0.9232485974251471,0.9232485973695029
932,Phosphate,"('ecoinvent-3.4-biosphere', 'c8791f3c-3c4a-4278-91c0-483797d14da2')",P,1.5751868788938192e-10,1.5751868788938192e-10,0.3261416642975224,5.53572191877536e-15,5.53572191877536e-15,Apatite,0.3532544378698225,5.564417554435563e-11,0.11521099028734964,1.9555183346206452e-15,0.9232485974251471,0.9232485973695029
933,Manganese,"('ecoinvent-3.4-biosphere', '295060ba-3c3d-45e4-99ca-e17b1204b553')",Mn,1.5673755396818833e-10,1.5673755396818833e-10,1.0,6.485008032108113e-14,6.485008032108113e-14,Pyrolusite,1.5822784810126582,2.4800245881042455e-10,1.5822784810126582,1.0261088658398912e-13,0.632,0.6319999997519975
934,Manganese,"('ecoinvent-3.4-biosphere', '0af26a55-d357-469f-abad-8ced785cb4fb')",Mn,1.5673755396818833e-10,1.5673755396818833e-10,1.0,6.485008032108113e-14,6.485008032108113e-14,Pyrolusite,1.5822784810126582,2.4800245881042455e-10,1.5822784810126582,1.0261088658398912e-13,0.632,0.6319999997519975
935,Manganese,"('ecoinvent-3.4-biosphere', 'b0546417-3064-4878-bd6f-2da75cefdf63')",Mn,1.5673755396818833e-10,1.5673755396818833e-10,1.0,6.485008032108113e-14,6.485008032108113e-14,Pyrolusite,1.5822784810126582,2.4800245881042455e-10,1.5822784810126582,1.0261088658398912e-13,0.632,0.6319999997519975
936,Manganese,"('ecoinvent-3.4-biosphere', 'c91fd4bf-ed70-4e2f-a34f-159773f981b6')",Mn,1.5673755396818833e-10,1.5673755396818833e-10,1.0,6.485008032108113e-14,6.485008032108113e-14,Pyrolusite,1.5822784810126582,2.4800245881042455e-10,1.5822784810126582,1.0261088658398912e-13,0.632,0.6319999997519975
937,Manganese,"('ecoinvent-3.4-biosphere', '10cbd2f7-c41b-4bb4-b636-d8fc15cf0282')",Mn,1.5673755396818833e-10,1.5673755396818833e-10,1.0,6.485008032108113e-14,6.485008032108113e-14,Pyrolusite,1.5822784810126582,2.4800245881042455e-10,1.5822784810126582,1.0261088658398912e-13,0.632,0.6319999997519975
938,Manganese,"('ecoinvent-3.4-biosphere', '2460f868-54a9-404c-bec8-c809a44ae72c')",Mn,1.5673755396818833e-10,1.5673755396818833e-10,1.0,6.485008032108113e-14,6.485008032108113e-14,Pyrolusite,1.5822784810126582,2.4800245881042455e-10,1.5822784810126582,1.0261088658398912e-13,0.632,0.6319999997519975
939,Manganese,"('ecoinvent-3.4-biosphere', '009a49e8-09a7-4432-9cb9-f2dd18e8f922')",Mn,1.5673755396818833e-10,1.5673755396818833e-10,1.0,6.485008032108113e-14,6.485008032108113e-14,Pyrolusite,1.5822784810126582,2.4800245881042455e-10,1.5822784810126582,1.0261088658398912e-13,0.632,0.6319999997519975
940,Manganese,"('ecoinvent-3.4-biosphere', '9ba8c05d-1593-45a5-8d3b-5c4f3e9fef32')",Mn,1.5673755396818833e-10,1.5673755396818833e-10,1.0,6.485008032108113e-14,6.485008032108113e-14,Pyrolusite,1.5822784810126582,2.4800245881042455e-10,1.5822784810126582,1.0261088658398912e-13,0.632,0.6319999997519975
941,Manganese,"('ecoinvent-3.4-biosphere', '835d0907-a668-4d92-b6b6-7b56fa343713')",Mn,1.5673755396818833e-10,1.5673755396818833e-10,1.0,6.485008032108113e-14,6.485008032108113e-14,Pyrolusite,1.5822784810126582,2.4800245881042455e-10,1.5822784810126582,1.0261088658398912e-13,0.632,0.6319999997519975
942,Manganese,"('ecoinvent-3.4-biosphere', '9c706cff-cb82-4207-a589-95896e04dc08')",Mn,1.5673755396818833e-10,1.5673755396818833e-10,1.0,6.485008032108113e-14,6.485008032108113e-14,Pyrolusite,1.5822784810126582,2.4800245881042455e-10,1.5822784810126582,1.0261088658398912e-13,0.632,0.6319999997519975
943,Manganese,"('ecoinvent-3.4-biosphere', '42053ffb-9284-49cb-88f9-33ac5c77be4a')",Mn,1.5673755396818833e-10,1.5673755396818833e-10,1.0,6.485008032108113e-14,6.485008032108113e-14,Pyrolusite,1.5822784810126582,2.4800245881042455e-10,1.5822784810126582,1.0261088658398912e-13,0.632,0.6319999997519975
944,Manganese,"('ecoinvent-3.4-biosphere', '44f28e11-061d-44fd-8f25-dc62a9f1fa57')",Mn,1.5673755396818833e-10,1.5673755396818833e-10,1.0,6.485008032108113e-14,6.485008032108113e-14,Pyrolusite,1.5822784810126582,2.4800245881042455e-10,1.5822784810126582,1.0261088658398912e-13,0.632,0.6319999997519975
945,Manganese,"('ecoinvent-3.4-biosphere', '6b7fbea6-4a86-40f9-954d-3c9b3611abfd')",Mn,1.5673755396818833e-10,1.5673755396818833e-10,1.0,6.485008032108113e-14,6.485008032108113e-14,Pyrolusite,1.5822784810126582,2.4800245881042455e-10,1.5822784810126582,1.0261088658398912e-13,0.632,0.6319999997519975
946,Manganese,"('ecoinvent-3.4-biosphere', 'f532985c-90b7-46fc-aac9-b039b40e22f1')",Mn,1.5673755396818833e-10,1.5673755396818833e-10,1.0,6.485008032108113e-14,6.485008032108113e-14,Pyrolusite,1.5822784810126582,2.4800245881042455e-10,1.5822784810126582,1.0261088658398912e-13,0.632,0.6319999997519975
947,Zinc,"('ecoinvent-3.4-biosphere', '84aa799e-9d98-4d34-85e0-516d28ab1be9')",Zn,1.5515781995948637e-10,1.5515781995948637e-10,1.0,1.0836576745711442e-13,1.0836576745711442e-13,Sphalerite,1.4901477832512315,2.312080814667223e-10,1.4901477832512315,1.614810081565375e-13,0.6710743801652892,0.6710743799340811
948,Zinc,"('ecoinvent-3.4-biosphere', '8d226423-1351-4366-b09f-d16c9e38683c')",Zn,1.5515781995948637e-10,1.5515781995948637e-10,1.0,1.0836576745711442e-13,1.0836576745711442e-13,Sphalerite,1.4901477832512315,2.312080814667223e-10,1.4901477832512315,1.614810081565375e-13,0.6710743801652892,0.6710743799340811
949,Zinc,"('ecoinvent-3.4-biosphere', '77887584-ddca-4920-952c-3609730e0c13')",Zn,1.5515781995948637e-10,1.5515781995948637e-10,1.0,1.0836576745711442e-13,1.0836576745711442e-13,Sphalerite,1.4901477832512315,2.312080814667223e-10,1.4901477832512315,1.614810081565375e-13,0.6710743801652892,0.6710743799340811
950,Zinc,"('ecoinvent-3.4-biosphere', '748f22a9-eba4-4726-bef5-92c7442ce189')",Zn,1.5515781995948637e-10,1.5515781995948637e-10,1.0,1.0836576745711442e-13,1.0836576745711442e-13,Sphalerite,1.4901477832512315,2.312080814667223e-10,1.4901477832512315,1.614810081565375e-13,0.6710743801652892,0.6710743799340811
951,Zinc,"('ecoinvent-3.4-biosphere', '5ce378a0-b48d-471c-977d-79681521efde')",Zn,1.5515781995948637e-10,1.5515781995948637e-10,1.0,1.0836576745711442e-13,1.0836576745711442e-13,Sphalerite,1.4901477832512315,2.312080814667223e-10,1.4901477832512315,1.614810081565375e-13,0.6710743801652892,0.6710743799340811
952,Zinc,"('ecoinvent-3.4-biosphere', '8f871bab-96dc-49d9-bf08-12cdd0715901')",Zn,1.5515781995948637e-10,1.5515781995948637e-10,1.0,1.0836576745711442e-13,1.0836576745711442e-13,Sphalerite,1.4901477832512315,2.312080814667223e-10,1.4901477832512315,1.614810081565375e-13,0.6710743801652892,0.6710743799340811
953,Zinc,"('ecoinvent-3.4-biosphere', '87a69874-34f9-4070-a525-aa301ab2634b')",Zn,1.5515781995948637e-10,1.5515781995948637e-10,1.0,1.0836576745711442e-13,1.0836576745711442e-13,Sphalerite,1.4901477832512315,2.312080814667223e-10,1.4901477832512315,1.614810081565375e-13,0.6710743801652892,0.6710743799340811
954,Zinc,"('ecoinvent-3.4-biosphere', 'b88999ec-84fd-462d-9dec-7e20a4636a58')",Zn,1.5515781995948637e-10,1.5515781995948637e-10,1.0,1.0836576745711442e-13,1.0836576745711442e-13,Sphalerite,1.4901477832512315,2.312080814667223e-10,1.4901477832512315,1.614810081565375e-13,0.6710743801652892,0.6710743799340811
955,Zinc,"('ecoinvent-3.4-biosphere', 'ada3ecfe-8244-4389-bcce-e83ca4f66e09')",Zn,1.5515781995948637e-10,1.5515781995948637e-10,1.0,1.0836576745711442e-13,1.0836576745711442e-13,Sphalerite,1.4901477832512315,2.312080814667223e-10,1.4901477832512315,1.614810081565375e-13,0.6710743801652892,0.6710743799340811
956,"Nickel, ion","('ecoinvent-3.4-biosphere', '9798359e-a3ee-4362-a038-23a188582c6e')",Ni,1.5268404510474998e-10,1.5268404510474998e-10,1.0,9.066741688482605e-14,9.066741688482605e-14,Pentlandite(sulphides) / Garnierite(laterites),2.9342028985507245,4.480059677088069e-10,2.9342028985507245,2.660365974275635e-13,0.3393665158371041,0.3393665153890981
957,"Nickel, ion","('ecoinvent-3.4-biosphere', 'e030108f-2125-4bcb-a73b-ad72130fcca3')",Ni,1.5268404510474998e-10,1.5268404510474998e-10,1.0,9.066741688482605e-14,9.066741688482605e-14,Pentlandite(sulphides) / Garnierite(laterites),2.9342028985507245,4.480059677088069e-10,2.9342028985507245,2.660365974275635e-13,0.3393665158371041,0.3393665153890981
958,"Nickel, ion","('ecoinvent-3.4-biosphere', '9f69cb8e-51fe-447b-a1ac-4da74de8ebe4')",Ni,1.5268404510474998e-10,1.5268404510474998e-10,1.0,9.066741688482605e-14,9.066741688482605e-14,Pentlandite(sulphides) / Garnierite(laterites),2.9342028985507245,4.480059677088069e-10,2.9342028985507245,2.660365974275635e-13,0.3393665158371041,0.3393665153890981
959,"Nickel, ion","('ecoinvent-3.4-biosphere', '23cb10a4-6228-4ce4-9fb5-7043bc31faec')",Ni,1.5268404510474998e-10,1.5268404510474998e-10,1.0,9.066741688482605e-14,9.066741688482605e-14,Pentlandite(sulphides) / Garnierite(laterites),2.9342028985507245,4.480059677088069e-10,2.9342028985507245,2.660365974275635e-13,0.3393665158371041,0.3393665153890981
960,"Nickel, ion","('ecoinvent-3.4-biosphere', '6ec6cdaa-5a01-46d4-b716-1905e56690ea')",Ni,1.5268404510474998e-10,1.5268404510474998e-10,1.0,9.066741688482605e-14,9.066741688482605e-14,Pentlandite(sulphides) / Garnierite(laterites),2.9342028985507245,4.480059677088069e-10,2.9342028985507245,2.660365974275635e-13,0.3393665158371041,0.3393665153890981
961,Copper,"('ecoinvent-3.4-biosphere', '237ca6bc-2f0a-4416-a0e3-bd512f038f2e')",Cu,1.343833503614111e-10,1.343833503614111e-10,1.0,1.231243333335009e-14,1.231243333335009e-14,Chalcopyrite,2.8793103448275863,3.8693137086820094e-10,2.8793103448275863,3.545131666671491e-14,0.34730538922155685,0.3473053888346255
962,Copper,"('ecoinvent-3.4-biosphere', 'fd153f15-1d16-410a-91fa-04d205e36c43')",Cu,1.343833503614111e-10,1.343833503614111e-10,1.0,1.231243333335009e-14,1.231243333335009e-14,Chalcopyrite,2.8793103448275863,3.8693137086820094e-10,2.8793103448275863,3.545131666671491e-14,0.34730538922155685,0.3473053888346255
963,Copper,"('ecoinvent-3.4-biosphere', '0a5e8a67-f9ae-48b3-bfa7-e9d37c30a191')",Cu,1.343833503614111e-10,1.343833503614111e-10,1.0,1.231243333335009e-14,1.231243333335009e-14,Chalcopyrite,2.8793103448275863,3.8693137086820094e-10,2.8793103448275863,3.545131666671491e-14,0.34730538922155685,0.3473053888346255
964,Copper,"('ecoinvent-3.4-biosphere', '88cde01c-df69-40bb-9b14-6eac71bea5b8')",Cu,1.343833503614111e-10,1.343833503614111e-10,1.0,1.231243333335009e-14,1.231243333335009e-14,Chalcopyrite,2.8793103448275863,3.8693137086820094e-10,2.8793103448275863,3.545131666671491e-14,0.34730538922155685,0.3473053888346255
965,Copper,"('ecoinvent-3.4-biosphere', 'e336eee7-148a-4d1c-8027-780cbfafa12b')",Cu,1.343833503614111e-10,1.343833503614111e-10,1.0,1.231243333335009e-14,1.231243333335009e-14,Chalcopyrite,2.8793103448275863,3.8693137086820094e-10,2.8793103448275863,3.545131666671491e-14,0.34730538922155685,0.3473053888346255
966,Copper,"('ecoinvent-3.4-biosphere', '7e66a41c-d311-4949-bdd8-eef09cdcfa47')",Cu,1.343833503614111e-10,1.343833503614111e-10,1.0,1.231243333335009e-14,1.231243333335009e-14,Chalcopyrite,2.8793103448275863,3.8693137086820094e-10,2.8793103448275863,3.545131666671491e-14,0.34730538922155685,0.3473053888346255
967,Copper,"('ecoinvent-3.4-biosphere', '44d3e792-7c9e-48ab-9de9-acfa2e097f26')",Cu,1.343833503614111e-10,1.343833503614111e-10,1.0,1.231243333335009e-14,1.231243333335009e-14,Chalcopyrite,2.8793103448275863,3.8693137086820094e-10,2.8793103448275863,3.545131666671491e-14,0.34730538922155685,0.3473053888346255
968,Copper,"('ecoinvent-3.4-biosphere', 'ec8144d6-d123-43b1-9c17-a295422a0498')",Cu,1.343833503614111e-10,1.343833503614111e-10,1.0,1.231243333335009e-14,1.231243333335009e-14,Chalcopyrite,2.8793103448275863,3.8693137086820094e-10,2.8793103448275863,3.545131666671491e-14,0.34730538922155685,0.3473053888346255
969,Copper,"('ecoinvent-3.4-biosphere', '3573a5af-88f8-4f74-ade7-cd269cbc4e66')",Cu,1.343833503614111e-10,1.343833503614111e-10,1.0,1.231243333335009e-14,1.231243333335009e-14,Chalcopyrite,2.8793103448275863,3.8693137086820094e-10,2.8793103448275863,3.545131666671491e-14,0.34730538922155685,0.3473053888346255
970,Phosphorus,"('ecoinvent-3.4-biosphere', 'b1fca66f-8e83-469a-a7b5-018e14d5d545')",P,1.3007276929626868e-10,1.3007276929626868e-10,1.0,1.6973366253890836e-14,1.6973366253890836e-14,Apatite,0.3532544378698225,4.59487829999245e-11,0.3532544378698225,5.995916954776823e-15,2.8308207705192627,2.830820770473314
971,Phosphorus,"('ecoinvent-3.4-biosphere', '76b09afe-52b9-4ecc-b97a-00b49ad8ed1a')",P,1.3007276929626868e-10,1.3007276929626868e-10,1.0,1.6973366253890836e-14,1.6973366253890836e-14,Apatite,0.3532544378698225,4.59487829999245e-11,0.3532544378698225,5.995916954776823e-15,2.8308207705192627,2.830820770473314
972,Phosphorus,"('ecoinvent-3.4-biosphere', 'b2631209-8374-431e-b7d5-56c96c6b6d79')",P,1.3007276929626868e-10,1.3007276929626868e-10,1.0,1.6973366253890836e-14,1.6973366253890836e-14,Apatite,0.3532544378698225,4.59487829999245e-11,0.3532544378698225,5.995916954776823e-15,2.8308207705192627,2.830820770473314
973,Phosphorus,"('ecoinvent-3.4-biosphere', '62f3d964-9b53-4d01-9ee0-04112dcfc6d2')",P,1.3007276929626868e-10,1.3007276929626868e-10,1.0,1.6973366253890836e-14,1.6973366253890836e-14,Apatite,0.3532544378698225,4.59487829999245e-11,0.3532544378698225,5.995916954776823e-15,2.8308207705192627,2.830820770473314
974,Phosphorus,"('ecoinvent-3.4-biosphere', '2d4b8ec1-8d53-4e62-8a11-ebc45909b02e')",P,1.3007276929626868e-10,1.3007276929626868e-10,1.0,1.6973366253890836e-14,1.6973366253890836e-14,Apatite,0.3532544378698225,4.59487829999245e-11,0.3532544378698225,5.995916954776823e-15,2.8308207705192627,2.830820770473314
975,Phosphorus,"('ecoinvent-3.4-biosphere', '8b0a4a41-c65c-4d94-b10c-94ddb98abdd2')",P,1.3007276929626868e-10,1.3007276929626868e-10,1.0,1.6973366253890836e-14,1.6973366253890836e-14,Apatite,0.3532544378698225,4.59487829999245e-11,0.3532544378698225,5.995916954776823e-15,2.8308207705192627,2.830820770473314
976,Phosphorus,"('ecoinvent-3.4-biosphere', 'b6e2f7f4-6b2e-4b3e-be1f-67626cb8205d')",P,1.3007276929626868e-10,1.3007276929626868e-10,1.0,1.6973366253890836e-14,1.6973366253890836e-14,Apatite,0.3532544378698225,4.59487829999245e-11,0.3532544378698225,5.995916954776823e-15,2.8308207705192627,2.830820770473314
977,Phosphorus,"('ecoinvent-3.4-biosphere', 'f5e7e615-4160-4df9-b39b-7463eaed77c7')",P,1.3007276929626868e-10,1.3007276929626868e-10,1.0,1.6973366253890836e-14,1.6973366253890836e-14,Apatite,0.3532544378698225,4.59487829999245e-11,0.3532544378698225,5.995916954776823e-15,2.8308207705192627,2.830820770473314
978,Phosphorus,"('ecoinvent-3.4-biosphere', '2f8952b0-c90c-4e3d-b546-52b862fc8f11')",P,1.3007276929626868e-10,1.3007276929626868e-10,1.0,1.6973366253890836e-14,1.6973366253890836e-14,Apatite,0.3532544378698225,4.59487829999245e-11,0.3532544378698225,5.995916954776823e-15,2.8308207705192627,2.830820770473314
979,Phosphorus,"('ecoinvent-3.4-biosphere', 'c89a0749-40a5-4c9c-8770-c4295ea34977')",P,1.3007276929626868e-10,1.3007276929626868e-10,1.0,1.6973366253890836e-14,1.6973366253890836e-14,Apatite,0.3532544378698225,4.59487829999245e-11,0.3532544378698225,5.995916954776823e-15,2.8308207705192627,2.830820770473314
980,Phosphorus,"('ecoinvent-3.4-biosphere', 'd761f94e-517d-41cf-89fa-17dc72f7a69b')",P,1.3007276929626868e-10,1.3007276929626868e-10,1.0,1.6973366253890836e-14,1.6973366253890836e-14,Apatite,0.3532544378698225,4.59487829999245e-11,0.3532544378698225,5.995916954776823e-15,2.8308207705192627,2.830820770473314
981,Phosphorus,"('ecoinvent-3.4-biosphere', '198ce8e3-f05a-4bec-9f7f-325347453326')",P,1.3007276929626868e-10,1.3007276929626868e-10,1.0,1.6973366253890836e-14,1.6973366253890836e-14,Apatite,0.3532544378698225,4.59487829999245e-11,0.3532544378698225,5.995916954776823e-15,2.8308207705192627,2.830820770473314
982,Phosphorus,"('ecoinvent-3.4-biosphere', 'ea4e9316-5080-4b3b-bbf3-1949f6d7577a')",P,1.3007276929626868e-10,1.3007276929626868e-10,1.0,1.6973366253890836e-14,1.6973366253890836e-14,Apatite,0.3532544378698225,4.59487829999245e-11,0.3532544378698225,5.995916954776823e-15,2.8308207705192627,2.830820770473314
983,Phosphorus,"('ecoinvent-3.4-biosphere', 'e2d35af7-9806-46ff-9b75-b124a48fa5a1')",P,1.3007276929626868e-10,1.3007276929626868e-10,1.0,1.6973366253890836e-14,1.6973366253890836e-14,Apatite,0.3532544378698225,4.59487829999245e-11,0.3532544378698225,5.995916954776823e-15,2.8308207705192627,2.830820770473314
984,Zinc,"('ecoinvent-3.4-biosphere', '84aa799e-9d98-4d34-85e0-516d28ab1be9')",Zn,1.182301726293104e-10,1.182301726293104e-10,1.0,1.0836576745711442e-13,1.0836576745711442e-13,Sphalerite,1.4901477832512315,1.7618042965697733e-10,1.4901477832512315,1.614810081565375e-13,0.6710743801652892,0.6710743799891088
985,Zinc,"('ecoinvent-3.4-biosphere', '8d226423-1351-4366-b09f-d16c9e38683c')",Zn,1.182301726293104e-10,1.182301726293104e-10,1.0,1.0836576745711442e-13,1.0836576745711442e-13,Sphalerite,1.4901477832512315,1.7618042965697733e-10,1.4901477832512315,1.614810081565375e-13,0.6710743801652892,0.6710743799891088
986,Zinc,"('ecoinvent-3.4-biosphere', '77887584-ddca-4920-952c-3609730e0c13')",Zn,1.182301726293104e-10,1.182301726293104e-10,1.0,1.0836576745711442e-13,1.0836576745711442e-13,Sphalerite,1.4901477832512315,1.7618042965697733e-10,1.4901477832512315,1.614810081565375e-13,0.6710743801652892,0.6710743799891088
987,Zinc,"('ecoinvent-3.4-biosphere', '748f22a9-eba4-4726-bef5-92c7442ce189')",Zn,1.182301726293104e-10,1.182301726293104e-10,1.0,1.0836576745711442e-13,1.0836576745711442e-13,Sphalerite,1.4901477832512315,1.7618042965697733e-10,1.4901477832512315,1.614810081565375e-13,0.6710743801652892,0.6710743799891088
988,Zinc,"('ecoinvent-3.4-biosphere', '5ce378a0-b48d-471c-977d-79681521efde')",Zn,1.182301726293104e-10,1.182301726293104e-10,1.0,1.0836576745711442e-13,1.0836576745711442e-13,Sphalerite,1.4901477832512315,1.7618042965697733e-10,1.4901477832512315,1.614810081565375e-13,0.6710743801652892,0.6710743799891088
989,Zinc,"('ecoinvent-3.4-biosphere', '8f871bab-96dc-49d9-bf08-12cdd0715901')",Zn,1.182301726293104e-10,1.182301726293104e-10,1.0,1.0836576745711442e-13,1.0836576745711442e-13,Sphalerite,1.4901477832512315,1.7618042965697733e-10,1.4901477832512315,1.614810081565375e-13,0.6710743801652892,0.6710743799891088
990,Zinc,"('ecoinvent-3.4-biosphere', '87a69874-34f9-4070-a525-aa301ab2634b')",Zn,1.182301726293104e-10,1.182301726293104e-10,1.0,1.0836576745711442e-13,1.0836576745711442e-13,Sphalerite,1.4901477832512315,1.7618042965697733e-10,1.4901477832512315,1.614810081565375e-13,0.6710743801652892,0.6710743799891088
991,Zinc,"('ecoinvent-3.4-biosphere', 'b88999ec-84fd-462d-9dec-7e20a4636a58')",Zn,1.182301726293104e-10,1.182301726293104e-10,1.0,1.0836576745711442e-13,1.0836576745711442e-13,Sphalerite,1.4901477832512315,1.7618042965697733e-10,1.4901477832512315,1.614810081565375e-13,0.6710743801652892,0.6710743799891088
992,Zinc,"('ecoinvent-3.4-biosphere', 'ada3ecfe-8244-4389-bcce-e83ca4f66e09')",Zn,1.182301726293104e-10,1.182301726293104e-10,1.0,1.0836576745711442e-13,1.0836576745711442e-13,Sphalerite,1.4901477832512315,1.7618042965697733e-10,1.4901477832512315,1.614810081565375e-13,0.6710743801652892,0.6710743799891088
993,Iron,"('ecoinvent-3.4-biosphere', '8dba66e2-0f2e-4038-84ef-1e40b4f573a6')",Fe,1.17191213776644e-10,1.17191213776644e-10,1.0,4.282654305987987e-15,4.282654305987987e-15,Hematite,1.0,1.17191213776644e-10,1.0,4.282654305987987e-15,1.0,0.9999999998828087
994,Iron,"('ecoinvent-3.4-biosphere', 'db364689-e1a3-4629-8835-e6c59d6daf09')",Fe,1.17191213776644e-10,1.17191213776644e-10,1.0,4.282654305987987e-15,4.282654305987987e-15,Hematite,1.0,1.17191213776644e-10,1.0,4.282654305987987e-15,1.0,0.9999999998828087
995,Iron,"('ecoinvent-3.4-biosphere', '76152de4-9499-48f7-af98-a5d41842484a')",Fe,1.17191213776644e-10,1.17191213776644e-10,1.0,4.282654305987987e-15,4.282654305987987e-15,Hematite,1.0,1.17191213776644e-10,1.0,4.282654305987987e-15,1.0,0.9999999998828087
996,Iron,"('ecoinvent-3.4-biosphere', 'c983ad54-12e9-47a5-b747-5e5c448e58e2')",Fe,1.17191213776644e-10,1.17191213776644e-10,1.0,4.282654305987987e-15,4.282654305987987e-15,Hematite,1.0,1.17191213776644e-10,1.0,4.282654305987987e-15,1.0,0.9999999998828087
997,Iron,"('ecoinvent-3.4-biosphere', '32cd0492-c0cb-4898-a2b1-675eedc5b688')",Fe,1.17191213776644e-10,1.17191213776644e-10,1.0,4.282654305987987e-15,4.282654305987987e-15,Hematite,1.0,1.17191213776644e-10,1.0,4.282654305987987e-15,1.0,0.9999999998828087
998,Iron,"('ecoinvent-3.4-biosphere', 'e3043a7f-5347-4c7b-89ee-93f11b2f6d9b')",Fe,1.17191213776644e-10,1.17191213776644e-10,1.0,4.282654305987987e-15,4.282654305987987e-15,Hematite,1.0,1.17191213776644e-10,1.0,4.282654305987987e-15,1.0,0.9999999998828087
999,Iron,"('ecoinvent-3.4-biosphere', '98693cdf-d9fc-43ed-bfe6-78dfe5742d33')",Fe,1.17191213776644e-10,1.17191213776644e-10,1.0,4.282654305987987e-15,4.282654305987987e-15,Hematite,1.0,1.17191213776644e-10,1.0,4.282654305987987e-15,1.0,0.9999999998828087
1000,Iron,"('ecoinvent-3.4-biosphere', '0dc0bbb0-1141-4dff-b6a2-8bd5368e14af')",Fe,1.17191213776644e-10,1.17191213776644e-10,1.0,4.282654305987987e-15,4.282654305987987e-15,Hematite,1.0,1.17191213776644e-10,1.0,4.282654305987987e-15,1.0,0.9999999998828087
1001,Iron,"('ecoinvent-3.4-biosphere', 'ce567bdc-76ec-4ca0-be79-8bb796e448b3')",Fe,1.17191213776644e-10,1.17191213776644e-10,1.0,4.282654305987987e-15,4.282654305987987e-15,Hematite,1.0,1.17191213776644e-10,1.0,4.282654305987987e-15,1.0,0.9999999998828087
1002,Iron,"('ecoinvent-3.4-biosphere', 'e8bd2edd-f937-49f6-9e8b-9f445278775e')",Fe,1.17191213776644e-10,1.17191213776644e-10,1.0,4.282654305987987e-15,4.282654305987987e-15,Hematite,1.0,1.17191213776644e-10,1.0,4.282654305987987e-15,1.0,0.9999999998828087
1003,Lead,"('ecoinvent-3.4-biosphere', '2718482b-8399-442e-b89a-52fbcc22d2e6')",Pb,1.1419509057440714e-10,1.1419509057440714e-10,1.0,1.1855254708054448e-13,1.1855254708054448e-13,Galena,1.1560975609756097,1.3202066568846094e-10,1.1560975609756097,1.370583105272636e-13,0.8649789029535866,0.864978902821566
1004,Lead,"('ecoinvent-3.4-biosphere', '4010918f-7fd0-4925-8fbb-8fd7a44a806c')",Pb,1.1419509057440714e-10,1.1419509057440714e-10,1.0,1.1855254708054448e-13,1.1855254708054448e-13,Galena,1.1560975609756097,1.3202066568846094e-10,1.1560975609756097,1.370583105272636e-13,0.8649789029535866,0.864978902821566
1005,Lead,"('ecoinvent-3.4-biosphere', '31c4d160-b21e-41b3-b9c1-3d7a72377653')",Pb,1.1419509057440714e-10,1.1419509057440714e-10,1.0,1.1855254708054448e-13,1.1855254708054448e-13,Galena,1.1560975609756097,1.3202066568846094e-10,1.1560975609756097,1.370583105272636e-13,0.8649789029535866,0.864978902821566
1006,Lead,"('ecoinvent-3.4-biosphere', '0ff15165-d761-48c9-9814-2d1dcdd56857')",Pb,1.1419509057440714e-10,1.1419509057440714e-10,1.0,1.1855254708054448e-13,1.1855254708054448e-13,Galena,1.1560975609756097,1.3202066568846094e-10,1.1560975609756097,1.370583105272636e-13,0.8649789029535866,0.864978902821566
1007,Lead,"('ecoinvent-3.4-biosphere', 'c864aa15-0abc-41ad-9889-348106e485d8')",Pb,1.1419509057440714e-10,1.1419509057440714e-10,1.0,1.1855254708054448e-13,1.1855254708054448e-13,Galena,1.1560975609756097,1.3202066568846094e-10,1.1560975609756097,1.370583105272636e-13,0.8649789029535866,0.864978902821566
1008,Lead,"('ecoinvent-3.4-biosphere', '9ee7f4ab-b826-47ae-8623-e138f944b42e')",Pb,1.1419509057440714e-10,1.1419509057440714e-10,1.0,1.1855254708054448e-13,1.1855254708054448e-13,Galena,1.1560975609756097,1.3202066568846094e-10,1.1560975609756097,1.370583105272636e-13,0.8649789029535866,0.864978902821566
1009,Lead,"('ecoinvent-3.4-biosphere', 'b3ebdcc3-c588-4997-95d2-9785b26b34e1')",Pb,1.1419509057440714e-10,1.1419509057440714e-10,1.0,1.1855254708054448e-13,1.1855254708054448e-13,Galena,1.1560975609756097,1.3202066568846094e-10,1.1560975609756097,1.370583105272636e-13,0.8649789029535866,0.864978902821566
1010,Lead,"('ecoinvent-3.4-biosphere', 'e9e856c2-868e-435e-8425-8df1c9297cfc')",Pb,1.1419509057440714e-10,1.1419509057440714e-10,1.0,1.1855254708054448e-13,1.1855254708054448e-13,Galena,1.1560975609756097,1.3202066568846094e-10,1.1560975609756097,1.370583105272636e-13,0.8649789029535866,0.864978902821566
1011,Lead,"('ecoinvent-3.4-biosphere', '739234c8-5359-48b4-983f-9cb170d68c8d')",Pb,1.1419509057440714e-10,1.1419509057440714e-10,1.0,1.1855254708054448e-13,1.1855254708054448e-13,Galena,1.1560975609756097,1.3202066568846094e-10,1.1560975609756097,1.370583105272636e-13,0.8649789029535866,0.864978902821566
1012,Lead,"('ecoinvent-3.4-biosphere', '8e123669-94d3-41d8-9480-a79211fe7c43')",Pb,1.1419509057440714e-10,1.1419509057440714e-10,1.0,1.1855254708054448e-13,1.1855254708054448e-13,Galena,1.1560975609756097,1.3202066568846094e-10,1.1560975609756097,1.370583105272636e-13,0.8649789029535866,0.864978902821566
1013,Lead,"('ecoinvent-3.4-biosphere', '6a903634-c97f-4c49-a7c0-88f0e6ac7a23')",Pb,1.1419509057440714e-10,1.1419509057440714e-10,1.0,1.1855254708054448e-13,1.1855254708054448e-13,Galena,1.1560975609756097,1.3202066568846094e-10,1.1560975609756097,1.370583105272636e-13,0.8649789029535866,0.864978902821566
1014,Lead,"('ecoinvent-3.4-biosphere', 'fe4613d7-1ed8-427d-9b06-c8e8f4f5e1b1')",Pb,1.1419509057440714e-10,1.1419509057440714e-10,1.0,1.1855254708054448e-13,1.1855254708054448e-13,Galena,1.1560975609756097,1.3202066568846094e-10,1.1560975609756097,1.370583105272636e-13,0.8649789029535866,0.864978902821566
1015,Lead,"('ecoinvent-3.4-biosphere', '837083ce-41cd-49f3-a849-d79564dac238')",Pb,1.1419509057440714e-10,1.1419509057440714e-10,1.0,1.1855254708054448e-13,1.1855254708054448e-13,Galena,1.1560975609756097,1.3202066568846094e-10,1.1560975609756097,1.370583105272636e-13,0.8649789029535866,0.864978902821566
1016,Lead,"('ecoinvent-3.4-biosphere', '67652827-017f-4856-8d0a-c97bac4c6562')",Pb,1.1419509057440714e-10,1.1419509057440714e-10,1.0,1.1855254708054448e-13,1.1855254708054448e-13,Galena,1.1560975609756097,1.3202066568846094e-10,1.1560975609756097,1.370583105272636e-13,0.8649789029535866,0.864978902821566
1017,"Chromium, ion","('ecoinvent-3.4-biosphere', 'd98f0ec0-bf19-4c90-a457-a8593dec497f')",Cr,1.124818048930123e-10,1.124818048930123e-10,1.0,3.1278613038877847e-13,3.1278613038877847e-13,Chromite,2.152027027027027,2.420638841785434e-10,2.152027027027027,6.73124206275851e-13,0.46467817896389324,0.46467817872182937
1018,"Chromium, ion","('ecoinvent-3.4-biosphere', 'd9c23a8d-e7bf-4f70-8d22-b9ad8a653204')",Cr,1.124818048930123e-10,1.124818048930123e-10,1.0,3.1278613038877847e-13,3.1278613038877847e-13,Chromite,2.152027027027027,2.420638841785434e-10,2.152027027027027,6.73124206275851e-13,0.46467817896389324,0.46467817872182937
1019,"Chromium, ion","('ecoinvent-3.4-biosphere', '1c87de06-e58f-4684-a54c-d29f1a251a87')",Cr,1.124818048930123e-10,1.124818048930123e-10,1.0,3.1278613038877847e-13,3.1278613038877847e-13,Chromite,2.152027027027027,2.420638841785434e-10,2.152027027027027,6.73124206275851e-13,0.46467817896389324,0.46467817872182937
1020,"Chromium, ion","('ecoinvent-3.4-biosphere', '30f484ee-dec4-47ae-8e92-d00d4b93fe05')",Cr,1.124818048930123e-10,1.124818048930123e-10,1.0,3.1278613038877847e-13,3.1278613038877847e-13,Chromite,2.152027027027027,2.420638841785434e-10,2.152027027027027,6.73124206275851e-13,0.46467817896389324,0.46467817872182937
1021,"Chromium, ion","('ecoinvent-3.4-biosphere', 'e34d3da4-a3d5-41be-84b5-458afe32c990')",Cr,1.124818048930123e-10,1.124818048930123e-10,1.0,3.1278613038877847e-13,3.1278613038877847e-13,Chromite,2.152027027027027,2.420638841785434e-10,2.152027027027027,6.73124206275851e-13,0.46467817896389324,0.46467817872182937
1022,Chromium,"('ecoinvent-3.4-biosphere', '2a5ed451-12a2-47db-b4dc-fa0bfbc01d79')",Cr,1.0812589732140712e-10,1.0812589732140712e-10,1.0,3.1278613038877847e-13,3.1278613038877847e-13,Chromite,2.152027027027027,2.3268985335721736e-10,2.152027027027027,6.73124206275851e-13,0.46467817896389324,0.4646781787312034
1023,Chromium,"('ecoinvent-3.4-biosphere', '591de726-f2c7-43ba-8e22-15fd08acc8dc')",Cr,1.0812589732140712e-10,1.0812589732140712e-10,1.0,3.1278613038877847e-13,3.1278613038877847e-13,Chromite,2.152027027027027,2.3268985335721736e-10,2.152027027027027,6.73124206275851e-13,0.46467817896389324,0.4646781787312034
1024,Chromium,"('ecoinvent-3.4-biosphere', '4d40d8e3-9bc7-4ab1-ac5c-4f4a76fda8e5')",Cr,1.0812589732140712e-10,1.0812589732140712e-10,1.0,3.1278613038877847e-13,3.1278613038877847e-13,Chromite,2.152027027027027,2.3268985335721736e-10,2.152027027027027,6.73124206275851e-13,0.46467817896389324,0.4646781787312034
1025,Chromium,"('ecoinvent-3.4-biosphere', 'e142b577-e934-4085-9a07-3983d4d92afb')",Cr,1.0812589732140712e-10,1.0812589732140712e-10,1.0,3.1278613038877847e-13,3.1278613038877847e-13,Chromite,2.152027027027027,2.3268985335721736e-10,2.152027027027027,6.73124206275851e-13,0.46467817896389324,0.4646781787312034
1026,Chromium,"('ecoinvent-3.4-biosphere', 'e65a9c58-21f1-48b6-b738-d05a8f10e5f3')",Cr,1.0812589732140712e-10,1.0812589732140712e-10,1.0,3.1278613038877847e-13,3.1278613038877847e-13,Chromite,2.152027027027027,2.3268985335721736e-10,2.152027027027027,6.73124206275851e-13,0.46467817896389324,0.4646781787312034
1027,Chromium,"('ecoinvent-3.4-biosphere', '7705f0e1-5b14-44f4-b330-1245b5c7fc08')",Cr,1.0812589732140712e-10,1.0812589732140712e-10,1.0,3.1278613038877847e-13,3.1278613038877847e-13,Chromite,2.152027027027027,2.3268985335721736e-10,2.152027027027027,6.73124206275851e-13,0.46467817896389324,0.4646781787312034
1028,Chromium,"('ecoinvent-3.4-biosphere', 'e7881581-21b3-4f5c-bd63-6b0684b5e712')",Cr,1.0812589732140712e-10,1.0812589732140712e-10,1.0,3.1278613038877847e-13,3.1278613038877847e-13,Chromite,2.152027027027027,2.3268985335721736e-10,2.152027027027027,6.73124206275851e-13,0.46467817896389324,0.4646781787312034
1029,Chromium,"('ecoinvent-3.4-biosphere', '6b29d83a-c43c-484c-8e73-474a8a22d71e')",Cr,1.0812589732140712e-10,1.0812589732140712e-10,1.0,3.1278613038877847e-13,3.1278613038877847e-13,Chromite,2.152027027027027,2.3268985335721736e-10,2.152027027027027,6.73124206275851e-13,0.46467817896389324,0.4646781787312034
1030,Chromium,"('ecoinvent-3.4-biosphere', 'e0336c9b-a0ff-4ae3-b8bb-ca1e46bbbc11')",Cr,1.0812589732140712e-10,1.0812589732140712e-10,1.0,3.1278613038877847e-13,3.1278613038877847e-13,Chromite,2.152027027027027,2.3268985335721736e-10,2.152027027027027,6.73124206275851e-13,0.46467817896389324,0.4646781787312034
1031,Manganese,"('ecoinvent-3.4-biosphere', '295060ba-3c3d-45e4-99ca-e17b1204b553')",Mn,8.383647998444959e-11,8.383647998444959e-11,1.0,6.485008032108113e-14,6.485008032108113e-14,Pyrolusite,1.5822784810126582,1.3265265820324303e-10,1.5822784810126582,1.0261088658398912e-13,0.632,0.6319999998673473
1032,Manganese,"('ecoinvent-3.4-biosphere', '0af26a55-d357-469f-abad-8ced785cb4fb')",Mn,8.383647998444959e-11,8.383647998444959e-11,1.0,6.485008032108113e-14,6.485008032108113e-14,Pyrolusite,1.5822784810126582,1.3265265820324303e-10,1.5822784810126582,1.0261088658398912e-13,0.632,0.6319999998673473
1033,Manganese,"('ecoinvent-3.4-biosphere', 'b0546417-3064-4878-bd6f-2da75cefdf63')",Mn,8.383647998444959e-11,8.383647998444959e-11,1.0,6.485008032108113e-14,6.485008032108113e-14,Pyrolusite,1.5822784810126582,1.3265265820324303e-10,1.5822784810126582,1.0261088658398912e-13,0.632,0.6319999998673473
1034,Manganese,"('ecoinvent-3.4-biosphere', 'c91fd4bf-ed70-4e2f-a34f-159773f981b6')",Mn,8.383647998444959e-11,8.383647998444959e-11,1.0,6.485008032108113e-14,6.485008032108113e-14,Pyrolusite,1.5822784810126582,1.3265265820324303e-10,1.5822784810126582,1.0261088658398912e-13,0.632,0.6319999998673473
1035,Manganese,"('ecoinvent-3.4-biosphere', '10cbd2f7-c41b-4bb4-b636-d8fc15cf0282')",Mn,8.383647998444959e-11,8.383647998444959e-11,1.0,6.485008032108113e-14,6.485008032108113e-14,Pyrolusite,1.5822784810126582,1.3265265820324303e-10,1.5822784810126582,1.0261088658398912e-13,0.632,0.6319999998673473
1036,Manganese,"('ecoinvent-3.4-biosphere', '2460f868-54a9-404c-bec8-c809a44ae72c')",Mn,8.383647998444959e-11,8.383647998444959e-11,1.0,6.485008032108113e-14,6.485008032108113e-14,Pyrolusite,1.5822784810126582,1.3265265820324303e-10,1.5822784810126582,1.0261088658398912e-13,0.632,0.6319999998673473
1037,Manganese,"('ecoinvent-3.4-biosphere', '009a49e8-09a7-4432-9cb9-f2dd18e8f922')",Mn,8.383647998444959e-11,8.383647998444959e-11,1.0,6.485008032108113e-14,6.485008032108113e-14,Pyrolusite,1.5822784810126582,1.3265265820324303e-10,1.5822784810126582,1.0261088658398912e-13,0.632,0.6319999998673473
1038,Manganese,"('ecoinvent-3.4-biosphere', '9ba8c05d-1593-45a5-8d3b-5c4f3e9fef32')",Mn,8.383647998444959e-11,8.383647998444959e-11,1.0,6.485008032108113e-14,6.485008032108113e-14,Pyrolusite,1.5822784810126582,1.3265265820324303e-10,1.5822784810126582,1.0261088658398912e-13,0.632,0.6319999998673473
1039,Manganese,"('ecoinvent-3.4-biosphere', '835d0907-a668-4d92-b6b6-7b56fa343713')",Mn,8.383647998444959e-11,8.383647998444959e-11,1.0,6.485008032108113e-14,6.485008032108113e-14,Pyrolusite,1.5822784810126582,1.3265265820324303e-10,1.5822784810126582,1.0261088658398912e-13,0.632,0.6319999998673473
1040,Manganese,"('ecoinvent-3.4-biosphere', '9c706cff-cb82-4207-a589-95896e04dc08')",Mn,8.383647998444959e-11,8.383647998444959e-11,1.0,6.485008032108113e-14,6.485008032108113e-14,Pyrolusite,1.5822784810126582,1.3265265820324303e-10,1.5822784810126582,1.0261088658398912e-13,0.632,0.6319999998673473
1041,Manganese,"('ecoinvent-3.4-biosphere', '42053ffb-9284-49cb-88f9-33ac5c77be4a')",Mn,8.383647998444959e-11,8.383647998444959e-11,1.0,6.485008032108113e-14,6.485008032108113e-14,Pyrolusite,1.5822784810126582,1.3265265820324303e-10,1.5822784810126582,1.0261088658398912e-13,0.632,0.6319999998673473
1042,Manganese,"('ecoinvent-3.4-biosphere', '44f28e11-061d-44fd-8f25-dc62a9f1fa57')",Mn,8.383647998444959e-11,8.383647998444959e-11,1.0,6.485008032108113e-14,6.485008032108113e-14,Pyrolusite,1.5822784810126582,1.3265265820324303e-10,1.5822784810126582,1.0261088658398912e-13,0.632,0.6319999998673473
1043,Manganese,"('ecoinvent-3.4-biosphere', '6b7fbea6-4a86-40f9-954d-3c9b3611abfd')",Mn,8.383647998444959e-11,8.383647998444959e-11,1.0,6.485008032108113e-14,6.485008032108113e-14,Pyrolusite,1.5822784810126582,1.3265265820324303e-10,1.5822784810126582,1.0261088658398912e-13,0.632,0.6319999998673473
1044,Manganese,"('ecoinvent-3.4-biosphere', 'f532985c-90b7-46fc-aac9-b039b40e22f1')",Mn,8.383647998444959e-11,8.383647998444959e-11,1.0,6.485008032108113e-14,6.485008032108113e-14,Pyrolusite,1.5822784810126582,1.3265265820324303e-10,1.5822784810126582,1.0261088658398912e-13,0.632,0.6319999998673473
1045,"Silver, ion","('ecoinvent-3.4-biosphere', 'af9793ba-25a1-4928-a14a-4bcf7d5bd3f7')",Ag,8.235913608026018e-11,8.235913608026018e-11,1.0,1.5701960660375504e-13,1.5701960660375504e-13,Argentite,1.1478494623655913,9.453589007062121e-11,1.1478494623655913,1.8023487102097688e-13,0.8711943793911008,0.8711943792965648
1046,"Silver, ion","('ecoinvent-3.4-biosphere', '71cfe87c-ab80-421e-adba-afb7d5bd0861')",Ag,8.235913608026018e-11,8.235913608026018e-11,1.0,1.5701960660375504e-13,1.5701960660375504e-13,Argentite,1.1478494623655913,9.453589007062121e-11,1.1478494623655913,1.8023487102097688e-13,0.8711943793911008,0.8711943792965648
1047,"Silver, ion","('ecoinvent-3.4-biosphere', '94426df9-63b1-4dc6-ad1b-3509e22f1154')",Ag,8.235913608026018e-11,8.235913608026018e-11,1.0,1.5701960660375504e-13,1.5701960660375504e-13,Argentite,1.1478494623655913,9.453589007062121e-11,1.1478494623655913,1.8023487102097688e-13,0.8711943793911008,0.8711943792965648
1048,"Silver, ion","('ecoinvent-3.4-biosphere', '21c257b2-57ce-4a6e-b4bd-40f0f75f310f')",Ag,8.235913608026018e-11,8.235913608026018e-11,1.0,1.5701960660375504e-13,1.5701960660375504e-13,Argentite,1.1478494623655913,9.453589007062121e-11,1.1478494623655913,1.8023487102097688e-13,0.8711943793911008,0.8711943792965648
1049,"Silver, ion","('ecoinvent-3.4-biosphere', '6aa8673f-f7e3-4270-93dc-e97b745fced7')",Ag,8.235913608026018e-11,8.235913608026018e-11,1.0,1.5701960660375504e-13,1.5701960660375504e-13,Argentite,1.1478494623655913,9.453589007062121e-11,1.1478494623655913,1.8023487102097688e-13,0.8711943793911008,0.8711943792965648
1050,Manganese,"('ecoinvent-3.4-biosphere', '295060ba-3c3d-45e4-99ca-e17b1204b553')",Mn,7.71615745820334e-11,7.71615745820334e-11,1.0,6.485008032108113e-14,6.485008032108113e-14,Pyrolusite,1.5822784810126582,1.2209109902220474e-10,1.5822784810126582,1.0261088658398912e-13,0.632,0.6319999998779089
1051,Manganese,"('ecoinvent-3.4-biosphere', '0af26a55-d357-469f-abad-8ced785cb4fb')",Mn,7.71615745820334e-11,7.71615745820334e-11,1.0,6.485008032108113e-14,6.485008032108113e-14,Pyrolusite,1.5822784810126582,1.2209109902220474e-10,1.5822784810126582,1.0261088658398912e-13,0.632,0.6319999998779089
1052,Manganese,"('ecoinvent-3.4-biosphere', 'b0546417-3064-4878-bd6f-2da75cefdf63')",Mn,7.71615745820334e-11,7.71615745820334e-11,1.0,6.485008032108113e-14,6.485008032108113e-14,Pyrolusite,1.5822784810126582,1.2209109902220474e-10,1.5822784810126582,1.0261088658398912e-13,0.632,0.6319999998779089
1053,Manganese,"('ecoinvent-3.4-biosphere', 'c91fd4bf-ed70-4e2f-a34f-159773f981b6')",Mn,7.71615745820334e-11,7.71615745820334e-11,1.0,6.485008032108113e-14,6.485008032108113e-14,Pyrolusite,1.5822784810126582,1.2209109902220474e-10,1.5822784810126582,1.0261088658398912e-13,0.632,0.6319999998779089
1054,Manganese,"('ecoinvent-3.4-biosphere', '10cbd2f7-c41b-4bb4-b636-d8fc15cf0282')",Mn,7.71615745820334e-11,7.71615745820334e-11,1.0,6.485008032108113e-14,6.485008032108113e-14,Pyrolusite,1.5822784810126582,1.2209109902220474e-10,1.5822784810126582,1.0261088658398912e-13,0.632,0.6319999998779089
1055,Manganese,"('ecoinvent-3.4-biosphere', '2460f868-54a9-404c-bec8-c809a44ae72c')",Mn,7.71615745820334e-11,7.71615745820334e-11,1.0,6.485008032108113e-14,6.485008032108113e-14,Pyrolusite,1.5822784810126582,1.2209109902220474e-10,1.5822784810126582,1.0261088658398912e-13,0.632,0.6319999998779089
1056,Manganese,"('ecoinvent-3.4-biosphere', '009a49e8-09a7-4432-9cb9-f2dd18e8f922')",Mn,7.71615745820334e-11,7.71615745820334e-11,1.0,6.485008032108113e-14,6.485008032108113e-14,Pyrolusite,1.5822784810126582,1.2209109902220474e-10,1.5822784810126582,1.0261088658398912e-13,0.632,0.6319999998779089
1057,Manganese,"('ecoinvent-3.4-biosphere', '9ba8c05d-1593-45a5-8d3b-5c4f3e9fef32')",Mn,7.71615745820334e-11,7.71615745820334e-11,1.0,6.485008032108113e-14,6.485008032108113e-14,Pyrolusite,1.5822784810126582,1.2209109902220474e-10,1.5822784810126582,1.0261088658398912e-13,0.632,0.6319999998779089
1058,Manganese,"('ecoinvent-3.4-biosphere', '835d0907-a668-4d92-b6b6-7b56fa343713')",Mn,7.71615745820334e-11,7.71615745820334e-11,1.0,6.485008032108113e-14,6.485008032108113e-14,Pyrolusite,1.5822784810126582,1.2209109902220474e-10,1.5822784810126582,1.0261088658398912e-13,0.632,0.6319999998779089
1059,Manganese,"('ecoinvent-3.4-biosphere', '9c706cff-cb82-4207-a589-95896e04dc08')",Mn,7.71615745820334e-11,7.71615745820334e-11,1.0,6.485008032108113e-14,6.485008032108113e-14,Pyrolusite,1.5822784810126582,1.2209109902220474e-10,1.5822784810126582,1.0261088658398912e-13,0.632,0.6319999998779089
1060,Manganese,"('ecoinvent-3.4-biosphere', '42053ffb-9284-49cb-88f9-33ac5c77be4a')",Mn,7.71615745820334e-11,7.71615745820334e-11,1.0,6.485008032108113e-14,6.485008032108113e-14,Pyrolusite,1.5822784810126582,1.2209109902220474e-10,1.5822784810126582,1.0261088658398912e-13,0.632,0.6319999998779089
1061,Manganese,"('ecoinvent-3.4-biosphere', '44f28e11-061d-44fd-8f25-dc62a9f1fa57')",Mn,7.71615745820334e-11,7.71615745820334e-11,1.0,6.485008032108113e-14,6.485008032108113e-14,Pyrolusite,1.5822784810126582,1.2209109902220474e-10,1.5822784810126582,1.0261088658398912e-13,0.632,0.6319999998779089
1062,Manganese,"('ecoinvent-3.4-biosphere', '6b7fbea6-4a86-40f9-954d-3c9b3611abfd')",Mn,7.71615745820334e-11,7.71615745820334e-11,1.0,6.485008032108113e-14,6.485008032108113e-14,Pyrolusite,1.5822784810126582,1.2209109902220474e-10,1.5822784810126582,1.0261088658398912e-13,0.632,0.6319999998779089
1063,Manganese,"('ecoinvent-3.4-biosphere', 'f532985c-90b7-46fc-aac9-b039b40e22f1')",Mn,7.71615745820334e-11,7.71615745820334e-11,1.0,6.485008032108113e-14,6.485008032108113e-14,Pyrolusite,1.5822784810126582,1.2209109902220474e-10,1.5822784810126582,1.0261088658398912e-13,0.632,0.6319999998779089
1064,Zinc,"('ecoinvent-3.4-biosphere', '84aa799e-9d98-4d34-85e0-516d28ab1be9')",Zn,7.478640651862054e-11,7.478640651862054e-11,1.0,1.0836576745711442e-13,1.0836576745711442e-13,Sphalerite,1.4901477832512315,1.1144279789104786e-10,1.4901477832512315,1.614810081565375e-13,0.6710743801652892,0.6710743800538465
1065,Zinc,"('ecoinvent-3.4-biosphere', '8d226423-1351-4366-b09f-d16c9e38683c')",Zn,7.478640651862054e-11,7.478640651862054e-11,1.0,1.0836576745711442e-13,1.0836576745711442e-13,Sphalerite,1.4901477832512315,1.1144279789104786e-10,1.4901477832512315,1.614810081565375e-13,0.6710743801652892,0.6710743800538465
1066,Zinc,"('ecoinvent-3.4-biosphere', '77887584-ddca-4920-952c-3609730e0c13')",Zn,7.478640651862054e-11,7.478640651862054e-11,1.0,1.0836576745711442e-13,1.0836576745711442e-13,Sphalerite,1.4901477832512315,1.1144279789104786e-10,1.4901477832512315,1.614810081565375e-13,0.6710743801652892,0.6710743800538465
1067,Zinc,"('ecoinvent-3.4-biosphere', '748f22a9-eba4-4726-bef5-92c7442ce189')",Zn,7.478640651862054e-11,7.478640651862054e-11,1.0,1.0836576745711442e-13,1.0836576745711442e-13,Sphalerite,1.4901477832512315,1.1144279789104786e-10,1.4901477832512315,1.614810081565375e-13,0.6710743801652892,0.6710743800538465
1068,Zinc,"('ecoinvent-3.4-biosphere', '5ce378a0-b48d-471c-977d-79681521efde')",Zn,7.478640651862054e-11,7.478640651862054e-11,1.0,1.0836576745711442e-13,1.0836576745711442e-13,Sphalerite,1.4901477832512315,1.1144279789104786e-10,1.4901477832512315,1.614810081565375e-13,0.6710743801652892,0.6710743800538465
1069,Zinc,"('ecoinvent-3.4-biosphere', '8f871bab-96dc-49d9-bf08-12cdd0715901')",Zn,7.478640651862054e-11,7.478640651862054e-11,1.0,1.0836576745711442e-13,1.0836576745711442e-13,Sphalerite,1.4901477832512315,1.1144279789104786e-10,1.4901477832512315,1.614810081565375e-13,0.6710743801652892,0.6710743800538465
1070,Zinc,"('ecoinvent-3.4-biosphere', '87a69874-34f9-4070-a525-aa301ab2634b')",Zn,7.478640651862054e-11,7.478640651862054e-11,1.0,1.0836576745711442e-13,1.0836576745711442e-13,Sphalerite,1.4901477832512315,1.1144279789104786e-10,1.4901477832512315,1.614810081565375e-13,0.6710743801652892,0.6710743800538465
1071,Zinc,"('ecoinvent-3.4-biosphere', 'b88999ec-84fd-462d-9dec-7e20a4636a58')",Zn,7.478640651862054e-11,7.478640651862054e-11,1.0,1.0836576745711442e-13,1.0836576745711442e-13,Sphalerite,1.4901477832512315,1.1144279789104786e-10,1.4901477832512315,1.614810081565375e-13,0.6710743801652892,0.6710743800538465
1072,Zinc,"('ecoinvent-3.4-biosphere', 'ada3ecfe-8244-4389-bcce-e83ca4f66e09')",Zn,7.478640651862054e-11,7.478640651862054e-11,1.0,1.0836576745711442e-13,1.0836576745711442e-13,Sphalerite,1.4901477832512315,1.1144279789104786e-10,1.4901477832512315,1.614810081565375e-13,0.6710743801652892,0.6710743800538465
1073,Tin,"('ecoinvent-3.4-biosphere', 'c67e3ba8-ddce-4931-b4b0-f4f9a56ccf40')",Sn,6.854852790158699e-11,6.854852790158699e-11,1.0,1.3268575464212294e-13,1.3268575464212294e-13,Cassiterite,1.26875,8.697094477513849e-11,1.26875,1.6834505120219348e-13,0.7881773399014778,0.7881773398145068
1074,Tin,"('ecoinvent-3.4-biosphere', 'f563b90e-a300-4403-b278-d2fdcd73e5a7')",Sn,6.854852790158699e-11,6.854852790158699e-11,1.0,1.3268575464212294e-13,1.3268575464212294e-13,Cassiterite,1.26875,8.697094477513849e-11,1.26875,1.6834505120219348e-13,0.7881773399014778,0.7881773398145068
1075,Tin,"('ecoinvent-3.4-biosphere', '19b6e569-85a4-4ea9-a590-d61a21e3c846')",Sn,6.854852790158699e-11,6.854852790158699e-11,1.0,1.3268575464212294e-13,1.3268575464212294e-13,Cassiterite,1.26875,8.697094477513849e-11,1.26875,1.6834505120219348e-13,0.7881773399014778,0.7881773398145068
1076,Tin,"('ecoinvent-3.4-biosphere', '6366d4ec-5ffc-4488-be51-0c239cdf535d')",Sn,6.854852790158699e-11,6.854852790158699e-11,1.0,1.3268575464212294e-13,1.3268575464212294e-13,Cassiterite,1.26875,8.697094477513849e-11,1.26875,1.6834505120219348e-13,0.7881773399014778,0.7881773398145068
1077,Tin,"('ecoinvent-3.4-biosphere', '2a7b68ff-f12a-44c6-8b31-71ec91d29889')",Sn,6.854852790158699e-11,6.854852790158699e-11,1.0,1.3268575464212294e-13,1.3268575464212294e-13,Cassiterite,1.26875,8.697094477513849e-11,1.26875,1.6834505120219348e-13,0.7881773399014778,0.7881773398145068
1078,Tin,"('ecoinvent-3.4-biosphere', '85a764f2-a810-4b20-bc86-a45604262fda')",Sn,6.854852790158699e-11,6.854852790158699e-11,1.0,1.3268575464212294e-13,1.3268575464212294e-13,Cassiterite,1.26875,8.697094477513849e-11,1.26875,1.6834505120219348e-13,0.7881773399014778,0.7881773398145068
1079,Tin,"('ecoinvent-3.4-biosphere', '8a422b03-1055-4bc8-b439-27bf8d7eef57')",Sn,6.854852790158699e-11,6.854852790158699e-11,1.0,1.3268575464212294e-13,1.3268575464212294e-13,Cassiterite,1.26875,8.697094477513849e-11,1.26875,1.6834505120219348e-13,0.7881773399014778,0.7881773398145068
1080,Tin,"('ecoinvent-3.4-biosphere', 'e070bd24-fd16-4963-8f4d-78bb4c402400')",Sn,6.854852790158699e-11,6.854852790158699e-11,1.0,1.3268575464212294e-13,1.3268575464212294e-13,Cassiterite,1.26875,8.697094477513849e-11,1.26875,1.6834505120219348e-13,0.7881773399014778,0.7881773398145068
1081,Tin,"('ecoinvent-3.4-biosphere', '168c970b-91c9-4427-a3a0-6686ad6cc2c4')",Sn,6.854852790158699e-11,6.854852790158699e-11,1.0,1.3268575464212294e-13,1.3268575464212294e-13,Cassiterite,1.26875,8.697094477513849e-11,1.26875,1.6834505120219348e-13,0.7881773399014778,0.7881773398145068
1082,Phosphorus,"('ecoinvent-3.4-biosphere', 'b1fca66f-8e83-469a-a7b5-018e14d5d545')",P,5.910390164201e-11,5.910390164201e-11,1.0,1.6973366253890836e-14,1.6973366253890836e-14,Apatite,0.3532544378698225,2.087871555046152e-11,0.3532544378698225,5.995916954776823e-15,2.8308207705192627,2.830820770498384
1083,Phosphorus,"('ecoinvent-3.4-biosphere', '76b09afe-52b9-4ecc-b97a-00b49ad8ed1a')",P,5.910390164201e-11,5.910390164201e-11,1.0,1.6973366253890836e-14,1.6973366253890836e-14,Apatite,0.3532544378698225,2.087871555046152e-11,0.3532544378698225,5.995916954776823e-15,2.8308207705192627,2.830820770498384
1084,Phosphorus,"('ecoinvent-3.4-biosphere', 'b2631209-8374-431e-b7d5-56c96c6b6d79')",P,5.910390164201e-11,5.910390164201e-11,1.0,1.6973366253890836e-14,1.6973366253890836e-14,Apatite,0.3532544378698225,2.087871555046152e-11,0.3532544378698225,5.995916954776823e-15,2.8308207705192627,2.830820770498384
1085,Phosphorus,"('ecoinvent-3.4-biosphere', '62f3d964-9b53-4d01-9ee0-04112dcfc6d2')",P,5.910390164201e-11,5.910390164201e-11,1.0,1.6973366253890836e-14,1.6973366253890836e-14,Apatite,0.3532544378698225,2.087871555046152e-11,0.3532544378698225,5.995916954776823e-15,2.8308207705192627,2.830820770498384
1086,Phosphorus,"('ecoinvent-3.4-biosphere', '2d4b8ec1-8d53-4e62-8a11-ebc45909b02e')",P,5.910390164201e-11,5.910390164201e-11,1.0,1.6973366253890836e-14,1.6973366253890836e-14,Apatite,0.3532544378698225,2.087871555046152e-11,0.3532544378698225,5.995916954776823e-15,2.8308207705192627,2.830820770498384
1087,Phosphorus,"('ecoinvent-3.4-biosphere', '8b0a4a41-c65c-4d94-b10c-94ddb98abdd2')",P,5.910390164201e-11,5.910390164201e-11,1.0,1.6973366253890836e-14,1.6973366253890836e-14,Apatite,0.3532544378698225,2.087871555046152e-11,0.3532544378698225,5.995916954776823e-15,2.8308207705192627,2.830820770498384
1088,Phosphorus,"('ecoinvent-3.4-biosphere', 'b6e2f7f4-6b2e-4b3e-be1f-67626cb8205d')",P,5.910390164201e-11,5.910390164201e-11,1.0,1.6973366253890836e-14,1.6973366253890836e-14,Apatite,0.3532544378698225,2.087871555046152e-11,0.3532544378698225,5.995916954776823e-15,2.8308207705192627,2.830820770498384
1089,Phosphorus,"('ecoinvent-3.4-biosphere', 'f5e7e615-4160-4df9-b39b-7463eaed77c7')",P,5.910390164201e-11,5.910390164201e-11,1.0,1.6973366253890836e-14,1.6973366253890836e-14,Apatite,0.3532544378698225,2.087871555046152e-11,0.3532544378698225,5.995916954776823e-15,2.8308207705192627,2.830820770498384
1090,Phosphorus,"('ecoinvent-3.4-biosphere', '2f8952b0-c90c-4e3d-b546-52b862fc8f11')",P,5.910390164201e-11,5.910390164201e-11,1.0,1.6973366253890836e-14,1.6973366253890836e-14,Apatite,0.3532544378698225,2.087871555046152e-11,0.3532544378698225,5.995916954776823e-15,2.8308207705192627,2.830820770498384
1091,Phosphorus,"('ecoinvent-3.4-biosphere', 'c89a0749-40a5-4c9c-8770-c4295ea34977')",P,5.910390164201e-11,5.910390164201e-11,1.0,1.6973366253890836e-14,1.6973366253890836e-14,Apatite,0.3532544378698225,2.087871555046152e-11,0.3532544378698225,5.995916954776823e-15,2.8308207705192627,2.830820770498384
1092,Phosphorus,"('ecoinvent-3.4-biosphere', 'd761f94e-517d-41cf-89fa-17dc72f7a69b')",P,5.910390164201e-11,5.910390164201e-11,1.0,1.6973366253890836e-14,1.6973366253890836e-14,Apatite,0.3532544378698225,2.087871555046152e-11,0.3532544378698225,5.995916954776823e-15,2.8308207705192627,2.830820770498384
1093,Phosphorus,"('ecoinvent-3.4-biosphere', '198ce8e3-f05a-4bec-9f7f-325347453326')",P,5.910390164201e-11,5.910390164201e-11,1.0,1.6973366253890836e-14,1.6973366253890836e-14,Apatite,0.3532544378698225,2.087871555046152e-11,0.3532544378698225,5.995916954776823e-15,2.8308207705192627,2.830820770498384
1094,Phosphorus,"('ecoinvent-3.4-biosphere', 'ea4e9316-5080-4b3b-bbf3-1949f6d7577a')",P,5.910390164201e-11,5.910390164201e-11,1.0,1.6973366253890836e-14,1.6973366253890836e-14,Apatite,0.3532544378698225,2.087871555046152e-11,0.3532544378698225,5.995916954776823e-15,2.8308207705192627,2.830820770498384
1095,Phosphorus,"('ecoinvent-3.4-biosphere', 'e2d35af7-9806-46ff-9b75-b124a48fa5a1')",P,5.910390164201e-11,5.910390164201e-11,1.0,1.6973366253890836e-14,1.6973366253890836e-14,Apatite,0.3532544378698225,2.087871555046152e-11,0.3532544378698225,5.995916954776823e-15,2.8308207705192627,2.830820770498384
1096,"Tin, ion","('ecoinvent-3.4-biosphere', 'd5c40848-fc29-47fa-90a4-46db64a45a4e')",Sn,5.528077195106704e-11,5.528077195106704e-11,1.0,1.3268575464212294e-13,1.3268575464212294e-13,Cassiterite,1.26875,7.013747941291631e-11,1.26875,1.6834505120219348e-13,0.7881773399014778,0.7881773398313403
1097,"Tin, ion","('ecoinvent-3.4-biosphere', '60a6702f-20ad-444f-a6df-f6374f1e3183')",Sn,5.528077195106704e-11,5.528077195106704e-11,1.0,1.3268575464212294e-13,1.3268575464212294e-13,Cassiterite,1.26875,7.013747941291631e-11,1.26875,1.6834505120219348e-13,0.7881773399014778,0.7881773398313403
1098,"Tin, ion","('ecoinvent-3.4-biosphere', 'f73177d8-5e57-4f0d-ba34-6889cfdfed40')",Sn,5.528077195106704e-11,5.528077195106704e-11,1.0,1.3268575464212294e-13,1.3268575464212294e-13,Cassiterite,1.26875,7.013747941291631e-11,1.26875,1.6834505120219348e-13,0.7881773399014778,0.7881773398313403
1099,"Tin, ion","('ecoinvent-3.4-biosphere', '3ddb2e36-bc1b-43a5-8ef4-cbcdbeeeea70')",Sn,5.528077195106704e-11,5.528077195106704e-11,1.0,1.3268575464212294e-13,1.3268575464212294e-13,Cassiterite,1.26875,7.013747941291631e-11,1.26875,1.6834505120219348e-13,0.7881773399014778,0.7881773398313403
1100,"Tin, ion","('ecoinvent-3.4-biosphere', '2a992e5e-9f16-47b8-8bcb-733d00bed658')",Sn,5.528077195106704e-11,5.528077195106704e-11,1.0,1.3268575464212294e-13,1.3268575464212294e-13,Cassiterite,1.26875,7.013747941291631e-11,1.26875,1.6834505120219348e-13,0.7881773399014778,0.7881773398313403
1101,"Copper, ion","('ecoinvent-3.4-biosphere', '40229ebf-9346-4f20-910a-f8ea3bd88d44')",Cu,5.4760897631924326e-11,5.4760897631924326e-11,1.0,1.231243333335009e-14,1.231243333335009e-14,Chalcopyrite,2.8793103448275863,1.5767361904364418e-10,2.8793103448275863,3.545131666671491e-14,0.34730538922155685,0.34730538906388325
1102,"Copper, ion","('ecoinvent-3.4-biosphere', '615b1460-6860-4cf6-8678-ad92c03c5e8b')",Cu,5.4760897631924326e-11,5.4760897631924326e-11,1.0,1.231243333335009e-14,1.231243333335009e-14,Chalcopyrite,2.8793103448275863,1.5767361904364418e-10,2.8793103448275863,3.545131666671491e-14,0.34730538922155685,0.34730538906388325
1103,"Copper, ion","('ecoinvent-3.4-biosphere', 'c3b659e5-35f1-408c-8cb5-b5f9b295c76e')",Cu,5.4760897631924326e-11,5.4760897631924326e-11,1.0,1.231243333335009e-14,1.231243333335009e-14,Chalcopyrite,2.8793103448275863,1.5767361904364418e-10,2.8793103448275863,3.545131666671491e-14,0.34730538922155685,0.34730538906388325
1104,"Copper, ion","('ecoinvent-3.4-biosphere', 'd8f9ccf6-fd32-4348-83c0-1cee724af9ae')",Cu,5.4760897631924326e-11,5.4760897631924326e-11,1.0,1.231243333335009e-14,1.231243333335009e-14,Chalcopyrite,2.8793103448275863,1.5767361904364418e-10,2.8793103448275863,3.545131666671491e-14,0.34730538922155685,0.34730538906388325
1105,"Copper, ion","('ecoinvent-3.4-biosphere', '6d9550e2-e670-44c1-bad8-c0c4975ffca7')",Cu,5.4760897631924326e-11,5.4760897631924326e-11,1.0,1.231243333335009e-14,1.231243333335009e-14,Chalcopyrite,2.8793103448275863,1.5767361904364418e-10,2.8793103448275863,3.545131666671491e-14,0.34730538922155685,0.34730538906388325
1106,"Chromium, ion","('ecoinvent-3.4-biosphere', 'd98f0ec0-bf19-4c90-a457-a8593dec497f')",Cr,5.324829831602382e-11,5.324829831602382e-11,1.0,3.1278613038877847e-13,3.1278613038877847e-13,Chromite,2.152027027027027,1.14591777119281e-10,2.152027027027027,6.73124206275851e-13,0.46467817896389324,0.46467817884930146
1107,"Chromium, ion","('ecoinvent-3.4-biosphere', 'd9c23a8d-e7bf-4f70-8d22-b9ad8a653204')",Cr,5.324829831602382e-11,5.324829831602382e-11,1.0,3.1278613038877847e-13,3.1278613038877847e-13,Chromite,2.152027027027027,1.14591777119281e-10,2.152027027027027,6.73124206275851e-13,0.46467817896389324,0.46467817884930146
1108,"Chromium, ion","('ecoinvent-3.4-biosphere', '1c87de06-e58f-4684-a54c-d29f1a251a87')",Cr,5.324829831602382e-11,5.324829831602382e-11,1.0,3.1278613038877847e-13,3.1278613038877847e-13,Chromite,2.152027027027027,1.14591777119281e-10,2.152027027027027,6.73124206275851e-13,0.46467817896389324,0.46467817884930146
1109,"Chromium, ion","('ecoinvent-3.4-biosphere', '30f484ee-dec4-47ae-8e92-d00d4b93fe05')",Cr,5.324829831602382e-11,5.324829831602382e-11,1.0,3.1278613038877847e-13,3.1278613038877847e-13,Chromite,2.152027027027027,1.14591777119281e-10,2.152027027027027,6.73124206275851e-13,0.46467817896389324,0.46467817884930146
1110,"Chromium, ion","('ecoinvent-3.4-biosphere', 'e34d3da4-a3d5-41be-84b5-458afe32c990')",Cr,5.324829831602382e-11,5.324829831602382e-11,1.0,3.1278613038877847e-13,3.1278613038877847e-13,Chromite,2.152027027027027,1.14591777119281e-10,2.152027027027027,6.73124206275851e-13,0.46467817896389324,0.46467817884930146
1111,Chromium,"('ecoinvent-3.4-biosphere', '2a5ed451-12a2-47db-b4dc-fa0bfbc01d79')",Cr,4.983701726494839e-11,4.983701726494839e-11,1.0,3.1278613038877847e-13,3.1278613038877847e-13,Chromite,2.152027027027027,1.0725060810058151e-10,2.152027027027027,6.73124206275851e-13,0.46467817896389324,0.46467817885664264
1112,Chromium,"('ecoinvent-3.4-biosphere', '591de726-f2c7-43ba-8e22-15fd08acc8dc')",Cr,4.983701726494839e-11,4.983701726494839e-11,1.0,3.1278613038877847e-13,3.1278613038877847e-13,Chromite,2.152027027027027,1.0725060810058151e-10,2.152027027027027,6.73124206275851e-13,0.46467817896389324,0.46467817885664264
1113,Chromium,"('ecoinvent-3.4-biosphere', '4d40d8e3-9bc7-4ab1-ac5c-4f4a76fda8e5')",Cr,4.983701726494839e-11,4.983701726494839e-11,1.0,3.1278613038877847e-13,3.1278613038877847e-13,Chromite,2.152027027027027,1.0725060810058151e-10,2.152027027027027,6.73124206275851e-13,0.46467817896389324,0.46467817885664264
1114,Chromium,"('ecoinvent-3.4-biosphere', 'e142b577-e934-4085-9a07-3983d4d92afb')",Cr,4.983701726494839e-11,4.983701726494839e-11,1.0,3.1278613038877847e-13,3.1278613038877847e-13,Chromite,2.152027027027027,1.0725060810058151e-10,2.152027027027027,6.73124206275851e-13,0.46467817896389324,0.46467817885664264
1115,Chromium,"('ecoinvent-3.4-biosphere', 'e65a9c58-21f1-48b6-b738-d05a8f10e5f3')",Cr,4.983701726494839e-11,4.983701726494839e-11,1.0,3.1278613038877847e-13,3.1278613038877847e-13,Chromite,2.152027027027027,1.0725060810058151e-10,2.152027027027027,6.73124206275851e-13,0.46467817896389324,0.46467817885664264
1116,Chromium,"('ecoinvent-3.4-biosphere', '7705f0e1-5b14-44f4-b330-1245b5c7fc08')",Cr,4.983701726494839e-11,4.983701726494839e-11,1.0,3.1278613038877847e-13,3.1278613038877847e-13,Chromite,2.152027027027027,1.0725060810058151e-10,2.152027027027027,6.73124206275851e-13,0.46467817896389324,0.46467817885664264
1117,Chromium,"('ecoinvent-3.4-biosphere', 'e7881581-21b3-4f5c-bd63-6b0684b5e712')",Cr,4.983701726494839e-11,4.983701726494839e-11,1.0,3.1278613038877847e-13,3.1278613038877847e-13,Chromite,2.152027027027027,1.0725060810058151e-10,2.152027027027027,6.73124206275851e-13,0.46467817896389324,0.46467817885664264
1118,Chromium,"('ecoinvent-3.4-biosphere', '6b29d83a-c43c-484c-8e73-474a8a22d71e')",Cr,4.983701726494839e-11,4.983701726494839e-11,1.0,3.1278613038877847e-13,3.1278613038877847e-13,Chromite,2.152027027027027,1.0725060810058151e-10,2.152027027027027,6.73124206275851e-13,0.46467817896389324,0.46467817885664264
1119,Chromium,"('ecoinvent-3.4-biosphere', 'e0336c9b-a0ff-4ae3-b8bb-ca1e46bbbc11')",Cr,4.983701726494839e-11,4.983701726494839e-11,1.0,3.1278613038877847e-13,3.1278613038877847e-13,Chromite,2.152027027027027,1.0725060810058151e-10,2.152027027027027,6.73124206275851e-13,0.46467817896389324,0.46467817885664264
1120,Antimony,"('ecoinvent-3.4-biosphere', 'c49fb4cd-eed0-4438-9052-9612473cdbae')",Sb,4.933296675113823e-11,4.933296675113823e-11,1.0,2.1834077210692158e-11,2.1834077210692158e-11,Stibnite,1.3941798941798942,6.877903036468213e-11,1.3941798941798942,3.0440631455118433e-11,0.7172675521821632,0.7172675521133842
1121,Antimony,"('ecoinvent-3.4-biosphere', '3ea5684a-6d64-4f96-8c09-1d90f997c9d4')",Sb,4.933296675113823e-11,4.933296675113823e-11,1.0,2.1834077210692158e-11,2.1834077210692158e-11,Stibnite,1.3941798941798942,6.877903036468213e-11,1.3941798941798942,3.0440631455118433e-11,0.7172675521821632,0.7172675521133842
1122,Antimony,"('ecoinvent-3.4-biosphere', '83cf77ca-867b-4eef-b0f0-78d71b3d91d5')",Sb,4.933296675113823e-11,4.933296675113823e-11,1.0,2.1834077210692158e-11,2.1834077210692158e-11,Stibnite,1.3941798941798942,6.877903036468213e-11,1.3941798941798942,3.0440631455118433e-11,0.7172675521821632,0.7172675521133842
1123,Antimony,"('ecoinvent-3.4-biosphere', '7805afa2-d93b-40bb-b841-325b98aec824')",Sb,4.933296675113823e-11,4.933296675113823e-11,1.0,2.1834077210692158e-11,2.1834077210692158e-11,Stibnite,1.3941798941798942,6.877903036468213e-11,1.3941798941798942,3.0440631455118433e-11,0.7172675521821632,0.7172675521133842
1124,Antimony,"('ecoinvent-3.4-biosphere', '5df5cb9f-812c-4ce8-ab1c-df6ab4d31900')",Sb,4.933296675113823e-11,4.933296675113823e-11,1.0,2.1834077210692158e-11,2.1834077210692158e-11,Stibnite,1.3941798941798942,6.877903036468213e-11,1.3941798941798942,3.0440631455118433e-11,0.7172675521821632,0.7172675521133842
1125,Antimony,"('ecoinvent-3.4-biosphere', '43b29ad9-26dd-4838-b931-6216e55a0120')",Sb,4.933296675113823e-11,4.933296675113823e-11,1.0,2.1834077210692158e-11,2.1834077210692158e-11,Stibnite,1.3941798941798942,6.877903036468213e-11,1.3941798941798942,3.0440631455118433e-11,0.7172675521821632,0.7172675521133842
1126,Antimony,"('ecoinvent-3.4-biosphere', 'b2dc8668-86de-4207-b20e-dc81dea63c98')",Sb,4.933296675113823e-11,4.933296675113823e-11,1.0,2.1834077210692158e-11,2.1834077210692158e-11,Stibnite,1.3941798941798942,6.877903036468213e-11,1.3941798941798942,3.0440631455118433e-11,0.7172675521821632,0.7172675521133842
1127,Antimony,"('ecoinvent-3.4-biosphere', '49803ad0-9ca2-4507-a5ea-f152d16c929d')",Sb,4.933296675113823e-11,4.933296675113823e-11,1.0,2.1834077210692158e-11,2.1834077210692158e-11,Stibnite,1.3941798941798942,6.877903036468213e-11,1.3941798941798942,3.0440631455118433e-11,0.7172675521821632,0.7172675521133842
1128,Antimony,"('ecoinvent-3.4-biosphere', '34b96163-a3df-4bc1-8224-e2a9fe01b23f')",Sb,4.933296675113823e-11,4.933296675113823e-11,1.0,2.1834077210692158e-11,2.1834077210692158e-11,Stibnite,1.3941798941798942,6.877903036468213e-11,1.3941798941798942,3.0440631455118433e-11,0.7172675521821632,0.7172675521133842
1129,Antimony,"('ecoinvent-3.4-biosphere', '77927dac-dea3-429d-a434-d5a71d92c4f7')",Sb,4.933296675113823e-11,4.933296675113823e-11,1.0,2.1834077210692158e-11,2.1834077210692158e-11,Stibnite,1.3941798941798942,6.877903036468213e-11,1.3941798941798942,3.0440631455118433e-11,0.7172675521821632,0.7172675521133842
1130,Antimony,"('ecoinvent-3.4-biosphere', 'fa39136e-1ef6-43c1-af68-104da104568d')",Sb,4.933296675113823e-11,4.933296675113823e-11,1.0,2.1834077210692158e-11,2.1834077210692158e-11,Stibnite,1.3941798941798942,6.877903036468213e-11,1.3941798941798942,3.0440631455118433e-11,0.7172675521821632,0.7172675521133842
1131,Antimony,"('ecoinvent-3.4-biosphere', '183f9856-03ab-464d-9366-8ef62077b510')",Sb,4.933296675113823e-11,4.933296675113823e-11,1.0,2.1834077210692158e-11,2.1834077210692158e-11,Stibnite,1.3941798941798942,6.877903036468213e-11,1.3941798941798942,3.0440631455118433e-11,0.7172675521821632,0.7172675521133842
1132,Antimony,"('ecoinvent-3.4-biosphere', 'f4cf8d5c-f030-4b55-a3af-e3c20b855ee8')",Sb,4.933296675113823e-11,4.933296675113823e-11,1.0,2.1834077210692158e-11,2.1834077210692158e-11,Stibnite,1.3941798941798942,6.877903036468213e-11,1.3941798941798942,3.0440631455118433e-11,0.7172675521821632,0.7172675521133842
1133,Antimony,"('ecoinvent-3.4-biosphere', '2b2369a4-26bb-4b18-8479-752fdf7a5e7f')",Sb,4.933296675113823e-11,4.933296675113823e-11,1.0,2.1834077210692158e-11,2.1834077210692158e-11,Stibnite,1.3941798941798942,6.877903036468213e-11,1.3941798941798942,3.0440631455118433e-11,0.7172675521821632,0.7172675521133842
1134,Lead,"('ecoinvent-3.4-biosphere', '2718482b-8399-442e-b89a-52fbcc22d2e6')",Pb,4.768251943646219e-11,4.768251943646219e-11,1.0,1.1855254708054448e-13,1.1855254708054448e-13,Galena,1.1560975609756097,5.512564442166604e-11,1.1560975609756097,1.370583105272636e-13,0.8649789029535866,0.8649789028984609
1135,Lead,"('ecoinvent-3.4-biosphere', '4010918f-7fd0-4925-8fbb-8fd7a44a806c')",Pb,4.768251943646219e-11,4.768251943646219e-11,1.0,1.1855254708054448e-13,1.1855254708054448e-13,Galena,1.1560975609756097,5.512564442166604e-11,1.1560975609756097,1.370583105272636e-13,0.8649789029535866,0.8649789028984609
1136,Lead,"('ecoinvent-3.4-biosphere', '31c4d160-b21e-41b3-b9c1-3d7a72377653')",Pb,4.768251943646219e-11,4.768251943646219e-11,1.0,1.1855254708054448e-13,1.1855254708054448e-13,Galena,1.1560975609756097,5.512564442166604e-11,1.1560975609756097,1.370583105272636e-13,0.8649789029535866,0.8649789028984609
1137,Lead,"('ecoinvent-3.4-biosphere', '0ff15165-d761-48c9-9814-2d1dcdd56857')",Pb,4.768251943646219e-11,4.768251943646219e-11,1.0,1.1855254708054448e-13,1.1855254708054448e-13,Galena,1.1560975609756097,5.512564442166604e-11,1.1560975609756097,1.370583105272636e-13,0.8649789029535866,0.8649789028984609
1138,Lead,"('ecoinvent-3.4-biosphere', 'c864aa15-0abc-41ad-9889-348106e485d8')",Pb,4.768251943646219e-11,4.768251943646219e-11,1.0,1.1855254708054448e-13,1.1855254708054448e-13,Galena,1.1560975609756097,5.512564442166604e-11,1.1560975609756097,1.370583105272636e-13,0.8649789029535866,0.8649789028984609
1139,Lead,"('ecoinvent-3.4-biosphere', '9ee7f4ab-b826-47ae-8623-e138f944b42e')",Pb,4.768251943646219e-11,4.768251943646219e-11,1.0,1.1855254708054448e-13,1.1855254708054448e-13,Galena,1.1560975609756097,5.512564442166604e-11,1.1560975609756097,1.370583105272636e-13,0.8649789029535866,0.8649789028984609
1140,Lead,"('ecoinvent-3.4-biosphere', 'b3ebdcc3-c588-4997-95d2-9785b26b34e1')",Pb,4.768251943646219e-11,4.768251943646219e-11,1.0,1.1855254708054448e-13,1.1855254708054448e-13,Galena,1.1560975609756097,5.512564442166604e-11,1.1560975609756097,1.370583105272636e-13,0.8649789029535866,0.8649789028984609
1141,Lead,"('ecoinvent-3.4-biosphere', 'e9e856c2-868e-435e-8425-8df1c9297cfc')",Pb,4.768251943646219e-11,4.768251943646219e-11,1.0,1.1855254708054448e-13,1.1855254708054448e-13,Galena,1.1560975609756097,5.512564442166604e-11,1.1560975609756097,1.370583105272636e-13,0.8649789029535866,0.8649789028984609
1142,Lead,"('ecoinvent-3.4-biosphere', '739234c8-5359-48b4-983f-9cb170d68c8d')",Pb,4.768251943646219e-11,4.768251943646219e-11,1.0,1.1855254708054448e-13,1.1855254708054448e-13,Galena,1.1560975609756097,5.512564442166604e-11,1.1560975609756097,1.370583105272636e-13,0.8649789029535866,0.8649789028984609
1143,Lead,"('ecoinvent-3.4-biosphere', '8e123669-94d3-41d8-9480-a79211fe7c43')",Pb,4.768251943646219e-11,4.768251943646219e-11,1.0,1.1855254708054448e-13,1.1855254708054448e-13,Galena,1.1560975609756097,5.512564442166604e-11,1.1560975609756097,1.370583105272636e-13,0.8649789029535866,0.8649789028984609
1144,Lead,"('ecoinvent-3.4-biosphere', '6a903634-c97f-4c49-a7c0-88f0e6ac7a23')",Pb,4.768251943646219e-11,4.768251943646219e-11,1.0,1.1855254708054448e-13,1.1855254708054448e-13,Galena,1.1560975609756097,5.512564442166604e-11,1.1560975609756097,1.370583105272636e-13,0.8649789029535866,0.8649789028984609
1145,Lead,"('ecoinvent-3.4-biosphere', 'fe4613d7-1ed8-427d-9b06-c8e8f4f5e1b1')",Pb,4.768251943646219e-11,4.768251943646219e-11,1.0,1.1855254708054448e-13,1.1855254708054448e-13,Galena,1.1560975609756097,5.512564442166604e-11,1.1560975609756097,1.370583105272636e-13,0.8649789029535866,0.8649789028984609
1146,Lead,"('ecoinvent-3.4-biosphere', '837083ce-41cd-49f3-a849-d79564dac238')",Pb,4.768251943646219e-11,4.768251943646219e-11,1.0,1.1855254708054448e-13,1.1855254708054448e-13,Galena,1.1560975609756097,5.512564442166604e-11,1.1560975609756097,1.370583105272636e-13,0.8649789029535866,0.8649789028984609
1147,Lead,"('ecoinvent-3.4-biosphere', '67652827-017f-4856-8d0a-c97bac4c6562')",Pb,4.768251943646219e-11,4.768251943646219e-11,1.0,1.1855254708054448e-13,1.1855254708054448e-13,Galena,1.1560975609756097,5.512564442166604e-11,1.1560975609756097,1.370583105272636e-13,0.8649789029535866,0.8649789028984609
1148,Molybdenum,"('ecoinvent-3.4-biosphere', 'c126f8a0-6bc4-42e6-9220-d6ccfef3f2ed')",Mo,4.233408693285728e-11,4.233408693285728e-11,1.0,1.6532043483883647e-13,1.6532043483883647e-13,Molybdenite,1.6700000000000004,7.069792517787168e-11,1.6700000000000004,2.7608512618085697e-13,0.5988023952095807,0.5988023951388828
1149,Molybdenum,"('ecoinvent-3.4-biosphere', '1f3c2297-d652-468d-82e8-4fd59bf5b5b8')",Mo,4.233408693285728e-11,4.233408693285728e-11,1.0,1.6532043483883647e-13,1.6532043483883647e-13,Molybdenite,1.6700000000000004,7.069792517787168e-11,1.6700000000000004,2.7608512618085697e-13,0.5988023952095807,0.5988023951388828
1150,Molybdenum,"('ecoinvent-3.4-biosphere', '35b4d818-1019-413b-b99d-d351d8a67ac4')",Mo,4.233408693285728e-11,4.233408693285728e-11,1.0,1.6532043483883647e-13,1.6532043483883647e-13,Molybdenite,1.6700000000000004,7.069792517787168e-11,1.6700000000000004,2.7608512618085697e-13,0.5988023952095807,0.5988023951388828
1151,Molybdenum,"('ecoinvent-3.4-biosphere', '163926e2-b4cc-42bb-ba7d-401028140985')",Mo,4.233408693285728e-11,4.233408693285728e-11,1.0,1.6532043483883647e-13,1.6532043483883647e-13,Molybdenite,1.6700000000000004,7.069792517787168e-11,1.6700000000000004,2.7608512618085697e-13,0.5988023952095807,0.5988023951388828
1152,Molybdenum,"('ecoinvent-3.4-biosphere', '697e8ecf-bdbe-4857-92c9-e01960c91db7')",Mo,4.233408693285728e-11,4.233408693285728e-11,1.0,1.6532043483883647e-13,1.6532043483883647e-13,Molybdenite,1.6700000000000004,7.069792517787168e-11,1.6700000000000004,2.7608512618085697e-13,0.5988023952095807,0.5988023951388828
1153,Molybdenum,"('ecoinvent-3.4-biosphere', '9cf3a683-ed3d-40e9-b039-7653e4fc9e20')",Mo,4.233408693285728e-11,4.233408693285728e-11,1.0,1.6532043483883647e-13,1.6532043483883647e-13,Molybdenite,1.6700000000000004,7.069792517787168e-11,1.6700000000000004,2.7608512618085697e-13,0.5988023952095807,0.5988023951388828
1154,Molybdenum,"('ecoinvent-3.4-biosphere', 'fdaaef05-0d10-4032-b2e7-85cae3c7bd5c')",Mo,4.233408693285728e-11,4.233408693285728e-11,1.0,1.6532043483883647e-13,1.6532043483883647e-13,Molybdenite,1.6700000000000004,7.069792517787168e-11,1.6700000000000004,2.7608512618085697e-13,0.5988023952095807,0.5988023951388828
1155,Molybdenum,"('ecoinvent-3.4-biosphere', '3822809c-cc03-469d-ac2a-9f85842f8440')",Mo,4.233408693285728e-11,4.233408693285728e-11,1.0,1.6532043483883647e-13,1.6532043483883647e-13,Molybdenite,1.6700000000000004,7.069792517787168e-11,1.6700000000000004,2.7608512618085697e-13,0.5988023952095807,0.5988023951388828
1156,Molybdenum,"('ecoinvent-3.4-biosphere', 'c26d4716-ce1e-43da-a662-cd9498b1e8bc')",Mo,4.233408693285728e-11,4.233408693285728e-11,1.0,1.6532043483883647e-13,1.6532043483883647e-13,Molybdenite,1.6700000000000004,7.069792517787168e-11,1.6700000000000004,2.7608512618085697e-13,0.5988023952095807,0.5988023951388828
1157,Molybdenum,"('ecoinvent-3.4-biosphere', '442511cc-a98b-4242-9229-5736cb9a9399')",Mo,4.233408693285728e-11,4.233408693285728e-11,1.0,1.6532043483883647e-13,1.6532043483883647e-13,Molybdenite,1.6700000000000004,7.069792517787168e-11,1.6700000000000004,2.7608512618085697e-13,0.5988023952095807,0.5988023951388828
1158,Molybdenum,"('ecoinvent-3.4-biosphere', '7d3f7498-3596-478a-9fa1-72201ef94082')",Mo,4.233408693285728e-11,4.233408693285728e-11,1.0,1.6532043483883647e-13,1.6532043483883647e-13,Molybdenite,1.6700000000000004,7.069792517787168e-11,1.6700000000000004,2.7608512618085697e-13,0.5988023952095807,0.5988023951388828
1159,Molybdenum,"('ecoinvent-3.4-biosphere', '5fa36ce3-aed0-443b-a09d-4cdf25b41995')",Mo,4.233408693285728e-11,4.233408693285728e-11,1.0,1.6532043483883647e-13,1.6532043483883647e-13,Molybdenite,1.6700000000000004,7.069792517787168e-11,1.6700000000000004,2.7608512618085697e-13,0.5988023952095807,0.5988023951388828
1160,Molybdenum,"('ecoinvent-3.4-biosphere', '8b531ec0-ca7a-49cd-bef0-56f110112f34')",Mo,4.233408693285728e-11,4.233408693285728e-11,1.0,1.6532043483883647e-13,1.6532043483883647e-13,Molybdenite,1.6700000000000004,7.069792517787168e-11,1.6700000000000004,2.7608512618085697e-13,0.5988023952095807,0.5988023951388828
1161,Molybdenum,"('ecoinvent-3.4-biosphere', '640e30d2-3158-4a1a-82ef-fd0c72922c9a')",Mo,4.233408693285728e-11,4.233408693285728e-11,1.0,1.6532043483883647e-13,1.6532043483883647e-13,Molybdenite,1.6700000000000004,7.069792517787168e-11,1.6700000000000004,2.7608512618085697e-13,0.5988023952095807,0.5988023951388828
1162,Phosphorus,"('ecoinvent-3.4-biosphere', 'b1fca66f-8e83-469a-a7b5-018e14d5d545')",P,4.1019116637893536e-11,4.1019116637893536e-11,1.0,1.6973366253890836e-14,1.6973366253890836e-14,Apatite,0.3532544378698225,1.4490184989835766e-11,0.3532544378698225,5.995916954776823e-15,2.8308207705192627,2.8308207705047725
1163,Phosphorus,"('ecoinvent-3.4-biosphere', '76b09afe-52b9-4ecc-b97a-00b49ad8ed1a')",P,4.1019116637893536e-11,4.1019116637893536e-11,1.0,1.6973366253890836e-14,1.6973366253890836e-14,Apatite,0.3532544378698225,1.4490184989835766e-11,0.3532544378698225,5.995916954776823e-15,2.8308207705192627,2.8308207705047725
1164,Phosphorus,"('ecoinvent-3.4-biosphere', 'b2631209-8374-431e-b7d5-56c96c6b6d79')",P,4.1019116637893536e-11,4.1019116637893536e-11,1.0,1.6973366253890836e-14,1.6973366253890836e-14,Apatite,0.3532544378698225,1.4490184989835766e-11,0.3532544378698225,5.995916954776823e-15,2.8308207705192627,2.8308207705047725
1165,Phosphorus,"('ecoinvent-3.4-biosphere', '62f3d964-9b53-4d01-9ee0-04112dcfc6d2')",P,4.1019116637893536e-11,4.1019116637893536e-11,1.0,1.6973366253890836e-14,1.6973366253890836e-14,Apatite,0.3532544378698225,1.4490184989835766e-11,0.3532544378698225,5.995916954776823e-15,2.8308207705192627,2.8308207705047725
1166,Phosphorus,"('ecoinvent-3.4-biosphere', '2d4b8ec1-8d53-4e62-8a11-ebc45909b02e')",P,4.1019116637893536e-11,4.1019116637893536e-11,1.0,1.6973366253890836e-14,1.6973366253890836e-14,Apatite,0.3532544378698225,1.4490184989835766e-11,0.3532544378698225,5.995916954776823e-15,2.8308207705192627,2.8308207705047725
1167,Phosphorus,"('ecoinvent-3.4-biosphere', '8b0a4a41-c65c-4d94-b10c-94ddb98abdd2')",P,4.1019116637893536e-11,4.1019116637893536e-11,1.0,1.6973366253890836e-14,1.6973366253890836e-14,Apatite,0.3532544378698225,1.4490184989835766e-11,0.3532544378698225,5.995916954776823e-15,2.8308207705192627,2.8308207705047725
1168,Phosphorus,"('ecoinvent-3.4-biosphere', 'b6e2f7f4-6b2e-4b3e-be1f-67626cb8205d')",P,4.1019116637893536e-11,4.1019116637893536e-11,1.0,1.6973366253890836e-14,1.6973366253890836e-14,Apatite,0.3532544378698225,1.4490184989835766e-11,0.3532544378698225,5.995916954776823e-15,2.8308207705192627,2.8308207705047725
1169,Phosphorus,"('ecoinvent-3.4-biosphere', 'f5e7e615-4160-4df9-b39b-7463eaed77c7')",P,4.1019116637893536e-11,4.1019116637893536e-11,1.0,1.6973366253890836e-14,1.6973366253890836e-14,Apatite,0.3532544378698225,1.4490184989835766e-11,0.3532544378698225,5.995916954776823e-15,2.8308207705192627,2.8308207705047725
1170,Phosphorus,"('ecoinvent-3.4-biosphere', '2f8952b0-c90c-4e3d-b546-52b862fc8f11')",P,4.1019116637893536e-11,4.1019116637893536e-11,1.0,1.6973366253890836e-14,1.6973366253890836e-14,Apatite,0.3532544378698225,1.4490184989835766e-11,0.3532544378698225,5.995916954776823e-15,2.8308207705192627,2.8308207705047725
1171,Phosphorus,"('ecoinvent-3.4-biosphere', 'c89a0749-40a5-4c9c-8770-c4295ea34977')",P,4.1019116637893536e-11,4.1019116637893536e-11,1.0,1.6973366253890836e-14,1.6973366253890836e-14,Apatite,0.3532544378698225,1.4490184989835766e-11,0.3532544378698225,5.995916954776823e-15,2.8308207705192627,2.8308207705047725
1172,Phosphorus,"('ecoinvent-3.4-biosphere', 'd761f94e-517d-41cf-89fa-17dc72f7a69b')",P,4.1019116637893536e-11,4.1019116637893536e-11,1.0,1.6973366253890836e-14,1.6973366253890836e-14,Apatite,0.3532544378698225,1.4490184989835766e-11,0.3532544378698225,5.995916954776823e-15,2.8308207705192627,2.8308207705047725
1173,Phosphorus,"('ecoinvent-3.4-biosphere', '198ce8e3-f05a-4bec-9f7f-325347453326')",P,4.1019116637893536e-11,4.1019116637893536e-11,1.0,1.6973366253890836e-14,1.6973366253890836e-14,Apatite,0.3532544378698225,1.4490184989835766e-11,0.3532544378698225,5.995916954776823e-15,2.8308207705192627,2.8308207705047725
1174,Phosphorus,"('ecoinvent-3.4-biosphere', 'ea4e9316-5080-4b3b-bbf3-1949f6d7577a')",P,4.1019116637893536e-11,4.1019116637893536e-11,1.0,1.6973366253890836e-14,1.6973366253890836e-14,Apatite,0.3532544378698225,1.4490184989835766e-11,0.3532544378698225,5.995916954776823e-15,2.8308207705192627,2.8308207705047725
1175,Phosphorus,"('ecoinvent-3.4-biosphere', 'e2d35af7-9806-46ff-9b75-b124a48fa5a1')",P,4.1019116637893536e-11,4.1019116637893536e-11,1.0,1.6973366253890836e-14,1.6973366253890836e-14,Apatite,0.3532544378698225,1.4490184989835766e-11,0.3532544378698225,5.995916954776823e-15,2.8308207705192627,2.8308207705047725
1176,Nickel,"('ecoinvent-3.4-biosphere', '5de1943f-b011-45a0-97d4-ed15eea6a382')",Ni,3.945057691608997e-11,3.945057691608997e-11,1.0,9.066741688482605e-14,9.066741688482605e-14,Pentlandite(sulphides) / Garnierite(laterites),2.9342028985507245,1.157559971366895e-10,2.9342028985507245,2.660365974275635e-13,0.3393665158371041,0.33936651572134807
1177,Nickel,"('ecoinvent-3.4-biosphere', '56815b4f-6138-4e0b-9fac-c94fd6b102b3')",Ni,3.945057691608997e-11,3.945057691608997e-11,1.0,9.066741688482605e-14,9.066741688482605e-14,Pentlandite(sulphides) / Garnierite(laterites),2.9342028985507245,1.157559971366895e-10,2.9342028985507245,2.660365974275635e-13,0.3393665158371041,0.33936651572134807
1178,Nickel,"('ecoinvent-3.4-biosphere', 'e43a270f-4f88-4789-a0b8-7aba56677743')",Ni,3.945057691608997e-11,3.945057691608997e-11,1.0,9.066741688482605e-14,9.066741688482605e-14,Pentlandite(sulphides) / Garnierite(laterites),2.9342028985507245,1.157559971366895e-10,2.9342028985507245,2.660365974275635e-13,0.3393665158371041,0.33936651572134807
1179,Nickel,"('ecoinvent-3.4-biosphere', 'c89873de-cd23-4323-a948-f5cfeebd2fc9')",Ni,3.945057691608997e-11,3.945057691608997e-11,1.0,9.066741688482605e-14,9.066741688482605e-14,Pentlandite(sulphides) / Garnierite(laterites),2.9342028985507245,1.157559971366895e-10,2.9342028985507245,2.660365974275635e-13,0.3393665158371041,0.33936651572134807
1180,Nickel,"('ecoinvent-3.4-biosphere', 'b4580545-243d-48d2-a3a0-2633a4f46fb1')",Ni,3.945057691608997e-11,3.945057691608997e-11,1.0,9.066741688482605e-14,9.066741688482605e-14,Pentlandite(sulphides) / Garnierite(laterites),2.9342028985507245,1.157559971366895e-10,2.9342028985507245,2.660365974275635e-13,0.3393665158371041,0.33936651572134807
1181,Nickel,"('ecoinvent-3.4-biosphere', 'e8fc62ba-678e-4706-97d2-b79d83e227d5')",Ni,3.945057691608997e-11,3.945057691608997e-11,1.0,9.066741688482605e-14,9.066741688482605e-14,Pentlandite(sulphides) / Garnierite(laterites),2.9342028985507245,1.157559971366895e-10,2.9342028985507245,2.660365974275635e-13,0.3393665158371041,0.33936651572134807
1182,Nickel,"('ecoinvent-3.4-biosphere', '0545c382-2312-43b6-9ec3-63dbb1438565')",Ni,3.945057691608997e-11,3.945057691608997e-11,1.0,9.066741688482605e-14,9.066741688482605e-14,Pentlandite(sulphides) / Garnierite(laterites),2.9342028985507245,1.157559971366895e-10,2.9342028985507245,2.660365974275635e-13,0.3393665158371041,0.33936651572134807
1183,Nickel,"('ecoinvent-3.4-biosphere', '2bcad3b3-5305-481c-a166-ad5e6eac2675')",Ni,3.945057691608997e-11,3.945057691608997e-11,1.0,9.066741688482605e-14,9.066741688482605e-14,Pentlandite(sulphides) / Garnierite(laterites),2.9342028985507245,1.157559971366895e-10,2.9342028985507245,2.660365974275635e-13,0.3393665158371041,0.33936651572134807
1184,Nickel,"('ecoinvent-3.4-biosphere', 'a72a45ee-395a-4d25-b893-9d183e43e76e')",Ni,3.945057691608997e-11,3.945057691608997e-11,1.0,9.066741688482605e-14,9.066741688482605e-14,Pentlandite(sulphides) / Garnierite(laterites),2.9342028985507245,1.157559971366895e-10,2.9342028985507245,2.660365974275635e-13,0.3393665158371041,0.33936651572134807
1185,Nickel,"('ecoinvent-3.4-biosphere', 'a5506f4b-113f-4713-95c3-c819dde6e48b')",Ni,3.945057691608997e-11,3.945057691608997e-11,1.0,9.066741688482605e-14,9.066741688482605e-14,Pentlandite(sulphides) / Garnierite(laterites),2.9342028985507245,1.157559971366895e-10,2.9342028985507245,2.660365974275635e-13,0.3393665158371041,0.33936651572134807
1186,Phosphorus,"('ecoinvent-3.4-biosphere', 'b1fca66f-8e83-469a-a7b5-018e14d5d545')",P,3.140635467009243e-11,3.140635467009243e-11,1.0,1.6973366253890836e-14,1.6973366253890836e-14,Apatite,0.3532544378698225,1.1094434164523776e-11,0.3532544378698225,5.995916954776823e-15,2.8308207705192627,2.8308207705081685
1187,Phosphorus,"('ecoinvent-3.4-biosphere', '76b09afe-52b9-4ecc-b97a-00b49ad8ed1a')",P,3.140635467009243e-11,3.140635467009243e-11,1.0,1.6973366253890836e-14,1.6973366253890836e-14,Apatite,0.3532544378698225,1.1094434164523776e-11,0.3532544378698225,5.995916954776823e-15,2.8308207705192627,2.8308207705081685
1188,Phosphorus,"('ecoinvent-3.4-biosphere', 'b2631209-8374-431e-b7d5-56c96c6b6d79')",P,3.140635467009243e-11,3.140635467009243e-11,1.0,1.6973366253890836e-14,1.6973366253890836e-14,Apatite,0.3532544378698225,1.1094434164523776e-11,0.3532544378698225,5.995916954776823e-15,2.8308207705192627,2.8308207705081685
1189,Phosphorus,"('ecoinvent-3.4-biosphere', '62f3d964-9b53-4d01-9ee0-04112dcfc6d2')",P,3.140635467009243e-11,3.140635467009243e-11,1.0,1.6973366253890836e-14,1.6973366253890836e-14,Apatite,0.3532544378698225,1.1094434164523776e-11,0.3532544378698225,5.995916954776823e-15,2.8308207705192627,2.8308207705081685
1190,Phosphorus,"('ecoinvent-3.4-biosphere', '2d4b8ec1-8d53-4e62-8a11-ebc45909b02e')",P,3.140635467009243e-11,3.140635467009243e-11,1.0,1.6973366253890836e-14,1.6973366253890836e-14,Apatite,0.3532544378698225,1.1094434164523776e-11,0.3532544378698225,5.995916954776823e-15,2.8308207705192627,2.8308207705081685
1191,Phosphorus,"('ecoinvent-3.4-biosphere', '8b0a4a41-c65c-4d94-b10c-94ddb98abdd2')",P,3.140635467009243e-11,3.140635467009243e-11,1.0,1.6973366253890836e-14,1.6973366253890836e-14,Apatite,0.3532544378698225,1.1094434164523776e-11,0.3532544378698225,5.995916954776823e-15,2.8308207705192627,2.8308207705081685
1192,Phosphorus,"('ecoinvent-3.4-biosphere', 'b6e2f7f4-6b2e-4b3e-be1f-67626cb8205d')",P,3.140635467009243e-11,3.140635467009243e-11,1.0,1.6973366253890836e-14,1.6973366253890836e-14,Apatite,0.3532544378698225,1.1094434164523776e-11,0.3532544378698225,5.995916954776823e-15,2.8308207705192627,2.8308207705081685
1193,Phosphorus,"('ecoinvent-3.4-biosphere', 'f5e7e615-4160-4df9-b39b-7463eaed77c7')",P,3.140635467009243e-11,3.140635467009243e-11,1.0,1.6973366253890836e-14,1.6973366253890836e-14,Apatite,0.3532544378698225,1.1094434164523776e-11,0.3532544378698225,5.995916954776823e-15,2.8308207705192627,2.8308207705081685
1194,Phosphorus,"('ecoinvent-3.4-biosphere', '2f8952b0-c90c-4e3d-b546-52b862fc8f11')",P,3.140635467009243e-11,3.140635467009243e-11,1.0,1.6973366253890836e-14,1.6973366253890836e-14,Apatite,0.3532544378698225,1.1094434164523776e-11,0.3532544378698225,5.995916954776823e-15,2.8308207705192627,2.8308207705081685
1195,Phosphorus,"('ecoinvent-3.4-biosphere', 'c89a0749-40a5-4c9c-8770-c4295ea34977')",P,3.140635467009243e-11,3.140635467009243e-11,1.0,1.6973366253890836e-14,1.6973366253890836e-14,Apatite,0.3532544378698225,1.1094434164523776e-11,0.3532544378698225,5.995916954776823e-15,2.8308207705192627,2.8308207705081685
1196,Phosphorus,"('ecoinvent-3.4-biosphere', 'd761f94e-517d-41cf-89fa-17dc72f7a69b')",P,3.140635467009243e-11,3.140635467009243e-11,1.0,1.6973366253890836e-14,1.6973366253890836e-14,Apatite,0.3532544378698225,1.1094434164523776e-11,0.3532544378698225,5.995916954776823e-15,2.8308207705192627,2.8308207705081685
1197,Phosphorus,"('ecoinvent-3.4-biosphere', '198ce8e3-f05a-4bec-9f7f-325347453326')",P,3.140635467009243e-11,3.140635467009243e-11,1.0,1.6973366253890836e-14,1.6973366253890836e-14,Apatite,0.3532544378698225,1.1094434164523776e-11,0.3532544378698225,5.995916954776823e-15,2.8308207705192627,2.8308207705081685
1198,Phosphorus,"('ecoinvent-3.4-biosphere', 'ea4e9316-5080-4b3b-bbf3-1949f6d7577a')",P,3.140635467009243e-11,3.140635467009243e-11,1.0,1.6973366253890836e-14,1.6973366253890836e-14,Apatite,0.3532544378698225,1.1094434164523776e-11,0.3532544378698225,5.995916954776823e-15,2.8308207705192627,2.8308207705081685
1199,Phosphorus,"('ecoinvent-3.4-biosphere', 'e2d35af7-9806-46ff-9b75-b124a48fa5a1')",P,3.140635467009243e-11,3.140635467009243e-11,1.0,1.6973366253890836e-14,1.6973366253890836e-14,Apatite,0.3532544378698225,1.1094434164523776e-11,0.3532544378698225,5.995916954776823e-15,2.8308207705192627,2.8308207705081685
1200,Molybdenum,"('ecoinvent-3.4-biosphere', 'c126f8a0-6bc4-42e6-9220-d6ccfef3f2ed')",Mo,3.092635049701398e-11,3.092635049701398e-11,1.0,1.6532043483883647e-13,1.6532043483883647e-13,Molybdenite,1.6700000000000004,5.164700533001336e-11,1.6700000000000004,2.7608512618085697e-13,0.5988023952095807,0.5988023951579337
1201,Molybdenum,"('ecoinvent-3.4-biosphere', '1f3c2297-d652-468d-82e8-4fd59bf5b5b8')",Mo,3.092635049701398e-11,3.092635049701398e-11,1.0,1.6532043483883647e-13,1.6532043483883647e-13,Molybdenite,1.6700000000000004,5.164700533001336e-11,1.6700000000000004,2.7608512618085697e-13,0.5988023952095807,0.5988023951579337
1202,Molybdenum,"('ecoinvent-3.4-biosphere', '35b4d818-1019-413b-b99d-d351d8a67ac4')",Mo,3.092635049701398e-11,3.092635049701398e-11,1.0,1.6532043483883647e-13,1.6532043483883647e-13,Molybdenite,1.6700000000000004,5.164700533001336e-11,1.6700000000000004,2.7608512618085697e-13,0.5988023952095807,0.5988023951579337
1203,Molybdenum,"('ecoinvent-3.4-biosphere', '163926e2-b4cc-42bb-ba7d-401028140985')",Mo,3.092635049701398e-11,3.092635049701398e-11,1.0,1.6532043483883647e-13,1.6532043483883647e-13,Molybdenite,1.6700000000000004,5.164700533001336e-11,1.6700000000000004,2.7608512618085697e-13,0.5988023952095807,0.5988023951579337
1204,Molybdenum,"('ecoinvent-3.4-biosphere', '697e8ecf-bdbe-4857-92c9-e01960c91db7')",Mo,3.092635049701398e-11,3.092635049701398e-11,1.0,1.6532043483883647e-13,1.6532043483883647e-13,Molybdenite,1.6700000000000004,5.164700533001336e-11,1.6700000000000004,2.7608512618085697e-13,0.5988023952095807,0.5988023951579337
1205,Molybdenum,"('ecoinvent-3.4-biosphere', '9cf3a683-ed3d-40e9-b039-7653e4fc9e20')",Mo,3.092635049701398e-11,3.092635049701398e-11,1.0,1.6532043483883647e-13,1.6532043483883647e-13,Molybdenite,1.6700000000000004,5.164700533001336e-11,1.6700000000000004,2.7608512618085697e-13,0.5988023952095807,0.5988023951579337
1206,Molybdenum,"('ecoinvent-3.4-biosphere', 'fdaaef05-0d10-4032-b2e7-85cae3c7bd5c')",Mo,3.092635049701398e-11,3.092635049701398e-11,1.0,1.6532043483883647e-13,1.6532043483883647e-13,Molybdenite,1.6700000000000004,5.164700533001336e-11,1.6700000000000004,2.7608512618085697e-13,0.5988023952095807,0.5988023951579337
1207,Molybdenum,"('ecoinvent-3.4-biosphere', '3822809c-cc03-469d-ac2a-9f85842f8440')",Mo,3.092635049701398e-11,3.092635049701398e-11,1.0,1.6532043483883647e-13,1.6532043483883647e-13,Molybdenite,1.6700000000000004,5.164700533001336e-11,1.6700000000000004,2.7608512618085697e-13,0.5988023952095807,0.5988023951579337
1208,Molybdenum,"('ecoinvent-3.4-biosphere', 'c26d4716-ce1e-43da-a662-cd9498b1e8bc')",Mo,3.092635049701398e-11,3.092635049701398e-11,1.0,1.6532043483883647e-13,1.6532043483883647e-13,Molybdenite,1.6700000000000004,5.164700533001336e-11,1.6700000000000004,2.7608512618085697e-13,0.5988023952095807,0.5988023951579337
1209,Molybdenum,"('ecoinvent-3.4-biosphere', '442511cc-a98b-4242-9229-5736cb9a9399')",Mo,3.092635049701398e-11,3.092635049701398e-11,1.0,1.6532043483883647e-13,1.6532043483883647e-13,Molybdenite,1.6700000000000004,5.164700533001336e-11,1.6700000000000004,2.7608512618085697e-13,0.5988023952095807,0.5988023951579337
1210,Molybdenum,"('ecoinvent-3.4-biosphere', '7d3f7498-3596-478a-9fa1-72201ef94082')",Mo,3.092635049701398e-11,3.092635049701398e-11,1.0,1.6532043483883647e-13,1.6532043483883647e-13,Molybdenite,1.6700000000000004,5.164700533001336e-11,1.6700000000000004,2.7608512618085697e-13,0.5988023952095807,0.5988023951579337
1211,Molybdenum,"('ecoinvent-3.4-biosphere', '5fa36ce3-aed0-443b-a09d-4cdf25b41995')",Mo,3.092635049701398e-11,3.092635049701398e-11,1.0,1.6532043483883647e-13,1.6532043483883647e-13,Molybdenite,1.6700000000000004,5.164700533001336e-11,1.6700000000000004,2.7608512618085697e-13,0.5988023952095807,0.5988023951579337
1212,Molybdenum,"('ecoinvent-3.4-biosphere', '8b531ec0-ca7a-49cd-bef0-56f110112f34')",Mo,3.092635049701398e-11,3.092635049701398e-11,1.0,1.6532043483883647e-13,1.6532043483883647e-13,Molybdenite,1.6700000000000004,5.164700533001336e-11,1.6700000000000004,2.7608512618085697e-13,0.5988023952095807,0.5988023951579337
1213,Molybdenum,"('ecoinvent-3.4-biosphere', '640e30d2-3158-4a1a-82ef-fd0c72922c9a')",Mo,3.092635049701398e-11,3.092635049701398e-11,1.0,1.6532043483883647e-13,1.6532043483883647e-13,Molybdenite,1.6700000000000004,5.164700533001336e-11,1.6700000000000004,2.7608512618085697e-13,0.5988023952095807,0.5988023951579337
1214,Lead,"('ecoinvent-3.4-biosphere', '2718482b-8399-442e-b89a-52fbcc22d2e6')",Pb,3.0282338561504356e-11,3.0282338561504356e-11,1.0,1.1855254708054448e-13,1.1855254708054448e-13,Galena,1.1560975609756097,3.500933775159284e-11,1.1560975609756097,1.370583105272636e-13,0.8649789029535866,0.8649789029185773
1215,Lead,"('ecoinvent-3.4-biosphere', '4010918f-7fd0-4925-8fbb-8fd7a44a806c')",Pb,3.0282338561504356e-11,3.0282338561504356e-11,1.0,1.1855254708054448e-13,1.1855254708054448e-13,Galena,1.1560975609756097,3.500933775159284e-11,1.1560975609756097,1.370583105272636e-13,0.8649789029535866,0.8649789029185773
1216,Lead,"('ecoinvent-3.4-biosphere', '31c4d160-b21e-41b3-b9c1-3d7a72377653')",Pb,3.0282338561504356e-11,3.0282338561504356e-11,1.0,1.1855254708054448e-13,1.1855254708054448e-13,Galena,1.1560975609756097,3.500933775159284e-11,1.1560975609756097,1.370583105272636e-13,0.8649789029535866,0.8649789029185773
1217,Lead,"('ecoinvent-3.4-biosphere', '0ff15165-d761-48c9-9814-2d1dcdd56857')",Pb,3.0282338561504356e-11,3.0282338561504356e-11,1.0,1.1855254708054448e-13,1.1855254708054448e-13,Galena,1.1560975609756097,3.500933775159284e-11,1.1560975609756097,1.370583105272636e-13,0.8649789029535866,0.8649789029185773
1218,Lead,"('ecoinvent-3.4-biosphere', 'c864aa15-0abc-41ad-9889-348106e485d8')",Pb,3.0282338561504356e-11,3.0282338561504356e-11,1.0,1.1855254708054448e-13,1.1855254708054448e-13,Galena,1.1560975609756097,3.500933775159284e-11,1.1560975609756097,1.370583105272636e-13,0.8649789029535866,0.8649789029185773
1219,Lead,"('ecoinvent-3.4-biosphere', '9ee7f4ab-b826-47ae-8623-e138f944b42e')",Pb,3.0282338561504356e-11,3.0282338561504356e-11,1.0,1.1855254708054448e-13,1.1855254708054448e-13,Galena,1.1560975609756097,3.500933775159284e-11,1.1560975609756097,1.370583105272636e-13,0.8649789029535866,0.8649789029185773
1220,Lead,"('ecoinvent-3.4-biosphere', 'b3ebdcc3-c588-4997-95d2-9785b26b34e1')",Pb,3.0282338561504356e-11,3.0282338561504356e-11,1.0,1.1855254708054448e-13,1.1855254708054448e-13,Galena,1.1560975609756097,3.500933775159284e-11,1.1560975609756097,1.370583105272636e-13,0.8649789029535866,0.8649789029185773
1221,Lead,"('ecoinvent-3.4-biosphere', 'e9e856c2-868e-435e-8425-8df1c9297cfc')",Pb,3.0282338561504356e-11,3.0282338561504356e-11,1.0,1.1855254708054448e-13,1.1855254708054448e-13,Galena,1.1560975609756097,3.500933775159284e-11,1.1560975609756097,1.370583105272636e-13,0.8649789029535866,0.8649789029185773
1222,Lead,"('ecoinvent-3.4-biosphere', '739234c8-5359-48b4-983f-9cb170d68c8d')",Pb,3.0282338561504356e-11,3.0282338561504356e-11,1.0,1.1855254708054448e-13,1.1855254708054448e-13,Galena,1.1560975609756097,3.500933775159284e-11,1.1560975609756097,1.370583105272636e-13,0.8649789029535866,0.8649789029185773
1223,Lead,"('ecoinvent-3.4-biosphere', '8e123669-94d3-41d8-9480-a79211fe7c43')",Pb,3.0282338561504356e-11,3.0282338561504356e-11,1.0,1.1855254708054448e-13,1.1855254708054448e-13,Galena,1.1560975609756097,3.500933775159284e-11,1.1560975609756097,1.370583105272636e-13,0.8649789029535866,0.8649789029185773
1224,Lead,"('ecoinvent-3.4-biosphere', '6a903634-c97f-4c49-a7c0-88f0e6ac7a23')",Pb,3.0282338561504356e-11,3.0282338561504356e-11,1.0,1.1855254708054448e-13,1.1855254708054448e-13,Galena,1.1560975609756097,3.500933775159284e-11,1.1560975609756097,1.370583105272636e-13,0.8649789029535866,0.8649789029185773
1225,Lead,"('ecoinvent-3.4-biosphere', 'fe4613d7-1ed8-427d-9b06-c8e8f4f5e1b1')",Pb,3.0282338561504356e-11,3.0282338561504356e-11,1.0,1.1855254708054448e-13,1.1855254708054448e-13,Galena,1.1560975609756097,3.500933775159284e-11,1.1560975609756097,1.370583105272636e-13,0.8649789029535866,0.8649789029185773
1226,Lead,"('ecoinvent-3.4-biosphere', '837083ce-41cd-49f3-a849-d79564dac238')",Pb,3.0282338561504356e-11,3.0282338561504356e-11,1.0,1.1855254708054448e-13,1.1855254708054448e-13,Galena,1.1560975609756097,3.500933775159284e-11,1.1560975609756097,1.370583105272636e-13,0.8649789029535866,0.8649789029185773
1227,Lead,"('ecoinvent-3.4-biosphere', '67652827-017f-4856-8d0a-c97bac4c6562')",Pb,3.0282338561504356e-11,3.0282338561504356e-11,1.0,1.1855254708054448e-13,1.1855254708054448e-13,Galena,1.1560975609756097,3.500933775159284e-11,1.1560975609756097,1.370583105272636e-13,0.8649789029535866,0.8649789029185773
1228,Cobalt,"('ecoinvent-3.4-biosphere', '74eb3f02-09ec-46ce-8ee8-d67d0900136b')",Co,2.8477181510929282e-11,2.8477181510929282e-11,1.0,1.9447495148453946e-12,1.9447495148453946e-12,Linnaeite,1.727272727272727,4.91878589734233e-11,1.727272727272727,3.3591127983693174e-12,0.5789473684210527,0.5789473683718648
1229,Cobalt,"('ecoinvent-3.4-biosphere', '12051b95-831a-49c0-9a70-fbc0e8fb9af9')",Co,2.8477181510929282e-11,2.8477181510929282e-11,1.0,1.9447495148453946e-12,1.9447495148453946e-12,Linnaeite,1.727272727272727,4.91878589734233e-11,1.727272727272727,3.3591127983693174e-12,0.5789473684210527,0.5789473683718648
1230,Cobalt,"('ecoinvent-3.4-biosphere', 'd4291dd5-dae8-47fa-bf06-466fcecbc210')",Co,2.8477181510929282e-11,2.8477181510929282e-11,1.0,1.9447495148453946e-12,1.9447495148453946e-12,Linnaeite,1.727272727272727,4.91878589734233e-11,1.727272727272727,3.3591127983693174e-12,0.5789473684210527,0.5789473683718648
1231,Cobalt,"('ecoinvent-3.4-biosphere', '9542444c-7c7a-48e2-bc9c-9c7c34fb7b3e')",Co,2.8477181510929282e-11,2.8477181510929282e-11,1.0,1.9447495148453946e-12,1.9447495148453946e-12,Linnaeite,1.727272727272727,4.91878589734233e-11,1.727272727272727,3.3591127983693174e-12,0.5789473684210527,0.5789473683718648
1232,Cobalt,"('ecoinvent-3.4-biosphere', 'c58d25ad-30d2-4fac-a857-1fa6f67afe8a')",Co,2.8477181510929282e-11,2.8477181510929282e-11,1.0,1.9447495148453946e-12,1.9447495148453946e-12,Linnaeite,1.727272727272727,4.91878589734233e-11,1.727272727272727,3.3591127983693174e-12,0.5789473684210527,0.5789473683718648
1233,Cobalt,"('ecoinvent-3.4-biosphere', 'caf066cf-40ce-47a8-ba4c-969fcd6019c7')",Co,2.8477181510929282e-11,2.8477181510929282e-11,1.0,1.9447495148453946e-12,1.9447495148453946e-12,Linnaeite,1.727272727272727,4.91878589734233e-11,1.727272727272727,3.3591127983693174e-12,0.5789473684210527,0.5789473683718648
1234,Cobalt,"('ecoinvent-3.4-biosphere', 'f0d1c319-249f-4a89-b0e7-3a5a90a54036')",Co,2.8477181510929282e-11,2.8477181510929282e-11,1.0,1.9447495148453946e-12,1.9447495148453946e-12,Linnaeite,1.727272727272727,4.91878589734233e-11,1.727272727272727,3.3591127983693174e-12,0.5789473684210527,0.5789473683718648
1235,Cobalt,"('ecoinvent-3.4-biosphere', 'f0e28a62-ddf9-4c93-af81-676a58c3f2d4')",Co,2.8477181510929282e-11,2.8477181510929282e-11,1.0,1.9447495148453946e-12,1.9447495148453946e-12,Linnaeite,1.727272727272727,4.91878589734233e-11,1.727272727272727,3.3591127983693174e-12,0.5789473684210527,0.5789473683718648
1236,Cobalt,"('ecoinvent-3.4-biosphere', 'ca04300a-8338-4601-ba7c-66c10a4f6322')",Co,2.8477181510929282e-11,2.8477181510929282e-11,1.0,1.9447495148453946e-12,1.9447495148453946e-12,Linnaeite,1.727272727272727,4.91878589734233e-11,1.727272727272727,3.3591127983693174e-12,0.5789473684210527,0.5789473683718648
1237,Cobalt,"('ecoinvent-3.4-biosphere', '1e904267-caa3-40e6-a3a0-fc104489770b')",Co,2.8477181510929282e-11,2.8477181510929282e-11,1.0,1.9447495148453946e-12,1.9447495148453946e-12,Linnaeite,1.727272727272727,4.91878589734233e-11,1.727272727272727,3.3591127983693174e-12,0.5789473684210527,0.5789473683718648
1238,Cobalt,"('ecoinvent-3.4-biosphere', '33627701-feca-434d-a192-674a450eaaf7')",Co,2.8477181510929282e-11,2.8477181510929282e-11,1.0,1.9447495148453946e-12,1.9447495148453946e-12,Linnaeite,1.727272727272727,4.91878589734233e-11,1.727272727272727,3.3591127983693174e-12,0.5789473684210527,0.5789473683718648
1239,Cobalt,"('ecoinvent-3.4-biosphere', '381a22c9-3722-4378-810d-86958f7b6d32')",Co,2.8477181510929282e-11,2.8477181510929282e-11,1.0,1.9447495148453946e-12,1.9447495148453946e-12,Linnaeite,1.727272727272727,4.91878589734233e-11,1.727272727272727,3.3591127983693174e-12,0.5789473684210527,0.5789473683718648
1240,Cobalt,"('ecoinvent-3.4-biosphere', '9ce88274-57b6-42ed-a78b-4abef2301865')",Co,2.8477181510929282e-11,2.8477181510929282e-11,1.0,1.9447495148453946e-12,1.9447495148453946e-12,Linnaeite,1.727272727272727,4.91878589734233e-11,1.727272727272727,3.3591127983693174e-12,0.5789473684210527,0.5789473683718648
1241,Cobalt,"('ecoinvent-3.4-biosphere', 'b10faa87-2c1d-4f6e-aa65-9f80b376939a')",Co,2.8477181510929282e-11,2.8477181510929282e-11,1.0,1.9447495148453946e-12,1.9447495148453946e-12,Linnaeite,1.727272727272727,4.91878589734233e-11,1.727272727272727,3.3591127983693174e-12,0.5789473684210527,0.5789473683718648
1242,Cobalt,"('ecoinvent-3.4-biosphere', '74eb3f02-09ec-46ce-8ee8-d67d0900136b')",Co,2.8111078769274004e-11,2.8111078769274004e-11,1.0,1.9447495148453946e-12,1.9447495148453946e-12,Linnaeite,1.727272727272727,4.8555499692382366e-11,1.727272727272727,3.3591127983693174e-12,0.5789473684210527,0.5789473683724972
1243,Cobalt,"('ecoinvent-3.4-biosphere', '12051b95-831a-49c0-9a70-fbc0e8fb9af9')",Co,2.8111078769274004e-11,2.8111078769274004e-11,1.0,1.9447495148453946e-12,1.9447495148453946e-12,Linnaeite,1.727272727272727,4.8555499692382366e-11,1.727272727272727,3.3591127983693174e-12,0.5789473684210527,0.5789473683724972
1244,Cobalt,"('ecoinvent-3.4-biosphere', 'd4291dd5-dae8-47fa-bf06-466fcecbc210')",Co,2.8111078769274004e-11,2.8111078769274004e-11,1.0,1.9447495148453946e-12,1.9447495148453946e-12,Linnaeite,1.727272727272727,4.8555499692382366e-11,1.727272727272727,3.3591127983693174e-12,0.5789473684210527,0.5789473683724972
1245,Cobalt,"('ecoinvent-3.4-biosphere', '9542444c-7c7a-48e2-bc9c-9c7c34fb7b3e')",Co,2.8111078769274004e-11,2.8111078769274004e-11,1.0,1.9447495148453946e-12,1.9447495148453946e-12,Linnaeite,1.727272727272727,4.8555499692382366e-11,1.727272727272727,3.3591127983693174e-12,0.5789473684210527,0.5789473683724972
1246,Cobalt,"('ecoinvent-3.4-biosphere', 'c58d25ad-30d2-4fac-a857-1fa6f67afe8a')",Co,2.8111078769274004e-11,2.8111078769274004e-11,1.0,1.9447495148453946e-12,1.9447495148453946e-12,Linnaeite,1.727272727272727,4.8555499692382366e-11,1.727272727272727,3.3591127983693174e-12,0.5789473684210527,0.5789473683724972
1247,Cobalt,"('ecoinvent-3.4-biosphere', 'caf066cf-40ce-47a8-ba4c-969fcd6019c7')",Co,2.8111078769274004e-11,2.8111078769274004e-11,1.0,1.9447495148453946e-12,1.9447495148453946e-12,Linnaeite,1.727272727272727,4.8555499692382366e-11,1.727272727272727,3.3591127983693174e-12,0.5789473684210527,0.5789473683724972
1248,Cobalt,"('ecoinvent-3.4-biosphere', 'f0d1c319-249f-4a89-b0e7-3a5a90a54036')",Co,2.8111078769274004e-11,2.8111078769274004e-11,1.0,1.9447495148453946e-12,1.9447495148453946e-12,Linnaeite,1.727272727272727,4.8555499692382366e-11,1.727272727272727,3.3591127983693174e-12,0.5789473684210527,0.5789473683724972
1249,Cobalt,"('ecoinvent-3.4-biosphere', 'f0e28a62-ddf9-4c93-af81-676a58c3f2d4')",Co,2.8111078769274004e-11,2.8111078769274004e-11,1.0,1.9447495148453946e-12,1.9447495148453946e-12,Linnaeite,1.727272727272727,4.8555499692382366e-11,1.727272727272727,3.3591127983693174e-12,0.5789473684210527,0.5789473683724972
1250,Cobalt,"('ecoinvent-3.4-biosphere', 'ca04300a-8338-4601-ba7c-66c10a4f6322')",Co,2.8111078769274004e-11,2.8111078769274004e-11,1.0,1.9447495148453946e-12,1.9447495148453946e-12,Linnaeite,1.727272727272727,4.8555499692382366e-11,1.727272727272727,3.3591127983693174e-12,0.5789473684210527,0.5789473683724972
1251,Cobalt,"('ecoinvent-3.4-biosphere', '1e904267-caa3-40e6-a3a0-fc104489770b')",Co,2.8111078769274004e-11,2.8111078769274004e-11,1.0,1.9447495148453946e-12,1.9447495148453946e-12,Linnaeite,1.727272727272727,4.8555499692382366e-11,1.727272727272727,3.3591127983693174e-12,0.5789473684210527,0.5789473683724972
1252,Cobalt,"('ecoinvent-3.4-biosphere', '33627701-feca-434d-a192-674a450eaaf7')",Co,2.8111078769274004e-11,2.8111078769274004e-11,1.0,1.9447495148453946e-12,1.9447495148453946e-12,Linnaeite,1.727272727272727,4.8555499692382366e-11,1.727272727272727,3.3591127983693174e-12,0.5789473684210527,0.5789473683724972
1253,Cobalt,"('ecoinvent-3.4-biosphere', '381a22c9-3722-4378-810d-86958f7b6d32')",Co,2.8111078769274004e-11,2.8111078769274004e-11,1.0,1.9447495148453946e-12,1.9447495148453946e-12,Linnaeite,1.727272727272727,4.8555499692382366e-11,1.727272727272727,3.3591127983693174e-12,0.5789473684210527,0.5789473683724972
1254,Cobalt,"('ecoinvent-3.4-biosphere', '9ce88274-57b6-42ed-a78b-4abef2301865')",Co,2.8111078769274004e-11,2.8111078769274004e-11,1.0,1.9447495148453946e-12,1.9447495148453946e-12,Linnaeite,1.727272727272727,4.8555499692382366e-11,1.727272727272727,3.3591127983693174e-12,0.5789473684210527,0.5789473683724972
1255,Cobalt,"('ecoinvent-3.4-biosphere', 'b10faa87-2c1d-4f6e-aa65-9f80b376939a')",Co,2.8111078769274004e-11,2.8111078769274004e-11,1.0,1.9447495148453946e-12,1.9447495148453946e-12,Linnaeite,1.727272727272727,4.8555499692382366e-11,1.727272727272727,3.3591127983693174e-12,0.5789473684210527,0.5789473683724972
1256,Lead,"('ecoinvent-3.4-biosphere', '2718482b-8399-442e-b89a-52fbcc22d2e6')",Pb,2.3684891276595036e-11,2.3684891276595036e-11,1.0,1.1855254708054448e-13,1.1855254708054448e-13,Galena,1.1560975609756097,2.7382045036844015e-11,1.1560975609756097,1.370583105272636e-13,0.8649789029535866,0.8649789029262045
1257,Lead,"('ecoinvent-3.4-biosphere', '4010918f-7fd0-4925-8fbb-8fd7a44a806c')",Pb,2.3684891276595036e-11,2.3684891276595036e-11,1.0,1.1855254708054448e-13,1.1855254708054448e-13,Galena,1.1560975609756097,2.7382045036844015e-11,1.1560975609756097,1.370583105272636e-13,0.8649789029535866,0.8649789029262045
1258,Lead,"('ecoinvent-3.4-biosphere', '31c4d160-b21e-41b3-b9c1-3d7a72377653')",Pb,2.3684891276595036e-11,2.3684891276595036e-11,1.0,1.1855254708054448e-13,1.1855254708054448e-13,Galena,1.1560975609756097,2.7382045036844015e-11,1.1560975609756097,1.370583105272636e-13,0.8649789029535866,0.8649789029262045
1259,Lead,"('ecoinvent-3.4-biosphere', '0ff15165-d761-48c9-9814-2d1dcdd56857')",Pb,2.3684891276595036e-11,2.3684891276595036e-11,1.0,1.1855254708054448e-13,1.1855254708054448e-13,Galena,1.1560975609756097,2.7382045036844015e-11,1.1560975609756097,1.370583105272636e-13,0.8649789029535866,0.8649789029262045
1260,Lead,"('ecoinvent-3.4-biosphere', 'c864aa15-0abc-41ad-9889-348106e485d8')",Pb,2.3684891276595036e-11,2.3684891276595036e-11,1.0,1.1855254708054448e-13,1.1855254708054448e-13,Galena,1.1560975609756097,2.7382045036844015e-11,1.1560975609756097,1.370583105272636e-13,0.8649789029535866,0.8649789029262045
1261,Lead,"('ecoinvent-3.4-biosphere', '9ee7f4ab-b826-47ae-8623-e138f944b42e')",Pb,2.3684891276595036e-11,2.3684891276595036e-11,1.0,1.1855254708054448e-13,1.1855254708054448e-13,Galena,1.1560975609756097,2.7382045036844015e-11,1.1560975609756097,1.370583105272636e-13,0.8649789029535866,0.8649789029262045
1262,Lead,"('ecoinvent-3.4-biosphere', 'b3ebdcc3-c588-4997-95d2-9785b26b34e1')",Pb,2.3684891276595036e-11,2.3684891276595036e-11,1.0,1.1855254708054448e-13,1.1855254708054448e-13,Galena,1.1560975609756097,2.7382045036844015e-11,1.1560975609756097,1.370583105272636e-13,0.8649789029535866,0.8649789029262045
1263,Lead,"('ecoinvent-3.4-biosphere', 'e9e856c2-868e-435e-8425-8df1c9297cfc')",Pb,2.3684891276595036e-11,2.3684891276595036e-11,1.0,1.1855254708054448e-13,1.1855254708054448e-13,Galena,1.1560975609756097,2.7382045036844015e-11,1.1560975609756097,1.370583105272636e-13,0.8649789029535866,0.8649789029262045
1264,Lead,"('ecoinvent-3.4-biosphere', '739234c8-5359-48b4-983f-9cb170d68c8d')",Pb,2.3684891276595036e-11,2.3684891276595036e-11,1.0,1.1855254708054448e-13,1.1855254708054448e-13,Galena,1.1560975609756097,2.7382045036844015e-11,1.1560975609756097,1.370583105272636e-13,0.8649789029535866,0.8649789029262045
1265,Lead,"('ecoinvent-3.4-biosphere', '8e123669-94d3-41d8-9480-a79211fe7c43')",Pb,2.3684891276595036e-11,2.3684891276595036e-11,1.0,1.1855254708054448e-13,1.1855254708054448e-13,Galena,1.1560975609756097,2.7382045036844015e-11,1.1560975609756097,1.370583105272636e-13,0.8649789029535866,0.8649789029262045
1266,Lead,"('ecoinvent-3.4-biosphere', '6a903634-c97f-4c49-a7c0-88f0e6ac7a23')",Pb,2.3684891276595036e-11,2.3684891276595036e-11,1.0,1.1855254708054448e-13,1.1855254708054448e-13,Galena,1.1560975609756097,2.7382045036844015e-11,1.1560975609756097,1.370583105272636e-13,0.8649789029535866,0.8649789029262045
1267,Lead,"('ecoinvent-3.4-biosphere', 'fe4613d7-1ed8-427d-9b06-c8e8f4f5e1b1')",Pb,2.3684891276595036e-11,2.3684891276595036e-11,1.0,1.1855254708054448e-13,1.1855254708054448e-13,Galena,1.1560975609756097,2.7382045036844015e-11,1.1560975609756097,1.370583105272636e-13,0.8649789029535866,0.8649789029262045
1268,Lead,"('ecoinvent-3.4-biosphere', '837083ce-41cd-49f3-a849-d79564dac238')",Pb,2.3684891276595036e-11,2.3684891276595036e-11,1.0,1.1855254708054448e-13,1.1855254708054448e-13,Galena,1.1560975609756097,2.7382045036844015e-11,1.1560975609756097,1.370583105272636e-13,0.8649789029535866,0.8649789029262045
1269,Lead,"('ecoinvent-3.4-biosphere', '67652827-017f-4856-8d0a-c97bac4c6562')",Pb,2.3684891276595036e-11,2.3684891276595036e-11,1.0,1.1855254708054448e-13,1.1855254708054448e-13,Galena,1.1560975609756097,2.7382045036844015e-11,1.1560975609756097,1.370583105272636e-13,0.8649789029535866,0.8649789029262045
1270,Aluminium,"('ecoinvent-3.4-biosphere', '7880e65c-0321-4295-ba55-3186ad36e489')",Al,2.352467611612602e-11,2.352467611612602e-11,1.0,6.422536676269254e-14,6.422536676269254e-14,Bauxite (Gibbsite),2.8930041152263373,6.80569848133193e-11,2.8930041152263373,1.8580425034639034e-13,0.3456614509246088,0.3456614508565518
1271,Aluminium,"('ecoinvent-3.4-biosphere', '2e0c9efa-d55c-49db-8be3-0376d5921ff4')",Al,2.352467611612602e-11,2.352467611612602e-11,1.0,6.422536676269254e-14,6.422536676269254e-14,Bauxite (Gibbsite),2.8930041152263373,6.80569848133193e-11,2.8930041152263373,1.8580425034639034e-13,0.3456614509246088,0.3456614508565518
1272,Aluminium,"('ecoinvent-3.4-biosphere', '0ace7678-a181-48e8-8728-d912a8b56c57')",Al,2.352467611612602e-11,2.352467611612602e-11,1.0,6.422536676269254e-14,6.422536676269254e-14,Bauxite (Gibbsite),2.8930041152263373,6.80569848133193e-11,2.8930041152263373,1.8580425034639034e-13,0.3456614509246088,0.3456614508565518
1273,Aluminium,"('ecoinvent-3.4-biosphere', 'd96403bf-902e-4b7a-8ffd-32fe09e4017f')",Al,2.352467611612602e-11,2.352467611612602e-11,1.0,6.422536676269254e-14,6.422536676269254e-14,Bauxite (Gibbsite),2.8930041152263373,6.80569848133193e-11,2.8930041152263373,1.8580425034639034e-13,0.3456614509246088,0.3456614508565518
1274,Aluminium,"('ecoinvent-3.4-biosphere', '2baa4381-b781-4f5e-90de-508b0fa3fd1f')",Al,2.352467611612602e-11,2.352467611612602e-11,1.0,6.422536676269254e-14,6.422536676269254e-14,Bauxite (Gibbsite),2.8930041152263373,6.80569848133193e-11,2.8930041152263373,1.8580425034639034e-13,0.3456614509246088,0.3456614508565518
1275,Aluminium,"('ecoinvent-3.4-biosphere', '6f0b8b7c-3888-4174-b7e3-916d42d678ee')",Al,2.352467611612602e-11,2.352467611612602e-11,1.0,6.422536676269254e-14,6.422536676269254e-14,Bauxite (Gibbsite),2.8930041152263373,6.80569848133193e-11,2.8930041152263373,1.8580425034639034e-13,0.3456614509246088,0.3456614508565518
1276,Aluminium,"('ecoinvent-3.4-biosphere', 'e0401210-0377-4670-84af-12247ca20bed')",Al,2.352467611612602e-11,2.352467611612602e-11,1.0,6.422536676269254e-14,6.422536676269254e-14,Bauxite (Gibbsite),2.8930041152263373,6.80569848133193e-11,2.8930041152263373,1.8580425034639034e-13,0.3456614509246088,0.3456614508565518
1277,Aluminium,"('ecoinvent-3.4-biosphere', '39555a26-d28b-425f-993f-e8770ab7d9cf')",Al,2.352467611612602e-11,2.352467611612602e-11,1.0,6.422536676269254e-14,6.422536676269254e-14,Bauxite (Gibbsite),2.8930041152263373,6.80569848133193e-11,2.8930041152263373,1.8580425034639034e-13,0.3456614509246088,0.3456614508565518
1278,Aluminium,"('ecoinvent-3.4-biosphere', '46e63323-cffd-4c46-829b-5f006b50fa9b')",Al,2.352467611612602e-11,2.352467611612602e-11,1.0,6.422536676269254e-14,6.422536676269254e-14,Bauxite (Gibbsite),2.8930041152263373,6.80569848133193e-11,2.8930041152263373,1.8580425034639034e-13,0.3456614509246088,0.3456614508565518
1279,Aluminium,"('ecoinvent-3.4-biosphere', '01056d4b-f9b0-4dfc-b8d9-8407c8376efb')",Al,2.352467611612602e-11,2.352467611612602e-11,1.0,6.422536676269254e-14,6.422536676269254e-14,Bauxite (Gibbsite),2.8930041152263373,6.80569848133193e-11,2.8930041152263373,1.8580425034639034e-13,0.3456614509246088,0.3456614508565518
1280,Aluminium,"('ecoinvent-3.4-biosphere', '9c3bd678-1b2f-4b95-a245-d5c8a3fe326b')",Al,2.352467611612602e-11,2.352467611612602e-11,1.0,6.422536676269254e-14,6.422536676269254e-14,Bauxite (Gibbsite),2.8930041152263373,6.80569848133193e-11,2.8930041152263373,1.8580425034639034e-13,0.3456614509246088,0.3456614508565518
1281,Aluminium,"('ecoinvent-3.4-biosphere', '765546a9-b056-4d27-ad14-2f016511bdcb')",Al,2.352467611612602e-11,2.352467611612602e-11,1.0,6.422536676269254e-14,6.422536676269254e-14,Bauxite (Gibbsite),2.8930041152263373,6.80569848133193e-11,2.8930041152263373,1.8580425034639034e-13,0.3456614509246088,0.3456614508565518
1282,Aluminium,"('ecoinvent-3.4-biosphere', 'ff65658c-2d39-44a2-b23e-7ec3c644f064')",Al,2.352467611612602e-11,2.352467611612602e-11,1.0,6.422536676269254e-14,6.422536676269254e-14,Bauxite (Gibbsite),2.8930041152263373,6.80569848133193e-11,2.8930041152263373,1.8580425034639034e-13,0.3456614509246088,0.3456614508565518
1283,Aluminium,"('ecoinvent-3.4-biosphere', '97e498ec-f323-4ec6-bcc0-d8a4c853bae3')",Al,2.352467611612602e-11,2.352467611612602e-11,1.0,6.422536676269254e-14,6.422536676269254e-14,Bauxite (Gibbsite),2.8930041152263373,6.80569848133193e-11,2.8930041152263373,1.8580425034639034e-13,0.3456614509246088,0.3456614508565518
1284,Chromium VI,"('ecoinvent-3.4-biosphere', 'abbd3b09-a7ec-435a-9d01-34cf8581739e')",Cr,2.3393552049325948e-11,2.3393552049325948e-11,1.0,3.1278613038877847e-13,3.1278613038877847e-13,Chromite,2.152027027027027,5.034355626831294e-11,2.152027027027027,6.73124206275851e-13,0.46467817896389324,0.4646781789135497
1285,Chromium VI,"('ecoinvent-3.4-biosphere', '58060894-19d9-4855-84d8-58935a5325f8')",Cr,2.3393552049325948e-11,2.3393552049325948e-11,1.0,3.1278613038877847e-13,3.1278613038877847e-13,Chromite,2.152027027027027,5.034355626831294e-11,2.152027027027027,6.73124206275851e-13,0.46467817896389324,0.4646781789135497
1286,Chromium VI,"('ecoinvent-3.4-biosphere', '8216fc31-15a1-4d33-858f-e09650b14c63')",Cr,2.3393552049325948e-11,2.3393552049325948e-11,1.0,3.1278613038877847e-13,3.1278613038877847e-13,Chromite,2.152027027027027,5.034355626831294e-11,2.152027027027027,6.73124206275851e-13,0.46467817896389324,0.4646781789135497
1287,Chromium VI,"('ecoinvent-3.4-biosphere', '8ec83662-7c2b-4452-8acf-95a0bb94233c')",Cr,2.3393552049325948e-11,2.3393552049325948e-11,1.0,3.1278613038877847e-13,3.1278613038877847e-13,Chromite,2.152027027027027,5.034355626831294e-11,2.152027027027027,6.73124206275851e-13,0.46467817896389324,0.4646781789135497
1288,Chromium VI,"('ecoinvent-3.4-biosphere', 'ef475b50-9cd0-4e7c-9c59-07868fe16e91')",Cr,2.3393552049325948e-11,2.3393552049325948e-11,1.0,3.1278613038877847e-13,3.1278613038877847e-13,Chromite,2.152027027027027,5.034355626831294e-11,2.152027027027027,6.73124206275851e-13,0.46467817896389324,0.4646781789135497
1289,Chromium VI,"('ecoinvent-3.4-biosphere', '03b279a7-4626-4703-a451-d0650599dbd9')",Cr,2.3393552049325948e-11,2.3393552049325948e-11,1.0,3.1278613038877847e-13,3.1278613038877847e-13,Chromite,2.152027027027027,5.034355626831294e-11,2.152027027027027,6.73124206275851e-13,0.46467817896389324,0.4646781789135497
1290,Chromium VI,"('ecoinvent-3.4-biosphere', '81b3321a-c9d8-4104-a974-5460f1bc5029')",Cr,2.3393552049325948e-11,2.3393552049325948e-11,1.0,3.1278613038877847e-13,3.1278613038877847e-13,Chromite,2.152027027027027,5.034355626831294e-11,2.152027027027027,6.73124206275851e-13,0.46467817896389324,0.4646781789135497
1291,Chromium VI,"('ecoinvent-3.4-biosphere', '01285299-c683-4e15-b654-201987a7a738')",Cr,2.3393552049325948e-11,2.3393552049325948e-11,1.0,3.1278613038877847e-13,3.1278613038877847e-13,Chromite,2.152027027027027,5.034355626831294e-11,2.152027027027027,6.73124206275851e-13,0.46467817896389324,0.4646781789135497
1292,Chromium VI,"('ecoinvent-3.4-biosphere', '9bbae55a-35de-4eff-a219-814a9fec5ac2')",Cr,2.3393552049325948e-11,2.3393552049325948e-11,1.0,3.1278613038877847e-13,3.1278613038877847e-13,Chromite,2.152027027027027,5.034355626831294e-11,2.152027027027027,6.73124206275851e-13,0.46467817896389324,0.4646781789135497
1293,Chromium VI,"('ecoinvent-3.4-biosphere', 'a9ec0c9b-982a-4329-99ae-dab1f9fb62d3')",Cr,2.3393552049325948e-11,2.3393552049325948e-11,1.0,3.1278613038877847e-13,3.1278613038877847e-13,Chromite,2.152027027027027,5.034355626831294e-11,2.152027027027027,6.73124206275851e-13,0.46467817896389324,0.4646781789135497
1294,Chromium VI,"('ecoinvent-3.4-biosphere', 'c2e854f9-fe22-4fe7-9083-cf6d0a8c7254')",Cr,2.3393552049325948e-11,2.3393552049325948e-11,1.0,3.1278613038877847e-13,3.1278613038877847e-13,Chromite,2.152027027027027,5.034355626831294e-11,2.152027027027027,6.73124206275851e-13,0.46467817896389324,0.4646781789135497
1295,Chromium VI,"('ecoinvent-3.4-biosphere', '68ba2022-830e-45fb-8c85-b35e94754ae9')",Cr,2.3393552049325948e-11,2.3393552049325948e-11,1.0,3.1278613038877847e-13,3.1278613038877847e-13,Chromite,2.152027027027027,5.034355626831294e-11,2.152027027027027,6.73124206275851e-13,0.46467817896389324,0.4646781789135497
1296,Chromium VI,"('ecoinvent-3.4-biosphere', '7a59e8d5-cd11-4ee7-b1ca-30979d2b0b3a')",Cr,2.3393552049325948e-11,2.3393552049325948e-11,1.0,3.1278613038877847e-13,3.1278613038877847e-13,Chromite,2.152027027027027,5.034355626831294e-11,2.152027027027027,6.73124206275851e-13,0.46467817896389324,0.4646781789135497
1297,Chromium VI,"('ecoinvent-3.4-biosphere', '81e17d9a-3e0b-414e-9b2e-eca7e5b3bd4a')",Cr,2.3393552049325948e-11,2.3393552049325948e-11,1.0,3.1278613038877847e-13,3.1278613038877847e-13,Chromite,2.152027027027027,5.034355626831294e-11,2.152027027027027,6.73124206275851e-13,0.46467817896389324,0.4646781789135497
1298,Glyphosate,"('ecoinvent-3.4-biosphere', 'bd02a7ec-dcb5-4609-bc96-cc7a96601ce2')",P,2.2351744105861648e-11,2.2351744105861648e-11,0.1832022239309162,3.1095584453067654e-15,3.1095584453067654e-15,Apatite,0.3532544378698225,7.895852799526276e-12,0.06471699863121715,1.0984653206202006e-15,0.5186126607089587,0.5186126607010628
1299,Glyphosate,"('ecoinvent-3.4-biosphere', 'b4f9a201-2a20-4f41-a572-eabc98c75e1b')",P,2.2351744105861648e-11,2.2351744105861648e-11,0.1832022239309162,3.1095584453067654e-15,3.1095584453067654e-15,Apatite,0.3532544378698225,7.895852799526276e-12,0.06471699863121715,1.0984653206202006e-15,0.5186126607089587,0.5186126607010628
1300,Glyphosate,"('ecoinvent-3.4-biosphere', '3850d44e-8919-47bc-9c0a-51ccc4ec9d9f')",P,2.2351744105861648e-11,2.2351744105861648e-11,0.1832022239309162,3.1095584453067654e-15,3.1095584453067654e-15,Apatite,0.3532544378698225,7.895852799526276e-12,0.06471699863121715,1.0984653206202006e-15,0.5186126607089587,0.5186126607010628
1301,Glyphosate,"('ecoinvent-3.4-biosphere', '17955b10-4c04-4fff-91e7-cf89ef1a7cca')",P,2.2351744105861648e-11,2.2351744105861648e-11,0.1832022239309162,3.1095584453067654e-15,3.1095584453067654e-15,Apatite,0.3532544378698225,7.895852799526276e-12,0.06471699863121715,1.0984653206202006e-15,0.5186126607089587,0.5186126607010628
1302,Glyphosate,"('ecoinvent-3.4-biosphere', 'e157e3dd-88b9-4256-ab2e-ff82e7b8d088')",P,2.2351744105861648e-11,2.2351744105861648e-11,0.1832022239309162,3.1095584453067654e-15,3.1095584453067654e-15,Apatite,0.3532544378698225,7.895852799526276e-12,0.06471699863121715,1.0984653206202006e-15,0.5186126607089587,0.5186126607010628
1303,Phosphate,"('ecoinvent-3.4-biosphere', '1727b41d-377e-43cd-bc01-9eaba946eccb')",P,2.195831701160321e-11,2.195831701160321e-11,0.3261416642975224,5.53572191877536e-15,5.53572191877536e-15,Apatite,0.3532544378698225,7.756872932501253e-12,0.11521099028734964,1.9555183346206452e-15,0.9232485974251471,0.9232485974173902
1304,Phosphate,"('ecoinvent-3.4-biosphere', '3aaf9017-0d8a-42aa-9a60-cbc39e994e73')",P,2.195831701160321e-11,2.195831701160321e-11,0.3261416642975224,5.53572191877536e-15,5.53572191877536e-15,Apatite,0.3532544378698225,7.756872932501253e-12,0.11521099028734964,1.9555183346206452e-15,0.9232485974251471,0.9232485974173902
1305,Phosphate,"('ecoinvent-3.4-biosphere', '329fc7d8-4011-4327-84e4-34ff76f0e42d')",P,2.195831701160321e-11,2.195831701160321e-11,0.3261416642975224,5.53572191877536e-15,5.53572191877536e-15,Apatite,0.3532544378698225,7.756872932501253e-12,0.11521099028734964,1.9555183346206452e-15,0.9232485974251471,0.9232485974173902
1306,Phosphate,"('ecoinvent-3.4-biosphere', '490b267b-f429-4d9a-ac79-224e37fb4d58')",P,2.195831701160321e-11,2.195831701160321e-11,0.3261416642975224,5.53572191877536e-15,5.53572191877536e-15,Apatite,0.3532544378698225,7.756872932501253e-12,0.11521099028734964,1.9555183346206452e-15,0.9232485974251471,0.9232485974173902
1307,Phosphate,"('ecoinvent-3.4-biosphere', 'c8791f3c-3c4a-4278-91c0-483797d14da2')",P,2.195831701160321e-11,2.195831701160321e-11,0.3261416642975224,5.53572191877536e-15,5.53572191877536e-15,Apatite,0.3532544378698225,7.756872932501253e-12,0.11521099028734964,1.9555183346206452e-15,0.9232485974251471,0.9232485974173902
1308,Chromium VI,"('ecoinvent-3.4-biosphere', 'abbd3b09-a7ec-435a-9d01-34cf8581739e')",Cr,2.167814817931873e-11,2.167814817931873e-11,1.0,3.1278613038877847e-13,3.1278613038877847e-13,Chromite,2.152027027027027,4.665196077779065e-11,2.152027027027027,6.73124206275851e-13,0.46467817896389324,0.4646781789172413
1309,Chromium VI,"('ecoinvent-3.4-biosphere', '58060894-19d9-4855-84d8-58935a5325f8')",Cr,2.167814817931873e-11,2.167814817931873e-11,1.0,3.1278613038877847e-13,3.1278613038877847e-13,Chromite,2.152027027027027,4.665196077779065e-11,2.152027027027027,6.73124206275851e-13,0.46467817896389324,0.4646781789172413
1310,Chromium VI,"('ecoinvent-3.4-biosphere', '8216fc31-15a1-4d33-858f-e09650b14c63')",Cr,2.167814817931873e-11,2.167814817931873e-11,1.0,3.1278613038877847e-13,3.1278613038877847e-13,Chromite,2.152027027027027,4.665196077779065e-11,2.152027027027027,6.73124206275851e-13,0.46467817896389324,0.4646781789172413
1311,Chromium VI,"('ecoinvent-3.4-biosphere', '8ec83662-7c2b-4452-8acf-95a0bb94233c')",Cr,2.167814817931873e-11,2.167814817931873e-11,1.0,3.1278613038877847e-13,3.1278613038877847e-13,Chromite,2.152027027027027,4.665196077779065e-11,2.152027027027027,6.73124206275851e-13,0.46467817896389324,0.4646781789172413
1312,Chromium VI,"('ecoinvent-3.4-biosphere', 'ef475b50-9cd0-4e7c-9c59-07868fe16e91')",Cr,2.167814817931873e-11,2.167814817931873e-11,1.0,3.1278613038877847e-13,3.1278613038877847e-13,Chromite,2.152027027027027,4.665196077779065e-11,2.152027027027027,6.73124206275851e-13,0.46467817896389324,0.4646781789172413
1313,Chromium VI,"('ecoinvent-3.4-biosphere', '03b279a7-4626-4703-a451-d0650599dbd9')",Cr,2.167814817931873e-11,2.167814817931873e-11,1.0,3.1278613038877847e-13,3.1278613038877847e-13,Chromite,2.152027027027027,4.665196077779065e-11,2.152027027027027,6.73124206275851e-13,0.46467817896389324,0.4646781789172413
1314,Chromium VI,"('ecoinvent-3.4-biosphere', '81b3321a-c9d8-4104-a974-5460f1bc5029')",Cr,2.167814817931873e-11,2.167814817931873e-11,1.0,3.1278613038877847e-13,3.1278613038877847e-13,Chromite,2.152027027027027,4.665196077779065e-11,2.152027027027027,6.73124206275851e-13,0.46467817896389324,0.4646781789172413
1315,Chromium VI,"('ecoinvent-3.4-biosphere', '01285299-c683-4e15-b654-201987a7a738')",Cr,2.167814817931873e-11,2.167814817931873e-11,1.0,3.1278613038877847e-13,3.1278613038877847e-13,Chromite,2.152027027027027,4.665196077779065e-11,2.152027027027027,6.73124206275851e-13,0.46467817896389324,0.4646781789172413
1316,Chromium VI,"('ecoinvent-3.4-biosphere', '9bbae55a-35de-4eff-a219-814a9fec5ac2')",Cr,2.167814817931873e-11,2.167814817931873e-11,1.0,3.1278613038877847e-13,3.1278613038877847e-13,Chromite,2.152027027027027,4.665196077779065e-11,2.152027027027027,6.73124206275851e-13,0.46467817896389324,0.4646781789172413
1317,Chromium VI,"('ecoinvent-3.4-biosphere', 'a9ec0c9b-982a-4329-99ae-dab1f9fb62d3')",Cr,2.167814817931873e-11,2.167814817931873e-11,1.0,3.1278613038877847e-13,3.1278613038877847e-13,Chromite,2.152027027027027,4.665196077779065e-11,2.152027027027027,6.73124206275851e-13,0.46467817896389324,0.4646781789172413
1318,Chromium VI,"('ecoinvent-3.4-biosphere', 'c2e854f9-fe22-4fe7-9083-cf6d0a8c7254')",Cr,2.167814817931873e-11,2.167814817931873e-11,1.0,3.1278613038877847e-13,3.1278613038877847e-13,Chromite,2.152027027027027,4.665196077779065e-11,2.152027027027027,6.73124206275851e-13,0.46467817896389324,0.4646781789172413
1319,Chromium VI,"('ecoinvent-3.4-biosphere', '68ba2022-830e-45fb-8c85-b35e94754ae9')",Cr,2.167814817931873e-11,2.167814817931873e-11,1.0,3.1278613038877847e-13,3.1278613038877847e-13,Chromite,2.152027027027027,4.665196077779065e-11,2.152027027027027,6.73124206275851e-13,0.46467817896389324,0.4646781789172413
1320,Chromium VI,"('ecoinvent-3.4-biosphere', '7a59e8d5-cd11-4ee7-b1ca-30979d2b0b3a')",Cr,2.167814817931873e-11,2.167814817931873e-11,1.0,3.1278613038877847e-13,3.1278613038877847e-13,Chromite,2.152027027027027,4.665196077779065e-11,2.152027027027027,6.73124206275851e-13,0.46467817896389324,0.4646781789172413
1321,Chromium VI,"('ecoinvent-3.4-biosphere', '81e17d9a-3e0b-414e-9b2e-eca7e5b3bd4a')",Cr,2.167814817931873e-11,2.167814817931873e-11,1.0,3.1278613038877847e-13,3.1278613038877847e-13,Chromite,2.152027027027027,4.665196077779065e-11,2.152027027027027,6.73124206275851e-13,0.46467817896389324,0.4646781789172413
1322,"Chromium, ion","('ecoinvent-3.4-biosphere', 'd98f0ec0-bf19-4c90-a457-a8593dec497f')",Cr,2.1011035761915933e-11,2.1011035761915933e-11,1.0,3.1278613038877847e-13,3.1278613038877847e-13,Chromite,2.152027027027027,4.5216316825474494e-11,2.152027027027027,6.73124206275851e-13,0.46467817896389324,0.4646781789186769
1323,"Chromium, ion","('ecoinvent-3.4-biosphere', 'd9c23a8d-e7bf-4f70-8d22-b9ad8a653204')",Cr,2.1011035761915933e-11,2.1011035761915933e-11,1.0,3.1278613038877847e-13,3.1278613038877847e-13,Chromite,2.152027027027027,4.5216316825474494e-11,2.152027027027027,6.73124206275851e-13,0.46467817896389324,0.4646781789186769
1324,"Chromium, ion","('ecoinvent-3.4-biosphere', '1c87de06-e58f-4684-a54c-d29f1a251a87')",Cr,2.1011035761915933e-11,2.1011035761915933e-11,1.0,3.1278613038877847e-13,3.1278613038877847e-13,Chromite,2.152027027027027,4.5216316825474494e-11,2.152027027027027,6.73124206275851e-13,0.46467817896389324,0.4646781789186769
1325,"Chromium, ion","('ecoinvent-3.4-biosphere', '30f484ee-dec4-47ae-8e92-d00d4b93fe05')",Cr,2.1011035761915933e-11,2.1011035761915933e-11,1.0,3.1278613038877847e-13,3.1278613038877847e-13,Chromite,2.152027027027027,4.5216316825474494e-11,2.152027027027027,6.73124206275851e-13,0.46467817896389324,0.4646781789186769
1326,"Chromium, ion","('ecoinvent-3.4-biosphere', 'e34d3da4-a3d5-41be-84b5-458afe32c990')",Cr,2.1011035761915933e-11,2.1011035761915933e-11,1.0,3.1278613038877847e-13,3.1278613038877847e-13,Chromite,2.152027027027027,4.5216316825474494e-11,2.152027027027027,6.73124206275851e-13,0.46467817896389324,0.4646781789186769
1327,Manganese,"('ecoinvent-3.4-biosphere', '295060ba-3c3d-45e4-99ca-e17b1204b553')",Mn,2.0784240427648767e-11,2.0784240427648767e-11,1.0,6.485008032108113e-14,6.485008032108113e-14,Pyrolusite,1.5822784810126582,3.2886456372861974e-11,1.5822784810126582,1.0261088658398912e-13,0.632,0.6319999999671135
1328,Manganese,"('ecoinvent-3.4-biosphere', '0af26a55-d357-469f-abad-8ced785cb4fb')",Mn,2.0784240427648767e-11,2.0784240427648767e-11,1.0,6.485008032108113e-14,6.485008032108113e-14,Pyrolusite,1.5822784810126582,3.2886456372861974e-11,1.5822784810126582,1.0261088658398912e-13,0.632,0.6319999999671135
1329,Manganese,"('ecoinvent-3.4-biosphere', 'b0546417-3064-4878-bd6f-2da75cefdf63')",Mn,2.0784240427648767e-11,2.0784240427648767e-11,1.0,6.485008032108113e-14,6.485008032108113e-14,Pyrolusite,1.5822784810126582,3.2886456372861974e-11,1.5822784810126582,1.0261088658398912e-13,0.632,0.6319999999671135
1330,Manganese,"('ecoinvent-3.4-biosphere', 'c91fd4bf-ed70-4e2f-a34f-159773f981b6')",Mn,2.0784240427648767e-11,2.0784240427648767e-11,1.0,6.485008032108113e-14,6.485008032108113e-14,Pyrolusite,1.5822784810126582,3.2886456372861974e-11,1.5822784810126582,1.0261088658398912e-13,0.632,0.6319999999671135
1331,Manganese,"('ecoinvent-3.4-biosphere', '10cbd2f7-c41b-4bb4-b636-d8fc15cf0282')",Mn,2.0784240427648767e-11,2.0784240427648767e-11,1.0,6.485008032108113e-14,6.485008032108113e-14,Pyrolusite,1.5822784810126582,3.2886456372861974e-11,1.5822784810126582,1.0261088658398912e-13,0.632,0.6319999999671135
1332,Manganese,"('ecoinvent-3.4-biosphere', '2460f868-54a9-404c-bec8-c809a44ae72c')",Mn,2.0784240427648767e-11,2.0784240427648767e-11,1.0,6.485008032108113e-14,6.485008032108113e-14,Pyrolusite,1.5822784810126582,3.2886456372861974e-11,1.5822784810126582,1.0261088658398912e-13,0.632,0.6319999999671135
1333,Manganese,"('ecoinvent-3.4-biosphere', '009a49e8-09a7-4432-9cb9-f2dd18e8f922')",Mn,2.0784240427648767e-11,2.0784240427648767e-11,1.0,6.485008032108113e-14,6.485008032108113e-14,Pyrolusite,1.5822784810126582,3.2886456372861974e-11,1.5822784810126582,1.0261088658398912e-13,0.632,0.6319999999671135
1334,Manganese,"('ecoinvent-3.4-biosphere', '9ba8c05d-1593-45a5-8d3b-5c4f3e9fef32')",Mn,2.0784240427648767e-11,2.0784240427648767e-11,1.0,6.485008032108113e-14,6.485008032108113e-14,Pyrolusite,1.5822784810126582,3.2886456372861974e-11,1.5822784810126582,1.0261088658398912e-13,0.632,0.6319999999671135
1335,Manganese,"('ecoinvent-3.4-biosphere', '835d0907-a668-4d92-b6b6-7b56fa343713')",Mn,2.0784240427648767e-11,2.0784240427648767e-11,1.0,6.485008032108113e-14,6.485008032108113e-14,Pyrolusite,1.5822784810126582,3.2886456372861974e-11,1.5822784810126582,1.0261088658398912e-13,0.632,0.6319999999671135
1336,Manganese,"('ecoinvent-3.4-biosphere', '9c706cff-cb82-4207-a589-95896e04dc08')",Mn,2.0784240427648767e-11,2.0784240427648767e-11,1.0,6.485008032108113e-14,6.485008032108113e-14,Pyrolusite,1.5822784810126582,3.2886456372861974e-11,1.5822784810126582,1.0261088658398912e-13,0.632,0.6319999999671135
1337,Manganese,"('ecoinvent-3.4-biosphere', '42053ffb-9284-49cb-88f9-33ac5c77be4a')",Mn,2.0784240427648767e-11,2.0784240427648767e-11,1.0,6.485008032108113e-14,6.485008032108113e-14,Pyrolusite,1.5822784810126582,3.2886456372861974e-11,1.5822784810126582,1.0261088658398912e-13,0.632,0.6319999999671135
1338,Manganese,"('ecoinvent-3.4-biosphere', '44f28e11-061d-44fd-8f25-dc62a9f1fa57')",Mn,2.0784240427648767e-11,2.0784240427648767e-11,1.0,6.485008032108113e-14,6.485008032108113e-14,Pyrolusite,1.5822784810126582,3.2886456372861974e-11,1.5822784810126582,1.0261088658398912e-13,0.632,0.6319999999671135
1339,Manganese,"('ecoinvent-3.4-biosphere', '6b7fbea6-4a86-40f9-954d-3c9b3611abfd')",Mn,2.0784240427648767e-11,2.0784240427648767e-11,1.0,6.485008032108113e-14,6.485008032108113e-14,Pyrolusite,1.5822784810126582,3.2886456372861974e-11,1.5822784810126582,1.0261088658398912e-13,0.632,0.6319999999671135
1340,Manganese,"('ecoinvent-3.4-biosphere', 'f532985c-90b7-46fc-aac9-b039b40e22f1')",Mn,2.0784240427648767e-11,2.0784240427648767e-11,1.0,6.485008032108113e-14,6.485008032108113e-14,Pyrolusite,1.5822784810126582,3.2886456372861974e-11,1.5822784810126582,1.0261088658398912e-13,0.632,0.6319999999671135
1341,Chromium VI,"('ecoinvent-3.4-biosphere', 'abbd3b09-a7ec-435a-9d01-34cf8581739e')",Cr,1.844658297187145e-11,1.844658297187145e-11,1.0,3.1278613038877847e-13,3.1278613038877847e-13,Chromite,2.152027027027027,3.9697545111763895e-11,2.152027027027027,6.73124206275851e-13,0.46467817896389324,0.4646781789241957
1342,Chromium VI,"('ecoinvent-3.4-biosphere', '58060894-19d9-4855-84d8-58935a5325f8')",Cr,1.844658297187145e-11,1.844658297187145e-11,1.0,3.1278613038877847e-13,3.1278613038877847e-13,Chromite,2.152027027027027,3.9697545111763895e-11,2.152027027027027,6.73124206275851e-13,0.46467817896389324,0.4646781789241957
1343,Chromium VI,"('ecoinvent-3.4-biosphere', '8216fc31-15a1-4d33-858f-e09650b14c63')",Cr,1.844658297187145e-11,1.844658297187145e-11,1.0,3.1278613038877847e-13,3.1278613038877847e-13,Chromite,2.152027027027027,3.9697545111763895e-11,2.152027027027027,6.73124206275851e-13,0.46467817896389324,0.4646781789241957
1344,Chromium VI,"('ecoinvent-3.4-biosphere', '8ec83662-7c2b-4452-8acf-95a0bb94233c')",Cr,1.844658297187145e-11,1.844658297187145e-11,1.0,3.1278613038877847e-13,3.1278613038877847e-13,Chromite,2.152027027027027,3.9697545111763895e-11,2.152027027027027,6.73124206275851e-13,0.46467817896389324,0.4646781789241957
1345,Chromium VI,"('ecoinvent-3.4-biosphere', 'ef475b50-9cd0-4e7c-9c59-07868fe16e91')",Cr,1.844658297187145e-11,1.844658297187145e-11,1.0,3.1278613038877847e-13,3.1278613038877847e-13,Chromite,2.152027027027027,3.9697545111763895e-11,2.152027027027027,6.73124206275851e-13,0.46467817896389324,0.4646781789241957
1346,Chromium VI,"('ecoinvent-3.4-biosphere', '03b279a7-4626-4703-a451-d0650599dbd9')",Cr,1.844658297187145e-11,1.844658297187145e-11,1.0,3.1278613038877847e-13,3.1278613038877847e-13,Chromite,2.152027027027027,3.9697545111763895e-11,2.152027027027027,6.73124206275851e-13,0.46467817896389324,0.4646781789241957
1347,Chromium VI,"('ecoinvent-3.4-biosphere', '81b3321a-c9d8-4104-a974-5460f1bc5029')",Cr,1.844658297187145e-11,1.844658297187145e-11,1.0,3.1278613038877847e-13,3.1278613038877847e-13,Chromite,2.152027027027027,3.9697545111763895e-11,2.152027027027027,6.73124206275851e-13,0.46467817896389324,0.4646781789241957
1348,Chromium VI,"('ecoinvent-3.4-biosphere', '01285299-c683-4e15-b654-201987a7a738')",Cr,1.844658297187145e-11,1.844658297187145e-11,1.0,3.1278613038877847e-13,3.1278613038877847e-13,Chromite,2.152027027027027,3.9697545111763895e-11,2.152027027027027,6.73124206275851e-13,0.46467817896389324,0.4646781789241957
1349,Chromium VI,"('ecoinvent-3.4-biosphere', '9bbae55a-35de-4eff-a219-814a9fec5ac2')",Cr,1.844658297187145e-11,1.844658297187145e-11,1.0,3.1278613038877847e-13,3.1278613038877847e-13,Chromite,2.152027027027027,3.9697545111763895e-11,2.152027027027027,6.73124206275851e-13,0.46467817896389324,0.4646781789241957
1350,Chromium VI,"('ecoinvent-3.4-biosphere', 'a9ec0c9b-982a-4329-99ae-dab1f9fb62d3')",Cr,1.844658297187145e-11,1.844658297187145e-11,1.0,3.1278613038877847e-13,3.1278613038877847e-13,Chromite,2.152027027027027,3.9697545111763895e-11,2.152027027027027,6.73124206275851e-13,0.46467817896389324,0.4646781789241957
1351,Chromium VI,"('ecoinvent-3.4-biosphere', 'c2e854f9-fe22-4fe7-9083-cf6d0a8c7254')",Cr,1.844658297187145e-11,1.844658297187145e-11,1.0,3.1278613038877847e-13,3.1278613038877847e-13,Chromite,2.152027027027027,3.9697545111763895e-11,2.152027027027027,6.73124206275851e-13,0.46467817896389324,0.4646781789241957
1352,Chromium VI,"('ecoinvent-3.4-biosphere', '68ba2022-830e-45fb-8c85-b35e94754ae9')",Cr,1.844658297187145e-11,1.844658297187145e-11,1.0,3.1278613038877847e-13,3.1278613038877847e-13,Chromite,2.152027027027027,3.9697545111763895e-11,2.152027027027027,6.73124206275851e-13,0.46467817896389324,0.4646781789241957
1353,Chromium VI,"('ecoinvent-3.4-biosphere', '7a59e8d5-cd11-4ee7-b1ca-30979d2b0b3a')",Cr,1.844658297187145e-11,1.844658297187145e-11,1.0,3.1278613038877847e-13,3.1278613038877847e-13,Chromite,2.152027027027027,3.9697545111763895e-11,2.152027027027027,6.73124206275851e-13,0.46467817896389324,0.4646781789241957
1354,Chromium VI,"('ecoinvent-3.4-biosphere', '81e17d9a-3e0b-414e-9b2e-eca7e5b3bd4a')",Cr,1.844658297187145e-11,1.844658297187145e-11,1.0,3.1278613038877847e-13,3.1278613038877847e-13,Chromite,2.152027027027027,3.9697545111763895e-11,2.152027027027027,6.73124206275851e-13,0.46467817896389324,0.4646781789241957
1355,Nickel,"('ecoinvent-3.4-biosphere', '5de1943f-b011-45a0-97d4-ed15eea6a382')",Ni,1.7893001865688157e-11,1.7893001865688157e-11,1.0,9.066741688482605e-14,9.066741688482605e-14,Pentlandite(sulphides) / Garnierite(laterites),2.9342028985507245,5.250169793807571e-11,2.9342028985507245,2.660365974275635e-13,0.3393665158371041,0.33936651578460236
1356,Nickel,"('ecoinvent-3.4-biosphere', '56815b4f-6138-4e0b-9fac-c94fd6b102b3')",Ni,1.7893001865688157e-11,1.7893001865688157e-11,1.0,9.066741688482605e-14,9.066741688482605e-14,Pentlandite(sulphides) / Garnierite(laterites),2.9342028985507245,5.250169793807571e-11,2.9342028985507245,2.660365974275635e-13,0.3393665158371041,0.33936651578460236
1357,Nickel,"('ecoinvent-3.4-biosphere', 'e43a270f-4f88-4789-a0b8-7aba56677743')",Ni,1.7893001865688157e-11,1.7893001865688157e-11,1.0,9.066741688482605e-14,9.066741688482605e-14,Pentlandite(sulphides) / Garnierite(laterites),2.9342028985507245,5.250169793807571e-11,2.9342028985507245,2.660365974275635e-13,0.3393665158371041,0.33936651578460236
1358,Nickel,"('ecoinvent-3.4-biosphere', 'c89873de-cd23-4323-a948-f5cfeebd2fc9')",Ni,1.7893001865688157e-11,1.7893001865688157e-11,1.0,9.066741688482605e-14,9.066741688482605e-14,Pentlandite(sulphides) / Garnierite(laterites),2.9342028985507245,5.250169793807571e-11,2.9342028985507245,2.660365974275635e-13,0.3393665158371041,0.33936651578460236
1359,Nickel,"('ecoinvent-3.4-biosphere', 'b4580545-243d-48d2-a3a0-2633a4f46fb1')",Ni,1.7893001865688157e-11,1.7893001865688157e-11,1.0,9.066741688482605e-14,9.066741688482605e-14,Pentlandite(sulphides) / Garnierite(laterites),2.9342028985507245,5.250169793807571e-11,2.9342028985507245,2.660365974275635e-13,0.3393665158371041,0.33936651578460236
1360,Nickel,"('ecoinvent-3.4-biosphere', 'e8fc62ba-678e-4706-97d2-b79d83e227d5')",Ni,1.7893001865688157e-11,1.7893001865688157e-11,1.0,9.066741688482605e-14,9.066741688482605e-14,Pentlandite(sulphides) / Garnierite(laterites),2.9342028985507245,5.250169793807571e-11,2.9342028985507245,2.660365974275635e-13,0.3393665158371041,0.33936651578460236
1361,Nickel,"('ecoinvent-3.4-biosphere', '0545c382-2312-43b6-9ec3-63dbb1438565')",Ni,1.7893001865688157e-11,1.7893001865688157e-11,1.0,9.066741688482605e-14,9.066741688482605e-14,Pentlandite(sulphides) / Garnierite(laterites),2.9342028985507245,5.250169793807571e-11,2.9342028985507245,2.660365974275635e-13,0.3393665158371041,0.33936651578460236
1362,Nickel,"('ecoinvent-3.4-biosphere', '2bcad3b3-5305-481c-a166-ad5e6eac2675')",Ni,1.7893001865688157e-11,1.7893001865688157e-11,1.0,9.066741688482605e-14,9.066741688482605e-14,Pentlandite(sulphides) / Garnierite(laterites),2.9342028985507245,5.250169793807571e-11,2.9342028985507245,2.660365974275635e-13,0.3393665158371041,0.33936651578460236
1363,Nickel,"('ecoinvent-3.4-biosphere', 'a72a45ee-395a-4d25-b893-9d183e43e76e')",Ni,1.7893001865688157e-11,1.7893001865688157e-11,1.0,9.066741688482605e-14,9.066741688482605e-14,Pentlandite(sulphides) / Garnierite(laterites),2.9342028985507245,5.250169793807571e-11,2.9342028985507245,2.660365974275635e-13,0.3393665158371041,0.33936651578460236
1364,Nickel,"('ecoinvent-3.4-biosphere', 'a5506f4b-113f-4713-95c3-c819dde6e48b')",Ni,1.7893001865688157e-11,1.7893001865688157e-11,1.0,9.066741688482605e-14,9.066741688482605e-14,Pentlandite(sulphides) / Garnierite(laterites),2.9342028985507245,5.250169793807571e-11,2.9342028985507245,2.660365974275635e-13,0.3393665158371041,0.33936651578460236
1365,Copper,"('ecoinvent-3.4-biosphere', '237ca6bc-2f0a-4416-a0e3-bd512f038f2e')",Cu,1.7425984742406943e-11,1.7425984742406943e-11,1.0,1.231243333335009e-14,1.231243333335009e-14,Chalcopyrite,2.8793103448275863,5.017481813761999e-11,2.8793103448275863,3.545131666671491e-14,0.34730538922155685,0.34730538917138204
1366,Copper,"('ecoinvent-3.4-biosphere', 'fd153f15-1d16-410a-91fa-04d205e36c43')",Cu,1.7425984742406943e-11,1.7425984742406943e-11,1.0,1.231243333335009e-14,1.231243333335009e-14,Chalcopyrite,2.8793103448275863,5.017481813761999e-11,2.8793103448275863,3.545131666671491e-14,0.34730538922155685,0.34730538917138204
1367,Copper,"('ecoinvent-3.4-biosphere', '0a5e8a67-f9ae-48b3-bfa7-e9d37c30a191')",Cu,1.7425984742406943e-11,1.7425984742406943e-11,1.0,1.231243333335009e-14,1.231243333335009e-14,Chalcopyrite,2.8793103448275863,5.017481813761999e-11,2.8793103448275863,3.545131666671491e-14,0.34730538922155685,0.34730538917138204
1368,Copper,"('ecoinvent-3.4-biosphere', '88cde01c-df69-40bb-9b14-6eac71bea5b8')",Cu,1.7425984742406943e-11,1.7425984742406943e-11,1.0,1.231243333335009e-14,1.231243333335009e-14,Chalcopyrite,2.8793103448275863,5.017481813761999e-11,2.8793103448275863,3.545131666671491e-14,0.34730538922155685,0.34730538917138204
1369,Copper,"('ecoinvent-3.4-biosphere', 'e336eee7-148a-4d1c-8027-780cbfafa12b')",Cu,1.7425984742406943e-11,1.7425984742406943e-11,1.0,1.231243333335009e-14,1.231243333335009e-14,Chalcopyrite,2.8793103448275863,5.017481813761999e-11,2.8793103448275863,3.545131666671491e-14,0.34730538922155685,0.34730538917138204
1370,Copper,"('ecoinvent-3.4-biosphere', '7e66a41c-d311-4949-bdd8-eef09cdcfa47')",Cu,1.7425984742406943e-11,1.7425984742406943e-11,1.0,1.231243333335009e-14,1.231243333335009e-14,Chalcopyrite,2.8793103448275863,5.017481813761999e-11,2.8793103448275863,3.545131666671491e-14,0.34730538922155685,0.34730538917138204
1371,Copper,"('ecoinvent-3.4-biosphere', '44d3e792-7c9e-48ab-9de9-acfa2e097f26')",Cu,1.7425984742406943e-11,1.7425984742406943e-11,1.0,1.231243333335009e-14,1.231243333335009e-14,Chalcopyrite,2.8793103448275863,5.017481813761999e-11,2.8793103448275863,3.545131666671491e-14,0.34730538922155685,0.34730538917138204
1372,Copper,"('ecoinvent-3.4-biosphere', 'ec8144d6-d123-43b1-9c17-a295422a0498')",Cu,1.7425984742406943e-11,1.7425984742406943e-11,1.0,1.231243333335009e-14,1.231243333335009e-14,Chalcopyrite,2.8793103448275863,5.017481813761999e-11,2.8793103448275863,3.545131666671491e-14,0.34730538922155685,0.34730538917138204
1373,Copper,"('ecoinvent-3.4-biosphere', '3573a5af-88f8-4f74-ade7-cd269cbc4e66')",Cu,1.7425984742406943e-11,1.7425984742406943e-11,1.0,1.231243333335009e-14,1.231243333335009e-14,Chalcopyrite,2.8793103448275863,5.017481813761999e-11,2.8793103448275863,3.545131666671491e-14,0.34730538922155685,0.34730538917138204
1374,Aluminium,"('ecoinvent-3.4-biosphere', '7880e65c-0321-4295-ba55-3186ad36e489')",Al,1.5380255700662373e-11,1.5380255700662373e-11,1.0,6.422536676269254e-14,6.422536676269254e-14,Bauxite (Gibbsite),2.8930041152263373,4.449514303524958e-11,2.8930041152263373,1.8580425034639034e-13,0.3456614509246088,0.3456614508801137
1375,Aluminium,"('ecoinvent-3.4-biosphere', '2e0c9efa-d55c-49db-8be3-0376d5921ff4')",Al,1.5380255700662373e-11,1.5380255700662373e-11,1.0,6.422536676269254e-14,6.422536676269254e-14,Bauxite (Gibbsite),2.8930041152263373,4.449514303524958e-11,2.8930041152263373,1.8580425034639034e-13,0.3456614509246088,0.3456614508801137
1376,Aluminium,"('ecoinvent-3.4-biosphere', '0ace7678-a181-48e8-8728-d912a8b56c57')",Al,1.5380255700662373e-11,1.5380255700662373e-11,1.0,6.422536676269254e-14,6.422536676269254e-14,Bauxite (Gibbsite),2.8930041152263373,4.449514303524958e-11,2.8930041152263373,1.8580425034639034e-13,0.3456614509246088,0.3456614508801137
1377,Aluminium,"('ecoinvent-3.4-biosphere', 'd96403bf-902e-4b7a-8ffd-32fe09e4017f')",Al,1.5380255700662373e-11,1.5380255700662373e-11,1.0,6.422536676269254e-14,6.422536676269254e-14,Bauxite (Gibbsite),2.8930041152263373,4.449514303524958e-11,2.8930041152263373,1.8580425034639034e-13,0.3456614509246088,0.3456614508801137
1378,Aluminium,"('ecoinvent-3.4-biosphere', '2baa4381-b781-4f5e-90de-508b0fa3fd1f')",Al,1.5380255700662373e-11,1.5380255700662373e-11,1.0,6.422536676269254e-14,6.422536676269254e-14,Bauxite (Gibbsite),2.8930041152263373,4.449514303524958e-11,2.8930041152263373,1.8580425034639034e-13,0.3456614509246088,0.3456614508801137
1379,Aluminium,"('ecoinvent-3.4-biosphere', '6f0b8b7c-3888-4174-b7e3-916d42d678ee')",Al,1.5380255700662373e-11,1.5380255700662373e-11,1.0,6.422536676269254e-14,6.422536676269254e-14,Bauxite (Gibbsite),2.8930041152263373,4.449514303524958e-11,2.8930041152263373,1.8580425034639034e-13,0.3456614509246088,0.3456614508801137
1380,Aluminium,"('ecoinvent-3.4-biosphere', 'e0401210-0377-4670-84af-12247ca20bed')",Al,1.5380255700662373e-11,1.5380255700662373e-11,1.0,6.422536676269254e-14,6.422536676269254e-14,Bauxite (Gibbsite),2.8930041152263373,4.449514303524958e-11,2.8930041152263373,1.8580425034639034e-13,0.3456614509246088,0.3456614508801137
1381,Aluminium,"('ecoinvent-3.4-biosphere', '39555a26-d28b-425f-993f-e8770ab7d9cf')",Al,1.5380255700662373e-11,1.5380255700662373e-11,1.0,6.422536676269254e-14,6.422536676269254e-14,Bauxite (Gibbsite),2.8930041152263373,4.449514303524958e-11,2.8930041152263373,1.8580425034639034e-13,0.3456614509246088,0.3456614508801137
1382,Aluminium,"('ecoinvent-3.4-biosphere', '46e63323-cffd-4c46-829b-5f006b50fa9b')",Al,1.5380255700662373e-11,1.5380255700662373e-11,1.0,6.422536676269254e-14,6.422536676269254e-14,Bauxite (Gibbsite),2.8930041152263373,4.449514303524958e-11,2.8930041152263373,1.8580425034639034e-13,0.3456614509246088,0.3456614508801137
1383,Aluminium,"('ecoinvent-3.4-biosphere', '01056d4b-f9b0-4dfc-b8d9-8407c8376efb')",Al,1.5380255700662373e-11,1.5380255700662373e-11,1.0,6.422536676269254e-14,6.422536676269254e-14,Bauxite (Gibbsite),2.8930041152263373,4.449514303524958e-11,2.8930041152263373,1.8580425034639034e-13,0.3456614509246088,0.3456614508801137
1384,Aluminium,"('ecoinvent-3.4-biosphere', '9c3bd678-1b2f-4b95-a245-d5c8a3fe326b')",Al,1.5380255700662373e-11,1.5380255700662373e-11,1.0,6.422536676269254e-14,6.422536676269254e-14,Bauxite (Gibbsite),2.8930041152263373,4.449514303524958e-11,2.8930041152263373,1.8580425034639034e-13,0.3456614509246088,0.3456614508801137
1385,Aluminium,"('ecoinvent-3.4-biosphere', '765546a9-b056-4d27-ad14-2f016511bdcb')",Al,1.5380255700662373e-11,1.5380255700662373e-11,1.0,6.422536676269254e-14,6.422536676269254e-14,Bauxite (Gibbsite),2.8930041152263373,4.449514303524958e-11,2.8930041152263373,1.8580425034639034e-13,0.3456614509246088,0.3456614508801137
1386,Aluminium,"('ecoinvent-3.4-biosphere', 'ff65658c-2d39-44a2-b23e-7ec3c644f064')",Al,1.5380255700662373e-11,1.5380255700662373e-11,1.0,6.422536676269254e-14,6.422536676269254e-14,Bauxite (Gibbsite),2.8930041152263373,4.449514303524958e-11,2.8930041152263373,1.8580425034639034e-13,0.3456614509246088,0.3456614508801137
1387,Aluminium,"('ecoinvent-3.4-biosphere', '97e498ec-f323-4ec6-bcc0-d8a4c853bae3')",Al,1.5380255700662373e-11,1.5380255700662373e-11,1.0,6.422536676269254e-14,6.422536676269254e-14,Bauxite (Gibbsite),2.8930041152263373,4.449514303524958e-11,2.8930041152263373,1.8580425034639034e-13,0.3456614509246088,0.3456614508801137
1388,Cobalt,"('ecoinvent-3.4-biosphere', '74eb3f02-09ec-46ce-8ee8-d67d0900136b')",Co,1.4963422258383853e-11,1.4963422258383853e-11,1.0,1.9447495148453946e-12,1.9447495148453946e-12,Linnaeite,1.727272727272727,2.5845911173572104e-11,1.727272727272727,3.3591127983693174e-12,0.5789473684210527,0.5789473683952068
1389,Cobalt,"('ecoinvent-3.4-biosphere', '12051b95-831a-49c0-9a70-fbc0e8fb9af9')",Co,1.4963422258383853e-11,1.4963422258383853e-11,1.0,1.9447495148453946e-12,1.9447495148453946e-12,Linnaeite,1.727272727272727,2.5845911173572104e-11,1.727272727272727,3.3591127983693174e-12,0.5789473684210527,0.5789473683952068
1390,Cobalt,"('ecoinvent-3.4-biosphere', 'd4291dd5-dae8-47fa-bf06-466fcecbc210')",Co,1.4963422258383853e-11,1.4963422258383853e-11,1.0,1.9447495148453946e-12,1.9447495148453946e-12,Linnaeite,1.727272727272727,2.5845911173572104e-11,1.727272727272727,3.3591127983693174e-12,0.5789473684210527,0.5789473683952068
1391,Cobalt,"('ecoinvent-3.4-biosphere', '9542444c-7c7a-48e2-bc9c-9c7c34fb7b3e')",Co,1.4963422258383853e-11,1.4963422258383853e-11,1.0,1.9447495148453946e-12,1.9447495148453946e-12,Linnaeite,1.727272727272727,2.5845911173572104e-11,1.727272727272727,3.3591127983693174e-12,0.5789473684210527,0.5789473683952068
1392,Cobalt,"('ecoinvent-3.4-biosphere', 'c58d25ad-30d2-4fac-a857-1fa6f67afe8a')",Co,1.4963422258383853e-11,1.4963422258383853e-11,1.0,1.9447495148453946e-12,1.9447495148453946e-12,Linnaeite,1.727272727272727,2.5845911173572104e-11,1.727272727272727,3.3591127983693174e-12,0.5789473684210527,0.5789473683952068
1393,Cobalt,"('ecoinvent-3.4-biosphere', 'caf066cf-40ce-47a8-ba4c-969fcd6019c7')",Co,1.4963422258383853e-11,1.4963422258383853e-11,1.0,1.9447495148453946e-12,1.9447495148453946e-12,Linnaeite,1.727272727272727,2.5845911173572104e-11,1.727272727272727,3.3591127983693174e-12,0.5789473684210527,0.5789473683952068
1394,Cobalt,"('ecoinvent-3.4-biosphere', 'f0d1c319-249f-4a89-b0e7-3a5a90a54036')",Co,1.4963422258383853e-11,1.4963422258383853e-11,1.0,1.9447495148453946e-12,1.9447495148453946e-12,Linnaeite,1.727272727272727,2.5845911173572104e-11,1.727272727272727,3.3591127983693174e-12,0.5789473684210527,0.5789473683952068
1395,Cobalt,"('ecoinvent-3.4-biosphere', 'f0e28a62-ddf9-4c93-af81-676a58c3f2d4')",Co,1.4963422258383853e-11,1.4963422258383853e-11,1.0,1.9447495148453946e-12,1.9447495148453946e-12,Linnaeite,1.727272727272727,2.5845911173572104e-11,1.727272727272727,3.3591127983693174e-12,0.5789473684210527,0.5789473683952068
1396,Cobalt,"('ecoinvent-3.4-biosphere', 'ca04300a-8338-4601-ba7c-66c10a4f6322')",Co,1.4963422258383853e-11,1.4963422258383853e-11,1.0,1.9447495148453946e-12,1.9447495148453946e-12,Linnaeite,1.727272727272727,2.5845911173572104e-11,1.727272727272727,3.3591127983693174e-12,0.5789473684210527,0.5789473683952068
1397,Cobalt,"('ecoinvent-3.4-biosphere', '1e904267-caa3-40e6-a3a0-fc104489770b')",Co,1.4963422258383853e-11,1.4963422258383853e-11,1.0,1.9447495148453946e-12,1.9447495148453946e-12,Linnaeite,1.727272727272727,2.5845911173572104e-11,1.727272727272727,3.3591127983693174e-12,0.5789473684210527,0.5789473683952068
1398,Cobalt,"('ecoinvent-3.4-biosphere', '33627701-feca-434d-a192-674a450eaaf7')",Co,1.4963422258383853e-11,1.4963422258383853e-11,1.0,1.9447495148453946e-12,1.9447495148453946e-12,Linnaeite,1.727272727272727,2.5845911173572104e-11,1.727272727272727,3.3591127983693174e-12,0.5789473684210527,0.5789473683952068
1399,Cobalt,"('ecoinvent-3.4-biosphere', '381a22c9-3722-4378-810d-86958f7b6d32')",Co,1.4963422258383853e-11,1.4963422258383853e-11,1.0,1.9447495148453946e-12,1.9447495148453946e-12,Linnaeite,1.727272727272727,2.5845911173572104e-11,1.727272727272727,3.3591127983693174e-12,0.5789473684210527,0.5789473683952068
1400,Cobalt,"('ecoinvent-3.4-biosphere', '9ce88274-57b6-42ed-a78b-4abef2301865')",Co,1.4963422258383853e-11,1.4963422258383853e-11,1.0,1.9447495148453946e-12,1.9447495148453946e-12,Linnaeite,1.727272727272727,2.5845911173572104e-11,1.727272727272727,3.3591127983693174e-12,0.5789473684210527,0.5789473683952068
1401,Cobalt,"('ecoinvent-3.4-biosphere', 'b10faa87-2c1d-4f6e-aa65-9f80b376939a')",Co,1.4963422258383853e-11,1.4963422258383853e-11,1.0,1.9447495148453946e-12,1.9447495148453946e-12,Linnaeite,1.727272727272727,2.5845911173572104e-11,1.727272727272727,3.3591127983693174e-12,0.5789473684210527,0.5789473683952068
1402,"Copper, ion","('ecoinvent-3.4-biosphere', '40229ebf-9346-4f20-910a-f8ea3bd88d44')",Cu,1.4558050971470055e-11,1.4558050971470055e-11,1.0,1.231243333335009e-14,1.231243333335009e-14,Chalcopyrite,2.8793103448275863,4.191714676268102e-11,2.8793103448275863,3.545131666671491e-14,0.34730538922155685,0.3473053891796397
1403,"Copper, ion","('ecoinvent-3.4-biosphere', '615b1460-6860-4cf6-8678-ad92c03c5e8b')",Cu,1.4558050971470055e-11,1.4558050971470055e-11,1.0,1.231243333335009e-14,1.231243333335009e-14,Chalcopyrite,2.8793103448275863,4.191714676268102e-11,2.8793103448275863,3.545131666671491e-14,0.34730538922155685,0.3473053891796397
1404,"Copper, ion","('ecoinvent-3.4-biosphere', 'c3b659e5-35f1-408c-8cb5-b5f9b295c76e')",Cu,1.4558050971470055e-11,1.4558050971470055e-11,1.0,1.231243333335009e-14,1.231243333335009e-14,Chalcopyrite,2.8793103448275863,4.191714676268102e-11,2.8793103448275863,3.545131666671491e-14,0.34730538922155685,0.3473053891796397
1405,"Copper, ion","('ecoinvent-3.4-biosphere', 'd8f9ccf6-fd32-4348-83c0-1cee724af9ae')",Cu,1.4558050971470055e-11,1.4558050971470055e-11,1.0,1.231243333335009e-14,1.231243333335009e-14,Chalcopyrite,2.8793103448275863,4.191714676268102e-11,2.8793103448275863,3.545131666671491e-14,0.34730538922155685,0.3473053891796397
1406,"Copper, ion","('ecoinvent-3.4-biosphere', '6d9550e2-e670-44c1-bad8-c0c4975ffca7')",Cu,1.4558050971470055e-11,1.4558050971470055e-11,1.0,1.231243333335009e-14,1.231243333335009e-14,Chalcopyrite,2.8793103448275863,4.191714676268102e-11,2.8793103448275863,3.545131666671491e-14,0.34730538922155685,0.3473053891796397
1407,Molybdenum,"('ecoinvent-3.4-biosphere', 'c126f8a0-6bc4-42e6-9220-d6ccfef3f2ed')",Mo,1.4387270723565871e-11,1.4387270723565871e-11,1.0,1.6532043483883647e-13,1.6532043483883647e-13,Molybdenite,1.6700000000000004,2.402674210835501e-11,1.6700000000000004,2.7608512618085697e-13,0.5988023952095807,0.5988023951855539
1408,Molybdenum,"('ecoinvent-3.4-biosphere', '1f3c2297-d652-468d-82e8-4fd59bf5b5b8')",Mo,1.4387270723565871e-11,1.4387270723565871e-11,1.0,1.6532043483883647e-13,1.6532043483883647e-13,Molybdenite,1.6700000000000004,2.402674210835501e-11,1.6700000000000004,2.7608512618085697e-13,0.5988023952095807,0.5988023951855539
1409,Molybdenum,"('ecoinvent-3.4-biosphere', '35b4d818-1019-413b-b99d-d351d8a67ac4')",Mo,1.4387270723565871e-11,1.4387270723565871e-11,1.0,1.6532043483883647e-13,1.6532043483883647e-13,Molybdenite,1.6700000000000004,2.402674210835501e-11,1.6700000000000004,2.7608512618085697e-13,0.5988023952095807,0.5988023951855539
1410,Molybdenum,"('ecoinvent-3.4-biosphere', '163926e2-b4cc-42bb-ba7d-401028140985')",Mo,1.4387270723565871e-11,1.4387270723565871e-11,1.0,1.6532043483883647e-13,1.6532043483883647e-13,Molybdenite,1.6700000000000004,2.402674210835501e-11,1.6700000000000004,2.7608512618085697e-13,0.5988023952095807,0.5988023951855539
1411,Molybdenum,"('ecoinvent-3.4-biosphere', '697e8ecf-bdbe-4857-92c9-e01960c91db7')",Mo,1.4387270723565871e-11,1.4387270723565871e-11,1.0,1.6532043483883647e-13,1.6532043483883647e-13,Molybdenite,1.6700000000000004,2.402674210835501e-11,1.6700000000000004,2.7608512618085697e-13,0.5988023952095807,0.5988023951855539
1412,Molybdenum,"('ecoinvent-3.4-biosphere', '9cf3a683-ed3d-40e9-b039-7653e4fc9e20')",Mo,1.4387270723565871e-11,1.4387270723565871e-11,1.0,1.6532043483883647e-13,1.6532043483883647e-13,Molybdenite,1.6700000000000004,2.402674210835501e-11,1.6700000000000004,2.7608512618085697e-13,0.5988023952095807,0.5988023951855539
1413,Molybdenum,"('ecoinvent-3.4-biosphere', 'fdaaef05-0d10-4032-b2e7-85cae3c7bd5c')",Mo,1.4387270723565871e-11,1.4387270723565871e-11,1.0,1.6532043483883647e-13,1.6532043483883647e-13,Molybdenite,1.6700000000000004,2.402674210835501e-11,1.6700000000000004,2.7608512618085697e-13,0.5988023952095807,0.5988023951855539
1414,Molybdenum,"('ecoinvent-3.4-biosphere', '3822809c-cc03-469d-ac2a-9f85842f8440')",Mo,1.4387270723565871e-11,1.4387270723565871e-11,1.0,1.6532043483883647e-13,1.6532043483883647e-13,Molybdenite,1.6700000000000004,2.402674210835501e-11,1.6700000000000004,2.7608512618085697e-13,0.5988023952095807,0.5988023951855539
1415,Molybdenum,"('ecoinvent-3.4-biosphere', 'c26d4716-ce1e-43da-a662-cd9498b1e8bc')",Mo,1.4387270723565871e-11,1.4387270723565871e-11,1.0,1.6532043483883647e-13,1.6532043483883647e-13,Molybdenite,1.6700000000000004,2.402674210835501e-11,1.6700000000000004,2.7608512618085697e-13,0.5988023952095807,0.5988023951855539
1416,Molybdenum,"('ecoinvent-3.4-biosphere', '442511cc-a98b-4242-9229-5736cb9a9399')",Mo,1.4387270723565871e-11,1.4387270723565871e-11,1.0,1.6532043483883647e-13,1.6532043483883647e-13,Molybdenite,1.6700000000000004,2.402674210835501e-11,1.6700000000000004,2.7608512618085697e-13,0.5988023952095807,0.5988023951855539
1417,Molybdenum,"('ecoinvent-3.4-biosphere', '7d3f7498-3596-478a-9fa1-72201ef94082')",Mo,1.4387270723565871e-11,1.4387270723565871e-11,1.0,1.6532043483883647e-13,1.6532043483883647e-13,Molybdenite,1.6700000000000004,2.402674210835501e-11,1.6700000000000004,2.7608512618085697e-13,0.5988023952095807,0.5988023951855539
1418,Molybdenum,"('ecoinvent-3.4-biosphere', '5fa36ce3-aed0-443b-a09d-4cdf25b41995')",Mo,1.4387270723565871e-11,1.4387270723565871e-11,1.0,1.6532043483883647e-13,1.6532043483883647e-13,Molybdenite,1.6700000000000004,2.402674210835501e-11,1.6700000000000004,2.7608512618085697e-13,0.5988023952095807,0.5988023951855539
1419,Molybdenum,"('ecoinvent-3.4-biosphere', '8b531ec0-ca7a-49cd-bef0-56f110112f34')",Mo,1.4387270723565871e-11,1.4387270723565871e-11,1.0,1.6532043483883647e-13,1.6532043483883647e-13,Molybdenite,1.6700000000000004,2.402674210835501e-11,1.6700000000000004,2.7608512618085697e-13,0.5988023952095807,0.5988023951855539
1420,Molybdenum,"('ecoinvent-3.4-biosphere', '640e30d2-3158-4a1a-82ef-fd0c72922c9a')",Mo,1.4387270723565871e-11,1.4387270723565871e-11,1.0,1.6532043483883647e-13,1.6532043483883647e-13,Molybdenite,1.6700000000000004,2.402674210835501e-11,1.6700000000000004,2.7608512618085697e-13,0.5988023952095807,0.5988023951855539
1421,Mancozeb,"('ecoinvent-3.4-biosphere', '4f6390e3-bca5-4d3b-aead-7d63f2534440')",Mn,1.3384638455900301e-11,4.478521957012703e-12,0.10153021622620588,6.584242677286185e-15,1.9677855459297162e-14,Pyrolusite,1.5822784810126582,7.0862689193238976e-12,0.16064907630728778,1.0418105502035103e-14,0.06416709665496212,0.06416709664787586
1422,Mancozeb,"('ecoinvent-3.4-biosphere', '4f6390e3-bca5-4d3b-aead-7d63f2534440')",Zn,1.3384638455900301e-11,8.9061164988876e-12,0.12082794307891331,1.3093612782010977e-14,1.9677855459297162e-14,Sphalerite,1.4901477832512315,1.3271429758194576e-11,0.18005149153384867,1.951141806186365e-14,0.0810845370083286,0.08108453699505717
1423,"Silver, ion","('ecoinvent-3.4-biosphere', 'af9793ba-25a1-4928-a14a-4bcf7d5bd3f7')",Ag,1.2259407322922734e-11,1.2259407322922734e-11,1.0,1.5701960660375504e-13,1.5701960660375504e-13,Argentite,1.1478494623655913,1.4071954104537653e-11,1.1478494623655913,1.8023487102097688e-13,0.8711943793911008,0.8711943793770288
1424,"Silver, ion","('ecoinvent-3.4-biosphere', '71cfe87c-ab80-421e-adba-afb7d5bd0861')",Ag,1.2259407322922734e-11,1.2259407322922734e-11,1.0,1.5701960660375504e-13,1.5701960660375504e-13,Argentite,1.1478494623655913,1.4071954104537653e-11,1.1478494623655913,1.8023487102097688e-13,0.8711943793911008,0.8711943793770288
1425,"Silver, ion","('ecoinvent-3.4-biosphere', '94426df9-63b1-4dc6-ad1b-3509e22f1154')",Ag,1.2259407322922734e-11,1.2259407322922734e-11,1.0,1.5701960660375504e-13,1.5701960660375504e-13,Argentite,1.1478494623655913,1.4071954104537653e-11,1.1478494623655913,1.8023487102097688e-13,0.8711943793911008,0.8711943793770288
1426,"Silver, ion","('ecoinvent-3.4-biosphere', '21c257b2-57ce-4a6e-b4bd-40f0f75f310f')",Ag,1.2259407322922734e-11,1.2259407322922734e-11,1.0,1.5701960660375504e-13,1.5701960660375504e-13,Argentite,1.1478494623655913,1.4071954104537653e-11,1.1478494623655913,1.8023487102097688e-13,0.8711943793911008,0.8711943793770288
1427,"Silver, ion","('ecoinvent-3.4-biosphere', '6aa8673f-f7e3-4270-93dc-e97b745fced7')",Ag,1.2259407322922734e-11,1.2259407322922734e-11,1.0,1.5701960660375504e-13,1.5701960660375504e-13,Argentite,1.1478494623655913,1.4071954104537653e-11,1.1478494623655913,1.8023487102097688e-13,0.8711943793911008,0.8711943793770288
1428,"Tin, ion","('ecoinvent-3.4-biosphere', 'd5c40848-fc29-47fa-90a4-46db64a45a4e')",Sn,1.2046926801820093e-11,1.2046926801820093e-11,1.0,1.3268575464212294e-13,1.3268575464212294e-13,Cassiterite,1.26875,1.5284538379809242e-11,1.26875,1.6834505120219348e-13,0.7881773399014778,0.7881773398861932
1429,"Tin, ion","('ecoinvent-3.4-biosphere', '60a6702f-20ad-444f-a6df-f6374f1e3183')",Sn,1.2046926801820093e-11,1.2046926801820093e-11,1.0,1.3268575464212294e-13,1.3268575464212294e-13,Cassiterite,1.26875,1.5284538379809242e-11,1.26875,1.6834505120219348e-13,0.7881773399014778,0.7881773398861932
1430,"Tin, ion","('ecoinvent-3.4-biosphere', 'f73177d8-5e57-4f0d-ba34-6889cfdfed40')",Sn,1.2046926801820093e-11,1.2046926801820093e-11,1.0,1.3268575464212294e-13,1.3268575464212294e-13,Cassiterite,1.26875,1.5284538379809242e-11,1.26875,1.6834505120219348e-13,0.7881773399014778,0.7881773398861932
1431,"Tin, ion","('ecoinvent-3.4-biosphere', '3ddb2e36-bc1b-43a5-8ef4-cbcdbeeeea70')",Sn,1.2046926801820093e-11,1.2046926801820093e-11,1.0,1.3268575464212294e-13,1.3268575464212294e-13,Cassiterite,1.26875,1.5284538379809242e-11,1.26875,1.6834505120219348e-13,0.7881773399014778,0.7881773398861932
1432,"Tin, ion","('ecoinvent-3.4-biosphere', '2a992e5e-9f16-47b8-8bcb-733d00bed658')",Sn,1.2046926801820093e-11,1.2046926801820093e-11,1.0,1.3268575464212294e-13,1.3268575464212294e-13,Cassiterite,1.26875,1.5284538379809242e-11,1.26875,1.6834505120219348e-13,0.7881773399014778,0.7881773398861932
1433,"Tin, ion","('ecoinvent-3.4-biosphere', 'd5c40848-fc29-47fa-90a4-46db64a45a4e')",Sn,1.1815839162942283e-11,1.1815839162942283e-11,1.0,1.3268575464212294e-13,1.3268575464212294e-13,Cassiterite,1.26875,1.4991345937983022e-11,1.26875,1.6834505120219348e-13,0.7881773399014778,0.7881773398864864
1434,"Tin, ion","('ecoinvent-3.4-biosphere', '60a6702f-20ad-444f-a6df-f6374f1e3183')",Sn,1.1815839162942283e-11,1.1815839162942283e-11,1.0,1.3268575464212294e-13,1.3268575464212294e-13,Cassiterite,1.26875,1.4991345937983022e-11,1.26875,1.6834505120219348e-13,0.7881773399014778,0.7881773398864864
1435,"Tin, ion","('ecoinvent-3.4-biosphere', 'f73177d8-5e57-4f0d-ba34-6889cfdfed40')",Sn,1.1815839162942283e-11,1.1815839162942283e-11,1.0,1.3268575464212294e-13,1.3268575464212294e-13,Cassiterite,1.26875,1.4991345937983022e-11,1.26875,1.6834505120219348e-13,0.7881773399014778,0.7881773398864864
1436,"Tin, ion","('ecoinvent-3.4-biosphere', '3ddb2e36-bc1b-43a5-8ef4-cbcdbeeeea70')",Sn,1.1815839162942283e-11,1.1815839162942283e-11,1.0,1.3268575464212294e-13,1.3268575464212294e-13,Cassiterite,1.26875,1.4991345937983022e-11,1.26875,1.6834505120219348e-13,0.7881773399014778,0.7881773398864864
1437,"Tin, ion","('ecoinvent-3.4-biosphere', '2a992e5e-9f16-47b8-8bcb-733d00bed658')",Sn,1.1815839162942283e-11,1.1815839162942283e-11,1.0,1.3268575464212294e-13,1.3268575464212294e-13,Cassiterite,1.26875,1.4991345937983022e-11,1.26875,1.6834505120219348e-13,0.7881773399014778,0.7881773398864864
1438,Copper,"('ecoinvent-3.4-biosphere', '237ca6bc-2f0a-4416-a0e3-bd512f038f2e')",Cu,1.1209036602658683e-11,1.1209036602658683e-11,1.0,1.231243333335009e-14,1.231243333335009e-14,Chalcopyrite,2.8793103448275863,3.227429504558621e-11,2.8793103448275863,3.545131666671491e-14,0.34730538922155685,0.34730538918928255
1439,Copper,"('ecoinvent-3.4-biosphere', 'fd153f15-1d16-410a-91fa-04d205e36c43')",Cu,1.1209036602658683e-11,1.1209036602658683e-11,1.0,1.231243333335009e-14,1.231243333335009e-14,Chalcopyrite,2.8793103448275863,3.227429504558621e-11,2.8793103448275863,3.545131666671491e-14,0.34730538922155685,0.34730538918928255
1440,Copper,"('ecoinvent-3.4-biosphere', '0a5e8a67-f9ae-48b3-bfa7-e9d37c30a191')",Cu,1.1209036602658683e-11,1.1209036602658683e-11,1.0,1.231243333335009e-14,1.231243333335009e-14,Chalcopyrite,2.8793103448275863,3.227429504558621e-11,2.8793103448275863,3.545131666671491e-14,0.34730538922155685,0.34730538918928255
1441,Copper,"('ecoinvent-3.4-biosphere', '88cde01c-df69-40bb-9b14-6eac71bea5b8')",Cu,1.1209036602658683e-11,1.1209036602658683e-11,1.0,1.231243333335009e-14,1.231243333335009e-14,Chalcopyrite,2.8793103448275863,3.227429504558621e-11,2.8793103448275863,3.545131666671491e-14,0.34730538922155685,0.34730538918928255
1442,Copper,"('ecoinvent-3.4-biosphere', 'e336eee7-148a-4d1c-8027-780cbfafa12b')",Cu,1.1209036602658683e-11,1.1209036602658683e-11,1.0,1.231243333335009e-14,1.231243333335009e-14,Chalcopyrite,2.8793103448275863,3.227429504558621e-11,2.8793103448275863,3.545131666671491e-14,0.34730538922155685,0.34730538918928255
1443,Copper,"('ecoinvent-3.4-biosphere', '7e66a41c-d311-4949-bdd8-eef09cdcfa47')",Cu,1.1209036602658683e-11,1.1209036602658683e-11,1.0,1.231243333335009e-14,1.231243333335009e-14,Chalcopyrite,2.8793103448275863,3.227429504558621e-11,2.8793103448275863,3.545131666671491e-14,0.34730538922155685,0.34730538918928255
1444,Copper,"('ecoinvent-3.4-biosphere', '44d3e792-7c9e-48ab-9de9-acfa2e097f26')",Cu,1.1209036602658683e-11,1.1209036602658683e-11,1.0,1.231243333335009e-14,1.231243333335009e-14,Chalcopyrite,2.8793103448275863,3.227429504558621e-11,2.8793103448275863,3.545131666671491e-14,0.34730538922155685,0.34730538918928255
1445,Copper,"('ecoinvent-3.4-biosphere', 'ec8144d6-d123-43b1-9c17-a295422a0498')",Cu,1.1209036602658683e-11,1.1209036602658683e-11,1.0,1.231243333335009e-14,1.231243333335009e-14,Chalcopyrite,2.8793103448275863,3.227429504558621e-11,2.8793103448275863,3.545131666671491e-14,0.34730538922155685,0.34730538918928255
1446,Copper,"('ecoinvent-3.4-biosphere', '3573a5af-88f8-4f74-ade7-cd269cbc4e66')",Cu,1.1209036602658683e-11,1.1209036602658683e-11,1.0,1.231243333335009e-14,1.231243333335009e-14,Chalcopyrite,2.8793103448275863,3.227429504558621e-11,2.8793103448275863,3.545131666671491e-14,0.34730538922155685,0.34730538918928255
1447,"Copper, ion","('ecoinvent-3.4-biosphere', '40229ebf-9346-4f20-910a-f8ea3bd88d44')",Cu,1.0313789826200795e-11,1.0313789826200795e-11,1.0,1.231243333335009e-14,1.231243333335009e-14,Chalcopyrite,2.8793103448275863,2.9696601740957465e-11,2.8793103448275863,3.545131666671491e-14,0.34730538922155685,0.34730538919186027
1448,"Copper, ion","('ecoinvent-3.4-biosphere', '615b1460-6860-4cf6-8678-ad92c03c5e8b')",Cu,1.0313789826200795e-11,1.0313789826200795e-11,1.0,1.231243333335009e-14,1.231243333335009e-14,Chalcopyrite,2.8793103448275863,2.9696601740957465e-11,2.8793103448275863,3.545131666671491e-14,0.34730538922155685,0.34730538919186027
1449,"Copper, ion","('ecoinvent-3.4-biosphere', 'c3b659e5-35f1-408c-8cb5-b5f9b295c76e')",Cu,1.0313789826200795e-11,1.0313789826200795e-11,1.0,1.231243333335009e-14,1.231243333335009e-14,Chalcopyrite,2.8793103448275863,2.9696601740957465e-11,2.8793103448275863,3.545131666671491e-14,0.34730538922155685,0.34730538919186027
1450,"Copper, ion","('ecoinvent-3.4-biosphere', 'd8f9ccf6-fd32-4348-83c0-1cee724af9ae')",Cu,1.0313789826200795e-11,1.0313789826200795e-11,1.0,1.231243333335009e-14,1.231243333335009e-14,Chalcopyrite,2.8793103448275863,2.9696601740957465e-11,2.8793103448275863,3.545131666671491e-14,0.34730538922155685,0.34730538919186027
1451,"Copper, ion","('ecoinvent-3.4-biosphere', '6d9550e2-e670-44c1-bad8-c0c4975ffca7')",Cu,1.0313789826200795e-11,1.0313789826200795e-11,1.0,1.231243333335009e-14,1.231243333335009e-14,Chalcopyrite,2.8793103448275863,2.9696601740957465e-11,2.8793103448275863,3.545131666671491e-14,0.34730538922155685,0.34730538919186027
1452,Chromium,"('ecoinvent-3.4-biosphere', '2a5ed451-12a2-47db-b4dc-fa0bfbc01d79')",Cr,8.446257806334163e-12,8.446257806334163e-12,1.0,3.1278613038877847e-13,3.1278613038877847e-13,Chromite,2.152027027027027,1.817657507646913e-11,2.152027027027027,6.73124206275851e-13,0.46467817896389324,0.46467817894571667
1453,Chromium,"('ecoinvent-3.4-biosphere', '591de726-f2c7-43ba-8e22-15fd08acc8dc')",Cr,8.446257806334163e-12,8.446257806334163e-12,1.0,3.1278613038877847e-13,3.1278613038877847e-13,Chromite,2.152027027027027,1.817657507646913e-11,2.152027027027027,6.73124206275851e-13,0.46467817896389324,0.46467817894571667
1454,Chromium,"('ecoinvent-3.4-biosphere', '4d40d8e3-9bc7-4ab1-ac5c-4f4a76fda8e5')",Cr,8.446257806334163e-12,8.446257806334163e-12,1.0,3.1278613038877847e-13,3.1278613038877847e-13,Chromite,2.152027027027027,1.817657507646913e-11,2.152027027027027,6.73124206275851e-13,0.46467817896389324,0.46467817894571667
1455,Chromium,"('ecoinvent-3.4-biosphere', 'e142b577-e934-4085-9a07-3983d4d92afb')",Cr,8.446257806334163e-12,8.446257806334163e-12,1.0,3.1278613038877847e-13,3.1278613038877847e-13,Chromite,2.152027027027027,1.817657507646913e-11,2.152027027027027,6.73124206275851e-13,0.46467817896389324,0.46467817894571667
1456,Chromium,"('ecoinvent-3.4-biosphere', 'e65a9c58-21f1-48b6-b738-d05a8f10e5f3')",Cr,8.446257806334163e-12,8.446257806334163e-12,1.0,3.1278613038877847e-13,3.1278613038877847e-13,Chromite,2.152027027027027,1.817657507646913e-11,2.152027027027027,6.73124206275851e-13,0.46467817896389324,0.46467817894571667
1457,Chromium,"('ecoinvent-3.4-biosphere', '7705f0e1-5b14-44f4-b330-1245b5c7fc08')",Cr,8.446257806334163e-12,8.446257806334163e-12,1.0,3.1278613038877847e-13,3.1278613038877847e-13,Chromite,2.152027027027027,1.817657507646913e-11,2.152027027027027,6.73124206275851e-13,0.46467817896389324,0.46467817894571667
1458,Chromium,"('ecoinvent-3.4-biosphere', 'e7881581-21b3-4f5c-bd63-6b0684b5e712')",Cr,8.446257806334163e-12,8.446257806334163e-12,1.0,3.1278613038877847e-13,3.1278613038877847e-13,Chromite,2.152027027027027,1.817657507646913e-11,2.152027027027027,6.73124206275851e-13,0.46467817896389324,0.46467817894571667
1459,Chromium,"('ecoinvent-3.4-biosphere', '6b29d83a-c43c-484c-8e73-474a8a22d71e')",Cr,8.446257806334163e-12,8.446257806334163e-12,1.0,3.1278613038877847e-13,3.1278613038877847e-13,Chromite,2.152027027027027,1.817657507646913e-11,2.152027027027027,6.73124206275851e-13,0.46467817896389324,0.46467817894571667
1460,Chromium,"('ecoinvent-3.4-biosphere', 'e0336c9b-a0ff-4ae3-b8bb-ca1e46bbbc11')",Cr,8.446257806334163e-12,8.446257806334163e-12,1.0,3.1278613038877847e-13,3.1278613038877847e-13,Chromite,2.152027027027027,1.817657507646913e-11,2.152027027027027,6.73124206275851e-13,0.46467817896389324,0.46467817894571667
1461,Iron,"('ecoinvent-3.4-biosphere', '8dba66e2-0f2e-4038-84ef-1e40b4f573a6')",Fe,8.29409000246846e-12,8.29409000246846e-12,1.0,4.282654305987987e-15,4.282654305987987e-15,Hematite,1.0,8.29409000246846e-12,1.0,4.282654305987987e-15,1.0,0.9999999999917059
1462,Iron,"('ecoinvent-3.4-biosphere', 'db364689-e1a3-4629-8835-e6c59d6daf09')",Fe,8.29409000246846e-12,8.29409000246846e-12,1.0,4.282654305987987e-15,4.282654305987987e-15,Hematite,1.0,8.29409000246846e-12,1.0,4.282654305987987e-15,1.0,0.9999999999917059
1463,Iron,"('ecoinvent-3.4-biosphere', '76152de4-9499-48f7-af98-a5d41842484a')",Fe,8.29409000246846e-12,8.29409000246846e-12,1.0,4.282654305987987e-15,4.282654305987987e-15,Hematite,1.0,8.29409000246846e-12,1.0,4.282654305987987e-15,1.0,0.9999999999917059
1464,Iron,"('ecoinvent-3.4-biosphere', 'c983ad54-12e9-47a5-b747-5e5c448e58e2')",Fe,8.29409000246846e-12,8.29409000246846e-12,1.0,4.282654305987987e-15,4.282654305987987e-15,Hematite,1.0,8.29409000246846e-12,1.0,4.282654305987987e-15,1.0,0.9999999999917059
1465,Iron,"('ecoinvent-3.4-biosphere', '32cd0492-c0cb-4898-a2b1-675eedc5b688')",Fe,8.29409000246846e-12,8.29409000246846e-12,1.0,4.282654305987987e-15,4.282654305987987e-15,Hematite,1.0,8.29409000246846e-12,1.0,4.282654305987987e-15,1.0,0.9999999999917059
1466,Iron,"('ecoinvent-3.4-biosphere', 'e3043a7f-5347-4c7b-89ee-93f11b2f6d9b')",Fe,8.29409000246846e-12,8.29409000246846e-12,1.0,4.282654305987987e-15,4.282654305987987e-15,Hematite,1.0,8.29409000246846e-12,1.0,4.282654305987987e-15,1.0,0.9999999999917059
1467,Iron,"('ecoinvent-3.4-biosphere', '98693cdf-d9fc-43ed-bfe6-78dfe5742d33')",Fe,8.29409000246846e-12,8.29409000246846e-12,1.0,4.282654305987987e-15,4.282654305987987e-15,Hematite,1.0,8.29409000246846e-12,1.0,4.282654305987987e-15,1.0,0.9999999999917059
1468,Iron,"('ecoinvent-3.4-biosphere', '0dc0bbb0-1141-4dff-b6a2-8bd5368e14af')",Fe,8.29409000246846e-12,8.29409000246846e-12,1.0,4.282654305987987e-15,4.282654305987987e-15,Hematite,1.0,8.29409000246846e-12,1.0,4.282654305987987e-15,1.0,0.9999999999917059
1469,Iron,"('ecoinvent-3.4-biosphere', 'ce567bdc-76ec-4ca0-be79-8bb796e448b3')",Fe,8.29409000246846e-12,8.29409000246846e-12,1.0,4.282654305987987e-15,4.282654305987987e-15,Hematite,1.0,8.29409000246846e-12,1.0,4.282654305987987e-15,1.0,0.9999999999917059
1470,Iron,"('ecoinvent-3.4-biosphere', 'e8bd2edd-f937-49f6-9e8b-9f445278775e')",Fe,8.29409000246846e-12,8.29409000246846e-12,1.0,4.282654305987987e-15,4.282654305987987e-15,Hematite,1.0,8.29409000246846e-12,1.0,4.282654305987987e-15,1.0,0.9999999999917059
1471,Copper,"('ecoinvent-3.4-biosphere', '237ca6bc-2f0a-4416-a0e3-bd512f038f2e')",Cu,8.024841116659999e-12,8.024841116659999e-12,1.0,1.231243333335009e-14,1.231243333335009e-14,Chalcopyrite,2.8793103448275863,2.3106008042796894e-11,2.8793103448275863,3.545131666671491e-14,0.34730538922155685,0.34730538919845083
1472,Copper,"('ecoinvent-3.4-biosphere', 'fd153f15-1d16-410a-91fa-04d205e36c43')",Cu,8.024841116659999e-12,8.024841116659999e-12,1.0,1.231243333335009e-14,1.231243333335009e-14,Chalcopyrite,2.8793103448275863,2.3106008042796894e-11,2.8793103448275863,3.545131666671491e-14,0.34730538922155685,0.34730538919845083
1473,Copper,"('ecoinvent-3.4-biosphere', '0a5e8a67-f9ae-48b3-bfa7-e9d37c30a191')",Cu,8.024841116659999e-12,8.024841116659999e-12,1.0,1.231243333335009e-14,1.231243333335009e-14,Chalcopyrite,2.8793103448275863,2.3106008042796894e-11,2.8793103448275863,3.545131666671491e-14,0.34730538922155685,0.34730538919845083
1474,Copper,"('ecoinvent-3.4-biosphere', '88cde01c-df69-40bb-9b14-6eac71bea5b8')",Cu,8.024841116659999e-12,8.024841116659999e-12,1.0,1.231243333335009e-14,1.231243333335009e-14,Chalcopyrite,2.8793103448275863,2.3106008042796894e-11,2.8793103448275863,3.545131666671491e-14,0.34730538922155685,0.34730538919845083
1475,Copper,"('ecoinvent-3.4-biosphere', 'e336eee7-148a-4d1c-8027-780cbfafa12b')",Cu,8.024841116659999e-12,8.024841116659999e-12,1.0,1.231243333335009e-14,1.231243333335009e-14,Chalcopyrite,2.8793103448275863,2.3106008042796894e-11,2.8793103448275863,3.545131666671491e-14,0.34730538922155685,0.34730538919845083
1476,Copper,"('ecoinvent-3.4-biosphere', '7e66a41c-d311-4949-bdd8-eef09cdcfa47')",Cu,8.024841116659999e-12,8.024841116659999e-12,1.0,1.231243333335009e-14,1.231243333335009e-14,Chalcopyrite,2.8793103448275863,2.3106008042796894e-11,2.8793103448275863,3.545131666671491e-14,0.34730538922155685,0.34730538919845083
1477,Copper,"('ecoinvent-3.4-biosphere', '44d3e792-7c9e-48ab-9de9-acfa2e097f26')",Cu,8.024841116659999e-12,8.024841116659999e-12,1.0,1.231243333335009e-14,1.231243333335009e-14,Chalcopyrite,2.8793103448275863,2.3106008042796894e-11,2.8793103448275863,3.545131666671491e-14,0.34730538922155685,0.34730538919845083
1478,Copper,"('ecoinvent-3.4-biosphere', 'ec8144d6-d123-43b1-9c17-a295422a0498')",Cu,8.024841116659999e-12,8.024841116659999e-12,1.0,1.231243333335009e-14,1.231243333335009e-14,Chalcopyrite,2.8793103448275863,2.3106008042796894e-11,2.8793103448275863,3.545131666671491e-14,0.34730538922155685,0.34730538919845083
1479,Copper,"('ecoinvent-3.4-biosphere', '3573a5af-88f8-4f74-ade7-cd269cbc4e66')",Cu,8.024841116659999e-12,8.024841116659999e-12,1.0,1.231243333335009e-14,1.231243333335009e-14,Chalcopyrite,2.8793103448275863,2.3106008042796894e-11,2.8793103448275863,3.545131666671491e-14,0.34730538922155685,0.34730538919845083
1480,Lead,"('ecoinvent-3.4-biosphere', '2718482b-8399-442e-b89a-52fbcc22d2e6')",Pb,7.257456933440225e-12,7.257456933440225e-12,1.0,1.1855254708054448e-13,1.1855254708054448e-13,Galena,1.1560975609756097,8.390328259635772e-12,1.1560975609756097,1.370583105272636e-13,0.8649789029535866,0.8649789029451963
1481,Lead,"('ecoinvent-3.4-biosphere', '4010918f-7fd0-4925-8fbb-8fd7a44a806c')",Pb,7.257456933440225e-12,7.257456933440225e-12,1.0,1.1855254708054448e-13,1.1855254708054448e-13,Galena,1.1560975609756097,8.390328259635772e-12,1.1560975609756097,1.370583105272636e-13,0.8649789029535866,0.8649789029451963
1482,Lead,"('ecoinvent-3.4-biosphere', '31c4d160-b21e-41b3-b9c1-3d7a72377653')",Pb,7.257456933440225e-12,7.257456933440225e-12,1.0,1.1855254708054448e-13,1.1855254708054448e-13,Galena,1.1560975609756097,8.390328259635772e-12,1.1560975609756097,1.370583105272636e-13,0.8649789029535866,0.8649789029451963
1483,Lead,"('ecoinvent-3.4-biosphere', '0ff15165-d761-48c9-9814-2d1dcdd56857')",Pb,7.257456933440225e-12,7.257456933440225e-12,1.0,1.1855254708054448e-13,1.1855254708054448e-13,Galena,1.1560975609756097,8.390328259635772e-12,1.1560975609756097,1.370583105272636e-13,0.8649789029535866,0.8649789029451963
1484,Lead,"('ecoinvent-3.4-biosphere', 'c864aa15-0abc-41ad-9889-348106e485d8')",Pb,7.257456933440225e-12,7.257456933440225e-12,1.0,1.1855254708054448e-13,1.1855254708054448e-13,Galena,1.1560975609756097,8.390328259635772e-12,1.1560975609756097,1.370583105272636e-13,0.8649789029535866,0.8649789029451963
1485,Lead,"('ecoinvent-3.4-biosphere', '9ee7f4ab-b826-47ae-8623-e138f944b42e')",Pb,7.257456933440225e-12,7.257456933440225e-12,1.0,1.1855254708054448e-13,1.1855254708054448e-13,Galena,1.1560975609756097,8.390328259635772e-12,1.1560975609756097,1.370583105272636e-13,0.8649789029535866,0.8649789029451963
1486,Lead,"('ecoinvent-3.4-biosphere', 'b3ebdcc3-c588-4997-95d2-9785b26b34e1')",Pb,7.257456933440225e-12,7.257456933440225e-12,1.0,1.1855254708054448e-13,1.1855254708054448e-13,Galena,1.1560975609756097,8.390328259635772e-12,1.1560975609756097,1.370583105272636e-13,0.8649789029535866,0.8649789029451963
1487,Lead,"('ecoinvent-3.4-biosphere', 'e9e856c2-868e-435e-8425-8df1c9297cfc')",Pb,7.257456933440225e-12,7.257456933440225e-12,1.0,1.1855254708054448e-13,1.1855254708054448e-13,Galena,1.1560975609756097,8.390328259635772e-12,1.1560975609756097,1.370583105272636e-13,0.8649789029535866,0.8649789029451963
1488,Lead,"('ecoinvent-3.4-biosphere', '739234c8-5359-48b4-983f-9cb170d68c8d')",Pb,7.257456933440225e-12,7.257456933440225e-12,1.0,1.1855254708054448e-13,1.1855254708054448e-13,Galena,1.1560975609756097,8.390328259635772e-12,1.1560975609756097,1.370583105272636e-13,0.8649789029535866,0.8649789029451963
1489,Lead,"('ecoinvent-3.4-biosphere', '8e123669-94d3-41d8-9480-a79211fe7c43')",Pb,7.257456933440225e-12,7.257456933440225e-12,1.0,1.1855254708054448e-13,1.1855254708054448e-13,Galena,1.1560975609756097,8.390328259635772e-12,1.1560975609756097,1.370583105272636e-13,0.8649789029535866,0.8649789029451963
1490,Lead,"('ecoinvent-3.4-biosphere', '6a903634-c97f-4c49-a7c0-88f0e6ac7a23')",Pb,7.257456933440225e-12,7.257456933440225e-12,1.0,1.1855254708054448e-13,1.1855254708054448e-13,Galena,1.1560975609756097,8.390328259635772e-12,1.1560975609756097,1.370583105272636e-13,0.8649789029535866,0.8649789029451963
1491,Lead,"('ecoinvent-3.4-biosphere', 'fe4613d7-1ed8-427d-9b06-c8e8f4f5e1b1')",Pb,7.257456933440225e-12,7.257456933440225e-12,1.0,1.1855254708054448e-13,1.1855254708054448e-13,Galena,1.1560975609756097,8.390328259635772e-12,1.1560975609756097,1.370583105272636e-13,0.8649789029535866,0.8649789029451963
1492,Lead,"('ecoinvent-3.4-biosphere', '837083ce-41cd-49f3-a849-d79564dac238')",Pb,7.257456933440225e-12,7.257456933440225e-12,1.0,1.1855254708054448e-13,1.1855254708054448e-13,Galena,1.1560975609756097,8.390328259635772e-12,1.1560975609756097,1.370583105272636e-13,0.8649789029535866,0.8649789029451963
1493,Lead,"('ecoinvent-3.4-biosphere', '67652827-017f-4856-8d0a-c97bac4c6562')",Pb,7.257456933440225e-12,7.257456933440225e-12,1.0,1.1855254708054448e-13,1.1855254708054448e-13,Galena,1.1560975609756097,8.390328259635772e-12,1.1560975609756097,1.370583105272636e-13,0.8649789029535866,0.8649789029451963
1494,Phosphorus,"('ecoinvent-3.4-biosphere', 'b1fca66f-8e83-469a-a7b5-018e14d5d545')",P,4.742839728665389e-12,4.742839728665389e-12,1.0,1.6973366253890836e-14,1.6973366253890836e-14,Apatite,0.3532544378698225,1.6754291822563537e-12,0.3532544378698225,5.995916954776823e-15,2.8308207705192627,2.830820770517587
1495,Phosphorus,"('ecoinvent-3.4-biosphere', '76b09afe-52b9-4ecc-b97a-00b49ad8ed1a')",P,4.742839728665389e-12,4.742839728665389e-12,1.0,1.6973366253890836e-14,1.6973366253890836e-14,Apatite,0.3532544378698225,1.6754291822563537e-12,0.3532544378698225,5.995916954776823e-15,2.8308207705192627,2.830820770517587
1496,Phosphorus,"('ecoinvent-3.4-biosphere', 'b2631209-8374-431e-b7d5-56c96c6b6d79')",P,4.742839728665389e-12,4.742839728665389e-12,1.0,1.6973366253890836e-14,1.6973366253890836e-14,Apatite,0.3532544378698225,1.6754291822563537e-12,0.3532544378698225,5.995916954776823e-15,2.8308207705192627,2.830820770517587
1497,Phosphorus,"('ecoinvent-3.4-biosphere', '62f3d964-9b53-4d01-9ee0-04112dcfc6d2')",P,4.742839728665389e-12,4.742839728665389e-12,1.0,1.6973366253890836e-14,1.6973366253890836e-14,Apatite,0.3532544378698225,1.6754291822563537e-12,0.3532544378698225,5.995916954776823e-15,2.8308207705192627,2.830820770517587
1498,Phosphorus,"('ecoinvent-3.4-biosphere', '2d4b8ec1-8d53-4e62-8a11-ebc45909b02e')",P,4.742839728665389e-12,4.742839728665389e-12,1.0,1.6973366253890836e-14,1.6973366253890836e-14,Apatite,0.3532544378698225,1.6754291822563537e-12,0.3532544378698225,5.995916954776823e-15,2.8308207705192627,2.830820770517587
1499,Phosphorus,"('ecoinvent-3.4-biosphere', '8b0a4a41-c65c-4d94-b10c-94ddb98abdd2')",P,4.742839728665389e-12,4.742839728665389e-12,1.0,1.6973366253890836e-14,1.6973366253890836e-14,Apatite,0.3532544378698225,1.6754291822563537e-12,0.3532544378698225,5.995916954776823e-15,2.8308207705192627,2.830820770517587
1500,Phosphorus,"('ecoinvent-3.4-biosphere', 'b6e2f7f4-6b2e-4b3e-be1f-67626cb8205d')",P,4.742839728665389e-12,4.742839728665389e-12,1.0,1.6973366253890836e-14,1.6973366253890836e-14,Apatite,0.3532544378698225,1.6754291822563537e-12,0.3532544378698225,5.995916954776823e-15,2.8308207705192627,2.830820770517587
1501,Phosphorus,"('ecoinvent-3.4-biosphere', 'f5e7e615-4160-4df9-b39b-7463eaed77c7')",P,4.742839728665389e-12,4.742839728665389e-12,1.0,1.6973366253890836e-14,1.6973366253890836e-14,Apatite,0.3532544378698225,1.6754291822563537e-12,0.3532544378698225,5.995916954776823e-15,2.8308207705192627,2.830820770517587
1502,Phosphorus,"('ecoinvent-3.4-biosphere', '2f8952b0-c90c-4e3d-b546-52b862fc8f11')",P,4.742839728665389e-12,4.742839728665389e-12,1.0,1.6973366253890836e-14,1.6973366253890836e-14,Apatite,0.3532544378698225,1.6754291822563537e-12,0.3532544378698225,5.995916954776823e-15,2.8308207705192627,2.830820770517587
1503,Phosphorus,"('ecoinvent-3.4-biosphere', 'c89a0749-40a5-4c9c-8770-c4295ea34977')",P,4.742839728665389e-12,4.742839728665389e-12,1.0,1.6973366253890836e-14,1.6973366253890836e-14,Apatite,0.3532544378698225,1.6754291822563537e-12,0.3532544378698225,5.995916954776823e-15,2.8308207705192627,2.830820770517587
1504,Phosphorus,"('ecoinvent-3.4-biosphere', 'd761f94e-517d-41cf-89fa-17dc72f7a69b')",P,4.742839728665389e-12,4.742839728665389e-12,1.0,1.6973366253890836e-14,1.6973366253890836e-14,Apatite,0.3532544378698225,1.6754291822563537e-12,0.3532544378698225,5.995916954776823e-15,2.8308207705192627,2.830820770517587
1505,Phosphorus,"('ecoinvent-3.4-biosphere', '198ce8e3-f05a-4bec-9f7f-325347453326')",P,4.742839728665389e-12,4.742839728665389e-12,1.0,1.6973366253890836e-14,1.6973366253890836e-14,Apatite,0.3532544378698225,1.6754291822563537e-12,0.3532544378698225,5.995916954776823e-15,2.8308207705192627,2.830820770517587
1506,Phosphorus,"('ecoinvent-3.4-biosphere', 'ea4e9316-5080-4b3b-bbf3-1949f6d7577a')",P,4.742839728665389e-12,4.742839728665389e-12,1.0,1.6973366253890836e-14,1.6973366253890836e-14,Apatite,0.3532544378698225,1.6754291822563537e-12,0.3532544378698225,5.995916954776823e-15,2.8308207705192627,2.830820770517587
1507,Phosphorus,"('ecoinvent-3.4-biosphere', 'e2d35af7-9806-46ff-9b75-b124a48fa5a1')",P,4.742839728665389e-12,4.742839728665389e-12,1.0,1.6973366253890836e-14,1.6973366253890836e-14,Apatite,0.3532544378698225,1.6754291822563537e-12,0.3532544378698225,5.995916954776823e-15,2.8308207705192627,2.830820770517587
1508,Nickel,"('ecoinvent-3.4-biosphere', '5de1943f-b011-45a0-97d4-ed15eea6a382')",Ni,4.62379982443912e-12,4.62379982443912e-12,1.0,9.066741688482605e-14,9.066741688482605e-14,Pentlandite(sulphides) / Garnierite(laterites),2.9342028985507245,1.3567166847187598e-11,2.9342028985507245,2.660365974275635e-13,0.3393665158371041,0.33936651582353694
1509,Nickel,"('ecoinvent-3.4-biosphere', '56815b4f-6138-4e0b-9fac-c94fd6b102b3')",Ni,4.62379982443912e-12,4.62379982443912e-12,1.0,9.066741688482605e-14,9.066741688482605e-14,Pentlandite(sulphides) / Garnierite(laterites),2.9342028985507245,1.3567166847187598e-11,2.9342028985507245,2.660365974275635e-13,0.3393665158371041,0.33936651582353694
1510,Nickel,"('ecoinvent-3.4-biosphere', 'e43a270f-4f88-4789-a0b8-7aba56677743')",Ni,4.62379982443912e-12,4.62379982443912e-12,1.0,9.066741688482605e-14,9.066741688482605e-14,Pentlandite(sulphides) / Garnierite(laterites),2.9342028985507245,1.3567166847187598e-11,2.9342028985507245,2.660365974275635e-13,0.3393665158371041,0.33936651582353694
1511,Nickel,"('ecoinvent-3.4-biosphere', 'c89873de-cd23-4323-a948-f5cfeebd2fc9')",Ni,4.62379982443912e-12,4.62379982443912e-12,1.0,9.066741688482605e-14,9.066741688482605e-14,Pentlandite(sulphides) / Garnierite(laterites),2.9342028985507245,1.3567166847187598e-11,2.9342028985507245,2.660365974275635e-13,0.3393665158371041,0.33936651582353694
1512,Nickel,"('ecoinvent-3.4-biosphere', 'b4580545-243d-48d2-a3a0-2633a4f46fb1')",Ni,4.62379982443912e-12,4.62379982443912e-12,1.0,9.066741688482605e-14,9.066741688482605e-14,Pentlandite(sulphides) / Garnierite(laterites),2.9342028985507245,1.3567166847187598e-11,2.9342028985507245,2.660365974275635e-13,0.3393665158371041,0.33936651582353694
1513,Nickel,"('ecoinvent-3.4-biosphere', 'e8fc62ba-678e-4706-97d2-b79d83e227d5')",Ni,4.62379982443912e-12,4.62379982443912e-12,1.0,9.066741688482605e-14,9.066741688482605e-14,Pentlandite(sulphides) / Garnierite(laterites),2.9342028985507245,1.3567166847187598e-11,2.9342028985507245,2.660365974275635e-13,0.3393665158371041,0.33936651582353694
1514,Nickel,"('ecoinvent-3.4-biosphere', '0545c382-2312-43b6-9ec3-63dbb1438565')",Ni,4.62379982443912e-12,4.62379982443912e-12,1.0,9.066741688482605e-14,9.066741688482605e-14,Pentlandite(sulphides) / Garnierite(laterites),2.9342028985507245,1.3567166847187598e-11,2.9342028985507245,2.660365974275635e-13,0.3393665158371041,0.33936651582353694
1515,Nickel,"('ecoinvent-3.4-biosphere', '2bcad3b3-5305-481c-a166-ad5e6eac2675')",Ni,4.62379982443912e-12,4.62379982443912e-12,1.0,9.066741688482605e-14,9.066741688482605e-14,Pentlandite(sulphides) / Garnierite(laterites),2.9342028985507245,1.3567166847187598e-11,2.9342028985507245,2.660365974275635e-13,0.3393665158371041,0.33936651582353694
1516,Nickel,"('ecoinvent-3.4-biosphere', 'a72a45ee-395a-4d25-b893-9d183e43e76e')",Ni,4.62379982443912e-12,4.62379982443912e-12,1.0,9.066741688482605e-14,9.066741688482605e-14,Pentlandite(sulphides) / Garnierite(laterites),2.9342028985507245,1.3567166847187598e-11,2.9342028985507245,2.660365974275635e-13,0.3393665158371041,0.33936651582353694
1517,Nickel,"('ecoinvent-3.4-biosphere', 'a5506f4b-113f-4713-95c3-c819dde6e48b')",Ni,4.62379982443912e-12,4.62379982443912e-12,1.0,9.066741688482605e-14,9.066741688482605e-14,Pentlandite(sulphides) / Garnierite(laterites),2.9342028985507245,1.3567166847187598e-11,2.9342028985507245,2.660365974275635e-13,0.3393665158371041,0.33936651582353694
1518,Manganese,"('ecoinvent-3.4-biosphere', '295060ba-3c3d-45e4-99ca-e17b1204b553')",Mn,3.740493490908512e-12,3.740493490908512e-12,1.0,6.485008032108113e-14,6.485008032108113e-14,Pyrolusite,1.5822784810126582,5.9185023590324565e-12,1.5822784810126582,1.0261088658398912e-13,0.632,0.6319999999940815
1519,Manganese,"('ecoinvent-3.4-biosphere', '0af26a55-d357-469f-abad-8ced785cb4fb')",Mn,3.740493490908512e-12,3.740493490908512e-12,1.0,6.485008032108113e-14,6.485008032108113e-14,Pyrolusite,1.5822784810126582,5.9185023590324565e-12,1.5822784810126582,1.0261088658398912e-13,0.632,0.6319999999940815
1520,Manganese,"('ecoinvent-3.4-biosphere', 'b0546417-3064-4878-bd6f-2da75cefdf63')",Mn,3.740493490908512e-12,3.740493490908512e-12,1.0,6.485008032108113e-14,6.485008032108113e-14,Pyrolusite,1.5822784810126582,5.9185023590324565e-12,1.5822784810126582,1.0261088658398912e-13,0.632,0.6319999999940815
1521,Manganese,"('ecoinvent-3.4-biosphere', 'c91fd4bf-ed70-4e2f-a34f-159773f981b6')",Mn,3.740493490908512e-12,3.740493490908512e-12,1.0,6.485008032108113e-14,6.485008032108113e-14,Pyrolusite,1.5822784810126582,5.9185023590324565e-12,1.5822784810126582,1.0261088658398912e-13,0.632,0.6319999999940815
1522,Manganese,"('ecoinvent-3.4-biosphere', '10cbd2f7-c41b-4bb4-b636-d8fc15cf0282')",Mn,3.740493490908512e-12,3.740493490908512e-12,1.0,6.485008032108113e-14,6.485008032108113e-14,Pyrolusite,1.5822784810126582,5.9185023590324565e-12,1.5822784810126582,1.0261088658398912e-13,0.632,0.6319999999940815
1523,Manganese,"('ecoinvent-3.4-biosphere', '2460f868-54a9-404c-bec8-c809a44ae72c')",Mn,3.740493490908512e-12,3.740493490908512e-12,1.0,6.485008032108113e-14,6.485008032108113e-14,Pyrolusite,1.5822784810126582,5.9185023590324565e-12,1.5822784810126582,1.0261088658398912e-13,0.632,0.6319999999940815
1524,Manganese,"('ecoinvent-3.4-biosphere', '009a49e8-09a7-4432-9cb9-f2dd18e8f922')",Mn,3.740493490908512e-12,3.740493490908512e-12,1.0,6.485008032108113e-14,6.485008032108113e-14,Pyrolusite,1.5822784810126582,5.9185023590324565e-12,1.5822784810126582,1.0261088658398912e-13,0.632,0.6319999999940815
1525,Manganese,"('ecoinvent-3.4-biosphere', '9ba8c05d-1593-45a5-8d3b-5c4f3e9fef32')",Mn,3.740493490908512e-12,3.740493490908512e-12,1.0,6.485008032108113e-14,6.485008032108113e-14,Pyrolusite,1.5822784810126582,5.9185023590324565e-12,1.5822784810126582,1.0261088658398912e-13,0.632,0.6319999999940815
1526,Manganese,"('ecoinvent-3.4-biosphere', '835d0907-a668-4d92-b6b6-7b56fa343713')",Mn,3.740493490908512e-12,3.740493490908512e-12,1.0,6.485008032108113e-14,6.485008032108113e-14,Pyrolusite,1.5822784810126582,5.9185023590324565e-12,1.5822784810126582,1.0261088658398912e-13,0.632,0.6319999999940815
1527,Manganese,"('ecoinvent-3.4-biosphere', '9c706cff-cb82-4207-a589-95896e04dc08')",Mn,3.740493490908512e-12,3.740493490908512e-12,1.0,6.485008032108113e-14,6.485008032108113e-14,Pyrolusite,1.5822784810126582,5.9185023590324565e-12,1.5822784810126582,1.0261088658398912e-13,0.632,0.6319999999940815
1528,Manganese,"('ecoinvent-3.4-biosphere', '42053ffb-9284-49cb-88f9-33ac5c77be4a')",Mn,3.740493490908512e-12,3.740493490908512e-12,1.0,6.485008032108113e-14,6.485008032108113e-14,Pyrolusite,1.5822784810126582,5.9185023590324565e-12,1.5822784810126582,1.0261088658398912e-13,0.632,0.6319999999940815
1529,Manganese,"('ecoinvent-3.4-biosphere', '44f28e11-061d-44fd-8f25-dc62a9f1fa57')",Mn,3.740493490908512e-12,3.740493490908512e-12,1.0,6.485008032108113e-14,6.485008032108113e-14,Pyrolusite,1.5822784810126582,5.9185023590324565e-12,1.5822784810126582,1.0261088658398912e-13,0.632,0.6319999999940815
1530,Manganese,"('ecoinvent-3.4-biosphere', '6b7fbea6-4a86-40f9-954d-3c9b3611abfd')",Mn,3.740493490908512e-12,3.740493490908512e-12,1.0,6.485008032108113e-14,6.485008032108113e-14,Pyrolusite,1.5822784810126582,5.9185023590324565e-12,1.5822784810126582,1.0261088658398912e-13,0.632,0.6319999999940815
1531,Manganese,"('ecoinvent-3.4-biosphere', 'f532985c-90b7-46fc-aac9-b039b40e22f1')",Mn,3.740493490908512e-12,3.740493490908512e-12,1.0,6.485008032108113e-14,6.485008032108113e-14,Pyrolusite,1.5822784810126582,5.9185023590324565e-12,1.5822784810126582,1.0261088658398912e-13,0.632,0.6319999999940815
1532,Dichromate,"('ecoinvent-3.4-biosphere', 'd26099e9-c6bc-4d7f-a0bd-29c884965ba5')",Cr,3.2504457515564644e-12,3.2504457515564644e-12,0.48146673457104494,1.5059611681739826e-13,1.5059611681739826e-13,Chromite,2.152027027027027,6.995047107234689e-12,1.0361294254113367,3.2408691355636045e-13,0.2237270854521653,0.22372708544517025
1533,Dichromate,"('ecoinvent-3.4-biosphere', 'b6ecaa32-6ab5-4060-b641-45a2bf7beded')",Cr,3.2504457515564644e-12,3.2504457515564644e-12,0.48146673457104494,1.5059611681739826e-13,1.5059611681739826e-13,Chromite,2.152027027027027,6.995047107234689e-12,1.0361294254113367,3.2408691355636045e-13,0.2237270854521653,0.22372708544517025
1534,Dichromate,"('ecoinvent-3.4-biosphere', '3b8a6f65-384b-4086-a817-b0c77555b78a')",Cr,3.2504457515564644e-12,3.2504457515564644e-12,0.48146673457104494,1.5059611681739826e-13,1.5059611681739826e-13,Chromite,2.152027027027027,6.995047107234689e-12,1.0361294254113367,3.2408691355636045e-13,0.2237270854521653,0.22372708544517025
1535,Dichromate,"('ecoinvent-3.4-biosphere', 'ff5b7e31-3118-40f5-9b82-f65018442d77')",Cr,3.2504457515564644e-12,3.2504457515564644e-12,0.48146673457104494,1.5059611681739826e-13,1.5059611681739826e-13,Chromite,2.152027027027027,6.995047107234689e-12,1.0361294254113367,3.2408691355636045e-13,0.2237270854521653,0.22372708544517025
1536,Dichromate,"('ecoinvent-3.4-biosphere', '1ad3b0dc-fce4-416b-9851-f29d12cce55a')",Cr,3.2504457515564644e-12,3.2504457515564644e-12,0.48146673457104494,1.5059611681739826e-13,1.5059611681739826e-13,Chromite,2.152027027027027,6.995047107234689e-12,1.0361294254113367,3.2408691355636045e-13,0.2237270854521653,0.22372708544517025
1537,Nickel,"('ecoinvent-3.4-biosphere', '5de1943f-b011-45a0-97d4-ed15eea6a382')",Ni,3.08084277038755e-12,3.08084277038755e-12,1.0,9.066741688482605e-14,9.066741688482605e-14,Pentlandite(sulphides) / Garnierite(laterites),2.9342028985507245,9.039817786850194e-12,2.9342028985507245,2.660365974275635e-13,0.3393665158371041,0.33936651582806426
1538,Nickel,"('ecoinvent-3.4-biosphere', '56815b4f-6138-4e0b-9fac-c94fd6b102b3')",Ni,3.08084277038755e-12,3.08084277038755e-12,1.0,9.066741688482605e-14,9.066741688482605e-14,Pentlandite(sulphides) / Garnierite(laterites),2.9342028985507245,9.039817786850194e-12,2.9342028985507245,2.660365974275635e-13,0.3393665158371041,0.33936651582806426
1539,Nickel,"('ecoinvent-3.4-biosphere', 'e43a270f-4f88-4789-a0b8-7aba56677743')",Ni,3.08084277038755e-12,3.08084277038755e-12,1.0,9.066741688482605e-14,9.066741688482605e-14,Pentlandite(sulphides) / Garnierite(laterites),2.9342028985507245,9.039817786850194e-12,2.9342028985507245,2.660365974275635e-13,0.3393665158371041,0.33936651582806426
1540,Nickel,"('ecoinvent-3.4-biosphere', 'c89873de-cd23-4323-a948-f5cfeebd2fc9')",Ni,3.08084277038755e-12,3.08084277038755e-12,1.0,9.066741688482605e-14,9.066741688482605e-14,Pentlandite(sulphides) / Garnierite(laterites),2.9342028985507245,9.039817786850194e-12,2.9342028985507245,2.660365974275635e-13,0.3393665158371041,0.33936651582806426
1541,Nickel,"('ecoinvent-3.4-biosphere', 'b4580545-243d-48d2-a3a0-2633a4f46fb1')",Ni,3.08084277038755e-12,3.08084277038755e-12,1.0,9.066741688482605e-14,9.066741688482605e-14,Pentlandite(sulphides) / Garnierite(laterites),2.9342028985507245,9.039817786850194e-12,2.9342028985507245,2.660365974275635e-13,0.3393665158371041,0.33936651582806426
1542,Nickel,"('ecoinvent-3.4-biosphere', 'e8fc62ba-678e-4706-97d2-b79d83e227d5')",Ni,3.08084277038755e-12,3.08084277038755e-12,1.0,9.066741688482605e-14,9.066741688482605e-14,Pentlandite(sulphides) / Garnierite(laterites),2.9342028985507245,9.039817786850194e-12,2.9342028985507245,2.660365974275635e-13,0.3393665158371041,0.33936651582806426
1543,Nickel,"('ecoinvent-3.4-biosphere', '0545c382-2312-43b6-9ec3-63dbb1438565')",Ni,3.08084277038755e-12,3.08084277038755e-12,1.0,9.066741688482605e-14,9.066741688482605e-14,Pentlandite(sulphides) / Garnierite(laterites),2.9342028985507245,9.039817786850194e-12,2.9342028985507245,2.660365974275635e-13,0.3393665158371041,0.33936651582806426
1544,Nickel,"('ecoinvent-3.4-biosphere', '2bcad3b3-5305-481c-a166-ad5e6eac2675')",Ni,3.08084277038755e-12,3.08084277038755e-12,1.0,9.066741688482605e-14,9.066741688482605e-14,Pentlandite(sulphides) / Garnierite(laterites),2.9342028985507245,9.039817786850194e-12,2.9342028985507245,2.660365974275635e-13,0.3393665158371041,0.33936651582806426
1545,Nickel,"('ecoinvent-3.4-biosphere', 'a72a45ee-395a-4d25-b893-9d183e43e76e')",Ni,3.08084277038755e-12,3.08084277038755e-12,1.0,9.066741688482605e-14,9.066741688482605e-14,Pentlandite(sulphides) / Garnierite(laterites),2.9342028985507245,9.039817786850194e-12,2.9342028985507245,2.660365974275635e-13,0.3393665158371041,0.33936651582806426
1546,Nickel,"('ecoinvent-3.4-biosphere', 'a5506f4b-113f-4713-95c3-c819dde6e48b')",Ni,3.08084277038755e-12,3.08084277038755e-12,1.0,9.066741688482605e-14,9.066741688482605e-14,Pentlandite(sulphides) / Garnierite(laterites),2.9342028985507245,9.039817786850194e-12,2.9342028985507245,2.660365974275635e-13,0.3393665158371041,0.33936651582806426
1547,Phosphorus,"('ecoinvent-3.4-biosphere', 'b1fca66f-8e83-469a-a7b5-018e14d5d545')",P,3.0655314921485618e-12,3.0655314921485618e-12,1.0,1.6973366253890836e-14,1.6973366253890836e-14,Apatite,0.3532544378698225,1.0829126040311784e-12,0.3532544378698225,5.995916954776823e-15,2.8308207705192627,2.8308207705181796
1548,Phosphorus,"('ecoinvent-3.4-biosphere', '76b09afe-52b9-4ecc-b97a-00b49ad8ed1a')",P,3.0655314921485618e-12,3.0655314921485618e-12,1.0,1.6973366253890836e-14,1.6973366253890836e-14,Apatite,0.3532544378698225,1.0829126040311784e-12,0.3532544378698225,5.995916954776823e-15,2.8308207705192627,2.8308207705181796
1549,Phosphorus,"('ecoinvent-3.4-biosphere', 'b2631209-8374-431e-b7d5-56c96c6b6d79')",P,3.0655314921485618e-12,3.0655314921485618e-12,1.0,1.6973366253890836e-14,1.6973366253890836e-14,Apatite,0.3532544378698225,1.0829126040311784e-12,0.3532544378698225,5.995916954776823e-15,2.8308207705192627,2.8308207705181796
1550,Phosphorus,"('ecoinvent-3.4-biosphere', '62f3d964-9b53-4d01-9ee0-04112dcfc6d2')",P,3.0655314921485618e-12,3.0655314921485618e-12,1.0,1.6973366253890836e-14,1.6973366253890836e-14,Apatite,0.3532544378698225,1.0829126040311784e-12,0.3532544378698225,5.995916954776823e-15,2.8308207705192627,2.8308207705181796
1551,Phosphorus,"('ecoinvent-3.4-biosphere', '2d4b8ec1-8d53-4e62-8a11-ebc45909b02e')",P,3.0655314921485618e-12,3.0655314921485618e-12,1.0,1.6973366253890836e-14,1.6973366253890836e-14,Apatite,0.3532544378698225,1.0829126040311784e-12,0.3532544378698225,5.995916954776823e-15,2.8308207705192627,2.8308207705181796
1552,Phosphorus,"('ecoinvent-3.4-biosphere', '8b0a4a41-c65c-4d94-b10c-94ddb98abdd2')",P,3.0655314921485618e-12,3.0655314921485618e-12,1.0,1.6973366253890836e-14,1.6973366253890836e-14,Apatite,0.3532544378698225,1.0829126040311784e-12,0.3532544378698225,5.995916954776823e-15,2.8308207705192627,2.8308207705181796
1553,Phosphorus,"('ecoinvent-3.4-biosphere', 'b6e2f7f4-6b2e-4b3e-be1f-67626cb8205d')",P,3.0655314921485618e-12,3.0655314921485618e-12,1.0,1.6973366253890836e-14,1.6973366253890836e-14,Apatite,0.3532544378698225,1.0829126040311784e-12,0.3532544378698225,5.995916954776823e-15,2.8308207705192627,2.8308207705181796
1554,Phosphorus,"('ecoinvent-3.4-biosphere', 'f5e7e615-4160-4df9-b39b-7463eaed77c7')",P,3.0655314921485618e-12,3.0655314921485618e-12,1.0,1.6973366253890836e-14,1.6973366253890836e-14,Apatite,0.3532544378698225,1.0829126040311784e-12,0.3532544378698225,5.995916954776823e-15,2.8308207705192627,2.8308207705181796
1555,Phosphorus,"('ecoinvent-3.4-biosphere', '2f8952b0-c90c-4e3d-b546-52b862fc8f11')",P,3.0655314921485618e-12,3.0655314921485618e-12,1.0,1.6973366253890836e-14,1.6973366253890836e-14,Apatite,0.3532544378698225,1.0829126040311784e-12,0.3532544378698225,5.995916954776823e-15,2.8308207705192627,2.8308207705181796
1556,Phosphorus,"('ecoinvent-3.4-biosphere', 'c89a0749-40a5-4c9c-8770-c4295ea34977')",P,3.0655314921485618e-12,3.0655314921485618e-12,1.0,1.6973366253890836e-14,1.6973366253890836e-14,Apatite,0.3532544378698225,1.0829126040311784e-12,0.3532544378698225,5.995916954776823e-15,2.8308207705192627,2.8308207705181796
1557,Phosphorus,"('ecoinvent-3.4-biosphere', 'd761f94e-517d-41cf-89fa-17dc72f7a69b')",P,3.0655314921485618e-12,3.0655314921485618e-12,1.0,1.6973366253890836e-14,1.6973366253890836e-14,Apatite,0.3532544378698225,1.0829126040311784e-12,0.3532544378698225,5.995916954776823e-15,2.8308207705192627,2.8308207705181796
1558,Phosphorus,"('ecoinvent-3.4-biosphere', '198ce8e3-f05a-4bec-9f7f-325347453326')",P,3.0655314921485618e-12,3.0655314921485618e-12,1.0,1.6973366253890836e-14,1.6973366253890836e-14,Apatite,0.3532544378698225,1.0829126040311784e-12,0.3532544378698225,5.995916954776823e-15,2.8308207705192627,2.8308207705181796
1559,Phosphorus,"('ecoinvent-3.4-biosphere', 'ea4e9316-5080-4b3b-bbf3-1949f6d7577a')",P,3.0655314921485618e-12,3.0655314921485618e-12,1.0,1.6973366253890836e-14,1.6973366253890836e-14,Apatite,0.3532544378698225,1.0829126040311784e-12,0.3532544378698225,5.995916954776823e-15,2.8308207705192627,2.8308207705181796
1560,Phosphorus,"('ecoinvent-3.4-biosphere', 'e2d35af7-9806-46ff-9b75-b124a48fa5a1')",P,3.0655314921485618e-12,3.0655314921485618e-12,1.0,1.6973366253890836e-14,1.6973366253890836e-14,Apatite,0.3532544378698225,1.0829126040311784e-12,0.3532544378698225,5.995916954776823e-15,2.8308207705192627,2.8308207705181796
1561,Tin,"('ecoinvent-3.4-biosphere', 'c67e3ba8-ddce-4931-b4b0-f4f9a56ccf40')",Sn,2.9731138787048017e-12,2.9731138787048017e-12,1.0,1.3268575464212294e-13,1.3268575464212294e-13,Cassiterite,1.26875,3.772138233606718e-12,1.26875,1.6834505120219348e-13,0.7881773399014778,0.7881773398977057
1562,Tin,"('ecoinvent-3.4-biosphere', 'f563b90e-a300-4403-b278-d2fdcd73e5a7')",Sn,2.9731138787048017e-12,2.9731138787048017e-12,1.0,1.3268575464212294e-13,1.3268575464212294e-13,Cassiterite,1.26875,3.772138233606718e-12,1.26875,1.6834505120219348e-13,0.7881773399014778,0.7881773398977057
1563,Tin,"('ecoinvent-3.4-biosphere', '19b6e569-85a4-4ea9-a590-d61a21e3c846')",Sn,2.9731138787048017e-12,2.9731138787048017e-12,1.0,1.3268575464212294e-13,1.3268575464212294e-13,Cassiterite,1.26875,3.772138233606718e-12,1.26875,1.6834505120219348e-13,0.7881773399014778,0.7881773398977057
1564,Tin,"('ecoinvent-3.4-biosphere', '6366d4ec-5ffc-4488-be51-0c239cdf535d')",Sn,2.9731138787048017e-12,2.9731138787048017e-12,1.0,1.3268575464212294e-13,1.3268575464212294e-13,Cassiterite,1.26875,3.772138233606718e-12,1.26875,1.6834505120219348e-13,0.7881773399014778,0.7881773398977057
1565,Tin,"('ecoinvent-3.4-biosphere', '2a7b68ff-f12a-44c6-8b31-71ec91d29889')",Sn,2.9731138787048017e-12,2.9731138787048017e-12,1.0,1.3268575464212294e-13,1.3268575464212294e-13,Cassiterite,1.26875,3.772138233606718e-12,1.26875,1.6834505120219348e-13,0.7881773399014778,0.7881773398977057
1566,Tin,"('ecoinvent-3.4-biosphere', '85a764f2-a810-4b20-bc86-a45604262fda')",Sn,2.9731138787048017e-12,2.9731138787048017e-12,1.0,1.3268575464212294e-13,1.3268575464212294e-13,Cassiterite,1.26875,3.772138233606718e-12,1.26875,1.6834505120219348e-13,0.7881773399014778,0.7881773398977057
1567,Tin,"('ecoinvent-3.4-biosphere', '8a422b03-1055-4bc8-b439-27bf8d7eef57')",Sn,2.9731138787048017e-12,2.9731138787048017e-12,1.0,1.3268575464212294e-13,1.3268575464212294e-13,Cassiterite,1.26875,3.772138233606718e-12,1.26875,1.6834505120219348e-13,0.7881773399014778,0.7881773398977057
1568,Tin,"('ecoinvent-3.4-biosphere', 'e070bd24-fd16-4963-8f4d-78bb4c402400')",Sn,2.9731138787048017e-12,2.9731138787048017e-12,1.0,1.3268575464212294e-13,1.3268575464212294e-13,Cassiterite,1.26875,3.772138233606718e-12,1.26875,1.6834505120219348e-13,0.7881773399014778,0.7881773398977057
1569,Tin,"('ecoinvent-3.4-biosphere', '168c970b-91c9-4427-a3a0-6686ad6cc2c4')",Sn,2.9731138787048017e-12,2.9731138787048017e-12,1.0,1.3268575464212294e-13,1.3268575464212294e-13,Cassiterite,1.26875,3.772138233606718e-12,1.26875,1.6834505120219348e-13,0.7881773399014778,0.7881773398977057
1570,Lead,"('ecoinvent-3.4-biosphere', '2718482b-8399-442e-b89a-52fbcc22d2e6')",Pb,2.872932020363126e-12,2.872932020363126e-12,1.0,1.1855254708054448e-13,1.1855254708054448e-13,Galena,1.1560975609756097,3.3213897015905404e-12,1.1560975609756097,1.370583105272636e-13,0.8649789029535866,0.8649789029502652
1571,Lead,"('ecoinvent-3.4-biosphere', '4010918f-7fd0-4925-8fbb-8fd7a44a806c')",Pb,2.872932020363126e-12,2.872932020363126e-12,1.0,1.1855254708054448e-13,1.1855254708054448e-13,Galena,1.1560975609756097,3.3213897015905404e-12,1.1560975609756097,1.370583105272636e-13,0.8649789029535866,0.8649789029502652
1572,Lead,"('ecoinvent-3.4-biosphere', '31c4d160-b21e-41b3-b9c1-3d7a72377653')",Pb,2.872932020363126e-12,2.872932020363126e-12,1.0,1.1855254708054448e-13,1.1855254708054448e-13,Galena,1.1560975609756097,3.3213897015905404e-12,1.1560975609756097,1.370583105272636e-13,0.8649789029535866,0.8649789029502652
1573,Lead,"('ecoinvent-3.4-biosphere', '0ff15165-d761-48c9-9814-2d1dcdd56857')",Pb,2.872932020363126e-12,2.872932020363126e-12,1.0,1.1855254708054448e-13,1.1855254708054448e-13,Galena,1.1560975609756097,3.3213897015905404e-12,1.1560975609756097,1.370583105272636e-13,0.8649789029535866,0.8649789029502652
1574,Lead,"('ecoinvent-3.4-biosphere', 'c864aa15-0abc-41ad-9889-348106e485d8')",Pb,2.872932020363126e-12,2.872932020363126e-12,1.0,1.1855254708054448e-13,1.1855254708054448e-13,Galena,1.1560975609756097,3.3213897015905404e-12,1.1560975609756097,1.370583105272636e-13,0.8649789029535866,0.8649789029502652
1575,Lead,"('ecoinvent-3.4-biosphere', '9ee7f4ab-b826-47ae-8623-e138f944b42e')",Pb,2.872932020363126e-12,2.872932020363126e-12,1.0,1.1855254708054448e-13,1.1855254708054448e-13,Galena,1.1560975609756097,3.3213897015905404e-12,1.1560975609756097,1.370583105272636e-13,0.8649789029535866,0.8649789029502652
1576,Lead,"('ecoinvent-3.4-biosphere', 'b3ebdcc3-c588-4997-95d2-9785b26b34e1')",Pb,2.872932020363126e-12,2.872932020363126e-12,1.0,1.1855254708054448e-13,1.1855254708054448e-13,Galena,1.1560975609756097,3.3213897015905404e-12,1.1560975609756097,1.370583105272636e-13,0.8649789029535866,0.8649789029502652
1577,Lead,"('ecoinvent-3.4-biosphere', 'e9e856c2-868e-435e-8425-8df1c9297cfc')",Pb,2.872932020363126e-12,2.872932020363126e-12,1.0,1.1855254708054448e-13,1.1855254708054448e-13,Galena,1.1560975609756097,3.3213897015905404e-12,1.1560975609756097,1.370583105272636e-13,0.8649789029535866,0.8649789029502652
1578,Lead,"('ecoinvent-3.4-biosphere', '739234c8-5359-48b4-983f-9cb170d68c8d')",Pb,2.872932020363126e-12,2.872932020363126e-12,1.0,1.1855254708054448e-13,1.1855254708054448e-13,Galena,1.1560975609756097,3.3213897015905404e-12,1.1560975609756097,1.370583105272636e-13,0.8649789029535866,0.8649789029502652
1579,Lead,"('ecoinvent-3.4-biosphere', '8e123669-94d3-41d8-9480-a79211fe7c43')",Pb,2.872932020363126e-12,2.872932020363126e-12,1.0,1.1855254708054448e-13,1.1855254708054448e-13,Galena,1.1560975609756097,3.3213897015905404e-12,1.1560975609756097,1.370583105272636e-13,0.8649789029535866,0.8649789029502652
1580,Lead,"('ecoinvent-3.4-biosphere', '6a903634-c97f-4c49-a7c0-88f0e6ac7a23')",Pb,2.872932020363126e-12,2.872932020363126e-12,1.0,1.1855254708054448e-13,1.1855254708054448e-13,Galena,1.1560975609756097,3.3213897015905404e-12,1.1560975609756097,1.370583105272636e-13,0.8649789029535866,0.8649789029502652
1581,Lead,"('ecoinvent-3.4-biosphere', 'fe4613d7-1ed8-427d-9b06-c8e8f4f5e1b1')",Pb,2.872932020363126e-12,2.872932020363126e-12,1.0,1.1855254708054448e-13,1.1855254708054448e-13,Galena,1.1560975609756097,3.3213897015905404e-12,1.1560975609756097,1.370583105272636e-13,0.8649789029535866,0.8649789029502652
1582,Lead,"('ecoinvent-3.4-biosphere', '837083ce-41cd-49f3-a849-d79564dac238')",Pb,2.872932020363126e-12,2.872932020363126e-12,1.0,1.1855254708054448e-13,1.1855254708054448e-13,Galena,1.1560975609756097,3.3213897015905404e-12,1.1560975609756097,1.370583105272636e-13,0.8649789029535866,0.8649789029502652
1583,Lead,"('ecoinvent-3.4-biosphere', '67652827-017f-4856-8d0a-c97bac4c6562')",Pb,2.872932020363126e-12,2.872932020363126e-12,1.0,1.1855254708054448e-13,1.1855254708054448e-13,Galena,1.1560975609756097,3.3213897015905404e-12,1.1560975609756097,1.370583105272636e-13,0.8649789029535866,0.8649789029502652
1584,Silver,"('ecoinvent-3.4-biosphere', '48dbf4b1-0b2a-4bf5-a190-2d7fc465bda4')",Ag,2.526952781192308e-12,2.526952781192308e-12,1.0,1.5701960660375504e-13,1.5701960660375504e-13,Argentite,1.1478494623655913,2.900561391314826e-12,1.1478494623655913,1.8023487102097688e-13,0.8711943793911008,0.8711943793882002
1585,Silver,"('ecoinvent-3.4-biosphere', 'ebb88ef4-50ab-4e3b-9251-c5fcdf6b4768')",Ag,2.526952781192308e-12,2.526952781192308e-12,1.0,1.5701960660375504e-13,1.5701960660375504e-13,Argentite,1.1478494623655913,2.900561391314826e-12,1.1478494623655913,1.8023487102097688e-13,0.8711943793911008,0.8711943793882002
1586,Silver,"('ecoinvent-3.4-biosphere', '6e8a87bf-baea-4cd9-a967-932e750968d1')",Ag,2.526952781192308e-12,2.526952781192308e-12,1.0,1.5701960660375504e-13,1.5701960660375504e-13,Argentite,1.1478494623655913,2.900561391314826e-12,1.1478494623655913,1.8023487102097688e-13,0.8711943793911008,0.8711943793882002
1587,Silver,"('ecoinvent-3.4-biosphere', 'fce0b9ae-53c8-4ab0-9e7a-7f5c2ed2c856')",Ag,2.526952781192308e-12,2.526952781192308e-12,1.0,1.5701960660375504e-13,1.5701960660375504e-13,Argentite,1.1478494623655913,2.900561391314826e-12,1.1478494623655913,1.8023487102097688e-13,0.8711943793911008,0.8711943793882002
1588,Silver,"('ecoinvent-3.4-biosphere', '35df5fe0-c90d-43b4-a35a-3d97022114d2')",Ag,2.526952781192308e-12,2.526952781192308e-12,1.0,1.5701960660375504e-13,1.5701960660375504e-13,Argentite,1.1478494623655913,2.900561391314826e-12,1.1478494623655913,1.8023487102097688e-13,0.8711943793911008,0.8711943793882002
1589,Silver,"('ecoinvent-3.4-biosphere', '7da45a0b-0dcf-413c-8de0-44d8ebca9e6e')",Ag,2.526952781192308e-12,2.526952781192308e-12,1.0,1.5701960660375504e-13,1.5701960660375504e-13,Argentite,1.1478494623655913,2.900561391314826e-12,1.1478494623655913,1.8023487102097688e-13,0.8711943793911008,0.8711943793882002
1590,Silver,"('ecoinvent-3.4-biosphere', '0ed1b1a1-e56d-4860-bac7-d76a39bde930')",Ag,2.526952781192308e-12,2.526952781192308e-12,1.0,1.5701960660375504e-13,1.5701960660375504e-13,Argentite,1.1478494623655913,2.900561391314826e-12,1.1478494623655913,1.8023487102097688e-13,0.8711943793911008,0.8711943793882002
1591,Silver,"('ecoinvent-3.4-biosphere', '16316600-f12a-410b-8726-3faee64de60a')",Ag,2.526952781192308e-12,2.526952781192308e-12,1.0,1.5701960660375504e-13,1.5701960660375504e-13,Argentite,1.1478494623655913,2.900561391314826e-12,1.1478494623655913,1.8023487102097688e-13,0.8711943793911008,0.8711943793882002
1592,Silver,"('ecoinvent-3.4-biosphere', 'c6462d84-caa9-425a-a923-45238690c6f3')",Ag,2.526952781192308e-12,2.526952781192308e-12,1.0,1.5701960660375504e-13,1.5701960660375504e-13,Argentite,1.1478494623655913,2.900561391314826e-12,1.1478494623655913,1.8023487102097688e-13,0.8711943793911008,0.8711943793882002
1593,"Iron, ion","('ecoinvent-3.4-biosphere', '9b6d6f07-ebc6-447d-a3c0-f2017d77d852')",Fe,2.3971137240202286e-12,2.3971137240202286e-12,1.0,4.282654305987987e-15,4.282654305987987e-15,Hematite,1.0,2.3971137240202286e-12,1.0,4.282654305987987e-15,1.0,0.9999999999976029
1594,"Iron, ion","('ecoinvent-3.4-biosphere', '2c9a7182-37c8-4777-a37a-9a007c3edb2f')",Fe,2.3971137240202286e-12,2.3971137240202286e-12,1.0,4.282654305987987e-15,4.282654305987987e-15,Hematite,1.0,2.3971137240202286e-12,1.0,4.282654305987987e-15,1.0,0.9999999999976029
1595,"Iron, ion","('ecoinvent-3.4-biosphere', '33fd8342-58e7-45c9-ad92-0951c002c403')",Fe,2.3971137240202286e-12,2.3971137240202286e-12,1.0,4.282654305987987e-15,4.282654305987987e-15,Hematite,1.0,2.3971137240202286e-12,1.0,4.282654305987987e-15,1.0,0.9999999999976029
1596,"Iron, ion","('ecoinvent-3.4-biosphere', '7c335b9c-a403-47a8-bb6d-2e7d3c3a230e')",Fe,2.3971137240202286e-12,2.3971137240202286e-12,1.0,4.282654305987987e-15,4.282654305987987e-15,Hematite,1.0,2.3971137240202286e-12,1.0,4.282654305987987e-15,1.0,0.9999999999976029
1597,"Iron, ion","('ecoinvent-3.4-biosphere', 'de444dc0-5964-4501-8367-50ba53bfc6b9')",Fe,2.3971137240202286e-12,2.3971137240202286e-12,1.0,4.282654305987987e-15,4.282654305987987e-15,Hematite,1.0,2.3971137240202286e-12,1.0,4.282654305987987e-15,1.0,0.9999999999976029
1598,Cobalt,"('ecoinvent-3.4-biosphere', '74eb3f02-09ec-46ce-8ee8-d67d0900136b')",Co,2.088856895938263e-12,2.088856895938263e-12,1.0,1.9447495148453946e-12,1.9447495148453946e-12,Linnaeite,1.727272727272727,3.608025547529727e-12,1.727272727272727,3.3591127983693174e-12,0.5789473684210527,0.5789473684174447
1599,Cobalt,"('ecoinvent-3.4-biosphere', '12051b95-831a-49c0-9a70-fbc0e8fb9af9')",Co,2.088856895938263e-12,2.088856895938263e-12,1.0,1.9447495148453946e-12,1.9447495148453946e-12,Linnaeite,1.727272727272727,3.608025547529727e-12,1.727272727272727,3.3591127983693174e-12,0.5789473684210527,0.5789473684174447
1600,Cobalt,"('ecoinvent-3.4-biosphere', 'd4291dd5-dae8-47fa-bf06-466fcecbc210')",Co,2.088856895938263e-12,2.088856895938263e-12,1.0,1.9447495148453946e-12,1.9447495148453946e-12,Linnaeite,1.727272727272727,3.608025547529727e-12,1.727272727272727,3.3591127983693174e-12,0.5789473684210527,0.5789473684174447
1601,Cobalt,"('ecoinvent-3.4-biosphere', '9542444c-7c7a-48e2-bc9c-9c7c34fb7b3e')",Co,2.088856895938263e-12,2.088856895938263e-12,1.0,1.9447495148453946e-12,1.9447495148453946e-12,Linnaeite,1.727272727272727,3.608025547529727e-12,1.727272727272727,3.3591127983693174e-12,0.5789473684210527,0.5789473684174447
1602,Cobalt,"('ecoinvent-3.4-biosphere', 'c58d25ad-30d2-4fac-a857-1fa6f67afe8a')",Co,2.088856895938263e-12,2.088856895938263e-12,1.0,1.9447495148453946e-12,1.9447495148453946e-12,Linnaeite,1.727272727272727,3.608025547529727e-12,1.727272727272727,3.3591127983693174e-12,0.5789473684210527,0.5789473684174447
1603,Cobalt,"('ecoinvent-3.4-biosphere', 'caf066cf-40ce-47a8-ba4c-969fcd6019c7')",Co,2.088856895938263e-12,2.088856895938263e-12,1.0,1.9447495148453946e-12,1.9447495148453946e-12,Linnaeite,1.727272727272727,3.608025547529727e-12,1.727272727272727,3.3591127983693174e-12,0.5789473684210527,0.5789473684174447
1604,Cobalt,"('ecoinvent-3.4-biosphere', 'f0d1c319-249f-4a89-b0e7-3a5a90a54036')",Co,2.088856895938263e-12,2.088856895938263e-12,1.0,1.9447495148453946e-12,1.9447495148453946e-12,Linnaeite,1.727272727272727,3.608025547529727e-12,1.727272727272727,3.3591127983693174e-12,0.5789473684210527,0.5789473684174447
1605,Cobalt,"('ecoinvent-3.4-biosphere', 'f0e28a62-ddf9-4c93-af81-676a58c3f2d4')",Co,2.088856895938263e-12,2.088856895938263e-12,1.0,1.9447495148453946e-12,1.9447495148453946e-12,Linnaeite,1.727272727272727,3.608025547529727e-12,1.727272727272727,3.3591127983693174e-12,0.5789473684210527,0.5789473684174447
1606,Cobalt,"('ecoinvent-3.4-biosphere', 'ca04300a-8338-4601-ba7c-66c10a4f6322')",Co,2.088856895938263e-12,2.088856895938263e-12,1.0,1.9447495148453946e-12,1.9447495148453946e-12,Linnaeite,1.727272727272727,3.608025547529727e-12,1.727272727272727,3.3591127983693174e-12,0.5789473684210527,0.5789473684174447
1607,Cobalt,"('ecoinvent-3.4-biosphere', '1e904267-caa3-40e6-a3a0-fc104489770b')",Co,2.088856895938263e-12,2.088856895938263e-12,1.0,1.9447495148453946e-12,1.9447495148453946e-12,Linnaeite,1.727272727272727,3.608025547529727e-12,1.727272727272727,3.3591127983693174e-12,0.5789473684210527,0.5789473684174447
1608,Cobalt,"('ecoinvent-3.4-biosphere', '33627701-feca-434d-a192-674a450eaaf7')",Co,2.088856895938263e-12,2.088856895938263e-12,1.0,1.9447495148453946e-12,1.9447495148453946e-12,Linnaeite,1.727272727272727,3.608025547529727e-12,1.727272727272727,3.3591127983693174e-12,0.5789473684210527,0.5789473684174447
1609,Cobalt,"('ecoinvent-3.4-biosphere', '381a22c9-3722-4378-810d-86958f7b6d32')",Co,2.088856895938263e-12,2.088856895938263e-12,1.0,1.9447495148453946e-12,1.9447495148453946e-12,Linnaeite,1.727272727272727,3.608025547529727e-12,1.727272727272727,3.3591127983693174e-12,0.5789473684210527,0.5789473684174447
1610,Cobalt,"('ecoinvent-3.4-biosphere', '9ce88274-57b6-42ed-a78b-4abef2301865')",Co,2.088856895938263e-12,2.088856895938263e-12,1.0,1.9447495148453946e-12,1.9447495148453946e-12,Linnaeite,1.727272727272727,3.608025547529727e-12,1.727272727272727,3.3591127983693174e-12,0.5789473684210527,0.5789473684174447
1611,Cobalt,"('ecoinvent-3.4-biosphere', 'b10faa87-2c1d-4f6e-aa65-9f80b376939a')",Co,2.088856895938263e-12,2.088856895938263e-12,1.0,1.9447495148453946e-12,1.9447495148453946e-12,Linnaeite,1.727272727272727,3.608025547529727e-12,1.727272727272727,3.3591127983693174e-12,0.5789473684210527,0.5789473684174447
1612,Iron,"('ecoinvent-3.4-biosphere', '8dba66e2-0f2e-4038-84ef-1e40b4f573a6')",Fe,1.9495328336126454e-12,1.9495328336126454e-12,1.0,4.282654305987987e-15,4.282654305987987e-15,Hematite,1.0,1.9495328336126454e-12,1.0,4.282654305987987e-15,1.0,0.9999999999980504
1613,Iron,"('ecoinvent-3.4-biosphere', 'db364689-e1a3-4629-8835-e6c59d6daf09')",Fe,1.9495328336126454e-12,1.9495328336126454e-12,1.0,4.282654305987987e-15,4.282654305987987e-15,Hematite,1.0,1.9495328336126454e-12,1.0,4.282654305987987e-15,1.0,0.9999999999980504
1614,Iron,"('ecoinvent-3.4-biosphere', '76152de4-9499-48f7-af98-a5d41842484a')",Fe,1.9495328336126454e-12,1.9495328336126454e-12,1.0,4.282654305987987e-15,4.282654305987987e-15,Hematite,1.0,1.9495328336126454e-12,1.0,4.282654305987987e-15,1.0,0.9999999999980504
1615,Iron,"('ecoinvent-3.4-biosphere', 'c983ad54-12e9-47a5-b747-5e5c448e58e2')",Fe,1.9495328336126454e-12,1.9495328336126454e-12,1.0,4.282654305987987e-15,4.282654305987987e-15,Hematite,1.0,1.9495328336126454e-12,1.0,4.282654305987987e-15,1.0,0.9999999999980504
1616,Iron,"('ecoinvent-3.4-biosphere', '32cd0492-c0cb-4898-a2b1-675eedc5b688')",Fe,1.9495328336126454e-12,1.9495328336126454e-12,1.0,4.282654305987987e-15,4.282654305987987e-15,Hematite,1.0,1.9495328336126454e-12,1.0,4.282654305987987e-15,1.0,0.9999999999980504
1617,Iron,"('ecoinvent-3.4-biosphere', 'e3043a7f-5347-4c7b-89ee-93f11b2f6d9b')",Fe,1.9495328336126454e-12,1.9495328336126454e-12,1.0,4.282654305987987e-15,4.282654305987987e-15,Hematite,1.0,1.9495328336126454e-12,1.0,4.282654305987987e-15,1.0,0.9999999999980504
1618,Iron,"('ecoinvent-3.4-biosphere', '98693cdf-d9fc-43ed-bfe6-78dfe5742d33')",Fe,1.9495328336126454e-12,1.9495328336126454e-12,1.0,4.282654305987987e-15,4.282654305987987e-15,Hematite,1.0,1.9495328336126454e-12,1.0,4.282654305987987e-15,1.0,0.9999999999980504
1619,Iron,"('ecoinvent-3.4-biosphere', '0dc0bbb0-1141-4dff-b6a2-8bd5368e14af')",Fe,1.9495328336126454e-12,1.9495328336126454e-12,1.0,4.282654305987987e-15,4.282654305987987e-15,Hematite,1.0,1.9495328336126454e-12,1.0,4.282654305987987e-15,1.0,0.9999999999980504
1620,Iron,"('ecoinvent-3.4-biosphere', 'ce567bdc-76ec-4ca0-be79-8bb796e448b3')",Fe,1.9495328336126454e-12,1.9495328336126454e-12,1.0,4.282654305987987e-15,4.282654305987987e-15,Hematite,1.0,1.9495328336126454e-12,1.0,4.282654305987987e-15,1.0,0.9999999999980504
1621,Iron,"('ecoinvent-3.4-biosphere', 'e8bd2edd-f937-49f6-9e8b-9f445278775e')",Fe,1.9495328336126454e-12,1.9495328336126454e-12,1.0,4.282654305987987e-15,4.282654305987987e-15,Hematite,1.0,1.9495328336126454e-12,1.0,4.282654305987987e-15,1.0,0.9999999999980504
1622,"Nickel, ion","('ecoinvent-3.4-biosphere', '9798359e-a3ee-4362-a038-23a188582c6e')",Ni,1.937619222301516e-12,1.937619222301516e-12,1.0,9.066741688482605e-14,9.066741688482605e-14,Pentlandite(sulphides) / Garnierite(laterites),2.9342028985507245,5.685367938364709e-12,2.9342028985507245,2.660365974275635e-13,0.3393665158371041,0.33936651583141875
1623,"Nickel, ion","('ecoinvent-3.4-biosphere', 'e030108f-2125-4bcb-a73b-ad72130fcca3')",Ni,1.937619222301516e-12,1.937619222301516e-12,1.0,9.066741688482605e-14,9.066741688482605e-14,Pentlandite(sulphides) / Garnierite(laterites),2.9342028985507245,5.685367938364709e-12,2.9342028985507245,2.660365974275635e-13,0.3393665158371041,0.33936651583141875
1624,"Nickel, ion","('ecoinvent-3.4-biosphere', '9f69cb8e-51fe-447b-a1ac-4da74de8ebe4')",Ni,1.937619222301516e-12,1.937619222301516e-12,1.0,9.066741688482605e-14,9.066741688482605e-14,Pentlandite(sulphides) / Garnierite(laterites),2.9342028985507245,5.685367938364709e-12,2.9342028985507245,2.660365974275635e-13,0.3393665158371041,0.33936651583141875
1625,"Nickel, ion","('ecoinvent-3.4-biosphere', '23cb10a4-6228-4ce4-9fb5-7043bc31faec')",Ni,1.937619222301516e-12,1.937619222301516e-12,1.0,9.066741688482605e-14,9.066741688482605e-14,Pentlandite(sulphides) / Garnierite(laterites),2.9342028985507245,5.685367938364709e-12,2.9342028985507245,2.660365974275635e-13,0.3393665158371041,0.33936651583141875
1626,"Nickel, ion","('ecoinvent-3.4-biosphere', '6ec6cdaa-5a01-46d4-b716-1905e56690ea')",Ni,1.937619222301516e-12,1.937619222301516e-12,1.0,9.066741688482605e-14,9.066741688482605e-14,Pentlandite(sulphides) / Garnierite(laterites),2.9342028985507245,5.685367938364709e-12,2.9342028985507245,2.660365974275635e-13,0.3393665158371041,0.33936651583141875
1627,Copper,"('ecoinvent-3.4-biosphere', '237ca6bc-2f0a-4416-a0e3-bd512f038f2e')",Cu,1.9225173812893517e-12,1.9225173812893517e-12,1.0,1.231243333335009e-14,1.231243333335009e-14,Chalcopyrite,2.8793103448275863,5.535524184057271e-12,2.8793103448275863,3.545131666671491e-14,0.34730538922155685,0.34730538921602133
1628,Copper,"('ecoinvent-3.4-biosphere', 'fd153f15-1d16-410a-91fa-04d205e36c43')",Cu,1.9225173812893517e-12,1.9225173812893517e-12,1.0,1.231243333335009e-14,1.231243333335009e-14,Chalcopyrite,2.8793103448275863,5.535524184057271e-12,2.8793103448275863,3.545131666671491e-14,0.34730538922155685,0.34730538921602133
1629,Copper,"('ecoinvent-3.4-biosphere', '0a5e8a67-f9ae-48b3-bfa7-e9d37c30a191')",Cu,1.9225173812893517e-12,1.9225173812893517e-12,1.0,1.231243333335009e-14,1.231243333335009e-14,Chalcopyrite,2.8793103448275863,5.535524184057271e-12,2.8793103448275863,3.545131666671491e-14,0.34730538922155685,0.34730538921602133
1630,Copper,"('ecoinvent-3.4-biosphere', '88cde01c-df69-40bb-9b14-6eac71bea5b8')",Cu,1.9225173812893517e-12,1.9225173812893517e-12,1.0,1.231243333335009e-14,1.231243333335009e-14,Chalcopyrite,2.8793103448275863,5.535524184057271e-12,2.8793103448275863,3.545131666671491e-14,0.34730538922155685,0.34730538921602133
1631,Copper,"('ecoinvent-3.4-biosphere', 'e336eee7-148a-4d1c-8027-780cbfafa12b')",Cu,1.9225173812893517e-12,1.9225173812893517e-12,1.0,1.231243333335009e-14,1.231243333335009e-14,Chalcopyrite,2.8793103448275863,5.535524184057271e-12,2.8793103448275863,3.545131666671491e-14,0.34730538922155685,0.34730538921602133
1632,Copper,"('ecoinvent-3.4-biosphere', '7e66a41c-d311-4949-bdd8-eef09cdcfa47')",Cu,1.9225173812893517e-12,1.9225173812893517e-12,1.0,1.231243333335009e-14,1.231243333335009e-14,Chalcopyrite,2.8793103448275863,5.535524184057271e-12,2.8793103448275863,3.545131666671491e-14,0.34730538922155685,0.34730538921602133
1633,Copper,"('ecoinvent-3.4-biosphere', '44d3e792-7c9e-48ab-9de9-acfa2e097f26')",Cu,1.9225173812893517e-12,1.9225173812893517e-12,1.0,1.231243333335009e-14,1.231243333335009e-14,Chalcopyrite,2.8793103448275863,5.535524184057271e-12,2.8793103448275863,3.545131666671491e-14,0.34730538922155685,0.34730538921602133
1634,Copper,"('ecoinvent-3.4-biosphere', 'ec8144d6-d123-43b1-9c17-a295422a0498')",Cu,1.9225173812893517e-12,1.9225173812893517e-12,1.0,1.231243333335009e-14,1.231243333335009e-14,Chalcopyrite,2.8793103448275863,5.535524184057271e-12,2.8793103448275863,3.545131666671491e-14,0.34730538922155685,0.34730538921602133
1635,Copper,"('ecoinvent-3.4-biosphere', '3573a5af-88f8-4f74-ade7-cd269cbc4e66')",Cu,1.9225173812893517e-12,1.9225173812893517e-12,1.0,1.231243333335009e-14,1.231243333335009e-14,Chalcopyrite,2.8793103448275863,5.535524184057271e-12,2.8793103448275863,3.545131666671491e-14,0.34730538922155685,0.34730538921602133
1636,Tin,"('ecoinvent-3.4-biosphere', 'c67e3ba8-ddce-4931-b4b0-f4f9a56ccf40')",Sn,1.676970647360357e-12,1.676970647360357e-12,1.0,1.3268575464212294e-13,1.3268575464212294e-13,Cassiterite,1.26875,2.127656508838453e-12,1.26875,1.6834505120219348e-13,0.7881773399014778,0.7881773398993501
1637,Tin,"('ecoinvent-3.4-biosphere', 'f563b90e-a300-4403-b278-d2fdcd73e5a7')",Sn,1.676970647360357e-12,1.676970647360357e-12,1.0,1.3268575464212294e-13,1.3268575464212294e-13,Cassiterite,1.26875,2.127656508838453e-12,1.26875,1.6834505120219348e-13,0.7881773399014778,0.7881773398993501
1638,Tin,"('ecoinvent-3.4-biosphere', '19b6e569-85a4-4ea9-a590-d61a21e3c846')",Sn,1.676970647360357e-12,1.676970647360357e-12,1.0,1.3268575464212294e-13,1.3268575464212294e-13,Cassiterite,1.26875,2.127656508838453e-12,1.26875,1.6834505120219348e-13,0.7881773399014778,0.7881773398993501
1639,Tin,"('ecoinvent-3.4-biosphere', '6366d4ec-5ffc-4488-be51-0c239cdf535d')",Sn,1.676970647360357e-12,1.676970647360357e-12,1.0,1.3268575464212294e-13,1.3268575464212294e-13,Cassiterite,1.26875,2.127656508838453e-12,1.26875,1.6834505120219348e-13,0.7881773399014778,0.7881773398993501
1640,Tin,"('ecoinvent-3.4-biosphere', '2a7b68ff-f12a-44c6-8b31-71ec91d29889')",Sn,1.676970647360357e-12,1.676970647360357e-12,1.0,1.3268575464212294e-13,1.3268575464212294e-13,Cassiterite,1.26875,2.127656508838453e-12,1.26875,1.6834505120219348e-13,0.7881773399014778,0.7881773398993501
1641,Tin,"('ecoinvent-3.4-biosphere', '85a764f2-a810-4b20-bc86-a45604262fda')",Sn,1.676970647360357e-12,1.676970647360357e-12,1.0,1.3268575464212294e-13,1.3268575464212294e-13,Cassiterite,1.26875,2.127656508838453e-12,1.26875,1.6834505120219348e-13,0.7881773399014778,0.7881773398993501
1642,Tin,"('ecoinvent-3.4-biosphere', '8a422b03-1055-4bc8-b439-27bf8d7eef57')",Sn,1.676970647360357e-12,1.676970647360357e-12,1.0,1.3268575464212294e-13,1.3268575464212294e-13,Cassiterite,1.26875,2.127656508838453e-12,1.26875,1.6834505120219348e-13,0.7881773399014778,0.7881773398993501
1643,Tin,"('ecoinvent-3.4-biosphere', 'e070bd24-fd16-4963-8f4d-78bb4c402400')",Sn,1.676970647360357e-12,1.676970647360357e-12,1.0,1.3268575464212294e-13,1.3268575464212294e-13,Cassiterite,1.26875,2.127656508838453e-12,1.26875,1.6834505120219348e-13,0.7881773399014778,0.7881773398993501
1644,Tin,"('ecoinvent-3.4-biosphere', '168c970b-91c9-4427-a3a0-6686ad6cc2c4')",Sn,1.676970647360357e-12,1.676970647360357e-12,1.0,1.3268575464212294e-13,1.3268575464212294e-13,Cassiterite,1.26875,2.127656508838453e-12,1.26875,1.6834505120219348e-13,0.7881773399014778,0.7881773398993501
1645,Molybdenum,"('ecoinvent-3.4-biosphere', 'c126f8a0-6bc4-42e6-9220-d6ccfef3f2ed')",Mo,1.1786524353454405e-12,1.1786524353454405e-12,1.0,1.6532043483883647e-13,1.6532043483883647e-13,Molybdenite,1.6700000000000004,1.968349567026886e-12,1.6700000000000004,2.7608512618085697e-13,0.5988023952095807,0.5988023952076124
1646,Molybdenum,"('ecoinvent-3.4-biosphere', '1f3c2297-d652-468d-82e8-4fd59bf5b5b8')",Mo,1.1786524353454405e-12,1.1786524353454405e-12,1.0,1.6532043483883647e-13,1.6532043483883647e-13,Molybdenite,1.6700000000000004,1.968349567026886e-12,1.6700000000000004,2.7608512618085697e-13,0.5988023952095807,0.5988023952076124
1647,Molybdenum,"('ecoinvent-3.4-biosphere', '35b4d818-1019-413b-b99d-d351d8a67ac4')",Mo,1.1786524353454405e-12,1.1786524353454405e-12,1.0,1.6532043483883647e-13,1.6532043483883647e-13,Molybdenite,1.6700000000000004,1.968349567026886e-12,1.6700000000000004,2.7608512618085697e-13,0.5988023952095807,0.5988023952076124
1648,Molybdenum,"('ecoinvent-3.4-biosphere', '163926e2-b4cc-42bb-ba7d-401028140985')",Mo,1.1786524353454405e-12,1.1786524353454405e-12,1.0,1.6532043483883647e-13,1.6532043483883647e-13,Molybdenite,1.6700000000000004,1.968349567026886e-12,1.6700000000000004,2.7608512618085697e-13,0.5988023952095807,0.5988023952076124
1649,Molybdenum,"('ecoinvent-3.4-biosphere', '697e8ecf-bdbe-4857-92c9-e01960c91db7')",Mo,1.1786524353454405e-12,1.1786524353454405e-12,1.0,1.6532043483883647e-13,1.6532043483883647e-13,Molybdenite,1.6700000000000004,1.968349567026886e-12,1.6700000000000004,2.7608512618085697e-13,0.5988023952095807,0.5988023952076124
1650,Molybdenum,"('ecoinvent-3.4-biosphere', '9cf3a683-ed3d-40e9-b039-7653e4fc9e20')",Mo,1.1786524353454405e-12,1.1786524353454405e-12,1.0,1.6532043483883647e-13,1.6532043483883647e-13,Molybdenite,1.6700000000000004,1.968349567026886e-12,1.6700000000000004,2.7608512618085697e-13,0.5988023952095807,0.5988023952076124
1651,Molybdenum,"('ecoinvent-3.4-biosphere', 'fdaaef05-0d10-4032-b2e7-85cae3c7bd5c')",Mo,1.1786524353454405e-12,1.1786524353454405e-12,1.0,1.6532043483883647e-13,1.6532043483883647e-13,Molybdenite,1.6700000000000004,1.968349567026886e-12,1.6700000000000004,2.7608512618085697e-13,0.5988023952095807,0.5988023952076124
1652,Molybdenum,"('ecoinvent-3.4-biosphere', '3822809c-cc03-469d-ac2a-9f85842f8440')",Mo,1.1786524353454405e-12,1.1786524353454405e-12,1.0,1.6532043483883647e-13,1.6532043483883647e-13,Molybdenite,1.6700000000000004,1.968349567026886e-12,1.6700000000000004,2.7608512618085697e-13,0.5988023952095807,0.5988023952076124
1653,Molybdenum,"('ecoinvent-3.4-biosphere', 'c26d4716-ce1e-43da-a662-cd9498b1e8bc')",Mo,1.1786524353454405e-12,1.1786524353454405e-12,1.0,1.6532043483883647e-13,1.6532043483883647e-13,Molybdenite,1.6700000000000004,1.968349567026886e-12,1.6700000000000004,2.7608512618085697e-13,0.5988023952095807,0.5988023952076124
1654,Molybdenum,"('ecoinvent-3.4-biosphere', '442511cc-a98b-4242-9229-5736cb9a9399')",Mo,1.1786524353454405e-12,1.1786524353454405e-12,1.0,1.6532043483883647e-13,1.6532043483883647e-13,Molybdenite,1.6700000000000004,1.968349567026886e-12,1.6700000000000004,2.7608512618085697e-13,0.5988023952095807,0.5988023952076124
1655,Molybdenum,"('ecoinvent-3.4-biosphere', '7d3f7498-3596-478a-9fa1-72201ef94082')",Mo,1.1786524353454405e-12,1.1786524353454405e-12,1.0,1.6532043483883647e-13,1.6532043483883647e-13,Molybdenite,1.6700000000000004,1.968349567026886e-12,1.6700000000000004,2.7608512618085697e-13,0.5988023952095807,0.5988023952076124
1656,Molybdenum,"('ecoinvent-3.4-biosphere', '5fa36ce3-aed0-443b-a09d-4cdf25b41995')",Mo,1.1786524353454405e-12,1.1786524353454405e-12,1.0,1.6532043483883647e-13,1.6532043483883647e-13,Molybdenite,1.6700000000000004,1.968349567026886e-12,1.6700000000000004,2.7608512618085697e-13,0.5988023952095807,0.5988023952076124
1657,Molybdenum,"('ecoinvent-3.4-biosphere', '8b531ec0-ca7a-49cd-bef0-56f110112f34')",Mo,1.1786524353454405e-12,1.1786524353454405e-12,1.0,1.6532043483883647e-13,1.6532043483883647e-13,Molybdenite,1.6700000000000004,1.968349567026886e-12,1.6700000000000004,2.7608512618085697e-13,0.5988023952095807,0.5988023952076124
1658,Molybdenum,"('ecoinvent-3.4-biosphere', '640e30d2-3158-4a1a-82ef-fd0c72922c9a')",Mo,1.1786524353454405e-12,1.1786524353454405e-12,1.0,1.6532043483883647e-13,1.6532043483883647e-13,Molybdenite,1.6700000000000004,1.968349567026886e-12,1.6700000000000004,2.7608512618085697e-13,0.5988023952095807,0.5988023952076124
1659,Cobalt,"('ecoinvent-3.4-biosphere', '74eb3f02-09ec-46ce-8ee8-d67d0900136b')",Co,8.712356635057311e-13,8.712356635057311e-13,1.0,1.9447495148453946e-12,1.9447495148453946e-12,Linnaeite,1.727272727272727,1.5048616006008082e-12,1.727272727272727,3.3591127983693174e-12,0.5789473684210527,0.5789473684195477
1660,Cobalt,"('ecoinvent-3.4-biosphere', '12051b95-831a-49c0-9a70-fbc0e8fb9af9')",Co,8.712356635057311e-13,8.712356635057311e-13,1.0,1.9447495148453946e-12,1.9447495148453946e-12,Linnaeite,1.727272727272727,1.5048616006008082e-12,1.727272727272727,3.3591127983693174e-12,0.5789473684210527,0.5789473684195477
1661,Cobalt,"('ecoinvent-3.4-biosphere', 'd4291dd5-dae8-47fa-bf06-466fcecbc210')",Co,8.712356635057311e-13,8.712356635057311e-13,1.0,1.9447495148453946e-12,1.9447495148453946e-12,Linnaeite,1.727272727272727,1.5048616006008082e-12,1.727272727272727,3.3591127983693174e-12,0.5789473684210527,0.5789473684195477
1662,Cobalt,"('ecoinvent-3.4-biosphere', '9542444c-7c7a-48e2-bc9c-9c7c34fb7b3e')",Co,8.712356635057311e-13,8.712356635057311e-13,1.0,1.9447495148453946e-12,1.9447495148453946e-12,Linnaeite,1.727272727272727,1.5048616006008082e-12,1.727272727272727,3.3591127983693174e-12,0.5789473684210527,0.5789473684195477
1663,Cobalt,"('ecoinvent-3.4-biosphere', 'c58d25ad-30d2-4fac-a857-1fa6f67afe8a')",Co,8.712356635057311e-13,8.712356635057311e-13,1.0,1.9447495148453946e-12,1.9447495148453946e-12,Linnaeite,1.727272727272727,1.5048616006008082e-12,1.727272727272727,3.3591127983693174e-12,0.5789473684210527,0.5789473684195477
1664,Cobalt,"('ecoinvent-3.4-biosphere', 'caf066cf-40ce-47a8-ba4c-969fcd6019c7')",Co,8.712356635057311e-13,8.712356635057311e-13,1.0,1.9447495148453946e-12,1.9447495148453946e-12,Linnaeite,1.727272727272727,1.5048616006008082e-12,1.727272727272727,3.3591127983693174e-12,0.5789473684210527,0.5789473684195477
1665,Cobalt,"('ecoinvent-3.4-biosphere', 'f0d1c319-249f-4a89-b0e7-3a5a90a54036')",Co,8.712356635057311e-13,8.712356635057311e-13,1.0,1.9447495148453946e-12,1.9447495148453946e-12,Linnaeite,1.727272727272727,1.5048616006008082e-12,1.727272727272727,3.3591127983693174e-12,0.5789473684210527,0.5789473684195477
1666,Cobalt,"('ecoinvent-3.4-biosphere', 'f0e28a62-ddf9-4c93-af81-676a58c3f2d4')",Co,8.712356635057311e-13,8.712356635057311e-13,1.0,1.9447495148453946e-12,1.9447495148453946e-12,Linnaeite,1.727272727272727,1.5048616006008082e-12,1.727272727272727,3.3591127983693174e-12,0.5789473684210527,0.5789473684195477
1667,Cobalt,"('ecoinvent-3.4-biosphere', 'ca04300a-8338-4601-ba7c-66c10a4f6322')",Co,8.712356635057311e-13,8.712356635057311e-13,1.0,1.9447495148453946e-12,1.9447495148453946e-12,Linnaeite,1.727272727272727,1.5048616006008082e-12,1.727272727272727,3.3591127983693174e-12,0.5789473684210527,0.5789473684195477
1668,Cobalt,"('ecoinvent-3.4-biosphere', '1e904267-caa3-40e6-a3a0-fc104489770b')",Co,8.712356635057311e-13,8.712356635057311e-13,1.0,1.9447495148453946e-12,1.9447495148453946e-12,Linnaeite,1.727272727272727,1.5048616006008082e-12,1.727272727272727,3.3591127983693174e-12,0.5789473684210527,0.5789473684195477
1669,Cobalt,"('ecoinvent-3.4-biosphere', '33627701-feca-434d-a192-674a450eaaf7')",Co,8.712356635057311e-13,8.712356635057311e-13,1.0,1.9447495148453946e-12,1.9447495148453946e-12,Linnaeite,1.727272727272727,1.5048616006008082e-12,1.727272727272727,3.3591127983693174e-12,0.5789473684210527,0.5789473684195477
1670,Cobalt,"('ecoinvent-3.4-biosphere', '381a22c9-3722-4378-810d-86958f7b6d32')",Co,8.712356635057311e-13,8.712356635057311e-13,1.0,1.9447495148453946e-12,1.9447495148453946e-12,Linnaeite,1.727272727272727,1.5048616006008082e-12,1.727272727272727,3.3591127983693174e-12,0.5789473684210527,0.5789473684195477
1671,Cobalt,"('ecoinvent-3.4-biosphere', '9ce88274-57b6-42ed-a78b-4abef2301865')",Co,8.712356635057311e-13,8.712356635057311e-13,1.0,1.9447495148453946e-12,1.9447495148453946e-12,Linnaeite,1.727272727272727,1.5048616006008082e-12,1.727272727272727,3.3591127983693174e-12,0.5789473684210527,0.5789473684195477
1672,Cobalt,"('ecoinvent-3.4-biosphere', 'b10faa87-2c1d-4f6e-aa65-9f80b376939a')",Co,8.712356635057311e-13,8.712356635057311e-13,1.0,1.9447495148453946e-12,1.9447495148453946e-12,Linnaeite,1.727272727272727,1.5048616006008082e-12,1.727272727272727,3.3591127983693174e-12,0.5789473684210527,0.5789473684195477
1673,Phosphorus,"('ecoinvent-3.4-biosphere', 'b1fca66f-8e83-469a-a7b5-018e14d5d545')",P,8.4158057636112e-13,8.4158057636112e-13,1.0,1.6973366253890836e-14,1.6973366253890836e-14,Apatite,0.3532544378698225,2.972920734246087e-13,0.3532544378698225,5.995916954776823e-15,2.8308207705192627,2.8308207705189656
1674,Phosphorus,"('ecoinvent-3.4-biosphere', '76b09afe-52b9-4ecc-b97a-00b49ad8ed1a')",P,8.4158057636112e-13,8.4158057636112e-13,1.0,1.6973366253890836e-14,1.6973366253890836e-14,Apatite,0.3532544378698225,2.972920734246087e-13,0.3532544378698225,5.995916954776823e-15,2.8308207705192627,2.8308207705189656
1675,Phosphorus,"('ecoinvent-3.4-biosphere', 'b2631209-8374-431e-b7d5-56c96c6b6d79')",P,8.4158057636112e-13,8.4158057636112e-13,1.0,1.6973366253890836e-14,1.6973366253890836e-14,Apatite,0.3532544378698225,2.972920734246087e-13,0.3532544378698225,5.995916954776823e-15,2.8308207705192627,2.8308207705189656
1676,Phosphorus,"('ecoinvent-3.4-biosphere', '62f3d964-9b53-4d01-9ee0-04112dcfc6d2')",P,8.4158057636112e-13,8.4158057636112e-13,1.0,1.6973366253890836e-14,1.6973366253890836e-14,Apatite,0.3532544378698225,2.972920734246087e-13,0.3532544378698225,5.995916954776823e-15,2.8308207705192627,2.8308207705189656
1677,Phosphorus,"('ecoinvent-3.4-biosphere', '2d4b8ec1-8d53-4e62-8a11-ebc45909b02e')",P,8.4158057636112e-13,8.4158057636112e-13,1.0,1.6973366253890836e-14,1.6973366253890836e-14,Apatite,0.3532544378698225,2.972920734246087e-13,0.3532544378698225,5.995916954776823e-15,2.8308207705192627,2.8308207705189656
1678,Phosphorus,"('ecoinvent-3.4-biosphere', '8b0a4a41-c65c-4d94-b10c-94ddb98abdd2')",P,8.4158057636112e-13,8.4158057636112e-13,1.0,1.6973366253890836e-14,1.6973366253890836e-14,Apatite,0.3532544378698225,2.972920734246087e-13,0.3532544378698225,5.995916954776823e-15,2.8308207705192627,2.8308207705189656
1679,Phosphorus,"('ecoinvent-3.4-biosphere', 'b6e2f7f4-6b2e-4b3e-be1f-67626cb8205d')",P,8.4158057636112e-13,8.4158057636112e-13,1.0,1.6973366253890836e-14,1.6973366253890836e-14,Apatite,0.3532544378698225,2.972920734246087e-13,0.3532544378698225,5.995916954776823e-15,2.8308207705192627,2.8308207705189656
1680,Phosphorus,"('ecoinvent-3.4-biosphere', 'f5e7e615-4160-4df9-b39b-7463eaed77c7')",P,8.4158057636112e-13,8.4158057636112e-13,1.0,1.6973366253890836e-14,1.6973366253890836e-14,Apatite,0.3532544378698225,2.972920734246087e-13,0.3532544378698225,5.995916954776823e-15,2.8308207705192627,2.8308207705189656
1681,Phosphorus,"('ecoinvent-3.4-biosphere', '2f8952b0-c90c-4e3d-b546-52b862fc8f11')",P,8.4158057636112e-13,8.4158057636112e-13,1.0,1.6973366253890836e-14,1.6973366253890836e-14,Apatite,0.3532544378698225,2.972920734246087e-13,0.3532544378698225,5.995916954776823e-15,2.8308207705192627,2.8308207705189656
1682,Phosphorus,"('ecoinvent-3.4-biosphere', 'c89a0749-40a5-4c9c-8770-c4295ea34977')",P,8.4158057636112e-13,8.4158057636112e-13,1.0,1.6973366253890836e-14,1.6973366253890836e-14,Apatite,0.3532544378698225,2.972920734246087e-13,0.3532544378698225,5.995916954776823e-15,2.8308207705192627,2.8308207705189656
1683,Phosphorus,"('ecoinvent-3.4-biosphere', 'd761f94e-517d-41cf-89fa-17dc72f7a69b')",P,8.4158057636112e-13,8.4158057636112e-13,1.0,1.6973366253890836e-14,1.6973366253890836e-14,Apatite,0.3532544378698225,2.972920734246087e-13,0.3532544378698225,5.995916954776823e-15,2.8308207705192627,2.8308207705189656
1684,Phosphorus,"('ecoinvent-3.4-biosphere', '198ce8e3-f05a-4bec-9f7f-325347453326')",P,8.4158057636112e-13,8.4158057636112e-13,1.0,1.6973366253890836e-14,1.6973366253890836e-14,Apatite,0.3532544378698225,2.972920734246087e-13,0.3532544378698225,5.995916954776823e-15,2.8308207705192627,2.8308207705189656
1685,Phosphorus,"('ecoinvent-3.4-biosphere', 'ea4e9316-5080-4b3b-bbf3-1949f6d7577a')",P,8.4158057636112e-13,8.4158057636112e-13,1.0,1.6973366253890836e-14,1.6973366253890836e-14,Apatite,0.3532544378698225,2.972920734246087e-13,0.3532544378698225,5.995916954776823e-15,2.8308207705192627,2.8308207705189656
1686,Phosphorus,"('ecoinvent-3.4-biosphere', 'e2d35af7-9806-46ff-9b75-b124a48fa5a1')",P,8.4158057636112e-13,8.4158057636112e-13,1.0,1.6973366253890836e-14,1.6973366253890836e-14,Apatite,0.3532544378698225,2.972920734246087e-13,0.3532544378698225,5.995916954776823e-15,2.8308207705192627,2.8308207705189656
1687,Nickel,"('ecoinvent-3.4-biosphere', '5de1943f-b011-45a0-97d4-ed15eea6a382')",Ni,7.339925636796966e-13,7.339925636796966e-13,1.0,9.066741688482605e-14,9.066741688482605e-14,Pentlandite(sulphides) / Garnierite(laterites),2.9342028985507245,2.153683107863643e-12,2.9342028985507245,2.660365974275635e-13,0.3393665158371041,0.3393665158349504
1688,Nickel,"('ecoinvent-3.4-biosphere', '56815b4f-6138-4e0b-9fac-c94fd6b102b3')",Ni,7.339925636796966e-13,7.339925636796966e-13,1.0,9.066741688482605e-14,9.066741688482605e-14,Pentlandite(sulphides) / Garnierite(laterites),2.9342028985507245,2.153683107863643e-12,2.9342028985507245,2.660365974275635e-13,0.3393665158371041,0.3393665158349504
1689,Nickel,"('ecoinvent-3.4-biosphere', 'e43a270f-4f88-4789-a0b8-7aba56677743')",Ni,7.339925636796966e-13,7.339925636796966e-13,1.0,9.066741688482605e-14,9.066741688482605e-14,Pentlandite(sulphides) / Garnierite(laterites),2.9342028985507245,2.153683107863643e-12,2.9342028985507245,2.660365974275635e-13,0.3393665158371041,0.3393665158349504
1690,Nickel,"('ecoinvent-3.4-biosphere', 'c89873de-cd23-4323-a948-f5cfeebd2fc9')",Ni,7.339925636796966e-13,7.339925636796966e-13,1.0,9.066741688482605e-14,9.066741688482605e-14,Pentlandite(sulphides) / Garnierite(laterites),2.9342028985507245,2.153683107863643e-12,2.9342028985507245,2.660365974275635e-13,0.3393665158371041,0.3393665158349504
1691,Nickel,"('ecoinvent-3.4-biosphere', 'b4580545-243d-48d2-a3a0-2633a4f46fb1')",Ni,7.339925636796966e-13,7.339925636796966e-13,1.0,9.066741688482605e-14,9.066741688482605e-14,Pentlandite(sulphides) / Garnierite(laterites),2.9342028985507245,2.153683107863643e-12,2.9342028985507245,2.660365974275635e-13,0.3393665158371041,0.3393665158349504
1692,Nickel,"('ecoinvent-3.4-biosphere', 'e8fc62ba-678e-4706-97d2-b79d83e227d5')",Ni,7.339925636796966e-13,7.339925636796966e-13,1.0,9.066741688482605e-14,9.066741688482605e-14,Pentlandite(sulphides) / Garnierite(laterites),2.9342028985507245,2.153683107863643e-12,2.9342028985507245,2.660365974275635e-13,0.3393665158371041,0.3393665158349504
1693,Nickel,"('ecoinvent-3.4-biosphere', '0545c382-2312-43b6-9ec3-63dbb1438565')",Ni,7.339925636796966e-13,7.339925636796966e-13,1.0,9.066741688482605e-14,9.066741688482605e-14,Pentlandite(sulphides) / Garnierite(laterites),2.9342028985507245,2.153683107863643e-12,2.9342028985507245,2.660365974275635e-13,0.3393665158371041,0.3393665158349504
1694,Nickel,"('ecoinvent-3.4-biosphere', '2bcad3b3-5305-481c-a166-ad5e6eac2675')",Ni,7.339925636796966e-13,7.339925636796966e-13,1.0,9.066741688482605e-14,9.066741688482605e-14,Pentlandite(sulphides) / Garnierite(laterites),2.9342028985507245,2.153683107863643e-12,2.9342028985507245,2.660365974275635e-13,0.3393665158371041,0.3393665158349504
1695,Nickel,"('ecoinvent-3.4-biosphere', 'a72a45ee-395a-4d25-b893-9d183e43e76e')",Ni,7.339925636796966e-13,7.339925636796966e-13,1.0,9.066741688482605e-14,9.066741688482605e-14,Pentlandite(sulphides) / Garnierite(laterites),2.9342028985507245,2.153683107863643e-12,2.9342028985507245,2.660365974275635e-13,0.3393665158371041,0.3393665158349504
1696,Nickel,"('ecoinvent-3.4-biosphere', 'a5506f4b-113f-4713-95c3-c819dde6e48b')",Ni,7.339925636796966e-13,7.339925636796966e-13,1.0,9.066741688482605e-14,9.066741688482605e-14,Pentlandite(sulphides) / Garnierite(laterites),2.9342028985507245,2.153683107863643e-12,2.9342028985507245,2.660365974275635e-13,0.3393665158371041,0.3393665158349504
1697,"Copper, ion","('ecoinvent-3.4-biosphere', '40229ebf-9346-4f20-910a-f8ea3bd88d44')",Cu,6.741128544400386e-13,6.741128544400386e-13,1.0,1.231243333335009e-14,1.231243333335009e-14,Chalcopyrite,2.8793103448275863,1.9409801153704562e-12,2.8793103448275863,3.545131666671491e-14,0.34730538922155685,0.34730538921961585
1698,"Copper, ion","('ecoinvent-3.4-biosphere', '615b1460-6860-4cf6-8678-ad92c03c5e8b')",Cu,6.741128544400386e-13,6.741128544400386e-13,1.0,1.231243333335009e-14,1.231243333335009e-14,Chalcopyrite,2.8793103448275863,1.9409801153704562e-12,2.8793103448275863,3.545131666671491e-14,0.34730538922155685,0.34730538921961585
1699,"Copper, ion","('ecoinvent-3.4-biosphere', 'c3b659e5-35f1-408c-8cb5-b5f9b295c76e')",Cu,6.741128544400386e-13,6.741128544400386e-13,1.0,1.231243333335009e-14,1.231243333335009e-14,Chalcopyrite,2.8793103448275863,1.9409801153704562e-12,2.8793103448275863,3.545131666671491e-14,0.34730538922155685,0.34730538921961585
1700,"Copper, ion","('ecoinvent-3.4-biosphere', 'd8f9ccf6-fd32-4348-83c0-1cee724af9ae')",Cu,6.741128544400386e-13,6.741128544400386e-13,1.0,1.231243333335009e-14,1.231243333335009e-14,Chalcopyrite,2.8793103448275863,1.9409801153704562e-12,2.8793103448275863,3.545131666671491e-14,0.34730538922155685,0.34730538921961585
1701,"Copper, ion","('ecoinvent-3.4-biosphere', '6d9550e2-e670-44c1-bad8-c0c4975ffca7')",Cu,6.741128544400386e-13,6.741128544400386e-13,1.0,1.231243333335009e-14,1.231243333335009e-14,Chalcopyrite,2.8793103448275863,1.9409801153704562e-12,2.8793103448275863,3.545131666671491e-14,0.34730538922155685,0.34730538921961585
1702,Molybdenum,"('ecoinvent-3.4-biosphere', 'c126f8a0-6bc4-42e6-9220-d6ccfef3f2ed')",Mo,5.573932166740444e-13,5.573932166740444e-13,1.0,1.6532043483883647e-13,1.6532043483883647e-13,Molybdenite,1.6700000000000004,9.308466718456543e-13,1.6700000000000004,2.7608512618085697e-13,0.5988023952095807,0.5988023952086499
1703,Molybdenum,"('ecoinvent-3.4-biosphere', '1f3c2297-d652-468d-82e8-4fd59bf5b5b8')",Mo,5.573932166740444e-13,5.573932166740444e-13,1.0,1.6532043483883647e-13,1.6532043483883647e-13,Molybdenite,1.6700000000000004,9.308466718456543e-13,1.6700000000000004,2.7608512618085697e-13,0.5988023952095807,0.5988023952086499
1704,Molybdenum,"('ecoinvent-3.4-biosphere', '35b4d818-1019-413b-b99d-d351d8a67ac4')",Mo,5.573932166740444e-13,5.573932166740444e-13,1.0,1.6532043483883647e-13,1.6532043483883647e-13,Molybdenite,1.6700000000000004,9.308466718456543e-13,1.6700000000000004,2.7608512618085697e-13,0.5988023952095807,0.5988023952086499
1705,Molybdenum,"('ecoinvent-3.4-biosphere', '163926e2-b4cc-42bb-ba7d-401028140985')",Mo,5.573932166740444e-13,5.573932166740444e-13,1.0,1.6532043483883647e-13,1.6532043483883647e-13,Molybdenite,1.6700000000000004,9.308466718456543e-13,1.6700000000000004,2.7608512618085697e-13,0.5988023952095807,0.5988023952086499
1706,Molybdenum,"('ecoinvent-3.4-biosphere', '697e8ecf-bdbe-4857-92c9-e01960c91db7')",Mo,5.573932166740444e-13,5.573932166740444e-13,1.0,1.6532043483883647e-13,1.6532043483883647e-13,Molybdenite,1.6700000000000004,9.308466718456543e-13,1.6700000000000004,2.7608512618085697e-13,0.5988023952095807,0.5988023952086499
1707,Molybdenum,"('ecoinvent-3.4-biosphere', '9cf3a683-ed3d-40e9-b039-7653e4fc9e20')",Mo,5.573932166740444e-13,5.573932166740444e-13,1.0,1.6532043483883647e-13,1.6532043483883647e-13,Molybdenite,1.6700000000000004,9.308466718456543e-13,1.6700000000000004,2.7608512618085697e-13,0.5988023952095807,0.5988023952086499
1708,Molybdenum,"('ecoinvent-3.4-biosphere', 'fdaaef05-0d10-4032-b2e7-85cae3c7bd5c')",Mo,5.573932166740444e-13,5.573932166740444e-13,1.0,1.6532043483883647e-13,1.6532043483883647e-13,Molybdenite,1.6700000000000004,9.308466718456543e-13,1.6700000000000004,2.7608512618085697e-13,0.5988023952095807,0.5988023952086499
1709,Molybdenum,"('ecoinvent-3.4-biosphere', '3822809c-cc03-469d-ac2a-9f85842f8440')",Mo,5.573932166740444e-13,5.573932166740444e-13,1.0,1.6532043483883647e-13,1.6532043483883647e-13,Molybdenite,1.6700000000000004,9.308466718456543e-13,1.6700000000000004,2.7608512618085697e-13,0.5988023952095807,0.5988023952086499
1710,Molybdenum,"('ecoinvent-3.4-biosphere', 'c26d4716-ce1e-43da-a662-cd9498b1e8bc')",Mo,5.573932166740444e-13,5.573932166740444e-13,1.0,1.6532043483883647e-13,1.6532043483883647e-13,Molybdenite,1.6700000000000004,9.308466718456543e-13,1.6700000000000004,2.7608512618085697e-13,0.5988023952095807,0.5988023952086499
1711,Molybdenum,"('ecoinvent-3.4-biosphere', '442511cc-a98b-4242-9229-5736cb9a9399')",Mo,5.573932166740444e-13,5.573932166740444e-13,1.0,1.6532043483883647e-13,1.6532043483883647e-13,Molybdenite,1.6700000000000004,9.308466718456543e-13,1.6700000000000004,2.7608512618085697e-13,0.5988023952095807,0.5988023952086499
1712,Molybdenum,"('ecoinvent-3.4-biosphere', '7d3f7498-3596-478a-9fa1-72201ef94082')",Mo,5.573932166740444e-13,5.573932166740444e-13,1.0,1.6532043483883647e-13,1.6532043483883647e-13,Molybdenite,1.6700000000000004,9.308466718456543e-13,1.6700000000000004,2.7608512618085697e-13,0.5988023952095807,0.5988023952086499
1713,Molybdenum,"('ecoinvent-3.4-biosphere', '5fa36ce3-aed0-443b-a09d-4cdf25b41995')",Mo,5.573932166740444e-13,5.573932166740444e-13,1.0,1.6532043483883647e-13,1.6532043483883647e-13,Molybdenite,1.6700000000000004,9.308466718456543e-13,1.6700000000000004,2.7608512618085697e-13,0.5988023952095807,0.5988023952086499
1714,Molybdenum,"('ecoinvent-3.4-biosphere', '8b531ec0-ca7a-49cd-bef0-56f110112f34')",Mo,5.573932166740444e-13,5.573932166740444e-13,1.0,1.6532043483883647e-13,1.6532043483883647e-13,Molybdenite,1.6700000000000004,9.308466718456543e-13,1.6700000000000004,2.7608512618085697e-13,0.5988023952095807,0.5988023952086499
1715,Molybdenum,"('ecoinvent-3.4-biosphere', '640e30d2-3158-4a1a-82ef-fd0c72922c9a')",Mo,5.573932166740444e-13,5.573932166740444e-13,1.0,1.6532043483883647e-13,1.6532043483883647e-13,Molybdenite,1.6700000000000004,9.308466718456543e-13,1.6700000000000004,2.7608512618085697e-13,0.5988023952095807,0.5988023952086499
1716,Molybdenum,"('ecoinvent-3.4-biosphere', 'c126f8a0-6bc4-42e6-9220-d6ccfef3f2ed')",Mo,5.24338069305787e-13,5.24338069305787e-13,1.0,1.6532043483883647e-13,1.6532043483883647e-13,Molybdenite,1.6700000000000004,8.756445757406644e-13,1.6700000000000004,2.7608512618085697e-13,0.5988023952095807,0.598802395208705
1717,Molybdenum,"('ecoinvent-3.4-biosphere', '1f3c2297-d652-468d-82e8-4fd59bf5b5b8')",Mo,5.24338069305787e-13,5.24338069305787e-13,1.0,1.6532043483883647e-13,1.6532043483883647e-13,Molybdenite,1.6700000000000004,8.756445757406644e-13,1.6700000000000004,2.7608512618085697e-13,0.5988023952095807,0.598802395208705
1718,Molybdenum,"('ecoinvent-3.4-biosphere', '35b4d818-1019-413b-b99d-d351d8a67ac4')",Mo,5.24338069305787e-13,5.24338069305787e-13,1.0,1.6532043483883647e-13,1.6532043483883647e-13,Molybdenite,1.6700000000000004,8.756445757406644e-13,1.6700000000000004,2.7608512618085697e-13,0.5988023952095807,0.598802395208705
1719,Molybdenum,"('ecoinvent-3.4-biosphere', '163926e2-b4cc-42bb-ba7d-401028140985')",Mo,5.24338069305787e-13,5.24338069305787e-13,1.0,1.6532043483883647e-13,1.6532043483883647e-13,Molybdenite,1.6700000000000004,8.756445757406644e-13,1.6700000000000004,2.7608512618085697e-13,0.5988023952095807,0.598802395208705
1720,Molybdenum,"('ecoinvent-3.4-biosphere', '697e8ecf-bdbe-4857-92c9-e01960c91db7')",Mo,5.24338069305787e-13,5.24338069305787e-13,1.0,1.6532043483883647e-13,1.6532043483883647e-13,Molybdenite,1.6700000000000004,8.756445757406644e-13,1.6700000000000004,2.7608512618085697e-13,0.5988023952095807,0.598802395208705
1721,Molybdenum,"('ecoinvent-3.4-biosphere', '9cf3a683-ed3d-40e9-b039-7653e4fc9e20')",Mo,5.24338069305787e-13,5.24338069305787e-13,1.0,1.6532043483883647e-13,1.6532043483883647e-13,Molybdenite,1.6700000000000004,8.756445757406644e-13,1.6700000000000004,2.7608512618085697e-13,0.5988023952095807,0.598802395208705
1722,Molybdenum,"('ecoinvent-3.4-biosphere', 'fdaaef05-0d10-4032-b2e7-85cae3c7bd5c')",Mo,5.24338069305787e-13,5.24338069305787e-13,1.0,1.6532043483883647e-13,1.6532043483883647e-13,Molybdenite,1.6700000000000004,8.756445757406644e-13,1.6700000000000004,2.7608512618085697e-13,0.5988023952095807,0.598802395208705
1723,Molybdenum,"('ecoinvent-3.4-biosphere', '3822809c-cc03-469d-ac2a-9f85842f8440')",Mo,5.24338069305787e-13,5.24338069305787e-13,1.0,1.6532043483883647e-13,1.6532043483883647e-13,Molybdenite,1.6700000000000004,8.756445757406644e-13,1.6700000000000004,2.7608512618085697e-13,0.5988023952095807,0.598802395208705
1724,Molybdenum,"('ecoinvent-3.4-biosphere', 'c26d4716-ce1e-43da-a662-cd9498b1e8bc')",Mo,5.24338069305787e-13,5.24338069305787e-13,1.0,1.6532043483883647e-13,1.6532043483883647e-13,Molybdenite,1.6700000000000004,8.756445757406644e-13,1.6700000000000004,2.7608512618085697e-13,0.5988023952095807,0.598802395208705
1725,Molybdenum,"('ecoinvent-3.4-biosphere', '442511cc-a98b-4242-9229-5736cb9a9399')",Mo,5.24338069305787e-13,5.24338069305787e-13,1.0,1.6532043483883647e-13,1.6532043483883647e-13,Molybdenite,1.6700000000000004,8.756445757406644e-13,1.6700000000000004,2.7608512618085697e-13,0.5988023952095807,0.598802395208705
1726,Molybdenum,"('ecoinvent-3.4-biosphere', '7d3f7498-3596-478a-9fa1-72201ef94082')",Mo,5.24338069305787e-13,5.24338069305787e-13,1.0,1.6532043483883647e-13,1.6532043483883647e-13,Molybdenite,1.6700000000000004,8.756445757406644e-13,1.6700000000000004,2.7608512618085697e-13,0.5988023952095807,0.598802395208705
1727,Molybdenum,"('ecoinvent-3.4-biosphere', '5fa36ce3-aed0-443b-a09d-4cdf25b41995')",Mo,5.24338069305787e-13,5.24338069305787e-13,1.0,1.6532043483883647e-13,1.6532043483883647e-13,Molybdenite,1.6700000000000004,8.756445757406644e-13,1.6700000000000004,2.7608512618085697e-13,0.5988023952095807,0.598802395208705
1728,Molybdenum,"('ecoinvent-3.4-biosphere', '8b531ec0-ca7a-49cd-bef0-56f110112f34')",Mo,5.24338069305787e-13,5.24338069305787e-13,1.0,1.6532043483883647e-13,1.6532043483883647e-13,Molybdenite,1.6700000000000004,8.756445757406644e-13,1.6700000000000004,2.7608512618085697e-13,0.5988023952095807,0.598802395208705
1729,Molybdenum,"('ecoinvent-3.4-biosphere', '640e30d2-3158-4a1a-82ef-fd0c72922c9a')",Mo,5.24338069305787e-13,5.24338069305787e-13,1.0,1.6532043483883647e-13,1.6532043483883647e-13,Molybdenite,1.6700000000000004,8.756445757406644e-13,1.6700000000000004,2.7608512618085697e-13,0.5988023952095807,0.598802395208705
1730,Glyphosate,"('ecoinvent-3.4-biosphere', 'bd02a7ec-dcb5-4609-bc96-cc7a96601ce2')",P,4.465498590702825e-13,4.465498590702825e-13,0.1832022239309162,3.1095584453067654e-15,3.1095584453067654e-15,Apatite,0.3532544378698225,1.5774571944672113e-13,0.06471699863121715,1.0984653206202006e-15,0.5186126607089587,0.518612660708801
1731,Glyphosate,"('ecoinvent-3.4-biosphere', 'b4f9a201-2a20-4f41-a572-eabc98c75e1b')",P,4.465498590702825e-13,4.465498590702825e-13,0.1832022239309162,3.1095584453067654e-15,3.1095584453067654e-15,Apatite,0.3532544378698225,1.5774571944672113e-13,0.06471699863121715,1.0984653206202006e-15,0.5186126607089587,0.518612660708801
1732,Glyphosate,"('ecoinvent-3.4-biosphere', '3850d44e-8919-47bc-9c0a-51ccc4ec9d9f')",P,4.465498590702825e-13,4.465498590702825e-13,0.1832022239309162,3.1095584453067654e-15,3.1095584453067654e-15,Apatite,0.3532544378698225,1.5774571944672113e-13,0.06471699863121715,1.0984653206202006e-15,0.5186126607089587,0.518612660708801
1733,Glyphosate,"('ecoinvent-3.4-biosphere', '17955b10-4c04-4fff-91e7-cf89ef1a7cca')",P,4.465498590702825e-13,4.465498590702825e-13,0.1832022239309162,3.1095584453067654e-15,3.1095584453067654e-15,Apatite,0.3532544378698225,1.5774571944672113e-13,0.06471699863121715,1.0984653206202006e-15,0.5186126607089587,0.518612660708801
1734,Glyphosate,"('ecoinvent-3.4-biosphere', 'e157e3dd-88b9-4256-ab2e-ff82e7b8d088')",P,4.465498590702825e-13,4.465498590702825e-13,0.1832022239309162,3.1095584453067654e-15,3.1095584453067654e-15,Apatite,0.3532544378698225,1.5774571944672113e-13,0.06471699863121715,1.0984653206202006e-15,0.5186126607089587,0.518612660708801
1735,Antimony,"('ecoinvent-3.4-biosphere', 'c49fb4cd-eed0-4438-9052-9612473cdbae')",Sb,4.3940348577303406e-13,4.3940348577303406e-13,1.0,2.1834077210692158e-11,2.1834077210692158e-11,Stibnite,1.3941798941798942,6.126075052973253e-13,1.3941798941798942,3.0440631455118433e-11,0.7172675521821632,0.7172675521815506
1736,Antimony,"('ecoinvent-3.4-biosphere', '3ea5684a-6d64-4f96-8c09-1d90f997c9d4')",Sb,4.3940348577303406e-13,4.3940348577303406e-13,1.0,2.1834077210692158e-11,2.1834077210692158e-11,Stibnite,1.3941798941798942,6.126075052973253e-13,1.3941798941798942,3.0440631455118433e-11,0.7172675521821632,0.7172675521815506
1737,Antimony,"('ecoinvent-3.4-biosphere', '83cf77ca-867b-4eef-b0f0-78d71b3d91d5')",Sb,4.3940348577303406e-13,4.3940348577303406e-13,1.0,2.1834077210692158e-11,2.1834077210692158e-11,Stibnite,1.3941798941798942,6.126075052973253e-13,1.3941798941798942,3.0440631455118433e-11,0.7172675521821632,0.7172675521815506
1738,Antimony,"('ecoinvent-3.4-biosphere', '7805afa2-d93b-40bb-b841-325b98aec824')",Sb,4.3940348577303406e-13,4.3940348577303406e-13,1.0,2.1834077210692158e-11,2.1834077210692158e-11,Stibnite,1.3941798941798942,6.126075052973253e-13,1.3941798941798942,3.0440631455118433e-11,0.7172675521821632,0.7172675521815506
1739,Antimony,"('ecoinvent-3.4-biosphere', '5df5cb9f-812c-4ce8-ab1c-df6ab4d31900')",Sb,4.3940348577303406e-13,4.3940348577303406e-13,1.0,2.1834077210692158e-11,2.1834077210692158e-11,Stibnite,1.3941798941798942,6.126075052973253e-13,1.3941798941798942,3.0440631455118433e-11,0.7172675521821632,0.7172675521815506
1740,Antimony,"('ecoinvent-3.4-biosphere', '43b29ad9-26dd-4838-b931-6216e55a0120')",Sb,4.3940348577303406e-13,4.3940348577303406e-13,1.0,2.1834077210692158e-11,2.1834077210692158e-11,Stibnite,1.3941798941798942,6.126075052973253e-13,1.3941798941798942,3.0440631455118433e-11,0.7172675521821632,0.7172675521815506
1741,Antimony,"('ecoinvent-3.4-biosphere', 'b2dc8668-86de-4207-b20e-dc81dea63c98')",Sb,4.3940348577303406e-13,4.3940348577303406e-13,1.0,2.1834077210692158e-11,2.1834077210692158e-11,Stibnite,1.3941798941798942,6.126075052973253e-13,1.3941798941798942,3.0440631455118433e-11,0.7172675521821632,0.7172675521815506
1742,Antimony,"('ecoinvent-3.4-biosphere', '49803ad0-9ca2-4507-a5ea-f152d16c929d')",Sb,4.3940348577303406e-13,4.3940348577303406e-13,1.0,2.1834077210692158e-11,2.1834077210692158e-11,Stibnite,1.3941798941798942,6.126075052973253e-13,1.3941798941798942,3.0440631455118433e-11,0.7172675521821632,0.7172675521815506
1743,Antimony,"('ecoinvent-3.4-biosphere', '34b96163-a3df-4bc1-8224-e2a9fe01b23f')",Sb,4.3940348577303406e-13,4.3940348577303406e-13,1.0,2.1834077210692158e-11,2.1834077210692158e-11,Stibnite,1.3941798941798942,6.126075052973253e-13,1.3941798941798942,3.0440631455118433e-11,0.7172675521821632,0.7172675521815506
1744,Antimony,"('ecoinvent-3.4-biosphere', '77927dac-dea3-429d-a434-d5a71d92c4f7')",Sb,4.3940348577303406e-13,4.3940348577303406e-13,1.0,2.1834077210692158e-11,2.1834077210692158e-11,Stibnite,1.3941798941798942,6.126075052973253e-13,1.3941798941798942,3.0440631455118433e-11,0.7172675521821632,0.7172675521815506
1745,Antimony,"('ecoinvent-3.4-biosphere', 'fa39136e-1ef6-43c1-af68-104da104568d')",Sb,4.3940348577303406e-13,4.3940348577303406e-13,1.0,2.1834077210692158e-11,2.1834077210692158e-11,Stibnite,1.3941798941798942,6.126075052973253e-13,1.3941798941798942,3.0440631455118433e-11,0.7172675521821632,0.7172675521815506
1746,Antimony,"('ecoinvent-3.4-biosphere', '183f9856-03ab-464d-9366-8ef62077b510')",Sb,4.3940348577303406e-13,4.3940348577303406e-13,1.0,2.1834077210692158e-11,2.1834077210692158e-11,Stibnite,1.3941798941798942,6.126075052973253e-13,1.3941798941798942,3.0440631455118433e-11,0.7172675521821632,0.7172675521815506
1747,Antimony,"('ecoinvent-3.4-biosphere', 'f4cf8d5c-f030-4b55-a3af-e3c20b855ee8')",Sb,4.3940348577303406e-13,4.3940348577303406e-13,1.0,2.1834077210692158e-11,2.1834077210692158e-11,Stibnite,1.3941798941798942,6.126075052973253e-13,1.3941798941798942,3.0440631455118433e-11,0.7172675521821632,0.7172675521815506
1748,Antimony,"('ecoinvent-3.4-biosphere', '2b2369a4-26bb-4b18-8479-752fdf7a5e7f')",Sb,4.3940348577303406e-13,4.3940348577303406e-13,1.0,2.1834077210692158e-11,2.1834077210692158e-11,Stibnite,1.3941798941798942,6.126075052973253e-13,1.3941798941798942,3.0440631455118433e-11,0.7172675521821632,0.7172675521815506
1749,"Silver, ion","('ecoinvent-3.4-biosphere', 'af9793ba-25a1-4928-a14a-4bcf7d5bd3f7')",Ag,4.1167056685127403e-13,4.1167056685127403e-13,1.0,1.5701960660375504e-13,1.5701960660375504e-13,Argentite,1.1478494623655913,4.725358388319731e-13,1.1478494623655913,1.8023487102097688e-13,0.8711943793911008,0.8711943793906283
1750,"Silver, ion","('ecoinvent-3.4-biosphere', '71cfe87c-ab80-421e-adba-afb7d5bd0861')",Ag,4.1167056685127403e-13,4.1167056685127403e-13,1.0,1.5701960660375504e-13,1.5701960660375504e-13,Argentite,1.1478494623655913,4.725358388319731e-13,1.1478494623655913,1.8023487102097688e-13,0.8711943793911008,0.8711943793906283
1751,"Silver, ion","('ecoinvent-3.4-biosphere', '94426df9-63b1-4dc6-ad1b-3509e22f1154')",Ag,4.1167056685127403e-13,4.1167056685127403e-13,1.0,1.5701960660375504e-13,1.5701960660375504e-13,Argentite,1.1478494623655913,4.725358388319731e-13,1.1478494623655913,1.8023487102097688e-13,0.8711943793911008,0.8711943793906283
1752,"Silver, ion","('ecoinvent-3.4-biosphere', '21c257b2-57ce-4a6e-b4bd-40f0f75f310f')",Ag,4.1167056685127403e-13,4.1167056685127403e-13,1.0,1.5701960660375504e-13,1.5701960660375504e-13,Argentite,1.1478494623655913,4.725358388319731e-13,1.1478494623655913,1.8023487102097688e-13,0.8711943793911008,0.8711943793906283
1753,"Silver, ion","('ecoinvent-3.4-biosphere', '6aa8673f-f7e3-4270-93dc-e97b745fced7')",Ag,4.1167056685127403e-13,4.1167056685127403e-13,1.0,1.5701960660375504e-13,1.5701960660375504e-13,Argentite,1.1478494623655913,4.725358388319731e-13,1.1478494623655913,1.8023487102097688e-13,0.8711943793911008,0.8711943793906283
1754,"Lithium, ion","('ecoinvent-3.4-biosphere', 'cf88e72e-13bc-416c-ac41-7d4b24bda86a')",Li,3.458860644108684e-13,3.458860644108684e-13,1.0,1.5184934529957733e-13,1.5184934529957733e-13,Spodumene,26.800000000000004,9.269746526211274e-12,26.800000000000004,4.069562454028673e-12,0.03731343283582089,0.03731343282655115
1755,"Lithium, ion","('ecoinvent-3.4-biosphere', '09cf7c11-0269-4fc1-a5f3-47121a7882d3')",Li,3.458860644108684e-13,3.458860644108684e-13,1.0,1.5184934529957733e-13,1.5184934529957733e-13,Spodumene,26.800000000000004,9.269746526211274e-12,26.800000000000004,4.069562454028673e-12,0.03731343283582089,0.03731343282655115
1756,"Lithium, ion","('ecoinvent-3.4-biosphere', 'eb2bfdf1-1881-40e8-bebb-d674b2a79149')",Li,3.458860644108684e-13,3.458860644108684e-13,1.0,1.5184934529957733e-13,1.5184934529957733e-13,Spodumene,26.800000000000004,9.269746526211274e-12,26.800000000000004,4.069562454028673e-12,0.03731343283582089,0.03731343282655115
1757,"Lithium, ion","('ecoinvent-3.4-biosphere', 'c44b0e3b-e65e-4276-aa1f-3db768757b66')",Li,3.458860644108684e-13,3.458860644108684e-13,1.0,1.5184934529957733e-13,1.5184934529957733e-13,Spodumene,26.800000000000004,9.269746526211274e-12,26.800000000000004,4.069562454028673e-12,0.03731343283582089,0.03731343282655115
1758,"Lithium, ion","('ecoinvent-3.4-biosphere', 'e98084d6-88a2-48cf-9ad5-6462fe9cf857')",Li,3.458860644108684e-13,3.458860644108684e-13,1.0,1.5184934529957733e-13,1.5184934529957733e-13,Spodumene,26.800000000000004,9.269746526211274e-12,26.800000000000004,4.069562454028673e-12,0.03731343283582089,0.03731343282655115
1759,Phosphorus,"('ecoinvent-3.4-biosphere', 'b1fca66f-8e83-469a-a7b5-018e14d5d545')",P,3.2413696439163966e-13,3.2413696439163966e-13,1.0,1.6973366253890836e-14,1.6973366253890836e-14,Apatite,0.3532544378698225,1.1450282114899935e-13,0.3532544378698225,5.995916954776823e-15,2.8308207705192627,2.830820770519148
1760,Phosphorus,"('ecoinvent-3.4-biosphere', '76b09afe-52b9-4ecc-b97a-00b49ad8ed1a')",P,3.2413696439163966e-13,3.2413696439163966e-13,1.0,1.6973366253890836e-14,1.6973366253890836e-14,Apatite,0.3532544378698225,1.1450282114899935e-13,0.3532544378698225,5.995916954776823e-15,2.8308207705192627,2.830820770519148
1761,Phosphorus,"('ecoinvent-3.4-biosphere', 'b2631209-8374-431e-b7d5-56c96c6b6d79')",P,3.2413696439163966e-13,3.2413696439163966e-13,1.0,1.6973366253890836e-14,1.6973366253890836e-14,Apatite,0.3532544378698225,1.1450282114899935e-13,0.3532544378698225,5.995916954776823e-15,2.8308207705192627,2.830820770519148
1762,Phosphorus,"('ecoinvent-3.4-biosphere', '62f3d964-9b53-4d01-9ee0-04112dcfc6d2')",P,3.2413696439163966e-13,3.2413696439163966e-13,1.0,1.6973366253890836e-14,1.6973366253890836e-14,Apatite,0.3532544378698225,1.1450282114899935e-13,0.3532544378698225,5.995916954776823e-15,2.8308207705192627,2.830820770519148
1763,Phosphorus,"('ecoinvent-3.4-biosphere', '2d4b8ec1-8d53-4e62-8a11-ebc45909b02e')",P,3.2413696439163966e-13,3.2413696439163966e-13,1.0,1.6973366253890836e-14,1.6973366253890836e-14,Apatite,0.3532544378698225,1.1450282114899935e-13,0.3532544378698225,5.995916954776823e-15,2.8308207705192627,2.830820770519148
1764,Phosphorus,"('ecoinvent-3.4-biosphere', '8b0a4a41-c65c-4d94-b10c-94ddb98abdd2')",P,3.2413696439163966e-13,3.2413696439163966e-13,1.0,1.6973366253890836e-14,1.6973366253890836e-14,Apatite,0.3532544378698225,1.1450282114899935e-13,0.3532544378698225,5.995916954776823e-15,2.8308207705192627,2.830820770519148
1765,Phosphorus,"('ecoinvent-3.4-biosphere', 'b6e2f7f4-6b2e-4b3e-be1f-67626cb8205d')",P,3.2413696439163966e-13,3.2413696439163966e-13,1.0,1.6973366253890836e-14,1.6973366253890836e-14,Apatite,0.3532544378698225,1.1450282114899935e-13,0.3532544378698225,5.995916954776823e-15,2.8308207705192627,2.830820770519148
1766,Phosphorus,"('ecoinvent-3.4-biosphere', 'f5e7e615-4160-4df9-b39b-7463eaed77c7')",P,3.2413696439163966e-13,3.2413696439163966e-13,1.0,1.6973366253890836e-14,1.6973366253890836e-14,Apatite,0.3532544378698225,1.1450282114899935e-13,0.3532544378698225,5.995916954776823e-15,2.8308207705192627,2.830820770519148
1767,Phosphorus,"('ecoinvent-3.4-biosphere', '2f8952b0-c90c-4e3d-b546-52b862fc8f11')",P,3.2413696439163966e-13,3.2413696439163966e-13,1.0,1.6973366253890836e-14,1.6973366253890836e-14,Apatite,0.3532544378698225,1.1450282114899935e-13,0.3532544378698225,5.995916954776823e-15,2.8308207705192627,2.830820770519148
1768,Phosphorus,"('ecoinvent-3.4-biosphere', 'c89a0749-40a5-4c9c-8770-c4295ea34977')",P,3.2413696439163966e-13,3.2413696439163966e-13,1.0,1.6973366253890836e-14,1.6973366253890836e-14,Apatite,0.3532544378698225,1.1450282114899935e-13,0.3532544378698225,5.995916954776823e-15,2.8308207705192627,2.830820770519148
1769,Phosphorus,"('ecoinvent-3.4-biosphere', 'd761f94e-517d-41cf-89fa-17dc72f7a69b')",P,3.2413696439163966e-13,3.2413696439163966e-13,1.0,1.6973366253890836e-14,1.6973366253890836e-14,Apatite,0.3532544378698225,1.1450282114899935e-13,0.3532544378698225,5.995916954776823e-15,2.8308207705192627,2.830820770519148
1770,Phosphorus,"('ecoinvent-3.4-biosphere', '198ce8e3-f05a-4bec-9f7f-325347453326')",P,3.2413696439163966e-13,3.2413696439163966e-13,1.0,1.6973366253890836e-14,1.6973366253890836e-14,Apatite,0.3532544378698225,1.1450282114899935e-13,0.3532544378698225,5.995916954776823e-15,2.8308207705192627,2.830820770519148
1771,Phosphorus,"('ecoinvent-3.4-biosphere', 'ea4e9316-5080-4b3b-bbf3-1949f6d7577a')",P,3.2413696439163966e-13,3.2413696439163966e-13,1.0,1.6973366253890836e-14,1.6973366253890836e-14,Apatite,0.3532544378698225,1.1450282114899935e-13,0.3532544378698225,5.995916954776823e-15,2.8308207705192627,2.830820770519148
1772,Phosphorus,"('ecoinvent-3.4-biosphere', 'e2d35af7-9806-46ff-9b75-b124a48fa5a1')",P,3.2413696439163966e-13,3.2413696439163966e-13,1.0,1.6973366253890836e-14,1.6973366253890836e-14,Apatite,0.3532544378698225,1.1450282114899935e-13,0.3532544378698225,5.995916954776823e-15,2.8308207705192627,2.830820770519148
1773,Phosphorus,"('ecoinvent-3.4-biosphere', 'b1fca66f-8e83-469a-a7b5-018e14d5d545')",P,3.235533280882856e-13,3.235533280882856e-13,1.0,1.6973366253890836e-14,1.6973366253890836e-14,Apatite,0.3532544378698225,1.142966490347376e-13,0.3532544378698225,5.995916954776823e-15,2.8308207705192627,2.8308207705191486
1774,Phosphorus,"('ecoinvent-3.4-biosphere', '76b09afe-52b9-4ecc-b97a-00b49ad8ed1a')",P,3.235533280882856e-13,3.235533280882856e-13,1.0,1.6973366253890836e-14,1.6973366253890836e-14,Apatite,0.3532544378698225,1.142966490347376e-13,0.3532544378698225,5.995916954776823e-15,2.8308207705192627,2.8308207705191486
1775,Phosphorus,"('ecoinvent-3.4-biosphere', 'b2631209-8374-431e-b7d5-56c96c6b6d79')",P,3.235533280882856e-13,3.235533280882856e-13,1.0,1.6973366253890836e-14,1.6973366253890836e-14,Apatite,0.3532544378698225,1.142966490347376e-13,0.3532544378698225,5.995916954776823e-15,2.8308207705192627,2.8308207705191486
1776,Phosphorus,"('ecoinvent-3.4-biosphere', '62f3d964-9b53-4d01-9ee0-04112dcfc6d2')",P,3.235533280882856e-13,3.235533280882856e-13,1.0,1.6973366253890836e-14,1.6973366253890836e-14,Apatite,0.3532544378698225,1.142966490347376e-13,0.3532544378698225,5.995916954776823e-15,2.8308207705192627,2.8308207705191486
1777,Phosphorus,"('ecoinvent-3.4-biosphere', '2d4b8ec1-8d53-4e62-8a11-ebc45909b02e')",P,3.235533280882856e-13,3.235533280882856e-13,1.0,1.6973366253890836e-14,1.6973366253890836e-14,Apatite,0.3532544378698225,1.142966490347376e-13,0.3532544378698225,5.995916954776823e-15,2.8308207705192627,2.8308207705191486
1778,Phosphorus,"('ecoinvent-3.4-biosphere', '8b0a4a41-c65c-4d94-b10c-94ddb98abdd2')",P,3.235533280882856e-13,3.235533280882856e-13,1.0,1.6973366253890836e-14,1.6973366253890836e-14,Apatite,0.3532544378698225,1.142966490347376e-13,0.3532544378698225,5.995916954776823e-15,2.8308207705192627,2.8308207705191486
1779,Phosphorus,"('ecoinvent-3.4-biosphere', 'b6e2f7f4-6b2e-4b3e-be1f-67626cb8205d')",P,3.235533280882856e-13,3.235533280882856e-13,1.0,1.6973366253890836e-14,1.6973366253890836e-14,Apatite,0.3532544378698225,1.142966490347376e-13,0.3532544378698225,5.995916954776823e-15,2.8308207705192627,2.8308207705191486
1780,Phosphorus,"('ecoinvent-3.4-biosphere', 'f5e7e615-4160-4df9-b39b-7463eaed77c7')",P,3.235533280882856e-13,3.235533280882856e-13,1.0,1.6973366253890836e-14,1.6973366253890836e-14,Apatite,0.3532544378698225,1.142966490347376e-13,0.3532544378698225,5.995916954776823e-15,2.8308207705192627,2.8308207705191486
1781,Phosphorus,"('ecoinvent-3.4-biosphere', '2f8952b0-c90c-4e3d-b546-52b862fc8f11')",P,3.235533280882856e-13,3.235533280882856e-13,1.0,1.6973366253890836e-14,1.6973366253890836e-14,Apatite,0.3532544378698225,1.142966490347376e-13,0.3532544378698225,5.995916954776823e-15,2.8308207705192627,2.8308207705191486
1782,Phosphorus,"('ecoinvent-3.4-biosphere', 'c89a0749-40a5-4c9c-8770-c4295ea34977')",P,3.235533280882856e-13,3.235533280882856e-13,1.0,1.6973366253890836e-14,1.6973366253890836e-14,Apatite,0.3532544378698225,1.142966490347376e-13,0.3532544378698225,5.995916954776823e-15,2.8308207705192627,2.8308207705191486
1783,Phosphorus,"('ecoinvent-3.4-biosphere', 'd761f94e-517d-41cf-89fa-17dc72f7a69b')",P,3.235533280882856e-13,3.235533280882856e-13,1.0,1.6973366253890836e-14,1.6973366253890836e-14,Apatite,0.3532544378698225,1.142966490347376e-13,0.3532544378698225,5.995916954776823e-15,2.8308207705192627,2.8308207705191486
1784,Phosphorus,"('ecoinvent-3.4-biosphere', '198ce8e3-f05a-4bec-9f7f-325347453326')",P,3.235533280882856e-13,3.235533280882856e-13,1.0,1.6973366253890836e-14,1.6973366253890836e-14,Apatite,0.3532544378698225,1.142966490347376e-13,0.3532544378698225,5.995916954776823e-15,2.8308207705192627,2.8308207705191486
1785,Phosphorus,"('ecoinvent-3.4-biosphere', 'ea4e9316-5080-4b3b-bbf3-1949f6d7577a')",P,3.235533280882856e-13,3.235533280882856e-13,1.0,1.6973366253890836e-14,1.6973366253890836e-14,Apatite,0.3532544378698225,1.142966490347376e-13,0.3532544378698225,5.995916954776823e-15,2.8308207705192627,2.8308207705191486
1786,Phosphorus,"('ecoinvent-3.4-biosphere', 'e2d35af7-9806-46ff-9b75-b124a48fa5a1')",P,3.235533280882856e-13,3.235533280882856e-13,1.0,1.6973366253890836e-14,1.6973366253890836e-14,Apatite,0.3532544378698225,1.142966490347376e-13,0.3532544378698225,5.995916954776823e-15,2.8308207705192627,2.8308207705191486
1787,Glyphosate,"('ecoinvent-3.4-biosphere', 'bd02a7ec-dcb5-4609-bc96-cc7a96601ce2')",P,2.5629272535908546e-13,2.5629272535908546e-13,0.1832022239309162,3.1095584453067654e-15,3.1095584453067654e-15,Apatite,0.3532544378698225,9.053654262684854e-14,0.06471699863121715,1.0984653206202006e-15,0.5186126607089587,0.5186126607088682
1788,Glyphosate,"('ecoinvent-3.4-biosphere', 'b4f9a201-2a20-4f41-a572-eabc98c75e1b')",P,2.5629272535908546e-13,2.5629272535908546e-13,0.1832022239309162,3.1095584453067654e-15,3.1095584453067654e-15,Apatite,0.3532544378698225,9.053654262684854e-14,0.06471699863121715,1.0984653206202006e-15,0.5186126607089587,0.5186126607088682
1789,Glyphosate,"('ecoinvent-3.4-biosphere', '3850d44e-8919-47bc-9c0a-51ccc4ec9d9f')",P,2.5629272535908546e-13,2.5629272535908546e-13,0.1832022239309162,3.1095584453067654e-15,3.1095584453067654e-15,Apatite,0.3532544378698225,9.053654262684854e-14,0.06471699863121715,1.0984653206202006e-15,0.5186126607089587,0.5186126607088682
1790,Glyphosate,"('ecoinvent-3.4-biosphere', '17955b10-4c04-4fff-91e7-cf89ef1a7cca')",P,2.5629272535908546e-13,2.5629272535908546e-13,0.1832022239309162,3.1095584453067654e-15,3.1095584453067654e-15,Apatite,0.3532544378698225,9.053654262684854e-14,0.06471699863121715,1.0984653206202006e-15,0.5186126607089587,0.5186126607088682
1791,Glyphosate,"('ecoinvent-3.4-biosphere', 'e157e3dd-88b9-4256-ab2e-ff82e7b8d088')",P,2.5629272535908546e-13,2.5629272535908546e-13,0.1832022239309162,3.1095584453067654e-15,3.1095584453067654e-15,Apatite,0.3532544378698225,9.053654262684854e-14,0.06471699863121715,1.0984653206202006e-15,0.5186126607089587,0.5186126607088682
1792,Lithium,"('ecoinvent-3.4-biosphere', '6230c099-a983-4d9d-98a8-a0697962bec3')",Li,2.237579983232634e-13,2.237579983232634e-13,1.0,1.5184934529957733e-13,1.5184934529957733e-13,Spodumene,26.800000000000004,5.99671435506346e-12,26.800000000000004,4.069562454028673e-12,0.03731343283582089,0.037313432829824175
1793,Lithium,"('ecoinvent-3.4-biosphere', '4569494e-085e-413a-8fef-63a3c419e0cf')",Li,2.237579983232634e-13,2.237579983232634e-13,1.0,1.5184934529957733e-13,1.5184934529957733e-13,Spodumene,26.800000000000004,5.99671435506346e-12,26.800000000000004,4.069562454028673e-12,0.03731343283582089,0.037313432829824175
1794,Lithium,"('ecoinvent-3.4-biosphere', '85466e0f-e5b5-4084-9338-59e317f7cb09')",Li,2.237579983232634e-13,2.237579983232634e-13,1.0,1.5184934529957733e-13,1.5184934529957733e-13,Spodumene,26.800000000000004,5.99671435506346e-12,26.800000000000004,4.069562454028673e-12,0.03731343283582089,0.037313432829824175
1795,Lithium,"('ecoinvent-3.4-biosphere', '6230c099-a983-4d9d-98a8-a0697962bec3')",Li,2.237579983232634e-13,2.237579983232634e-13,1.0,1.5184934529957733e-13,1.5184934529957733e-13,Spodumene,26.800000000000004,5.99671435506346e-12,26.800000000000004,4.069562454028673e-12,0.03731343283582089,0.037313432829824175
1796,Lithium,"('ecoinvent-3.4-biosphere', '4569494e-085e-413a-8fef-63a3c419e0cf')",Li,2.237579983232634e-13,2.237579983232634e-13,1.0,1.5184934529957733e-13,1.5184934529957733e-13,Spodumene,26.800000000000004,5.99671435506346e-12,26.800000000000004,4.069562454028673e-12,0.03731343283582089,0.037313432829824175
1797,Lithium,"('ecoinvent-3.4-biosphere', '85466e0f-e5b5-4084-9338-59e317f7cb09')",Li,2.237579983232634e-13,2.237579983232634e-13,1.0,1.5184934529957733e-13,1.5184934529957733e-13,Spodumene,26.800000000000004,5.99671435506346e-12,26.800000000000004,4.069562454028673e-12,0.03731343283582089,0.037313432829824175
1798,Tin,"('ecoinvent-3.4-biosphere', 'c67e3ba8-ddce-4931-b4b0-f4f9a56ccf40')",Sn,1.85918297244212e-13,1.85918297244212e-13,1.0,1.3268575464212294e-13,1.3268575464212294e-13,Cassiterite,1.26875,2.35883839628594e-13,1.26875,1.6834505120219348e-13,0.7881773399014778,0.7881773399012418
1799,Tin,"('ecoinvent-3.4-biosphere', 'f563b90e-a300-4403-b278-d2fdcd73e5a7')",Sn,1.85918297244212e-13,1.85918297244212e-13,1.0,1.3268575464212294e-13,1.3268575464212294e-13,Cassiterite,1.26875,2.35883839628594e-13,1.26875,1.6834505120219348e-13,0.7881773399014778,0.7881773399012418
1800,Tin,"('ecoinvent-3.4-biosphere', '19b6e569-85a4-4ea9-a590-d61a21e3c846')",Sn,1.85918297244212e-13,1.85918297244212e-13,1.0,1.3268575464212294e-13,1.3268575464212294e-13,Cassiterite,1.26875,2.35883839628594e-13,1.26875,1.6834505120219348e-13,0.7881773399014778,0.7881773399012418
1801,Tin,"('ecoinvent-3.4-biosphere', '6366d4ec-5ffc-4488-be51-0c239cdf535d')",Sn,1.85918297244212e-13,1.85918297244212e-13,1.0,1.3268575464212294e-13,1.3268575464212294e-13,Cassiterite,1.26875,2.35883839628594e-13,1.26875,1.6834505120219348e-13,0.7881773399014778,0.7881773399012418
1802,Tin,"('ecoinvent-3.4-biosphere', '2a7b68ff-f12a-44c6-8b31-71ec91d29889')",Sn,1.85918297244212e-13,1.85918297244212e-13,1.0,1.3268575464212294e-13,1.3268575464212294e-13,Cassiterite,1.26875,2.35883839628594e-13,1.26875,1.6834505120219348e-13,0.7881773399014778,0.7881773399012418
1803,Tin,"('ecoinvent-3.4-biosphere', '85a764f2-a810-4b20-bc86-a45604262fda')",Sn,1.85918297244212e-13,1.85918297244212e-13,1.0,1.3268575464212294e-13,1.3268575464212294e-13,Cassiterite,1.26875,2.35883839628594e-13,1.26875,1.6834505120219348e-13,0.7881773399014778,0.7881773399012418
1804,Tin,"('ecoinvent-3.4-biosphere', '8a422b03-1055-4bc8-b439-27bf8d7eef57')",Sn,1.85918297244212e-13,1.85918297244212e-13,1.0,1.3268575464212294e-13,1.3268575464212294e-13,Cassiterite,1.26875,2.35883839628594e-13,1.26875,1.6834505120219348e-13,0.7881773399014778,0.7881773399012418
1805,Tin,"('ecoinvent-3.4-biosphere', 'e070bd24-fd16-4963-8f4d-78bb4c402400')",Sn,1.85918297244212e-13,1.85918297244212e-13,1.0,1.3268575464212294e-13,1.3268575464212294e-13,Cassiterite,1.26875,2.35883839628594e-13,1.26875,1.6834505120219348e-13,0.7881773399014778,0.7881773399012418
1806,Tin,"('ecoinvent-3.4-biosphere', '168c970b-91c9-4427-a3a0-6686ad6cc2c4')",Sn,1.85918297244212e-13,1.85918297244212e-13,1.0,1.3268575464212294e-13,1.3268575464212294e-13,Cassiterite,1.26875,2.35883839628594e-13,1.26875,1.6834505120219348e-13,0.7881773399014778,0.7881773399012418
1807,Copper,"('ecoinvent-3.4-biosphere', '237ca6bc-2f0a-4416-a0e3-bd512f038f2e')",Cu,1.0738558467141468e-13,1.0738558467141468e-13,1.0,1.231243333335009e-14,1.231243333335009e-14,Chalcopyrite,2.8793103448275863,3.09196424829763e-13,2.8793103448275863,3.545131666671491e-14,0.34730538922155685,0.34730538922124765
1808,Copper,"('ecoinvent-3.4-biosphere', 'fd153f15-1d16-410a-91fa-04d205e36c43')",Cu,1.0738558467141468e-13,1.0738558467141468e-13,1.0,1.231243333335009e-14,1.231243333335009e-14,Chalcopyrite,2.8793103448275863,3.09196424829763e-13,2.8793103448275863,3.545131666671491e-14,0.34730538922155685,0.34730538922124765
1809,Copper,"('ecoinvent-3.4-biosphere', '0a5e8a67-f9ae-48b3-bfa7-e9d37c30a191')",Cu,1.0738558467141468e-13,1.0738558467141468e-13,1.0,1.231243333335009e-14,1.231243333335009e-14,Chalcopyrite,2.8793103448275863,3.09196424829763e-13,2.8793103448275863,3.545131666671491e-14,0.34730538922155685,0.34730538922124765
1810,Copper,"('ecoinvent-3.4-biosphere', '88cde01c-df69-40bb-9b14-6eac71bea5b8')",Cu,1.0738558467141468e-13,1.0738558467141468e-13,1.0,1.231243333335009e-14,1.231243333335009e-14,Chalcopyrite,2.8793103448275863,3.09196424829763e-13,2.8793103448275863,3.545131666671491e-14,0.34730538922155685,0.34730538922124765
1811,Copper,"('ecoinvent-3.4-biosphere', 'e336eee7-148a-4d1c-8027-780cbfafa12b')",Cu,1.0738558467141468e-13,1.0738558467141468e-13,1.0,1.231243333335009e-14,1.231243333335009e-14,Chalcopyrite,2.8793103448275863,3.09196424829763e-13,2.8793103448275863,3.545131666671491e-14,0.34730538922155685,0.34730538922124765
1812,Copper,"('ecoinvent-3.4-biosphere', '7e66a41c-d311-4949-bdd8-eef09cdcfa47')",Cu,1.0738558467141468e-13,1.0738558467141468e-13,1.0,1.231243333335009e-14,1.231243333335009e-14,Chalcopyrite,2.8793103448275863,3.09196424829763e-13,2.8793103448275863,3.545131666671491e-14,0.34730538922155685,0.34730538922124765
1813,Copper,"('ecoinvent-3.4-biosphere', '44d3e792-7c9e-48ab-9de9-acfa2e097f26')",Cu,1.0738558467141468e-13,1.0738558467141468e-13,1.0,1.231243333335009e-14,1.231243333335009e-14,Chalcopyrite,2.8793103448275863,3.09196424829763e-13,2.8793103448275863,3.545131666671491e-14,0.34730538922155685,0.34730538922124765
1814,Copper,"('ecoinvent-3.4-biosphere', 'ec8144d6-d123-43b1-9c17-a295422a0498')",Cu,1.0738558467141468e-13,1.0738558467141468e-13,1.0,1.231243333335009e-14,1.231243333335009e-14,Chalcopyrite,2.8793103448275863,3.09196424829763e-13,2.8793103448275863,3.545131666671491e-14,0.34730538922155685,0.34730538922124765
1815,Copper,"('ecoinvent-3.4-biosphere', '3573a5af-88f8-4f74-ade7-cd269cbc4e66')",Cu,1.0738558467141468e-13,1.0738558467141468e-13,1.0,1.231243333335009e-14,1.231243333335009e-14,Chalcopyrite,2.8793103448275863,3.09196424829763e-13,2.8793103448275863,3.545131666671491e-14,0.34730538922155685,0.34730538922124765
1816,Chromium VI,"('ecoinvent-3.4-biosphere', 'abbd3b09-a7ec-435a-9d01-34cf8581739e')",Cr,9.735757625761597e-14,9.735757625761597e-14,1.0,3.1278613038877847e-13,3.1278613038877847e-13,Chromite,2.152027027027027,2.0951613539223439e-13,2.152027027027027,6.73124206275851e-13,0.46467817896389324,0.46467817896368374
1817,Chromium VI,"('ecoinvent-3.4-biosphere', '58060894-19d9-4855-84d8-58935a5325f8')",Cr,9.735757625761597e-14,9.735757625761597e-14,1.0,3.1278613038877847e-13,3.1278613038877847e-13,Chromite,2.152027027027027,2.0951613539223439e-13,2.152027027027027,6.73124206275851e-13,0.46467817896389324,0.46467817896368374
1818,Chromium VI,"('ecoinvent-3.4-biosphere', '8216fc31-15a1-4d33-858f-e09650b14c63')",Cr,9.735757625761597e-14,9.735757625761597e-14,1.0,3.1278613038877847e-13,3.1278613038877847e-13,Chromite,2.152027027027027,2.0951613539223439e-13,2.152027027027027,6.73124206275851e-13,0.46467817896389324,0.46467817896368374
1819,Chromium VI,"('ecoinvent-3.4-biosphere', '8ec83662-7c2b-4452-8acf-95a0bb94233c')",Cr,9.735757625761597e-14,9.735757625761597e-14,1.0,3.1278613038877847e-13,3.1278613038877847e-13,Chromite,2.152027027027027,2.0951613539223439e-13,2.152027027027027,6.73124206275851e-13,0.46467817896389324,0.46467817896368374
1820,Chromium VI,"('ecoinvent-3.4-biosphere', 'ef475b50-9cd0-4e7c-9c59-07868fe16e91')",Cr,9.735757625761597e-14,9.735757625761597e-14,1.0,3.1278613038877847e-13,3.1278613038877847e-13,Chromite,2.152027027027027,2.0951613539223439e-13,2.152027027027027,6.73124206275851e-13,0.46467817896389324,0.46467817896368374
1821,Chromium VI,"('ecoinvent-3.4-biosphere', '03b279a7-4626-4703-a451-d0650599dbd9')",Cr,9.735757625761597e-14,9.735757625761597e-14,1.0,3.1278613038877847e-13,3.1278613038877847e-13,Chromite,2.152027027027027,2.0951613539223439e-13,2.152027027027027,6.73124206275851e-13,0.46467817896389324,0.46467817896368374
1822,Chromium VI,"('ecoinvent-3.4-biosphere', '81b3321a-c9d8-4104-a974-5460f1bc5029')",Cr,9.735757625761597e-14,9.735757625761597e-14,1.0,3.1278613038877847e-13,3.1278613038877847e-13,Chromite,2.152027027027027,2.0951613539223439e-13,2.152027027027027,6.73124206275851e-13,0.46467817896389324,0.46467817896368374
1823,Chromium VI,"('ecoinvent-3.4-biosphere', '01285299-c683-4e15-b654-201987a7a738')",Cr,9.735757625761597e-14,9.735757625761597e-14,1.0,3.1278613038877847e-13,3.1278613038877847e-13,Chromite,2.152027027027027,2.0951613539223439e-13,2.152027027027027,6.73124206275851e-13,0.46467817896389324,0.46467817896368374
1824,Chromium VI,"('ecoinvent-3.4-biosphere', '9bbae55a-35de-4eff-a219-814a9fec5ac2')",Cr,9.735757625761597e-14,9.735757625761597e-14,1.0,3.1278613038877847e-13,3.1278613038877847e-13,Chromite,2.152027027027027,2.0951613539223439e-13,2.152027027027027,6.73124206275851e-13,0.46467817896389324,0.46467817896368374
1825,Chromium VI,"('ecoinvent-3.4-biosphere', 'a9ec0c9b-982a-4329-99ae-dab1f9fb62d3')",Cr,9.735757625761597e-14,9.735757625761597e-14,1.0,3.1278613038877847e-13,3.1278613038877847e-13,Chromite,2.152027027027027,2.0951613539223439e-13,2.152027027027027,6.73124206275851e-13,0.46467817896389324,0.46467817896368374
1826,Chromium VI,"('ecoinvent-3.4-biosphere', 'c2e854f9-fe22-4fe7-9083-cf6d0a8c7254')",Cr,9.735757625761597e-14,9.735757625761597e-14,1.0,3.1278613038877847e-13,3.1278613038877847e-13,Chromite,2.152027027027027,2.0951613539223439e-13,2.152027027027027,6.73124206275851e-13,0.46467817896389324,0.46467817896368374
1827,Chromium VI,"('ecoinvent-3.4-biosphere', '68ba2022-830e-45fb-8c85-b35e94754ae9')",Cr,9.735757625761597e-14,9.735757625761597e-14,1.0,3.1278613038877847e-13,3.1278613038877847e-13,Chromite,2.152027027027027,2.0951613539223439e-13,2.152027027027027,6.73124206275851e-13,0.46467817896389324,0.46467817896368374
1828,Chromium VI,"('ecoinvent-3.4-biosphere', '7a59e8d5-cd11-4ee7-b1ca-30979d2b0b3a')",Cr,9.735757625761597e-14,9.735757625761597e-14,1.0,3.1278613038877847e-13,3.1278613038877847e-13,Chromite,2.152027027027027,2.0951613539223439e-13,2.152027027027027,6.73124206275851e-13,0.46467817896389324,0.46467817896368374
1829,Chromium VI,"('ecoinvent-3.4-biosphere', '81e17d9a-3e0b-414e-9b2e-eca7e5b3bd4a')",Cr,9.735757625761597e-14,9.735757625761597e-14,1.0,3.1278613038877847e-13,3.1278613038877847e-13,Chromite,2.152027027027027,2.0951613539223439e-13,2.152027027027027,6.73124206275851e-13,0.46467817896389324,0.46467817896368374
1830,Chlorpyrifos methyl,"('ecoinvent-3.4-biosphere', '2b3cf153-0dd6-4b79-b0d4-b4df832f3a7e')",P,8.901176562296316e-14,8.901176562296316e-14,0.09604341085271317,1.6301799886760147e-15,1.6301799886760147e-15,Apatite,0.3532544378698225,3.1443801228940246e-14,0.03392776111187561,5.758683155263792e-16,0.2718816823133756,0.2718816823133442
1831,Uranium,"('ecoinvent-3.4-biosphere', '347de5bf-3551-4022-8371-258e830b5a09')",U,7.498012311457417e-14,7.498012311457417e-14,1.0,9.154438878304105e-12,9.154438878304105e-12,Uraninite,0.954954954954955,7.160264009139515e-14,0.954954954954955,8.742076766668785e-12,1.0471698113207546,1.047169811320683
1832,Uranium,"('ecoinvent-3.4-biosphere', '52317c31-7bdc-47de-9c23-ecf55127de75')",U,7.498012311457417e-14,7.498012311457417e-14,1.0,9.154438878304105e-12,9.154438878304105e-12,Uraninite,0.954954954954955,7.160264009139515e-14,0.954954954954955,8.742076766668785e-12,1.0471698113207546,1.047169811320683
1833,Uranium,"('ecoinvent-3.4-biosphere', '2e518059-747c-4ff1-8da3-17134c547ac2')",U,7.498012311457417e-14,7.498012311457417e-14,1.0,9.154438878304105e-12,9.154438878304105e-12,Uraninite,0.954954954954955,7.160264009139515e-14,0.954954954954955,8.742076766668785e-12,1.0471698113207546,1.047169811320683
1834,Uranium,"('ecoinvent-3.4-biosphere', '55fb6174-72e0-4a5e-9eb5-8d5780acffd1')",U,7.498012311457417e-14,7.498012311457417e-14,1.0,9.154438878304105e-12,9.154438878304105e-12,Uraninite,0.954954954954955,7.160264009139515e-14,0.954954954954955,8.742076766668785e-12,1.0471698113207546,1.047169811320683
1835,Uranium,"('ecoinvent-3.4-biosphere', '595f08d9-6304-497e-bb7d-48b6d2d8bff3')",U,7.498012311457417e-14,7.498012311457417e-14,1.0,9.154438878304105e-12,9.154438878304105e-12,Uraninite,0.954954954954955,7.160264009139515e-14,0.954954954954955,8.742076766668785e-12,1.0471698113207546,1.047169811320683
1836,Dichromate,"('ecoinvent-3.4-biosphere', 'd26099e9-c6bc-4d7f-a0bd-29c884965ba5')",Cr,3.277625039876359e-14,3.277625039876359e-14,0.48146673457104494,1.5059611681739826e-13,1.5059611681739826e-13,Chromite,2.152027027027027,7.053537670274463e-14,1.0361294254113367,3.2408691355636045e-13,0.2237270854521653,0.22372708545209477
1837,Dichromate,"('ecoinvent-3.4-biosphere', 'b6ecaa32-6ab5-4060-b641-45a2bf7beded')",Cr,3.277625039876359e-14,3.277625039876359e-14,0.48146673457104494,1.5059611681739826e-13,1.5059611681739826e-13,Chromite,2.152027027027027,7.053537670274463e-14,1.0361294254113367,3.2408691355636045e-13,0.2237270854521653,0.22372708545209477
1838,Dichromate,"('ecoinvent-3.4-biosphere', '3b8a6f65-384b-4086-a817-b0c77555b78a')",Cr,3.277625039876359e-14,3.277625039876359e-14,0.48146673457104494,1.5059611681739826e-13,1.5059611681739826e-13,Chromite,2.152027027027027,7.053537670274463e-14,1.0361294254113367,3.2408691355636045e-13,0.2237270854521653,0.22372708545209477
1839,Dichromate,"('ecoinvent-3.4-biosphere', 'ff5b7e31-3118-40f5-9b82-f65018442d77')",Cr,3.277625039876359e-14,3.277625039876359e-14,0.48146673457104494,1.5059611681739826e-13,1.5059611681739826e-13,Chromite,2.152027027027027,7.053537670274463e-14,1.0361294254113367,3.2408691355636045e-13,0.2237270854521653,0.22372708545209477
1840,Dichromate,"('ecoinvent-3.4-biosphere', '1ad3b0dc-fce4-416b-9851-f29d12cce55a')",Cr,3.277625039876359e-14,3.277625039876359e-14,0.48146673457104494,1.5059611681739826e-13,1.5059611681739826e-13,Chromite,2.152027027027027,7.053537670274463e-14,1.0361294254113367,3.2408691355636045e-13,0.2237270854521653,0.22372708545209477
1841,Sodium dichromate,"('ecoinvent-3.4-biosphere', '7a63162b-4ffe-447f-ba52-782d5548b774')",Cr,2.839684650258497e-14,2.839684650258497e-14,0.39696148413940524,1.2416404653735104e-13,1.2416404653735104e-13,Chromite,2.152027027027027,6.111078115590077e-14,0.8542718425567607,2.67204383933421e-13,0.1844593395687032,0.18445933956864208
1842,Sodium dichromate,"('ecoinvent-3.4-biosphere', 'a57bf693-7ffa-409d-919c-c806e34a4c67')",Cr,2.839684650258497e-14,2.839684650258497e-14,0.39696148413940524,1.2416404653735104e-13,1.2416404653735104e-13,Chromite,2.152027027027027,6.111078115590077e-14,0.8542718425567607,2.67204383933421e-13,0.1844593395687032,0.18445933956864208
1843,Sodium dichromate,"('ecoinvent-3.4-biosphere', 'f714e13b-86ef-4cd2-8248-2495f1a2d2e4')",Cr,2.839684650258497e-14,2.839684650258497e-14,0.39696148413940524,1.2416404653735104e-13,1.2416404653735104e-13,Chromite,2.152027027027027,6.111078115590077e-14,0.8542718425567607,2.67204383933421e-13,0.1844593395687032,0.18445933956864208
1844,Sodium dichromate,"('ecoinvent-3.4-biosphere', '4c0af94e-e0d5-4409-9ec4-ac501a99aabd')",Cr,2.839684650258497e-14,2.839684650258497e-14,0.39696148413940524,1.2416404653735104e-13,1.2416404653735104e-13,Chromite,2.152027027027027,6.111078115590077e-14,0.8542718425567607,2.67204383933421e-13,0.1844593395687032,0.18445933956864208
1845,Sodium dichromate,"('ecoinvent-3.4-biosphere', '64a408f9-a93b-47c8-863e-3e239fb1b118')",Cr,2.839684650258497e-14,2.839684650258497e-14,0.39696148413940524,1.2416404653735104e-13,1.2416404653735104e-13,Chromite,2.152027027027027,6.111078115590077e-14,0.8542718425567607,2.67204383933421e-13,0.1844593395687032,0.18445933956864208
1846,Monocrotophos,"('ecoinvent-3.4-biosphere', '33456751-d78b-465d-8635-52d71e77cf54')",P,2.657206827175126e-14,2.657206827175126e-14,0.13879727549740098,2.355856992059575e-15,2.355856992059575e-15,Apatite,0.3532544378698225,9.386701040376038e-15,0.04903075353369728,8.322169374316962e-16,0.392910210369527,0.3929102103695176
1847,Silver,"('ecoinvent-3.4-biosphere', '48dbf4b1-0b2a-4bf5-a190-2d7fc465bda4')",Ag,1.9974390484814248e-14,1.9974390484814248e-14,1.0,1.5701960660375504e-13,1.5701960660375504e-13,Argentite,1.1478494623655913,2.2927593379074418e-14,1.1478494623655913,1.8023487102097688e-13,0.8711943793911008,0.8711943793910778
1848,Silver,"('ecoinvent-3.4-biosphere', 'ebb88ef4-50ab-4e3b-9251-c5fcdf6b4768')",Ag,1.9974390484814248e-14,1.9974390484814248e-14,1.0,1.5701960660375504e-13,1.5701960660375504e-13,Argentite,1.1478494623655913,2.2927593379074418e-14,1.1478494623655913,1.8023487102097688e-13,0.8711943793911008,0.8711943793910778
1849,Silver,"('ecoinvent-3.4-biosphere', '6e8a87bf-baea-4cd9-a967-932e750968d1')",Ag,1.9974390484814248e-14,1.9974390484814248e-14,1.0,1.5701960660375504e-13,1.5701960660375504e-13,Argentite,1.1478494623655913,2.2927593379074418e-14,1.1478494623655913,1.8023487102097688e-13,0.8711943793911008,0.8711943793910778
1850,Silver,"('ecoinvent-3.4-biosphere', 'fce0b9ae-53c8-4ab0-9e7a-7f5c2ed2c856')",Ag,1.9974390484814248e-14,1.9974390484814248e-14,1.0,1.5701960660375504e-13,1.5701960660375504e-13,Argentite,1.1478494623655913,2.2927593379074418e-14,1.1478494623655913,1.8023487102097688e-13,0.8711943793911008,0.8711943793910778
1851,Silver,"('ecoinvent-3.4-biosphere', '35df5fe0-c90d-43b4-a35a-3d97022114d2')",Ag,1.9974390484814248e-14,1.9974390484814248e-14,1.0,1.5701960660375504e-13,1.5701960660375504e-13,Argentite,1.1478494623655913,2.2927593379074418e-14,1.1478494623655913,1.8023487102097688e-13,0.8711943793911008,0.8711943793910778
1852,Silver,"('ecoinvent-3.4-biosphere', '7da45a0b-0dcf-413c-8de0-44d8ebca9e6e')",Ag,1.9974390484814248e-14,1.9974390484814248e-14,1.0,1.5701960660375504e-13,1.5701960660375504e-13,Argentite,1.1478494623655913,2.2927593379074418e-14,1.1478494623655913,1.8023487102097688e-13,0.8711943793911008,0.8711943793910778
1853,Silver,"('ecoinvent-3.4-biosphere', '0ed1b1a1-e56d-4860-bac7-d76a39bde930')",Ag,1.9974390484814248e-14,1.9974390484814248e-14,1.0,1.5701960660375504e-13,1.5701960660375504e-13,Argentite,1.1478494623655913,2.2927593379074418e-14,1.1478494623655913,1.8023487102097688e-13,0.8711943793911008,0.8711943793910778
1854,Silver,"('ecoinvent-3.4-biosphere', '16316600-f12a-410b-8726-3faee64de60a')",Ag,1.9974390484814248e-14,1.9974390484814248e-14,1.0,1.5701960660375504e-13,1.5701960660375504e-13,Argentite,1.1478494623655913,2.2927593379074418e-14,1.1478494623655913,1.8023487102097688e-13,0.8711943793911008,0.8711943793910778
1855,Silver,"('ecoinvent-3.4-biosphere', 'c6462d84-caa9-425a-a923-45238690c6f3')",Ag,1.9974390484814248e-14,1.9974390484814248e-14,1.0,1.5701960660375504e-13,1.5701960660375504e-13,Argentite,1.1478494623655913,2.2927593379074418e-14,1.1478494623655913,1.8023487102097688e-13,0.8711943793911008,0.8711943793910778
1856,Silver,"('ecoinvent-3.4-biosphere', '48dbf4b1-0b2a-4bf5-a190-2d7fc465bda4')",Ag,1.7782953806529616e-14,1.7782953806529616e-14,1.0,1.5701960660375504e-13,1.5701960660375504e-13,Argentite,1.1478494623655913,2.0412153966097165e-14,1.1478494623655913,1.8023487102097688e-13,0.8711943793911008,0.8711943793910804
1857,Silver,"('ecoinvent-3.4-biosphere', 'ebb88ef4-50ab-4e3b-9251-c5fcdf6b4768')",Ag,1.7782953806529616e-14,1.7782953806529616e-14,1.0,1.5701960660375504e-13,1.5701960660375504e-13,Argentite,1.1478494623655913,2.0412153966097165e-14,1.1478494623655913,1.8023487102097688e-13,0.8711943793911008,0.8711943793910804
1858,Silver,"('ecoinvent-3.4-biosphere', '6e8a87bf-baea-4cd9-a967-932e750968d1')",Ag,1.7782953806529616e-14,1.7782953806529616e-14,1.0,1.5701960660375504e-13,1.5701960660375504e-13,Argentite,1.1478494623655913,2.0412153966097165e-14,1.1478494623655913,1.8023487102097688e-13,0.8711943793911008,0.8711943793910804
1859,Silver,"('ecoinvent-3.4-biosphere', 'fce0b9ae-53c8-4ab0-9e7a-7f5c2ed2c856')",Ag,1.7782953806529616e-14,1.7782953806529616e-14,1.0,1.5701960660375504e-13,1.5701960660375504e-13,Argentite,1.1478494623655913,2.0412153966097165e-14,1.1478494623655913,1.8023487102097688e-13,0.8711943793911008,0.8711943793910804
1860,Silver,"('ecoinvent-3.4-biosphere', '35df5fe0-c90d-43b4-a35a-3d97022114d2')",Ag,1.7782953806529616e-14,1.7782953806529616e-14,1.0,1.5701960660375504e-13,1.5701960660375504e-13,Argentite,1.1478494623655913,2.0412153966097165e-14,1.1478494623655913,1.8023487102097688e-13,0.8711943793911008,0.8711943793910804
1861,Silver,"('ecoinvent-3.4-biosphere', '7da45a0b-0dcf-413c-8de0-44d8ebca9e6e')",Ag,1.7782953806529616e-14,1.7782953806529616e-14,1.0,1.5701960660375504e-13,1.5701960660375504e-13,Argentite,1.1478494623655913,2.0412153966097165e-14,1.1478494623655913,1.8023487102097688e-13,0.8711943793911008,0.8711943793910804
1862,Silver,"('ecoinvent-3.4-biosphere', '0ed1b1a1-e56d-4860-bac7-d76a39bde930')",Ag,1.7782953806529616e-14,1.7782953806529616e-14,1.0,1.5701960660375504e-13,1.5701960660375504e-13,Argentite,1.1478494623655913,2.0412153966097165e-14,1.1478494623655913,1.8023487102097688e-13,0.8711943793911008,0.8711943793910804
1863,Silver,"('ecoinvent-3.4-biosphere', '16316600-f12a-410b-8726-3faee64de60a')",Ag,1.7782953806529616e-14,1.7782953806529616e-14,1.0,1.5701960660375504e-13,1.5701960660375504e-13,Argentite,1.1478494623655913,2.0412153966097165e-14,1.1478494623655913,1.8023487102097688e-13,0.8711943793911008,0.8711943793910804
1864,Silver,"('ecoinvent-3.4-biosphere', 'c6462d84-caa9-425a-a923-45238690c6f3')",Ag,1.7782953806529616e-14,1.7782953806529616e-14,1.0,1.5701960660375504e-13,1.5701960660375504e-13,Argentite,1.1478494623655913,2.0412153966097165e-14,1.1478494623655913,1.8023487102097688e-13,0.8711943793911008,0.8711943793910804
1865,Phosphorus,"('ecoinvent-3.4-biosphere', 'b1fca66f-8e83-469a-a7b5-018e14d5d545')",P,1.4875919307819913e-14,1.4875919307819913e-14,1.0,1.6973366253890836e-14,1.6973366253890836e-14,Apatite,0.3532544378698225,5.254984512880763e-15,0.3532544378698225,5.995916954776823e-15,2.8308207705192627,2.8308207705192574
1866,Phosphorus,"('ecoinvent-3.4-biosphere', '76b09afe-52b9-4ecc-b97a-00b49ad8ed1a')",P,1.4875919307819913e-14,1.4875919307819913e-14,1.0,1.6973366253890836e-14,1.6973366253890836e-14,Apatite,0.3532544378698225,5.254984512880763e-15,0.3532544378698225,5.995916954776823e-15,2.8308207705192627,2.8308207705192574
1867,Phosphorus,"('ecoinvent-3.4-biosphere', 'b2631209-8374-431e-b7d5-56c96c6b6d79')",P,1.4875919307819913e-14,1.4875919307819913e-14,1.0,1.6973366253890836e-14,1.6973366253890836e-14,Apatite,0.3532544378698225,5.254984512880763e-15,0.3532544378698225,5.995916954776823e-15,2.8308207705192627,2.8308207705192574
1868,Phosphorus,"('ecoinvent-3.4-biosphere', '62f3d964-9b53-4d01-9ee0-04112dcfc6d2')",P,1.4875919307819913e-14,1.4875919307819913e-14,1.0,1.6973366253890836e-14,1.6973366253890836e-14,Apatite,0.3532544378698225,5.254984512880763e-15,0.3532544378698225,5.995916954776823e-15,2.8308207705192627,2.8308207705192574
1869,Phosphorus,"('ecoinvent-3.4-biosphere', '2d4b8ec1-8d53-4e62-8a11-ebc45909b02e')",P,1.4875919307819913e-14,1.4875919307819913e-14,1.0,1.6973366253890836e-14,1.6973366253890836e-14,Apatite,0.3532544378698225,5.254984512880763e-15,0.3532544378698225,5.995916954776823e-15,2.8308207705192627,2.8308207705192574
1870,Phosphorus,"('ecoinvent-3.4-biosphere', '8b0a4a41-c65c-4d94-b10c-94ddb98abdd2')",P,1.4875919307819913e-14,1.4875919307819913e-14,1.0,1.6973366253890836e-14,1.6973366253890836e-14,Apatite,0.3532544378698225,5.254984512880763e-15,0.3532544378698225,5.995916954776823e-15,2.8308207705192627,2.8308207705192574
1871,Phosphorus,"('ecoinvent-3.4-biosphere', 'b6e2f7f4-6b2e-4b3e-be1f-67626cb8205d')",P,1.4875919307819913e-14,1.4875919307819913e-14,1.0,1.6973366253890836e-14,1.6973366253890836e-14,Apatite,0.3532544378698225,5.254984512880763e-15,0.3532544378698225,5.995916954776823e-15,2.8308207705192627,2.8308207705192574
1872,Phosphorus,"('ecoinvent-3.4-biosphere', 'f5e7e615-4160-4df9-b39b-7463eaed77c7')",P,1.4875919307819913e-14,1.4875919307819913e-14,1.0,1.6973366253890836e-14,1.6973366253890836e-14,Apatite,0.3532544378698225,5.254984512880763e-15,0.3532544378698225,5.995916954776823e-15,2.8308207705192627,2.8308207705192574
1873,Phosphorus,"('ecoinvent-3.4-biosphere', '2f8952b0-c90c-4e3d-b546-52b862fc8f11')",P,1.4875919307819913e-14,1.4875919307819913e-14,1.0,1.6973366253890836e-14,1.6973366253890836e-14,Apatite,0.3532544378698225,5.254984512880763e-15,0.3532544378698225,5.995916954776823e-15,2.8308207705192627,2.8308207705192574
1874,Phosphorus,"('ecoinvent-3.4-biosphere', 'c89a0749-40a5-4c9c-8770-c4295ea34977')",P,1.4875919307819913e-14,1.4875919307819913e-14,1.0,1.6973366253890836e-14,1.6973366253890836e-14,Apatite,0.3532544378698225,5.254984512880763e-15,0.3532544378698225,5.995916954776823e-15,2.8308207705192627,2.8308207705192574
1875,Phosphorus,"('ecoinvent-3.4-biosphere', 'd761f94e-517d-41cf-89fa-17dc72f7a69b')",P,1.4875919307819913e-14,1.4875919307819913e-14,1.0,1.6973366253890836e-14,1.6973366253890836e-14,Apatite,0.3532544378698225,5.254984512880763e-15,0.3532544378698225,5.995916954776823e-15,2.8308207705192627,2.8308207705192574
1876,Phosphorus,"('ecoinvent-3.4-biosphere', '198ce8e3-f05a-4bec-9f7f-325347453326')",P,1.4875919307819913e-14,1.4875919307819913e-14,1.0,1.6973366253890836e-14,1.6973366253890836e-14,Apatite,0.3532544378698225,5.254984512880763e-15,0.3532544378698225,5.995916954776823e-15,2.8308207705192627,2.8308207705192574
1877,Phosphorus,"('ecoinvent-3.4-biosphere', 'ea4e9316-5080-4b3b-bbf3-1949f6d7577a')",P,1.4875919307819913e-14,1.4875919307819913e-14,1.0,1.6973366253890836e-14,1.6973366253890836e-14,Apatite,0.3532544378698225,5.254984512880763e-15,0.3532544378698225,5.995916954776823e-15,2.8308207705192627,2.8308207705192574
1878,Phosphorus,"('ecoinvent-3.4-biosphere', 'e2d35af7-9806-46ff-9b75-b124a48fa5a1')",P,1.4875919307819913e-14,1.4875919307819913e-14,1.0,1.6973366253890836e-14,1.6973366253890836e-14,Apatite,0.3532544378698225,5.254984512880763e-15,0.3532544378698225,5.995916954776823e-15,2.8308207705192627,2.8308207705192574
1879,Silver,"('ecoinvent-3.4-biosphere', '48dbf4b1-0b2a-4bf5-a190-2d7fc465bda4')",Ag,1.303379943855411e-14,1.303379943855411e-14,1.0,1.5701960660375504e-13,1.5701960660375504e-13,Argentite,1.1478494623655913,1.496083967812528e-14,1.1478494623655913,1.8023487102097688e-13,0.8711943793911008,0.8711943793910858
1880,Silver,"('ecoinvent-3.4-biosphere', 'ebb88ef4-50ab-4e3b-9251-c5fcdf6b4768')",Ag,1.303379943855411e-14,1.303379943855411e-14,1.0,1.5701960660375504e-13,1.5701960660375504e-13,Argentite,1.1478494623655913,1.496083967812528e-14,1.1478494623655913,1.8023487102097688e-13,0.8711943793911008,0.8711943793910858
1881,Silver,"('ecoinvent-3.4-biosphere', '6e8a87bf-baea-4cd9-a967-932e750968d1')",Ag,1.303379943855411e-14,1.303379943855411e-14,1.0,1.5701960660375504e-13,1.5701960660375504e-13,Argentite,1.1478494623655913,1.496083967812528e-14,1.1478494623655913,1.8023487102097688e-13,0.8711943793911008,0.8711943793910858
1882,Silver,"('ecoinvent-3.4-biosphere', 'fce0b9ae-53c8-4ab0-9e7a-7f5c2ed2c856')",Ag,1.303379943855411e-14,1.303379943855411e-14,1.0,1.5701960660375504e-13,1.5701960660375504e-13,Argentite,1.1478494623655913,1.496083967812528e-14,1.1478494623655913,1.8023487102097688e-13,0.8711943793911008,0.8711943793910858
1883,Silver,"('ecoinvent-3.4-biosphere', '35df5fe0-c90d-43b4-a35a-3d97022114d2')",Ag,1.303379943855411e-14,1.303379943855411e-14,1.0,1.5701960660375504e-13,1.5701960660375504e-13,Argentite,1.1478494623655913,1.496083967812528e-14,1.1478494623655913,1.8023487102097688e-13,0.8711943793911008,0.8711943793910858
1884,Silver,"('ecoinvent-3.4-biosphere', '7da45a0b-0dcf-413c-8de0-44d8ebca9e6e')",Ag,1.303379943855411e-14,1.303379943855411e-14,1.0,1.5701960660375504e-13,1.5701960660375504e-13,Argentite,1.1478494623655913,1.496083967812528e-14,1.1478494623655913,1.8023487102097688e-13,0.8711943793911008,0.8711943793910858
1885,Silver,"('ecoinvent-3.4-biosphere', '0ed1b1a1-e56d-4860-bac7-d76a39bde930')",Ag,1.303379943855411e-14,1.303379943855411e-14,1.0,1.5701960660375504e-13,1.5701960660375504e-13,Argentite,1.1478494623655913,1.496083967812528e-14,1.1478494623655913,1.8023487102097688e-13,0.8711943793911008,0.8711943793910858
1886,Silver,"('ecoinvent-3.4-biosphere', '16316600-f12a-410b-8726-3faee64de60a')",Ag,1.303379943855411e-14,1.303379943855411e-14,1.0,1.5701960660375504e-13,1.5701960660375504e-13,Argentite,1.1478494623655913,1.496083967812528e-14,1.1478494623655913,1.8023487102097688e-13,0.8711943793911008,0.8711943793910858
1887,Silver,"('ecoinvent-3.4-biosphere', 'c6462d84-caa9-425a-a923-45238690c6f3')",Ag,1.303379943855411e-14,1.303379943855411e-14,1.0,1.5701960660375504e-13,1.5701960660375504e-13,Argentite,1.1478494623655913,1.496083967812528e-14,1.1478494623655913,1.8023487102097688e-13,0.8711943793911008,0.8711943793910858
1888,Uranium,"('ecoinvent-3.4-biosphere', '347de5bf-3551-4022-8371-258e830b5a09')",U,1.151529331225747e-14,1.151529331225747e-14,1.0,9.154438878304105e-12,9.154438878304105e-12,Uraninite,0.954954954954955,1.0996586406299927e-14,0.954954954954955,8.742076766668785e-12,1.0471698113207546,1.0471698113207435
1889,Uranium,"('ecoinvent-3.4-biosphere', '52317c31-7bdc-47de-9c23-ecf55127de75')",U,1.151529331225747e-14,1.151529331225747e-14,1.0,9.154438878304105e-12,9.154438878304105e-12,Uraninite,0.954954954954955,1.0996586406299927e-14,0.954954954954955,8.742076766668785e-12,1.0471698113207546,1.0471698113207435
1890,Uranium,"('ecoinvent-3.4-biosphere', '2e518059-747c-4ff1-8da3-17134c547ac2')",U,1.151529331225747e-14,1.151529331225747e-14,1.0,9.154438878304105e-12,9.154438878304105e-12,Uraninite,0.954954954954955,1.0996586406299927e-14,0.954954954954955,8.742076766668785e-12,1.0471698113207546,1.0471698113207435
1891,Uranium,"('ecoinvent-3.4-biosphere', '55fb6174-72e0-4a5e-9eb5-8d5780acffd1')",U,1.151529331225747e-14,1.151529331225747e-14,1.0,9.154438878304105e-12,9.154438878304105e-12,Uraninite,0.954954954954955,1.0996586406299927e-14,0.954954954954955,8.742076766668785e-12,1.0471698113207546,1.0471698113207435
1892,Uranium,"('ecoinvent-3.4-biosphere', '595f08d9-6304-497e-bb7d-48b6d2d8bff3')",U,1.151529331225747e-14,1.151529331225747e-14,1.0,9.154438878304105e-12,9.154438878304105e-12,Uraninite,0.954954954954955,1.0996586406299927e-14,0.954954954954955,8.742076766668785e-12,1.0471698113207546,1.0471698113207435
1893,Silver,"('ecoinvent-3.4-biosphere', '48dbf4b1-0b2a-4bf5-a190-2d7fc465bda4')",Ag,1.0035052268490149e-14,1.0035052268490149e-14,1.0,1.5701960660375504e-13,1.5701960660375504e-13,Argentite,1.1478494623655913,1.1518729351197025e-14,1.1478494623655913,1.8023487102097688e-13,0.8711943793911008,0.8711943793910892
1894,Silver,"('ecoinvent-3.4-biosphere', 'ebb88ef4-50ab-4e3b-9251-c5fcdf6b4768')",Ag,1.0035052268490149e-14,1.0035052268490149e-14,1.0,1.5701960660375504e-13,1.5701960660375504e-13,Argentite,1.1478494623655913,1.1518729351197025e-14,1.1478494623655913,1.8023487102097688e-13,0.8711943793911008,0.8711943793910892
1895,Silver,"('ecoinvent-3.4-biosphere', '6e8a87bf-baea-4cd9-a967-932e750968d1')",Ag,1.0035052268490149e-14,1.0035052268490149e-14,1.0,1.5701960660375504e-13,1.5701960660375504e-13,Argentite,1.1478494623655913,1.1518729351197025e-14,1.1478494623655913,1.8023487102097688e-13,0.8711943793911008,0.8711943793910892
1896,Silver,"('ecoinvent-3.4-biosphere', 'fce0b9ae-53c8-4ab0-9e7a-7f5c2ed2c856')",Ag,1.0035052268490149e-14,1.0035052268490149e-14,1.0,1.5701960660375504e-13,1.5701960660375504e-13,Argentite,1.1478494623655913,1.1518729351197025e-14,1.1478494623655913,1.8023487102097688e-13,0.8711943793911008,0.8711943793910892
1897,Silver,"('ecoinvent-3.4-biosphere', '35df5fe0-c90d-43b4-a35a-3d97022114d2')",Ag,1.0035052268490149e-14,1.0035052268490149e-14,1.0,1.5701960660375504e-13,1.5701960660375504e-13,Argentite,1.1478494623655913,1.1518729351197025e-14,1.1478494623655913,1.8023487102097688e-13,0.8711943793911008,0.8711943793910892
1898,Silver,"('ecoinvent-3.4-biosphere', '7da45a0b-0dcf-413c-8de0-44d8ebca9e6e')",Ag,1.0035052268490149e-14,1.0035052268490149e-14,1.0,1.5701960660375504e-13,1.5701960660375504e-13,Argentite,1.1478494623655913,1.1518729351197025e-14,1.1478494623655913,1.8023487102097688e-13,0.8711943793911008,0.8711943793910892
1899,Silver,"('ecoinvent-3.4-biosphere', '0ed1b1a1-e56d-4860-bac7-d76a39bde930')",Ag,1.0035052268490149e-14,1.0035052268490149e-14,1.0,1.5701960660375504e-13,1.5701960660375504e-13,Argentite,1.1478494623655913,1.1518729351197025e-14,1.1478494623655913,1.8023487102097688e-13,0.8711943793911008,0.8711943793910892
1900,Silver,"('ecoinvent-3.4-biosphere', '16316600-f12a-410b-8726-3faee64de60a')",Ag,1.0035052268490149e-14,1.0035052268490149e-14,1.0,1.5701960660375504e-13,1.5701960660375504e-13,Argentite,1.1478494623655913,1.1518729351197025e-14,1.1478494623655913,1.8023487102097688e-13,0.8711943793911008,0.8711943793910892
1901,Silver,"('ecoinvent-3.4-biosphere', 'c6462d84-caa9-425a-a923-45238690c6f3')",Ag,1.0035052268490149e-14,1.0035052268490149e-14,1.0,1.5701960660375504e-13,1.5701960660375504e-13,Argentite,1.1478494623655913,1.1518729351197025e-14,1.1478494623655913,1.8023487102097688e-13,0.8711943793911008,0.8711943793910892
1902,Chlorpyrifos,"('ecoinvent-3.4-biosphere', '736923cd-6eb7-4896-98f8-46951d56da97')",P,8.057493495280226e-15,8.057493495280226e-15,0.08834569309754706,1.4995238058985018e-15,1.4995238058985018e-15,Apatite,0.3532544378698225,2.8463453353149676e-15,0.031208508153393846,5.297134391250921e-16,0.25009082300645646,0.25009082300645363
1903,Chlorpyrifos,"('ecoinvent-3.4-biosphere', '0822b867-9dca-4d5a-93c3-319d39b592cd')",P,8.057493495280226e-15,8.057493495280226e-15,0.08834569309754706,1.4995238058985018e-15,1.4995238058985018e-15,Apatite,0.3532544378698225,2.8463453353149676e-15,0.031208508153393846,5.297134391250921e-16,0.25009082300645646,0.25009082300645363
1904,Acephate,"('ecoinvent-3.4-biosphere', '73a06727-fec3-4d8d-8de5-ef1a0cc2c280')",P,5.691541870186292e-15,5.691541870186292e-15,0.1690997434077633,2.870191878298929e-15,2.870191878298929e-15,Apatite,0.3532544378698225,2.010562423965217e-15,0.05973523480144065,1.0139080185470183e-15,0.47869106592817406,0.47869106592817207
1905,Acephate,"('ecoinvent-3.4-biosphere', 'cdcdbfc9-3d5f-4e78-8033-8dbecbb2cfec')",P,5.691541870186292e-15,5.691541870186292e-15,0.1690997434077633,2.870191878298929e-15,2.870191878298929e-15,Apatite,0.3532544378698225,2.010562423965217e-15,0.05973523480144065,1.0139080185470183e-15,0.47869106592817406,0.47869106592817207
1906,Ethephon,"('ecoinvent-3.4-biosphere', 'a212914e-f8ba-49eb-9ceb-63e286053f2d')",P,2.845979728250745e-15,2.845979728250745e-15,0.2143677763167001,3.638542780455497e-15,3.638542780455497e-15,Apatite,0.3532544378698225,1.0053549690921272e-15,0.07572636832015975,1.2853313845751076e-15,0.6068367537273419,0.6068367537273409
1907,Ethephon,"('ecoinvent-3.4-biosphere', 'e732d6dc-d502-4e03-8a5e-6c2644136b5f')",P,2.845979728250745e-15,2.845979728250745e-15,0.2143677763167001,3.638542780455497e-15,3.638542780455497e-15,Apatite,0.3532544378698225,1.0053549690921272e-15,0.07572636832015975,1.2853313845751076e-15,0.6068367537273419,0.6068367537273409
1908,Ethephon,"('ecoinvent-3.4-biosphere', '876d4bb6-badc-4d04-a193-71b68e908737')",P,2.845979728250745e-15,2.845979728250745e-15,0.2143677763167001,3.638542780455497e-15,3.638542780455497e-15,Apatite,0.3532544378698225,1.0053549690921272e-15,0.07572636832015975,1.2853313845751076e-15,0.6068367537273419,0.6068367537273409
1909,Ethephon,"('ecoinvent-3.4-biosphere', '0ba582f8-3360-441a-a93c-ea15e87f7b0c')",P,2.845979728250745e-15,2.845979728250745e-15,0.2143677763167001,3.638542780455497e-15,3.638542780455497e-15,Apatite,0.3532544378698225,1.0053549690921272e-15,0.07572636832015975,1.2853313845751076e-15,0.6068367537273419,0.6068367537273409
1910,Sulfosate,"('ecoinvent-3.4-biosphere', '4518a791-f5dd-4ee2-ab87-2f8ffca6b230')",P,2.763102016321712e-15,2.763102016321712e-15,0.1263007665959876,2.143749169580879e-15,2.143749169580879e-15,Apatite,0.3532544378698225,9.760780495526995e-16,0.04461630630639326,7.572889078341923e-16,0.3575348334124272,0.3575348334124262
1911,Chlorpyrifos,"('ecoinvent-3.4-biosphere', '736923cd-6eb7-4896-98f8-46951d56da97')",P,1.862754018618452e-15,1.862754018618452e-15,0.08834569309754706,1.4995238058985018e-15,1.4995238058985018e-15,Apatite,0.3532544378698225,6.580261237368142e-16,0.031208508153393846,5.297134391250921e-16,0.25009082300645646,0.2500908230064558
1912,Chlorpyrifos,"('ecoinvent-3.4-biosphere', '0822b867-9dca-4d5a-93c3-319d39b592cd')",P,1.862754018618452e-15,1.862754018618452e-15,0.08834569309754706,1.4995238058985018e-15,1.4995238058985018e-15,Apatite,0.3532544378698225,6.580261237368142e-16,0.031208508153393846,5.297134391250921e-16,0.25009082300645646,0.2500908230064558
1913,Malathion,"('ecoinvent-3.4-biosphere', 'dd7748c9-be28-4c89-b8b1-ed5ac14599a2')",P,1.5324116122591135e-15,1.5324116122591135e-15,0.09374697336561744,1.591201714128374e-15,1.591201714128374e-15,Apatite,0.3532544378698225,5.413312026737816e-16,0.03311653437826841,5.620990670619168e-16,0.26538087937670596,0.2653808793767054
1914,Glufosinate,"('ecoinvent-3.4-biosphere', 'b7a0a14a-b0b2-4aeb-923f-5c2ec1251dd5')",P,1.404004239485733e-15,1.404004239485733e-15,0.1710042510903771,2.9025177847292816e-15,2.9025177847292816e-15,Apatite,0.3532544378698225,4.959707283863803e-16,0.060408010592281146,1.0253272884517048e-15,0.48408238583373076,0.48408238583373026
1915,Dicrotophos,"('ecoinvent-3.4-biosphere', '98287294-2ab7-4781-bb9e-5d045cdce2a2')",P,8.0220602206588235e-16,8.0220602206588235e-16,0.1305872928875585,2.216505950284644e-15,2.216505950284644e-15,Apatite,0.3532544378698225,2.833828373806697e-16,0.04613054074193635,7.829905635029187e-16,0.36966922107198297,0.3696692210719827
1916,Acephate,"('ecoinvent-3.4-biosphere', '73a06727-fec3-4d8d-8de5-ef1a0cc2c280')",P,7.79523693475807e-16,7.79523693475807e-16,0.1690997434077633,2.870191878298929e-15,2.870191878298929e-15,Apatite,0.3532544378698225,2.7537020414500404e-16,0.05973523480144065,1.0139080185470183e-15,0.47869106592817406,0.4786910659281738
1917,Acephate,"('ecoinvent-3.4-biosphere', 'cdcdbfc9-3d5f-4e78-8033-8dbecbb2cfec')",P,7.79523693475807e-16,7.79523693475807e-16,0.1690997434077633,2.870191878298929e-15,2.870191878298929e-15,Apatite,0.3532544378698225,2.7537020414500404e-16,0.05973523480144065,1.0139080185470183e-15,0.47869106592817406,0.4786910659281738
1918,Profenofos,"('ecoinvent-3.4-biosphere', 'cab8d859-018a-4919-9324-f3febdea35e0')",P,4.043220644329671e-16,4.043220644329671e-16,0.0829001953804566,1.4070953787115992e-15,1.4070953787115992e-15,Apatite,0.3532544378698225,1.4282856358963395e-16,0.029284861918421657,4.97062687035991e-16,0.23467559496310159,0.23467559496310145
1919,Tribufos,"('ecoinvent-3.4-biosphere', '9f6d9658-e3f7-4c8b-96da-bfec6511ae7d')",P,2.8265040018894623e-16,2.8265040018894623e-16,0.09848648648648649,1.6716472061940056e-15,1.6716472061940056e-15,Apatite,0.3532544378698225,9.984750823242658e-17,0.03479078842155766,5.905167941407228e-16,0.27879759156141065,0.27879759156141054
1920,Glyphosate,"('ecoinvent-3.4-biosphere', 'bd02a7ec-dcb5-4609-bc96-cc7a96601ce2')",P,1.780889174187545e-16,1.780889174187545e-16,0.1832022239309162,3.1095584453067654e-15,3.1095584453067654e-15,Apatite,0.3532544378698225,6.291070041360737e-17,0.06471699863121715,1.0984653206202006e-15,0.5186126607089587,0.5186126607089586
1921,Glyphosate,"('ecoinvent-3.4-biosphere', 'b4f9a201-2a20-4f41-a572-eabc98c75e1b')",P,1.780889174187545e-16,1.780889174187545e-16,0.1832022239309162,3.1095584453067654e-15,3.1095584453067654e-15,Apatite,0.3532544378698225,6.291070041360737e-17,0.06471699863121715,1.0984653206202006e-15,0.5186126607089587,0.5186126607089586
1922,Glyphosate,"('ecoinvent-3.4-biosphere', '3850d44e-8919-47bc-9c0a-51ccc4ec9d9f')",P,1.780889174187545e-16,1.780889174187545e-16,0.1832022239309162,3.1095584453067654e-15,3.1095584453067654e-15,Apatite,0.3532544378698225,6.291070041360737e-17,0.06471699863121715,1.0984653206202006e-15,0.5186126607089587,0.5186126607089586
1923,Glyphosate,"('ecoinvent-3.4-biosphere', '17955b10-4c04-4fff-91e7-cf89ef1a7cca')",P,1.780889174187545e-16,1.780889174187545e-16,0.1832022239309162,3.1095584453067654e-15,3.1095584453067654e-15,Apatite,0.3532544378698225,6.291070041360737e-17,0.06471699863121715,1.0984653206202006e-15,0.5186126607089587,0.5186126607089586
1924,Glyphosate,"('ecoinvent-3.4-biosphere', 'e157e3dd-88b9-4256-ab2e-ff82e7b8d088')",P,1.780889174187545e-16,1.780889174187545e-16,0.1832022239309162,3.1095584453067654e-15,3.1095584453067654e-15,Apatite,0.3532544378698225,6.291070041360737e-17,0.06471699863121715,1.0984653206202006e-15,0.5186126607089587,0.5186126607089586
1925,Parathion,"('ecoinvent-3.4-biosphere', 'e7d1072e-68ab-4fb4-b141-feb865e3082d')",P,1.3580614171607205e-16,1.3580614171607205e-16,0.10634484652887455,1.8050300293483994e-15,1.8050300293483994e-15,Apatite,0.3532544378698225,4.7974122251180486e-17,0.03756678898091013,6.37634868355618e-16,0.30104320039162136,0.3010432003916213
1926,Lithium,"('ecoinvent-3.4-biosphere', '6230c099-a983-4d9d-98a8-a0697962bec3')",Li,8.63457487793724e-17,8.63457487793724e-17,1.0,1.5184934529957733e-13,1.5184934529957733e-13,Spodumene,26.800000000000004,2.3140660672871808e-15,26.800000000000004,4.069562454028673e-12,0.03731343283582089,0.03731343283581858
1927,Lithium,"('ecoinvent-3.4-biosphere', '4569494e-085e-413a-8fef-63a3c419e0cf')",Li,8.63457487793724e-17,8.63457487793724e-17,1.0,1.5184934529957733e-13,1.5184934529957733e-13,Spodumene,26.800000000000004,2.3140660672871808e-15,26.800000000000004,4.069562454028673e-12,0.03731343283582089,0.03731343283581858
1928,Lithium,"('ecoinvent-3.4-biosphere', '85466e0f-e5b5-4084-9338-59e317f7cb09')",Li,8.63457487793724e-17,8.63457487793724e-17,1.0,1.5184934529957733e-13,1.5184934529957733e-13,Spodumene,26.800000000000004,2.3140660672871808e-15,26.800000000000004,4.069562454028673e-12,0.03731343283582089,0.03731343283581858
1929,Methyl parathion,"('ecoinvent-3.4-biosphere', '4218b9ea-78e7-44b5-b4e1-5a0fca05aeb8')",P,8.419924336055216e-17,8.419924336055216e-17,0.11767789977584439,1.997390092884065e-15,1.997390092884065e-15,Apatite,0.3532544378698225,2.974375638239624e-17,0.041570240335017224,7.05586914468513e-16,0.3331250429165444,0.3331250429165443
1930,Methyl parathion,"('ecoinvent-3.4-biosphere', '23b6a72b-f926-40e3-b88a-0fb565d36de1')",P,8.419924336055216e-17,8.419924336055216e-17,0.11767789977584439,1.997390092884065e-15,1.997390092884065e-15,Apatite,0.3532544378698225,2.974375638239624e-17,0.041570240335017224,7.05586914468513e-16,0.3331250429165444,0.3331250429165443
1931,Phosphine,"('ecoinvent-3.4-biosphere', 'fba3ef86-de65-4079-868d-8b6438d46092')",P,5.586898109486735e-17,5.586898109486735e-17,0.9110535913877288,1.5463646283546527e-14,1.5463646283546527e-14,Apatite,0.3532544378698225,1.973596551102711e-17,0.3218337242949551,5.462601675311999e-15,2.579029429556552,2.579029429556552
1932,Phosphine,"('ecoinvent-3.4-biosphere', '5d22e791-8399-414a-8adb-35615026d06c')",P,5.586898109486735e-17,5.586898109486735e-17,0.9110535913877288,1.5463646283546527e-14,1.5463646283546527e-14,Apatite,0.3532544378698225,1.973596551102711e-17,0.3218337242949551,5.462601675311999e-15,2.579029429556552,2.579029429556552
1933,Phosphine,"('ecoinvent-3.4-biosphere', 'ed975027-d31b-429b-ae6b-70b70df7bf5b')",P,5.586898109486735e-17,5.586898109486735e-17,0.9110535913877288,1.5463646283546527e-14,1.5463646283546527e-14,Apatite,0.3532544378698225,1.973596551102711e-17,0.3218337242949551,5.462601675311999e-15,2.579029429556552,2.579029429556552
1934,Phosphine,"('ecoinvent-3.4-biosphere', '097cecfb-bed2-43a0-81b7-c153d0bb14b9')",P,5.586898109486735e-17,5.586898109486735e-17,0.9110535913877288,1.5463646283546527e-14,1.5463646283546527e-14,Apatite,0.3532544378698225,1.973596551102711e-17,0.3218337242949551,5.462601675311999e-15,2.579029429556552,2.579029429556552
1935,Phosphine,"('ecoinvent-3.4-biosphere', '88453d4e-0fc0-4a5a-999d-14abe3a389b7')",P,5.586898109486735e-17,5.586898109486735e-17,0.9110535913877288,1.5463646283546527e-14,1.5463646283546527e-14,Apatite,0.3532544378698225,1.973596551102711e-17,0.3218337242949551,5.462601675311999e-15,2.579029429556552,2.579029429556552
1936,Phosphate,"('ecoinvent-3.4-biosphere', '1727b41d-377e-43cd-bc01-9eaba946eccb')",P,5.1919684869758654e-17,5.1919684869758654e-17,0.3261416642975224,5.53572191877536e-15,5.53572191877536e-15,Apatite,0.3532544378698225,1.8340859093044924e-17,0.11521099028734964,1.9555183346206452e-15,0.9232485974251471,0.9232485974251471
1937,Phosphate,"('ecoinvent-3.4-biosphere', '3aaf9017-0d8a-42aa-9a60-cbc39e994e73')",P,5.1919684869758654e-17,5.1919684869758654e-17,0.3261416642975224,5.53572191877536e-15,5.53572191877536e-15,Apatite,0.3532544378698225,1.8340859093044924e-17,0.11521099028734964,1.9555183346206452e-15,0.9232485974251471,0.9232485974251471
1938,Phosphate,"('ecoinvent-3.4-biosphere', '329fc7d8-4011-4327-84e4-34ff76f0e42d')",P,5.1919684869758654e-17,5.1919684869758654e-17,0.3261416642975224,5.53572191877536e-15,5.53572191877536e-15,Apatite,0.3532544378698225,1.8340859093044924e-17,0.11521099028734964,1.9555183346206452e-15,0.9232485974251471,0.9232485974251471
1939,Phosphate,"('ecoinvent-3.4-biosphere', '490b267b-f429-4d9a-ac79-224e37fb4d58')",P,5.1919684869758654e-17,5.1919684869758654e-17,0.3261416642975224,5.53572191877536e-15,5.53572191877536e-15,Apatite,0.3532544378698225,1.8340859093044924e-17,0.11521099028734964,1.9555183346206452e-15,0.9232485974251471,0.9232485974251471
1940,Phosphate,"('ecoinvent-3.4-biosphere', 'c8791f3c-3c4a-4278-91c0-483797d14da2')",P,5.1919684869758654e-17,5.1919684869758654e-17,0.3261416642975224,5.53572191877536e-15,5.53572191877536e-15,Apatite,0.3532544378698225,1.8340859093044924e-17,0.11521099028734964,1.9555183346206452e-15,0.9232485974251471,0.9232485974251471
1941,Dimethoate,"('ecoinvent-3.4-biosphere', '28f19625-5e6a-4902-8c18-4b519db19d86')",P,1.4790334552746192e-17,1.4790334552746192e-17,0.13508068033144352,2.292773861090339e-15,2.292773861090339e-15,Apatite,0.3532544378698225,5.224751318336969e-18,0.04771784979755727,8.099325414620903e-16,0.3823891955781232,0.3823891955781232
1942,Phosphorus trichloride,"('ecoinvent-3.4-biosphere', 'c5344661-1f7c-46c1-ae59-2da67d710d63')",P,8.134473877777299e-18,8.134473877777299e-18,0.2255443093278963,3.828246168703231e-15,3.828246168703231e-15,Apatite,0.3532544378698225,2.8735389970609754e-18,0.07967452820636338,1.3523449483525615e-15,0.6384755155178303,0.6384755155178303
1943,Phosphorus trichloride,"('ecoinvent-3.4-biosphere', '3ba36854-15b2-415a-aa71-c99257aa7204')",P,8.134473877777299e-18,8.134473877777299e-18,0.2255443093278963,3.828246168703231e-15,3.828246168703231e-15,Apatite,0.3532544378698225,2.8735389970609754e-18,0.07967452820636338,1.3523449483525615e-15,0.6384755155178303,0.6384755155178303
1944,Phosphorus trichloride,"('ecoinvent-3.4-biosphere', '16addd86-288b-419a-8217-75e4197c5f9d')",P,8.134473877777299e-18,8.134473877777299e-18,0.2255443093278963,3.828246168703231e-15,3.828246168703231e-15,Apatite,0.3532544378698225,2.8735389970609754e-18,0.07967452820636338,1.3523449483525615e-15,0.6384755155178303,0.6384755155178303
1945,Phosphorus trichloride,"('ecoinvent-3.4-biosphere', 'dcedc211-8daa-49ac-82a9-ce60a22d9b43')",P,8.134473877777299e-18,8.134473877777299e-18,0.2255443093278963,3.828246168703231e-15,3.828246168703231e-15,Apatite,0.3532544378698225,2.8735389970609754e-18,0.07967452820636338,1.3523449483525615e-15,0.6384755155178303,0.6384755155178303
1946,Phosphorus trichloride,"('ecoinvent-3.4-biosphere', '5cf4e418-9cd0-5139-bfc2-5d8a8ffda5ff')",P,8.134473877777299e-18,8.134473877777299e-18,0.2255443093278963,3.828246168703231e-15,3.828246168703231e-15,Apatite,0.3532544378698225,2.8735389970609754e-18,0.07967452820636338,1.3523449483525615e-15,0.6384755155178303,0.6384755155178303
1947,Phosphorus trichloride,"('ecoinvent-3.4-biosphere', '95886a55-63a7-4e2e-8120-6cd2e6afbbfc')",P,8.134473877777299e-18,8.134473877777299e-18,0.2255443093278963,3.828246168703231e-15,3.828246168703231e-15,Apatite,0.3532544378698225,2.8735389970609754e-18,0.07967452820636338,1.3523449483525615e-15,0.6384755155178303,0.6384755155178303
1948,Methyl parathion,"('ecoinvent-3.4-biosphere', '4218b9ea-78e7-44b5-b4e1-5a0fca05aeb8')",P,3.609140880545887e-18,3.609140880545887e-18,0.11767789977584439,1.997390092884065e-15,1.997390092884065e-15,Apatite,0.3532544378698225,1.2749450329502338e-18,0.041570240335017224,7.05586914468513e-16,0.3331250429165444,0.3331250429165444
1949,Methyl parathion,"('ecoinvent-3.4-biosphere', '23b6a72b-f926-40e3-b88a-0fb565d36de1')",P,3.609140880545887e-18,3.609140880545887e-18,0.11767789977584439,1.997390092884065e-15,1.997390092884065e-15,Apatite,0.3532544378698225,1.2749450329502338e-18,0.041570240335017224,7.05586914468513e-16,0.3331250429165444,0.3331250429165444
1950,Terbufos,"('ecoinvent-3.4-biosphere', '15057e97-7b47-405e-8222-6ed5cf4e0087')",P,3.0600853037675004e-18,3.0600853037675004e-18,0.10739944521497921,1.822930119098526e-15,1.822930119098526e-15,Apatite,0.3532544378698225,1.0809887138160935e-18,0.03793933064694828,6.439581544981184e-16,0.3040285802568088,0.3040285802568088
1951,Cu-HDO,"('ecoinvent-3.4-biosphere', '4b4530b5-89d5-4127-b8a5-96fc50972e26')",Cu,2.516762786491906e-18,2.516762786491906e-18,0.1816274616286049,2.2362760128077994e-15,2.2362760128077994e-15,Chalcopyrite,2.8793103448275863,7.246541126623246e-18,0.5229618291720176,6.438932657567285e-15,0.06308019625424602,0.063080196254246
1952,Chromium IV,"('ecoinvent-3.4-biosphere', 'af60ad28-ce2b-4ea0-9277-983538e1a739')",Cr,1.8203394867774978e-18,1.8203394867774978e-18,1.0,3.1278613038877847e-13,3.1278613038877847e-13,Chromite,2.152027027027027,3.917419773909683e-18,2.152027027027027,6.73124206275851e-13,0.46467817896389324,0.46467817896389324
1953,Oxydemeton-methyl,"('ecoinvent-3.4-biosphere', '83cc3810-ac58-40a3-97af-04a855d4c809')",P,1.3458724447877665e-18,1.3458724447877665e-18,0.12575720665854648,2.134523127681749e-15,2.134523127681749e-15,Apatite,0.3532544378698225,4.754354139279862e-19,0.04442429134624394,7.540297675893516e-16,0.35599611265149667,0.35599611265149667
1954,Zinc,"('ecoinvent-3.4-biosphere', '84aa799e-9d98-4d34-85e0-516d28ab1be9')",Zn,1.1773596801423372e-18,1.1773596801423372e-18,1.0,1.0836576745711442e-13,1.0836576745711442e-13,Sphalerite,1.4901477832512315,1.754439917453483e-18,1.4901477832512315,1.614810081565375e-13,0.6710743801652892,0.6710743801652892
1955,Zinc,"('ecoinvent-3.4-biosphere', '8d226423-1351-4366-b09f-d16c9e38683c')",Zn,1.1773596801423372e-18,1.1773596801423372e-18,1.0,1.0836576745711442e-13,1.0836576745711442e-13,Sphalerite,1.4901477832512315,1.754439917453483e-18,1.4901477832512315,1.614810081565375e-13,0.6710743801652892,0.6710743801652892
1956,Zinc,"('ecoinvent-3.4-biosphere', '77887584-ddca-4920-952c-3609730e0c13')",Zn,1.1773596801423372e-18,1.1773596801423372e-18,1.0,1.0836576745711442e-13,1.0836576745711442e-13,Sphalerite,1.4901477832512315,1.754439917453483e-18,1.4901477832512315,1.614810081565375e-13,0.6710743801652892,0.6710743801652892
1957,Zinc,"('ecoinvent-3.4-biosphere', '748f22a9-eba4-4726-bef5-92c7442ce189')",Zn,1.1773596801423372e-18,1.1773596801423372e-18,1.0,1.0836576745711442e-13,1.0836576745711442e-13,Sphalerite,1.4901477832512315,1.754439917453483e-18,1.4901477832512315,1.614810081565375e-13,0.6710743801652892,0.6710743801652892
1958,Zinc,"('ecoinvent-3.4-biosphere', '5ce378a0-b48d-471c-977d-79681521efde')",Zn,1.1773596801423372e-18,1.1773596801423372e-18,1.0,1.0836576745711442e-13,1.0836576745711442e-13,Sphalerite,1.4901477832512315,1.754439917453483e-18,1.4901477832512315,1.614810081565375e-13,0.6710743801652892,0.6710743801652892
1959,Zinc,"('ecoinvent-3.4-biosphere', '8f871bab-96dc-49d9-bf08-12cdd0715901')",Zn,1.1773596801423372e-18,1.1773596801423372e-18,1.0,1.0836576745711442e-13,1.0836576745711442e-13,Sphalerite,1.4901477832512315,1.754439917453483e-18,1.4901477832512315,1.614810081565375e-13,0.6710743801652892,0.6710743801652892
1960,Zinc,"('ecoinvent-3.4-biosphere', '87a69874-34f9-4070-a525-aa301ab2634b')",Zn,1.1773596801423372e-18,1.1773596801423372e-18,1.0,1.0836576745711442e-13,1.0836576745711442e-13,Sphalerite,1.4901477832512315,1.754439917453483e-18,1.4901477832512315,1.614810081565375e-13,0.6710743801652892,0.6710743801652892
1961,Zinc,"('ecoinvent-3.4-biosphere', 'b88999ec-84fd-462d-9dec-7e20a4636a58')",Zn,1.1773596801423372e-18,1.1773596801423372e-18,1.0,1.0836576745711442e-13,1.0836576745711442e-13,Sphalerite,1.4901477832512315,1.754439917453483e-18,1.4901477832512315,1.614810081565375e-13,0.6710743801652892,0.6710743801652892
1962,Zinc,"('ecoinvent-3.4-biosphere', 'ada3ecfe-8244-4389-bcce-e83ca4f66e09')",Zn,1.1773596801423372e-18,1.1773596801423372e-18,1.0,1.0836576745711442e-13,1.0836576745711442e-13,Sphalerite,1.4901477832512315,1.754439917453483e-18,1.4901477832512315,1.614810081565375e-13,0.6710743801652892,0.6710743801652892
1963,Glyphosate,"('ecoinvent-3.4-biosphere', 'bd02a7ec-dcb5-4609-bc96-cc7a96601ce2')",P,1.1617989941469223e-18,1.1617989941469223e-18,0.1832022239309162,3.1095584453067654e-15,3.1095584453067654e-15,Apatite,0.3532544378698225,4.1041065059509624e-19,0.06471699863121715,1.0984653206202006e-15,0.5186126607089587,0.5186126607089587
1964,Glyphosate,"('ecoinvent-3.4-biosphere', 'b4f9a201-2a20-4f41-a572-eabc98c75e1b')",P,1.1617989941469223e-18,1.1617989941469223e-18,0.1832022239309162,3.1095584453067654e-15,3.1095584453067654e-15,Apatite,0.3532544378698225,4.1041065059509624e-19,0.06471699863121715,1.0984653206202006e-15,0.5186126607089587,0.5186126607089587
1965,Glyphosate,"('ecoinvent-3.4-biosphere', '3850d44e-8919-47bc-9c0a-51ccc4ec9d9f')",P,1.1617989941469223e-18,1.1617989941469223e-18,0.1832022239309162,3.1095584453067654e-15,3.1095584453067654e-15,Apatite,0.3532544378698225,4.1041065059509624e-19,0.06471699863121715,1.0984653206202006e-15,0.5186126607089587,0.5186126607089587
1966,Glyphosate,"('ecoinvent-3.4-biosphere', '17955b10-4c04-4fff-91e7-cf89ef1a7cca')",P,1.1617989941469223e-18,1.1617989941469223e-18,0.1832022239309162,3.1095584453067654e-15,3.1095584453067654e-15,Apatite,0.3532544378698225,4.1041065059509624e-19,0.06471699863121715,1.0984653206202006e-15,0.5186126607089587,0.5186126607089587
1967,Glyphosate,"('ecoinvent-3.4-biosphere', 'e157e3dd-88b9-4256-ab2e-ff82e7b8d088')",P,1.1617989941469223e-18,1.1617989941469223e-18,0.1832022239309162,3.1095584453067654e-15,3.1095584453067654e-15,Apatite,0.3532544378698225,4.1041065059509624e-19,0.06471699863121715,1.0984653206202006e-15,0.5186126607089587,0.5186126607089587
1968,Tebupirimphos,"('ecoinvent-3.4-biosphere', '57d8084d-08e2-4212-9abf-3f051bee142e')",P,9.527463684477156e-19,9.527463684477156e-19,0.09728931746081602,1.6513272178534873e-15,1.6513272178534873e-15,Apatite,0.3532544378698225,3.365618828185126e-19,0.034367883150359275,5.833386680819716e-16,0.27540862061772037,0.27540862061772037
1969,Copper,"('ecoinvent-3.4-biosphere', '237ca6bc-2f0a-4416-a0e3-bd512f038f2e')",Cu,2.274163941628063e-19,2.274163941628063e-19,1.0,1.231243333335009e-14,1.231243333335009e-14,Chalcopyrite,2.8793103448275863,6.548023762963561e-19,2.8793103448275863,3.545131666671491e-14,0.34730538922155685,0.34730538922155685
1970,Copper,"('ecoinvent-3.4-biosphere', 'fd153f15-1d16-410a-91fa-04d205e36c43')",Cu,2.274163941628063e-19,2.274163941628063e-19,1.0,1.231243333335009e-14,1.231243333335009e-14,Chalcopyrite,2.8793103448275863,6.548023762963561e-19,2.8793103448275863,3.545131666671491e-14,0.34730538922155685,0.34730538922155685
1971,Copper,"('ecoinvent-3.4-biosphere', '0a5e8a67-f9ae-48b3-bfa7-e9d37c30a191')",Cu,2.274163941628063e-19,2.274163941628063e-19,1.0,1.231243333335009e-14,1.231243333335009e-14,Chalcopyrite,2.8793103448275863,6.548023762963561e-19,2.8793103448275863,3.545131666671491e-14,0.34730538922155685,0.34730538922155685
1972,Copper,"('ecoinvent-3.4-biosphere', '88cde01c-df69-40bb-9b14-6eac71bea5b8')",Cu,2.274163941628063e-19,2.274163941628063e-19,1.0,1.231243333335009e-14,1.231243333335009e-14,Chalcopyrite,2.8793103448275863,6.548023762963561e-19,2.8793103448275863,3.545131666671491e-14,0.34730538922155685,0.34730538922155685
1973,Copper,"('ecoinvent-3.4-biosphere', 'e336eee7-148a-4d1c-8027-780cbfafa12b')",Cu,2.274163941628063e-19,2.274163941628063e-19,1.0,1.231243333335009e-14,1.231243333335009e-14,Chalcopyrite,2.8793103448275863,6.548023762963561e-19,2.8793103448275863,3.545131666671491e-14,0.34730538922155685,0.34730538922155685
1974,Copper,"('ecoinvent-3.4-biosphere', '7e66a41c-d311-4949-bdd8-eef09cdcfa47')",Cu,2.274163941628063e-19,2.274163941628063e-19,1.0,1.231243333335009e-14,1.231243333335009e-14,Chalcopyrite,2.8793103448275863,6.548023762963561e-19,2.8793103448275863,3.545131666671491e-14,0.34730538922155685,0.34730538922155685
1975,Copper,"('ecoinvent-3.4-biosphere', '44d3e792-7c9e-48ab-9de9-acfa2e097f26')",Cu,2.274163941628063e-19,2.274163941628063e-19,1.0,1.231243333335009e-14,1.231243333335009e-14,Chalcopyrite,2.8793103448275863,6.548023762963561e-19,2.8793103448275863,3.545131666671491e-14,0.34730538922155685,0.34730538922155685
1976,Copper,"('ecoinvent-3.4-biosphere', 'ec8144d6-d123-43b1-9c17-a295422a0498')",Cu,2.274163941628063e-19,2.274163941628063e-19,1.0,1.231243333335009e-14,1.231243333335009e-14,Chalcopyrite,2.8793103448275863,6.548023762963561e-19,2.8793103448275863,3.545131666671491e-14,0.34730538922155685,0.34730538922155685
1977,Copper,"('ecoinvent-3.4-biosphere', '3573a5af-88f8-4f74-ade7-cd269cbc4e66')",Cu,2.274163941628063e-19,2.274163941628063e-19,1.0,1.231243333335009e-14,1.231243333335009e-14,Chalcopyrite,2.8793103448275863,6.548023762963561e-19,2.8793103448275863,3.545131666671491e-14,0.34730538922155685,0.34730538922155685
1978,Chromium,"('ecoinvent-3.4-biosphere', '2a5ed451-12a2-47db-b4dc-fa0bfbc01d79')",Cr,1.6991426610622542e-19,1.6991426610622542e-19,1.0,3.1278613038877847e-13,3.1278613038877847e-13,Chromite,2.152027027027027,3.6566009293805946e-19,2.152027027027027,6.73124206275851e-13,0.46467817896389324,0.46467817896389324
1979,Chromium,"('ecoinvent-3.4-biosphere', '591de726-f2c7-43ba-8e22-15fd08acc8dc')",Cr,1.6991426610622542e-19,1.6991426610622542e-19,1.0,3.1278613038877847e-13,3.1278613038877847e-13,Chromite,2.152027027027027,3.6566009293805946e-19,2.152027027027027,6.73124206275851e-13,0.46467817896389324,0.46467817896389324
1980,Chromium,"('ecoinvent-3.4-biosphere', '4d40d8e3-9bc7-4ab1-ac5c-4f4a76fda8e5')",Cr,1.6991426610622542e-19,1.6991426610622542e-19,1.0,3.1278613038877847e-13,3.1278613038877847e-13,Chromite,2.152027027027027,3.6566009293805946e-19,2.152027027027027,6.73124206275851e-13,0.46467817896389324,0.46467817896389324
1981,Chromium,"('ecoinvent-3.4-biosphere', 'e142b577-e934-4085-9a07-3983d4d92afb')",Cr,1.6991426610622542e-19,1.6991426610622542e-19,1.0,3.1278613038877847e-13,3.1278613038877847e-13,Chromite,2.152027027027027,3.6566009293805946e-19,2.152027027027027,6.73124206275851e-13,0.46467817896389324,0.46467817896389324
1982,Chromium,"('ecoinvent-3.4-biosphere', 'e65a9c58-21f1-48b6-b738-d05a8f10e5f3')",Cr,1.6991426610622542e-19,1.6991426610622542e-19,1.0,3.1278613038877847e-13,3.1278613038877847e-13,Chromite,2.152027027027027,3.6566009293805946e-19,2.152027027027027,6.73124206275851e-13,0.46467817896389324,0.46467817896389324
1983,Chromium,"('ecoinvent-3.4-biosphere', '7705f0e1-5b14-44f4-b330-1245b5c7fc08')",Cr,1.6991426610622542e-19,1.6991426610622542e-19,1.0,3.1278613038877847e-13,3.1278613038877847e-13,Chromite,2.152027027027027,3.6566009293805946e-19,2.152027027027027,6.73124206275851e-13,0.46467817896389324,0.46467817896389324
1984,Chromium,"('ecoinvent-3.4-biosphere', 'e7881581-21b3-4f5c-bd63-6b0684b5e712')",Cr,1.6991426610622542e-19,1.6991426610622542e-19,1.0,3.1278613038877847e-13,3.1278613038877847e-13,Chromite,2.152027027027027,3.6566009293805946e-19,2.152027027027027,6.73124206275851e-13,0.46467817896389324,0.46467817896389324
1985,Chromium,"('ecoinvent-3.4-biosphere', '6b29d83a-c43c-484c-8e73-474a8a22d71e')",Cr,1.6991426610622542e-19,1.6991426610622542e-19,1.0,3.1278613038877847e-13,3.1278613038877847e-13,Chromite,2.152027027027027,3.6566009293805946e-19,2.152027027027027,6.73124206275851e-13,0.46467817896389324,0.46467817896389324
1986,Chromium,"('ecoinvent-3.4-biosphere', 'e0336c9b-a0ff-4ae3-b8bb-ca1e46bbbc11')",Cr,1.6991426610622542e-19,1.6991426610622542e-19,1.0,3.1278613038877847e-13,3.1278613038877847e-13,Chromite,2.152027027027027,3.6566009293805946e-19,2.152027027027027,6.73124206275851e-13,0.46467817896389324,0.46467817896389324
1987,Nickel,"('ecoinvent-3.4-biosphere', '5de1943f-b011-45a0-97d4-ed15eea6a382')",Ni,6.895430438200199e-20,6.895430438200199e-20,1.0,9.066741688482605e-14,9.066741688482605e-14,Pentlandite(sulphides) / Garnierite(laterites),2.9342028985507245,2.0232591978521917e-19,2.9342028985507245,2.660365974275635e-13,0.3393665158371041,0.3393665158371041
1988,Nickel,"('ecoinvent-3.4-biosphere', '56815b4f-6138-4e0b-9fac-c94fd6b102b3')",Ni,6.895430438200199e-20,6.895430438200199e-20,1.0,9.066741688482605e-14,9.066741688482605e-14,Pentlandite(sulphides) / Garnierite(laterites),2.9342028985507245,2.0232591978521917e-19,2.9342028985507245,2.660365974275635e-13,0.3393665158371041,0.3393665158371041
1989,Nickel,"('ecoinvent-3.4-biosphere', 'e43a270f-4f88-4789-a0b8-7aba56677743')",Ni,6.895430438200199e-20,6.895430438200199e-20,1.0,9.066741688482605e-14,9.066741688482605e-14,Pentlandite(sulphides) / Garnierite(laterites),2.9342028985507245,2.0232591978521917e-19,2.9342028985507245,2.660365974275635e-13,0.3393665158371041,0.3393665158371041
1990,Nickel,"('ecoinvent-3.4-biosphere', 'c89873de-cd23-4323-a948-f5cfeebd2fc9')",Ni,6.895430438200199e-20,6.895430438200199e-20,1.0,9.066741688482605e-14,9.066741688482605e-14,Pentlandite(sulphides) / Garnierite(laterites),2.9342028985507245,2.0232591978521917e-19,2.9342028985507245,2.660365974275635e-13,0.3393665158371041,0.3393665158371041
1991,Nickel,"('ecoinvent-3.4-biosphere', 'b4580545-243d-48d2-a3a0-2633a4f46fb1')",Ni,6.895430438200199e-20,6.895430438200199e-20,1.0,9.066741688482605e-14,9.066741688482605e-14,Pentlandite(sulphides) / Garnierite(laterites),2.9342028985507245,2.0232591978521917e-19,2.9342028985507245,2.660365974275635e-13,0.3393665158371041,0.3393665158371041
1992,Nickel,"('ecoinvent-3.4-biosphere', 'e8fc62ba-678e-4706-97d2-b79d83e227d5')",Ni,6.895430438200199e-20,6.895430438200199e-20,1.0,9.066741688482605e-14,9.066741688482605e-14,Pentlandite(sulphides) / Garnierite(laterites),2.9342028985507245,2.0232591978521917e-19,2.9342028985507245,2.660365974275635e-13,0.3393665158371041,0.3393665158371041
1993,Nickel,"('ecoinvent-3.4-biosphere', '0545c382-2312-43b6-9ec3-63dbb1438565')",Ni,6.895430438200199e-20,6.895430438200199e-20,1.0,9.066741688482605e-14,9.066741688482605e-14,Pentlandite(sulphides) / Garnierite(laterites),2.9342028985507245,2.0232591978521917e-19,2.9342028985507245,2.660365974275635e-13,0.3393665158371041,0.3393665158371041
1994,Nickel,"('ecoinvent-3.4-biosphere', '2bcad3b3-5305-481c-a166-ad5e6eac2675')",Ni,6.895430438200199e-20,6.895430438200199e-20,1.0,9.066741688482605e-14,9.066741688482605e-14,Pentlandite(sulphides) / Garnierite(laterites),2.9342028985507245,2.0232591978521917e-19,2.9342028985507245,2.660365974275635e-13,0.3393665158371041,0.3393665158371041
1995,Nickel,"('ecoinvent-3.4-biosphere', 'a72a45ee-395a-4d25-b893-9d183e43e76e')",Ni,6.895430438200199e-20,6.895430438200199e-20,1.0,9.066741688482605e-14,9.066741688482605e-14,Pentlandite(sulphides) / Garnierite(laterites),2.9342028985507245,2.0232591978521917e-19,2.9342028985507245,2.660365974275635e-13,0.3393665158371041,0.3393665158371041
1996,Nickel,"('ecoinvent-3.4-biosphere', 'a5506f4b-113f-4713-95c3-c819dde6e48b')",Ni,6.895430438200199e-20,6.895430438200199e-20,1.0,9.066741688482605e-14,9.066741688482605e-14,Pentlandite(sulphides) / Garnierite(laterites),2.9342028985507245,2.0232591978521917e-19,2.9342028985507245,2.660365974275635e-13,0.3393665158371041,0.3393665158371041
1997,Lead,"('ecoinvent-3.4-biosphere', '2718482b-8399-442e-b89a-52fbcc22d2e6')",Pb,2.57603865704259e-20,2.57603865704259e-20,1.0,1.1855254708054448e-13,1.1855254708054448e-13,Galena,1.1560975609756097,2.978152008385823e-20,1.1560975609756097,1.370583105272636e-13,0.8649789029535866,0.8649789029535866
1998,Lead,"('ecoinvent-3.4-biosphere', '4010918f-7fd0-4925-8fbb-8fd7a44a806c')",Pb,2.57603865704259e-20,2.57603865704259e-20,1.0,1.1855254708054448e-13,1.1855254708054448e-13,Galena,1.1560975609756097,2.978152008385823e-20,1.1560975609756097,1.370583105272636e-13,0.8649789029535866,0.8649789029535866
1999,Lead,"('ecoinvent-3.4-biosphere', '31c4d160-b21e-41b3-b9c1-3d7a72377653')",Pb,2.57603865704259e-20,2.57603865704259e-20,1.0,1.1855254708054448e-13,1.1855254708054448e-13,Galena,1.1560975609756097,2.978152008385823e-20,1.1560975609756097,1.370583105272636e-13,0.8649789029535866,0.8649789029535866
2000,Lead,"('ecoinvent-3.4-biosphere', '0ff15165-d761-48c9-9814-2d1dcdd56857')",Pb,2.57603865704259e-20,2.57603865704259e-20,1.0,1.1855254708054448e-13,1.1855254708054448e-13,Galena,1.1560975609756097,2.978152008385823e-20,1.1560975609756097,1.370583105272636e-13,0.8649789029535866,0.8649789029535866
2001,Lead,"('ecoinvent-3.4-biosphere', 'c864aa15-0abc-41ad-9889-348106e485d8')",Pb,2.57603865704259e-20,2.57603865704259e-20,1.0,1.1855254708054448e-13,1.1855254708054448e-13,Galena,1.1560975609756097,2.978152008385823e-20,1.1560975609756097,1.370583105272636e-13,0.8649789029535866,0.8649789029535866
2002,Lead,"('ecoinvent-3.4-biosphere', '9ee7f4ab-b826-47ae-8623-e138f944b42e')",Pb,2.57603865704259e-20,2.57603865704259e-20,1.0,1.1855254708054448e-13,1.1855254708054448e-13,Galena,1.1560975609756097,2.978152008385823e-20,1.1560975609756097,1.370583105272636e-13,0.8649789029535866,0.8649789029535866
2003,Lead,"('ecoinvent-3.4-biosphere', 'b3ebdcc3-c588-4997-95d2-9785b26b34e1')",Pb,2.57603865704259e-20,2.57603865704259e-20,1.0,1.1855254708054448e-13,1.1855254708054448e-13,Galena,1.1560975609756097,2.978152008385823e-20,1.1560975609756097,1.370583105272636e-13,0.8649789029535866,0.8649789029535866
2004,Lead,"('ecoinvent-3.4-biosphere', 'e9e856c2-868e-435e-8425-8df1c9297cfc')",Pb,2.57603865704259e-20,2.57603865704259e-20,1.0,1.1855254708054448e-13,1.1855254708054448e-13,Galena,1.1560975609756097,2.978152008385823e-20,1.1560975609756097,1.370583105272636e-13,0.8649789029535866,0.8649789029535866
2005,Lead,"('ecoinvent-3.4-biosphere', '739234c8-5359-48b4-983f-9cb170d68c8d')",Pb,2.57603865704259e-20,2.57603865704259e-20,1.0,1.1855254708054448e-13,1.1855254708054448e-13,Galena,1.1560975609756097,2.978152008385823e-20,1.1560975609756097,1.370583105272636e-13,0.8649789029535866,0.8649789029535866
2006,Lead,"('ecoinvent-3.4-biosphere', '8e123669-94d3-41d8-9480-a79211fe7c43')",Pb,2.57603865704259e-20,2.57603865704259e-20,1.0,1.1855254708054448e-13,1.1855254708054448e-13,Galena,1.1560975609756097,2.978152008385823e-20,1.1560975609756097,1.370583105272636e-13,0.8649789029535866,0.8649789029535866
2007,Lead,"('ecoinvent-3.4-biosphere', '6a903634-c97f-4c49-a7c0-88f0e6ac7a23')",Pb,2.57603865704259e-20,2.57603865704259e-20,1.0,1.1855254708054448e-13,1.1855254708054448e-13,Galena,1.1560975609756097,2.978152008385823e-20,1.1560975609756097,1.370583105272636e-13,0.8649789029535866,0.8649789029535866
2008,Lead,"('ecoinvent-3.4-biosphere', 'fe4613d7-1ed8-427d-9b06-c8e8f4f5e1b1')",Pb,2.57603865704259e-20,2.57603865704259e-20,1.0,1.1855254708054448e-13,1.1855254708054448e-13,Galena,1.1560975609756097,2.978152008385823e-20,1.1560975609756097,1.370583105272636e-13,0.8649789029535866,0.8649789029535866
2009,Lead,"('ecoinvent-3.4-biosphere', '837083ce-41cd-49f3-a849-d79564dac238')",Pb,2.57603865704259e-20,2.57603865704259e-20,1.0,1.1855254708054448e-13,1.1855254708054448e-13,Galena,1.1560975609756097,2.978152008385823e-20,1.1560975609756097,1.370583105272636e-13,0.8649789029535866,0.8649789029535866
2010,Lead,"('ecoinvent-3.4-biosphere', '67652827-017f-4856-8d0a-c97bac4c6562')",Pb,2.57603865704259e-20,2.57603865704259e-20,1.0,1.1855254708054448e-13,1.1855254708054448e-13,Galena,1.1560975609756097,2.978152008385823e-20,1.1560975609756097,1.370583105272636e-13,0.8649789029535866,0.8649789029535866
2011,Phosphoric acid,"('ecoinvent-3.4-biosphere', 'b0c3054b-6d71-42b1-8575-704c4d049180')",P,5.887398715522493e-21,5.887398715522493e-21,0.31607735088524924,5.3648966411349025e-15,5.3648966411349025e-15,Apatite,0.3532544378698225,2.079749723767413e-21,0.11165572691035137,1.895173547193809e-15,0.8947583299766686,0.8947583299766686
2012,Phosphoric acid,"('ecoinvent-3.4-biosphere', 'bcac684a-8868-4cd3-9063-3275dc831f91')",P,5.887398715522493e-21,5.887398715522493e-21,0.31607735088524924,5.3648966411349025e-15,5.3648966411349025e-15,Apatite,0.3532544378698225,2.079749723767413e-21,0.11165572691035137,1.895173547193809e-15,0.8947583299766686,0.8947583299766686
2013,Phosphoric acid,"('ecoinvent-3.4-biosphere', '5d0058e0-ad1b-4c15-b0ff-a665bb04154f')",P,5.887398715522493e-21,5.887398715522493e-21,0.31607735088524924,5.3648966411349025e-15,5.3648966411349025e-15,Apatite,0.3532544378698225,2.079749723767413e-21,0.11165572691035137,1.895173547193809e-15,0.8947583299766686,0.8947583299766686
2014,Phosphoric acid,"('ecoinvent-3.4-biosphere', '13d2fabe-9282-4905-9dfc-5c859022835c')",P,5.887398715522493e-21,5.887398715522493e-21,0.31607735088524924,5.3648966411349025e-15,5.3648966411349025e-15,Apatite,0.3532544378698225,2.079749723767413e-21,0.11165572691035137,1.895173547193809e-15,0.8947583299766686,0.8947583299766686
2015,Phosphoric acid,"('ecoinvent-3.4-biosphere', '2257e9f9-f38c-494b-b99f-f49b4768b4b9')",P,5.887398715522493e-21,5.887398715522493e-21,0.31607735088524924,5.3648966411349025e-15,5.3648966411349025e-15,Apatite,0.3532544378698225,2.079749723767413e-21,0.11165572691035137,1.895173547193809e-15,0.8947583299766686,0.8947583299766686
2016,Phosphoric acid,"('ecoinvent-3.4-biosphere', 'cefa3637-739c-5e9f-99a6-2456e6a44772')",P,5.887398715522493e-21,5.887398715522493e-21,0.31607735088524924,5.3648966411349025e-15,5.3648966411349025e-15,Apatite,0.3532544378698225,2.079749723767413e-21,0.11165572691035137,1.895173547193809e-15,0.8947583299766686,0.8947583299766686
2017,Silver,"('ecoinvent-3.4-biosphere', '48dbf4b1-0b2a-4bf5-a190-2d7fc465bda4')",Ag,4.157954311767232e-21,4.157954311767232e-21,1.0,1.5701960660375504e-13,1.5701960660375504e-13,Argentite,1.1478494623655913,4.772705621302709e-21,1.1478494623655913,1.8023487102097688e-13,0.8711943793911008,0.8711943793911008
2018,Silver,"('ecoinvent-3.4-biosphere', 'ebb88ef4-50ab-4e3b-9251-c5fcdf6b4768')",Ag,4.157954311767232e-21,4.157954311767232e-21,1.0,1.5701960660375504e-13,1.5701960660375504e-13,Argentite,1.1478494623655913,4.772705621302709e-21,1.1478494623655913,1.8023487102097688e-13,0.8711943793911008,0.8711943793911008
2019,Silver,"('ecoinvent-3.4-biosphere', '6e8a87bf-baea-4cd9-a967-932e750968d1')",Ag,4.157954311767232e-21,4.157954311767232e-21,1.0,1.5701960660375504e-13,1.5701960660375504e-13,Argentite,1.1478494623655913,4.772705621302709e-21,1.1478494623655913,1.8023487102097688e-13,0.8711943793911008,0.8711943793911008
2020,Silver,"('ecoinvent-3.4-biosphere', 'fce0b9ae-53c8-4ab0-9e7a-7f5c2ed2c856')",Ag,4.157954311767232e-21,4.157954311767232e-21,1.0,1.5701960660375504e-13,1.5701960660375504e-13,Argentite,1.1478494623655913,4.772705621302709e-21,1.1478494623655913,1.8023487102097688e-13,0.8711943793911008,0.8711943793911008
2021,Silver,"('ecoinvent-3.4-biosphere', '35df5fe0-c90d-43b4-a35a-3d97022114d2')",Ag,4.157954311767232e-21,4.157954311767232e-21,1.0,1.5701960660375504e-13,1.5701960660375504e-13,Argentite,1.1478494623655913,4.772705621302709e-21,1.1478494623655913,1.8023487102097688e-13,0.8711943793911008,0.8711943793911008
2022,Silver,"('ecoinvent-3.4-biosphere', '7da45a0b-0dcf-413c-8de0-44d8ebca9e6e')",Ag,4.157954311767232e-21,4.157954311767232e-21,1.0,1.5701960660375504e-13,1.5701960660375504e-13,Argentite,1.1478494623655913,4.772705621302709e-21,1.1478494623655913,1.8023487102097688e-13,0.8711943793911008,0.8711943793911008
2023,Silver,"('ecoinvent-3.4-biosphere', '0ed1b1a1-e56d-4860-bac7-d76a39bde930')",Ag,4.157954311767232e-21,4.157954311767232e-21,1.0,1.5701960660375504e-13,1.5701960660375504e-13,Argentite,1.1478494623655913,4.772705621302709e-21,1.1478494623655913,1.8023487102097688e-13,0.8711943793911008,0.8711943793911008
2024,Silver,"('ecoinvent-3.4-biosphere', '16316600-f12a-410b-8726-3faee64de60a')",Ag,4.157954311767232e-21,4.157954311767232e-21,1.0,1.5701960660375504e-13,1.5701960660375504e-13,Argentite,1.1478494623655913,4.772705621302709e-21,1.1478494623655913,1.8023487102097688e-13,0.8711943793911008,0.8711943793911008
2025,Silver,"('ecoinvent-3.4-biosphere', 'c6462d84-caa9-425a-a923-45238690c6f3')",Ag,4.157954311767232e-21,4.157954311767232e-21,1.0,1.5701960660375504e-13,1.5701960660375504e-13,Argentite,1.1478494623655913,4.772705621302709e-21,1.1478494623655913,1.8023487102097688e-13,0.8711943793911008,0.8711943793911008
2026,Ethephon,"('ecoinvent-3.4-biosphere', 'a212914e-f8ba-49eb-9ceb-63e286053f2d')",P,4.042514774073052e-24,4.042514774073052e-24,0.2143677763167001,3.638542780455497e-15,3.638542780455497e-15,Apatite,0.3532544378698225,1.4280362840956287e-24,0.07572636832015975,1.2853313845751076e-15,0.6068367537273419,0.6068367537273419
2027,Ethephon,"('ecoinvent-3.4-biosphere', 'e732d6dc-d502-4e03-8a5e-6c2644136b5f')",P,4.042514774073052e-24,4.042514774073052e-24,0.2143677763167001,3.638542780455497e-15,3.638542780455497e-15,Apatite,0.3532544378698225,1.4280362840956287e-24,0.07572636832015975,1.2853313845751076e-15,0.6068367537273419,0.6068367537273419
2028,Ethephon,"('ecoinvent-3.4-biosphere', '876d4bb6-badc-4d04-a193-71b68e908737')",P,4.042514774073052e-24,4.042514774073052e-24,0.2143677763167001,3.638542780455497e-15,3.638542780455497e-15,Apatite,0.3532544378698225,1.4280362840956287e-24,0.07572636832015975,1.2853313845751076e-15,0.6068367537273419,0.6068367537273419
2029,Ethephon,"('ecoinvent-3.4-biosphere', '0ba582f8-3360-441a-a93c-ea15e87f7b0c')",P,4.042514774073052e-24,4.042514774073052e-24,0.2143677763167001,3.638542780455497e-15,3.638542780455497e-15,Apatite,0.3532544378698225,1.4280362840956287e-24,0.07572636832015975,1.2853313845751076e-15,0.6068367537273419,0.6068367537273419
2030,Ethephon,"('ecoinvent-3.4-biosphere', 'a212914e-f8ba-49eb-9ceb-63e286053f2d')",P,2.668003730061289e-25,2.668003730061289e-25,0.2143677763167001,3.638542780455497e-15,3.638542780455497e-15,Apatite,0.3532544378698225,9.424841578973903e-26,0.07572636832015975,1.2853313845751076e-15,0.6068367537273419,0.6068367537273419
2031,Ethephon,"('ecoinvent-3.4-biosphere', 'e732d6dc-d502-4e03-8a5e-6c2644136b5f')",P,2.668003730061289e-25,2.668003730061289e-25,0.2143677763167001,3.638542780455497e-15,3.638542780455497e-15,Apatite,0.3532544378698225,9.424841578973903e-26,0.07572636832015975,1.2853313845751076e-15,0.6068367537273419,0.6068367537273419
2032,Ethephon,"('ecoinvent-3.4-biosphere', '876d4bb6-badc-4d04-a193-71b68e908737')",P,2.668003730061289e-25,2.668003730061289e-25,0.2143677763167001,3.638542780455497e-15,3.638542780455497e-15,Apatite,0.3532544378698225,9.424841578973903e-26,0.07572636832015975,1.2853313845751076e-15,0.6068367537273419,0.6068367537273419
2033,Ethephon,"('ecoinvent-3.4-biosphere', '0ba582f8-3360-441a-a93c-ea15e87f7b0c')",P,2.668003730061289e-25,2.668003730061289e-25,0.2143677763167001,3.638542780455497e-15,3.638542780455497e-15,Apatite,0.3532544378698225,9.424841578973903e-26,0.07572636832015975,1.2853313845751076e-15,0.6068367537273419,0.6068367537273419
2034,Ethephon,"('ecoinvent-3.4-biosphere', 'a212914e-f8ba-49eb-9ceb-63e286053f2d')",P,1.6168661386465856e-27,1.6168661386465856e-27,0.2143677763167001,3.638542780455497e-15,3.638542780455497e-15,Apatite,0.3532544378698225,5.711651389183501e-28,0.07572636832015975,1.2853313845751076e-15,0.6068367537273419,0.6068367537273419
2035,Ethephon,"('ecoinvent-3.4-biosphere', 'e732d6dc-d502-4e03-8a5e-6c2644136b5f')",P,1.6168661386465856e-27,1.6168661386465856e-27,0.2143677763167001,3.638542780455497e-15,3.638542780455497e-15,Apatite,0.3532544378698225,5.711651389183501e-28,0.07572636832015975,1.2853313845751076e-15,0.6068367537273419,0.6068367537273419
2036,Ethephon,"('ecoinvent-3.4-biosphere', '876d4bb6-badc-4d04-a193-71b68e908737')",P,1.6168661386465856e-27,1.6168661386465856e-27,0.2143677763167001,3.638542780455497e-15,3.638542780455497e-15,Apatite,0.3532544378698225,5.711651389183501e-28,0.07572636832015975,1.2853313845751076e-15,0.6068367537273419,0.6068367537273419
2037,Ethephon,"('ecoinvent-3.4-biosphere', '0ba582f8-3360-441a-a93c-ea15e87f7b0c')",P,1.6168661386465856e-27,1.6168661386465856e-27,0.2143677763167001,3.638542780455497e-15,3.638542780455497e-15,Apatite,0.3532544378698225,5.711651389183501e-28,0.07572636832015975,1.2853313845751076e-15,0.6068367537273419,0.6068367537273419
