Flow_Name,Flow_Key,Metal,Delta_g_Total,Delta_g_Metal,Metal_Fraction,CF_Metal,CF_Total,grade_source
Aluminium III,"('ecoinvent-3.12-biosphere', '0ace7678-a181-48e8-8728-d912a8b56c57')",Al,9.39186177606501e-06,9.39186177606501e-06,1.0,6.422536676269254e-14,6.422536676269254e-14,dissipation
Aluminium III,"('ecoinvent-3.12-biosphere', '2e0c9efa-d55c-49db-8be3-0376d5921ff4')",Al,9.39186177606501e-06,9.39186177606501e-06,1.0,6.422536676269254e-14,6.422536676269254e-14,dissipation
Aluminium III,"('ecoinvent-3.12-biosphere', '9c3bd678-1b2f-4b95-a245-d5c8a3fe326b')",Al,9.39186177606501e-06,9.39186177606501e-06,1.0,6.422536676269254e-14,6.422536676269254e-14,dissipation
Aluminium III,"('ecoinvent-3.12-biosphere', 'e0401210-0377-4670-84af-12247ca20bed')",Al,9.39186177606501e-06,9.39186177606501e-06,1.0,6.422536676269254e-14,6.422536676269254e-14,dissipation
Aluminium III,"('ecoinvent-3.12-biosphere', '765546a9-b056-4d27-ad14-2f016511bdcb')",Al,9.39186177606501e-06,9.39186177606501e-06,1.0,6.422536676269254e-14,6.422536676269254e-14,dissipation
Aluminium III,"('ecoinvent-3.12-biosphere', '7880e65c-0321-4295-ba55-3186ad36e489')",Al,9.39186177606501e-06,9.39186177606501e-06,1.0,6.422536676269254e-14,6.422536676269254e-14,dissipation
Aluminium III,"('ecoinvent-3.12-biosphere', '6f0b8b7c-3888-4174-b7e3-916d42d678ee')",Al,9.39186177606501e-06,9.39186177606501e-06,1.0,6.422536676269254e-14,6.422536676269254e-14,dissipation
Aluminium III,"('ecoinvent-3.12-biosphere', '2baa4381-b781-4f5e-90de-508b0fa3fd1f')",Al,9.39186177606501e-06,9.39186177606501e-06,1.0,6.422536676269254e-14,6.422536676269254e-14,dissipation
Aluminium III,"('ecoinvent-3.12-biosphere', '01056d4b-f9b0-4dfc-b8d9-8407c8376efb')",Al,9.39186177606501e-06,9.39186177606501e-06,1.0,6.422536676269254e-14,6.422536676269254e-14,dissipation
Aluminium III,"('ecoinvent-3.12-biosphere', '46e63323-cffd-4c46-829b-5f006b50fa9b')",Al,9.39186177606501e-06,9.39186177606501e-06,1.0,6.422536676269254e-14,6.422536676269254e-14,dissipation
Aluminium III,"('ecoinvent-3.12-biosphere', '39555a26-d28b-425f-993f-e8770ab7d9cf')",Al,9.39186177606501e-06,9.39186177606501e-06,1.0,6.422536676269254e-14,6.422536676269254e-14,dissipation
Aluminium III,"('ecoinvent-3.12-biosphere', '97e498ec-f323-4ec6-bcc0-d8a4c853bae3')",Al,9.39186177606501e-06,9.39186177606501e-06,1.0,6.422536676269254e-14,6.422536676269254e-14,dissipation
Aluminium III,"('ecoinvent-3.12-biosphere', 'ff65658c-2d39-44a2-b23e-7ec3c644f064')",Al,9.39186177606501e-06,9.39186177606501e-06,1.0,6.422536676269254e-14,6.422536676269254e-14,dissipation
Manganese II,"('ecoinvent-3.12-biosphere', '835d0907-a668-4d92-b6b6-7b56fa343713')",Mn,2.100932279219348e-06,2.100932279219348e-06,1.0,6.485008032108113e-14,6.485008032108113e-14,dissipation
Manganese II,"('ecoinvent-3.12-biosphere', 'b0546417-3064-4878-bd6f-2da75cefdf63')",Mn,2.100932279219348e-06,2.100932279219348e-06,1.0,6.485008032108113e-14,6.485008032108113e-14,dissipation
Manganese II,"('ecoinvent-3.12-biosphere', 'f532985c-90b7-46fc-aac9-b039b40e22f1')",Mn,2.100932279219348e-06,2.100932279219348e-06,1.0,6.485008032108113e-14,6.485008032108113e-14,dissipation
Manganese II,"('ecoinvent-3.12-biosphere', '2460f868-54a9-404c-bec8-c809a44ae72c')",Mn,2.100932279219348e-06,2.100932279219348e-06,1.0,6.485008032108113e-14,6.485008032108113e-14,dissipation
Manganese II,"('ecoinvent-3.12-biosphere', 'c91fd4bf-ed70-4e2f-a34f-159773f981b6')",Mn,2.100932279219348e-06,2.100932279219348e-06,1.0,6.485008032108113e-14,6.485008032108113e-14,dissipation
Manganese II,"('ecoinvent-3.12-biosphere', '295060ba-3c3d-45e4-99ca-e17b1204b553')",Mn,2.100932279219348e-06,2.100932279219348e-06,1.0,6.485008032108113e-14,6.485008032108113e-14,dissipation
Manganese II,"('ecoinvent-3.12-biosphere', '0af26a55-d357-469f-abad-8ced785cb4fb')",Mn,2.100932279219348e-06,2.100932279219348e-06,1.0,6.485008032108113e-14,6.485008032108113e-14,dissipation
Manganese II,"('ecoinvent-3.12-biosphere', '10cbd2f7-c41b-4bb4-b636-d8fc15cf0282')",Mn,2.100932279219348e-06,2.100932279219348e-06,1.0,6.485008032108113e-14,6.485008032108113e-14,dissipation
Manganese II,"('ecoinvent-3.12-biosphere', '9ba8c05d-1593-45a5-8d3b-5c4f3e9fef32')",Mn,2.100932279219348e-06,2.100932279219348e-06,1.0,6.485008032108113e-14,6.485008032108113e-14,dissipation
Manganese II,"('ecoinvent-3.12-biosphere', '009a49e8-09a7-4432-9cb9-f2dd18e8f922')",Mn,2.100932279219348e-06,2.100932279219348e-06,1.0,6.485008032108113e-14,6.485008032108113e-14,dissipation
Manganese II,"('ecoinvent-3.12-biosphere', '9c706cff-cb82-4207-a589-95896e04dc08')",Mn,2.100932279219348e-06,2.100932279219348e-06,1.0,6.485008032108113e-14,6.485008032108113e-14,dissipation
Manganese II,"('ecoinvent-3.12-biosphere', '44f28e11-061d-44fd-8f25-dc62a9f1fa57')",Mn,2.100932279219348e-06,2.100932279219348e-06,1.0,6.485008032108113e-14,6.485008032108113e-14,dissipation
Manganese II,"('ecoinvent-3.12-biosphere', '6b7fbea6-4a86-40f9-954d-3c9b3611abfd')",Mn,2.100932279219348e-06,2.100932279219348e-06,1.0,6.485008032108113e-14,6.485008032108113e-14,dissipation
Cobalt II,"('ecoinvent-3.12-biosphere', '1e904267-caa3-40e6-a3a0-fc104489770b')",Co,2.004154681194887e-06,2.004154681194887e-06,1.0,1.9447495148453946e-12,1.9447495148453946e-12,dissipation
Cobalt II,"('ecoinvent-3.12-biosphere', 'd4291dd5-dae8-47fa-bf06-466fcecbc210')",Co,2.004154681194887e-06,2.004154681194887e-06,1.0,1.9447495148453946e-12,1.9447495148453946e-12,dissipation
Cobalt II,"('ecoinvent-3.12-biosphere', '381a22c9-3722-4378-810d-86958f7b6d32')",Co,2.004154681194887e-06,2.004154681194887e-06,1.0,1.9447495148453946e-12,1.9447495148453946e-12,dissipation
Cobalt II,"('ecoinvent-3.12-biosphere', '74eb3f02-09ec-46ce-8ee8-d67d0900136b')",Co,2.004154681194887e-06,2.004154681194887e-06,1.0,1.9447495148453946e-12,1.9447495148453946e-12,dissipation
Cobalt II,"('ecoinvent-3.12-biosphere', '33627701-feca-434d-a192-674a450eaaf7')",Co,2.004154681194887e-06,2.004154681194887e-06,1.0,1.9447495148453946e-12,1.9447495148453946e-12,dissipation
Cobalt II,"('ecoinvent-3.12-biosphere', 'f0e28a62-ddf9-4c93-af81-676a58c3f2d4')",Co,2.004154681194887e-06,2.004154681194887e-06,1.0,1.9447495148453946e-12,1.9447495148453946e-12,dissipation
Cobalt II,"('ecoinvent-3.12-biosphere', 'ca04300a-8338-4601-ba7c-66c10a4f6322')",Co,2.004154681194887e-06,2.004154681194887e-06,1.0,1.9447495148453946e-12,1.9447495148453946e-12,dissipation
Cobalt II,"('ecoinvent-3.12-biosphere', 'c58d25ad-30d2-4fac-a857-1fa6f67afe8a')",Co,2.004154681194887e-06,2.004154681194887e-06,1.0,1.9447495148453946e-12,1.9447495148453946e-12,dissipation
Cobalt II,"('ecoinvent-3.12-biosphere', 'f0d1c319-249f-4a89-b0e7-3a5a90a54036')",Co,2.004154681194887e-06,2.004154681194887e-06,1.0,1.9447495148453946e-12,1.9447495148453946e-12,dissipation
Cobalt II,"('ecoinvent-3.12-biosphere', 'b10faa87-2c1d-4f6e-aa65-9f80b376939a')",Co,2.004154681194887e-06,2.004154681194887e-06,1.0,1.9447495148453946e-12,1.9447495148453946e-12,dissipation
Cobalt II,"('ecoinvent-3.12-biosphere', 'caf066cf-40ce-47a8-ba4c-969fcd6019c7')",Co,2.004154681194887e-06,2.004154681194887e-06,1.0,1.9447495148453946e-12,1.9447495148453946e-12,dissipation
Cobalt II,"('ecoinvent-3.12-biosphere', '12051b95-831a-49c0-9a70-fbc0e8fb9af9')",Co,2.004154681194887e-06,2.004154681194887e-06,1.0,1.9447495148453946e-12,1.9447495148453946e-12,dissipation
Cobalt II,"('ecoinvent-3.12-biosphere', '9542444c-7c7a-48e2-bc9c-9c7c34fb7b3e')",Co,2.004154681194887e-06,2.004154681194887e-06,1.0,1.9447495148453946e-12,1.9447495148453946e-12,dissipation
Iron ion,"('ecoinvent-3.12-biosphere', 'ce567bdc-76ec-4ca0-be79-8bb796e448b3')",Fe,1.4202963416747233e-06,1.4202963416747233e-06,1.0,9.645225823667623e-15,9.645225823667623e-15,dissipation
Iron ion,"('ecoinvent-3.12-biosphere', '32cd0492-c0cb-4898-a2b1-675eedc5b688')",Fe,1.4202963416747233e-06,1.4202963416747233e-06,1.0,9.645225823667623e-15,9.645225823667623e-15,dissipation
Iron ion,"('ecoinvent-3.12-biosphere', '76152de4-9499-48f7-af98-a5d41842484a')",Fe,1.4202963416747233e-06,1.4202963416747233e-06,1.0,9.645225823667623e-15,9.645225823667623e-15,dissipation
Iron ion,"('ecoinvent-3.12-biosphere', 'db364689-e1a3-4629-8835-e6c59d6daf09')",Fe,1.4202963416747233e-06,1.4202963416747233e-06,1.0,9.645225823667623e-15,9.645225823667623e-15,dissipation
Iron ion,"('ecoinvent-3.12-biosphere', 'de444dc0-5964-4501-8367-50ba53bfc6b9')",Fe,1.4202963416747233e-06,1.4202963416747233e-06,1.0,9.645225823667623e-15,9.645225823667623e-15,dissipation
Iron ion,"('ecoinvent-3.12-biosphere', '33fd8342-58e7-45c9-ad92-0951c002c403')",Fe,1.4202963416747233e-06,1.4202963416747233e-06,1.0,9.645225823667623e-15,9.645225823667623e-15,dissipation
Iron ion,"('ecoinvent-3.12-biosphere', 'e8bd2edd-f937-49f6-9e8b-9f445278775e')",Fe,1.4202963416747233e-06,1.4202963416747233e-06,1.0,9.645225823667623e-15,9.645225823667623e-15,dissipation
Iron ion,"('ecoinvent-3.12-biosphere', '98693cdf-d9fc-43ed-bfe6-78dfe5742d33')",Fe,1.4202963416747233e-06,1.4202963416747233e-06,1.0,9.645225823667623e-15,9.645225823667623e-15,dissipation
Iron ion,"('ecoinvent-3.12-biosphere', '8dba66e2-0f2e-4038-84ef-1e40b4f573a6')",Fe,1.4202963416747233e-06,1.4202963416747233e-06,1.0,9.645225823667623e-15,9.645225823667623e-15,dissipation
Iron ion,"('ecoinvent-3.12-biosphere', '2c9a7182-37c8-4777-a37a-9a007c3edb2f')",Fe,1.4202963416747233e-06,1.4202963416747233e-06,1.0,9.645225823667623e-15,9.645225823667623e-15,dissipation
Iron ion,"('ecoinvent-3.12-biosphere', '7c335b9c-a403-47a8-bb6d-2e7d3c3a230e')",Fe,1.4202963416747233e-06,1.4202963416747233e-06,1.0,9.645225823667623e-15,9.645225823667623e-15,dissipation
Iron ion,"('ecoinvent-3.12-biosphere', 'c983ad54-12e9-47a5-b747-5e5c448e58e2')",Fe,1.4202963416747233e-06,1.4202963416747233e-06,1.0,9.645225823667623e-15,9.645225823667623e-15,dissipation
Iron ion,"('ecoinvent-3.12-biosphere', '9b6d6f07-ebc6-447d-a3c0-f2017d77d852')",Fe,1.4202963416747233e-06,1.4202963416747233e-06,1.0,9.645225823667623e-15,9.645225823667623e-15,dissipation
Antimony ion,"('ecoinvent-3.12-biosphere', '77927dac-dea3-429d-a434-d5a71d92c4f7')",Sb,1.102290721050537e-06,1.102290721050537e-06,1.0,2.1834077210692158e-11,2.1834077210692158e-11,dissipation
Antimony ion,"('ecoinvent-3.12-biosphere', 'b2dc8668-86de-4207-b20e-dc81dea63c98')",Sb,1.102290721050537e-06,1.102290721050537e-06,1.0,2.1834077210692158e-11,2.1834077210692158e-11,dissipation
Antimony ion,"('ecoinvent-3.12-biosphere', 'f4cf8d5c-f030-4b55-a3af-e3c20b855ee8')",Sb,1.102290721050537e-06,1.102290721050537e-06,1.0,2.1834077210692158e-11,2.1834077210692158e-11,dissipation
Antimony ion,"('ecoinvent-3.12-biosphere', 'c49fb4cd-eed0-4438-9052-9612473cdbae')",Sb,1.102290721050537e-06,1.102290721050537e-06,1.0,2.1834077210692158e-11,2.1834077210692158e-11,dissipation
Antimony ion,"('ecoinvent-3.12-biosphere', '5df5cb9f-812c-4ce8-ab1c-df6ab4d31900')",Sb,1.102290721050537e-06,1.102290721050537e-06,1.0,2.1834077210692158e-11,2.1834077210692158e-11,dissipation
Antimony ion,"('ecoinvent-3.12-biosphere', '7805afa2-d93b-40bb-b841-325b98aec824')",Sb,1.102290721050537e-06,1.102290721050537e-06,1.0,2.1834077210692158e-11,2.1834077210692158e-11,dissipation
Antimony ion,"('ecoinvent-3.12-biosphere', '34b96163-a3df-4bc1-8224-e2a9fe01b23f')",Sb,1.102290721050537e-06,1.102290721050537e-06,1.0,2.1834077210692158e-11,2.1834077210692158e-11,dissipation
Antimony ion,"('ecoinvent-3.12-biosphere', '83cf77ca-867b-4eef-b0f0-78d71b3d91d5')",Sb,1.102290721050537e-06,1.102290721050537e-06,1.0,2.1834077210692158e-11,2.1834077210692158e-11,dissipation
Antimony ion,"('ecoinvent-3.12-biosphere', '183f9856-03ab-464d-9366-8ef62077b510')",Sb,1.102290721050537e-06,1.102290721050537e-06,1.0,2.1834077210692158e-11,2.1834077210692158e-11,dissipation
Antimony ion,"('ecoinvent-3.12-biosphere', '3ea5684a-6d64-4f96-8c09-1d90f997c9d4')",Sb,1.102290721050537e-06,1.102290721050537e-06,1.0,2.1834077210692158e-11,2.1834077210692158e-11,dissipation
Antimony ion,"('ecoinvent-3.12-biosphere', 'fa39136e-1ef6-43c1-af68-104da104568d')",Sb,1.102290721050537e-06,1.102290721050537e-06,1.0,2.1834077210692158e-11,2.1834077210692158e-11,dissipation
Antimony ion,"('ecoinvent-3.12-biosphere', '2b2369a4-26bb-4b18-8479-752fdf7a5e7f')",Sb,1.102290721050537e-06,1.102290721050537e-06,1.0,2.1834077210692158e-11,2.1834077210692158e-11,dissipation
Antimony ion,"('ecoinvent-3.12-biosphere', '43b29ad9-26dd-4838-b931-6216e55a0120')",Sb,1.102290721050537e-06,1.102290721050537e-06,1.0,2.1834077210692158e-11,2.1834077210692158e-11,dissipation
Phosphate,"('ecoinvent-3.12-biosphere', '1727b41d-377e-43cd-bc01-9eaba946eccb')",P,6.691421702097027e-07,6.691421702097027e-07,0.3261416642975224,5.53572191877536e-15,5.53572191877536e-15,dissipation
Phosphate,"('ecoinvent-3.12-biosphere', '3aaf9017-0d8a-42aa-9a60-cbc39e994e73')",P,6.691421702097027e-07,6.691421702097027e-07,0.3261416642975224,5.53572191877536e-15,5.53572191877536e-15,dissipation
Phosphate,"('ecoinvent-3.12-biosphere', 'c8791f3c-3c4a-4278-91c0-483797d14da2')",P,6.691421702097027e-07,6.691421702097027e-07,0.3261416642975224,5.53572191877536e-15,5.53572191877536e-15,dissipation
Phosphate,"('ecoinvent-3.12-biosphere', '490b267b-f429-4d9a-ac79-224e37fb4d58')",P,6.691421702097027e-07,6.691421702097027e-07,0.3261416642975224,5.53572191877536e-15,5.53572191877536e-15,dissipation
Phosphate,"('ecoinvent-3.12-biosphere', '329fc7d8-4011-4327-84e4-34ff76f0e42d')",P,6.691421702097027e-07,6.691421702097027e-07,0.3261416642975224,5.53572191877536e-15,5.53572191877536e-15,dissipation
Zinc II,"('ecoinvent-3.12-biosphere', '5ce378a0-b48d-471c-977d-79681521efde')",Zn,5.126666060093029e-07,5.126666060093029e-07,1.0,1.0836576745711442e-13,1.0836576745711442e-13,dissipation
Zinc II,"('ecoinvent-3.12-biosphere', '2195d86f-e4c8-4e86-9f18-b5b065b1df7e')",Zn,5.126666060093029e-07,5.126666060093029e-07,1.0,1.0836576745711442e-13,1.0836576745711442e-13,dissipation
Zinc II,"('ecoinvent-3.12-biosphere', '8f871bab-96dc-49d9-bf08-12cdd0715901')",Zn,5.126666060093029e-07,5.126666060093029e-07,1.0,1.0836576745711442e-13,1.0836576745711442e-13,dissipation
Zinc II,"('ecoinvent-3.12-biosphere', '2c7be02c-791f-4fef-b231-b90321bbeb30')",Zn,5.126666060093029e-07,5.126666060093029e-07,1.0,1.0836576745711442e-13,1.0836576745711442e-13,dissipation
Zinc II,"('ecoinvent-3.12-biosphere', 'ada3ecfe-8244-4389-bcce-e83ca4f66e09')",Zn,5.126666060093029e-07,5.126666060093029e-07,1.0,1.0836576745711442e-13,1.0836576745711442e-13,dissipation
Zinc II,"('ecoinvent-3.12-biosphere', '87a69874-34f9-4070-a525-aa301ab2634b')",Zn,5.126666060093029e-07,5.126666060093029e-07,1.0,1.0836576745711442e-13,1.0836576745711442e-13,dissipation
Zinc II,"('ecoinvent-3.12-biosphere', '8d226423-1351-4366-b09f-d16c9e38683c')",Zn,5.126666060093029e-07,5.126666060093029e-07,1.0,1.0836576745711442e-13,1.0836576745711442e-13,dissipation
Zinc II,"('ecoinvent-3.12-biosphere', 'b88999ec-84fd-462d-9dec-7e20a4636a58')",Zn,5.126666060093029e-07,5.126666060093029e-07,1.0,1.0836576745711442e-13,1.0836576745711442e-13,dissipation
Zinc II,"('ecoinvent-3.12-biosphere', '84aa799e-9d98-4d34-85e0-516d28ab1be9')",Zn,5.126666060093029e-07,5.126666060093029e-07,1.0,1.0836576745711442e-13,1.0836576745711442e-13,dissipation
Zinc II,"('ecoinvent-3.12-biosphere', '541b633c-17a3-4047-bce6-0c0e4fdb7c10')",Zn,5.126666060093029e-07,5.126666060093029e-07,1.0,1.0836576745711442e-13,1.0836576745711442e-13,dissipation
Zinc II,"('ecoinvent-3.12-biosphere', '748f22a9-eba4-4726-bef5-92c7442ce189')",Zn,5.126666060093029e-07,5.126666060093029e-07,1.0,1.0836576745711442e-13,1.0836576745711442e-13,dissipation
Zinc II,"('ecoinvent-3.12-biosphere', 'bdce3a7c-e008-4391-be26-285f71a02453')",Zn,5.126666060093029e-07,5.126666060093029e-07,1.0,1.0836576745711442e-13,1.0836576745711442e-13,dissipation
Zinc II,"('ecoinvent-3.12-biosphere', '7e769b3e-03fb-4b53-be15-85a910dcfea9')",Zn,5.126666060093029e-07,5.126666060093029e-07,1.0,1.0836576745711442e-13,1.0836576745711442e-13,dissipation
Zinc II,"('ecoinvent-3.12-biosphere', '77887584-ddca-4920-952c-3609730e0c13')",Zn,5.126666060093029e-07,5.126666060093029e-07,1.0,1.0836576745711442e-13,1.0836576745711442e-13,dissipation
Nickel II,"('ecoinvent-3.12-biosphere', '5de1943f-b011-45a0-97d4-ed15eea6a382')",Ni,3.6416652239995985e-07,3.6416652239995985e-07,1.0,9.066741688482605e-14,9.066741688482605e-14,dissipation
Nickel II,"('ecoinvent-3.12-biosphere', 'c89873de-cd23-4323-a948-f5cfeebd2fc9')",Ni,3.6416652239995985e-07,3.6416652239995985e-07,1.0,9.066741688482605e-14,9.066741688482605e-14,dissipation
Nickel II,"('ecoinvent-3.12-biosphere', '23cb10a4-6228-4ce4-9fb5-7043bc31faec')",Ni,3.6416652239995985e-07,3.6416652239995985e-07,1.0,9.066741688482605e-14,9.066741688482605e-14,dissipation
Nickel II,"('ecoinvent-3.12-biosphere', '0545c382-2312-43b6-9ec3-63dbb1438565')",Ni,3.6416652239995985e-07,3.6416652239995985e-07,1.0,9.066741688482605e-14,9.066741688482605e-14,dissipation
Nickel II,"('ecoinvent-3.12-biosphere', '6ec6cdaa-5a01-46d4-b716-1905e56690ea')",Ni,3.6416652239995985e-07,3.6416652239995985e-07,1.0,9.066741688482605e-14,9.066741688482605e-14,dissipation
Nickel II,"('ecoinvent-3.12-biosphere', '9798359e-a3ee-4362-a038-23a188582c6e')",Ni,3.6416652239995985e-07,3.6416652239995985e-07,1.0,9.066741688482605e-14,9.066741688482605e-14,dissipation
Nickel II,"('ecoinvent-3.12-biosphere', 'e43a270f-4f88-4789-a0b8-7aba56677743')",Ni,3.6416652239995985e-07,3.6416652239995985e-07,1.0,9.066741688482605e-14,9.066741688482605e-14,dissipation
Nickel II,"('ecoinvent-3.12-biosphere', '2bcad3b3-5305-481c-a166-ad5e6eac2675')",Ni,3.6416652239995985e-07,3.6416652239995985e-07,1.0,9.066741688482605e-14,9.066741688482605e-14,dissipation
Nickel II,"('ecoinvent-3.12-biosphere', 'a5506f4b-113f-4713-95c3-c819dde6e48b')",Ni,3.6416652239995985e-07,3.6416652239995985e-07,1.0,9.066741688482605e-14,9.066741688482605e-14,dissipation
Nickel II,"('ecoinvent-3.12-biosphere', '9f69cb8e-51fe-447b-a1ac-4da74de8ebe4')",Ni,3.6416652239995985e-07,3.6416652239995985e-07,1.0,9.066741688482605e-14,9.066741688482605e-14,dissipation
Nickel II,"('ecoinvent-3.12-biosphere', 'b4580545-243d-48d2-a3a0-2633a4f46fb1')",Ni,3.6416652239995985e-07,3.6416652239995985e-07,1.0,9.066741688482605e-14,9.066741688482605e-14,dissipation
Nickel II,"('ecoinvent-3.12-biosphere', 'e8fc62ba-678e-4706-97d2-b79d83e227d5')",Ni,3.6416652239995985e-07,3.6416652239995985e-07,1.0,9.066741688482605e-14,9.066741688482605e-14,dissipation
Nickel II,"('ecoinvent-3.12-biosphere', 'a72a45ee-395a-4d25-b893-9d183e43e76e')",Ni,3.6416652239995985e-07,3.6416652239995985e-07,1.0,9.066741688482605e-14,9.066741688482605e-14,dissipation
Nickel II,"('ecoinvent-3.12-biosphere', '56815b4f-6138-4e0b-9fac-c94fd6b102b3')",Ni,3.6416652239995985e-07,3.6416652239995985e-07,1.0,9.066741688482605e-14,9.066741688482605e-14,dissipation
Copper ion,"('ecoinvent-3.12-biosphere', '6d9550e2-e670-44c1-bad8-c0c4975ffca7')",Cu,2.9875321002245495e-07,2.9875321002245495e-07,1.0,1.231243333335009e-14,1.231243333335009e-14,dissipation
Copper ion,"('ecoinvent-3.12-biosphere', '237ca6bc-2f0a-4416-a0e3-bd512f038f2e')",Cu,2.9875321002245495e-07,2.9875321002245495e-07,1.0,1.231243333335009e-14,1.231243333335009e-14,dissipation
Copper ion,"('ecoinvent-3.12-biosphere', '7e66a41c-d311-4949-bdd8-eef09cdcfa47')",Cu,2.9875321002245495e-07,2.9875321002245495e-07,1.0,1.231243333335009e-14,1.231243333335009e-14,dissipation
Copper ion,"('ecoinvent-3.12-biosphere', '0a5e8a67-f9ae-48b3-bfa7-e9d37c30a191')",Cu,2.9875321002245495e-07,2.9875321002245495e-07,1.0,1.231243333335009e-14,1.231243333335009e-14,dissipation
Copper ion,"('ecoinvent-3.12-biosphere', 'fd153f15-1d16-410a-91fa-04d205e36c43')",Cu,2.9875321002245495e-07,2.9875321002245495e-07,1.0,1.231243333335009e-14,1.231243333335009e-14,dissipation
Copper ion,"('ecoinvent-3.12-biosphere', 'ec8144d6-d123-43b1-9c17-a295422a0498')",Cu,2.9875321002245495e-07,2.9875321002245495e-07,1.0,1.231243333335009e-14,1.231243333335009e-14,dissipation
Copper ion,"('ecoinvent-3.12-biosphere', 'd8f9ccf6-fd32-4348-83c0-1cee724af9ae')",Cu,2.9875321002245495e-07,2.9875321002245495e-07,1.0,1.231243333335009e-14,1.231243333335009e-14,dissipation
Copper ion,"('ecoinvent-3.12-biosphere', 'e336eee7-148a-4d1c-8027-780cbfafa12b')",Cu,2.9875321002245495e-07,2.9875321002245495e-07,1.0,1.231243333335009e-14,1.231243333335009e-14,dissipation
Copper ion,"('ecoinvent-3.12-biosphere', '3573a5af-88f8-4f74-ade7-cd269cbc4e66')",Cu,2.9875321002245495e-07,2.9875321002245495e-07,1.0,1.231243333335009e-14,1.231243333335009e-14,dissipation
Copper ion,"('ecoinvent-3.12-biosphere', 'c3b659e5-35f1-408c-8cb5-b5f9b295c76e')",Cu,2.9875321002245495e-07,2.9875321002245495e-07,1.0,1.231243333335009e-14,1.231243333335009e-14,dissipation
Copper ion,"('ecoinvent-3.12-biosphere', '40229ebf-9346-4f20-910a-f8ea3bd88d44')",Cu,2.9875321002245495e-07,2.9875321002245495e-07,1.0,1.231243333335009e-14,1.231243333335009e-14,dissipation
Copper ion,"('ecoinvent-3.12-biosphere', '615b1460-6860-4cf6-8678-ad92c03c5e8b')",Cu,2.9875321002245495e-07,2.9875321002245495e-07,1.0,1.231243333335009e-14,1.231243333335009e-14,dissipation
Copper ion,"('ecoinvent-3.12-biosphere', '88cde01c-df69-40bb-9b14-6eac71bea5b8')",Cu,2.9875321002245495e-07,2.9875321002245495e-07,1.0,1.231243333335009e-14,1.231243333335009e-14,dissipation
Copper ion,"('ecoinvent-3.12-biosphere', '44d3e792-7c9e-48ab-9de9-acfa2e097f26')",Cu,2.9875321002245495e-07,2.9875321002245495e-07,1.0,1.231243333335009e-14,1.231243333335009e-14,dissipation
Iron ion,"('ecoinvent-3.12-biosphere', 'ce567bdc-76ec-4ca0-be79-8bb796e448b3')",Fe,2.806363614661314e-07,2.806363614661314e-07,1.0,9.645225823667623e-15,9.645225823667623e-15,dissipation
Iron ion,"('ecoinvent-3.12-biosphere', '32cd0492-c0cb-4898-a2b1-675eedc5b688')",Fe,2.806363614661314e-07,2.806363614661314e-07,1.0,9.645225823667623e-15,9.645225823667623e-15,dissipation
Iron ion,"('ecoinvent-3.12-biosphere', '76152de4-9499-48f7-af98-a5d41842484a')",Fe,2.806363614661314e-07,2.806363614661314e-07,1.0,9.645225823667623e-15,9.645225823667623e-15,dissipation
Iron ion,"('ecoinvent-3.12-biosphere', 'db364689-e1a3-4629-8835-e6c59d6daf09')",Fe,2.806363614661314e-07,2.806363614661314e-07,1.0,9.645225823667623e-15,9.645225823667623e-15,dissipation
Iron ion,"('ecoinvent-3.12-biosphere', 'de444dc0-5964-4501-8367-50ba53bfc6b9')",Fe,2.806363614661314e-07,2.806363614661314e-07,1.0,9.645225823667623e-15,9.645225823667623e-15,dissipation
Iron ion,"('ecoinvent-3.12-biosphere', '33fd8342-58e7-45c9-ad92-0951c002c403')",Fe,2.806363614661314e-07,2.806363614661314e-07,1.0,9.645225823667623e-15,9.645225823667623e-15,dissipation
Iron ion,"('ecoinvent-3.12-biosphere', 'e8bd2edd-f937-49f6-9e8b-9f445278775e')",Fe,2.806363614661314e-07,2.806363614661314e-07,1.0,9.645225823667623e-15,9.645225823667623e-15,dissipation
Iron ion,"('ecoinvent-3.12-biosphere', '98693cdf-d9fc-43ed-bfe6-78dfe5742d33')",Fe,2.806363614661314e-07,2.806363614661314e-07,1.0,9.645225823667623e-15,9.645225823667623e-15,dissipation
Iron ion,"('ecoinvent-3.12-biosphere', '8dba66e2-0f2e-4038-84ef-1e40b4f573a6')",Fe,2.806363614661314e-07,2.806363614661314e-07,1.0,9.645225823667623e-15,9.645225823667623e-15,dissipation
Iron ion,"('ecoinvent-3.12-biosphere', '2c9a7182-37c8-4777-a37a-9a007c3edb2f')",Fe,2.806363614661314e-07,2.806363614661314e-07,1.0,9.645225823667623e-15,9.645225823667623e-15,dissipation
Iron ion,"('ecoinvent-3.12-biosphere', '7c335b9c-a403-47a8-bb6d-2e7d3c3a230e')",Fe,2.806363614661314e-07,2.806363614661314e-07,1.0,9.645225823667623e-15,9.645225823667623e-15,dissipation
Iron ion,"('ecoinvent-3.12-biosphere', 'c983ad54-12e9-47a5-b747-5e5c448e58e2')",Fe,2.806363614661314e-07,2.806363614661314e-07,1.0,9.645225823667623e-15,9.645225823667623e-15,dissipation
Iron ion,"('ecoinvent-3.12-biosphere', '9b6d6f07-ebc6-447d-a3c0-f2017d77d852')",Fe,2.806363614661314e-07,2.806363614661314e-07,1.0,9.645225823667623e-15,9.645225823667623e-15,dissipation
Chromium VI,"('ecoinvent-3.12-biosphere', 'ef475b50-9cd0-4e7c-9c59-07868fe16e91')",Cr,1.8895297121731412e-07,1.8895297121731412e-07,1.0,3.1278613038877847e-13,3.1278613038877847e-13,dissipation
Chromium VI,"('ecoinvent-3.12-biosphere', 'c2e854f9-fe22-4fe7-9083-cf6d0a8c7254')",Cr,1.8895297121731412e-07,1.8895297121731412e-07,1.0,3.1278613038877847e-13,3.1278613038877847e-13,dissipation
Chromium VI,"('ecoinvent-3.12-biosphere', '01285299-c683-4e15-b654-201987a7a738')",Cr,1.8895297121731412e-07,1.8895297121731412e-07,1.0,3.1278613038877847e-13,3.1278613038877847e-13,dissipation
Chromium VI,"('ecoinvent-3.12-biosphere', '68ba2022-830e-45fb-8c85-b35e94754ae9')",Cr,1.8895297121731412e-07,1.8895297121731412e-07,1.0,3.1278613038877847e-13,3.1278613038877847e-13,dissipation
Chromium VI,"('ecoinvent-3.12-biosphere', '81e17d9a-3e0b-414e-9b2e-eca7e5b3bd4a')",Cr,1.8895297121731412e-07,1.8895297121731412e-07,1.0,3.1278613038877847e-13,3.1278613038877847e-13,dissipation
Chromium VI,"('ecoinvent-3.12-biosphere', '8ec83662-7c2b-4452-8acf-95a0bb94233c')",Cr,1.8895297121731412e-07,1.8895297121731412e-07,1.0,3.1278613038877847e-13,3.1278613038877847e-13,dissipation
Chromium VI,"('ecoinvent-3.12-biosphere', '8216fc31-15a1-4d33-858f-e09650b14c63')",Cr,1.8895297121731412e-07,1.8895297121731412e-07,1.0,3.1278613038877847e-13,3.1278613038877847e-13,dissipation
Chromium VI,"('ecoinvent-3.12-biosphere', '81b3321a-c9d8-4104-a974-5460f1bc5029')",Cr,1.8895297121731412e-07,1.8895297121731412e-07,1.0,3.1278613038877847e-13,3.1278613038877847e-13,dissipation
Chromium VI,"('ecoinvent-3.12-biosphere', '03b279a7-4626-4703-a451-d0650599dbd9')",Cr,1.8895297121731412e-07,1.8895297121731412e-07,1.0,3.1278613038877847e-13,3.1278613038877847e-13,dissipation
Chromium VI,"('ecoinvent-3.12-biosphere', 'a9ec0c9b-982a-4329-99ae-dab1f9fb62d3')",Cr,1.8895297121731412e-07,1.8895297121731412e-07,1.0,3.1278613038877847e-13,3.1278613038877847e-13,dissipation
Chromium VI,"('ecoinvent-3.12-biosphere', '58060894-19d9-4855-84d8-58935a5325f8')",Cr,1.8895297121731412e-07,1.8895297121731412e-07,1.0,3.1278613038877847e-13,3.1278613038877847e-13,dissipation
Chromium VI,"('ecoinvent-3.12-biosphere', '7a59e8d5-cd11-4ee7-b1ca-30979d2b0b3a')",Cr,1.8895297121731412e-07,1.8895297121731412e-07,1.0,3.1278613038877847e-13,3.1278613038877847e-13,dissipation
Chromium VI,"('ecoinvent-3.12-biosphere', '9bbae55a-35de-4eff-a219-814a9fec5ac2')",Cr,1.8895297121731412e-07,1.8895297121731412e-07,1.0,3.1278613038877847e-13,3.1278613038877847e-13,dissipation
Antimony ion,"('ecoinvent-3.12-biosphere', '77927dac-dea3-429d-a434-d5a71d92c4f7')",Sb,1.8425877345779829e-07,1.8425877345779829e-07,1.0,2.1834077210692158e-11,2.1834077210692158e-11,dissipation
Antimony ion,"('ecoinvent-3.12-biosphere', 'b2dc8668-86de-4207-b20e-dc81dea63c98')",Sb,1.8425877345779829e-07,1.8425877345779829e-07,1.0,2.1834077210692158e-11,2.1834077210692158e-11,dissipation
Antimony ion,"('ecoinvent-3.12-biosphere', 'f4cf8d5c-f030-4b55-a3af-e3c20b855ee8')",Sb,1.8425877345779829e-07,1.8425877345779829e-07,1.0,2.1834077210692158e-11,2.1834077210692158e-11,dissipation
Antimony ion,"('ecoinvent-3.12-biosphere', 'c49fb4cd-eed0-4438-9052-9612473cdbae')",Sb,1.8425877345779829e-07,1.8425877345779829e-07,1.0,2.1834077210692158e-11,2.1834077210692158e-11,dissipation
Antimony ion,"('ecoinvent-3.12-biosphere', '5df5cb9f-812c-4ce8-ab1c-df6ab4d31900')",Sb,1.8425877345779829e-07,1.8425877345779829e-07,1.0,2.1834077210692158e-11,2.1834077210692158e-11,dissipation
Antimony ion,"('ecoinvent-3.12-biosphere', '7805afa2-d93b-40bb-b841-325b98aec824')",Sb,1.8425877345779829e-07,1.8425877345779829e-07,1.0,2.1834077210692158e-11,2.1834077210692158e-11,dissipation
Antimony ion,"('ecoinvent-3.12-biosphere', '34b96163-a3df-4bc1-8224-e2a9fe01b23f')",Sb,1.8425877345779829e-07,1.8425877345779829e-07,1.0,2.1834077210692158e-11,2.1834077210692158e-11,dissipation
Antimony ion,"('ecoinvent-3.12-biosphere', '83cf77ca-867b-4eef-b0f0-78d71b3d91d5')",Sb,1.8425877345779829e-07,1.8425877345779829e-07,1.0,2.1834077210692158e-11,2.1834077210692158e-11,dissipation
Antimony ion,"('ecoinvent-3.12-biosphere', '183f9856-03ab-464d-9366-8ef62077b510')",Sb,1.8425877345779829e-07,1.8425877345779829e-07,1.0,2.1834077210692158e-11,2.1834077210692158e-11,dissipation
Antimony ion,"('ecoinvent-3.12-biosphere', '3ea5684a-6d64-4f96-8c09-1d90f997c9d4')",Sb,1.8425877345779829e-07,1.8425877345779829e-07,1.0,2.1834077210692158e-11,2.1834077210692158e-11,dissipation
Antimony ion,"('ecoinvent-3.12-biosphere', 'fa39136e-1ef6-43c1-af68-104da104568d')",Sb,1.8425877345779829e-07,1.8425877345779829e-07,1.0,2.1834077210692158e-11,2.1834077210692158e-11,dissipation
Antimony ion,"('ecoinvent-3.12-biosphere', '2b2369a4-26bb-4b18-8479-752fdf7a5e7f')",Sb,1.8425877345779829e-07,1.8425877345779829e-07,1.0,2.1834077210692158e-11,2.1834077210692158e-11,dissipation
Antimony ion,"('ecoinvent-3.12-biosphere', '43b29ad9-26dd-4838-b931-6216e55a0120')",Sb,1.8425877345779829e-07,1.8425877345779829e-07,1.0,2.1834077210692158e-11,2.1834077210692158e-11,dissipation
Lead II,"('ecoinvent-3.12-biosphere', '31c4d160-b21e-41b3-b9c1-3d7a72377653')",Pb,1.0058699544581671e-07,1.0058699544581671e-07,1.0,1.1855254708054448e-13,1.1855254708054448e-13,dissipation
Lead II,"('ecoinvent-3.12-biosphere', '67652827-017f-4856-8d0a-c97bac4c6562')",Pb,1.0058699544581671e-07,1.0058699544581671e-07,1.0,1.1855254708054448e-13,1.1855254708054448e-13,dissipation
Lead II,"('ecoinvent-3.12-biosphere', '8e123669-94d3-41d8-9480-a79211fe7c43')",Pb,1.0058699544581671e-07,1.0058699544581671e-07,1.0,1.1855254708054448e-13,1.1855254708054448e-13,dissipation
Lead II,"('ecoinvent-3.12-biosphere', '2718482b-8399-442e-b89a-52fbcc22d2e6')",Pb,1.0058699544581671e-07,1.0058699544581671e-07,1.0,1.1855254708054448e-13,1.1855254708054448e-13,dissipation
Lead II,"('ecoinvent-3.12-biosphere', 'fe4613d7-1ed8-427d-9b06-c8e8f4f5e1b1')",Pb,1.0058699544581671e-07,1.0058699544581671e-07,1.0,1.1855254708054448e-13,1.1855254708054448e-13,dissipation
Lead II,"('ecoinvent-3.12-biosphere', 'c864aa15-0abc-41ad-9889-348106e485d8')",Pb,1.0058699544581671e-07,1.0058699544581671e-07,1.0,1.1855254708054448e-13,1.1855254708054448e-13,dissipation
Lead II,"('ecoinvent-3.12-biosphere', 'b3ebdcc3-c588-4997-95d2-9785b26b34e1')",Pb,1.0058699544581671e-07,1.0058699544581671e-07,1.0,1.1855254708054448e-13,1.1855254708054448e-13,dissipation
Lead II,"('ecoinvent-3.12-biosphere', '739234c8-5359-48b4-983f-9cb170d68c8d')",Pb,1.0058699544581671e-07,1.0058699544581671e-07,1.0,1.1855254708054448e-13,1.1855254708054448e-13,dissipation
Lead II,"('ecoinvent-3.12-biosphere', '9ee7f4ab-b826-47ae-8623-e138f944b42e')",Pb,1.0058699544581671e-07,1.0058699544581671e-07,1.0,1.1855254708054448e-13,1.1855254708054448e-13,dissipation
Lead II,"('ecoinvent-3.12-biosphere', '6a903634-c97f-4c49-a7c0-88f0e6ac7a23')",Pb,1.0058699544581671e-07,1.0058699544581671e-07,1.0,1.1855254708054448e-13,1.1855254708054448e-13,dissipation
Lead II,"('ecoinvent-3.12-biosphere', '4010918f-7fd0-4925-8fbb-8fd7a44a806c')",Pb,1.0058699544581671e-07,1.0058699544581671e-07,1.0,1.1855254708054448e-13,1.1855254708054448e-13,dissipation
Lead II,"('ecoinvent-3.12-biosphere', 'e9e856c2-868e-435e-8425-8df1c9297cfc')",Pb,1.0058699544581671e-07,1.0058699544581671e-07,1.0,1.1855254708054448e-13,1.1855254708054448e-13,dissipation
Lead II,"('ecoinvent-3.12-biosphere', '837083ce-41cd-49f3-a849-d79564dac238')",Pb,1.0058699544581671e-07,1.0058699544581671e-07,1.0,1.1855254708054448e-13,1.1855254708054448e-13,dissipation
Lead II,"('ecoinvent-3.12-biosphere', '0ff15165-d761-48c9-9814-2d1dcdd56857')",Pb,1.0058699544581671e-07,1.0058699544581671e-07,1.0,1.1855254708054448e-13,1.1855254708054448e-13,dissipation
Aluminium III,"('ecoinvent-3.12-biosphere', '0ace7678-a181-48e8-8728-d912a8b56c57')",Al,8.152038976768015e-08,8.152038976768015e-08,1.0,6.422536676269254e-14,6.422536676269254e-14,dissipation
Aluminium III,"('ecoinvent-3.12-biosphere', '2e0c9efa-d55c-49db-8be3-0376d5921ff4')",Al,8.152038976768015e-08,8.152038976768015e-08,1.0,6.422536676269254e-14,6.422536676269254e-14,dissipation
Aluminium III,"('ecoinvent-3.12-biosphere', '9c3bd678-1b2f-4b95-a245-d5c8a3fe326b')",Al,8.152038976768015e-08,8.152038976768015e-08,1.0,6.422536676269254e-14,6.422536676269254e-14,dissipation
Aluminium III,"('ecoinvent-3.12-biosphere', 'e0401210-0377-4670-84af-12247ca20bed')",Al,8.152038976768015e-08,8.152038976768015e-08,1.0,6.422536676269254e-14,6.422536676269254e-14,dissipation
Aluminium III,"('ecoinvent-3.12-biosphere', '765546a9-b056-4d27-ad14-2f016511bdcb')",Al,8.152038976768015e-08,8.152038976768015e-08,1.0,6.422536676269254e-14,6.422536676269254e-14,dissipation
Aluminium III,"('ecoinvent-3.12-biosphere', '7880e65c-0321-4295-ba55-3186ad36e489')",Al,8.152038976768015e-08,8.152038976768015e-08,1.0,6.422536676269254e-14,6.422536676269254e-14,dissipation
Aluminium III,"('ecoinvent-3.12-biosphere', '6f0b8b7c-3888-4174-b7e3-916d42d678ee')",Al,8.152038976768015e-08,8.152038976768015e-08,1.0,6.422536676269254e-14,6.422536676269254e-14,dissipation
Aluminium III,"('ecoinvent-3.12-biosphere', '2baa4381-b781-4f5e-90de-508b0fa3fd1f')",Al,8.152038976768015e-08,8.152038976768015e-08,1.0,6.422536676269254e-14,6.422536676269254e-14,dissipation
Aluminium III,"('ecoinvent-3.12-biosphere', '01056d4b-f9b0-4dfc-b8d9-8407c8376efb')",Al,8.152038976768015e-08,8.152038976768015e-08,1.0,6.422536676269254e-14,6.422536676269254e-14,dissipation
Aluminium III,"('ecoinvent-3.12-biosphere', '46e63323-cffd-4c46-829b-5f006b50fa9b')",Al,8.152038976768015e-08,8.152038976768015e-08,1.0,6.422536676269254e-14,6.422536676269254e-14,dissipation
Aluminium III,"('ecoinvent-3.12-biosphere', '39555a26-d28b-425f-993f-e8770ab7d9cf')",Al,8.152038976768015e-08,8.152038976768015e-08,1.0,6.422536676269254e-14,6.422536676269254e-14,dissipation
Aluminium III,"('ecoinvent-3.12-biosphere', '97e498ec-f323-4ec6-bcc0-d8a4c853bae3')",Al,8.152038976768015e-08,8.152038976768015e-08,1.0,6.422536676269254e-14,6.422536676269254e-14,dissipation
Aluminium III,"('ecoinvent-3.12-biosphere', 'ff65658c-2d39-44a2-b23e-7ec3c644f064')",Al,8.152038976768015e-08,8.152038976768015e-08,1.0,6.422536676269254e-14,6.422536676269254e-14,dissipation
Manganese II,"('ecoinvent-3.12-biosphere', '835d0907-a668-4d92-b6b6-7b56fa343713')",Mn,8.014579427536677e-08,8.014579427536677e-08,1.0,6.485008032108113e-14,6.485008032108113e-14,dissipation
Manganese II,"('ecoinvent-3.12-biosphere', 'b0546417-3064-4878-bd6f-2da75cefdf63')",Mn,8.014579427536677e-08,8.014579427536677e-08,1.0,6.485008032108113e-14,6.485008032108113e-14,dissipation
Manganese II,"('ecoinvent-3.12-biosphere', 'f532985c-90b7-46fc-aac9-b039b40e22f1')",Mn,8.014579427536677e-08,8.014579427536677e-08,1.0,6.485008032108113e-14,6.485008032108113e-14,dissipation
Manganese II,"('ecoinvent-3.12-biosphere', '2460f868-54a9-404c-bec8-c809a44ae72c')",Mn,8.014579427536677e-08,8.014579427536677e-08,1.0,6.485008032108113e-14,6.485008032108113e-14,dissipation
Manganese II,"('ecoinvent-3.12-biosphere', 'c91fd4bf-ed70-4e2f-a34f-159773f981b6')",Mn,8.014579427536677e-08,8.014579427536677e-08,1.0,6.485008032108113e-14,6.485008032108113e-14,dissipation
Manganese II,"('ecoinvent-3.12-biosphere', '295060ba-3c3d-45e4-99ca-e17b1204b553')",Mn,8.014579427536677e-08,8.014579427536677e-08,1.0,6.485008032108113e-14,6.485008032108113e-14,dissipation
Manganese II,"('ecoinvent-3.12-biosphere', '0af26a55-d357-469f-abad-8ced785cb4fb')",Mn,8.014579427536677e-08,8.014579427536677e-08,1.0,6.485008032108113e-14,6.485008032108113e-14,dissipation
Manganese II,"('ecoinvent-3.12-biosphere', '10cbd2f7-c41b-4bb4-b636-d8fc15cf0282')",Mn,8.014579427536677e-08,8.014579427536677e-08,1.0,6.485008032108113e-14,6.485008032108113e-14,dissipation
Manganese II,"('ecoinvent-3.12-biosphere', '9ba8c05d-1593-45a5-8d3b-5c4f3e9fef32')",Mn,8.014579427536677e-08,8.014579427536677e-08,1.0,6.485008032108113e-14,6.485008032108113e-14,dissipation
Manganese II,"('ecoinvent-3.12-biosphere', '009a49e8-09a7-4432-9cb9-f2dd18e8f922')",Mn,8.014579427536677e-08,8.014579427536677e-08,1.0,6.485008032108113e-14,6.485008032108113e-14,dissipation
Manganese II,"('ecoinvent-3.12-biosphere', '9c706cff-cb82-4207-a589-95896e04dc08')",Mn,8.014579427536677e-08,8.014579427536677e-08,1.0,6.485008032108113e-14,6.485008032108113e-14,dissipation
Manganese II,"('ecoinvent-3.12-biosphere', '44f28e11-061d-44fd-8f25-dc62a9f1fa57')",Mn,8.014579427536677e-08,8.014579427536677e-08,1.0,6.485008032108113e-14,6.485008032108113e-14,dissipation
Manganese II,"('ecoinvent-3.12-biosphere', '6b7fbea6-4a86-40f9-954d-3c9b3611abfd')",Mn,8.014579427536677e-08,8.014579427536677e-08,1.0,6.485008032108113e-14,6.485008032108113e-14,dissipation
Aluminium III,"('ecoinvent-3.12-biosphere', '0ace7678-a181-48e8-8728-d912a8b56c57')",Al,7.873493137056754e-08,7.873493137056754e-08,1.0,6.422536676269254e-14,6.422536676269254e-14,dissipation
Aluminium III,"('ecoinvent-3.12-biosphere', '2e0c9efa-d55c-49db-8be3-0376d5921ff4')",Al,7.873493137056754e-08,7.873493137056754e-08,1.0,6.422536676269254e-14,6.422536676269254e-14,dissipation
Aluminium III,"('ecoinvent-3.12-biosphere', '9c3bd678-1b2f-4b95-a245-d5c8a3fe326b')",Al,7.873493137056754e-08,7.873493137056754e-08,1.0,6.422536676269254e-14,6.422536676269254e-14,dissipation
Aluminium III,"('ecoinvent-3.12-biosphere', 'e0401210-0377-4670-84af-12247ca20bed')",Al,7.873493137056754e-08,7.873493137056754e-08,1.0,6.422536676269254e-14,6.422536676269254e-14,dissipation
Aluminium III,"('ecoinvent-3.12-biosphere', '765546a9-b056-4d27-ad14-2f016511bdcb')",Al,7.873493137056754e-08,7.873493137056754e-08,1.0,6.422536676269254e-14,6.422536676269254e-14,dissipation
Aluminium III,"('ecoinvent-3.12-biosphere', '7880e65c-0321-4295-ba55-3186ad36e489')",Al,7.873493137056754e-08,7.873493137056754e-08,1.0,6.422536676269254e-14,6.422536676269254e-14,dissipation
Aluminium III,"('ecoinvent-3.12-biosphere', '6f0b8b7c-3888-4174-b7e3-916d42d678ee')",Al,7.873493137056754e-08,7.873493137056754e-08,1.0,6.422536676269254e-14,6.422536676269254e-14,dissipation
Aluminium III,"('ecoinvent-3.12-biosphere', '2baa4381-b781-4f5e-90de-508b0fa3fd1f')",Al,7.873493137056754e-08,7.873493137056754e-08,1.0,6.422536676269254e-14,6.422536676269254e-14,dissipation
Aluminium III,"('ecoinvent-3.12-biosphere', '01056d4b-f9b0-4dfc-b8d9-8407c8376efb')",Al,7.873493137056754e-08,7.873493137056754e-08,1.0,6.422536676269254e-14,6.422536676269254e-14,dissipation
Aluminium III,"('ecoinvent-3.12-biosphere', '46e63323-cffd-4c46-829b-5f006b50fa9b')",Al,7.873493137056754e-08,7.873493137056754e-08,1.0,6.422536676269254e-14,6.422536676269254e-14,dissipation
Aluminium III,"('ecoinvent-3.12-biosphere', '39555a26-d28b-425f-993f-e8770ab7d9cf')",Al,7.873493137056754e-08,7.873493137056754e-08,1.0,6.422536676269254e-14,6.422536676269254e-14,dissipation
Aluminium III,"('ecoinvent-3.12-biosphere', '97e498ec-f323-4ec6-bcc0-d8a4c853bae3')",Al,7.873493137056754e-08,7.873493137056754e-08,1.0,6.422536676269254e-14,6.422536676269254e-14,dissipation
Aluminium III,"('ecoinvent-3.12-biosphere', 'ff65658c-2d39-44a2-b23e-7ec3c644f064')",Al,7.873493137056754e-08,7.873493137056754e-08,1.0,6.422536676269254e-14,6.422536676269254e-14,dissipation
Antimony ion,"('ecoinvent-3.12-biosphere', '77927dac-dea3-429d-a434-d5a71d92c4f7')",Sb,7.718889087755602e-08,7.718889087755602e-08,1.0,2.1834077210692158e-11,2.1834077210692158e-11,dissipation
Antimony ion,"('ecoinvent-3.12-biosphere', 'b2dc8668-86de-4207-b20e-dc81dea63c98')",Sb,7.718889087755602e-08,7.718889087755602e-08,1.0,2.1834077210692158e-11,2.1834077210692158e-11,dissipation
Antimony ion,"('ecoinvent-3.12-biosphere', 'f4cf8d5c-f030-4b55-a3af-e3c20b855ee8')",Sb,7.718889087755602e-08,7.718889087755602e-08,1.0,2.1834077210692158e-11,2.1834077210692158e-11,dissipation
Antimony ion,"('ecoinvent-3.12-biosphere', 'c49fb4cd-eed0-4438-9052-9612473cdbae')",Sb,7.718889087755602e-08,7.718889087755602e-08,1.0,2.1834077210692158e-11,2.1834077210692158e-11,dissipation
Antimony ion,"('ecoinvent-3.12-biosphere', '5df5cb9f-812c-4ce8-ab1c-df6ab4d31900')",Sb,7.718889087755602e-08,7.718889087755602e-08,1.0,2.1834077210692158e-11,2.1834077210692158e-11,dissipation
Antimony ion,"('ecoinvent-3.12-biosphere', '7805afa2-d93b-40bb-b841-325b98aec824')",Sb,7.718889087755602e-08,7.718889087755602e-08,1.0,2.1834077210692158e-11,2.1834077210692158e-11,dissipation
Antimony ion,"('ecoinvent-3.12-biosphere', '34b96163-a3df-4bc1-8224-e2a9fe01b23f')",Sb,7.718889087755602e-08,7.718889087755602e-08,1.0,2.1834077210692158e-11,2.1834077210692158e-11,dissipation
Antimony ion,"('ecoinvent-3.12-biosphere', '83cf77ca-867b-4eef-b0f0-78d71b3d91d5')",Sb,7.718889087755602e-08,7.718889087755602e-08,1.0,2.1834077210692158e-11,2.1834077210692158e-11,dissipation
Antimony ion,"('ecoinvent-3.12-biosphere', '183f9856-03ab-464d-9366-8ef62077b510')",Sb,7.718889087755602e-08,7.718889087755602e-08,1.0,2.1834077210692158e-11,2.1834077210692158e-11,dissipation
Antimony ion,"('ecoinvent-3.12-biosphere', '3ea5684a-6d64-4f96-8c09-1d90f997c9d4')",Sb,7.718889087755602e-08,7.718889087755602e-08,1.0,2.1834077210692158e-11,2.1834077210692158e-11,dissipation
Antimony ion,"('ecoinvent-3.12-biosphere', 'fa39136e-1ef6-43c1-af68-104da104568d')",Sb,7.718889087755602e-08,7.718889087755602e-08,1.0,2.1834077210692158e-11,2.1834077210692158e-11,dissipation
Antimony ion,"('ecoinvent-3.12-biosphere', '2b2369a4-26bb-4b18-8479-752fdf7a5e7f')",Sb,7.718889087755602e-08,7.718889087755602e-08,1.0,2.1834077210692158e-11,2.1834077210692158e-11,dissipation
Antimony ion,"('ecoinvent-3.12-biosphere', '43b29ad9-26dd-4838-b931-6216e55a0120')",Sb,7.718889087755602e-08,7.718889087755602e-08,1.0,2.1834077210692158e-11,2.1834077210692158e-11,dissipation
Phosphate,"('ecoinvent-3.12-biosphere', '1727b41d-377e-43cd-bc01-9eaba946eccb')",P,7.62564908487012e-08,7.62564908487012e-08,0.3261416642975224,5.53572191877536e-15,5.53572191877536e-15,dissipation
Phosphate,"('ecoinvent-3.12-biosphere', '3aaf9017-0d8a-42aa-9a60-cbc39e994e73')",P,7.62564908487012e-08,7.62564908487012e-08,0.3261416642975224,5.53572191877536e-15,5.53572191877536e-15,dissipation
Phosphate,"('ecoinvent-3.12-biosphere', 'c8791f3c-3c4a-4278-91c0-483797d14da2')",P,7.62564908487012e-08,7.62564908487012e-08,0.3261416642975224,5.53572191877536e-15,5.53572191877536e-15,dissipation
Phosphate,"('ecoinvent-3.12-biosphere', '490b267b-f429-4d9a-ac79-224e37fb4d58')",P,7.62564908487012e-08,7.62564908487012e-08,0.3261416642975224,5.53572191877536e-15,5.53572191877536e-15,dissipation
Phosphate,"('ecoinvent-3.12-biosphere', '329fc7d8-4011-4327-84e4-34ff76f0e42d')",P,7.62564908487012e-08,7.62564908487012e-08,0.3261416642975224,5.53572191877536e-15,5.53572191877536e-15,dissipation
Antimony ion,"('ecoinvent-3.12-biosphere', '77927dac-dea3-429d-a434-d5a71d92c4f7')",Sb,6.312166779780628e-08,6.312166779780628e-08,1.0,2.1834077210692158e-11,2.1834077210692158e-11,dissipation
Antimony ion,"('ecoinvent-3.12-biosphere', 'b2dc8668-86de-4207-b20e-dc81dea63c98')",Sb,6.312166779780628e-08,6.312166779780628e-08,1.0,2.1834077210692158e-11,2.1834077210692158e-11,dissipation
Antimony ion,"('ecoinvent-3.12-biosphere', 'f4cf8d5c-f030-4b55-a3af-e3c20b855ee8')",Sb,6.312166779780628e-08,6.312166779780628e-08,1.0,2.1834077210692158e-11,2.1834077210692158e-11,dissipation
Antimony ion,"('ecoinvent-3.12-biosphere', 'c49fb4cd-eed0-4438-9052-9612473cdbae')",Sb,6.312166779780628e-08,6.312166779780628e-08,1.0,2.1834077210692158e-11,2.1834077210692158e-11,dissipation
Antimony ion,"('ecoinvent-3.12-biosphere', '5df5cb9f-812c-4ce8-ab1c-df6ab4d31900')",Sb,6.312166779780628e-08,6.312166779780628e-08,1.0,2.1834077210692158e-11,2.1834077210692158e-11,dissipation
Antimony ion,"('ecoinvent-3.12-biosphere', '7805afa2-d93b-40bb-b841-325b98aec824')",Sb,6.312166779780628e-08,6.312166779780628e-08,1.0,2.1834077210692158e-11,2.1834077210692158e-11,dissipation
Antimony ion,"('ecoinvent-3.12-biosphere', '34b96163-a3df-4bc1-8224-e2a9fe01b23f')",Sb,6.312166779780628e-08,6.312166779780628e-08,1.0,2.1834077210692158e-11,2.1834077210692158e-11,dissipation
Antimony ion,"('ecoinvent-3.12-biosphere', '83cf77ca-867b-4eef-b0f0-78d71b3d91d5')",Sb,6.312166779780628e-08,6.312166779780628e-08,1.0,2.1834077210692158e-11,2.1834077210692158e-11,dissipation
Antimony ion,"('ecoinvent-3.12-biosphere', '183f9856-03ab-464d-9366-8ef62077b510')",Sb,6.312166779780628e-08,6.312166779780628e-08,1.0,2.1834077210692158e-11,2.1834077210692158e-11,dissipation
Antimony ion,"('ecoinvent-3.12-biosphere', '3ea5684a-6d64-4f96-8c09-1d90f997c9d4')",Sb,6.312166779780628e-08,6.312166779780628e-08,1.0,2.1834077210692158e-11,2.1834077210692158e-11,dissipation
Antimony ion,"('ecoinvent-3.12-biosphere', 'fa39136e-1ef6-43c1-af68-104da104568d')",Sb,6.312166779780628e-08,6.312166779780628e-08,1.0,2.1834077210692158e-11,2.1834077210692158e-11,dissipation
Antimony ion,"('ecoinvent-3.12-biosphere', '2b2369a4-26bb-4b18-8479-752fdf7a5e7f')",Sb,6.312166779780628e-08,6.312166779780628e-08,1.0,2.1834077210692158e-11,2.1834077210692158e-11,dissipation
Antimony ion,"('ecoinvent-3.12-biosphere', '43b29ad9-26dd-4838-b931-6216e55a0120')",Sb,6.312166779780628e-08,6.312166779780628e-08,1.0,2.1834077210692158e-11,2.1834077210692158e-11,dissipation
Aluminium III,"('ecoinvent-3.12-biosphere', '0ace7678-a181-48e8-8728-d912a8b56c57')",Al,4.4442262118912076e-08,4.4442262118912076e-08,1.0,6.422536676269254e-14,6.422536676269254e-14,dissipation
Aluminium III,"('ecoinvent-3.12-biosphere', '2e0c9efa-d55c-49db-8be3-0376d5921ff4')",Al,4.4442262118912076e-08,4.4442262118912076e-08,1.0,6.422536676269254e-14,6.422536676269254e-14,dissipation
Aluminium III,"('ecoinvent-3.12-biosphere', '9c3bd678-1b2f-4b95-a245-d5c8a3fe326b')",Al,4.4442262118912076e-08,4.4442262118912076e-08,1.0,6.422536676269254e-14,6.422536676269254e-14,dissipation
Aluminium III,"('ecoinvent-3.12-biosphere', 'e0401210-0377-4670-84af-12247ca20bed')",Al,4.4442262118912076e-08,4.4442262118912076e-08,1.0,6.422536676269254e-14,6.422536676269254e-14,dissipation
Aluminium III,"('ecoinvent-3.12-biosphere', '765546a9-b056-4d27-ad14-2f016511bdcb')",Al,4.4442262118912076e-08,4.4442262118912076e-08,1.0,6.422536676269254e-14,6.422536676269254e-14,dissipation
Aluminium III,"('ecoinvent-3.12-biosphere', '7880e65c-0321-4295-ba55-3186ad36e489')",Al,4.4442262118912076e-08,4.4442262118912076e-08,1.0,6.422536676269254e-14,6.422536676269254e-14,dissipation
Aluminium III,"('ecoinvent-3.12-biosphere', '6f0b8b7c-3888-4174-b7e3-916d42d678ee')",Al,4.4442262118912076e-08,4.4442262118912076e-08,1.0,6.422536676269254e-14,6.422536676269254e-14,dissipation
Aluminium III,"('ecoinvent-3.12-biosphere', '2baa4381-b781-4f5e-90de-508b0fa3fd1f')",Al,4.4442262118912076e-08,4.4442262118912076e-08,1.0,6.422536676269254e-14,6.422536676269254e-14,dissipation
Aluminium III,"('ecoinvent-3.12-biosphere', '01056d4b-f9b0-4dfc-b8d9-8407c8376efb')",Al,4.4442262118912076e-08,4.4442262118912076e-08,1.0,6.422536676269254e-14,6.422536676269254e-14,dissipation
Aluminium III,"('ecoinvent-3.12-biosphere', '46e63323-cffd-4c46-829b-5f006b50fa9b')",Al,4.4442262118912076e-08,4.4442262118912076e-08,1.0,6.422536676269254e-14,6.422536676269254e-14,dissipation
Aluminium III,"('ecoinvent-3.12-biosphere', '39555a26-d28b-425f-993f-e8770ab7d9cf')",Al,4.4442262118912076e-08,4.4442262118912076e-08,1.0,6.422536676269254e-14,6.422536676269254e-14,dissipation
Aluminium III,"('ecoinvent-3.12-biosphere', '97e498ec-f323-4ec6-bcc0-d8a4c853bae3')",Al,4.4442262118912076e-08,4.4442262118912076e-08,1.0,6.422536676269254e-14,6.422536676269254e-14,dissipation
Aluminium III,"('ecoinvent-3.12-biosphere', 'ff65658c-2d39-44a2-b23e-7ec3c644f064')",Al,4.4442262118912076e-08,4.4442262118912076e-08,1.0,6.422536676269254e-14,6.422536676269254e-14,dissipation
Molybdenum VI,"('ecoinvent-3.12-biosphere', '640e30d2-3158-4a1a-82ef-fd0c72922c9a')",Mo,3.135967427522025e-08,3.135967427522025e-08,1.0,1.6532043483883647e-13,1.6532043483883647e-13,dissipation
Molybdenum VI,"('ecoinvent-3.12-biosphere', 'c26d4716-ce1e-43da-a662-cd9498b1e8bc')",Mo,3.135967427522025e-08,3.135967427522025e-08,1.0,1.6532043483883647e-13,1.6532043483883647e-13,dissipation
Molybdenum VI,"('ecoinvent-3.12-biosphere', '3822809c-cc03-469d-ac2a-9f85842f8440')",Mo,3.135967427522025e-08,3.135967427522025e-08,1.0,1.6532043483883647e-13,1.6532043483883647e-13,dissipation
Molybdenum VI,"('ecoinvent-3.12-biosphere', '7d3f7498-3596-478a-9fa1-72201ef94082')",Mo,3.135967427522025e-08,3.135967427522025e-08,1.0,1.6532043483883647e-13,1.6532043483883647e-13,dissipation
Molybdenum VI,"('ecoinvent-3.12-biosphere', '442511cc-a98b-4242-9229-5736cb9a9399')",Mo,3.135967427522025e-08,3.135967427522025e-08,1.0,1.6532043483883647e-13,1.6532043483883647e-13,dissipation
Molybdenum VI,"('ecoinvent-3.12-biosphere', 'c126f8a0-6bc4-42e6-9220-d6ccfef3f2ed')",Mo,3.135967427522025e-08,3.135967427522025e-08,1.0,1.6532043483883647e-13,1.6532043483883647e-13,dissipation
Molybdenum VI,"('ecoinvent-3.12-biosphere', '1f3c2297-d652-468d-82e8-4fd59bf5b5b8')",Mo,3.135967427522025e-08,3.135967427522025e-08,1.0,1.6532043483883647e-13,1.6532043483883647e-13,dissipation
Molybdenum VI,"('ecoinvent-3.12-biosphere', 'fdaaef05-0d10-4032-b2e7-85cae3c7bd5c')",Mo,3.135967427522025e-08,3.135967427522025e-08,1.0,1.6532043483883647e-13,1.6532043483883647e-13,dissipation
Molybdenum VI,"('ecoinvent-3.12-biosphere', '35b4d818-1019-413b-b99d-d351d8a67ac4')",Mo,3.135967427522025e-08,3.135967427522025e-08,1.0,1.6532043483883647e-13,1.6532043483883647e-13,dissipation
Molybdenum VI,"('ecoinvent-3.12-biosphere', '163926e2-b4cc-42bb-ba7d-401028140985')",Mo,3.135967427522025e-08,3.135967427522025e-08,1.0,1.6532043483883647e-13,1.6532043483883647e-13,dissipation
Molybdenum VI,"('ecoinvent-3.12-biosphere', '9cf3a683-ed3d-40e9-b039-7653e4fc9e20')",Mo,3.135967427522025e-08,3.135967427522025e-08,1.0,1.6532043483883647e-13,1.6532043483883647e-13,dissipation
Molybdenum VI,"('ecoinvent-3.12-biosphere', '8b531ec0-ca7a-49cd-bef0-56f110112f34')",Mo,3.135967427522025e-08,3.135967427522025e-08,1.0,1.6532043483883647e-13,1.6532043483883647e-13,dissipation
Molybdenum VI,"('ecoinvent-3.12-biosphere', '5fa36ce3-aed0-443b-a09d-4cdf25b41995')",Mo,3.135967427522025e-08,3.135967427522025e-08,1.0,1.6532043483883647e-13,1.6532043483883647e-13,dissipation
Antimony ion,"('ecoinvent-3.12-biosphere', '77927dac-dea3-429d-a434-d5a71d92c4f7')",Sb,2.9715567046917155e-08,2.9715567046917155e-08,1.0,2.1834077210692158e-11,2.1834077210692158e-11,dissipation
Antimony ion,"('ecoinvent-3.12-biosphere', 'b2dc8668-86de-4207-b20e-dc81dea63c98')",Sb,2.9715567046917155e-08,2.9715567046917155e-08,1.0,2.1834077210692158e-11,2.1834077210692158e-11,dissipation
Antimony ion,"('ecoinvent-3.12-biosphere', 'f4cf8d5c-f030-4b55-a3af-e3c20b855ee8')",Sb,2.9715567046917155e-08,2.9715567046917155e-08,1.0,2.1834077210692158e-11,2.1834077210692158e-11,dissipation
Antimony ion,"('ecoinvent-3.12-biosphere', 'c49fb4cd-eed0-4438-9052-9612473cdbae')",Sb,2.9715567046917155e-08,2.9715567046917155e-08,1.0,2.1834077210692158e-11,2.1834077210692158e-11,dissipation
Antimony ion,"('ecoinvent-3.12-biosphere', '5df5cb9f-812c-4ce8-ab1c-df6ab4d31900')",Sb,2.9715567046917155e-08,2.9715567046917155e-08,1.0,2.1834077210692158e-11,2.1834077210692158e-11,dissipation
Antimony ion,"('ecoinvent-3.12-biosphere', '7805afa2-d93b-40bb-b841-325b98aec824')",Sb,2.9715567046917155e-08,2.9715567046917155e-08,1.0,2.1834077210692158e-11,2.1834077210692158e-11,dissipation
Antimony ion,"('ecoinvent-3.12-biosphere', '34b96163-a3df-4bc1-8224-e2a9fe01b23f')",Sb,2.9715567046917155e-08,2.9715567046917155e-08,1.0,2.1834077210692158e-11,2.1834077210692158e-11,dissipation
Antimony ion,"('ecoinvent-3.12-biosphere', '83cf77ca-867b-4eef-b0f0-78d71b3d91d5')",Sb,2.9715567046917155e-08,2.9715567046917155e-08,1.0,2.1834077210692158e-11,2.1834077210692158e-11,dissipation
Antimony ion,"('ecoinvent-3.12-biosphere', '183f9856-03ab-464d-9366-8ef62077b510')",Sb,2.9715567046917155e-08,2.9715567046917155e-08,1.0,2.1834077210692158e-11,2.1834077210692158e-11,dissipation
Antimony ion,"('ecoinvent-3.12-biosphere', '3ea5684a-6d64-4f96-8c09-1d90f997c9d4')",Sb,2.9715567046917155e-08,2.9715567046917155e-08,1.0,2.1834077210692158e-11,2.1834077210692158e-11,dissipation
Antimony ion,"('ecoinvent-3.12-biosphere', 'fa39136e-1ef6-43c1-af68-104da104568d')",Sb,2.9715567046917155e-08,2.9715567046917155e-08,1.0,2.1834077210692158e-11,2.1834077210692158e-11,dissipation
Antimony ion,"('ecoinvent-3.12-biosphere', '2b2369a4-26bb-4b18-8479-752fdf7a5e7f')",Sb,2.9715567046917155e-08,2.9715567046917155e-08,1.0,2.1834077210692158e-11,2.1834077210692158e-11,dissipation
Antimony ion,"('ecoinvent-3.12-biosphere', '43b29ad9-26dd-4838-b931-6216e55a0120')",Sb,2.9715567046917155e-08,2.9715567046917155e-08,1.0,2.1834077210692158e-11,2.1834077210692158e-11,dissipation
Aluminium III,"('ecoinvent-3.12-biosphere', '0ace7678-a181-48e8-8728-d912a8b56c57')",Al,2.5571364500010472e-08,2.5571364500010472e-08,1.0,6.422536676269254e-14,6.422536676269254e-14,dissipation
Aluminium III,"('ecoinvent-3.12-biosphere', '2e0c9efa-d55c-49db-8be3-0376d5921ff4')",Al,2.5571364500010472e-08,2.5571364500010472e-08,1.0,6.422536676269254e-14,6.422536676269254e-14,dissipation
Aluminium III,"('ecoinvent-3.12-biosphere', '9c3bd678-1b2f-4b95-a245-d5c8a3fe326b')",Al,2.5571364500010472e-08,2.5571364500010472e-08,1.0,6.422536676269254e-14,6.422536676269254e-14,dissipation
Aluminium III,"('ecoinvent-3.12-biosphere', 'e0401210-0377-4670-84af-12247ca20bed')",Al,2.5571364500010472e-08,2.5571364500010472e-08,1.0,6.422536676269254e-14,6.422536676269254e-14,dissipation
Aluminium III,"('ecoinvent-3.12-biosphere', '765546a9-b056-4d27-ad14-2f016511bdcb')",Al,2.5571364500010472e-08,2.5571364500010472e-08,1.0,6.422536676269254e-14,6.422536676269254e-14,dissipation
Aluminium III,"('ecoinvent-3.12-biosphere', '7880e65c-0321-4295-ba55-3186ad36e489')",Al,2.5571364500010472e-08,2.5571364500010472e-08,1.0,6.422536676269254e-14,6.422536676269254e-14,dissipation
Aluminium III,"('ecoinvent-3.12-biosphere', '6f0b8b7c-3888-4174-b7e3-916d42d678ee')",Al,2.5571364500010472e-08,2.5571364500010472e-08,1.0,6.422536676269254e-14,6.422536676269254e-14,dissipation
Aluminium III,"('ecoinvent-3.12-biosphere', '2baa4381-b781-4f5e-90de-508b0fa3fd1f')",Al,2.5571364500010472e-08,2.5571364500010472e-08,1.0,6.422536676269254e-14,6.422536676269254e-14,dissipation
Aluminium III,"('ecoinvent-3.12-biosphere', '01056d4b-f9b0-4dfc-b8d9-8407c8376efb')",Al,2.5571364500010472e-08,2.5571364500010472e-08,1.0,6.422536676269254e-14,6.422536676269254e-14,dissipation
Aluminium III,"('ecoinvent-3.12-biosphere', '46e63323-cffd-4c46-829b-5f006b50fa9b')",Al,2.5571364500010472e-08,2.5571364500010472e-08,1.0,6.422536676269254e-14,6.422536676269254e-14,dissipation
Aluminium III,"('ecoinvent-3.12-biosphere', '39555a26-d28b-425f-993f-e8770ab7d9cf')",Al,2.5571364500010472e-08,2.5571364500010472e-08,1.0,6.422536676269254e-14,6.422536676269254e-14,dissipation
Aluminium III,"('ecoinvent-3.12-biosphere', '97e498ec-f323-4ec6-bcc0-d8a4c853bae3')",Al,2.5571364500010472e-08,2.5571364500010472e-08,1.0,6.422536676269254e-14,6.422536676269254e-14,dissipation
Aluminium III,"('ecoinvent-3.12-biosphere', 'ff65658c-2d39-44a2-b23e-7ec3c644f064')",Al,2.5571364500010472e-08,2.5571364500010472e-08,1.0,6.422536676269254e-14,6.422536676269254e-14,dissipation
Tin ion,"('ecoinvent-3.12-biosphere', '3ddb2e36-bc1b-43a5-8ef4-cbcdbeeeea70')",Sn,2.2819279612866464e-08,2.2819279612866464e-08,1.0,1.3268575464212294e-13,1.3268575464212294e-13,dissipation
Tin ion,"('ecoinvent-3.12-biosphere', '2a992e5e-9f16-47b8-8bcb-733d00bed658')",Sn,2.2819279612866464e-08,2.2819279612866464e-08,1.0,1.3268575464212294e-13,1.3268575464212294e-13,dissipation
Tin ion,"('ecoinvent-3.12-biosphere', '60a6702f-20ad-444f-a6df-f6374f1e3183')",Sn,2.2819279612866464e-08,2.2819279612866464e-08,1.0,1.3268575464212294e-13,1.3268575464212294e-13,dissipation
Tin ion,"('ecoinvent-3.12-biosphere', '19b6e569-85a4-4ea9-a590-d61a21e3c846')",Sn,2.2819279612866464e-08,2.2819279612866464e-08,1.0,1.3268575464212294e-13,1.3268575464212294e-13,dissipation
Tin ion,"('ecoinvent-3.12-biosphere', '85a764f2-a810-4b20-bc86-a45604262fda')",Sn,2.2819279612866464e-08,2.2819279612866464e-08,1.0,1.3268575464212294e-13,1.3268575464212294e-13,dissipation
Tin ion,"('ecoinvent-3.12-biosphere', '2a7b68ff-f12a-44c6-8b31-71ec91d29889')",Sn,2.2819279612866464e-08,2.2819279612866464e-08,1.0,1.3268575464212294e-13,1.3268575464212294e-13,dissipation
Tin ion,"('ecoinvent-3.12-biosphere', 'e070bd24-fd16-4963-8f4d-78bb4c402400')",Sn,2.2819279612866464e-08,2.2819279612866464e-08,1.0,1.3268575464212294e-13,1.3268575464212294e-13,dissipation
Tin ion,"('ecoinvent-3.12-biosphere', '8a422b03-1055-4bc8-b439-27bf8d7eef57')",Sn,2.2819279612866464e-08,2.2819279612866464e-08,1.0,1.3268575464212294e-13,1.3268575464212294e-13,dissipation
Tin ion,"('ecoinvent-3.12-biosphere', 'f563b90e-a300-4403-b278-d2fdcd73e5a7')",Sn,2.2819279612866464e-08,2.2819279612866464e-08,1.0,1.3268575464212294e-13,1.3268575464212294e-13,dissipation
Tin ion,"('ecoinvent-3.12-biosphere', 'd5c40848-fc29-47fa-90a4-46db64a45a4e')",Sn,2.2819279612866464e-08,2.2819279612866464e-08,1.0,1.3268575464212294e-13,1.3268575464212294e-13,dissipation
Tin ion,"('ecoinvent-3.12-biosphere', 'f73177d8-5e57-4f0d-ba34-6889cfdfed40')",Sn,2.2819279612866464e-08,2.2819279612866464e-08,1.0,1.3268575464212294e-13,1.3268575464212294e-13,dissipation
Tin ion,"('ecoinvent-3.12-biosphere', '168c970b-91c9-4427-a3a0-6686ad6cc2c4')",Sn,2.2819279612866464e-08,2.2819279612866464e-08,1.0,1.3268575464212294e-13,1.3268575464212294e-13,dissipation
Tin ion,"('ecoinvent-3.12-biosphere', 'c67e3ba8-ddce-4931-b4b0-f4f9a56ccf40')",Sn,2.2819279612866464e-08,2.2819279612866464e-08,1.0,1.3268575464212294e-13,1.3268575464212294e-13,dissipation
Aluminium III,"('ecoinvent-3.12-biosphere', '0ace7678-a181-48e8-8728-d912a8b56c57')",Al,1.4072621483976954e-08,1.4072621483976954e-08,1.0,6.422536676269254e-14,6.422536676269254e-14,dissipation
Aluminium III,"('ecoinvent-3.12-biosphere', '2e0c9efa-d55c-49db-8be3-0376d5921ff4')",Al,1.4072621483976954e-08,1.4072621483976954e-08,1.0,6.422536676269254e-14,6.422536676269254e-14,dissipation
Aluminium III,"('ecoinvent-3.12-biosphere', '9c3bd678-1b2f-4b95-a245-d5c8a3fe326b')",Al,1.4072621483976954e-08,1.4072621483976954e-08,1.0,6.422536676269254e-14,6.422536676269254e-14,dissipation
Aluminium III,"('ecoinvent-3.12-biosphere', 'e0401210-0377-4670-84af-12247ca20bed')",Al,1.4072621483976954e-08,1.4072621483976954e-08,1.0,6.422536676269254e-14,6.422536676269254e-14,dissipation
Aluminium III,"('ecoinvent-3.12-biosphere', '765546a9-b056-4d27-ad14-2f016511bdcb')",Al,1.4072621483976954e-08,1.4072621483976954e-08,1.0,6.422536676269254e-14,6.422536676269254e-14,dissipation
Aluminium III,"('ecoinvent-3.12-biosphere', '7880e65c-0321-4295-ba55-3186ad36e489')",Al,1.4072621483976954e-08,1.4072621483976954e-08,1.0,6.422536676269254e-14,6.422536676269254e-14,dissipation
Aluminium III,"('ecoinvent-3.12-biosphere', '6f0b8b7c-3888-4174-b7e3-916d42d678ee')",Al,1.4072621483976954e-08,1.4072621483976954e-08,1.0,6.422536676269254e-14,6.422536676269254e-14,dissipation
Aluminium III,"('ecoinvent-3.12-biosphere', '2baa4381-b781-4f5e-90de-508b0fa3fd1f')",Al,1.4072621483976954e-08,1.4072621483976954e-08,1.0,6.422536676269254e-14,6.422536676269254e-14,dissipation
Aluminium III,"('ecoinvent-3.12-biosphere', '01056d4b-f9b0-4dfc-b8d9-8407c8376efb')",Al,1.4072621483976954e-08,1.4072621483976954e-08,1.0,6.422536676269254e-14,6.422536676269254e-14,dissipation
Aluminium III,"('ecoinvent-3.12-biosphere', '46e63323-cffd-4c46-829b-5f006b50fa9b')",Al,1.4072621483976954e-08,1.4072621483976954e-08,1.0,6.422536676269254e-14,6.422536676269254e-14,dissipation
Aluminium III,"('ecoinvent-3.12-biosphere', '39555a26-d28b-425f-993f-e8770ab7d9cf')",Al,1.4072621483976954e-08,1.4072621483976954e-08,1.0,6.422536676269254e-14,6.422536676269254e-14,dissipation
Aluminium III,"('ecoinvent-3.12-biosphere', '97e498ec-f323-4ec6-bcc0-d8a4c853bae3')",Al,1.4072621483976954e-08,1.4072621483976954e-08,1.0,6.422536676269254e-14,6.422536676269254e-14,dissipation
Aluminium III,"('ecoinvent-3.12-biosphere', 'ff65658c-2d39-44a2-b23e-7ec3c644f064')",Al,1.4072621483976954e-08,1.4072621483976954e-08,1.0,6.422536676269254e-14,6.422536676269254e-14,dissipation
Iron ion,"('ecoinvent-3.12-biosphere', 'ce567bdc-76ec-4ca0-be79-8bb796e448b3')",Fe,1.3492773120727288e-08,1.3492773120727288e-08,1.0,9.645225823667623e-15,9.645225823667623e-15,dissipation
Iron ion,"('ecoinvent-3.12-biosphere', '32cd0492-c0cb-4898-a2b1-675eedc5b688')",Fe,1.3492773120727288e-08,1.3492773120727288e-08,1.0,9.645225823667623e-15,9.645225823667623e-15,dissipation
Iron ion,"('ecoinvent-3.12-biosphere', '76152de4-9499-48f7-af98-a5d41842484a')",Fe,1.3492773120727288e-08,1.3492773120727288e-08,1.0,9.645225823667623e-15,9.645225823667623e-15,dissipation
Iron ion,"('ecoinvent-3.12-biosphere', 'db364689-e1a3-4629-8835-e6c59d6daf09')",Fe,1.3492773120727288e-08,1.3492773120727288e-08,1.0,9.645225823667623e-15,9.645225823667623e-15,dissipation
Iron ion,"('ecoinvent-3.12-biosphere', 'de444dc0-5964-4501-8367-50ba53bfc6b9')",Fe,1.3492773120727288e-08,1.3492773120727288e-08,1.0,9.645225823667623e-15,9.645225823667623e-15,dissipation
Iron ion,"('ecoinvent-3.12-biosphere', '33fd8342-58e7-45c9-ad92-0951c002c403')",Fe,1.3492773120727288e-08,1.3492773120727288e-08,1.0,9.645225823667623e-15,9.645225823667623e-15,dissipation
Iron ion,"('ecoinvent-3.12-biosphere', 'e8bd2edd-f937-49f6-9e8b-9f445278775e')",Fe,1.3492773120727288e-08,1.3492773120727288e-08,1.0,9.645225823667623e-15,9.645225823667623e-15,dissipation
Iron ion,"('ecoinvent-3.12-biosphere', '98693cdf-d9fc-43ed-bfe6-78dfe5742d33')",Fe,1.3492773120727288e-08,1.3492773120727288e-08,1.0,9.645225823667623e-15,9.645225823667623e-15,dissipation
Iron ion,"('ecoinvent-3.12-biosphere', '8dba66e2-0f2e-4038-84ef-1e40b4f573a6')",Fe,1.3492773120727288e-08,1.3492773120727288e-08,1.0,9.645225823667623e-15,9.645225823667623e-15,dissipation
Iron ion,"('ecoinvent-3.12-biosphere', '2c9a7182-37c8-4777-a37a-9a007c3edb2f')",Fe,1.3492773120727288e-08,1.3492773120727288e-08,1.0,9.645225823667623e-15,9.645225823667623e-15,dissipation
Iron ion,"('ecoinvent-3.12-biosphere', '7c335b9c-a403-47a8-bb6d-2e7d3c3a230e')",Fe,1.3492773120727288e-08,1.3492773120727288e-08,1.0,9.645225823667623e-15,9.645225823667623e-15,dissipation
Iron ion,"('ecoinvent-3.12-biosphere', 'c983ad54-12e9-47a5-b747-5e5c448e58e2')",Fe,1.3492773120727288e-08,1.3492773120727288e-08,1.0,9.645225823667623e-15,9.645225823667623e-15,dissipation
Iron ion,"('ecoinvent-3.12-biosphere', '9b6d6f07-ebc6-447d-a3c0-f2017d77d852')",Fe,1.3492773120727288e-08,1.3492773120727288e-08,1.0,9.645225823667623e-15,9.645225823667623e-15,dissipation
Iron ion,"('ecoinvent-3.12-biosphere', 'ce567bdc-76ec-4ca0-be79-8bb796e448b3')",Fe,1.3328044310424322e-08,1.3328044310424322e-08,1.0,9.645225823667623e-15,9.645225823667623e-15,dissipation
Iron ion,"('ecoinvent-3.12-biosphere', '32cd0492-c0cb-4898-a2b1-675eedc5b688')",Fe,1.3328044310424322e-08,1.3328044310424322e-08,1.0,9.645225823667623e-15,9.645225823667623e-15,dissipation
Iron ion,"('ecoinvent-3.12-biosphere', '76152de4-9499-48f7-af98-a5d41842484a')",Fe,1.3328044310424322e-08,1.3328044310424322e-08,1.0,9.645225823667623e-15,9.645225823667623e-15,dissipation
Iron ion,"('ecoinvent-3.12-biosphere', 'db364689-e1a3-4629-8835-e6c59d6daf09')",Fe,1.3328044310424322e-08,1.3328044310424322e-08,1.0,9.645225823667623e-15,9.645225823667623e-15,dissipation
Iron ion,"('ecoinvent-3.12-biosphere', 'de444dc0-5964-4501-8367-50ba53bfc6b9')",Fe,1.3328044310424322e-08,1.3328044310424322e-08,1.0,9.645225823667623e-15,9.645225823667623e-15,dissipation
Iron ion,"('ecoinvent-3.12-biosphere', '33fd8342-58e7-45c9-ad92-0951c002c403')",Fe,1.3328044310424322e-08,1.3328044310424322e-08,1.0,9.645225823667623e-15,9.645225823667623e-15,dissipation
Iron ion,"('ecoinvent-3.12-biosphere', 'e8bd2edd-f937-49f6-9e8b-9f445278775e')",Fe,1.3328044310424322e-08,1.3328044310424322e-08,1.0,9.645225823667623e-15,9.645225823667623e-15,dissipation
Iron ion,"('ecoinvent-3.12-biosphere', '98693cdf-d9fc-43ed-bfe6-78dfe5742d33')",Fe,1.3328044310424322e-08,1.3328044310424322e-08,1.0,9.645225823667623e-15,9.645225823667623e-15,dissipation
Iron ion,"('ecoinvent-3.12-biosphere', '8dba66e2-0f2e-4038-84ef-1e40b4f573a6')",Fe,1.3328044310424322e-08,1.3328044310424322e-08,1.0,9.645225823667623e-15,9.645225823667623e-15,dissipation
Iron ion,"('ecoinvent-3.12-biosphere', '2c9a7182-37c8-4777-a37a-9a007c3edb2f')",Fe,1.3328044310424322e-08,1.3328044310424322e-08,1.0,9.645225823667623e-15,9.645225823667623e-15,dissipation
Iron ion,"('ecoinvent-3.12-biosphere', '7c335b9c-a403-47a8-bb6d-2e7d3c3a230e')",Fe,1.3328044310424322e-08,1.3328044310424322e-08,1.0,9.645225823667623e-15,9.645225823667623e-15,dissipation
Iron ion,"('ecoinvent-3.12-biosphere', 'c983ad54-12e9-47a5-b747-5e5c448e58e2')",Fe,1.3328044310424322e-08,1.3328044310424322e-08,1.0,9.645225823667623e-15,9.645225823667623e-15,dissipation
Iron ion,"('ecoinvent-3.12-biosphere', '9b6d6f07-ebc6-447d-a3c0-f2017d77d852')",Fe,1.3328044310424322e-08,1.3328044310424322e-08,1.0,9.645225823667623e-15,9.645225823667623e-15,dissipation
Manganese II,"('ecoinvent-3.12-biosphere', '835d0907-a668-4d92-b6b6-7b56fa343713')",Mn,1.2480765151228537e-08,1.2480765151228537e-08,1.0,6.485008032108113e-14,6.485008032108113e-14,dissipation
Manganese II,"('ecoinvent-3.12-biosphere', 'b0546417-3064-4878-bd6f-2da75cefdf63')",Mn,1.2480765151228537e-08,1.2480765151228537e-08,1.0,6.485008032108113e-14,6.485008032108113e-14,dissipation
Manganese II,"('ecoinvent-3.12-biosphere', 'f532985c-90b7-46fc-aac9-b039b40e22f1')",Mn,1.2480765151228537e-08,1.2480765151228537e-08,1.0,6.485008032108113e-14,6.485008032108113e-14,dissipation
Manganese II,"('ecoinvent-3.12-biosphere', '2460f868-54a9-404c-bec8-c809a44ae72c')",Mn,1.2480765151228537e-08,1.2480765151228537e-08,1.0,6.485008032108113e-14,6.485008032108113e-14,dissipation
Manganese II,"('ecoinvent-3.12-biosphere', 'c91fd4bf-ed70-4e2f-a34f-159773f981b6')",Mn,1.2480765151228537e-08,1.2480765151228537e-08,1.0,6.485008032108113e-14,6.485008032108113e-14,dissipation
Manganese II,"('ecoinvent-3.12-biosphere', '295060ba-3c3d-45e4-99ca-e17b1204b553')",Mn,1.2480765151228537e-08,1.2480765151228537e-08,1.0,6.485008032108113e-14,6.485008032108113e-14,dissipation
Manganese II,"('ecoinvent-3.12-biosphere', '0af26a55-d357-469f-abad-8ced785cb4fb')",Mn,1.2480765151228537e-08,1.2480765151228537e-08,1.0,6.485008032108113e-14,6.485008032108113e-14,dissipation
Manganese II,"('ecoinvent-3.12-biosphere', '10cbd2f7-c41b-4bb4-b636-d8fc15cf0282')",Mn,1.2480765151228537e-08,1.2480765151228537e-08,1.0,6.485008032108113e-14,6.485008032108113e-14,dissipation
Manganese II,"('ecoinvent-3.12-biosphere', '9ba8c05d-1593-45a5-8d3b-5c4f3e9fef32')",Mn,1.2480765151228537e-08,1.2480765151228537e-08,1.0,6.485008032108113e-14,6.485008032108113e-14,dissipation
Manganese II,"('ecoinvent-3.12-biosphere', '009a49e8-09a7-4432-9cb9-f2dd18e8f922')",Mn,1.2480765151228537e-08,1.2480765151228537e-08,1.0,6.485008032108113e-14,6.485008032108113e-14,dissipation
Manganese II,"('ecoinvent-3.12-biosphere', '9c706cff-cb82-4207-a589-95896e04dc08')",Mn,1.2480765151228537e-08,1.2480765151228537e-08,1.0,6.485008032108113e-14,6.485008032108113e-14,dissipation
Manganese II,"('ecoinvent-3.12-biosphere', '44f28e11-061d-44fd-8f25-dc62a9f1fa57')",Mn,1.2480765151228537e-08,1.2480765151228537e-08,1.0,6.485008032108113e-14,6.485008032108113e-14,dissipation
Manganese II,"('ecoinvent-3.12-biosphere', '6b7fbea6-4a86-40f9-954d-3c9b3611abfd')",Mn,1.2480765151228537e-08,1.2480765151228537e-08,1.0,6.485008032108113e-14,6.485008032108113e-14,dissipation
Aluminium III,"('ecoinvent-3.12-biosphere', '0ace7678-a181-48e8-8728-d912a8b56c57')",Al,1.2073379794376342e-08,1.2073379794376342e-08,1.0,6.422536676269254e-14,6.422536676269254e-14,dissipation
Aluminium III,"('ecoinvent-3.12-biosphere', '2e0c9efa-d55c-49db-8be3-0376d5921ff4')",Al,1.2073379794376342e-08,1.2073379794376342e-08,1.0,6.422536676269254e-14,6.422536676269254e-14,dissipation
Aluminium III,"('ecoinvent-3.12-biosphere', '9c3bd678-1b2f-4b95-a245-d5c8a3fe326b')",Al,1.2073379794376342e-08,1.2073379794376342e-08,1.0,6.422536676269254e-14,6.422536676269254e-14,dissipation
Aluminium III,"('ecoinvent-3.12-biosphere', 'e0401210-0377-4670-84af-12247ca20bed')",Al,1.2073379794376342e-08,1.2073379794376342e-08,1.0,6.422536676269254e-14,6.422536676269254e-14,dissipation
Aluminium III,"('ecoinvent-3.12-biosphere', '765546a9-b056-4d27-ad14-2f016511bdcb')",Al,1.2073379794376342e-08,1.2073379794376342e-08,1.0,6.422536676269254e-14,6.422536676269254e-14,dissipation
Aluminium III,"('ecoinvent-3.12-biosphere', '7880e65c-0321-4295-ba55-3186ad36e489')",Al,1.2073379794376342e-08,1.2073379794376342e-08,1.0,6.422536676269254e-14,6.422536676269254e-14,dissipation
Aluminium III,"('ecoinvent-3.12-biosphere', '6f0b8b7c-3888-4174-b7e3-916d42d678ee')",Al,1.2073379794376342e-08,1.2073379794376342e-08,1.0,6.422536676269254e-14,6.422536676269254e-14,dissipation
Aluminium III,"('ecoinvent-3.12-biosphere', '2baa4381-b781-4f5e-90de-508b0fa3fd1f')",Al,1.2073379794376342e-08,1.2073379794376342e-08,1.0,6.422536676269254e-14,6.422536676269254e-14,dissipation
Aluminium III,"('ecoinvent-3.12-biosphere', '01056d4b-f9b0-4dfc-b8d9-8407c8376efb')",Al,1.2073379794376342e-08,1.2073379794376342e-08,1.0,6.422536676269254e-14,6.422536676269254e-14,dissipation
Aluminium III,"('ecoinvent-3.12-biosphere', '46e63323-cffd-4c46-829b-5f006b50fa9b')",Al,1.2073379794376342e-08,1.2073379794376342e-08,1.0,6.422536676269254e-14,6.422536676269254e-14,dissipation
Aluminium III,"('ecoinvent-3.12-biosphere', '39555a26-d28b-425f-993f-e8770ab7d9cf')",Al,1.2073379794376342e-08,1.2073379794376342e-08,1.0,6.422536676269254e-14,6.422536676269254e-14,dissipation
Aluminium III,"('ecoinvent-3.12-biosphere', '97e498ec-f323-4ec6-bcc0-d8a4c853bae3')",Al,1.2073379794376342e-08,1.2073379794376342e-08,1.0,6.422536676269254e-14,6.422536676269254e-14,dissipation
Aluminium III,"('ecoinvent-3.12-biosphere', 'ff65658c-2d39-44a2-b23e-7ec3c644f064')",Al,1.2073379794376342e-08,1.2073379794376342e-08,1.0,6.422536676269254e-14,6.422536676269254e-14,dissipation
Chromium III,"('ecoinvent-3.12-biosphere', 'e34d3da4-a3d5-41be-84b5-458afe32c990')",Cr,1.1323971588695101e-08,1.1323971588695101e-08,1.0,3.1278613038877847e-13,3.1278613038877847e-13,dissipation
Chromium III,"('ecoinvent-3.12-biosphere', '6b29d83a-c43c-484c-8e73-474a8a22d71e')",Cr,1.1323971588695101e-08,1.1323971588695101e-08,1.0,3.1278613038877847e-13,3.1278613038877847e-13,dissipation
Chromium III,"('ecoinvent-3.12-biosphere', 'e142b577-e934-4085-9a07-3983d4d92afb')",Cr,1.1323971588695101e-08,1.1323971588695101e-08,1.0,3.1278613038877847e-13,3.1278613038877847e-13,dissipation
Chromium III,"('ecoinvent-3.12-biosphere', 'd9c23a8d-e7bf-4f70-8d22-b9ad8a653204')",Cr,1.1323971588695101e-08,1.1323971588695101e-08,1.0,3.1278613038877847e-13,3.1278613038877847e-13,dissipation
Chromium III,"('ecoinvent-3.12-biosphere', '2a5ed451-12a2-47db-b4dc-fa0bfbc01d79')",Cr,1.1323971588695101e-08,1.1323971588695101e-08,1.0,3.1278613038877847e-13,3.1278613038877847e-13,dissipation
Chromium III,"('ecoinvent-3.12-biosphere', '7705f0e1-5b14-44f4-b330-1245b5c7fc08')",Cr,1.1323971588695101e-08,1.1323971588695101e-08,1.0,3.1278613038877847e-13,3.1278613038877847e-13,dissipation
Chromium III,"('ecoinvent-3.12-biosphere', 'e65a9c58-21f1-48b6-b738-d05a8f10e5f3')",Cr,1.1323971588695101e-08,1.1323971588695101e-08,1.0,3.1278613038877847e-13,3.1278613038877847e-13,dissipation
Chromium III,"('ecoinvent-3.12-biosphere', '30f484ee-dec4-47ae-8e92-d00d4b93fe05')",Cr,1.1323971588695101e-08,1.1323971588695101e-08,1.0,3.1278613038877847e-13,3.1278613038877847e-13,dissipation
Chromium III,"('ecoinvent-3.12-biosphere', 'e7881581-21b3-4f5c-bd63-6b0684b5e712')",Cr,1.1323971588695101e-08,1.1323971588695101e-08,1.0,3.1278613038877847e-13,3.1278613038877847e-13,dissipation
Chromium III,"('ecoinvent-3.12-biosphere', '1c87de06-e58f-4684-a54c-d29f1a251a87')",Cr,1.1323971588695101e-08,1.1323971588695101e-08,1.0,3.1278613038877847e-13,3.1278613038877847e-13,dissipation
Chromium III,"('ecoinvent-3.12-biosphere', '4d40d8e3-9bc7-4ab1-ac5c-4f4a76fda8e5')",Cr,1.1323971588695101e-08,1.1323971588695101e-08,1.0,3.1278613038877847e-13,3.1278613038877847e-13,dissipation
Chromium III,"('ecoinvent-3.12-biosphere', 'd98f0ec0-bf19-4c90-a457-a8593dec497f')",Cr,1.1323971588695101e-08,1.1323971588695101e-08,1.0,3.1278613038877847e-13,3.1278613038877847e-13,dissipation
Chromium III,"('ecoinvent-3.12-biosphere', '591de726-f2c7-43ba-8e22-15fd08acc8dc')",Cr,1.1323971588695101e-08,1.1323971588695101e-08,1.0,3.1278613038877847e-13,3.1278613038877847e-13,dissipation
Chromium III,"('ecoinvent-3.12-biosphere', 'e0336c9b-a0ff-4ae3-b8bb-ca1e46bbbc11')",Cr,1.1323971588695101e-08,1.1323971588695101e-08,1.0,3.1278613038877847e-13,3.1278613038877847e-13,dissipation
Zinc II,"('ecoinvent-3.12-biosphere', '5ce378a0-b48d-471c-977d-79681521efde')",Zn,1.1118448887433032e-08,1.1118448887433032e-08,1.0,1.0836576745711442e-13,1.0836576745711442e-13,dissipation
Zinc II,"('ecoinvent-3.12-biosphere', '2195d86f-e4c8-4e86-9f18-b5b065b1df7e')",Zn,1.1118448887433032e-08,1.1118448887433032e-08,1.0,1.0836576745711442e-13,1.0836576745711442e-13,dissipation
Zinc II,"('ecoinvent-3.12-biosphere', '8f871bab-96dc-49d9-bf08-12cdd0715901')",Zn,1.1118448887433032e-08,1.1118448887433032e-08,1.0,1.0836576745711442e-13,1.0836576745711442e-13,dissipation
Zinc II,"('ecoinvent-3.12-biosphere', '2c7be02c-791f-4fef-b231-b90321bbeb30')",Zn,1.1118448887433032e-08,1.1118448887433032e-08,1.0,1.0836576745711442e-13,1.0836576745711442e-13,dissipation
Zinc II,"('ecoinvent-3.12-biosphere', 'ada3ecfe-8244-4389-bcce-e83ca4f66e09')",Zn,1.1118448887433032e-08,1.1118448887433032e-08,1.0,1.0836576745711442e-13,1.0836576745711442e-13,dissipation
Zinc II,"('ecoinvent-3.12-biosphere', '87a69874-34f9-4070-a525-aa301ab2634b')",Zn,1.1118448887433032e-08,1.1118448887433032e-08,1.0,1.0836576745711442e-13,1.0836576745711442e-13,dissipation
Zinc II,"('ecoinvent-3.12-biosphere', '8d226423-1351-4366-b09f-d16c9e38683c')",Zn,1.1118448887433032e-08,1.1118448887433032e-08,1.0,1.0836576745711442e-13,1.0836576745711442e-13,dissipation
Zinc II,"('ecoinvent-3.12-biosphere', 'b88999ec-84fd-462d-9dec-7e20a4636a58')",Zn,1.1118448887433032e-08,1.1118448887433032e-08,1.0,1.0836576745711442e-13,1.0836576745711442e-13,dissipation
Zinc II,"('ecoinvent-3.12-biosphere', '84aa799e-9d98-4d34-85e0-516d28ab1be9')",Zn,1.1118448887433032e-08,1.1118448887433032e-08,1.0,1.0836576745711442e-13,1.0836576745711442e-13,dissipation
Zinc II,"('ecoinvent-3.12-biosphere', '541b633c-17a3-4047-bce6-0c0e4fdb7c10')",Zn,1.1118448887433032e-08,1.1118448887433032e-08,1.0,1.0836576745711442e-13,1.0836576745711442e-13,dissipation
Zinc II,"('ecoinvent-3.12-biosphere', '748f22a9-eba4-4726-bef5-92c7442ce189')",Zn,1.1118448887433032e-08,1.1118448887433032e-08,1.0,1.0836576745711442e-13,1.0836576745711442e-13,dissipation
Zinc II,"('ecoinvent-3.12-biosphere', 'bdce3a7c-e008-4391-be26-285f71a02453')",Zn,1.1118448887433032e-08,1.1118448887433032e-08,1.0,1.0836576745711442e-13,1.0836576745711442e-13,dissipation
Zinc II,"('ecoinvent-3.12-biosphere', '7e769b3e-03fb-4b53-be15-85a910dcfea9')",Zn,1.1118448887433032e-08,1.1118448887433032e-08,1.0,1.0836576745711442e-13,1.0836576745711442e-13,dissipation
Zinc II,"('ecoinvent-3.12-biosphere', '77887584-ddca-4920-952c-3609730e0c13')",Zn,1.1118448887433032e-08,1.1118448887433032e-08,1.0,1.0836576745711442e-13,1.0836576745711442e-13,dissipation
Phosphorus,"('ecoinvent-3.12-biosphere', 'b6e2f7f4-6b2e-4b3e-be1f-67626cb8205d')",P,1.0125820712660575e-08,1.0125820712660575e-08,1.0,1.6973366253890836e-14,1.6973366253890836e-14,dissipation
Phosphorus,"('ecoinvent-3.12-biosphere', 'd761f94e-517d-41cf-89fa-17dc72f7a69b')",P,1.0125820712660575e-08,1.0125820712660575e-08,1.0,1.6973366253890836e-14,1.6973366253890836e-14,dissipation
Phosphorus,"('ecoinvent-3.12-biosphere', '76b09afe-52b9-4ecc-b97a-00b49ad8ed1a')",P,1.0125820712660575e-08,1.0125820712660575e-08,1.0,1.6973366253890836e-14,1.6973366253890836e-14,dissipation
Phosphorus,"('ecoinvent-3.12-biosphere', '8b0a4a41-c65c-4d94-b10c-94ddb98abdd2')",P,1.0125820712660575e-08,1.0125820712660575e-08,1.0,1.6973366253890836e-14,1.6973366253890836e-14,dissipation
Phosphorus,"('ecoinvent-3.12-biosphere', '2d4b8ec1-8d53-4e62-8a11-ebc45909b02e')",P,1.0125820712660575e-08,1.0125820712660575e-08,1.0,1.6973366253890836e-14,1.6973366253890836e-14,dissipation
Phosphorus,"('ecoinvent-3.12-biosphere', 'b1fca66f-8e83-469a-a7b5-018e14d5d545')",P,1.0125820712660575e-08,1.0125820712660575e-08,1.0,1.6973366253890836e-14,1.6973366253890836e-14,dissipation
Phosphorus,"('ecoinvent-3.12-biosphere', 'c89a0749-40a5-4c9c-8770-c4295ea34977')",P,1.0125820712660575e-08,1.0125820712660575e-08,1.0,1.6973366253890836e-14,1.6973366253890836e-14,dissipation
Phosphorus,"('ecoinvent-3.12-biosphere', '62f3d964-9b53-4d01-9ee0-04112dcfc6d2')",P,1.0125820712660575e-08,1.0125820712660575e-08,1.0,1.6973366253890836e-14,1.6973366253890836e-14,dissipation
Phosphorus,"('ecoinvent-3.12-biosphere', 'b2631209-8374-431e-b7d5-56c96c6b6d79')",P,1.0125820712660575e-08,1.0125820712660575e-08,1.0,1.6973366253890836e-14,1.6973366253890836e-14,dissipation
Phosphorus,"('ecoinvent-3.12-biosphere', '198ce8e3-f05a-4bec-9f7f-325347453326')",P,1.0125820712660575e-08,1.0125820712660575e-08,1.0,1.6973366253890836e-14,1.6973366253890836e-14,dissipation
Phosphorus,"('ecoinvent-3.12-biosphere', 'ea4e9316-5080-4b3b-bbf3-1949f6d7577a')",P,1.0125820712660575e-08,1.0125820712660575e-08,1.0,1.6973366253890836e-14,1.6973366253890836e-14,dissipation
Phosphorus,"('ecoinvent-3.12-biosphere', 'e2d35af7-9806-46ff-9b75-b124a48fa5a1')",P,1.0125820712660575e-08,1.0125820712660575e-08,1.0,1.6973366253890836e-14,1.6973366253890836e-14,dissipation
Phosphorus,"('ecoinvent-3.12-biosphere', '2f8952b0-c90c-4e3d-b546-52b862fc8f11')",P,1.0125820712660575e-08,1.0125820712660575e-08,1.0,1.6973366253890836e-14,1.6973366253890836e-14,dissipation
Zinc II,"('ecoinvent-3.12-biosphere', '5ce378a0-b48d-471c-977d-79681521efde')",Zn,9.661868529143861e-09,9.661868529143861e-09,1.0,1.0836576745711442e-13,1.0836576745711442e-13,dissipation
Zinc II,"('ecoinvent-3.12-biosphere', '2195d86f-e4c8-4e86-9f18-b5b065b1df7e')",Zn,9.661868529143861e-09,9.661868529143861e-09,1.0,1.0836576745711442e-13,1.0836576745711442e-13,dissipation
Zinc II,"('ecoinvent-3.12-biosphere', '8f871bab-96dc-49d9-bf08-12cdd0715901')",Zn,9.661868529143861e-09,9.661868529143861e-09,1.0,1.0836576745711442e-13,1.0836576745711442e-13,dissipation
Zinc II,"('ecoinvent-3.12-biosphere', '2c7be02c-791f-4fef-b231-b90321bbeb30')",Zn,9.661868529143861e-09,9.661868529143861e-09,1.0,1.0836576745711442e-13,1.0836576745711442e-13,dissipation
Zinc II,"('ecoinvent-3.12-biosphere', 'ada3ecfe-8244-4389-bcce-e83ca4f66e09')",Zn,9.661868529143861e-09,9.661868529143861e-09,1.0,1.0836576745711442e-13,1.0836576745711442e-13,dissipation
Zinc II,"('ecoinvent-3.12-biosphere', '87a69874-34f9-4070-a525-aa301ab2634b')",Zn,9.661868529143861e-09,9.661868529143861e-09,1.0,1.0836576745711442e-13,1.0836576745711442e-13,dissipation
Zinc II,"('ecoinvent-3.12-biosphere', '8d226423-1351-4366-b09f-d16c9e38683c')",Zn,9.661868529143861e-09,9.661868529143861e-09,1.0,1.0836576745711442e-13,1.0836576745711442e-13,dissipation
Zinc II,"('ecoinvent-3.12-biosphere', 'b88999ec-84fd-462d-9dec-7e20a4636a58')",Zn,9.661868529143861e-09,9.661868529143861e-09,1.0,1.0836576745711442e-13,1.0836576745711442e-13,dissipation
Zinc II,"('ecoinvent-3.12-biosphere', '84aa799e-9d98-4d34-85e0-516d28ab1be9')",Zn,9.661868529143861e-09,9.661868529143861e-09,1.0,1.0836576745711442e-13,1.0836576745711442e-13,dissipation
Zinc II,"('ecoinvent-3.12-biosphere', '541b633c-17a3-4047-bce6-0c0e4fdb7c10')",Zn,9.661868529143861e-09,9.661868529143861e-09,1.0,1.0836576745711442e-13,1.0836576745711442e-13,dissipation
Zinc II,"('ecoinvent-3.12-biosphere', '748f22a9-eba4-4726-bef5-92c7442ce189')",Zn,9.661868529143861e-09,9.661868529143861e-09,1.0,1.0836576745711442e-13,1.0836576745711442e-13,dissipation
Zinc II,"('ecoinvent-3.12-biosphere', 'bdce3a7c-e008-4391-be26-285f71a02453')",Zn,9.661868529143861e-09,9.661868529143861e-09,1.0,1.0836576745711442e-13,1.0836576745711442e-13,dissipation
Zinc II,"('ecoinvent-3.12-biosphere', '7e769b3e-03fb-4b53-be15-85a910dcfea9')",Zn,9.661868529143861e-09,9.661868529143861e-09,1.0,1.0836576745711442e-13,1.0836576745711442e-13,dissipation
Zinc II,"('ecoinvent-3.12-biosphere', '77887584-ddca-4920-952c-3609730e0c13')",Zn,9.661868529143861e-09,9.661868529143861e-09,1.0,1.0836576745711442e-13,1.0836576745711442e-13,dissipation
Lithium I,"('ecoinvent-3.12-biosphere', 'eb2bfdf1-1881-40e8-bebb-d674b2a79149')",Li,8.50862534811245e-09,8.50862534811245e-09,1.0,1.5184934529957733e-13,1.5184934529957733e-13,dissipation
Lithium I,"('ecoinvent-3.12-biosphere', 'e98084d6-88a2-48cf-9ad5-6462fe9cf857')",Li,8.50862534811245e-09,8.50862534811245e-09,1.0,1.5184934529957733e-13,1.5184934529957733e-13,dissipation
Lithium I,"('ecoinvent-3.12-biosphere', '6230c099-a983-4d9d-98a8-a0697962bec3')",Li,8.50862534811245e-09,8.50862534811245e-09,1.0,1.5184934529957733e-13,1.5184934529957733e-13,dissipation
Lithium I,"('ecoinvent-3.12-biosphere', '85466e0f-e5b5-4084-9338-59e317f7cb09')",Li,8.50862534811245e-09,8.50862534811245e-09,1.0,1.5184934529957733e-13,1.5184934529957733e-13,dissipation
Lithium I,"('ecoinvent-3.12-biosphere', 'cf88e72e-13bc-416c-ac41-7d4b24bda86a')",Li,8.50862534811245e-09,8.50862534811245e-09,1.0,1.5184934529957733e-13,1.5184934529957733e-13,dissipation
Lithium I,"('ecoinvent-3.12-biosphere', '4569494e-085e-413a-8fef-63a3c419e0cf')",Li,8.50862534811245e-09,8.50862534811245e-09,1.0,1.5184934529957733e-13,1.5184934529957733e-13,dissipation
Lithium I,"('ecoinvent-3.12-biosphere', 'c44b0e3b-e65e-4276-aa1f-3db768757b66')",Li,8.50862534811245e-09,8.50862534811245e-09,1.0,1.5184934529957733e-13,1.5184934529957733e-13,dissipation
Aluminium III,"('ecoinvent-3.12-biosphere', '0ace7678-a181-48e8-8728-d912a8b56c57')",Al,8.358179850679224e-09,8.358179850679224e-09,1.0,6.422536676269254e-14,6.422536676269254e-14,dissipation
Aluminium III,"('ecoinvent-3.12-biosphere', '2e0c9efa-d55c-49db-8be3-0376d5921ff4')",Al,8.358179850679224e-09,8.358179850679224e-09,1.0,6.422536676269254e-14,6.422536676269254e-14,dissipation
Aluminium III,"('ecoinvent-3.12-biosphere', '9c3bd678-1b2f-4b95-a245-d5c8a3fe326b')",Al,8.358179850679224e-09,8.358179850679224e-09,1.0,6.422536676269254e-14,6.422536676269254e-14,dissipation
Aluminium III,"('ecoinvent-3.12-biosphere', 'e0401210-0377-4670-84af-12247ca20bed')",Al,8.358179850679224e-09,8.358179850679224e-09,1.0,6.422536676269254e-14,6.422536676269254e-14,dissipation
Aluminium III,"('ecoinvent-3.12-biosphere', '765546a9-b056-4d27-ad14-2f016511bdcb')",Al,8.358179850679224e-09,8.358179850679224e-09,1.0,6.422536676269254e-14,6.422536676269254e-14,dissipation
Aluminium III,"('ecoinvent-3.12-biosphere', '7880e65c-0321-4295-ba55-3186ad36e489')",Al,8.358179850679224e-09,8.358179850679224e-09,1.0,6.422536676269254e-14,6.422536676269254e-14,dissipation
Aluminium III,"('ecoinvent-3.12-biosphere', '6f0b8b7c-3888-4174-b7e3-916d42d678ee')",Al,8.358179850679224e-09,8.358179850679224e-09,1.0,6.422536676269254e-14,6.422536676269254e-14,dissipation
Aluminium III,"('ecoinvent-3.12-biosphere', '2baa4381-b781-4f5e-90de-508b0fa3fd1f')",Al,8.358179850679224e-09,8.358179850679224e-09,1.0,6.422536676269254e-14,6.422536676269254e-14,dissipation
Aluminium III,"('ecoinvent-3.12-biosphere', '01056d4b-f9b0-4dfc-b8d9-8407c8376efb')",Al,8.358179850679224e-09,8.358179850679224e-09,1.0,6.422536676269254e-14,6.422536676269254e-14,dissipation
Aluminium III,"('ecoinvent-3.12-biosphere', '46e63323-cffd-4c46-829b-5f006b50fa9b')",Al,8.358179850679224e-09,8.358179850679224e-09,1.0,6.422536676269254e-14,6.422536676269254e-14,dissipation
Aluminium III,"('ecoinvent-3.12-biosphere', '39555a26-d28b-425f-993f-e8770ab7d9cf')",Al,8.358179850679224e-09,8.358179850679224e-09,1.0,6.422536676269254e-14,6.422536676269254e-14,dissipation
Aluminium III,"('ecoinvent-3.12-biosphere', '97e498ec-f323-4ec6-bcc0-d8a4c853bae3')",Al,8.358179850679224e-09,8.358179850679224e-09,1.0,6.422536676269254e-14,6.422536676269254e-14,dissipation
Aluminium III,"('ecoinvent-3.12-biosphere', 'ff65658c-2d39-44a2-b23e-7ec3c644f064')",Al,8.358179850679224e-09,8.358179850679224e-09,1.0,6.422536676269254e-14,6.422536676269254e-14,dissipation
Molybdenum VI,"('ecoinvent-3.12-biosphere', '640e30d2-3158-4a1a-82ef-fd0c72922c9a')",Mo,8.047426040201417e-09,8.047426040201417e-09,1.0,1.6532043483883647e-13,1.6532043483883647e-13,dissipation
Molybdenum VI,"('ecoinvent-3.12-biosphere', 'c26d4716-ce1e-43da-a662-cd9498b1e8bc')",Mo,8.047426040201417e-09,8.047426040201417e-09,1.0,1.6532043483883647e-13,1.6532043483883647e-13,dissipation
Molybdenum VI,"('ecoinvent-3.12-biosphere', '3822809c-cc03-469d-ac2a-9f85842f8440')",Mo,8.047426040201417e-09,8.047426040201417e-09,1.0,1.6532043483883647e-13,1.6532043483883647e-13,dissipation
Molybdenum VI,"('ecoinvent-3.12-biosphere', '7d3f7498-3596-478a-9fa1-72201ef94082')",Mo,8.047426040201417e-09,8.047426040201417e-09,1.0,1.6532043483883647e-13,1.6532043483883647e-13,dissipation
Molybdenum VI,"('ecoinvent-3.12-biosphere', '442511cc-a98b-4242-9229-5736cb9a9399')",Mo,8.047426040201417e-09,8.047426040201417e-09,1.0,1.6532043483883647e-13,1.6532043483883647e-13,dissipation
Molybdenum VI,"('ecoinvent-3.12-biosphere', 'c126f8a0-6bc4-42e6-9220-d6ccfef3f2ed')",Mo,8.047426040201417e-09,8.047426040201417e-09,1.0,1.6532043483883647e-13,1.6532043483883647e-13,dissipation
Molybdenum VI,"('ecoinvent-3.12-biosphere', '1f3c2297-d652-468d-82e8-4fd59bf5b5b8')",Mo,8.047426040201417e-09,8.047426040201417e-09,1.0,1.6532043483883647e-13,1.6532043483883647e-13,dissipation
Molybdenum VI,"('ecoinvent-3.12-biosphere', 'fdaaef05-0d10-4032-b2e7-85cae3c7bd5c')",Mo,8.047426040201417e-09,8.047426040201417e-09,1.0,1.6532043483883647e-13,1.6532043483883647e-13,dissipation
Molybdenum VI,"('ecoinvent-3.12-biosphere', '35b4d818-1019-413b-b99d-d351d8a67ac4')",Mo,8.047426040201417e-09,8.047426040201417e-09,1.0,1.6532043483883647e-13,1.6532043483883647e-13,dissipation
Molybdenum VI,"('ecoinvent-3.12-biosphere', '163926e2-b4cc-42bb-ba7d-401028140985')",Mo,8.047426040201417e-09,8.047426040201417e-09,1.0,1.6532043483883647e-13,1.6532043483883647e-13,dissipation
Molybdenum VI,"('ecoinvent-3.12-biosphere', '9cf3a683-ed3d-40e9-b039-7653e4fc9e20')",Mo,8.047426040201417e-09,8.047426040201417e-09,1.0,1.6532043483883647e-13,1.6532043483883647e-13,dissipation
Molybdenum VI,"('ecoinvent-3.12-biosphere', '8b531ec0-ca7a-49cd-bef0-56f110112f34')",Mo,8.047426040201417e-09,8.047426040201417e-09,1.0,1.6532043483883647e-13,1.6532043483883647e-13,dissipation
Molybdenum VI,"('ecoinvent-3.12-biosphere', '5fa36ce3-aed0-443b-a09d-4cdf25b41995')",Mo,8.047426040201417e-09,8.047426040201417e-09,1.0,1.6532043483883647e-13,1.6532043483883647e-13,dissipation
Aluminium III,"('ecoinvent-3.12-biosphere', '0ace7678-a181-48e8-8728-d912a8b56c57')",Al,7.599900208547222e-09,7.599900208547222e-09,1.0,6.422536676269254e-14,6.422536676269254e-14,dissipation
Aluminium III,"('ecoinvent-3.12-biosphere', '2e0c9efa-d55c-49db-8be3-0376d5921ff4')",Al,7.599900208547222e-09,7.599900208547222e-09,1.0,6.422536676269254e-14,6.422536676269254e-14,dissipation
Aluminium III,"('ecoinvent-3.12-biosphere', '9c3bd678-1b2f-4b95-a245-d5c8a3fe326b')",Al,7.599900208547222e-09,7.599900208547222e-09,1.0,6.422536676269254e-14,6.422536676269254e-14,dissipation
Aluminium III,"('ecoinvent-3.12-biosphere', 'e0401210-0377-4670-84af-12247ca20bed')",Al,7.599900208547222e-09,7.599900208547222e-09,1.0,6.422536676269254e-14,6.422536676269254e-14,dissipation
Aluminium III,"('ecoinvent-3.12-biosphere', '765546a9-b056-4d27-ad14-2f016511bdcb')",Al,7.599900208547222e-09,7.599900208547222e-09,1.0,6.422536676269254e-14,6.422536676269254e-14,dissipation
Aluminium III,"('ecoinvent-3.12-biosphere', '7880e65c-0321-4295-ba55-3186ad36e489')",Al,7.599900208547222e-09,7.599900208547222e-09,1.0,6.422536676269254e-14,6.422536676269254e-14,dissipation
Aluminium III,"('ecoinvent-3.12-biosphere', '6f0b8b7c-3888-4174-b7e3-916d42d678ee')",Al,7.599900208547222e-09,7.599900208547222e-09,1.0,6.422536676269254e-14,6.422536676269254e-14,dissipation
Aluminium III,"('ecoinvent-3.12-biosphere', '2baa4381-b781-4f5e-90de-508b0fa3fd1f')",Al,7.599900208547222e-09,7.599900208547222e-09,1.0,6.422536676269254e-14,6.422536676269254e-14,dissipation
Aluminium III,"('ecoinvent-3.12-biosphere', '01056d4b-f9b0-4dfc-b8d9-8407c8376efb')",Al,7.599900208547222e-09,7.599900208547222e-09,1.0,6.422536676269254e-14,6.422536676269254e-14,dissipation
Aluminium III,"('ecoinvent-3.12-biosphere', '46e63323-cffd-4c46-829b-5f006b50fa9b')",Al,7.599900208547222e-09,7.599900208547222e-09,1.0,6.422536676269254e-14,6.422536676269254e-14,dissipation
Aluminium III,"('ecoinvent-3.12-biosphere', '39555a26-d28b-425f-993f-e8770ab7d9cf')",Al,7.599900208547222e-09,7.599900208547222e-09,1.0,6.422536676269254e-14,6.422536676269254e-14,dissipation
Aluminium III,"('ecoinvent-3.12-biosphere', '97e498ec-f323-4ec6-bcc0-d8a4c853bae3')",Al,7.599900208547222e-09,7.599900208547222e-09,1.0,6.422536676269254e-14,6.422536676269254e-14,dissipation
Aluminium III,"('ecoinvent-3.12-biosphere', 'ff65658c-2d39-44a2-b23e-7ec3c644f064')",Al,7.599900208547222e-09,7.599900208547222e-09,1.0,6.422536676269254e-14,6.422536676269254e-14,dissipation
Silver I,"('ecoinvent-3.12-biosphere', 'af9793ba-25a1-4928-a14a-4bcf7d5bd3f7')",Ag,6.8434591334731386e-09,6.8434591334731386e-09,1.0,1.5701960660375504e-13,1.5701960660375504e-13,dissipation
Silver I,"('ecoinvent-3.12-biosphere', 'c6462d84-caa9-425a-a923-45238690c6f3')",Ag,6.8434591334731386e-09,6.8434591334731386e-09,1.0,1.5701960660375504e-13,1.5701960660375504e-13,dissipation
Silver I,"('ecoinvent-3.12-biosphere', '7da45a0b-0dcf-413c-8de0-44d8ebca9e6e')",Ag,6.8434591334731386e-09,6.8434591334731386e-09,1.0,1.5701960660375504e-13,1.5701960660375504e-13,dissipation
Silver I,"('ecoinvent-3.12-biosphere', '94426df9-63b1-4dc6-ad1b-3509e22f1154')",Ag,6.8434591334731386e-09,6.8434591334731386e-09,1.0,1.5701960660375504e-13,1.5701960660375504e-13,dissipation
Silver I,"('ecoinvent-3.12-biosphere', '0ed1b1a1-e56d-4860-bac7-d76a39bde930')",Ag,6.8434591334731386e-09,6.8434591334731386e-09,1.0,1.5701960660375504e-13,1.5701960660375504e-13,dissipation
Silver I,"('ecoinvent-3.12-biosphere', 'fce0b9ae-53c8-4ab0-9e7a-7f5c2ed2c856')",Ag,6.8434591334731386e-09,6.8434591334731386e-09,1.0,1.5701960660375504e-13,1.5701960660375504e-13,dissipation
Silver I,"('ecoinvent-3.12-biosphere', '16316600-f12a-410b-8726-3faee64de60a')",Ag,6.8434591334731386e-09,6.8434591334731386e-09,1.0,1.5701960660375504e-13,1.5701960660375504e-13,dissipation
Silver I,"('ecoinvent-3.12-biosphere', '48dbf4b1-0b2a-4bf5-a190-2d7fc465bda4')",Ag,6.8434591334731386e-09,6.8434591334731386e-09,1.0,1.5701960660375504e-13,1.5701960660375504e-13,dissipation
Silver I,"('ecoinvent-3.12-biosphere', '6aa8673f-f7e3-4270-93dc-e97b745fced7')",Ag,6.8434591334731386e-09,6.8434591334731386e-09,1.0,1.5701960660375504e-13,1.5701960660375504e-13,dissipation
Silver I,"('ecoinvent-3.12-biosphere', '21c257b2-57ce-4a6e-b4bd-40f0f75f310f')",Ag,6.8434591334731386e-09,6.8434591334731386e-09,1.0,1.5701960660375504e-13,1.5701960660375504e-13,dissipation
Silver I,"('ecoinvent-3.12-biosphere', '35df5fe0-c90d-43b4-a35a-3d97022114d2')",Ag,6.8434591334731386e-09,6.8434591334731386e-09,1.0,1.5701960660375504e-13,1.5701960660375504e-13,dissipation
Silver I,"('ecoinvent-3.12-biosphere', 'ebb88ef4-50ab-4e3b-9251-c5fcdf6b4768')",Ag,6.8434591334731386e-09,6.8434591334731386e-09,1.0,1.5701960660375504e-13,1.5701960660375504e-13,dissipation
Silver I,"('ecoinvent-3.12-biosphere', '71cfe87c-ab80-421e-adba-afb7d5bd0861')",Ag,6.8434591334731386e-09,6.8434591334731386e-09,1.0,1.5701960660375504e-13,1.5701960660375504e-13,dissipation
Lead II,"('ecoinvent-3.12-biosphere', '31c4d160-b21e-41b3-b9c1-3d7a72377653')",Pb,6.615308635227675e-09,6.615308635227675e-09,1.0,1.1855254708054448e-13,1.1855254708054448e-13,dissipation
Lead II,"('ecoinvent-3.12-biosphere', '67652827-017f-4856-8d0a-c97bac4c6562')",Pb,6.615308635227675e-09,6.615308635227675e-09,1.0,1.1855254708054448e-13,1.1855254708054448e-13,dissipation
Lead II,"('ecoinvent-3.12-biosphere', '8e123669-94d3-41d8-9480-a79211fe7c43')",Pb,6.615308635227675e-09,6.615308635227675e-09,1.0,1.1855254708054448e-13,1.1855254708054448e-13,dissipation
Lead II,"('ecoinvent-3.12-biosphere', '2718482b-8399-442e-b89a-52fbcc22d2e6')",Pb,6.615308635227675e-09,6.615308635227675e-09,1.0,1.1855254708054448e-13,1.1855254708054448e-13,dissipation
Lead II,"('ecoinvent-3.12-biosphere', 'fe4613d7-1ed8-427d-9b06-c8e8f4f5e1b1')",Pb,6.615308635227675e-09,6.615308635227675e-09,1.0,1.1855254708054448e-13,1.1855254708054448e-13,dissipation
Lead II,"('ecoinvent-3.12-biosphere', 'c864aa15-0abc-41ad-9889-348106e485d8')",Pb,6.615308635227675e-09,6.615308635227675e-09,1.0,1.1855254708054448e-13,1.1855254708054448e-13,dissipation
Lead II,"('ecoinvent-3.12-biosphere', 'b3ebdcc3-c588-4997-95d2-9785b26b34e1')",Pb,6.615308635227675e-09,6.615308635227675e-09,1.0,1.1855254708054448e-13,1.1855254708054448e-13,dissipation
Lead II,"('ecoinvent-3.12-biosphere', '739234c8-5359-48b4-983f-9cb170d68c8d')",Pb,6.615308635227675e-09,6.615308635227675e-09,1.0,1.1855254708054448e-13,1.1855254708054448e-13,dissipation
Lead II,"('ecoinvent-3.12-biosphere', '9ee7f4ab-b826-47ae-8623-e138f944b42e')",Pb,6.615308635227675e-09,6.615308635227675e-09,1.0,1.1855254708054448e-13,1.1855254708054448e-13,dissipation
Lead II,"('ecoinvent-3.12-biosphere', '6a903634-c97f-4c49-a7c0-88f0e6ac7a23')",Pb,6.615308635227675e-09,6.615308635227675e-09,1.0,1.1855254708054448e-13,1.1855254708054448e-13,dissipation
Lead II,"('ecoinvent-3.12-biosphere', '4010918f-7fd0-4925-8fbb-8fd7a44a806c')",Pb,6.615308635227675e-09,6.615308635227675e-09,1.0,1.1855254708054448e-13,1.1855254708054448e-13,dissipation
Lead II,"('ecoinvent-3.12-biosphere', 'e9e856c2-868e-435e-8425-8df1c9297cfc')",Pb,6.615308635227675e-09,6.615308635227675e-09,1.0,1.1855254708054448e-13,1.1855254708054448e-13,dissipation
Lead II,"('ecoinvent-3.12-biosphere', '837083ce-41cd-49f3-a849-d79564dac238')",Pb,6.615308635227675e-09,6.615308635227675e-09,1.0,1.1855254708054448e-13,1.1855254708054448e-13,dissipation
Lead II,"('ecoinvent-3.12-biosphere', '0ff15165-d761-48c9-9814-2d1dcdd56857')",Pb,6.615308635227675e-09,6.615308635227675e-09,1.0,1.1855254708054448e-13,1.1855254708054448e-13,dissipation
Lithium I,"('ecoinvent-3.12-biosphere', 'eb2bfdf1-1881-40e8-bebb-d674b2a79149')",Li,6.155017030065711e-09,6.155017030065711e-09,1.0,1.5184934529957733e-13,1.5184934529957733e-13,dissipation
Lithium I,"('ecoinvent-3.12-biosphere', 'e98084d6-88a2-48cf-9ad5-6462fe9cf857')",Li,6.155017030065711e-09,6.155017030065711e-09,1.0,1.5184934529957733e-13,1.5184934529957733e-13,dissipation
Lithium I,"('ecoinvent-3.12-biosphere', '6230c099-a983-4d9d-98a8-a0697962bec3')",Li,6.155017030065711e-09,6.155017030065711e-09,1.0,1.5184934529957733e-13,1.5184934529957733e-13,dissipation
Lithium I,"('ecoinvent-3.12-biosphere', '85466e0f-e5b5-4084-9338-59e317f7cb09')",Li,6.155017030065711e-09,6.155017030065711e-09,1.0,1.5184934529957733e-13,1.5184934529957733e-13,dissipation
Lithium I,"('ecoinvent-3.12-biosphere', 'cf88e72e-13bc-416c-ac41-7d4b24bda86a')",Li,6.155017030065711e-09,6.155017030065711e-09,1.0,1.5184934529957733e-13,1.5184934529957733e-13,dissipation
Lithium I,"('ecoinvent-3.12-biosphere', '4569494e-085e-413a-8fef-63a3c419e0cf')",Li,6.155017030065711e-09,6.155017030065711e-09,1.0,1.5184934529957733e-13,1.5184934529957733e-13,dissipation
Lithium I,"('ecoinvent-3.12-biosphere', 'c44b0e3b-e65e-4276-aa1f-3db768757b66')",Li,6.155017030065711e-09,6.155017030065711e-09,1.0,1.5184934529957733e-13,1.5184934529957733e-13,dissipation
Chromium VI,"('ecoinvent-3.12-biosphere', 'ef475b50-9cd0-4e7c-9c59-07868fe16e91')",Cr,5.4519621599212706e-09,5.4519621599212706e-09,1.0,3.1278613038877847e-13,3.1278613038877847e-13,dissipation
Chromium VI,"('ecoinvent-3.12-biosphere', 'c2e854f9-fe22-4fe7-9083-cf6d0a8c7254')",Cr,5.4519621599212706e-09,5.4519621599212706e-09,1.0,3.1278613038877847e-13,3.1278613038877847e-13,dissipation
Chromium VI,"('ecoinvent-3.12-biosphere', '01285299-c683-4e15-b654-201987a7a738')",Cr,5.4519621599212706e-09,5.4519621599212706e-09,1.0,3.1278613038877847e-13,3.1278613038877847e-13,dissipation
Chromium VI,"('ecoinvent-3.12-biosphere', '68ba2022-830e-45fb-8c85-b35e94754ae9')",Cr,5.4519621599212706e-09,5.4519621599212706e-09,1.0,3.1278613038877847e-13,3.1278613038877847e-13,dissipation
Chromium VI,"('ecoinvent-3.12-biosphere', '81e17d9a-3e0b-414e-9b2e-eca7e5b3bd4a')",Cr,5.4519621599212706e-09,5.4519621599212706e-09,1.0,3.1278613038877847e-13,3.1278613038877847e-13,dissipation
Chromium VI,"('ecoinvent-3.12-biosphere', '8ec83662-7c2b-4452-8acf-95a0bb94233c')",Cr,5.4519621599212706e-09,5.4519621599212706e-09,1.0,3.1278613038877847e-13,3.1278613038877847e-13,dissipation
Chromium VI,"('ecoinvent-3.12-biosphere', '8216fc31-15a1-4d33-858f-e09650b14c63')",Cr,5.4519621599212706e-09,5.4519621599212706e-09,1.0,3.1278613038877847e-13,3.1278613038877847e-13,dissipation
Chromium VI,"('ecoinvent-3.12-biosphere', '81b3321a-c9d8-4104-a974-5460f1bc5029')",Cr,5.4519621599212706e-09,5.4519621599212706e-09,1.0,3.1278613038877847e-13,3.1278613038877847e-13,dissipation
Chromium VI,"('ecoinvent-3.12-biosphere', '03b279a7-4626-4703-a451-d0650599dbd9')",Cr,5.4519621599212706e-09,5.4519621599212706e-09,1.0,3.1278613038877847e-13,3.1278613038877847e-13,dissipation
Chromium VI,"('ecoinvent-3.12-biosphere', 'a9ec0c9b-982a-4329-99ae-dab1f9fb62d3')",Cr,5.4519621599212706e-09,5.4519621599212706e-09,1.0,3.1278613038877847e-13,3.1278613038877847e-13,dissipation
Chromium VI,"('ecoinvent-3.12-biosphere', '58060894-19d9-4855-84d8-58935a5325f8')",Cr,5.4519621599212706e-09,5.4519621599212706e-09,1.0,3.1278613038877847e-13,3.1278613038877847e-13,dissipation
Chromium VI,"('ecoinvent-3.12-biosphere', '7a59e8d5-cd11-4ee7-b1ca-30979d2b0b3a')",Cr,5.4519621599212706e-09,5.4519621599212706e-09,1.0,3.1278613038877847e-13,3.1278613038877847e-13,dissipation
Chromium VI,"('ecoinvent-3.12-biosphere', '9bbae55a-35de-4eff-a219-814a9fec5ac2')",Cr,5.4519621599212706e-09,5.4519621599212706e-09,1.0,3.1278613038877847e-13,3.1278613038877847e-13,dissipation
Nickel II,"('ecoinvent-3.12-biosphere', '5de1943f-b011-45a0-97d4-ed15eea6a382')",Ni,4.351460761594878e-09,4.351460761594878e-09,1.0,9.066741688482605e-14,9.066741688482605e-14,dissipation
Nickel II,"('ecoinvent-3.12-biosphere', 'c89873de-cd23-4323-a948-f5cfeebd2fc9')",Ni,4.351460761594878e-09,4.351460761594878e-09,1.0,9.066741688482605e-14,9.066741688482605e-14,dissipation
Nickel II,"('ecoinvent-3.12-biosphere', '23cb10a4-6228-4ce4-9fb5-7043bc31faec')",Ni,4.351460761594878e-09,4.351460761594878e-09,1.0,9.066741688482605e-14,9.066741688482605e-14,dissipation
Nickel II,"('ecoinvent-3.12-biosphere', '0545c382-2312-43b6-9ec3-63dbb1438565')",Ni,4.351460761594878e-09,4.351460761594878e-09,1.0,9.066741688482605e-14,9.066741688482605e-14,dissipation
Nickel II,"('ecoinvent-3.12-biosphere', '6ec6cdaa-5a01-46d4-b716-1905e56690ea')",Ni,4.351460761594878e-09,4.351460761594878e-09,1.0,9.066741688482605e-14,9.066741688482605e-14,dissipation
Nickel II,"('ecoinvent-3.12-biosphere', '9798359e-a3ee-4362-a038-23a188582c6e')",Ni,4.351460761594878e-09,4.351460761594878e-09,1.0,9.066741688482605e-14,9.066741688482605e-14,dissipation
Nickel II,"('ecoinvent-3.12-biosphere', 'e43a270f-4f88-4789-a0b8-7aba56677743')",Ni,4.351460761594878e-09,4.351460761594878e-09,1.0,9.066741688482605e-14,9.066741688482605e-14,dissipation
Nickel II,"('ecoinvent-3.12-biosphere', '2bcad3b3-5305-481c-a166-ad5e6eac2675')",Ni,4.351460761594878e-09,4.351460761594878e-09,1.0,9.066741688482605e-14,9.066741688482605e-14,dissipation
Nickel II,"('ecoinvent-3.12-biosphere', 'a5506f4b-113f-4713-95c3-c819dde6e48b')",Ni,4.351460761594878e-09,4.351460761594878e-09,1.0,9.066741688482605e-14,9.066741688482605e-14,dissipation
Nickel II,"('ecoinvent-3.12-biosphere', '9f69cb8e-51fe-447b-a1ac-4da74de8ebe4')",Ni,4.351460761594878e-09,4.351460761594878e-09,1.0,9.066741688482605e-14,9.066741688482605e-14,dissipation
Nickel II,"('ecoinvent-3.12-biosphere', 'b4580545-243d-48d2-a3a0-2633a4f46fb1')",Ni,4.351460761594878e-09,4.351460761594878e-09,1.0,9.066741688482605e-14,9.066741688482605e-14,dissipation
Nickel II,"('ecoinvent-3.12-biosphere', 'e8fc62ba-678e-4706-97d2-b79d83e227d5')",Ni,4.351460761594878e-09,4.351460761594878e-09,1.0,9.066741688482605e-14,9.066741688482605e-14,dissipation
Nickel II,"('ecoinvent-3.12-biosphere', 'a72a45ee-395a-4d25-b893-9d183e43e76e')",Ni,4.351460761594878e-09,4.351460761594878e-09,1.0,9.066741688482605e-14,9.066741688482605e-14,dissipation
Nickel II,"('ecoinvent-3.12-biosphere', '56815b4f-6138-4e0b-9fac-c94fd6b102b3')",Ni,4.351460761594878e-09,4.351460761594878e-09,1.0,9.066741688482605e-14,9.066741688482605e-14,dissipation
Iron ion,"('ecoinvent-3.12-biosphere', 'ce567bdc-76ec-4ca0-be79-8bb796e448b3')",Fe,4.1837101252849954e-09,4.1837101252849954e-09,1.0,9.645225823667623e-15,9.645225823667623e-15,dissipation
Iron ion,"('ecoinvent-3.12-biosphere', '32cd0492-c0cb-4898-a2b1-675eedc5b688')",Fe,4.1837101252849954e-09,4.1837101252849954e-09,1.0,9.645225823667623e-15,9.645225823667623e-15,dissipation
Iron ion,"('ecoinvent-3.12-biosphere', '76152de4-9499-48f7-af98-a5d41842484a')",Fe,4.1837101252849954e-09,4.1837101252849954e-09,1.0,9.645225823667623e-15,9.645225823667623e-15,dissipation
Iron ion,"('ecoinvent-3.12-biosphere', 'db364689-e1a3-4629-8835-e6c59d6daf09')",Fe,4.1837101252849954e-09,4.1837101252849954e-09,1.0,9.645225823667623e-15,9.645225823667623e-15,dissipation
Iron ion,"('ecoinvent-3.12-biosphere', 'de444dc0-5964-4501-8367-50ba53bfc6b9')",Fe,4.1837101252849954e-09,4.1837101252849954e-09,1.0,9.645225823667623e-15,9.645225823667623e-15,dissipation
Iron ion,"('ecoinvent-3.12-biosphere', '33fd8342-58e7-45c9-ad92-0951c002c403')",Fe,4.1837101252849954e-09,4.1837101252849954e-09,1.0,9.645225823667623e-15,9.645225823667623e-15,dissipation
Iron ion,"('ecoinvent-3.12-biosphere', 'e8bd2edd-f937-49f6-9e8b-9f445278775e')",Fe,4.1837101252849954e-09,4.1837101252849954e-09,1.0,9.645225823667623e-15,9.645225823667623e-15,dissipation
Iron ion,"('ecoinvent-3.12-biosphere', '98693cdf-d9fc-43ed-bfe6-78dfe5742d33')",Fe,4.1837101252849954e-09,4.1837101252849954e-09,1.0,9.645225823667623e-15,9.645225823667623e-15,dissipation
Iron ion,"('ecoinvent-3.12-biosphere', '8dba66e2-0f2e-4038-84ef-1e40b4f573a6')",Fe,4.1837101252849954e-09,4.1837101252849954e-09,1.0,9.645225823667623e-15,9.645225823667623e-15,dissipation
Iron ion,"('ecoinvent-3.12-biosphere', '2c9a7182-37c8-4777-a37a-9a007c3edb2f')",Fe,4.1837101252849954e-09,4.1837101252849954e-09,1.0,9.645225823667623e-15,9.645225823667623e-15,dissipation
Iron ion,"('ecoinvent-3.12-biosphere', '7c335b9c-a403-47a8-bb6d-2e7d3c3a230e')",Fe,4.1837101252849954e-09,4.1837101252849954e-09,1.0,9.645225823667623e-15,9.645225823667623e-15,dissipation
Iron ion,"('ecoinvent-3.12-biosphere', 'c983ad54-12e9-47a5-b747-5e5c448e58e2')",Fe,4.1837101252849954e-09,4.1837101252849954e-09,1.0,9.645225823667623e-15,9.645225823667623e-15,dissipation
Iron ion,"('ecoinvent-3.12-biosphere', '9b6d6f07-ebc6-447d-a3c0-f2017d77d852')",Fe,4.1837101252849954e-09,4.1837101252849954e-09,1.0,9.645225823667623e-15,9.645225823667623e-15,dissipation
Cobalt II,"('ecoinvent-3.12-biosphere', '1e904267-caa3-40e6-a3a0-fc104489770b')",Co,3.7270022940545905e-09,3.7270022940545905e-09,1.0,1.9447495148453946e-12,1.9447495148453946e-12,dissipation
Cobalt II,"('ecoinvent-3.12-biosphere', 'd4291dd5-dae8-47fa-bf06-466fcecbc210')",Co,3.7270022940545905e-09,3.7270022940545905e-09,1.0,1.9447495148453946e-12,1.9447495148453946e-12,dissipation
Cobalt II,"('ecoinvent-3.12-biosphere', '381a22c9-3722-4378-810d-86958f7b6d32')",Co,3.7270022940545905e-09,3.7270022940545905e-09,1.0,1.9447495148453946e-12,1.9447495148453946e-12,dissipation
Cobalt II,"('ecoinvent-3.12-biosphere', '74eb3f02-09ec-46ce-8ee8-d67d0900136b')",Co,3.7270022940545905e-09,3.7270022940545905e-09,1.0,1.9447495148453946e-12,1.9447495148453946e-12,dissipation
Cobalt II,"('ecoinvent-3.12-biosphere', '33627701-feca-434d-a192-674a450eaaf7')",Co,3.7270022940545905e-09,3.7270022940545905e-09,1.0,1.9447495148453946e-12,1.9447495148453946e-12,dissipation
Cobalt II,"('ecoinvent-3.12-biosphere', 'f0e28a62-ddf9-4c93-af81-676a58c3f2d4')",Co,3.7270022940545905e-09,3.7270022940545905e-09,1.0,1.9447495148453946e-12,1.9447495148453946e-12,dissipation
Cobalt II,"('ecoinvent-3.12-biosphere', 'ca04300a-8338-4601-ba7c-66c10a4f6322')",Co,3.7270022940545905e-09,3.7270022940545905e-09,1.0,1.9447495148453946e-12,1.9447495148453946e-12,dissipation
Cobalt II,"('ecoinvent-3.12-biosphere', 'c58d25ad-30d2-4fac-a857-1fa6f67afe8a')",Co,3.7270022940545905e-09,3.7270022940545905e-09,1.0,1.9447495148453946e-12,1.9447495148453946e-12,dissipation
Cobalt II,"('ecoinvent-3.12-biosphere', 'f0d1c319-249f-4a89-b0e7-3a5a90a54036')",Co,3.7270022940545905e-09,3.7270022940545905e-09,1.0,1.9447495148453946e-12,1.9447495148453946e-12,dissipation
Cobalt II,"('ecoinvent-3.12-biosphere', 'b10faa87-2c1d-4f6e-aa65-9f80b376939a')",Co,3.7270022940545905e-09,3.7270022940545905e-09,1.0,1.9447495148453946e-12,1.9447495148453946e-12,dissipation
Cobalt II,"('ecoinvent-3.12-biosphere', 'caf066cf-40ce-47a8-ba4c-969fcd6019c7')",Co,3.7270022940545905e-09,3.7270022940545905e-09,1.0,1.9447495148453946e-12,1.9447495148453946e-12,dissipation
Cobalt II,"('ecoinvent-3.12-biosphere', '12051b95-831a-49c0-9a70-fbc0e8fb9af9')",Co,3.7270022940545905e-09,3.7270022940545905e-09,1.0,1.9447495148453946e-12,1.9447495148453946e-12,dissipation
Cobalt II,"('ecoinvent-3.12-biosphere', '9542444c-7c7a-48e2-bc9c-9c7c34fb7b3e')",Co,3.7270022940545905e-09,3.7270022940545905e-09,1.0,1.9447495148453946e-12,1.9447495148453946e-12,dissipation
Chromium III,"('ecoinvent-3.12-biosphere', 'e34d3da4-a3d5-41be-84b5-458afe32c990')",Cr,3.7224671004204218e-09,3.7224671004204218e-09,1.0,3.1278613038877847e-13,3.1278613038877847e-13,dissipation
Chromium III,"('ecoinvent-3.12-biosphere', '6b29d83a-c43c-484c-8e73-474a8a22d71e')",Cr,3.7224671004204218e-09,3.7224671004204218e-09,1.0,3.1278613038877847e-13,3.1278613038877847e-13,dissipation
Chromium III,"('ecoinvent-3.12-biosphere', 'e142b577-e934-4085-9a07-3983d4d92afb')",Cr,3.7224671004204218e-09,3.7224671004204218e-09,1.0,3.1278613038877847e-13,3.1278613038877847e-13,dissipation
Chromium III,"('ecoinvent-3.12-biosphere', 'd9c23a8d-e7bf-4f70-8d22-b9ad8a653204')",Cr,3.7224671004204218e-09,3.7224671004204218e-09,1.0,3.1278613038877847e-13,3.1278613038877847e-13,dissipation
Chromium III,"('ecoinvent-3.12-biosphere', '2a5ed451-12a2-47db-b4dc-fa0bfbc01d79')",Cr,3.7224671004204218e-09,3.7224671004204218e-09,1.0,3.1278613038877847e-13,3.1278613038877847e-13,dissipation
Chromium III,"('ecoinvent-3.12-biosphere', '7705f0e1-5b14-44f4-b330-1245b5c7fc08')",Cr,3.7224671004204218e-09,3.7224671004204218e-09,1.0,3.1278613038877847e-13,3.1278613038877847e-13,dissipation
Chromium III,"('ecoinvent-3.12-biosphere', 'e65a9c58-21f1-48b6-b738-d05a8f10e5f3')",Cr,3.7224671004204218e-09,3.7224671004204218e-09,1.0,3.1278613038877847e-13,3.1278613038877847e-13,dissipation
Chromium III,"('ecoinvent-3.12-biosphere', '30f484ee-dec4-47ae-8e92-d00d4b93fe05')",Cr,3.7224671004204218e-09,3.7224671004204218e-09,1.0,3.1278613038877847e-13,3.1278613038877847e-13,dissipation
Chromium III,"('ecoinvent-3.12-biosphere', 'e7881581-21b3-4f5c-bd63-6b0684b5e712')",Cr,3.7224671004204218e-09,3.7224671004204218e-09,1.0,3.1278613038877847e-13,3.1278613038877847e-13,dissipation
Chromium III,"('ecoinvent-3.12-biosphere', '1c87de06-e58f-4684-a54c-d29f1a251a87')",Cr,3.7224671004204218e-09,3.7224671004204218e-09,1.0,3.1278613038877847e-13,3.1278613038877847e-13,dissipation
Chromium III,"('ecoinvent-3.12-biosphere', '4d40d8e3-9bc7-4ab1-ac5c-4f4a76fda8e5')",Cr,3.7224671004204218e-09,3.7224671004204218e-09,1.0,3.1278613038877847e-13,3.1278613038877847e-13,dissipation
Chromium III,"('ecoinvent-3.12-biosphere', 'd98f0ec0-bf19-4c90-a457-a8593dec497f')",Cr,3.7224671004204218e-09,3.7224671004204218e-09,1.0,3.1278613038877847e-13,3.1278613038877847e-13,dissipation
Chromium III,"('ecoinvent-3.12-biosphere', '591de726-f2c7-43ba-8e22-15fd08acc8dc')",Cr,3.7224671004204218e-09,3.7224671004204218e-09,1.0,3.1278613038877847e-13,3.1278613038877847e-13,dissipation
Chromium III,"('ecoinvent-3.12-biosphere', 'e0336c9b-a0ff-4ae3-b8bb-ca1e46bbbc11')",Cr,3.7224671004204218e-09,3.7224671004204218e-09,1.0,3.1278613038877847e-13,3.1278613038877847e-13,dissipation
Zinc II,"('ecoinvent-3.12-biosphere', '5ce378a0-b48d-471c-977d-79681521efde')",Zn,3.3760546347501553e-09,3.3760546347501553e-09,1.0,1.0836576745711442e-13,1.0836576745711442e-13,dissipation
Zinc II,"('ecoinvent-3.12-biosphere', '2195d86f-e4c8-4e86-9f18-b5b065b1df7e')",Zn,3.3760546347501553e-09,3.3760546347501553e-09,1.0,1.0836576745711442e-13,1.0836576745711442e-13,dissipation
Zinc II,"('ecoinvent-3.12-biosphere', '8f871bab-96dc-49d9-bf08-12cdd0715901')",Zn,3.3760546347501553e-09,3.3760546347501553e-09,1.0,1.0836576745711442e-13,1.0836576745711442e-13,dissipation
Zinc II,"('ecoinvent-3.12-biosphere', '2c7be02c-791f-4fef-b231-b90321bbeb30')",Zn,3.3760546347501553e-09,3.3760546347501553e-09,1.0,1.0836576745711442e-13,1.0836576745711442e-13,dissipation
Zinc II,"('ecoinvent-3.12-biosphere', 'ada3ecfe-8244-4389-bcce-e83ca4f66e09')",Zn,3.3760546347501553e-09,3.3760546347501553e-09,1.0,1.0836576745711442e-13,1.0836576745711442e-13,dissipation
Zinc II,"('ecoinvent-3.12-biosphere', '87a69874-34f9-4070-a525-aa301ab2634b')",Zn,3.3760546347501553e-09,3.3760546347501553e-09,1.0,1.0836576745711442e-13,1.0836576745711442e-13,dissipation
Zinc II,"('ecoinvent-3.12-biosphere', '8d226423-1351-4366-b09f-d16c9e38683c')",Zn,3.3760546347501553e-09,3.3760546347501553e-09,1.0,1.0836576745711442e-13,1.0836576745711442e-13,dissipation
Zinc II,"('ecoinvent-3.12-biosphere', 'b88999ec-84fd-462d-9dec-7e20a4636a58')",Zn,3.3760546347501553e-09,3.3760546347501553e-09,1.0,1.0836576745711442e-13,1.0836576745711442e-13,dissipation
Zinc II,"('ecoinvent-3.12-biosphere', '84aa799e-9d98-4d34-85e0-516d28ab1be9')",Zn,3.3760546347501553e-09,3.3760546347501553e-09,1.0,1.0836576745711442e-13,1.0836576745711442e-13,dissipation
Zinc II,"('ecoinvent-3.12-biosphere', '541b633c-17a3-4047-bce6-0c0e4fdb7c10')",Zn,3.3760546347501553e-09,3.3760546347501553e-09,1.0,1.0836576745711442e-13,1.0836576745711442e-13,dissipation
Zinc II,"('ecoinvent-3.12-biosphere', '748f22a9-eba4-4726-bef5-92c7442ce189')",Zn,3.3760546347501553e-09,3.3760546347501553e-09,1.0,1.0836576745711442e-13,1.0836576745711442e-13,dissipation
Zinc II,"('ecoinvent-3.12-biosphere', 'bdce3a7c-e008-4391-be26-285f71a02453')",Zn,3.3760546347501553e-09,3.3760546347501553e-09,1.0,1.0836576745711442e-13,1.0836576745711442e-13,dissipation
Zinc II,"('ecoinvent-3.12-biosphere', '7e769b3e-03fb-4b53-be15-85a910dcfea9')",Zn,3.3760546347501553e-09,3.3760546347501553e-09,1.0,1.0836576745711442e-13,1.0836576745711442e-13,dissipation
Zinc II,"('ecoinvent-3.12-biosphere', '77887584-ddca-4920-952c-3609730e0c13')",Zn,3.3760546347501553e-09,3.3760546347501553e-09,1.0,1.0836576745711442e-13,1.0836576745711442e-13,dissipation
Manganese II,"('ecoinvent-3.12-biosphere', '835d0907-a668-4d92-b6b6-7b56fa343713')",Mn,3.260037108303145e-09,3.260037108303145e-09,1.0,6.485008032108113e-14,6.485008032108113e-14,dissipation
Manganese II,"('ecoinvent-3.12-biosphere', 'b0546417-3064-4878-bd6f-2da75cefdf63')",Mn,3.260037108303145e-09,3.260037108303145e-09,1.0,6.485008032108113e-14,6.485008032108113e-14,dissipation
Manganese II,"('ecoinvent-3.12-biosphere', 'f532985c-90b7-46fc-aac9-b039b40e22f1')",Mn,3.260037108303145e-09,3.260037108303145e-09,1.0,6.485008032108113e-14,6.485008032108113e-14,dissipation
Manganese II,"('ecoinvent-3.12-biosphere', '2460f868-54a9-404c-bec8-c809a44ae72c')",Mn,3.260037108303145e-09,3.260037108303145e-09,1.0,6.485008032108113e-14,6.485008032108113e-14,dissipation
Manganese II,"('ecoinvent-3.12-biosphere', 'c91fd4bf-ed70-4e2f-a34f-159773f981b6')",Mn,3.260037108303145e-09,3.260037108303145e-09,1.0,6.485008032108113e-14,6.485008032108113e-14,dissipation
Manganese II,"('ecoinvent-3.12-biosphere', '295060ba-3c3d-45e4-99ca-e17b1204b553')",Mn,3.260037108303145e-09,3.260037108303145e-09,1.0,6.485008032108113e-14,6.485008032108113e-14,dissipation
Manganese II,"('ecoinvent-3.12-biosphere', '0af26a55-d357-469f-abad-8ced785cb4fb')",Mn,3.260037108303145e-09,3.260037108303145e-09,1.0,6.485008032108113e-14,6.485008032108113e-14,dissipation
Manganese II,"('ecoinvent-3.12-biosphere', '10cbd2f7-c41b-4bb4-b636-d8fc15cf0282')",Mn,3.260037108303145e-09,3.260037108303145e-09,1.0,6.485008032108113e-14,6.485008032108113e-14,dissipation
Manganese II,"('ecoinvent-3.12-biosphere', '9ba8c05d-1593-45a5-8d3b-5c4f3e9fef32')",Mn,3.260037108303145e-09,3.260037108303145e-09,1.0,6.485008032108113e-14,6.485008032108113e-14,dissipation
Manganese II,"('ecoinvent-3.12-biosphere', '009a49e8-09a7-4432-9cb9-f2dd18e8f922')",Mn,3.260037108303145e-09,3.260037108303145e-09,1.0,6.485008032108113e-14,6.485008032108113e-14,dissipation
Manganese II,"('ecoinvent-3.12-biosphere', '9c706cff-cb82-4207-a589-95896e04dc08')",Mn,3.260037108303145e-09,3.260037108303145e-09,1.0,6.485008032108113e-14,6.485008032108113e-14,dissipation
Manganese II,"('ecoinvent-3.12-biosphere', '44f28e11-061d-44fd-8f25-dc62a9f1fa57')",Mn,3.260037108303145e-09,3.260037108303145e-09,1.0,6.485008032108113e-14,6.485008032108113e-14,dissipation
Manganese II,"('ecoinvent-3.12-biosphere', '6b7fbea6-4a86-40f9-954d-3c9b3611abfd')",Mn,3.260037108303145e-09,3.260037108303145e-09,1.0,6.485008032108113e-14,6.485008032108113e-14,dissipation
Zinc II,"('ecoinvent-3.12-biosphere', '5ce378a0-b48d-471c-977d-79681521efde')",Zn,3.1094437989726098e-09,3.1094437989726098e-09,1.0,1.0836576745711442e-13,1.0836576745711442e-13,dissipation
Zinc II,"('ecoinvent-3.12-biosphere', '2195d86f-e4c8-4e86-9f18-b5b065b1df7e')",Zn,3.1094437989726098e-09,3.1094437989726098e-09,1.0,1.0836576745711442e-13,1.0836576745711442e-13,dissipation
Zinc II,"('ecoinvent-3.12-biosphere', '8f871bab-96dc-49d9-bf08-12cdd0715901')",Zn,3.1094437989726098e-09,3.1094437989726098e-09,1.0,1.0836576745711442e-13,1.0836576745711442e-13,dissipation
Zinc II,"('ecoinvent-3.12-biosphere', '2c7be02c-791f-4fef-b231-b90321bbeb30')",Zn,3.1094437989726098e-09,3.1094437989726098e-09,1.0,1.0836576745711442e-13,1.0836576745711442e-13,dissipation
Zinc II,"('ecoinvent-3.12-biosphere', 'ada3ecfe-8244-4389-bcce-e83ca4f66e09')",Zn,3.1094437989726098e-09,3.1094437989726098e-09,1.0,1.0836576745711442e-13,1.0836576745711442e-13,dissipation
Zinc II,"('ecoinvent-3.12-biosphere', '87a69874-34f9-4070-a525-aa301ab2634b')",Zn,3.1094437989726098e-09,3.1094437989726098e-09,1.0,1.0836576745711442e-13,1.0836576745711442e-13,dissipation
Zinc II,"('ecoinvent-3.12-biosphere', '8d226423-1351-4366-b09f-d16c9e38683c')",Zn,3.1094437989726098e-09,3.1094437989726098e-09,1.0,1.0836576745711442e-13,1.0836576745711442e-13,dissipation
Zinc II,"('ecoinvent-3.12-biosphere', 'b88999ec-84fd-462d-9dec-7e20a4636a58')",Zn,3.1094437989726098e-09,3.1094437989726098e-09,1.0,1.0836576745711442e-13,1.0836576745711442e-13,dissipation
Zinc II,"('ecoinvent-3.12-biosphere', '84aa799e-9d98-4d34-85e0-516d28ab1be9')",Zn,3.1094437989726098e-09,3.1094437989726098e-09,1.0,1.0836576745711442e-13,1.0836576745711442e-13,dissipation
Zinc II,"('ecoinvent-3.12-biosphere', '541b633c-17a3-4047-bce6-0c0e4fdb7c10')",Zn,3.1094437989726098e-09,3.1094437989726098e-09,1.0,1.0836576745711442e-13,1.0836576745711442e-13,dissipation
Zinc II,"('ecoinvent-3.12-biosphere', '748f22a9-eba4-4726-bef5-92c7442ce189')",Zn,3.1094437989726098e-09,3.1094437989726098e-09,1.0,1.0836576745711442e-13,1.0836576745711442e-13,dissipation
Zinc II,"('ecoinvent-3.12-biosphere', 'bdce3a7c-e008-4391-be26-285f71a02453')",Zn,3.1094437989726098e-09,3.1094437989726098e-09,1.0,1.0836576745711442e-13,1.0836576745711442e-13,dissipation
Zinc II,"('ecoinvent-3.12-biosphere', '7e769b3e-03fb-4b53-be15-85a910dcfea9')",Zn,3.1094437989726098e-09,3.1094437989726098e-09,1.0,1.0836576745711442e-13,1.0836576745711442e-13,dissipation
Zinc II,"('ecoinvent-3.12-biosphere', '77887584-ddca-4920-952c-3609730e0c13')",Zn,3.1094437989726098e-09,3.1094437989726098e-09,1.0,1.0836576745711442e-13,1.0836576745711442e-13,dissipation
Manganese II,"('ecoinvent-3.12-biosphere', '835d0907-a668-4d92-b6b6-7b56fa343713')",Mn,3.0168656531082523e-09,3.0168656531082523e-09,1.0,6.485008032108113e-14,6.485008032108113e-14,dissipation
Manganese II,"('ecoinvent-3.12-biosphere', 'b0546417-3064-4878-bd6f-2da75cefdf63')",Mn,3.0168656531082523e-09,3.0168656531082523e-09,1.0,6.485008032108113e-14,6.485008032108113e-14,dissipation
Manganese II,"('ecoinvent-3.12-biosphere', 'f532985c-90b7-46fc-aac9-b039b40e22f1')",Mn,3.0168656531082523e-09,3.0168656531082523e-09,1.0,6.485008032108113e-14,6.485008032108113e-14,dissipation
Manganese II,"('ecoinvent-3.12-biosphere', '2460f868-54a9-404c-bec8-c809a44ae72c')",Mn,3.0168656531082523e-09,3.0168656531082523e-09,1.0,6.485008032108113e-14,6.485008032108113e-14,dissipation
Manganese II,"('ecoinvent-3.12-biosphere', 'c91fd4bf-ed70-4e2f-a34f-159773f981b6')",Mn,3.0168656531082523e-09,3.0168656531082523e-09,1.0,6.485008032108113e-14,6.485008032108113e-14,dissipation
Manganese II,"('ecoinvent-3.12-biosphere', '295060ba-3c3d-45e4-99ca-e17b1204b553')",Mn,3.0168656531082523e-09,3.0168656531082523e-09,1.0,6.485008032108113e-14,6.485008032108113e-14,dissipation
Manganese II,"('ecoinvent-3.12-biosphere', '0af26a55-d357-469f-abad-8ced785cb4fb')",Mn,3.0168656531082523e-09,3.0168656531082523e-09,1.0,6.485008032108113e-14,6.485008032108113e-14,dissipation
Manganese II,"('ecoinvent-3.12-biosphere', '10cbd2f7-c41b-4bb4-b636-d8fc15cf0282')",Mn,3.0168656531082523e-09,3.0168656531082523e-09,1.0,6.485008032108113e-14,6.485008032108113e-14,dissipation
Manganese II,"('ecoinvent-3.12-biosphere', '9ba8c05d-1593-45a5-8d3b-5c4f3e9fef32')",Mn,3.0168656531082523e-09,3.0168656531082523e-09,1.0,6.485008032108113e-14,6.485008032108113e-14,dissipation
Manganese II,"('ecoinvent-3.12-biosphere', '009a49e8-09a7-4432-9cb9-f2dd18e8f922')",Mn,3.0168656531082523e-09,3.0168656531082523e-09,1.0,6.485008032108113e-14,6.485008032108113e-14,dissipation
Manganese II,"('ecoinvent-3.12-biosphere', '9c706cff-cb82-4207-a589-95896e04dc08')",Mn,3.0168656531082523e-09,3.0168656531082523e-09,1.0,6.485008032108113e-14,6.485008032108113e-14,dissipation
Manganese II,"('ecoinvent-3.12-biosphere', '44f28e11-061d-44fd-8f25-dc62a9f1fa57')",Mn,3.0168656531082523e-09,3.0168656531082523e-09,1.0,6.485008032108113e-14,6.485008032108113e-14,dissipation
Manganese II,"('ecoinvent-3.12-biosphere', '6b7fbea6-4a86-40f9-954d-3c9b3611abfd')",Mn,3.0168656531082523e-09,3.0168656531082523e-09,1.0,6.485008032108113e-14,6.485008032108113e-14,dissipation
Zinc II,"('ecoinvent-3.12-biosphere', '5ce378a0-b48d-471c-977d-79681521efde')",Zn,2.705512304924572e-09,2.705512304924572e-09,1.0,1.0836576745711442e-13,1.0836576745711442e-13,dissipation
Zinc II,"('ecoinvent-3.12-biosphere', '2195d86f-e4c8-4e86-9f18-b5b065b1df7e')",Zn,2.705512304924572e-09,2.705512304924572e-09,1.0,1.0836576745711442e-13,1.0836576745711442e-13,dissipation
Zinc II,"('ecoinvent-3.12-biosphere', '8f871bab-96dc-49d9-bf08-12cdd0715901')",Zn,2.705512304924572e-09,2.705512304924572e-09,1.0,1.0836576745711442e-13,1.0836576745711442e-13,dissipation
Zinc II,"('ecoinvent-3.12-biosphere', '2c7be02c-791f-4fef-b231-b90321bbeb30')",Zn,2.705512304924572e-09,2.705512304924572e-09,1.0,1.0836576745711442e-13,1.0836576745711442e-13,dissipation
Zinc II,"('ecoinvent-3.12-biosphere', 'ada3ecfe-8244-4389-bcce-e83ca4f66e09')",Zn,2.705512304924572e-09,2.705512304924572e-09,1.0,1.0836576745711442e-13,1.0836576745711442e-13,dissipation
Zinc II,"('ecoinvent-3.12-biosphere', '87a69874-34f9-4070-a525-aa301ab2634b')",Zn,2.705512304924572e-09,2.705512304924572e-09,1.0,1.0836576745711442e-13,1.0836576745711442e-13,dissipation
Zinc II,"('ecoinvent-3.12-biosphere', '8d226423-1351-4366-b09f-d16c9e38683c')",Zn,2.705512304924572e-09,2.705512304924572e-09,1.0,1.0836576745711442e-13,1.0836576745711442e-13,dissipation
Zinc II,"('ecoinvent-3.12-biosphere', 'b88999ec-84fd-462d-9dec-7e20a4636a58')",Zn,2.705512304924572e-09,2.705512304924572e-09,1.0,1.0836576745711442e-13,1.0836576745711442e-13,dissipation
Zinc II,"('ecoinvent-3.12-biosphere', '84aa799e-9d98-4d34-85e0-516d28ab1be9')",Zn,2.705512304924572e-09,2.705512304924572e-09,1.0,1.0836576745711442e-13,1.0836576745711442e-13,dissipation
Zinc II,"('ecoinvent-3.12-biosphere', '541b633c-17a3-4047-bce6-0c0e4fdb7c10')",Zn,2.705512304924572e-09,2.705512304924572e-09,1.0,1.0836576745711442e-13,1.0836576745711442e-13,dissipation
Zinc II,"('ecoinvent-3.12-biosphere', '748f22a9-eba4-4726-bef5-92c7442ce189')",Zn,2.705512304924572e-09,2.705512304924572e-09,1.0,1.0836576745711442e-13,1.0836576745711442e-13,dissipation
Zinc II,"('ecoinvent-3.12-biosphere', 'bdce3a7c-e008-4391-be26-285f71a02453')",Zn,2.705512304924572e-09,2.705512304924572e-09,1.0,1.0836576745711442e-13,1.0836576745711442e-13,dissipation
Zinc II,"('ecoinvent-3.12-biosphere', '7e769b3e-03fb-4b53-be15-85a910dcfea9')",Zn,2.705512304924572e-09,2.705512304924572e-09,1.0,1.0836576745711442e-13,1.0836576745711442e-13,dissipation
Zinc II,"('ecoinvent-3.12-biosphere', '77887584-ddca-4920-952c-3609730e0c13')",Zn,2.705512304924572e-09,2.705512304924572e-09,1.0,1.0836576745711442e-13,1.0836576745711442e-13,dissipation
Iron ion,"('ecoinvent-3.12-biosphere', 'ce567bdc-76ec-4ca0-be79-8bb796e448b3')",Fe,2.5703851316781103e-09,2.5703851316781103e-09,1.0,9.645225823667623e-15,9.645225823667623e-15,dissipation
Iron ion,"('ecoinvent-3.12-biosphere', '32cd0492-c0cb-4898-a2b1-675eedc5b688')",Fe,2.5703851316781103e-09,2.5703851316781103e-09,1.0,9.645225823667623e-15,9.645225823667623e-15,dissipation
Iron ion,"('ecoinvent-3.12-biosphere', '76152de4-9499-48f7-af98-a5d41842484a')",Fe,2.5703851316781103e-09,2.5703851316781103e-09,1.0,9.645225823667623e-15,9.645225823667623e-15,dissipation
Iron ion,"('ecoinvent-3.12-biosphere', 'db364689-e1a3-4629-8835-e6c59d6daf09')",Fe,2.5703851316781103e-09,2.5703851316781103e-09,1.0,9.645225823667623e-15,9.645225823667623e-15,dissipation
Iron ion,"('ecoinvent-3.12-biosphere', 'de444dc0-5964-4501-8367-50ba53bfc6b9')",Fe,2.5703851316781103e-09,2.5703851316781103e-09,1.0,9.645225823667623e-15,9.645225823667623e-15,dissipation
Iron ion,"('ecoinvent-3.12-biosphere', '33fd8342-58e7-45c9-ad92-0951c002c403')",Fe,2.5703851316781103e-09,2.5703851316781103e-09,1.0,9.645225823667623e-15,9.645225823667623e-15,dissipation
Iron ion,"('ecoinvent-3.12-biosphere', 'e8bd2edd-f937-49f6-9e8b-9f445278775e')",Fe,2.5703851316781103e-09,2.5703851316781103e-09,1.0,9.645225823667623e-15,9.645225823667623e-15,dissipation
Iron ion,"('ecoinvent-3.12-biosphere', '98693cdf-d9fc-43ed-bfe6-78dfe5742d33')",Fe,2.5703851316781103e-09,2.5703851316781103e-09,1.0,9.645225823667623e-15,9.645225823667623e-15,dissipation
Iron ion,"('ecoinvent-3.12-biosphere', '8dba66e2-0f2e-4038-84ef-1e40b4f573a6')",Fe,2.5703851316781103e-09,2.5703851316781103e-09,1.0,9.645225823667623e-15,9.645225823667623e-15,dissipation
Iron ion,"('ecoinvent-3.12-biosphere', '2c9a7182-37c8-4777-a37a-9a007c3edb2f')",Fe,2.5703851316781103e-09,2.5703851316781103e-09,1.0,9.645225823667623e-15,9.645225823667623e-15,dissipation
Iron ion,"('ecoinvent-3.12-biosphere', '7c335b9c-a403-47a8-bb6d-2e7d3c3a230e')",Fe,2.5703851316781103e-09,2.5703851316781103e-09,1.0,9.645225823667623e-15,9.645225823667623e-15,dissipation
Iron ion,"('ecoinvent-3.12-biosphere', 'c983ad54-12e9-47a5-b747-5e5c448e58e2')",Fe,2.5703851316781103e-09,2.5703851316781103e-09,1.0,9.645225823667623e-15,9.645225823667623e-15,dissipation
Iron ion,"('ecoinvent-3.12-biosphere', '9b6d6f07-ebc6-447d-a3c0-f2017d77d852')",Fe,2.5703851316781103e-09,2.5703851316781103e-09,1.0,9.645225823667623e-15,9.645225823667623e-15,dissipation
Cobalt II,"('ecoinvent-3.12-biosphere', '1e904267-caa3-40e6-a3a0-fc104489770b')",Co,2.4536291757440627e-09,2.4536291757440627e-09,1.0,1.9447495148453946e-12,1.9447495148453946e-12,dissipation
Cobalt II,"('ecoinvent-3.12-biosphere', 'd4291dd5-dae8-47fa-bf06-466fcecbc210')",Co,2.4536291757440627e-09,2.4536291757440627e-09,1.0,1.9447495148453946e-12,1.9447495148453946e-12,dissipation
Cobalt II,"('ecoinvent-3.12-biosphere', '381a22c9-3722-4378-810d-86958f7b6d32')",Co,2.4536291757440627e-09,2.4536291757440627e-09,1.0,1.9447495148453946e-12,1.9447495148453946e-12,dissipation
Cobalt II,"('ecoinvent-3.12-biosphere', '74eb3f02-09ec-46ce-8ee8-d67d0900136b')",Co,2.4536291757440627e-09,2.4536291757440627e-09,1.0,1.9447495148453946e-12,1.9447495148453946e-12,dissipation
Cobalt II,"('ecoinvent-3.12-biosphere', '33627701-feca-434d-a192-674a450eaaf7')",Co,2.4536291757440627e-09,2.4536291757440627e-09,1.0,1.9447495148453946e-12,1.9447495148453946e-12,dissipation
Cobalt II,"('ecoinvent-3.12-biosphere', 'f0e28a62-ddf9-4c93-af81-676a58c3f2d4')",Co,2.4536291757440627e-09,2.4536291757440627e-09,1.0,1.9447495148453946e-12,1.9447495148453946e-12,dissipation
Cobalt II,"('ecoinvent-3.12-biosphere', 'ca04300a-8338-4601-ba7c-66c10a4f6322')",Co,2.4536291757440627e-09,2.4536291757440627e-09,1.0,1.9447495148453946e-12,1.9447495148453946e-12,dissipation
Cobalt II,"('ecoinvent-3.12-biosphere', 'c58d25ad-30d2-4fac-a857-1fa6f67afe8a')",Co,2.4536291757440627e-09,2.4536291757440627e-09,1.0,1.9447495148453946e-12,1.9447495148453946e-12,dissipation
Cobalt II,"('ecoinvent-3.12-biosphere', 'f0d1c319-249f-4a89-b0e7-3a5a90a54036')",Co,2.4536291757440627e-09,2.4536291757440627e-09,1.0,1.9447495148453946e-12,1.9447495148453946e-12,dissipation
Cobalt II,"('ecoinvent-3.12-biosphere', 'b10faa87-2c1d-4f6e-aa65-9f80b376939a')",Co,2.4536291757440627e-09,2.4536291757440627e-09,1.0,1.9447495148453946e-12,1.9447495148453946e-12,dissipation
Cobalt II,"('ecoinvent-3.12-biosphere', 'caf066cf-40ce-47a8-ba4c-969fcd6019c7')",Co,2.4536291757440627e-09,2.4536291757440627e-09,1.0,1.9447495148453946e-12,1.9447495148453946e-12,dissipation
Cobalt II,"('ecoinvent-3.12-biosphere', '12051b95-831a-49c0-9a70-fbc0e8fb9af9')",Co,2.4536291757440627e-09,2.4536291757440627e-09,1.0,1.9447495148453946e-12,1.9447495148453946e-12,dissipation
Cobalt II,"('ecoinvent-3.12-biosphere', '9542444c-7c7a-48e2-bc9c-9c7c34fb7b3e')",Co,2.4536291757440627e-09,2.4536291757440627e-09,1.0,1.9447495148453946e-12,1.9447495148453946e-12,dissipation
Antimony ion,"('ecoinvent-3.12-biosphere', '77927dac-dea3-429d-a434-d5a71d92c4f7')",Sb,2.355944990324687e-09,2.355944990324687e-09,1.0,2.1834077210692158e-11,2.1834077210692158e-11,dissipation
Antimony ion,"('ecoinvent-3.12-biosphere', 'b2dc8668-86de-4207-b20e-dc81dea63c98')",Sb,2.355944990324687e-09,2.355944990324687e-09,1.0,2.1834077210692158e-11,2.1834077210692158e-11,dissipation
Antimony ion,"('ecoinvent-3.12-biosphere', 'f4cf8d5c-f030-4b55-a3af-e3c20b855ee8')",Sb,2.355944990324687e-09,2.355944990324687e-09,1.0,2.1834077210692158e-11,2.1834077210692158e-11,dissipation
Antimony ion,"('ecoinvent-3.12-biosphere', 'c49fb4cd-eed0-4438-9052-9612473cdbae')",Sb,2.355944990324687e-09,2.355944990324687e-09,1.0,2.1834077210692158e-11,2.1834077210692158e-11,dissipation
Antimony ion,"('ecoinvent-3.12-biosphere', '5df5cb9f-812c-4ce8-ab1c-df6ab4d31900')",Sb,2.355944990324687e-09,2.355944990324687e-09,1.0,2.1834077210692158e-11,2.1834077210692158e-11,dissipation
Antimony ion,"('ecoinvent-3.12-biosphere', '7805afa2-d93b-40bb-b841-325b98aec824')",Sb,2.355944990324687e-09,2.355944990324687e-09,1.0,2.1834077210692158e-11,2.1834077210692158e-11,dissipation
Antimony ion,"('ecoinvent-3.12-biosphere', '34b96163-a3df-4bc1-8224-e2a9fe01b23f')",Sb,2.355944990324687e-09,2.355944990324687e-09,1.0,2.1834077210692158e-11,2.1834077210692158e-11,dissipation
Antimony ion,"('ecoinvent-3.12-biosphere', '83cf77ca-867b-4eef-b0f0-78d71b3d91d5')",Sb,2.355944990324687e-09,2.355944990324687e-09,1.0,2.1834077210692158e-11,2.1834077210692158e-11,dissipation
Antimony ion,"('ecoinvent-3.12-biosphere', '183f9856-03ab-464d-9366-8ef62077b510')",Sb,2.355944990324687e-09,2.355944990324687e-09,1.0,2.1834077210692158e-11,2.1834077210692158e-11,dissipation
Antimony ion,"('ecoinvent-3.12-biosphere', '3ea5684a-6d64-4f96-8c09-1d90f997c9d4')",Sb,2.355944990324687e-09,2.355944990324687e-09,1.0,2.1834077210692158e-11,2.1834077210692158e-11,dissipation
Antimony ion,"('ecoinvent-3.12-biosphere', 'fa39136e-1ef6-43c1-af68-104da104568d')",Sb,2.355944990324687e-09,2.355944990324687e-09,1.0,2.1834077210692158e-11,2.1834077210692158e-11,dissipation
Antimony ion,"('ecoinvent-3.12-biosphere', '2b2369a4-26bb-4b18-8479-752fdf7a5e7f')",Sb,2.355944990324687e-09,2.355944990324687e-09,1.0,2.1834077210692158e-11,2.1834077210692158e-11,dissipation
Antimony ion,"('ecoinvent-3.12-biosphere', '43b29ad9-26dd-4838-b931-6216e55a0120')",Sb,2.355944990324687e-09,2.355944990324687e-09,1.0,2.1834077210692158e-11,2.1834077210692158e-11,dissipation
Cobalt II,"('ecoinvent-3.12-biosphere', '1e904267-caa3-40e6-a3a0-fc104489770b')",Co,2.185396731821078e-09,2.185396731821078e-09,1.0,1.9447495148453946e-12,1.9447495148453946e-12,dissipation
Cobalt II,"('ecoinvent-3.12-biosphere', 'd4291dd5-dae8-47fa-bf06-466fcecbc210')",Co,2.185396731821078e-09,2.185396731821078e-09,1.0,1.9447495148453946e-12,1.9447495148453946e-12,dissipation
Cobalt II,"('ecoinvent-3.12-biosphere', '381a22c9-3722-4378-810d-86958f7b6d32')",Co,2.185396731821078e-09,2.185396731821078e-09,1.0,1.9447495148453946e-12,1.9447495148453946e-12,dissipation
Cobalt II,"('ecoinvent-3.12-biosphere', '74eb3f02-09ec-46ce-8ee8-d67d0900136b')",Co,2.185396731821078e-09,2.185396731821078e-09,1.0,1.9447495148453946e-12,1.9447495148453946e-12,dissipation
Cobalt II,"('ecoinvent-3.12-biosphere', '33627701-feca-434d-a192-674a450eaaf7')",Co,2.185396731821078e-09,2.185396731821078e-09,1.0,1.9447495148453946e-12,1.9447495148453946e-12,dissipation
Cobalt II,"('ecoinvent-3.12-biosphere', 'f0e28a62-ddf9-4c93-af81-676a58c3f2d4')",Co,2.185396731821078e-09,2.185396731821078e-09,1.0,1.9447495148453946e-12,1.9447495148453946e-12,dissipation
Cobalt II,"('ecoinvent-3.12-biosphere', 'ca04300a-8338-4601-ba7c-66c10a4f6322')",Co,2.185396731821078e-09,2.185396731821078e-09,1.0,1.9447495148453946e-12,1.9447495148453946e-12,dissipation
Cobalt II,"('ecoinvent-3.12-biosphere', 'c58d25ad-30d2-4fac-a857-1fa6f67afe8a')",Co,2.185396731821078e-09,2.185396731821078e-09,1.0,1.9447495148453946e-12,1.9447495148453946e-12,dissipation
Cobalt II,"('ecoinvent-3.12-biosphere', 'f0d1c319-249f-4a89-b0e7-3a5a90a54036')",Co,2.185396731821078e-09,2.185396731821078e-09,1.0,1.9447495148453946e-12,1.9447495148453946e-12,dissipation
Cobalt II,"('ecoinvent-3.12-biosphere', 'b10faa87-2c1d-4f6e-aa65-9f80b376939a')",Co,2.185396731821078e-09,2.185396731821078e-09,1.0,1.9447495148453946e-12,1.9447495148453946e-12,dissipation
Cobalt II,"('ecoinvent-3.12-biosphere', 'caf066cf-40ce-47a8-ba4c-969fcd6019c7')",Co,2.185396731821078e-09,2.185396731821078e-09,1.0,1.9447495148453946e-12,1.9447495148453946e-12,dissipation
Cobalt II,"('ecoinvent-3.12-biosphere', '12051b95-831a-49c0-9a70-fbc0e8fb9af9')",Co,2.185396731821078e-09,2.185396731821078e-09,1.0,1.9447495148453946e-12,1.9447495148453946e-12,dissipation
Cobalt II,"('ecoinvent-3.12-biosphere', '9542444c-7c7a-48e2-bc9c-9c7c34fb7b3e')",Co,2.185396731821078e-09,2.185396731821078e-09,1.0,1.9447495148453946e-12,1.9447495148453946e-12,dissipation
Iron ion,"('ecoinvent-3.12-biosphere', 'ce567bdc-76ec-4ca0-be79-8bb796e448b3')",Fe,1.9856113572869328e-09,1.9856113572869328e-09,1.0,9.645225823667623e-15,9.645225823667623e-15,dissipation
Iron ion,"('ecoinvent-3.12-biosphere', '32cd0492-c0cb-4898-a2b1-675eedc5b688')",Fe,1.9856113572869328e-09,1.9856113572869328e-09,1.0,9.645225823667623e-15,9.645225823667623e-15,dissipation
Iron ion,"('ecoinvent-3.12-biosphere', '76152de4-9499-48f7-af98-a5d41842484a')",Fe,1.9856113572869328e-09,1.9856113572869328e-09,1.0,9.645225823667623e-15,9.645225823667623e-15,dissipation
Iron ion,"('ecoinvent-3.12-biosphere', 'db364689-e1a3-4629-8835-e6c59d6daf09')",Fe,1.9856113572869328e-09,1.9856113572869328e-09,1.0,9.645225823667623e-15,9.645225823667623e-15,dissipation
Iron ion,"('ecoinvent-3.12-biosphere', 'de444dc0-5964-4501-8367-50ba53bfc6b9')",Fe,1.9856113572869328e-09,1.9856113572869328e-09,1.0,9.645225823667623e-15,9.645225823667623e-15,dissipation
Iron ion,"('ecoinvent-3.12-biosphere', '33fd8342-58e7-45c9-ad92-0951c002c403')",Fe,1.9856113572869328e-09,1.9856113572869328e-09,1.0,9.645225823667623e-15,9.645225823667623e-15,dissipation
Iron ion,"('ecoinvent-3.12-biosphere', 'e8bd2edd-f937-49f6-9e8b-9f445278775e')",Fe,1.9856113572869328e-09,1.9856113572869328e-09,1.0,9.645225823667623e-15,9.645225823667623e-15,dissipation
Iron ion,"('ecoinvent-3.12-biosphere', '98693cdf-d9fc-43ed-bfe6-78dfe5742d33')",Fe,1.9856113572869328e-09,1.9856113572869328e-09,1.0,9.645225823667623e-15,9.645225823667623e-15,dissipation
Iron ion,"('ecoinvent-3.12-biosphere', '8dba66e2-0f2e-4038-84ef-1e40b4f573a6')",Fe,1.9856113572869328e-09,1.9856113572869328e-09,1.0,9.645225823667623e-15,9.645225823667623e-15,dissipation
Iron ion,"('ecoinvent-3.12-biosphere', '2c9a7182-37c8-4777-a37a-9a007c3edb2f')",Fe,1.9856113572869328e-09,1.9856113572869328e-09,1.0,9.645225823667623e-15,9.645225823667623e-15,dissipation
Iron ion,"('ecoinvent-3.12-biosphere', '7c335b9c-a403-47a8-bb6d-2e7d3c3a230e')",Fe,1.9856113572869328e-09,1.9856113572869328e-09,1.0,9.645225823667623e-15,9.645225823667623e-15,dissipation
Iron ion,"('ecoinvent-3.12-biosphere', 'c983ad54-12e9-47a5-b747-5e5c448e58e2')",Fe,1.9856113572869328e-09,1.9856113572869328e-09,1.0,9.645225823667623e-15,9.645225823667623e-15,dissipation
Iron ion,"('ecoinvent-3.12-biosphere', '9b6d6f07-ebc6-447d-a3c0-f2017d77d852')",Fe,1.9856113572869328e-09,1.9856113572869328e-09,1.0,9.645225823667623e-15,9.645225823667623e-15,dissipation
Manganese II,"('ecoinvent-3.12-biosphere', '835d0907-a668-4d92-b6b6-7b56fa343713')",Mn,1.7911614551254432e-09,1.7911614551254432e-09,1.0,6.485008032108113e-14,6.485008032108113e-14,dissipation
Manganese II,"('ecoinvent-3.12-biosphere', 'b0546417-3064-4878-bd6f-2da75cefdf63')",Mn,1.7911614551254432e-09,1.7911614551254432e-09,1.0,6.485008032108113e-14,6.485008032108113e-14,dissipation
Manganese II,"('ecoinvent-3.12-biosphere', 'f532985c-90b7-46fc-aac9-b039b40e22f1')",Mn,1.7911614551254432e-09,1.7911614551254432e-09,1.0,6.485008032108113e-14,6.485008032108113e-14,dissipation
Manganese II,"('ecoinvent-3.12-biosphere', '2460f868-54a9-404c-bec8-c809a44ae72c')",Mn,1.7911614551254432e-09,1.7911614551254432e-09,1.0,6.485008032108113e-14,6.485008032108113e-14,dissipation
Manganese II,"('ecoinvent-3.12-biosphere', 'c91fd4bf-ed70-4e2f-a34f-159773f981b6')",Mn,1.7911614551254432e-09,1.7911614551254432e-09,1.0,6.485008032108113e-14,6.485008032108113e-14,dissipation
Manganese II,"('ecoinvent-3.12-biosphere', '295060ba-3c3d-45e4-99ca-e17b1204b553')",Mn,1.7911614551254432e-09,1.7911614551254432e-09,1.0,6.485008032108113e-14,6.485008032108113e-14,dissipation
Manganese II,"('ecoinvent-3.12-biosphere', '0af26a55-d357-469f-abad-8ced785cb4fb')",Mn,1.7911614551254432e-09,1.7911614551254432e-09,1.0,6.485008032108113e-14,6.485008032108113e-14,dissipation
Manganese II,"('ecoinvent-3.12-biosphere', '10cbd2f7-c41b-4bb4-b636-d8fc15cf0282')",Mn,1.7911614551254432e-09,1.7911614551254432e-09,1.0,6.485008032108113e-14,6.485008032108113e-14,dissipation
Manganese II,"('ecoinvent-3.12-biosphere', '9ba8c05d-1593-45a5-8d3b-5c4f3e9fef32')",Mn,1.7911614551254432e-09,1.7911614551254432e-09,1.0,6.485008032108113e-14,6.485008032108113e-14,dissipation
Manganese II,"('ecoinvent-3.12-biosphere', '009a49e8-09a7-4432-9cb9-f2dd18e8f922')",Mn,1.7911614551254432e-09,1.7911614551254432e-09,1.0,6.485008032108113e-14,6.485008032108113e-14,dissipation
Manganese II,"('ecoinvent-3.12-biosphere', '9c706cff-cb82-4207-a589-95896e04dc08')",Mn,1.7911614551254432e-09,1.7911614551254432e-09,1.0,6.485008032108113e-14,6.485008032108113e-14,dissipation
Manganese II,"('ecoinvent-3.12-biosphere', '44f28e11-061d-44fd-8f25-dc62a9f1fa57')",Mn,1.7911614551254432e-09,1.7911614551254432e-09,1.0,6.485008032108113e-14,6.485008032108113e-14,dissipation
Manganese II,"('ecoinvent-3.12-biosphere', '6b7fbea6-4a86-40f9-954d-3c9b3611abfd')",Mn,1.7911614551254432e-09,1.7911614551254432e-09,1.0,6.485008032108113e-14,6.485008032108113e-14,dissipation
Cobalt II,"('ecoinvent-3.12-biosphere', '1e904267-caa3-40e6-a3a0-fc104489770b')",Co,1.786695116935705e-09,1.786695116935705e-09,1.0,1.9447495148453946e-12,1.9447495148453946e-12,dissipation
Cobalt II,"('ecoinvent-3.12-biosphere', 'd4291dd5-dae8-47fa-bf06-466fcecbc210')",Co,1.786695116935705e-09,1.786695116935705e-09,1.0,1.9447495148453946e-12,1.9447495148453946e-12,dissipation
Cobalt II,"('ecoinvent-3.12-biosphere', '381a22c9-3722-4378-810d-86958f7b6d32')",Co,1.786695116935705e-09,1.786695116935705e-09,1.0,1.9447495148453946e-12,1.9447495148453946e-12,dissipation
Cobalt II,"('ecoinvent-3.12-biosphere', '74eb3f02-09ec-46ce-8ee8-d67d0900136b')",Co,1.786695116935705e-09,1.786695116935705e-09,1.0,1.9447495148453946e-12,1.9447495148453946e-12,dissipation
Cobalt II,"('ecoinvent-3.12-biosphere', '33627701-feca-434d-a192-674a450eaaf7')",Co,1.786695116935705e-09,1.786695116935705e-09,1.0,1.9447495148453946e-12,1.9447495148453946e-12,dissipation
Cobalt II,"('ecoinvent-3.12-biosphere', 'f0e28a62-ddf9-4c93-af81-676a58c3f2d4')",Co,1.786695116935705e-09,1.786695116935705e-09,1.0,1.9447495148453946e-12,1.9447495148453946e-12,dissipation
Cobalt II,"('ecoinvent-3.12-biosphere', 'ca04300a-8338-4601-ba7c-66c10a4f6322')",Co,1.786695116935705e-09,1.786695116935705e-09,1.0,1.9447495148453946e-12,1.9447495148453946e-12,dissipation
Cobalt II,"('ecoinvent-3.12-biosphere', 'c58d25ad-30d2-4fac-a857-1fa6f67afe8a')",Co,1.786695116935705e-09,1.786695116935705e-09,1.0,1.9447495148453946e-12,1.9447495148453946e-12,dissipation
Cobalt II,"('ecoinvent-3.12-biosphere', 'f0d1c319-249f-4a89-b0e7-3a5a90a54036')",Co,1.786695116935705e-09,1.786695116935705e-09,1.0,1.9447495148453946e-12,1.9447495148453946e-12,dissipation
Cobalt II,"('ecoinvent-3.12-biosphere', 'b10faa87-2c1d-4f6e-aa65-9f80b376939a')",Co,1.786695116935705e-09,1.786695116935705e-09,1.0,1.9447495148453946e-12,1.9447495148453946e-12,dissipation
Cobalt II,"('ecoinvent-3.12-biosphere', 'caf066cf-40ce-47a8-ba4c-969fcd6019c7')",Co,1.786695116935705e-09,1.786695116935705e-09,1.0,1.9447495148453946e-12,1.9447495148453946e-12,dissipation
Cobalt II,"('ecoinvent-3.12-biosphere', '12051b95-831a-49c0-9a70-fbc0e8fb9af9')",Co,1.786695116935705e-09,1.786695116935705e-09,1.0,1.9447495148453946e-12,1.9447495148453946e-12,dissipation
Cobalt II,"('ecoinvent-3.12-biosphere', '9542444c-7c7a-48e2-bc9c-9c7c34fb7b3e')",Co,1.786695116935705e-09,1.786695116935705e-09,1.0,1.9447495148453946e-12,1.9447495148453946e-12,dissipation
Molybdenum VI,"('ecoinvent-3.12-biosphere', '640e30d2-3158-4a1a-82ef-fd0c72922c9a')",Mo,1.7300694444333787e-09,1.7300694444333787e-09,1.0,1.6532043483883647e-13,1.6532043483883647e-13,dissipation
Molybdenum VI,"('ecoinvent-3.12-biosphere', 'c26d4716-ce1e-43da-a662-cd9498b1e8bc')",Mo,1.7300694444333787e-09,1.7300694444333787e-09,1.0,1.6532043483883647e-13,1.6532043483883647e-13,dissipation
Molybdenum VI,"('ecoinvent-3.12-biosphere', '3822809c-cc03-469d-ac2a-9f85842f8440')",Mo,1.7300694444333787e-09,1.7300694444333787e-09,1.0,1.6532043483883647e-13,1.6532043483883647e-13,dissipation
Molybdenum VI,"('ecoinvent-3.12-biosphere', '7d3f7498-3596-478a-9fa1-72201ef94082')",Mo,1.7300694444333787e-09,1.7300694444333787e-09,1.0,1.6532043483883647e-13,1.6532043483883647e-13,dissipation
Molybdenum VI,"('ecoinvent-3.12-biosphere', '442511cc-a98b-4242-9229-5736cb9a9399')",Mo,1.7300694444333787e-09,1.7300694444333787e-09,1.0,1.6532043483883647e-13,1.6532043483883647e-13,dissipation
Molybdenum VI,"('ecoinvent-3.12-biosphere', 'c126f8a0-6bc4-42e6-9220-d6ccfef3f2ed')",Mo,1.7300694444333787e-09,1.7300694444333787e-09,1.0,1.6532043483883647e-13,1.6532043483883647e-13,dissipation
Molybdenum VI,"('ecoinvent-3.12-biosphere', '1f3c2297-d652-468d-82e8-4fd59bf5b5b8')",Mo,1.7300694444333787e-09,1.7300694444333787e-09,1.0,1.6532043483883647e-13,1.6532043483883647e-13,dissipation
Molybdenum VI,"('ecoinvent-3.12-biosphere', 'fdaaef05-0d10-4032-b2e7-85cae3c7bd5c')",Mo,1.7300694444333787e-09,1.7300694444333787e-09,1.0,1.6532043483883647e-13,1.6532043483883647e-13,dissipation
Molybdenum VI,"('ecoinvent-3.12-biosphere', '35b4d818-1019-413b-b99d-d351d8a67ac4')",Mo,1.7300694444333787e-09,1.7300694444333787e-09,1.0,1.6532043483883647e-13,1.6532043483883647e-13,dissipation
Molybdenum VI,"('ecoinvent-3.12-biosphere', '163926e2-b4cc-42bb-ba7d-401028140985')",Mo,1.7300694444333787e-09,1.7300694444333787e-09,1.0,1.6532043483883647e-13,1.6532043483883647e-13,dissipation
Molybdenum VI,"('ecoinvent-3.12-biosphere', '9cf3a683-ed3d-40e9-b039-7653e4fc9e20')",Mo,1.7300694444333787e-09,1.7300694444333787e-09,1.0,1.6532043483883647e-13,1.6532043483883647e-13,dissipation
Molybdenum VI,"('ecoinvent-3.12-biosphere', '8b531ec0-ca7a-49cd-bef0-56f110112f34')",Mo,1.7300694444333787e-09,1.7300694444333787e-09,1.0,1.6532043483883647e-13,1.6532043483883647e-13,dissipation
Molybdenum VI,"('ecoinvent-3.12-biosphere', '5fa36ce3-aed0-443b-a09d-4cdf25b41995')",Mo,1.7300694444333787e-09,1.7300694444333787e-09,1.0,1.6532043483883647e-13,1.6532043483883647e-13,dissipation
Zinc II,"('ecoinvent-3.12-biosphere', '5ce378a0-b48d-471c-977d-79681521efde')",Zn,1.620773056262878e-09,1.620773056262878e-09,1.0,1.0836576745711442e-13,1.0836576745711442e-13,dissipation
Zinc II,"('ecoinvent-3.12-biosphere', '2195d86f-e4c8-4e86-9f18-b5b065b1df7e')",Zn,1.620773056262878e-09,1.620773056262878e-09,1.0,1.0836576745711442e-13,1.0836576745711442e-13,dissipation
Zinc II,"('ecoinvent-3.12-biosphere', '8f871bab-96dc-49d9-bf08-12cdd0715901')",Zn,1.620773056262878e-09,1.620773056262878e-09,1.0,1.0836576745711442e-13,1.0836576745711442e-13,dissipation
Zinc II,"('ecoinvent-3.12-biosphere', '2c7be02c-791f-4fef-b231-b90321bbeb30')",Zn,1.620773056262878e-09,1.620773056262878e-09,1.0,1.0836576745711442e-13,1.0836576745711442e-13,dissipation
Zinc II,"('ecoinvent-3.12-biosphere', 'ada3ecfe-8244-4389-bcce-e83ca4f66e09')",Zn,1.620773056262878e-09,1.620773056262878e-09,1.0,1.0836576745711442e-13,1.0836576745711442e-13,dissipation
Zinc II,"('ecoinvent-3.12-biosphere', '87a69874-34f9-4070-a525-aa301ab2634b')",Zn,1.620773056262878e-09,1.620773056262878e-09,1.0,1.0836576745711442e-13,1.0836576745711442e-13,dissipation
Zinc II,"('ecoinvent-3.12-biosphere', '8d226423-1351-4366-b09f-d16c9e38683c')",Zn,1.620773056262878e-09,1.620773056262878e-09,1.0,1.0836576745711442e-13,1.0836576745711442e-13,dissipation
Zinc II,"('ecoinvent-3.12-biosphere', 'b88999ec-84fd-462d-9dec-7e20a4636a58')",Zn,1.620773056262878e-09,1.620773056262878e-09,1.0,1.0836576745711442e-13,1.0836576745711442e-13,dissipation
Zinc II,"('ecoinvent-3.12-biosphere', '84aa799e-9d98-4d34-85e0-516d28ab1be9')",Zn,1.620773056262878e-09,1.620773056262878e-09,1.0,1.0836576745711442e-13,1.0836576745711442e-13,dissipation
Zinc II,"('ecoinvent-3.12-biosphere', '541b633c-17a3-4047-bce6-0c0e4fdb7c10')",Zn,1.620773056262878e-09,1.620773056262878e-09,1.0,1.0836576745711442e-13,1.0836576745711442e-13,dissipation
Zinc II,"('ecoinvent-3.12-biosphere', '748f22a9-eba4-4726-bef5-92c7442ce189')",Zn,1.620773056262878e-09,1.620773056262878e-09,1.0,1.0836576745711442e-13,1.0836576745711442e-13,dissipation
Zinc II,"('ecoinvent-3.12-biosphere', 'bdce3a7c-e008-4391-be26-285f71a02453')",Zn,1.620773056262878e-09,1.620773056262878e-09,1.0,1.0836576745711442e-13,1.0836576745711442e-13,dissipation
Zinc II,"('ecoinvent-3.12-biosphere', '7e769b3e-03fb-4b53-be15-85a910dcfea9')",Zn,1.620773056262878e-09,1.620773056262878e-09,1.0,1.0836576745711442e-13,1.0836576745711442e-13,dissipation
Zinc II,"('ecoinvent-3.12-biosphere', '77887584-ddca-4920-952c-3609730e0c13')",Zn,1.620773056262878e-09,1.620773056262878e-09,1.0,1.0836576745711442e-13,1.0836576745711442e-13,dissipation
Phosphorus,"('ecoinvent-3.12-biosphere', 'b6e2f7f4-6b2e-4b3e-be1f-67626cb8205d')",P,1.503021152367994e-09,1.503021152367994e-09,1.0,1.6973366253890836e-14,1.6973366253890836e-14,dissipation
Phosphorus,"('ecoinvent-3.12-biosphere', 'd761f94e-517d-41cf-89fa-17dc72f7a69b')",P,1.503021152367994e-09,1.503021152367994e-09,1.0,1.6973366253890836e-14,1.6973366253890836e-14,dissipation
Phosphorus,"('ecoinvent-3.12-biosphere', '76b09afe-52b9-4ecc-b97a-00b49ad8ed1a')",P,1.503021152367994e-09,1.503021152367994e-09,1.0,1.6973366253890836e-14,1.6973366253890836e-14,dissipation
Phosphorus,"('ecoinvent-3.12-biosphere', '8b0a4a41-c65c-4d94-b10c-94ddb98abdd2')",P,1.503021152367994e-09,1.503021152367994e-09,1.0,1.6973366253890836e-14,1.6973366253890836e-14,dissipation
Phosphorus,"('ecoinvent-3.12-biosphere', '2d4b8ec1-8d53-4e62-8a11-ebc45909b02e')",P,1.503021152367994e-09,1.503021152367994e-09,1.0,1.6973366253890836e-14,1.6973366253890836e-14,dissipation
Phosphorus,"('ecoinvent-3.12-biosphere', 'b1fca66f-8e83-469a-a7b5-018e14d5d545')",P,1.503021152367994e-09,1.503021152367994e-09,1.0,1.6973366253890836e-14,1.6973366253890836e-14,dissipation
Phosphorus,"('ecoinvent-3.12-biosphere', 'c89a0749-40a5-4c9c-8770-c4295ea34977')",P,1.503021152367994e-09,1.503021152367994e-09,1.0,1.6973366253890836e-14,1.6973366253890836e-14,dissipation
Phosphorus,"('ecoinvent-3.12-biosphere', '62f3d964-9b53-4d01-9ee0-04112dcfc6d2')",P,1.503021152367994e-09,1.503021152367994e-09,1.0,1.6973366253890836e-14,1.6973366253890836e-14,dissipation
Phosphorus,"('ecoinvent-3.12-biosphere', 'b2631209-8374-431e-b7d5-56c96c6b6d79')",P,1.503021152367994e-09,1.503021152367994e-09,1.0,1.6973366253890836e-14,1.6973366253890836e-14,dissipation
Phosphorus,"('ecoinvent-3.12-biosphere', '198ce8e3-f05a-4bec-9f7f-325347453326')",P,1.503021152367994e-09,1.503021152367994e-09,1.0,1.6973366253890836e-14,1.6973366253890836e-14,dissipation
Phosphorus,"('ecoinvent-3.12-biosphere', 'ea4e9316-5080-4b3b-bbf3-1949f6d7577a')",P,1.503021152367994e-09,1.503021152367994e-09,1.0,1.6973366253890836e-14,1.6973366253890836e-14,dissipation
Phosphorus,"('ecoinvent-3.12-biosphere', 'e2d35af7-9806-46ff-9b75-b124a48fa5a1')",P,1.503021152367994e-09,1.503021152367994e-09,1.0,1.6973366253890836e-14,1.6973366253890836e-14,dissipation
Phosphorus,"('ecoinvent-3.12-biosphere', '2f8952b0-c90c-4e3d-b546-52b862fc8f11')",P,1.503021152367994e-09,1.503021152367994e-09,1.0,1.6973366253890836e-14,1.6973366253890836e-14,dissipation
Zinc II,"('ecoinvent-3.12-biosphere', '5ce378a0-b48d-471c-977d-79681521efde')",Zn,1.4459911135405957e-09,1.4459911135405957e-09,1.0,1.0836576745711442e-13,1.0836576745711442e-13,dissipation
Zinc II,"('ecoinvent-3.12-biosphere', '2195d86f-e4c8-4e86-9f18-b5b065b1df7e')",Zn,1.4459911135405957e-09,1.4459911135405957e-09,1.0,1.0836576745711442e-13,1.0836576745711442e-13,dissipation
Zinc II,"('ecoinvent-3.12-biosphere', '8f871bab-96dc-49d9-bf08-12cdd0715901')",Zn,1.4459911135405957e-09,1.4459911135405957e-09,1.0,1.0836576745711442e-13,1.0836576745711442e-13,dissipation
Zinc II,"('ecoinvent-3.12-biosphere', '2c7be02c-791f-4fef-b231-b90321bbeb30')",Zn,1.4459911135405957e-09,1.4459911135405957e-09,1.0,1.0836576745711442e-13,1.0836576745711442e-13,dissipation
Zinc II,"('ecoinvent-3.12-biosphere', 'ada3ecfe-8244-4389-bcce-e83ca4f66e09')",Zn,1.4459911135405957e-09,1.4459911135405957e-09,1.0,1.0836576745711442e-13,1.0836576745711442e-13,dissipation
Zinc II,"('ecoinvent-3.12-biosphere', '87a69874-34f9-4070-a525-aa301ab2634b')",Zn,1.4459911135405957e-09,1.4459911135405957e-09,1.0,1.0836576745711442e-13,1.0836576745711442e-13,dissipation
Zinc II,"('ecoinvent-3.12-biosphere', '8d226423-1351-4366-b09f-d16c9e38683c')",Zn,1.4459911135405957e-09,1.4459911135405957e-09,1.0,1.0836576745711442e-13,1.0836576745711442e-13,dissipation
Zinc II,"('ecoinvent-3.12-biosphere', 'b88999ec-84fd-462d-9dec-7e20a4636a58')",Zn,1.4459911135405957e-09,1.4459911135405957e-09,1.0,1.0836576745711442e-13,1.0836576745711442e-13,dissipation
Zinc II,"('ecoinvent-3.12-biosphere', '84aa799e-9d98-4d34-85e0-516d28ab1be9')",Zn,1.4459911135405957e-09,1.4459911135405957e-09,1.0,1.0836576745711442e-13,1.0836576745711442e-13,dissipation
Zinc II,"('ecoinvent-3.12-biosphere', '541b633c-17a3-4047-bce6-0c0e4fdb7c10')",Zn,1.4459911135405957e-09,1.4459911135405957e-09,1.0,1.0836576745711442e-13,1.0836576745711442e-13,dissipation
Zinc II,"('ecoinvent-3.12-biosphere', '748f22a9-eba4-4726-bef5-92c7442ce189')",Zn,1.4459911135405957e-09,1.4459911135405957e-09,1.0,1.0836576745711442e-13,1.0836576745711442e-13,dissipation
Zinc II,"('ecoinvent-3.12-biosphere', 'bdce3a7c-e008-4391-be26-285f71a02453')",Zn,1.4459911135405957e-09,1.4459911135405957e-09,1.0,1.0836576745711442e-13,1.0836576745711442e-13,dissipation
Zinc II,"('ecoinvent-3.12-biosphere', '7e769b3e-03fb-4b53-be15-85a910dcfea9')",Zn,1.4459911135405957e-09,1.4459911135405957e-09,1.0,1.0836576745711442e-13,1.0836576745711442e-13,dissipation
Zinc II,"('ecoinvent-3.12-biosphere', '77887584-ddca-4920-952c-3609730e0c13')",Zn,1.4459911135405957e-09,1.4459911135405957e-09,1.0,1.0836576745711442e-13,1.0836576745711442e-13,dissipation
Iron ion,"('ecoinvent-3.12-biosphere', 'ce567bdc-76ec-4ca0-be79-8bb796e448b3')",Fe,1.3491952123435448e-09,1.3491952123435448e-09,1.0,9.645225823667623e-15,9.645225823667623e-15,dissipation
Iron ion,"('ecoinvent-3.12-biosphere', '32cd0492-c0cb-4898-a2b1-675eedc5b688')",Fe,1.3491952123435448e-09,1.3491952123435448e-09,1.0,9.645225823667623e-15,9.645225823667623e-15,dissipation
Iron ion,"('ecoinvent-3.12-biosphere', '76152de4-9499-48f7-af98-a5d41842484a')",Fe,1.3491952123435448e-09,1.3491952123435448e-09,1.0,9.645225823667623e-15,9.645225823667623e-15,dissipation
Iron ion,"('ecoinvent-3.12-biosphere', 'db364689-e1a3-4629-8835-e6c59d6daf09')",Fe,1.3491952123435448e-09,1.3491952123435448e-09,1.0,9.645225823667623e-15,9.645225823667623e-15,dissipation
Iron ion,"('ecoinvent-3.12-biosphere', 'de444dc0-5964-4501-8367-50ba53bfc6b9')",Fe,1.3491952123435448e-09,1.3491952123435448e-09,1.0,9.645225823667623e-15,9.645225823667623e-15,dissipation
Iron ion,"('ecoinvent-3.12-biosphere', '33fd8342-58e7-45c9-ad92-0951c002c403')",Fe,1.3491952123435448e-09,1.3491952123435448e-09,1.0,9.645225823667623e-15,9.645225823667623e-15,dissipation
Iron ion,"('ecoinvent-3.12-biosphere', 'e8bd2edd-f937-49f6-9e8b-9f445278775e')",Fe,1.3491952123435448e-09,1.3491952123435448e-09,1.0,9.645225823667623e-15,9.645225823667623e-15,dissipation
Iron ion,"('ecoinvent-3.12-biosphere', '98693cdf-d9fc-43ed-bfe6-78dfe5742d33')",Fe,1.3491952123435448e-09,1.3491952123435448e-09,1.0,9.645225823667623e-15,9.645225823667623e-15,dissipation
Iron ion,"('ecoinvent-3.12-biosphere', '8dba66e2-0f2e-4038-84ef-1e40b4f573a6')",Fe,1.3491952123435448e-09,1.3491952123435448e-09,1.0,9.645225823667623e-15,9.645225823667623e-15,dissipation
Iron ion,"('ecoinvent-3.12-biosphere', '2c9a7182-37c8-4777-a37a-9a007c3edb2f')",Fe,1.3491952123435448e-09,1.3491952123435448e-09,1.0,9.645225823667623e-15,9.645225823667623e-15,dissipation
Iron ion,"('ecoinvent-3.12-biosphere', '7c335b9c-a403-47a8-bb6d-2e7d3c3a230e')",Fe,1.3491952123435448e-09,1.3491952123435448e-09,1.0,9.645225823667623e-15,9.645225823667623e-15,dissipation
Iron ion,"('ecoinvent-3.12-biosphere', 'c983ad54-12e9-47a5-b747-5e5c448e58e2')",Fe,1.3491952123435448e-09,1.3491952123435448e-09,1.0,9.645225823667623e-15,9.645225823667623e-15,dissipation
Iron ion,"('ecoinvent-3.12-biosphere', '9b6d6f07-ebc6-447d-a3c0-f2017d77d852')",Fe,1.3491952123435448e-09,1.3491952123435448e-09,1.0,9.645225823667623e-15,9.645225823667623e-15,dissipation
Chromium III,"('ecoinvent-3.12-biosphere', 'e34d3da4-a3d5-41be-84b5-458afe32c990')",Cr,1.3110196245038188e-09,1.3110196245038188e-09,1.0,3.1278613038877847e-13,3.1278613038877847e-13,dissipation
Chromium III,"('ecoinvent-3.12-biosphere', '6b29d83a-c43c-484c-8e73-474a8a22d71e')",Cr,1.3110196245038188e-09,1.3110196245038188e-09,1.0,3.1278613038877847e-13,3.1278613038877847e-13,dissipation
Chromium III,"('ecoinvent-3.12-biosphere', 'e142b577-e934-4085-9a07-3983d4d92afb')",Cr,1.3110196245038188e-09,1.3110196245038188e-09,1.0,3.1278613038877847e-13,3.1278613038877847e-13,dissipation
Chromium III,"('ecoinvent-3.12-biosphere', 'd9c23a8d-e7bf-4f70-8d22-b9ad8a653204')",Cr,1.3110196245038188e-09,1.3110196245038188e-09,1.0,3.1278613038877847e-13,3.1278613038877847e-13,dissipation
Chromium III,"('ecoinvent-3.12-biosphere', '2a5ed451-12a2-47db-b4dc-fa0bfbc01d79')",Cr,1.3110196245038188e-09,1.3110196245038188e-09,1.0,3.1278613038877847e-13,3.1278613038877847e-13,dissipation
Chromium III,"('ecoinvent-3.12-biosphere', '7705f0e1-5b14-44f4-b330-1245b5c7fc08')",Cr,1.3110196245038188e-09,1.3110196245038188e-09,1.0,3.1278613038877847e-13,3.1278613038877847e-13,dissipation
Chromium III,"('ecoinvent-3.12-biosphere', 'e65a9c58-21f1-48b6-b738-d05a8f10e5f3')",Cr,1.3110196245038188e-09,1.3110196245038188e-09,1.0,3.1278613038877847e-13,3.1278613038877847e-13,dissipation
Chromium III,"('ecoinvent-3.12-biosphere', '30f484ee-dec4-47ae-8e92-d00d4b93fe05')",Cr,1.3110196245038188e-09,1.3110196245038188e-09,1.0,3.1278613038877847e-13,3.1278613038877847e-13,dissipation
Chromium III,"('ecoinvent-3.12-biosphere', 'e7881581-21b3-4f5c-bd63-6b0684b5e712')",Cr,1.3110196245038188e-09,1.3110196245038188e-09,1.0,3.1278613038877847e-13,3.1278613038877847e-13,dissipation
Chromium III,"('ecoinvent-3.12-biosphere', '1c87de06-e58f-4684-a54c-d29f1a251a87')",Cr,1.3110196245038188e-09,1.3110196245038188e-09,1.0,3.1278613038877847e-13,3.1278613038877847e-13,dissipation
Chromium III,"('ecoinvent-3.12-biosphere', '4d40d8e3-9bc7-4ab1-ac5c-4f4a76fda8e5')",Cr,1.3110196245038188e-09,1.3110196245038188e-09,1.0,3.1278613038877847e-13,3.1278613038877847e-13,dissipation
Chromium III,"('ecoinvent-3.12-biosphere', 'd98f0ec0-bf19-4c90-a457-a8593dec497f')",Cr,1.3110196245038188e-09,1.3110196245038188e-09,1.0,3.1278613038877847e-13,3.1278613038877847e-13,dissipation
Chromium III,"('ecoinvent-3.12-biosphere', '591de726-f2c7-43ba-8e22-15fd08acc8dc')",Cr,1.3110196245038188e-09,1.3110196245038188e-09,1.0,3.1278613038877847e-13,3.1278613038877847e-13,dissipation
Chromium III,"('ecoinvent-3.12-biosphere', 'e0336c9b-a0ff-4ae3-b8bb-ca1e46bbbc11')",Cr,1.3110196245038188e-09,1.3110196245038188e-09,1.0,3.1278613038877847e-13,3.1278613038877847e-13,dissipation
Phosphorus,"('ecoinvent-3.12-biosphere', 'b6e2f7f4-6b2e-4b3e-be1f-67626cb8205d')",P,1.16634066868867e-09,1.16634066868867e-09,1.0,1.6973366253890836e-14,1.6973366253890836e-14,dissipation
Phosphorus,"('ecoinvent-3.12-biosphere', 'd761f94e-517d-41cf-89fa-17dc72f7a69b')",P,1.16634066868867e-09,1.16634066868867e-09,1.0,1.6973366253890836e-14,1.6973366253890836e-14,dissipation
Phosphorus,"('ecoinvent-3.12-biosphere', '76b09afe-52b9-4ecc-b97a-00b49ad8ed1a')",P,1.16634066868867e-09,1.16634066868867e-09,1.0,1.6973366253890836e-14,1.6973366253890836e-14,dissipation
Phosphorus,"('ecoinvent-3.12-biosphere', '8b0a4a41-c65c-4d94-b10c-94ddb98abdd2')",P,1.16634066868867e-09,1.16634066868867e-09,1.0,1.6973366253890836e-14,1.6973366253890836e-14,dissipation
Phosphorus,"('ecoinvent-3.12-biosphere', '2d4b8ec1-8d53-4e62-8a11-ebc45909b02e')",P,1.16634066868867e-09,1.16634066868867e-09,1.0,1.6973366253890836e-14,1.6973366253890836e-14,dissipation
Phosphorus,"('ecoinvent-3.12-biosphere', 'b1fca66f-8e83-469a-a7b5-018e14d5d545')",P,1.16634066868867e-09,1.16634066868867e-09,1.0,1.6973366253890836e-14,1.6973366253890836e-14,dissipation
Phosphorus,"('ecoinvent-3.12-biosphere', 'c89a0749-40a5-4c9c-8770-c4295ea34977')",P,1.16634066868867e-09,1.16634066868867e-09,1.0,1.6973366253890836e-14,1.6973366253890836e-14,dissipation
Phosphorus,"('ecoinvent-3.12-biosphere', '62f3d964-9b53-4d01-9ee0-04112dcfc6d2')",P,1.16634066868867e-09,1.16634066868867e-09,1.0,1.6973366253890836e-14,1.6973366253890836e-14,dissipation
Phosphorus,"('ecoinvent-3.12-biosphere', 'b2631209-8374-431e-b7d5-56c96c6b6d79')",P,1.16634066868867e-09,1.16634066868867e-09,1.0,1.6973366253890836e-14,1.6973366253890836e-14,dissipation
Phosphorus,"('ecoinvent-3.12-biosphere', '198ce8e3-f05a-4bec-9f7f-325347453326')",P,1.16634066868867e-09,1.16634066868867e-09,1.0,1.6973366253890836e-14,1.6973366253890836e-14,dissipation
Phosphorus,"('ecoinvent-3.12-biosphere', 'ea4e9316-5080-4b3b-bbf3-1949f6d7577a')",P,1.16634066868867e-09,1.16634066868867e-09,1.0,1.6973366253890836e-14,1.6973366253890836e-14,dissipation
Phosphorus,"('ecoinvent-3.12-biosphere', 'e2d35af7-9806-46ff-9b75-b124a48fa5a1')",P,1.16634066868867e-09,1.16634066868867e-09,1.0,1.6973366253890836e-14,1.6973366253890836e-14,dissipation
Phosphorus,"('ecoinvent-3.12-biosphere', '2f8952b0-c90c-4e3d-b546-52b862fc8f11')",P,1.16634066868867e-09,1.16634066868867e-09,1.0,1.6973366253890836e-14,1.6973366253890836e-14,dissipation
Lead II,"('ecoinvent-3.12-biosphere', '31c4d160-b21e-41b3-b9c1-3d7a72377653')",Pb,1.0297992317036192e-09,1.0297992317036192e-09,1.0,1.1855254708054448e-13,1.1855254708054448e-13,dissipation
Lead II,"('ecoinvent-3.12-biosphere', '67652827-017f-4856-8d0a-c97bac4c6562')",Pb,1.0297992317036192e-09,1.0297992317036192e-09,1.0,1.1855254708054448e-13,1.1855254708054448e-13,dissipation
Lead II,"('ecoinvent-3.12-biosphere', '8e123669-94d3-41d8-9480-a79211fe7c43')",Pb,1.0297992317036192e-09,1.0297992317036192e-09,1.0,1.1855254708054448e-13,1.1855254708054448e-13,dissipation
Lead II,"('ecoinvent-3.12-biosphere', '2718482b-8399-442e-b89a-52fbcc22d2e6')",Pb,1.0297992317036192e-09,1.0297992317036192e-09,1.0,1.1855254708054448e-13,1.1855254708054448e-13,dissipation
Lead II,"('ecoinvent-3.12-biosphere', 'fe4613d7-1ed8-427d-9b06-c8e8f4f5e1b1')",Pb,1.0297992317036192e-09,1.0297992317036192e-09,1.0,1.1855254708054448e-13,1.1855254708054448e-13,dissipation
Lead II,"('ecoinvent-3.12-biosphere', 'c864aa15-0abc-41ad-9889-348106e485d8')",Pb,1.0297992317036192e-09,1.0297992317036192e-09,1.0,1.1855254708054448e-13,1.1855254708054448e-13,dissipation
Lead II,"('ecoinvent-3.12-biosphere', 'b3ebdcc3-c588-4997-95d2-9785b26b34e1')",Pb,1.0297992317036192e-09,1.0297992317036192e-09,1.0,1.1855254708054448e-13,1.1855254708054448e-13,dissipation
Lead II,"('ecoinvent-3.12-biosphere', '739234c8-5359-48b4-983f-9cb170d68c8d')",Pb,1.0297992317036192e-09,1.0297992317036192e-09,1.0,1.1855254708054448e-13,1.1855254708054448e-13,dissipation
Lead II,"('ecoinvent-3.12-biosphere', '9ee7f4ab-b826-47ae-8623-e138f944b42e')",Pb,1.0297992317036192e-09,1.0297992317036192e-09,1.0,1.1855254708054448e-13,1.1855254708054448e-13,dissipation
Lead II,"('ecoinvent-3.12-biosphere', '6a903634-c97f-4c49-a7c0-88f0e6ac7a23')",Pb,1.0297992317036192e-09,1.0297992317036192e-09,1.0,1.1855254708054448e-13,1.1855254708054448e-13,dissipation
Lead II,"('ecoinvent-3.12-biosphere', '4010918f-7fd0-4925-8fbb-8fd7a44a806c')",Pb,1.0297992317036192e-09,1.0297992317036192e-09,1.0,1.1855254708054448e-13,1.1855254708054448e-13,dissipation
Lead II,"('ecoinvent-3.12-biosphere', 'e9e856c2-868e-435e-8425-8df1c9297cfc')",Pb,1.0297992317036192e-09,1.0297992317036192e-09,1.0,1.1855254708054448e-13,1.1855254708054448e-13,dissipation
Lead II,"('ecoinvent-3.12-biosphere', '837083ce-41cd-49f3-a849-d79564dac238')",Pb,1.0297992317036192e-09,1.0297992317036192e-09,1.0,1.1855254708054448e-13,1.1855254708054448e-13,dissipation
Lead II,"('ecoinvent-3.12-biosphere', '0ff15165-d761-48c9-9814-2d1dcdd56857')",Pb,1.0297992317036192e-09,1.0297992317036192e-09,1.0,1.1855254708054448e-13,1.1855254708054448e-13,dissipation
Lead II,"('ecoinvent-3.12-biosphere', '31c4d160-b21e-41b3-b9c1-3d7a72377653')",Pb,9.370528943097465e-10,9.370528943097465e-10,1.0,1.1855254708054448e-13,1.1855254708054448e-13,dissipation
Lead II,"('ecoinvent-3.12-biosphere', '67652827-017f-4856-8d0a-c97bac4c6562')",Pb,9.370528943097465e-10,9.370528943097465e-10,1.0,1.1855254708054448e-13,1.1855254708054448e-13,dissipation
Lead II,"('ecoinvent-3.12-biosphere', '8e123669-94d3-41d8-9480-a79211fe7c43')",Pb,9.370528943097465e-10,9.370528943097465e-10,1.0,1.1855254708054448e-13,1.1855254708054448e-13,dissipation
Lead II,"('ecoinvent-3.12-biosphere', '2718482b-8399-442e-b89a-52fbcc22d2e6')",Pb,9.370528943097465e-10,9.370528943097465e-10,1.0,1.1855254708054448e-13,1.1855254708054448e-13,dissipation
Lead II,"('ecoinvent-3.12-biosphere', 'fe4613d7-1ed8-427d-9b06-c8e8f4f5e1b1')",Pb,9.370528943097465e-10,9.370528943097465e-10,1.0,1.1855254708054448e-13,1.1855254708054448e-13,dissipation
Lead II,"('ecoinvent-3.12-biosphere', 'c864aa15-0abc-41ad-9889-348106e485d8')",Pb,9.370528943097465e-10,9.370528943097465e-10,1.0,1.1855254708054448e-13,1.1855254708054448e-13,dissipation
Lead II,"('ecoinvent-3.12-biosphere', 'b3ebdcc3-c588-4997-95d2-9785b26b34e1')",Pb,9.370528943097465e-10,9.370528943097465e-10,1.0,1.1855254708054448e-13,1.1855254708054448e-13,dissipation
Lead II,"('ecoinvent-3.12-biosphere', '739234c8-5359-48b4-983f-9cb170d68c8d')",Pb,9.370528943097465e-10,9.370528943097465e-10,1.0,1.1855254708054448e-13,1.1855254708054448e-13,dissipation
Lead II,"('ecoinvent-3.12-biosphere', '9ee7f4ab-b826-47ae-8623-e138f944b42e')",Pb,9.370528943097465e-10,9.370528943097465e-10,1.0,1.1855254708054448e-13,1.1855254708054448e-13,dissipation
Lead II,"('ecoinvent-3.12-biosphere', '6a903634-c97f-4c49-a7c0-88f0e6ac7a23')",Pb,9.370528943097465e-10,9.370528943097465e-10,1.0,1.1855254708054448e-13,1.1855254708054448e-13,dissipation
Lead II,"('ecoinvent-3.12-biosphere', '4010918f-7fd0-4925-8fbb-8fd7a44a806c')",Pb,9.370528943097465e-10,9.370528943097465e-10,1.0,1.1855254708054448e-13,1.1855254708054448e-13,dissipation
Lead II,"('ecoinvent-3.12-biosphere', 'e9e856c2-868e-435e-8425-8df1c9297cfc')",Pb,9.370528943097465e-10,9.370528943097465e-10,1.0,1.1855254708054448e-13,1.1855254708054448e-13,dissipation
Lead II,"('ecoinvent-3.12-biosphere', '837083ce-41cd-49f3-a849-d79564dac238')",Pb,9.370528943097465e-10,9.370528943097465e-10,1.0,1.1855254708054448e-13,1.1855254708054448e-13,dissipation
Lead II,"('ecoinvent-3.12-biosphere', '0ff15165-d761-48c9-9814-2d1dcdd56857')",Pb,9.370528943097465e-10,9.370528943097465e-10,1.0,1.1855254708054448e-13,1.1855254708054448e-13,dissipation
Antimony ion,"('ecoinvent-3.12-biosphere', '77927dac-dea3-429d-a434-d5a71d92c4f7')",Sb,9.233480930490284e-10,9.233480930490284e-10,1.0,2.1834077210692158e-11,2.1834077210692158e-11,dissipation
Antimony ion,"('ecoinvent-3.12-biosphere', 'b2dc8668-86de-4207-b20e-dc81dea63c98')",Sb,9.233480930490284e-10,9.233480930490284e-10,1.0,2.1834077210692158e-11,2.1834077210692158e-11,dissipation
Antimony ion,"('ecoinvent-3.12-biosphere', 'f4cf8d5c-f030-4b55-a3af-e3c20b855ee8')",Sb,9.233480930490284e-10,9.233480930490284e-10,1.0,2.1834077210692158e-11,2.1834077210692158e-11,dissipation
Antimony ion,"('ecoinvent-3.12-biosphere', 'c49fb4cd-eed0-4438-9052-9612473cdbae')",Sb,9.233480930490284e-10,9.233480930490284e-10,1.0,2.1834077210692158e-11,2.1834077210692158e-11,dissipation
Antimony ion,"('ecoinvent-3.12-biosphere', '5df5cb9f-812c-4ce8-ab1c-df6ab4d31900')",Sb,9.233480930490284e-10,9.233480930490284e-10,1.0,2.1834077210692158e-11,2.1834077210692158e-11,dissipation
Antimony ion,"('ecoinvent-3.12-biosphere', '7805afa2-d93b-40bb-b841-325b98aec824')",Sb,9.233480930490284e-10,9.233480930490284e-10,1.0,2.1834077210692158e-11,2.1834077210692158e-11,dissipation
Antimony ion,"('ecoinvent-3.12-biosphere', '34b96163-a3df-4bc1-8224-e2a9fe01b23f')",Sb,9.233480930490284e-10,9.233480930490284e-10,1.0,2.1834077210692158e-11,2.1834077210692158e-11,dissipation
Antimony ion,"('ecoinvent-3.12-biosphere', '83cf77ca-867b-4eef-b0f0-78d71b3d91d5')",Sb,9.233480930490284e-10,9.233480930490284e-10,1.0,2.1834077210692158e-11,2.1834077210692158e-11,dissipation
Antimony ion,"('ecoinvent-3.12-biosphere', '183f9856-03ab-464d-9366-8ef62077b510')",Sb,9.233480930490284e-10,9.233480930490284e-10,1.0,2.1834077210692158e-11,2.1834077210692158e-11,dissipation
Antimony ion,"('ecoinvent-3.12-biosphere', '3ea5684a-6d64-4f96-8c09-1d90f997c9d4')",Sb,9.233480930490284e-10,9.233480930490284e-10,1.0,2.1834077210692158e-11,2.1834077210692158e-11,dissipation
Antimony ion,"('ecoinvent-3.12-biosphere', 'fa39136e-1ef6-43c1-af68-104da104568d')",Sb,9.233480930490284e-10,9.233480930490284e-10,1.0,2.1834077210692158e-11,2.1834077210692158e-11,dissipation
Antimony ion,"('ecoinvent-3.12-biosphere', '2b2369a4-26bb-4b18-8479-752fdf7a5e7f')",Sb,9.233480930490284e-10,9.233480930490284e-10,1.0,2.1834077210692158e-11,2.1834077210692158e-11,dissipation
Antimony ion,"('ecoinvent-3.12-biosphere', '43b29ad9-26dd-4838-b931-6216e55a0120')",Sb,9.233480930490284e-10,9.233480930490284e-10,1.0,2.1834077210692158e-11,2.1834077210692158e-11,dissipation
Chromium III,"('ecoinvent-3.12-biosphere', 'e34d3da4-a3d5-41be-84b5-458afe32c990')",Cr,8.296885115846552e-10,8.296885115846552e-10,1.0,3.1278613038877847e-13,3.1278613038877847e-13,dissipation
Chromium III,"('ecoinvent-3.12-biosphere', '6b29d83a-c43c-484c-8e73-474a8a22d71e')",Cr,8.296885115846552e-10,8.296885115846552e-10,1.0,3.1278613038877847e-13,3.1278613038877847e-13,dissipation
Chromium III,"('ecoinvent-3.12-biosphere', 'e142b577-e934-4085-9a07-3983d4d92afb')",Cr,8.296885115846552e-10,8.296885115846552e-10,1.0,3.1278613038877847e-13,3.1278613038877847e-13,dissipation
Chromium III,"('ecoinvent-3.12-biosphere', 'd9c23a8d-e7bf-4f70-8d22-b9ad8a653204')",Cr,8.296885115846552e-10,8.296885115846552e-10,1.0,3.1278613038877847e-13,3.1278613038877847e-13,dissipation
Chromium III,"('ecoinvent-3.12-biosphere', '2a5ed451-12a2-47db-b4dc-fa0bfbc01d79')",Cr,8.296885115846552e-10,8.296885115846552e-10,1.0,3.1278613038877847e-13,3.1278613038877847e-13,dissipation
Chromium III,"('ecoinvent-3.12-biosphere', '7705f0e1-5b14-44f4-b330-1245b5c7fc08')",Cr,8.296885115846552e-10,8.296885115846552e-10,1.0,3.1278613038877847e-13,3.1278613038877847e-13,dissipation
Chromium III,"('ecoinvent-3.12-biosphere', 'e65a9c58-21f1-48b6-b738-d05a8f10e5f3')",Cr,8.296885115846552e-10,8.296885115846552e-10,1.0,3.1278613038877847e-13,3.1278613038877847e-13,dissipation
Chromium III,"('ecoinvent-3.12-biosphere', '30f484ee-dec4-47ae-8e92-d00d4b93fe05')",Cr,8.296885115846552e-10,8.296885115846552e-10,1.0,3.1278613038877847e-13,3.1278613038877847e-13,dissipation
Chromium III,"('ecoinvent-3.12-biosphere', 'e7881581-21b3-4f5c-bd63-6b0684b5e712')",Cr,8.296885115846552e-10,8.296885115846552e-10,1.0,3.1278613038877847e-13,3.1278613038877847e-13,dissipation
Chromium III,"('ecoinvent-3.12-biosphere', '1c87de06-e58f-4684-a54c-d29f1a251a87')",Cr,8.296885115846552e-10,8.296885115846552e-10,1.0,3.1278613038877847e-13,3.1278613038877847e-13,dissipation
Chromium III,"('ecoinvent-3.12-biosphere', '4d40d8e3-9bc7-4ab1-ac5c-4f4a76fda8e5')",Cr,8.296885115846552e-10,8.296885115846552e-10,1.0,3.1278613038877847e-13,3.1278613038877847e-13,dissipation
Chromium III,"('ecoinvent-3.12-biosphere', 'd98f0ec0-bf19-4c90-a457-a8593dec497f')",Cr,8.296885115846552e-10,8.296885115846552e-10,1.0,3.1278613038877847e-13,3.1278613038877847e-13,dissipation
Chromium III,"('ecoinvent-3.12-biosphere', '591de726-f2c7-43ba-8e22-15fd08acc8dc')",Cr,8.296885115846552e-10,8.296885115846552e-10,1.0,3.1278613038877847e-13,3.1278613038877847e-13,dissipation
Chromium III,"('ecoinvent-3.12-biosphere', 'e0336c9b-a0ff-4ae3-b8bb-ca1e46bbbc11')",Cr,8.296885115846552e-10,8.296885115846552e-10,1.0,3.1278613038877847e-13,3.1278613038877847e-13,dissipation
Antimony ion,"('ecoinvent-3.12-biosphere', '77927dac-dea3-429d-a434-d5a71d92c4f7')",Sb,7.962519521263118e-10,7.962519521263118e-10,1.0,2.1834077210692158e-11,2.1834077210692158e-11,dissipation
Antimony ion,"('ecoinvent-3.12-biosphere', 'b2dc8668-86de-4207-b20e-dc81dea63c98')",Sb,7.962519521263118e-10,7.962519521263118e-10,1.0,2.1834077210692158e-11,2.1834077210692158e-11,dissipation
Antimony ion,"('ecoinvent-3.12-biosphere', 'f4cf8d5c-f030-4b55-a3af-e3c20b855ee8')",Sb,7.962519521263118e-10,7.962519521263118e-10,1.0,2.1834077210692158e-11,2.1834077210692158e-11,dissipation
Antimony ion,"('ecoinvent-3.12-biosphere', 'c49fb4cd-eed0-4438-9052-9612473cdbae')",Sb,7.962519521263118e-10,7.962519521263118e-10,1.0,2.1834077210692158e-11,2.1834077210692158e-11,dissipation
Antimony ion,"('ecoinvent-3.12-biosphere', '5df5cb9f-812c-4ce8-ab1c-df6ab4d31900')",Sb,7.962519521263118e-10,7.962519521263118e-10,1.0,2.1834077210692158e-11,2.1834077210692158e-11,dissipation
Antimony ion,"('ecoinvent-3.12-biosphere', '7805afa2-d93b-40bb-b841-325b98aec824')",Sb,7.962519521263118e-10,7.962519521263118e-10,1.0,2.1834077210692158e-11,2.1834077210692158e-11,dissipation
Antimony ion,"('ecoinvent-3.12-biosphere', '34b96163-a3df-4bc1-8224-e2a9fe01b23f')",Sb,7.962519521263118e-10,7.962519521263118e-10,1.0,2.1834077210692158e-11,2.1834077210692158e-11,dissipation
Antimony ion,"('ecoinvent-3.12-biosphere', '83cf77ca-867b-4eef-b0f0-78d71b3d91d5')",Sb,7.962519521263118e-10,7.962519521263118e-10,1.0,2.1834077210692158e-11,2.1834077210692158e-11,dissipation
Antimony ion,"('ecoinvent-3.12-biosphere', '183f9856-03ab-464d-9366-8ef62077b510')",Sb,7.962519521263118e-10,7.962519521263118e-10,1.0,2.1834077210692158e-11,2.1834077210692158e-11,dissipation
Antimony ion,"('ecoinvent-3.12-biosphere', '3ea5684a-6d64-4f96-8c09-1d90f997c9d4')",Sb,7.962519521263118e-10,7.962519521263118e-10,1.0,2.1834077210692158e-11,2.1834077210692158e-11,dissipation
Antimony ion,"('ecoinvent-3.12-biosphere', 'fa39136e-1ef6-43c1-af68-104da104568d')",Sb,7.962519521263118e-10,7.962519521263118e-10,1.0,2.1834077210692158e-11,2.1834077210692158e-11,dissipation
Antimony ion,"('ecoinvent-3.12-biosphere', '2b2369a4-26bb-4b18-8479-752fdf7a5e7f')",Sb,7.962519521263118e-10,7.962519521263118e-10,1.0,2.1834077210692158e-11,2.1834077210692158e-11,dissipation
Antimony ion,"('ecoinvent-3.12-biosphere', '43b29ad9-26dd-4838-b931-6216e55a0120')",Sb,7.962519521263118e-10,7.962519521263118e-10,1.0,2.1834077210692158e-11,2.1834077210692158e-11,dissipation
Chromium VI,"('ecoinvent-3.12-biosphere', 'ef475b50-9cd0-4e7c-9c59-07868fe16e91')",Cr,7.272813287670913e-10,7.272813287670913e-10,1.0,3.1278613038877847e-13,3.1278613038877847e-13,dissipation
Chromium VI,"('ecoinvent-3.12-biosphere', 'c2e854f9-fe22-4fe7-9083-cf6d0a8c7254')",Cr,7.272813287670913e-10,7.272813287670913e-10,1.0,3.1278613038877847e-13,3.1278613038877847e-13,dissipation
Chromium VI,"('ecoinvent-3.12-biosphere', '01285299-c683-4e15-b654-201987a7a738')",Cr,7.272813287670913e-10,7.272813287670913e-10,1.0,3.1278613038877847e-13,3.1278613038877847e-13,dissipation
Chromium VI,"('ecoinvent-3.12-biosphere', '68ba2022-830e-45fb-8c85-b35e94754ae9')",Cr,7.272813287670913e-10,7.272813287670913e-10,1.0,3.1278613038877847e-13,3.1278613038877847e-13,dissipation
Chromium VI,"('ecoinvent-3.12-biosphere', '81e17d9a-3e0b-414e-9b2e-eca7e5b3bd4a')",Cr,7.272813287670913e-10,7.272813287670913e-10,1.0,3.1278613038877847e-13,3.1278613038877847e-13,dissipation
Chromium VI,"('ecoinvent-3.12-biosphere', '8ec83662-7c2b-4452-8acf-95a0bb94233c')",Cr,7.272813287670913e-10,7.272813287670913e-10,1.0,3.1278613038877847e-13,3.1278613038877847e-13,dissipation
Chromium VI,"('ecoinvent-3.12-biosphere', '8216fc31-15a1-4d33-858f-e09650b14c63')",Cr,7.272813287670913e-10,7.272813287670913e-10,1.0,3.1278613038877847e-13,3.1278613038877847e-13,dissipation
Chromium VI,"('ecoinvent-3.12-biosphere', '81b3321a-c9d8-4104-a974-5460f1bc5029')",Cr,7.272813287670913e-10,7.272813287670913e-10,1.0,3.1278613038877847e-13,3.1278613038877847e-13,dissipation
Chromium VI,"('ecoinvent-3.12-biosphere', '03b279a7-4626-4703-a451-d0650599dbd9')",Cr,7.272813287670913e-10,7.272813287670913e-10,1.0,3.1278613038877847e-13,3.1278613038877847e-13,dissipation
Chromium VI,"('ecoinvent-3.12-biosphere', 'a9ec0c9b-982a-4329-99ae-dab1f9fb62d3')",Cr,7.272813287670913e-10,7.272813287670913e-10,1.0,3.1278613038877847e-13,3.1278613038877847e-13,dissipation
Chromium VI,"('ecoinvent-3.12-biosphere', '58060894-19d9-4855-84d8-58935a5325f8')",Cr,7.272813287670913e-10,7.272813287670913e-10,1.0,3.1278613038877847e-13,3.1278613038877847e-13,dissipation
Chromium VI,"('ecoinvent-3.12-biosphere', '7a59e8d5-cd11-4ee7-b1ca-30979d2b0b3a')",Cr,7.272813287670913e-10,7.272813287670913e-10,1.0,3.1278613038877847e-13,3.1278613038877847e-13,dissipation
Chromium VI,"('ecoinvent-3.12-biosphere', '9bbae55a-35de-4eff-a219-814a9fec5ac2')",Cr,7.272813287670913e-10,7.272813287670913e-10,1.0,3.1278613038877847e-13,3.1278613038877847e-13,dissipation
Manganese II,"('ecoinvent-3.12-biosphere', '835d0907-a668-4d92-b6b6-7b56fa343713')",Mn,6.985179055930564e-10,6.985179055930564e-10,1.0,6.485008032108113e-14,6.485008032108113e-14,dissipation
Manganese II,"('ecoinvent-3.12-biosphere', 'b0546417-3064-4878-bd6f-2da75cefdf63')",Mn,6.985179055930564e-10,6.985179055930564e-10,1.0,6.485008032108113e-14,6.485008032108113e-14,dissipation
Manganese II,"('ecoinvent-3.12-biosphere', 'f532985c-90b7-46fc-aac9-b039b40e22f1')",Mn,6.985179055930564e-10,6.985179055930564e-10,1.0,6.485008032108113e-14,6.485008032108113e-14,dissipation
Manganese II,"('ecoinvent-3.12-biosphere', '2460f868-54a9-404c-bec8-c809a44ae72c')",Mn,6.985179055930564e-10,6.985179055930564e-10,1.0,6.485008032108113e-14,6.485008032108113e-14,dissipation
Manganese II,"('ecoinvent-3.12-biosphere', 'c91fd4bf-ed70-4e2f-a34f-159773f981b6')",Mn,6.985179055930564e-10,6.985179055930564e-10,1.0,6.485008032108113e-14,6.485008032108113e-14,dissipation
Manganese II,"('ecoinvent-3.12-biosphere', '295060ba-3c3d-45e4-99ca-e17b1204b553')",Mn,6.985179055930564e-10,6.985179055930564e-10,1.0,6.485008032108113e-14,6.485008032108113e-14,dissipation
Manganese II,"('ecoinvent-3.12-biosphere', '0af26a55-d357-469f-abad-8ced785cb4fb')",Mn,6.985179055930564e-10,6.985179055930564e-10,1.0,6.485008032108113e-14,6.485008032108113e-14,dissipation
Manganese II,"('ecoinvent-3.12-biosphere', '10cbd2f7-c41b-4bb4-b636-d8fc15cf0282')",Mn,6.985179055930564e-10,6.985179055930564e-10,1.0,6.485008032108113e-14,6.485008032108113e-14,dissipation
Manganese II,"('ecoinvent-3.12-biosphere', '9ba8c05d-1593-45a5-8d3b-5c4f3e9fef32')",Mn,6.985179055930564e-10,6.985179055930564e-10,1.0,6.485008032108113e-14,6.485008032108113e-14,dissipation
Manganese II,"('ecoinvent-3.12-biosphere', '009a49e8-09a7-4432-9cb9-f2dd18e8f922')",Mn,6.985179055930564e-10,6.985179055930564e-10,1.0,6.485008032108113e-14,6.485008032108113e-14,dissipation
Manganese II,"('ecoinvent-3.12-biosphere', '9c706cff-cb82-4207-a589-95896e04dc08')",Mn,6.985179055930564e-10,6.985179055930564e-10,1.0,6.485008032108113e-14,6.485008032108113e-14,dissipation
Manganese II,"('ecoinvent-3.12-biosphere', '44f28e11-061d-44fd-8f25-dc62a9f1fa57')",Mn,6.985179055930564e-10,6.985179055930564e-10,1.0,6.485008032108113e-14,6.485008032108113e-14,dissipation
Manganese II,"('ecoinvent-3.12-biosphere', '6b7fbea6-4a86-40f9-954d-3c9b3611abfd')",Mn,6.985179055930564e-10,6.985179055930564e-10,1.0,6.485008032108113e-14,6.485008032108113e-14,dissipation
Nickel II,"('ecoinvent-3.12-biosphere', '5de1943f-b011-45a0-97d4-ed15eea6a382')",Ni,6.951094206630789e-10,6.951094206630789e-10,1.0,9.066741688482605e-14,9.066741688482605e-14,dissipation
Nickel II,"('ecoinvent-3.12-biosphere', 'c89873de-cd23-4323-a948-f5cfeebd2fc9')",Ni,6.951094206630789e-10,6.951094206630789e-10,1.0,9.066741688482605e-14,9.066741688482605e-14,dissipation
Nickel II,"('ecoinvent-3.12-biosphere', '23cb10a4-6228-4ce4-9fb5-7043bc31faec')",Ni,6.951094206630789e-10,6.951094206630789e-10,1.0,9.066741688482605e-14,9.066741688482605e-14,dissipation
Nickel II,"('ecoinvent-3.12-biosphere', '0545c382-2312-43b6-9ec3-63dbb1438565')",Ni,6.951094206630789e-10,6.951094206630789e-10,1.0,9.066741688482605e-14,9.066741688482605e-14,dissipation
Nickel II,"('ecoinvent-3.12-biosphere', '6ec6cdaa-5a01-46d4-b716-1905e56690ea')",Ni,6.951094206630789e-10,6.951094206630789e-10,1.0,9.066741688482605e-14,9.066741688482605e-14,dissipation
Nickel II,"('ecoinvent-3.12-biosphere', '9798359e-a3ee-4362-a038-23a188582c6e')",Ni,6.951094206630789e-10,6.951094206630789e-10,1.0,9.066741688482605e-14,9.066741688482605e-14,dissipation
Nickel II,"('ecoinvent-3.12-biosphere', 'e43a270f-4f88-4789-a0b8-7aba56677743')",Ni,6.951094206630789e-10,6.951094206630789e-10,1.0,9.066741688482605e-14,9.066741688482605e-14,dissipation
Nickel II,"('ecoinvent-3.12-biosphere', '2bcad3b3-5305-481c-a166-ad5e6eac2675')",Ni,6.951094206630789e-10,6.951094206630789e-10,1.0,9.066741688482605e-14,9.066741688482605e-14,dissipation
Nickel II,"('ecoinvent-3.12-biosphere', 'a5506f4b-113f-4713-95c3-c819dde6e48b')",Ni,6.951094206630789e-10,6.951094206630789e-10,1.0,9.066741688482605e-14,9.066741688482605e-14,dissipation
Nickel II,"('ecoinvent-3.12-biosphere', '9f69cb8e-51fe-447b-a1ac-4da74de8ebe4')",Ni,6.951094206630789e-10,6.951094206630789e-10,1.0,9.066741688482605e-14,9.066741688482605e-14,dissipation
Nickel II,"('ecoinvent-3.12-biosphere', 'b4580545-243d-48d2-a3a0-2633a4f46fb1')",Ni,6.951094206630789e-10,6.951094206630789e-10,1.0,9.066741688482605e-14,9.066741688482605e-14,dissipation
Nickel II,"('ecoinvent-3.12-biosphere', 'e8fc62ba-678e-4706-97d2-b79d83e227d5')",Ni,6.951094206630789e-10,6.951094206630789e-10,1.0,9.066741688482605e-14,9.066741688482605e-14,dissipation
Nickel II,"('ecoinvent-3.12-biosphere', 'a72a45ee-395a-4d25-b893-9d183e43e76e')",Ni,6.951094206630789e-10,6.951094206630789e-10,1.0,9.066741688482605e-14,9.066741688482605e-14,dissipation
Nickel II,"('ecoinvent-3.12-biosphere', '56815b4f-6138-4e0b-9fac-c94fd6b102b3')",Ni,6.951094206630789e-10,6.951094206630789e-10,1.0,9.066741688482605e-14,9.066741688482605e-14,dissipation
Cobalt II,"('ecoinvent-3.12-biosphere', '1e904267-caa3-40e6-a3a0-fc104489770b')",Co,6.789463186119246e-10,6.789463186119246e-10,1.0,1.9447495148453946e-12,1.9447495148453946e-12,dissipation
Cobalt II,"('ecoinvent-3.12-biosphere', 'd4291dd5-dae8-47fa-bf06-466fcecbc210')",Co,6.789463186119246e-10,6.789463186119246e-10,1.0,1.9447495148453946e-12,1.9447495148453946e-12,dissipation
Cobalt II,"('ecoinvent-3.12-biosphere', '381a22c9-3722-4378-810d-86958f7b6d32')",Co,6.789463186119246e-10,6.789463186119246e-10,1.0,1.9447495148453946e-12,1.9447495148453946e-12,dissipation
Cobalt II,"('ecoinvent-3.12-biosphere', '74eb3f02-09ec-46ce-8ee8-d67d0900136b')",Co,6.789463186119246e-10,6.789463186119246e-10,1.0,1.9447495148453946e-12,1.9447495148453946e-12,dissipation
Cobalt II,"('ecoinvent-3.12-biosphere', '33627701-feca-434d-a192-674a450eaaf7')",Co,6.789463186119246e-10,6.789463186119246e-10,1.0,1.9447495148453946e-12,1.9447495148453946e-12,dissipation
Cobalt II,"('ecoinvent-3.12-biosphere', 'f0e28a62-ddf9-4c93-af81-676a58c3f2d4')",Co,6.789463186119246e-10,6.789463186119246e-10,1.0,1.9447495148453946e-12,1.9447495148453946e-12,dissipation
Cobalt II,"('ecoinvent-3.12-biosphere', 'ca04300a-8338-4601-ba7c-66c10a4f6322')",Co,6.789463186119246e-10,6.789463186119246e-10,1.0,1.9447495148453946e-12,1.9447495148453946e-12,dissipation
Cobalt II,"('ecoinvent-3.12-biosphere', 'c58d25ad-30d2-4fac-a857-1fa6f67afe8a')",Co,6.789463186119246e-10,6.789463186119246e-10,1.0,1.9447495148453946e-12,1.9447495148453946e-12,dissipation
Cobalt II,"('ecoinvent-3.12-biosphere', 'f0d1c319-249f-4a89-b0e7-3a5a90a54036')",Co,6.789463186119246e-10,6.789463186119246e-10,1.0,1.9447495148453946e-12,1.9447495148453946e-12,dissipation
Cobalt II,"('ecoinvent-3.12-biosphere', 'b10faa87-2c1d-4f6e-aa65-9f80b376939a')",Co,6.789463186119246e-10,6.789463186119246e-10,1.0,1.9447495148453946e-12,1.9447495148453946e-12,dissipation
Cobalt II,"('ecoinvent-3.12-biosphere', 'caf066cf-40ce-47a8-ba4c-969fcd6019c7')",Co,6.789463186119246e-10,6.789463186119246e-10,1.0,1.9447495148453946e-12,1.9447495148453946e-12,dissipation
Cobalt II,"('ecoinvent-3.12-biosphere', '12051b95-831a-49c0-9a70-fbc0e8fb9af9')",Co,6.789463186119246e-10,6.789463186119246e-10,1.0,1.9447495148453946e-12,1.9447495148453946e-12,dissipation
Cobalt II,"('ecoinvent-3.12-biosphere', '9542444c-7c7a-48e2-bc9c-9c7c34fb7b3e')",Co,6.789463186119246e-10,6.789463186119246e-10,1.0,1.9447495148453946e-12,1.9447495148453946e-12,dissipation
Manganese II,"('ecoinvent-3.12-biosphere', '835d0907-a668-4d92-b6b6-7b56fa343713')",Mn,6.721141639417631e-10,6.721141639417631e-10,1.0,6.485008032108113e-14,6.485008032108113e-14,dissipation
Manganese II,"('ecoinvent-3.12-biosphere', 'b0546417-3064-4878-bd6f-2da75cefdf63')",Mn,6.721141639417631e-10,6.721141639417631e-10,1.0,6.485008032108113e-14,6.485008032108113e-14,dissipation
Manganese II,"('ecoinvent-3.12-biosphere', 'f532985c-90b7-46fc-aac9-b039b40e22f1')",Mn,6.721141639417631e-10,6.721141639417631e-10,1.0,6.485008032108113e-14,6.485008032108113e-14,dissipation
Manganese II,"('ecoinvent-3.12-biosphere', '2460f868-54a9-404c-bec8-c809a44ae72c')",Mn,6.721141639417631e-10,6.721141639417631e-10,1.0,6.485008032108113e-14,6.485008032108113e-14,dissipation
Manganese II,"('ecoinvent-3.12-biosphere', 'c91fd4bf-ed70-4e2f-a34f-159773f981b6')",Mn,6.721141639417631e-10,6.721141639417631e-10,1.0,6.485008032108113e-14,6.485008032108113e-14,dissipation
Manganese II,"('ecoinvent-3.12-biosphere', '295060ba-3c3d-45e4-99ca-e17b1204b553')",Mn,6.721141639417631e-10,6.721141639417631e-10,1.0,6.485008032108113e-14,6.485008032108113e-14,dissipation
Manganese II,"('ecoinvent-3.12-biosphere', '0af26a55-d357-469f-abad-8ced785cb4fb')",Mn,6.721141639417631e-10,6.721141639417631e-10,1.0,6.485008032108113e-14,6.485008032108113e-14,dissipation
Manganese II,"('ecoinvent-3.12-biosphere', '10cbd2f7-c41b-4bb4-b636-d8fc15cf0282')",Mn,6.721141639417631e-10,6.721141639417631e-10,1.0,6.485008032108113e-14,6.485008032108113e-14,dissipation
Manganese II,"('ecoinvent-3.12-biosphere', '9ba8c05d-1593-45a5-8d3b-5c4f3e9fef32')",Mn,6.721141639417631e-10,6.721141639417631e-10,1.0,6.485008032108113e-14,6.485008032108113e-14,dissipation
Manganese II,"('ecoinvent-3.12-biosphere', '009a49e8-09a7-4432-9cb9-f2dd18e8f922')",Mn,6.721141639417631e-10,6.721141639417631e-10,1.0,6.485008032108113e-14,6.485008032108113e-14,dissipation
Manganese II,"('ecoinvent-3.12-biosphere', '9c706cff-cb82-4207-a589-95896e04dc08')",Mn,6.721141639417631e-10,6.721141639417631e-10,1.0,6.485008032108113e-14,6.485008032108113e-14,dissipation
Manganese II,"('ecoinvent-3.12-biosphere', '44f28e11-061d-44fd-8f25-dc62a9f1fa57')",Mn,6.721141639417631e-10,6.721141639417631e-10,1.0,6.485008032108113e-14,6.485008032108113e-14,dissipation
Manganese II,"('ecoinvent-3.12-biosphere', '6b7fbea6-4a86-40f9-954d-3c9b3611abfd')",Mn,6.721141639417631e-10,6.721141639417631e-10,1.0,6.485008032108113e-14,6.485008032108113e-14,dissipation
Zinc II,"('ecoinvent-3.12-biosphere', '5ce378a0-b48d-471c-977d-79681521efde')",Zn,6.581770658323452e-10,6.581770658323452e-10,1.0,1.0836576745711442e-13,1.0836576745711442e-13,dissipation
Zinc II,"('ecoinvent-3.12-biosphere', '2195d86f-e4c8-4e86-9f18-b5b065b1df7e')",Zn,6.581770658323452e-10,6.581770658323452e-10,1.0,1.0836576745711442e-13,1.0836576745711442e-13,dissipation
Zinc II,"('ecoinvent-3.12-biosphere', '8f871bab-96dc-49d9-bf08-12cdd0715901')",Zn,6.581770658323452e-10,6.581770658323452e-10,1.0,1.0836576745711442e-13,1.0836576745711442e-13,dissipation
Zinc II,"('ecoinvent-3.12-biosphere', '2c7be02c-791f-4fef-b231-b90321bbeb30')",Zn,6.581770658323452e-10,6.581770658323452e-10,1.0,1.0836576745711442e-13,1.0836576745711442e-13,dissipation
Zinc II,"('ecoinvent-3.12-biosphere', 'ada3ecfe-8244-4389-bcce-e83ca4f66e09')",Zn,6.581770658323452e-10,6.581770658323452e-10,1.0,1.0836576745711442e-13,1.0836576745711442e-13,dissipation
Zinc II,"('ecoinvent-3.12-biosphere', '87a69874-34f9-4070-a525-aa301ab2634b')",Zn,6.581770658323452e-10,6.581770658323452e-10,1.0,1.0836576745711442e-13,1.0836576745711442e-13,dissipation
Zinc II,"('ecoinvent-3.12-biosphere', '8d226423-1351-4366-b09f-d16c9e38683c')",Zn,6.581770658323452e-10,6.581770658323452e-10,1.0,1.0836576745711442e-13,1.0836576745711442e-13,dissipation
Zinc II,"('ecoinvent-3.12-biosphere', 'b88999ec-84fd-462d-9dec-7e20a4636a58')",Zn,6.581770658323452e-10,6.581770658323452e-10,1.0,1.0836576745711442e-13,1.0836576745711442e-13,dissipation
Zinc II,"('ecoinvent-3.12-biosphere', '84aa799e-9d98-4d34-85e0-516d28ab1be9')",Zn,6.581770658323452e-10,6.581770658323452e-10,1.0,1.0836576745711442e-13,1.0836576745711442e-13,dissipation
Zinc II,"('ecoinvent-3.12-biosphere', '541b633c-17a3-4047-bce6-0c0e4fdb7c10')",Zn,6.581770658323452e-10,6.581770658323452e-10,1.0,1.0836576745711442e-13,1.0836576745711442e-13,dissipation
Zinc II,"('ecoinvent-3.12-biosphere', '748f22a9-eba4-4726-bef5-92c7442ce189')",Zn,6.581770658323452e-10,6.581770658323452e-10,1.0,1.0836576745711442e-13,1.0836576745711442e-13,dissipation
Zinc II,"('ecoinvent-3.12-biosphere', 'bdce3a7c-e008-4391-be26-285f71a02453')",Zn,6.581770658323452e-10,6.581770658323452e-10,1.0,1.0836576745711442e-13,1.0836576745711442e-13,dissipation
Zinc II,"('ecoinvent-3.12-biosphere', '7e769b3e-03fb-4b53-be15-85a910dcfea9')",Zn,6.581770658323452e-10,6.581770658323452e-10,1.0,1.0836576745711442e-13,1.0836576745711442e-13,dissipation
Zinc II,"('ecoinvent-3.12-biosphere', '77887584-ddca-4920-952c-3609730e0c13')",Zn,6.581770658323452e-10,6.581770658323452e-10,1.0,1.0836576745711442e-13,1.0836576745711442e-13,dissipation
Iron ion,"('ecoinvent-3.12-biosphere', 'ce567bdc-76ec-4ca0-be79-8bb796e448b3')",Fe,6.581493802478553e-10,6.581493802478553e-10,1.0,9.645225823667623e-15,9.645225823667623e-15,dissipation
Iron ion,"('ecoinvent-3.12-biosphere', '32cd0492-c0cb-4898-a2b1-675eedc5b688')",Fe,6.581493802478553e-10,6.581493802478553e-10,1.0,9.645225823667623e-15,9.645225823667623e-15,dissipation
Iron ion,"('ecoinvent-3.12-biosphere', '76152de4-9499-48f7-af98-a5d41842484a')",Fe,6.581493802478553e-10,6.581493802478553e-10,1.0,9.645225823667623e-15,9.645225823667623e-15,dissipation
Iron ion,"('ecoinvent-3.12-biosphere', 'db364689-e1a3-4629-8835-e6c59d6daf09')",Fe,6.581493802478553e-10,6.581493802478553e-10,1.0,9.645225823667623e-15,9.645225823667623e-15,dissipation
Iron ion,"('ecoinvent-3.12-biosphere', 'de444dc0-5964-4501-8367-50ba53bfc6b9')",Fe,6.581493802478553e-10,6.581493802478553e-10,1.0,9.645225823667623e-15,9.645225823667623e-15,dissipation
Iron ion,"('ecoinvent-3.12-biosphere', '33fd8342-58e7-45c9-ad92-0951c002c403')",Fe,6.581493802478553e-10,6.581493802478553e-10,1.0,9.645225823667623e-15,9.645225823667623e-15,dissipation
Iron ion,"('ecoinvent-3.12-biosphere', 'e8bd2edd-f937-49f6-9e8b-9f445278775e')",Fe,6.581493802478553e-10,6.581493802478553e-10,1.0,9.645225823667623e-15,9.645225823667623e-15,dissipation
Iron ion,"('ecoinvent-3.12-biosphere', '98693cdf-d9fc-43ed-bfe6-78dfe5742d33')",Fe,6.581493802478553e-10,6.581493802478553e-10,1.0,9.645225823667623e-15,9.645225823667623e-15,dissipation
Iron ion,"('ecoinvent-3.12-biosphere', '8dba66e2-0f2e-4038-84ef-1e40b4f573a6')",Fe,6.581493802478553e-10,6.581493802478553e-10,1.0,9.645225823667623e-15,9.645225823667623e-15,dissipation
Iron ion,"('ecoinvent-3.12-biosphere', '2c9a7182-37c8-4777-a37a-9a007c3edb2f')",Fe,6.581493802478553e-10,6.581493802478553e-10,1.0,9.645225823667623e-15,9.645225823667623e-15,dissipation
Iron ion,"('ecoinvent-3.12-biosphere', '7c335b9c-a403-47a8-bb6d-2e7d3c3a230e')",Fe,6.581493802478553e-10,6.581493802478553e-10,1.0,9.645225823667623e-15,9.645225823667623e-15,dissipation
Iron ion,"('ecoinvent-3.12-biosphere', 'c983ad54-12e9-47a5-b747-5e5c448e58e2')",Fe,6.581493802478553e-10,6.581493802478553e-10,1.0,9.645225823667623e-15,9.645225823667623e-15,dissipation
Iron ion,"('ecoinvent-3.12-biosphere', '9b6d6f07-ebc6-447d-a3c0-f2017d77d852')",Fe,6.581493802478553e-10,6.581493802478553e-10,1.0,9.645225823667623e-15,9.645225823667623e-15,dissipation
Aluminium III,"('ecoinvent-3.12-biosphere', '0ace7678-a181-48e8-8728-d912a8b56c57')",Al,6.421069369259941e-10,6.421069369259941e-10,1.0,6.422536676269254e-14,6.422536676269254e-14,dissipation
Aluminium III,"('ecoinvent-3.12-biosphere', '2e0c9efa-d55c-49db-8be3-0376d5921ff4')",Al,6.421069369259941e-10,6.421069369259941e-10,1.0,6.422536676269254e-14,6.422536676269254e-14,dissipation
Aluminium III,"('ecoinvent-3.12-biosphere', '9c3bd678-1b2f-4b95-a245-d5c8a3fe326b')",Al,6.421069369259941e-10,6.421069369259941e-10,1.0,6.422536676269254e-14,6.422536676269254e-14,dissipation
Aluminium III,"('ecoinvent-3.12-biosphere', 'e0401210-0377-4670-84af-12247ca20bed')",Al,6.421069369259941e-10,6.421069369259941e-10,1.0,6.422536676269254e-14,6.422536676269254e-14,dissipation
Aluminium III,"('ecoinvent-3.12-biosphere', '765546a9-b056-4d27-ad14-2f016511bdcb')",Al,6.421069369259941e-10,6.421069369259941e-10,1.0,6.422536676269254e-14,6.422536676269254e-14,dissipation
Aluminium III,"('ecoinvent-3.12-biosphere', '7880e65c-0321-4295-ba55-3186ad36e489')",Al,6.421069369259941e-10,6.421069369259941e-10,1.0,6.422536676269254e-14,6.422536676269254e-14,dissipation
Aluminium III,"('ecoinvent-3.12-biosphere', '6f0b8b7c-3888-4174-b7e3-916d42d678ee')",Al,6.421069369259941e-10,6.421069369259941e-10,1.0,6.422536676269254e-14,6.422536676269254e-14,dissipation
Aluminium III,"('ecoinvent-3.12-biosphere', '2baa4381-b781-4f5e-90de-508b0fa3fd1f')",Al,6.421069369259941e-10,6.421069369259941e-10,1.0,6.422536676269254e-14,6.422536676269254e-14,dissipation
Aluminium III,"('ecoinvent-3.12-biosphere', '01056d4b-f9b0-4dfc-b8d9-8407c8376efb')",Al,6.421069369259941e-10,6.421069369259941e-10,1.0,6.422536676269254e-14,6.422536676269254e-14,dissipation
Aluminium III,"('ecoinvent-3.12-biosphere', '46e63323-cffd-4c46-829b-5f006b50fa9b')",Al,6.421069369259941e-10,6.421069369259941e-10,1.0,6.422536676269254e-14,6.422536676269254e-14,dissipation
Aluminium III,"('ecoinvent-3.12-biosphere', '39555a26-d28b-425f-993f-e8770ab7d9cf')",Al,6.421069369259941e-10,6.421069369259941e-10,1.0,6.422536676269254e-14,6.422536676269254e-14,dissipation
Aluminium III,"('ecoinvent-3.12-biosphere', '97e498ec-f323-4ec6-bcc0-d8a4c853bae3')",Al,6.421069369259941e-10,6.421069369259941e-10,1.0,6.422536676269254e-14,6.422536676269254e-14,dissipation
Aluminium III,"('ecoinvent-3.12-biosphere', 'ff65658c-2d39-44a2-b23e-7ec3c644f064')",Al,6.421069369259941e-10,6.421069369259941e-10,1.0,6.422536676269254e-14,6.422536676269254e-14,dissipation
Cobalt II,"('ecoinvent-3.12-biosphere', '1e904267-caa3-40e6-a3a0-fc104489770b')",Co,6.277240459888058e-10,6.277240459888058e-10,1.0,1.9447495148453946e-12,1.9447495148453946e-12,dissipation
Cobalt II,"('ecoinvent-3.12-biosphere', 'd4291dd5-dae8-47fa-bf06-466fcecbc210')",Co,6.277240459888058e-10,6.277240459888058e-10,1.0,1.9447495148453946e-12,1.9447495148453946e-12,dissipation
Cobalt II,"('ecoinvent-3.12-biosphere', '381a22c9-3722-4378-810d-86958f7b6d32')",Co,6.277240459888058e-10,6.277240459888058e-10,1.0,1.9447495148453946e-12,1.9447495148453946e-12,dissipation
Cobalt II,"('ecoinvent-3.12-biosphere', '74eb3f02-09ec-46ce-8ee8-d67d0900136b')",Co,6.277240459888058e-10,6.277240459888058e-10,1.0,1.9447495148453946e-12,1.9447495148453946e-12,dissipation
Cobalt II,"('ecoinvent-3.12-biosphere', '33627701-feca-434d-a192-674a450eaaf7')",Co,6.277240459888058e-10,6.277240459888058e-10,1.0,1.9447495148453946e-12,1.9447495148453946e-12,dissipation
Cobalt II,"('ecoinvent-3.12-biosphere', 'f0e28a62-ddf9-4c93-af81-676a58c3f2d4')",Co,6.277240459888058e-10,6.277240459888058e-10,1.0,1.9447495148453946e-12,1.9447495148453946e-12,dissipation
Cobalt II,"('ecoinvent-3.12-biosphere', 'ca04300a-8338-4601-ba7c-66c10a4f6322')",Co,6.277240459888058e-10,6.277240459888058e-10,1.0,1.9447495148453946e-12,1.9447495148453946e-12,dissipation
Cobalt II,"('ecoinvent-3.12-biosphere', 'c58d25ad-30d2-4fac-a857-1fa6f67afe8a')",Co,6.277240459888058e-10,6.277240459888058e-10,1.0,1.9447495148453946e-12,1.9447495148453946e-12,dissipation
Cobalt II,"('ecoinvent-3.12-biosphere', 'f0d1c319-249f-4a89-b0e7-3a5a90a54036')",Co,6.277240459888058e-10,6.277240459888058e-10,1.0,1.9447495148453946e-12,1.9447495148453946e-12,dissipation
Cobalt II,"('ecoinvent-3.12-biosphere', 'b10faa87-2c1d-4f6e-aa65-9f80b376939a')",Co,6.277240459888058e-10,6.277240459888058e-10,1.0,1.9447495148453946e-12,1.9447495148453946e-12,dissipation
Cobalt II,"('ecoinvent-3.12-biosphere', 'caf066cf-40ce-47a8-ba4c-969fcd6019c7')",Co,6.277240459888058e-10,6.277240459888058e-10,1.0,1.9447495148453946e-12,1.9447495148453946e-12,dissipation
Cobalt II,"('ecoinvent-3.12-biosphere', '12051b95-831a-49c0-9a70-fbc0e8fb9af9')",Co,6.277240459888058e-10,6.277240459888058e-10,1.0,1.9447495148453946e-12,1.9447495148453946e-12,dissipation
Cobalt II,"('ecoinvent-3.12-biosphere', '9542444c-7c7a-48e2-bc9c-9c7c34fb7b3e')",Co,6.277240459888058e-10,6.277240459888058e-10,1.0,1.9447495148453946e-12,1.9447495148453946e-12,dissipation
Phosphorus,"('ecoinvent-3.12-biosphere', 'b6e2f7f4-6b2e-4b3e-be1f-67626cb8205d')",P,5.88585097824384e-10,5.88585097824384e-10,1.0,1.6973366253890836e-14,1.6973366253890836e-14,dissipation
Phosphorus,"('ecoinvent-3.12-biosphere', 'd761f94e-517d-41cf-89fa-17dc72f7a69b')",P,5.88585097824384e-10,5.88585097824384e-10,1.0,1.6973366253890836e-14,1.6973366253890836e-14,dissipation
Phosphorus,"('ecoinvent-3.12-biosphere', '76b09afe-52b9-4ecc-b97a-00b49ad8ed1a')",P,5.88585097824384e-10,5.88585097824384e-10,1.0,1.6973366253890836e-14,1.6973366253890836e-14,dissipation
Phosphorus,"('ecoinvent-3.12-biosphere', '8b0a4a41-c65c-4d94-b10c-94ddb98abdd2')",P,5.88585097824384e-10,5.88585097824384e-10,1.0,1.6973366253890836e-14,1.6973366253890836e-14,dissipation
Phosphorus,"('ecoinvent-3.12-biosphere', '2d4b8ec1-8d53-4e62-8a11-ebc45909b02e')",P,5.88585097824384e-10,5.88585097824384e-10,1.0,1.6973366253890836e-14,1.6973366253890836e-14,dissipation
Phosphorus,"('ecoinvent-3.12-biosphere', 'b1fca66f-8e83-469a-a7b5-018e14d5d545')",P,5.88585097824384e-10,5.88585097824384e-10,1.0,1.6973366253890836e-14,1.6973366253890836e-14,dissipation
Phosphorus,"('ecoinvent-3.12-biosphere', 'c89a0749-40a5-4c9c-8770-c4295ea34977')",P,5.88585097824384e-10,5.88585097824384e-10,1.0,1.6973366253890836e-14,1.6973366253890836e-14,dissipation
Phosphorus,"('ecoinvent-3.12-biosphere', '62f3d964-9b53-4d01-9ee0-04112dcfc6d2')",P,5.88585097824384e-10,5.88585097824384e-10,1.0,1.6973366253890836e-14,1.6973366253890836e-14,dissipation
Phosphorus,"('ecoinvent-3.12-biosphere', 'b2631209-8374-431e-b7d5-56c96c6b6d79')",P,5.88585097824384e-10,5.88585097824384e-10,1.0,1.6973366253890836e-14,1.6973366253890836e-14,dissipation
Phosphorus,"('ecoinvent-3.12-biosphere', '198ce8e3-f05a-4bec-9f7f-325347453326')",P,5.88585097824384e-10,5.88585097824384e-10,1.0,1.6973366253890836e-14,1.6973366253890836e-14,dissipation
Phosphorus,"('ecoinvent-3.12-biosphere', 'ea4e9316-5080-4b3b-bbf3-1949f6d7577a')",P,5.88585097824384e-10,5.88585097824384e-10,1.0,1.6973366253890836e-14,1.6973366253890836e-14,dissipation
Phosphorus,"('ecoinvent-3.12-biosphere', 'e2d35af7-9806-46ff-9b75-b124a48fa5a1')",P,5.88585097824384e-10,5.88585097824384e-10,1.0,1.6973366253890836e-14,1.6973366253890836e-14,dissipation
Phosphorus,"('ecoinvent-3.12-biosphere', '2f8952b0-c90c-4e3d-b546-52b862fc8f11')",P,5.88585097824384e-10,5.88585097824384e-10,1.0,1.6973366253890836e-14,1.6973366253890836e-14,dissipation
Manganese II,"('ecoinvent-3.12-biosphere', '835d0907-a668-4d92-b6b6-7b56fa343713')",Mn,5.811354741378206e-10,5.811354741378206e-10,1.0,6.485008032108113e-14,6.485008032108113e-14,dissipation
Manganese II,"('ecoinvent-3.12-biosphere', 'b0546417-3064-4878-bd6f-2da75cefdf63')",Mn,5.811354741378206e-10,5.811354741378206e-10,1.0,6.485008032108113e-14,6.485008032108113e-14,dissipation
Manganese II,"('ecoinvent-3.12-biosphere', 'f532985c-90b7-46fc-aac9-b039b40e22f1')",Mn,5.811354741378206e-10,5.811354741378206e-10,1.0,6.485008032108113e-14,6.485008032108113e-14,dissipation
Manganese II,"('ecoinvent-3.12-biosphere', '2460f868-54a9-404c-bec8-c809a44ae72c')",Mn,5.811354741378206e-10,5.811354741378206e-10,1.0,6.485008032108113e-14,6.485008032108113e-14,dissipation
Manganese II,"('ecoinvent-3.12-biosphere', 'c91fd4bf-ed70-4e2f-a34f-159773f981b6')",Mn,5.811354741378206e-10,5.811354741378206e-10,1.0,6.485008032108113e-14,6.485008032108113e-14,dissipation
Manganese II,"('ecoinvent-3.12-biosphere', '295060ba-3c3d-45e4-99ca-e17b1204b553')",Mn,5.811354741378206e-10,5.811354741378206e-10,1.0,6.485008032108113e-14,6.485008032108113e-14,dissipation
Manganese II,"('ecoinvent-3.12-biosphere', '0af26a55-d357-469f-abad-8ced785cb4fb')",Mn,5.811354741378206e-10,5.811354741378206e-10,1.0,6.485008032108113e-14,6.485008032108113e-14,dissipation
Manganese II,"('ecoinvent-3.12-biosphere', '10cbd2f7-c41b-4bb4-b636-d8fc15cf0282')",Mn,5.811354741378206e-10,5.811354741378206e-10,1.0,6.485008032108113e-14,6.485008032108113e-14,dissipation
Manganese II,"('ecoinvent-3.12-biosphere', '9ba8c05d-1593-45a5-8d3b-5c4f3e9fef32')",Mn,5.811354741378206e-10,5.811354741378206e-10,1.0,6.485008032108113e-14,6.485008032108113e-14,dissipation
Manganese II,"('ecoinvent-3.12-biosphere', '009a49e8-09a7-4432-9cb9-f2dd18e8f922')",Mn,5.811354741378206e-10,5.811354741378206e-10,1.0,6.485008032108113e-14,6.485008032108113e-14,dissipation
Manganese II,"('ecoinvent-3.12-biosphere', '9c706cff-cb82-4207-a589-95896e04dc08')",Mn,5.811354741378206e-10,5.811354741378206e-10,1.0,6.485008032108113e-14,6.485008032108113e-14,dissipation
Manganese II,"('ecoinvent-3.12-biosphere', '44f28e11-061d-44fd-8f25-dc62a9f1fa57')",Mn,5.811354741378206e-10,5.811354741378206e-10,1.0,6.485008032108113e-14,6.485008032108113e-14,dissipation
Manganese II,"('ecoinvent-3.12-biosphere', '6b7fbea6-4a86-40f9-954d-3c9b3611abfd')",Mn,5.811354741378206e-10,5.811354741378206e-10,1.0,6.485008032108113e-14,6.485008032108113e-14,dissipation
Zinc II,"('ecoinvent-3.12-biosphere', '5ce378a0-b48d-471c-977d-79681521efde')",Zn,5.48583433810445e-10,5.48583433810445e-10,1.0,1.0836576745711442e-13,1.0836576745711442e-13,dissipation
Zinc II,"('ecoinvent-3.12-biosphere', '2195d86f-e4c8-4e86-9f18-b5b065b1df7e')",Zn,5.48583433810445e-10,5.48583433810445e-10,1.0,1.0836576745711442e-13,1.0836576745711442e-13,dissipation
Zinc II,"('ecoinvent-3.12-biosphere', '8f871bab-96dc-49d9-bf08-12cdd0715901')",Zn,5.48583433810445e-10,5.48583433810445e-10,1.0,1.0836576745711442e-13,1.0836576745711442e-13,dissipation
Zinc II,"('ecoinvent-3.12-biosphere', '2c7be02c-791f-4fef-b231-b90321bbeb30')",Zn,5.48583433810445e-10,5.48583433810445e-10,1.0,1.0836576745711442e-13,1.0836576745711442e-13,dissipation
Zinc II,"('ecoinvent-3.12-biosphere', 'ada3ecfe-8244-4389-bcce-e83ca4f66e09')",Zn,5.48583433810445e-10,5.48583433810445e-10,1.0,1.0836576745711442e-13,1.0836576745711442e-13,dissipation
Zinc II,"('ecoinvent-3.12-biosphere', '87a69874-34f9-4070-a525-aa301ab2634b')",Zn,5.48583433810445e-10,5.48583433810445e-10,1.0,1.0836576745711442e-13,1.0836576745711442e-13,dissipation
Zinc II,"('ecoinvent-3.12-biosphere', '8d226423-1351-4366-b09f-d16c9e38683c')",Zn,5.48583433810445e-10,5.48583433810445e-10,1.0,1.0836576745711442e-13,1.0836576745711442e-13,dissipation
Zinc II,"('ecoinvent-3.12-biosphere', 'b88999ec-84fd-462d-9dec-7e20a4636a58')",Zn,5.48583433810445e-10,5.48583433810445e-10,1.0,1.0836576745711442e-13,1.0836576745711442e-13,dissipation
Zinc II,"('ecoinvent-3.12-biosphere', '84aa799e-9d98-4d34-85e0-516d28ab1be9')",Zn,5.48583433810445e-10,5.48583433810445e-10,1.0,1.0836576745711442e-13,1.0836576745711442e-13,dissipation
Zinc II,"('ecoinvent-3.12-biosphere', '541b633c-17a3-4047-bce6-0c0e4fdb7c10')",Zn,5.48583433810445e-10,5.48583433810445e-10,1.0,1.0836576745711442e-13,1.0836576745711442e-13,dissipation
Zinc II,"('ecoinvent-3.12-biosphere', '748f22a9-eba4-4726-bef5-92c7442ce189')",Zn,5.48583433810445e-10,5.48583433810445e-10,1.0,1.0836576745711442e-13,1.0836576745711442e-13,dissipation
Zinc II,"('ecoinvent-3.12-biosphere', 'bdce3a7c-e008-4391-be26-285f71a02453')",Zn,5.48583433810445e-10,5.48583433810445e-10,1.0,1.0836576745711442e-13,1.0836576745711442e-13,dissipation
Zinc II,"('ecoinvent-3.12-biosphere', '7e769b3e-03fb-4b53-be15-85a910dcfea9')",Zn,5.48583433810445e-10,5.48583433810445e-10,1.0,1.0836576745711442e-13,1.0836576745711442e-13,dissipation
Zinc II,"('ecoinvent-3.12-biosphere', '77887584-ddca-4920-952c-3609730e0c13')",Zn,5.48583433810445e-10,5.48583433810445e-10,1.0,1.0836576745711442e-13,1.0836576745711442e-13,dissipation
Chromium III,"('ecoinvent-3.12-biosphere', 'e34d3da4-a3d5-41be-84b5-458afe32c990')",Cr,4.992389848594055e-10,4.992389848594055e-10,1.0,3.1278613038877847e-13,3.1278613038877847e-13,dissipation
Chromium III,"('ecoinvent-3.12-biosphere', '6b29d83a-c43c-484c-8e73-474a8a22d71e')",Cr,4.992389848594055e-10,4.992389848594055e-10,1.0,3.1278613038877847e-13,3.1278613038877847e-13,dissipation
Chromium III,"('ecoinvent-3.12-biosphere', 'e142b577-e934-4085-9a07-3983d4d92afb')",Cr,4.992389848594055e-10,4.992389848594055e-10,1.0,3.1278613038877847e-13,3.1278613038877847e-13,dissipation
Chromium III,"('ecoinvent-3.12-biosphere', 'd9c23a8d-e7bf-4f70-8d22-b9ad8a653204')",Cr,4.992389848594055e-10,4.992389848594055e-10,1.0,3.1278613038877847e-13,3.1278613038877847e-13,dissipation
Chromium III,"('ecoinvent-3.12-biosphere', '2a5ed451-12a2-47db-b4dc-fa0bfbc01d79')",Cr,4.992389848594055e-10,4.992389848594055e-10,1.0,3.1278613038877847e-13,3.1278613038877847e-13,dissipation
Chromium III,"('ecoinvent-3.12-biosphere', '7705f0e1-5b14-44f4-b330-1245b5c7fc08')",Cr,4.992389848594055e-10,4.992389848594055e-10,1.0,3.1278613038877847e-13,3.1278613038877847e-13,dissipation
Chromium III,"('ecoinvent-3.12-biosphere', 'e65a9c58-21f1-48b6-b738-d05a8f10e5f3')",Cr,4.992389848594055e-10,4.992389848594055e-10,1.0,3.1278613038877847e-13,3.1278613038877847e-13,dissipation
Chromium III,"('ecoinvent-3.12-biosphere', '30f484ee-dec4-47ae-8e92-d00d4b93fe05')",Cr,4.992389848594055e-10,4.992389848594055e-10,1.0,3.1278613038877847e-13,3.1278613038877847e-13,dissipation
Chromium III,"('ecoinvent-3.12-biosphere', 'e7881581-21b3-4f5c-bd63-6b0684b5e712')",Cr,4.992389848594055e-10,4.992389848594055e-10,1.0,3.1278613038877847e-13,3.1278613038877847e-13,dissipation
Chromium III,"('ecoinvent-3.12-biosphere', '1c87de06-e58f-4684-a54c-d29f1a251a87')",Cr,4.992389848594055e-10,4.992389848594055e-10,1.0,3.1278613038877847e-13,3.1278613038877847e-13,dissipation
Chromium III,"('ecoinvent-3.12-biosphere', '4d40d8e3-9bc7-4ab1-ac5c-4f4a76fda8e5')",Cr,4.992389848594055e-10,4.992389848594055e-10,1.0,3.1278613038877847e-13,3.1278613038877847e-13,dissipation
Chromium III,"('ecoinvent-3.12-biosphere', 'd98f0ec0-bf19-4c90-a457-a8593dec497f')",Cr,4.992389848594055e-10,4.992389848594055e-10,1.0,3.1278613038877847e-13,3.1278613038877847e-13,dissipation
Chromium III,"('ecoinvent-3.12-biosphere', '591de726-f2c7-43ba-8e22-15fd08acc8dc')",Cr,4.992389848594055e-10,4.992389848594055e-10,1.0,3.1278613038877847e-13,3.1278613038877847e-13,dissipation
Chromium III,"('ecoinvent-3.12-biosphere', 'e0336c9b-a0ff-4ae3-b8bb-ca1e46bbbc11')",Cr,4.992389848594055e-10,4.992389848594055e-10,1.0,3.1278613038877847e-13,3.1278613038877847e-13,dissipation
Aluminium III,"('ecoinvent-3.12-biosphere', '0ace7678-a181-48e8-8728-d912a8b56c57')",Al,4.895624931685796e-10,4.895624931685796e-10,1.0,6.422536676269254e-14,6.422536676269254e-14,dissipation
Aluminium III,"('ecoinvent-3.12-biosphere', '2e0c9efa-d55c-49db-8be3-0376d5921ff4')",Al,4.895624931685796e-10,4.895624931685796e-10,1.0,6.422536676269254e-14,6.422536676269254e-14,dissipation
Aluminium III,"('ecoinvent-3.12-biosphere', '9c3bd678-1b2f-4b95-a245-d5c8a3fe326b')",Al,4.895624931685796e-10,4.895624931685796e-10,1.0,6.422536676269254e-14,6.422536676269254e-14,dissipation
Aluminium III,"('ecoinvent-3.12-biosphere', 'e0401210-0377-4670-84af-12247ca20bed')",Al,4.895624931685796e-10,4.895624931685796e-10,1.0,6.422536676269254e-14,6.422536676269254e-14,dissipation
Aluminium III,"('ecoinvent-3.12-biosphere', '765546a9-b056-4d27-ad14-2f016511bdcb')",Al,4.895624931685796e-10,4.895624931685796e-10,1.0,6.422536676269254e-14,6.422536676269254e-14,dissipation
Aluminium III,"('ecoinvent-3.12-biosphere', '7880e65c-0321-4295-ba55-3186ad36e489')",Al,4.895624931685796e-10,4.895624931685796e-10,1.0,6.422536676269254e-14,6.422536676269254e-14,dissipation
Aluminium III,"('ecoinvent-3.12-biosphere', '6f0b8b7c-3888-4174-b7e3-916d42d678ee')",Al,4.895624931685796e-10,4.895624931685796e-10,1.0,6.422536676269254e-14,6.422536676269254e-14,dissipation
Aluminium III,"('ecoinvent-3.12-biosphere', '2baa4381-b781-4f5e-90de-508b0fa3fd1f')",Al,4.895624931685796e-10,4.895624931685796e-10,1.0,6.422536676269254e-14,6.422536676269254e-14,dissipation
Aluminium III,"('ecoinvent-3.12-biosphere', '01056d4b-f9b0-4dfc-b8d9-8407c8376efb')",Al,4.895624931685796e-10,4.895624931685796e-10,1.0,6.422536676269254e-14,6.422536676269254e-14,dissipation
Aluminium III,"('ecoinvent-3.12-biosphere', '46e63323-cffd-4c46-829b-5f006b50fa9b')",Al,4.895624931685796e-10,4.895624931685796e-10,1.0,6.422536676269254e-14,6.422536676269254e-14,dissipation
Aluminium III,"('ecoinvent-3.12-biosphere', '39555a26-d28b-425f-993f-e8770ab7d9cf')",Al,4.895624931685796e-10,4.895624931685796e-10,1.0,6.422536676269254e-14,6.422536676269254e-14,dissipation
Aluminium III,"('ecoinvent-3.12-biosphere', '97e498ec-f323-4ec6-bcc0-d8a4c853bae3')",Al,4.895624931685796e-10,4.895624931685796e-10,1.0,6.422536676269254e-14,6.422536676269254e-14,dissipation
Aluminium III,"('ecoinvent-3.12-biosphere', 'ff65658c-2d39-44a2-b23e-7ec3c644f064')",Al,4.895624931685796e-10,4.895624931685796e-10,1.0,6.422536676269254e-14,6.422536676269254e-14,dissipation
Lead II,"('ecoinvent-3.12-biosphere', '31c4d160-b21e-41b3-b9c1-3d7a72377653')",Pb,4.730208042380523e-10,4.730208042380523e-10,1.0,1.1855254708054448e-13,1.1855254708054448e-13,dissipation
Lead II,"('ecoinvent-3.12-biosphere', '67652827-017f-4856-8d0a-c97bac4c6562')",Pb,4.730208042380523e-10,4.730208042380523e-10,1.0,1.1855254708054448e-13,1.1855254708054448e-13,dissipation
Lead II,"('ecoinvent-3.12-biosphere', '8e123669-94d3-41d8-9480-a79211fe7c43')",Pb,4.730208042380523e-10,4.730208042380523e-10,1.0,1.1855254708054448e-13,1.1855254708054448e-13,dissipation
Lead II,"('ecoinvent-3.12-biosphere', '2718482b-8399-442e-b89a-52fbcc22d2e6')",Pb,4.730208042380523e-10,4.730208042380523e-10,1.0,1.1855254708054448e-13,1.1855254708054448e-13,dissipation
Lead II,"('ecoinvent-3.12-biosphere', 'fe4613d7-1ed8-427d-9b06-c8e8f4f5e1b1')",Pb,4.730208042380523e-10,4.730208042380523e-10,1.0,1.1855254708054448e-13,1.1855254708054448e-13,dissipation
Lead II,"('ecoinvent-3.12-biosphere', 'c864aa15-0abc-41ad-9889-348106e485d8')",Pb,4.730208042380523e-10,4.730208042380523e-10,1.0,1.1855254708054448e-13,1.1855254708054448e-13,dissipation
Lead II,"('ecoinvent-3.12-biosphere', 'b3ebdcc3-c588-4997-95d2-9785b26b34e1')",Pb,4.730208042380523e-10,4.730208042380523e-10,1.0,1.1855254708054448e-13,1.1855254708054448e-13,dissipation
Lead II,"('ecoinvent-3.12-biosphere', '739234c8-5359-48b4-983f-9cb170d68c8d')",Pb,4.730208042380523e-10,4.730208042380523e-10,1.0,1.1855254708054448e-13,1.1855254708054448e-13,dissipation
Lead II,"('ecoinvent-3.12-biosphere', '9ee7f4ab-b826-47ae-8623-e138f944b42e')",Pb,4.730208042380523e-10,4.730208042380523e-10,1.0,1.1855254708054448e-13,1.1855254708054448e-13,dissipation
Lead II,"('ecoinvent-3.12-biosphere', '6a903634-c97f-4c49-a7c0-88f0e6ac7a23')",Pb,4.730208042380523e-10,4.730208042380523e-10,1.0,1.1855254708054448e-13,1.1855254708054448e-13,dissipation
Lead II,"('ecoinvent-3.12-biosphere', '4010918f-7fd0-4925-8fbb-8fd7a44a806c')",Pb,4.730208042380523e-10,4.730208042380523e-10,1.0,1.1855254708054448e-13,1.1855254708054448e-13,dissipation
Lead II,"('ecoinvent-3.12-biosphere', 'e9e856c2-868e-435e-8425-8df1c9297cfc')",Pb,4.730208042380523e-10,4.730208042380523e-10,1.0,1.1855254708054448e-13,1.1855254708054448e-13,dissipation
Lead II,"('ecoinvent-3.12-biosphere', '837083ce-41cd-49f3-a849-d79564dac238')",Pb,4.730208042380523e-10,4.730208042380523e-10,1.0,1.1855254708054448e-13,1.1855254708054448e-13,dissipation
Lead II,"('ecoinvent-3.12-biosphere', '0ff15165-d761-48c9-9814-2d1dcdd56857')",Pb,4.730208042380523e-10,4.730208042380523e-10,1.0,1.1855254708054448e-13,1.1855254708054448e-13,dissipation
Lead II,"('ecoinvent-3.12-biosphere', '31c4d160-b21e-41b3-b9c1-3d7a72377653')",Pb,4.294444209185588e-10,4.294444209185588e-10,1.0,1.1855254708054448e-13,1.1855254708054448e-13,dissipation
Lead II,"('ecoinvent-3.12-biosphere', '67652827-017f-4856-8d0a-c97bac4c6562')",Pb,4.294444209185588e-10,4.294444209185588e-10,1.0,1.1855254708054448e-13,1.1855254708054448e-13,dissipation
Lead II,"('ecoinvent-3.12-biosphere', '8e123669-94d3-41d8-9480-a79211fe7c43')",Pb,4.294444209185588e-10,4.294444209185588e-10,1.0,1.1855254708054448e-13,1.1855254708054448e-13,dissipation
Lead II,"('ecoinvent-3.12-biosphere', '2718482b-8399-442e-b89a-52fbcc22d2e6')",Pb,4.294444209185588e-10,4.294444209185588e-10,1.0,1.1855254708054448e-13,1.1855254708054448e-13,dissipation
Lead II,"('ecoinvent-3.12-biosphere', 'fe4613d7-1ed8-427d-9b06-c8e8f4f5e1b1')",Pb,4.294444209185588e-10,4.294444209185588e-10,1.0,1.1855254708054448e-13,1.1855254708054448e-13,dissipation
Lead II,"('ecoinvent-3.12-biosphere', 'c864aa15-0abc-41ad-9889-348106e485d8')",Pb,4.294444209185588e-10,4.294444209185588e-10,1.0,1.1855254708054448e-13,1.1855254708054448e-13,dissipation
Lead II,"('ecoinvent-3.12-biosphere', 'b3ebdcc3-c588-4997-95d2-9785b26b34e1')",Pb,4.294444209185588e-10,4.294444209185588e-10,1.0,1.1855254708054448e-13,1.1855254708054448e-13,dissipation
Lead II,"('ecoinvent-3.12-biosphere', '739234c8-5359-48b4-983f-9cb170d68c8d')",Pb,4.294444209185588e-10,4.294444209185588e-10,1.0,1.1855254708054448e-13,1.1855254708054448e-13,dissipation
Lead II,"('ecoinvent-3.12-biosphere', '9ee7f4ab-b826-47ae-8623-e138f944b42e')",Pb,4.294444209185588e-10,4.294444209185588e-10,1.0,1.1855254708054448e-13,1.1855254708054448e-13,dissipation
Lead II,"('ecoinvent-3.12-biosphere', '6a903634-c97f-4c49-a7c0-88f0e6ac7a23')",Pb,4.294444209185588e-10,4.294444209185588e-10,1.0,1.1855254708054448e-13,1.1855254708054448e-13,dissipation
Lead II,"('ecoinvent-3.12-biosphere', '4010918f-7fd0-4925-8fbb-8fd7a44a806c')",Pb,4.294444209185588e-10,4.294444209185588e-10,1.0,1.1855254708054448e-13,1.1855254708054448e-13,dissipation
Lead II,"('ecoinvent-3.12-biosphere', 'e9e856c2-868e-435e-8425-8df1c9297cfc')",Pb,4.294444209185588e-10,4.294444209185588e-10,1.0,1.1855254708054448e-13,1.1855254708054448e-13,dissipation
Lead II,"('ecoinvent-3.12-biosphere', '837083ce-41cd-49f3-a849-d79564dac238')",Pb,4.294444209185588e-10,4.294444209185588e-10,1.0,1.1855254708054448e-13,1.1855254708054448e-13,dissipation
Lead II,"('ecoinvent-3.12-biosphere', '0ff15165-d761-48c9-9814-2d1dcdd56857')",Pb,4.294444209185588e-10,4.294444209185588e-10,1.0,1.1855254708054448e-13,1.1855254708054448e-13,dissipation
Nickel II,"('ecoinvent-3.12-biosphere', '5de1943f-b011-45a0-97d4-ed15eea6a382')",Ni,4.261034119628553e-10,4.261034119628553e-10,1.0,9.066741688482605e-14,9.066741688482605e-14,dissipation
Nickel II,"('ecoinvent-3.12-biosphere', 'c89873de-cd23-4323-a948-f5cfeebd2fc9')",Ni,4.261034119628553e-10,4.261034119628553e-10,1.0,9.066741688482605e-14,9.066741688482605e-14,dissipation
Nickel II,"('ecoinvent-3.12-biosphere', '23cb10a4-6228-4ce4-9fb5-7043bc31faec')",Ni,4.261034119628553e-10,4.261034119628553e-10,1.0,9.066741688482605e-14,9.066741688482605e-14,dissipation
Nickel II,"('ecoinvent-3.12-biosphere', '0545c382-2312-43b6-9ec3-63dbb1438565')",Ni,4.261034119628553e-10,4.261034119628553e-10,1.0,9.066741688482605e-14,9.066741688482605e-14,dissipation
Nickel II,"('ecoinvent-3.12-biosphere', '6ec6cdaa-5a01-46d4-b716-1905e56690ea')",Ni,4.261034119628553e-10,4.261034119628553e-10,1.0,9.066741688482605e-14,9.066741688482605e-14,dissipation
Nickel II,"('ecoinvent-3.12-biosphere', '9798359e-a3ee-4362-a038-23a188582c6e')",Ni,4.261034119628553e-10,4.261034119628553e-10,1.0,9.066741688482605e-14,9.066741688482605e-14,dissipation
Nickel II,"('ecoinvent-3.12-biosphere', 'e43a270f-4f88-4789-a0b8-7aba56677743')",Ni,4.261034119628553e-10,4.261034119628553e-10,1.0,9.066741688482605e-14,9.066741688482605e-14,dissipation
Nickel II,"('ecoinvent-3.12-biosphere', '2bcad3b3-5305-481c-a166-ad5e6eac2675')",Ni,4.261034119628553e-10,4.261034119628553e-10,1.0,9.066741688482605e-14,9.066741688482605e-14,dissipation
Nickel II,"('ecoinvent-3.12-biosphere', 'a5506f4b-113f-4713-95c3-c819dde6e48b')",Ni,4.261034119628553e-10,4.261034119628553e-10,1.0,9.066741688482605e-14,9.066741688482605e-14,dissipation
Nickel II,"('ecoinvent-3.12-biosphere', '9f69cb8e-51fe-447b-a1ac-4da74de8ebe4')",Ni,4.261034119628553e-10,4.261034119628553e-10,1.0,9.066741688482605e-14,9.066741688482605e-14,dissipation
Nickel II,"('ecoinvent-3.12-biosphere', 'b4580545-243d-48d2-a3a0-2633a4f46fb1')",Ni,4.261034119628553e-10,4.261034119628553e-10,1.0,9.066741688482605e-14,9.066741688482605e-14,dissipation
Nickel II,"('ecoinvent-3.12-biosphere', 'e8fc62ba-678e-4706-97d2-b79d83e227d5')",Ni,4.261034119628553e-10,4.261034119628553e-10,1.0,9.066741688482605e-14,9.066741688482605e-14,dissipation
Nickel II,"('ecoinvent-3.12-biosphere', 'a72a45ee-395a-4d25-b893-9d183e43e76e')",Ni,4.261034119628553e-10,4.261034119628553e-10,1.0,9.066741688482605e-14,9.066741688482605e-14,dissipation
Nickel II,"('ecoinvent-3.12-biosphere', '56815b4f-6138-4e0b-9fac-c94fd6b102b3')",Ni,4.261034119628553e-10,4.261034119628553e-10,1.0,9.066741688482605e-14,9.066741688482605e-14,dissipation
Chromium III,"('ecoinvent-3.12-biosphere', 'e34d3da4-a3d5-41be-84b5-458afe32c990')",Cr,4.2295001721852817e-10,4.2295001721852817e-10,1.0,3.1278613038877847e-13,3.1278613038877847e-13,dissipation
Chromium III,"('ecoinvent-3.12-biosphere', '6b29d83a-c43c-484c-8e73-474a8a22d71e')",Cr,4.2295001721852817e-10,4.2295001721852817e-10,1.0,3.1278613038877847e-13,3.1278613038877847e-13,dissipation
Chromium III,"('ecoinvent-3.12-biosphere', 'e142b577-e934-4085-9a07-3983d4d92afb')",Cr,4.2295001721852817e-10,4.2295001721852817e-10,1.0,3.1278613038877847e-13,3.1278613038877847e-13,dissipation
Chromium III,"('ecoinvent-3.12-biosphere', 'd9c23a8d-e7bf-4f70-8d22-b9ad8a653204')",Cr,4.2295001721852817e-10,4.2295001721852817e-10,1.0,3.1278613038877847e-13,3.1278613038877847e-13,dissipation
Chromium III,"('ecoinvent-3.12-biosphere', '2a5ed451-12a2-47db-b4dc-fa0bfbc01d79')",Cr,4.2295001721852817e-10,4.2295001721852817e-10,1.0,3.1278613038877847e-13,3.1278613038877847e-13,dissipation
Chromium III,"('ecoinvent-3.12-biosphere', '7705f0e1-5b14-44f4-b330-1245b5c7fc08')",Cr,4.2295001721852817e-10,4.2295001721852817e-10,1.0,3.1278613038877847e-13,3.1278613038877847e-13,dissipation
Chromium III,"('ecoinvent-3.12-biosphere', 'e65a9c58-21f1-48b6-b738-d05a8f10e5f3')",Cr,4.2295001721852817e-10,4.2295001721852817e-10,1.0,3.1278613038877847e-13,3.1278613038877847e-13,dissipation
Chromium III,"('ecoinvent-3.12-biosphere', '30f484ee-dec4-47ae-8e92-d00d4b93fe05')",Cr,4.2295001721852817e-10,4.2295001721852817e-10,1.0,3.1278613038877847e-13,3.1278613038877847e-13,dissipation
Chromium III,"('ecoinvent-3.12-biosphere', 'e7881581-21b3-4f5c-bd63-6b0684b5e712')",Cr,4.2295001721852817e-10,4.2295001721852817e-10,1.0,3.1278613038877847e-13,3.1278613038877847e-13,dissipation
Chromium III,"('ecoinvent-3.12-biosphere', '1c87de06-e58f-4684-a54c-d29f1a251a87')",Cr,4.2295001721852817e-10,4.2295001721852817e-10,1.0,3.1278613038877847e-13,3.1278613038877847e-13,dissipation
Chromium III,"('ecoinvent-3.12-biosphere', '4d40d8e3-9bc7-4ab1-ac5c-4f4a76fda8e5')",Cr,4.2295001721852817e-10,4.2295001721852817e-10,1.0,3.1278613038877847e-13,3.1278613038877847e-13,dissipation
Chromium III,"('ecoinvent-3.12-biosphere', 'd98f0ec0-bf19-4c90-a457-a8593dec497f')",Cr,4.2295001721852817e-10,4.2295001721852817e-10,1.0,3.1278613038877847e-13,3.1278613038877847e-13,dissipation
Chromium III,"('ecoinvent-3.12-biosphere', '591de726-f2c7-43ba-8e22-15fd08acc8dc')",Cr,4.2295001721852817e-10,4.2295001721852817e-10,1.0,3.1278613038877847e-13,3.1278613038877847e-13,dissipation
Chromium III,"('ecoinvent-3.12-biosphere', 'e0336c9b-a0ff-4ae3-b8bb-ca1e46bbbc11')",Cr,4.2295001721852817e-10,4.2295001721852817e-10,1.0,3.1278613038877847e-13,3.1278613038877847e-13,dissipation
Chromium III,"('ecoinvent-3.12-biosphere', 'e34d3da4-a3d5-41be-84b5-458afe32c990')",Cr,4.1616407619064056e-10,4.1616407619064056e-10,1.0,3.1278613038877847e-13,3.1278613038877847e-13,dissipation
Chromium III,"('ecoinvent-3.12-biosphere', '6b29d83a-c43c-484c-8e73-474a8a22d71e')",Cr,4.1616407619064056e-10,4.1616407619064056e-10,1.0,3.1278613038877847e-13,3.1278613038877847e-13,dissipation
Chromium III,"('ecoinvent-3.12-biosphere', 'e142b577-e934-4085-9a07-3983d4d92afb')",Cr,4.1616407619064056e-10,4.1616407619064056e-10,1.0,3.1278613038877847e-13,3.1278613038877847e-13,dissipation
Chromium III,"('ecoinvent-3.12-biosphere', 'd9c23a8d-e7bf-4f70-8d22-b9ad8a653204')",Cr,4.1616407619064056e-10,4.1616407619064056e-10,1.0,3.1278613038877847e-13,3.1278613038877847e-13,dissipation
Chromium III,"('ecoinvent-3.12-biosphere', '2a5ed451-12a2-47db-b4dc-fa0bfbc01d79')",Cr,4.1616407619064056e-10,4.1616407619064056e-10,1.0,3.1278613038877847e-13,3.1278613038877847e-13,dissipation
Chromium III,"('ecoinvent-3.12-biosphere', '7705f0e1-5b14-44f4-b330-1245b5c7fc08')",Cr,4.1616407619064056e-10,4.1616407619064056e-10,1.0,3.1278613038877847e-13,3.1278613038877847e-13,dissipation
Chromium III,"('ecoinvent-3.12-biosphere', 'e65a9c58-21f1-48b6-b738-d05a8f10e5f3')",Cr,4.1616407619064056e-10,4.1616407619064056e-10,1.0,3.1278613038877847e-13,3.1278613038877847e-13,dissipation
Chromium III,"('ecoinvent-3.12-biosphere', '30f484ee-dec4-47ae-8e92-d00d4b93fe05')",Cr,4.1616407619064056e-10,4.1616407619064056e-10,1.0,3.1278613038877847e-13,3.1278613038877847e-13,dissipation
Chromium III,"('ecoinvent-3.12-biosphere', 'e7881581-21b3-4f5c-bd63-6b0684b5e712')",Cr,4.1616407619064056e-10,4.1616407619064056e-10,1.0,3.1278613038877847e-13,3.1278613038877847e-13,dissipation
Chromium III,"('ecoinvent-3.12-biosphere', '1c87de06-e58f-4684-a54c-d29f1a251a87')",Cr,4.1616407619064056e-10,4.1616407619064056e-10,1.0,3.1278613038877847e-13,3.1278613038877847e-13,dissipation
Chromium III,"('ecoinvent-3.12-biosphere', '4d40d8e3-9bc7-4ab1-ac5c-4f4a76fda8e5')",Cr,4.1616407619064056e-10,4.1616407619064056e-10,1.0,3.1278613038877847e-13,3.1278613038877847e-13,dissipation
Chromium III,"('ecoinvent-3.12-biosphere', 'd98f0ec0-bf19-4c90-a457-a8593dec497f')",Cr,4.1616407619064056e-10,4.1616407619064056e-10,1.0,3.1278613038877847e-13,3.1278613038877847e-13,dissipation
Chromium III,"('ecoinvent-3.12-biosphere', '591de726-f2c7-43ba-8e22-15fd08acc8dc')",Cr,4.1616407619064056e-10,4.1616407619064056e-10,1.0,3.1278613038877847e-13,3.1278613038877847e-13,dissipation
Chromium III,"('ecoinvent-3.12-biosphere', 'e0336c9b-a0ff-4ae3-b8bb-ca1e46bbbc11')",Cr,4.1616407619064056e-10,4.1616407619064056e-10,1.0,3.1278613038877847e-13,3.1278613038877847e-13,dissipation
Tin ion,"('ecoinvent-3.12-biosphere', '3ddb2e36-bc1b-43a5-8ef4-cbcdbeeeea70')",Sn,3.9364535735513925e-10,3.9364535735513925e-10,1.0,1.3268575464212294e-13,1.3268575464212294e-13,dissipation
Tin ion,"('ecoinvent-3.12-biosphere', '2a992e5e-9f16-47b8-8bcb-733d00bed658')",Sn,3.9364535735513925e-10,3.9364535735513925e-10,1.0,1.3268575464212294e-13,1.3268575464212294e-13,dissipation
Tin ion,"('ecoinvent-3.12-biosphere', '60a6702f-20ad-444f-a6df-f6374f1e3183')",Sn,3.9364535735513925e-10,3.9364535735513925e-10,1.0,1.3268575464212294e-13,1.3268575464212294e-13,dissipation
Tin ion,"('ecoinvent-3.12-biosphere', '19b6e569-85a4-4ea9-a590-d61a21e3c846')",Sn,3.9364535735513925e-10,3.9364535735513925e-10,1.0,1.3268575464212294e-13,1.3268575464212294e-13,dissipation
Tin ion,"('ecoinvent-3.12-biosphere', '85a764f2-a810-4b20-bc86-a45604262fda')",Sn,3.9364535735513925e-10,3.9364535735513925e-10,1.0,1.3268575464212294e-13,1.3268575464212294e-13,dissipation
Tin ion,"('ecoinvent-3.12-biosphere', '2a7b68ff-f12a-44c6-8b31-71ec91d29889')",Sn,3.9364535735513925e-10,3.9364535735513925e-10,1.0,1.3268575464212294e-13,1.3268575464212294e-13,dissipation
Tin ion,"('ecoinvent-3.12-biosphere', 'e070bd24-fd16-4963-8f4d-78bb4c402400')",Sn,3.9364535735513925e-10,3.9364535735513925e-10,1.0,1.3268575464212294e-13,1.3268575464212294e-13,dissipation
Tin ion,"('ecoinvent-3.12-biosphere', '8a422b03-1055-4bc8-b439-27bf8d7eef57')",Sn,3.9364535735513925e-10,3.9364535735513925e-10,1.0,1.3268575464212294e-13,1.3268575464212294e-13,dissipation
Tin ion,"('ecoinvent-3.12-biosphere', 'f563b90e-a300-4403-b278-d2fdcd73e5a7')",Sn,3.9364535735513925e-10,3.9364535735513925e-10,1.0,1.3268575464212294e-13,1.3268575464212294e-13,dissipation
Tin ion,"('ecoinvent-3.12-biosphere', 'd5c40848-fc29-47fa-90a4-46db64a45a4e')",Sn,3.9364535735513925e-10,3.9364535735513925e-10,1.0,1.3268575464212294e-13,1.3268575464212294e-13,dissipation
Tin ion,"('ecoinvent-3.12-biosphere', 'f73177d8-5e57-4f0d-ba34-6889cfdfed40')",Sn,3.9364535735513925e-10,3.9364535735513925e-10,1.0,1.3268575464212294e-13,1.3268575464212294e-13,dissipation
Tin ion,"('ecoinvent-3.12-biosphere', '168c970b-91c9-4427-a3a0-6686ad6cc2c4')",Sn,3.9364535735513925e-10,3.9364535735513925e-10,1.0,1.3268575464212294e-13,1.3268575464212294e-13,dissipation
Tin ion,"('ecoinvent-3.12-biosphere', 'c67e3ba8-ddce-4931-b4b0-f4f9a56ccf40')",Sn,3.9364535735513925e-10,3.9364535735513925e-10,1.0,1.3268575464212294e-13,1.3268575464212294e-13,dissipation
Iron ion,"('ecoinvent-3.12-biosphere', 'ce567bdc-76ec-4ca0-be79-8bb796e448b3')",Fe,3.293712315966544e-10,3.293712315966544e-10,1.0,9.645225823667623e-15,9.645225823667623e-15,dissipation
Iron ion,"('ecoinvent-3.12-biosphere', '32cd0492-c0cb-4898-a2b1-675eedc5b688')",Fe,3.293712315966544e-10,3.293712315966544e-10,1.0,9.645225823667623e-15,9.645225823667623e-15,dissipation
Iron ion,"('ecoinvent-3.12-biosphere', '76152de4-9499-48f7-af98-a5d41842484a')",Fe,3.293712315966544e-10,3.293712315966544e-10,1.0,9.645225823667623e-15,9.645225823667623e-15,dissipation
Iron ion,"('ecoinvent-3.12-biosphere', 'db364689-e1a3-4629-8835-e6c59d6daf09')",Fe,3.293712315966544e-10,3.293712315966544e-10,1.0,9.645225823667623e-15,9.645225823667623e-15,dissipation
Iron ion,"('ecoinvent-3.12-biosphere', 'de444dc0-5964-4501-8367-50ba53bfc6b9')",Fe,3.293712315966544e-10,3.293712315966544e-10,1.0,9.645225823667623e-15,9.645225823667623e-15,dissipation
Iron ion,"('ecoinvent-3.12-biosphere', '33fd8342-58e7-45c9-ad92-0951c002c403')",Fe,3.293712315966544e-10,3.293712315966544e-10,1.0,9.645225823667623e-15,9.645225823667623e-15,dissipation
Iron ion,"('ecoinvent-3.12-biosphere', 'e8bd2edd-f937-49f6-9e8b-9f445278775e')",Fe,3.293712315966544e-10,3.293712315966544e-10,1.0,9.645225823667623e-15,9.645225823667623e-15,dissipation
Iron ion,"('ecoinvent-3.12-biosphere', '98693cdf-d9fc-43ed-bfe6-78dfe5742d33')",Fe,3.293712315966544e-10,3.293712315966544e-10,1.0,9.645225823667623e-15,9.645225823667623e-15,dissipation
Iron ion,"('ecoinvent-3.12-biosphere', '8dba66e2-0f2e-4038-84ef-1e40b4f573a6')",Fe,3.293712315966544e-10,3.293712315966544e-10,1.0,9.645225823667623e-15,9.645225823667623e-15,dissipation
Iron ion,"('ecoinvent-3.12-biosphere', '2c9a7182-37c8-4777-a37a-9a007c3edb2f')",Fe,3.293712315966544e-10,3.293712315966544e-10,1.0,9.645225823667623e-15,9.645225823667623e-15,dissipation
Iron ion,"('ecoinvent-3.12-biosphere', '7c335b9c-a403-47a8-bb6d-2e7d3c3a230e')",Fe,3.293712315966544e-10,3.293712315966544e-10,1.0,9.645225823667623e-15,9.645225823667623e-15,dissipation
Iron ion,"('ecoinvent-3.12-biosphere', 'c983ad54-12e9-47a5-b747-5e5c448e58e2')",Fe,3.293712315966544e-10,3.293712315966544e-10,1.0,9.645225823667623e-15,9.645225823667623e-15,dissipation
Iron ion,"('ecoinvent-3.12-biosphere', '9b6d6f07-ebc6-447d-a3c0-f2017d77d852')",Fe,3.293712315966544e-10,3.293712315966544e-10,1.0,9.645225823667623e-15,9.645225823667623e-15,dissipation
Nickel II,"('ecoinvent-3.12-biosphere', '5de1943f-b011-45a0-97d4-ed15eea6a382')",Ni,3.11407632401028e-10,3.11407632401028e-10,1.0,9.066741688482605e-14,9.066741688482605e-14,dissipation
Nickel II,"('ecoinvent-3.12-biosphere', 'c89873de-cd23-4323-a948-f5cfeebd2fc9')",Ni,3.11407632401028e-10,3.11407632401028e-10,1.0,9.066741688482605e-14,9.066741688482605e-14,dissipation
Nickel II,"('ecoinvent-3.12-biosphere', '23cb10a4-6228-4ce4-9fb5-7043bc31faec')",Ni,3.11407632401028e-10,3.11407632401028e-10,1.0,9.066741688482605e-14,9.066741688482605e-14,dissipation
Nickel II,"('ecoinvent-3.12-biosphere', '0545c382-2312-43b6-9ec3-63dbb1438565')",Ni,3.11407632401028e-10,3.11407632401028e-10,1.0,9.066741688482605e-14,9.066741688482605e-14,dissipation
Nickel II,"('ecoinvent-3.12-biosphere', '6ec6cdaa-5a01-46d4-b716-1905e56690ea')",Ni,3.11407632401028e-10,3.11407632401028e-10,1.0,9.066741688482605e-14,9.066741688482605e-14,dissipation
Nickel II,"('ecoinvent-3.12-biosphere', '9798359e-a3ee-4362-a038-23a188582c6e')",Ni,3.11407632401028e-10,3.11407632401028e-10,1.0,9.066741688482605e-14,9.066741688482605e-14,dissipation
Nickel II,"('ecoinvent-3.12-biosphere', 'e43a270f-4f88-4789-a0b8-7aba56677743')",Ni,3.11407632401028e-10,3.11407632401028e-10,1.0,9.066741688482605e-14,9.066741688482605e-14,dissipation
Nickel II,"('ecoinvent-3.12-biosphere', '2bcad3b3-5305-481c-a166-ad5e6eac2675')",Ni,3.11407632401028e-10,3.11407632401028e-10,1.0,9.066741688482605e-14,9.066741688482605e-14,dissipation
Nickel II,"('ecoinvent-3.12-biosphere', 'a5506f4b-113f-4713-95c3-c819dde6e48b')",Ni,3.11407632401028e-10,3.11407632401028e-10,1.0,9.066741688482605e-14,9.066741688482605e-14,dissipation
Nickel II,"('ecoinvent-3.12-biosphere', '9f69cb8e-51fe-447b-a1ac-4da74de8ebe4')",Ni,3.11407632401028e-10,3.11407632401028e-10,1.0,9.066741688482605e-14,9.066741688482605e-14,dissipation
Nickel II,"('ecoinvent-3.12-biosphere', 'b4580545-243d-48d2-a3a0-2633a4f46fb1')",Ni,3.11407632401028e-10,3.11407632401028e-10,1.0,9.066741688482605e-14,9.066741688482605e-14,dissipation
Nickel II,"('ecoinvent-3.12-biosphere', 'e8fc62ba-678e-4706-97d2-b79d83e227d5')",Ni,3.11407632401028e-10,3.11407632401028e-10,1.0,9.066741688482605e-14,9.066741688482605e-14,dissipation
Nickel II,"('ecoinvent-3.12-biosphere', 'a72a45ee-395a-4d25-b893-9d183e43e76e')",Ni,3.11407632401028e-10,3.11407632401028e-10,1.0,9.066741688482605e-14,9.066741688482605e-14,dissipation
Nickel II,"('ecoinvent-3.12-biosphere', '56815b4f-6138-4e0b-9fac-c94fd6b102b3')",Ni,3.11407632401028e-10,3.11407632401028e-10,1.0,9.066741688482605e-14,9.066741688482605e-14,dissipation
Chromium VI,"('ecoinvent-3.12-biosphere', 'ef475b50-9cd0-4e7c-9c59-07868fe16e91')",Cr,2.963092602422198e-10,2.963092602422198e-10,1.0,3.1278613038877847e-13,3.1278613038877847e-13,dissipation
Chromium VI,"('ecoinvent-3.12-biosphere', 'c2e854f9-fe22-4fe7-9083-cf6d0a8c7254')",Cr,2.963092602422198e-10,2.963092602422198e-10,1.0,3.1278613038877847e-13,3.1278613038877847e-13,dissipation
Chromium VI,"('ecoinvent-3.12-biosphere', '01285299-c683-4e15-b654-201987a7a738')",Cr,2.963092602422198e-10,2.963092602422198e-10,1.0,3.1278613038877847e-13,3.1278613038877847e-13,dissipation
Chromium VI,"('ecoinvent-3.12-biosphere', '68ba2022-830e-45fb-8c85-b35e94754ae9')",Cr,2.963092602422198e-10,2.963092602422198e-10,1.0,3.1278613038877847e-13,3.1278613038877847e-13,dissipation
Chromium VI,"('ecoinvent-3.12-biosphere', '81e17d9a-3e0b-414e-9b2e-eca7e5b3bd4a')",Cr,2.963092602422198e-10,2.963092602422198e-10,1.0,3.1278613038877847e-13,3.1278613038877847e-13,dissipation
Chromium VI,"('ecoinvent-3.12-biosphere', '8ec83662-7c2b-4452-8acf-95a0bb94233c')",Cr,2.963092602422198e-10,2.963092602422198e-10,1.0,3.1278613038877847e-13,3.1278613038877847e-13,dissipation
Chromium VI,"('ecoinvent-3.12-biosphere', '8216fc31-15a1-4d33-858f-e09650b14c63')",Cr,2.963092602422198e-10,2.963092602422198e-10,1.0,3.1278613038877847e-13,3.1278613038877847e-13,dissipation
Chromium VI,"('ecoinvent-3.12-biosphere', '81b3321a-c9d8-4104-a974-5460f1bc5029')",Cr,2.963092602422198e-10,2.963092602422198e-10,1.0,3.1278613038877847e-13,3.1278613038877847e-13,dissipation
Chromium VI,"('ecoinvent-3.12-biosphere', '03b279a7-4626-4703-a451-d0650599dbd9')",Cr,2.963092602422198e-10,2.963092602422198e-10,1.0,3.1278613038877847e-13,3.1278613038877847e-13,dissipation
Chromium VI,"('ecoinvent-3.12-biosphere', 'a9ec0c9b-982a-4329-99ae-dab1f9fb62d3')",Cr,2.963092602422198e-10,2.963092602422198e-10,1.0,3.1278613038877847e-13,3.1278613038877847e-13,dissipation
Chromium VI,"('ecoinvent-3.12-biosphere', '58060894-19d9-4855-84d8-58935a5325f8')",Cr,2.963092602422198e-10,2.963092602422198e-10,1.0,3.1278613038877847e-13,3.1278613038877847e-13,dissipation
Chromium VI,"('ecoinvent-3.12-biosphere', '7a59e8d5-cd11-4ee7-b1ca-30979d2b0b3a')",Cr,2.963092602422198e-10,2.963092602422198e-10,1.0,3.1278613038877847e-13,3.1278613038877847e-13,dissipation
Chromium VI,"('ecoinvent-3.12-biosphere', '9bbae55a-35de-4eff-a219-814a9fec5ac2')",Cr,2.963092602422198e-10,2.963092602422198e-10,1.0,3.1278613038877847e-13,3.1278613038877847e-13,dissipation
Zinc II,"('ecoinvent-3.12-biosphere', '5ce378a0-b48d-471c-977d-79681521efde')",Zn,2.8741813912113173e-10,2.8741813912113173e-10,1.0,1.0836576745711442e-13,1.0836576745711442e-13,dissipation
Zinc II,"('ecoinvent-3.12-biosphere', '2195d86f-e4c8-4e86-9f18-b5b065b1df7e')",Zn,2.8741813912113173e-10,2.8741813912113173e-10,1.0,1.0836576745711442e-13,1.0836576745711442e-13,dissipation
Zinc II,"('ecoinvent-3.12-biosphere', '8f871bab-96dc-49d9-bf08-12cdd0715901')",Zn,2.8741813912113173e-10,2.8741813912113173e-10,1.0,1.0836576745711442e-13,1.0836576745711442e-13,dissipation
Zinc II,"('ecoinvent-3.12-biosphere', '2c7be02c-791f-4fef-b231-b90321bbeb30')",Zn,2.8741813912113173e-10,2.8741813912113173e-10,1.0,1.0836576745711442e-13,1.0836576745711442e-13,dissipation
Zinc II,"('ecoinvent-3.12-biosphere', 'ada3ecfe-8244-4389-bcce-e83ca4f66e09')",Zn,2.8741813912113173e-10,2.8741813912113173e-10,1.0,1.0836576745711442e-13,1.0836576745711442e-13,dissipation
Zinc II,"('ecoinvent-3.12-biosphere', '87a69874-34f9-4070-a525-aa301ab2634b')",Zn,2.8741813912113173e-10,2.8741813912113173e-10,1.0,1.0836576745711442e-13,1.0836576745711442e-13,dissipation
Zinc II,"('ecoinvent-3.12-biosphere', '8d226423-1351-4366-b09f-d16c9e38683c')",Zn,2.8741813912113173e-10,2.8741813912113173e-10,1.0,1.0836576745711442e-13,1.0836576745711442e-13,dissipation
Zinc II,"('ecoinvent-3.12-biosphere', 'b88999ec-84fd-462d-9dec-7e20a4636a58')",Zn,2.8741813912113173e-10,2.8741813912113173e-10,1.0,1.0836576745711442e-13,1.0836576745711442e-13,dissipation
Zinc II,"('ecoinvent-3.12-biosphere', '84aa799e-9d98-4d34-85e0-516d28ab1be9')",Zn,2.8741813912113173e-10,2.8741813912113173e-10,1.0,1.0836576745711442e-13,1.0836576745711442e-13,dissipation
Zinc II,"('ecoinvent-3.12-biosphere', '541b633c-17a3-4047-bce6-0c0e4fdb7c10')",Zn,2.8741813912113173e-10,2.8741813912113173e-10,1.0,1.0836576745711442e-13,1.0836576745711442e-13,dissipation
Zinc II,"('ecoinvent-3.12-biosphere', '748f22a9-eba4-4726-bef5-92c7442ce189')",Zn,2.8741813912113173e-10,2.8741813912113173e-10,1.0,1.0836576745711442e-13,1.0836576745711442e-13,dissipation
Zinc II,"('ecoinvent-3.12-biosphere', 'bdce3a7c-e008-4391-be26-285f71a02453')",Zn,2.8741813912113173e-10,2.8741813912113173e-10,1.0,1.0836576745711442e-13,1.0836576745711442e-13,dissipation
Zinc II,"('ecoinvent-3.12-biosphere', '7e769b3e-03fb-4b53-be15-85a910dcfea9')",Zn,2.8741813912113173e-10,2.8741813912113173e-10,1.0,1.0836576745711442e-13,1.0836576745711442e-13,dissipation
Zinc II,"('ecoinvent-3.12-biosphere', '77887584-ddca-4920-952c-3609730e0c13')",Zn,2.8741813912113173e-10,2.8741813912113173e-10,1.0,1.0836576745711442e-13,1.0836576745711442e-13,dissipation
Zinc II,"('ecoinvent-3.12-biosphere', '5ce378a0-b48d-471c-977d-79681521efde')",Zn,2.690698414608541e-10,2.690698414608541e-10,1.0,1.0836576745711442e-13,1.0836576745711442e-13,dissipation
Zinc II,"('ecoinvent-3.12-biosphere', '2195d86f-e4c8-4e86-9f18-b5b065b1df7e')",Zn,2.690698414608541e-10,2.690698414608541e-10,1.0,1.0836576745711442e-13,1.0836576745711442e-13,dissipation
Zinc II,"('ecoinvent-3.12-biosphere', '8f871bab-96dc-49d9-bf08-12cdd0715901')",Zn,2.690698414608541e-10,2.690698414608541e-10,1.0,1.0836576745711442e-13,1.0836576745711442e-13,dissipation
Zinc II,"('ecoinvent-3.12-biosphere', '2c7be02c-791f-4fef-b231-b90321bbeb30')",Zn,2.690698414608541e-10,2.690698414608541e-10,1.0,1.0836576745711442e-13,1.0836576745711442e-13,dissipation
Zinc II,"('ecoinvent-3.12-biosphere', 'ada3ecfe-8244-4389-bcce-e83ca4f66e09')",Zn,2.690698414608541e-10,2.690698414608541e-10,1.0,1.0836576745711442e-13,1.0836576745711442e-13,dissipation
Zinc II,"('ecoinvent-3.12-biosphere', '87a69874-34f9-4070-a525-aa301ab2634b')",Zn,2.690698414608541e-10,2.690698414608541e-10,1.0,1.0836576745711442e-13,1.0836576745711442e-13,dissipation
Zinc II,"('ecoinvent-3.12-biosphere', '8d226423-1351-4366-b09f-d16c9e38683c')",Zn,2.690698414608541e-10,2.690698414608541e-10,1.0,1.0836576745711442e-13,1.0836576745711442e-13,dissipation
Zinc II,"('ecoinvent-3.12-biosphere', 'b88999ec-84fd-462d-9dec-7e20a4636a58')",Zn,2.690698414608541e-10,2.690698414608541e-10,1.0,1.0836576745711442e-13,1.0836576745711442e-13,dissipation
Zinc II,"('ecoinvent-3.12-biosphere', '84aa799e-9d98-4d34-85e0-516d28ab1be9')",Zn,2.690698414608541e-10,2.690698414608541e-10,1.0,1.0836576745711442e-13,1.0836576745711442e-13,dissipation
Zinc II,"('ecoinvent-3.12-biosphere', '541b633c-17a3-4047-bce6-0c0e4fdb7c10')",Zn,2.690698414608541e-10,2.690698414608541e-10,1.0,1.0836576745711442e-13,1.0836576745711442e-13,dissipation
Zinc II,"('ecoinvent-3.12-biosphere', '748f22a9-eba4-4726-bef5-92c7442ce189')",Zn,2.690698414608541e-10,2.690698414608541e-10,1.0,1.0836576745711442e-13,1.0836576745711442e-13,dissipation
Zinc II,"('ecoinvent-3.12-biosphere', 'bdce3a7c-e008-4391-be26-285f71a02453')",Zn,2.690698414608541e-10,2.690698414608541e-10,1.0,1.0836576745711442e-13,1.0836576745711442e-13,dissipation
Zinc II,"('ecoinvent-3.12-biosphere', '7e769b3e-03fb-4b53-be15-85a910dcfea9')",Zn,2.690698414608541e-10,2.690698414608541e-10,1.0,1.0836576745711442e-13,1.0836576745711442e-13,dissipation
Zinc II,"('ecoinvent-3.12-biosphere', '77887584-ddca-4920-952c-3609730e0c13')",Zn,2.690698414608541e-10,2.690698414608541e-10,1.0,1.0836576745711442e-13,1.0836576745711442e-13,dissipation
Lead II,"('ecoinvent-3.12-biosphere', '31c4d160-b21e-41b3-b9c1-3d7a72377653')",Pb,2.6566416391342685e-10,2.6566416391342685e-10,1.0,1.1855254708054448e-13,1.1855254708054448e-13,dissipation
Lead II,"('ecoinvent-3.12-biosphere', '67652827-017f-4856-8d0a-c97bac4c6562')",Pb,2.6566416391342685e-10,2.6566416391342685e-10,1.0,1.1855254708054448e-13,1.1855254708054448e-13,dissipation
Lead II,"('ecoinvent-3.12-biosphere', '8e123669-94d3-41d8-9480-a79211fe7c43')",Pb,2.6566416391342685e-10,2.6566416391342685e-10,1.0,1.1855254708054448e-13,1.1855254708054448e-13,dissipation
Lead II,"('ecoinvent-3.12-biosphere', '2718482b-8399-442e-b89a-52fbcc22d2e6')",Pb,2.6566416391342685e-10,2.6566416391342685e-10,1.0,1.1855254708054448e-13,1.1855254708054448e-13,dissipation
Lead II,"('ecoinvent-3.12-biosphere', 'fe4613d7-1ed8-427d-9b06-c8e8f4f5e1b1')",Pb,2.6566416391342685e-10,2.6566416391342685e-10,1.0,1.1855254708054448e-13,1.1855254708054448e-13,dissipation
Lead II,"('ecoinvent-3.12-biosphere', 'c864aa15-0abc-41ad-9889-348106e485d8')",Pb,2.6566416391342685e-10,2.6566416391342685e-10,1.0,1.1855254708054448e-13,1.1855254708054448e-13,dissipation
Lead II,"('ecoinvent-3.12-biosphere', 'b3ebdcc3-c588-4997-95d2-9785b26b34e1')",Pb,2.6566416391342685e-10,2.6566416391342685e-10,1.0,1.1855254708054448e-13,1.1855254708054448e-13,dissipation
Lead II,"('ecoinvent-3.12-biosphere', '739234c8-5359-48b4-983f-9cb170d68c8d')",Pb,2.6566416391342685e-10,2.6566416391342685e-10,1.0,1.1855254708054448e-13,1.1855254708054448e-13,dissipation
Lead II,"('ecoinvent-3.12-biosphere', '9ee7f4ab-b826-47ae-8623-e138f944b42e')",Pb,2.6566416391342685e-10,2.6566416391342685e-10,1.0,1.1855254708054448e-13,1.1855254708054448e-13,dissipation
Lead II,"('ecoinvent-3.12-biosphere', '6a903634-c97f-4c49-a7c0-88f0e6ac7a23')",Pb,2.6566416391342685e-10,2.6566416391342685e-10,1.0,1.1855254708054448e-13,1.1855254708054448e-13,dissipation
Lead II,"('ecoinvent-3.12-biosphere', '4010918f-7fd0-4925-8fbb-8fd7a44a806c')",Pb,2.6566416391342685e-10,2.6566416391342685e-10,1.0,1.1855254708054448e-13,1.1855254708054448e-13,dissipation
Lead II,"('ecoinvent-3.12-biosphere', 'e9e856c2-868e-435e-8425-8df1c9297cfc')",Pb,2.6566416391342685e-10,2.6566416391342685e-10,1.0,1.1855254708054448e-13,1.1855254708054448e-13,dissipation
Lead II,"('ecoinvent-3.12-biosphere', '837083ce-41cd-49f3-a849-d79564dac238')",Pb,2.6566416391342685e-10,2.6566416391342685e-10,1.0,1.1855254708054448e-13,1.1855254708054448e-13,dissipation
Lead II,"('ecoinvent-3.12-biosphere', '0ff15165-d761-48c9-9814-2d1dcdd56857')",Pb,2.6566416391342685e-10,2.6566416391342685e-10,1.0,1.1855254708054448e-13,1.1855254708054448e-13,dissipation
Antimony ion,"('ecoinvent-3.12-biosphere', '77927dac-dea3-429d-a434-d5a71d92c4f7')",Sb,2.595216433210292e-10,2.595216433210292e-10,1.0,2.1834077210692158e-11,2.1834077210692158e-11,dissipation
Antimony ion,"('ecoinvent-3.12-biosphere', 'b2dc8668-86de-4207-b20e-dc81dea63c98')",Sb,2.595216433210292e-10,2.595216433210292e-10,1.0,2.1834077210692158e-11,2.1834077210692158e-11,dissipation
Antimony ion,"('ecoinvent-3.12-biosphere', 'f4cf8d5c-f030-4b55-a3af-e3c20b855ee8')",Sb,2.595216433210292e-10,2.595216433210292e-10,1.0,2.1834077210692158e-11,2.1834077210692158e-11,dissipation
Antimony ion,"('ecoinvent-3.12-biosphere', 'c49fb4cd-eed0-4438-9052-9612473cdbae')",Sb,2.595216433210292e-10,2.595216433210292e-10,1.0,2.1834077210692158e-11,2.1834077210692158e-11,dissipation
Antimony ion,"('ecoinvent-3.12-biosphere', '5df5cb9f-812c-4ce8-ab1c-df6ab4d31900')",Sb,2.595216433210292e-10,2.595216433210292e-10,1.0,2.1834077210692158e-11,2.1834077210692158e-11,dissipation
Antimony ion,"('ecoinvent-3.12-biosphere', '7805afa2-d93b-40bb-b841-325b98aec824')",Sb,2.595216433210292e-10,2.595216433210292e-10,1.0,2.1834077210692158e-11,2.1834077210692158e-11,dissipation
Antimony ion,"('ecoinvent-3.12-biosphere', '34b96163-a3df-4bc1-8224-e2a9fe01b23f')",Sb,2.595216433210292e-10,2.595216433210292e-10,1.0,2.1834077210692158e-11,2.1834077210692158e-11,dissipation
Antimony ion,"('ecoinvent-3.12-biosphere', '83cf77ca-867b-4eef-b0f0-78d71b3d91d5')",Sb,2.595216433210292e-10,2.595216433210292e-10,1.0,2.1834077210692158e-11,2.1834077210692158e-11,dissipation
Antimony ion,"('ecoinvent-3.12-biosphere', '183f9856-03ab-464d-9366-8ef62077b510')",Sb,2.595216433210292e-10,2.595216433210292e-10,1.0,2.1834077210692158e-11,2.1834077210692158e-11,dissipation
Antimony ion,"('ecoinvent-3.12-biosphere', '3ea5684a-6d64-4f96-8c09-1d90f997c9d4')",Sb,2.595216433210292e-10,2.595216433210292e-10,1.0,2.1834077210692158e-11,2.1834077210692158e-11,dissipation
Antimony ion,"('ecoinvent-3.12-biosphere', 'fa39136e-1ef6-43c1-af68-104da104568d')",Sb,2.595216433210292e-10,2.595216433210292e-10,1.0,2.1834077210692158e-11,2.1834077210692158e-11,dissipation
Antimony ion,"('ecoinvent-3.12-biosphere', '2b2369a4-26bb-4b18-8479-752fdf7a5e7f')",Sb,2.595216433210292e-10,2.595216433210292e-10,1.0,2.1834077210692158e-11,2.1834077210692158e-11,dissipation
Antimony ion,"('ecoinvent-3.12-biosphere', '43b29ad9-26dd-4838-b931-6216e55a0120')",Sb,2.595216433210292e-10,2.595216433210292e-10,1.0,2.1834077210692158e-11,2.1834077210692158e-11,dissipation
Nickel II,"('ecoinvent-3.12-biosphere', '5de1943f-b011-45a0-97d4-ed15eea6a382')",Ni,2.465181742989106e-10,2.465181742989106e-10,1.0,9.066741688482605e-14,9.066741688482605e-14,dissipation
Nickel II,"('ecoinvent-3.12-biosphere', 'c89873de-cd23-4323-a948-f5cfeebd2fc9')",Ni,2.465181742989106e-10,2.465181742989106e-10,1.0,9.066741688482605e-14,9.066741688482605e-14,dissipation
Nickel II,"('ecoinvent-3.12-biosphere', '23cb10a4-6228-4ce4-9fb5-7043bc31faec')",Ni,2.465181742989106e-10,2.465181742989106e-10,1.0,9.066741688482605e-14,9.066741688482605e-14,dissipation
Nickel II,"('ecoinvent-3.12-biosphere', '0545c382-2312-43b6-9ec3-63dbb1438565')",Ni,2.465181742989106e-10,2.465181742989106e-10,1.0,9.066741688482605e-14,9.066741688482605e-14,dissipation
Nickel II,"('ecoinvent-3.12-biosphere', '6ec6cdaa-5a01-46d4-b716-1905e56690ea')",Ni,2.465181742989106e-10,2.465181742989106e-10,1.0,9.066741688482605e-14,9.066741688482605e-14,dissipation
Nickel II,"('ecoinvent-3.12-biosphere', '9798359e-a3ee-4362-a038-23a188582c6e')",Ni,2.465181742989106e-10,2.465181742989106e-10,1.0,9.066741688482605e-14,9.066741688482605e-14,dissipation
Nickel II,"('ecoinvent-3.12-biosphere', 'e43a270f-4f88-4789-a0b8-7aba56677743')",Ni,2.465181742989106e-10,2.465181742989106e-10,1.0,9.066741688482605e-14,9.066741688482605e-14,dissipation
Nickel II,"('ecoinvent-3.12-biosphere', '2bcad3b3-5305-481c-a166-ad5e6eac2675')",Ni,2.465181742989106e-10,2.465181742989106e-10,1.0,9.066741688482605e-14,9.066741688482605e-14,dissipation
Nickel II,"('ecoinvent-3.12-biosphere', 'a5506f4b-113f-4713-95c3-c819dde6e48b')",Ni,2.465181742989106e-10,2.465181742989106e-10,1.0,9.066741688482605e-14,9.066741688482605e-14,dissipation
Nickel II,"('ecoinvent-3.12-biosphere', '9f69cb8e-51fe-447b-a1ac-4da74de8ebe4')",Ni,2.465181742989106e-10,2.465181742989106e-10,1.0,9.066741688482605e-14,9.066741688482605e-14,dissipation
Nickel II,"('ecoinvent-3.12-biosphere', 'b4580545-243d-48d2-a3a0-2633a4f46fb1')",Ni,2.465181742989106e-10,2.465181742989106e-10,1.0,9.066741688482605e-14,9.066741688482605e-14,dissipation
Nickel II,"('ecoinvent-3.12-biosphere', 'e8fc62ba-678e-4706-97d2-b79d83e227d5')",Ni,2.465181742989106e-10,2.465181742989106e-10,1.0,9.066741688482605e-14,9.066741688482605e-14,dissipation
Nickel II,"('ecoinvent-3.12-biosphere', 'a72a45ee-395a-4d25-b893-9d183e43e76e')",Ni,2.465181742989106e-10,2.465181742989106e-10,1.0,9.066741688482605e-14,9.066741688482605e-14,dissipation
Nickel II,"('ecoinvent-3.12-biosphere', '56815b4f-6138-4e0b-9fac-c94fd6b102b3')",Ni,2.465181742989106e-10,2.465181742989106e-10,1.0,9.066741688482605e-14,9.066741688482605e-14,dissipation
Molybdenum VI,"('ecoinvent-3.12-biosphere', '640e30d2-3158-4a1a-82ef-fd0c72922c9a')",Mo,2.2956932355668342e-10,2.2956932355668342e-10,1.0,1.6532043483883647e-13,1.6532043483883647e-13,dissipation
Molybdenum VI,"('ecoinvent-3.12-biosphere', 'c26d4716-ce1e-43da-a662-cd9498b1e8bc')",Mo,2.2956932355668342e-10,2.2956932355668342e-10,1.0,1.6532043483883647e-13,1.6532043483883647e-13,dissipation
Molybdenum VI,"('ecoinvent-3.12-biosphere', '3822809c-cc03-469d-ac2a-9f85842f8440')",Mo,2.2956932355668342e-10,2.2956932355668342e-10,1.0,1.6532043483883647e-13,1.6532043483883647e-13,dissipation
Molybdenum VI,"('ecoinvent-3.12-biosphere', '7d3f7498-3596-478a-9fa1-72201ef94082')",Mo,2.2956932355668342e-10,2.2956932355668342e-10,1.0,1.6532043483883647e-13,1.6532043483883647e-13,dissipation
Molybdenum VI,"('ecoinvent-3.12-biosphere', '442511cc-a98b-4242-9229-5736cb9a9399')",Mo,2.2956932355668342e-10,2.2956932355668342e-10,1.0,1.6532043483883647e-13,1.6532043483883647e-13,dissipation
Molybdenum VI,"('ecoinvent-3.12-biosphere', 'c126f8a0-6bc4-42e6-9220-d6ccfef3f2ed')",Mo,2.2956932355668342e-10,2.2956932355668342e-10,1.0,1.6532043483883647e-13,1.6532043483883647e-13,dissipation
Molybdenum VI,"('ecoinvent-3.12-biosphere', '1f3c2297-d652-468d-82e8-4fd59bf5b5b8')",Mo,2.2956932355668342e-10,2.2956932355668342e-10,1.0,1.6532043483883647e-13,1.6532043483883647e-13,dissipation
Molybdenum VI,"('ecoinvent-3.12-biosphere', 'fdaaef05-0d10-4032-b2e7-85cae3c7bd5c')",Mo,2.2956932355668342e-10,2.2956932355668342e-10,1.0,1.6532043483883647e-13,1.6532043483883647e-13,dissipation
Molybdenum VI,"('ecoinvent-3.12-biosphere', '35b4d818-1019-413b-b99d-d351d8a67ac4')",Mo,2.2956932355668342e-10,2.2956932355668342e-10,1.0,1.6532043483883647e-13,1.6532043483883647e-13,dissipation
Molybdenum VI,"('ecoinvent-3.12-biosphere', '163926e2-b4cc-42bb-ba7d-401028140985')",Mo,2.2956932355668342e-10,2.2956932355668342e-10,1.0,1.6532043483883647e-13,1.6532043483883647e-13,dissipation
Molybdenum VI,"('ecoinvent-3.12-biosphere', '9cf3a683-ed3d-40e9-b039-7653e4fc9e20')",Mo,2.2956932355668342e-10,2.2956932355668342e-10,1.0,1.6532043483883647e-13,1.6532043483883647e-13,dissipation
Molybdenum VI,"('ecoinvent-3.12-biosphere', '8b531ec0-ca7a-49cd-bef0-56f110112f34')",Mo,2.2956932355668342e-10,2.2956932355668342e-10,1.0,1.6532043483883647e-13,1.6532043483883647e-13,dissipation
Molybdenum VI,"('ecoinvent-3.12-biosphere', '5fa36ce3-aed0-443b-a09d-4cdf25b41995')",Mo,2.2956932355668342e-10,2.2956932355668342e-10,1.0,1.6532043483883647e-13,1.6532043483883647e-13,dissipation
Phosphate,"('ecoinvent-3.12-biosphere', '1727b41d-377e-43cd-bc01-9eaba946eccb')",P,2.215885042138399e-10,2.215885042138399e-10,0.3261416642975224,5.53572191877536e-15,5.53572191877536e-15,dissipation
Phosphate,"('ecoinvent-3.12-biosphere', '3aaf9017-0d8a-42aa-9a60-cbc39e994e73')",P,2.215885042138399e-10,2.215885042138399e-10,0.3261416642975224,5.53572191877536e-15,5.53572191877536e-15,dissipation
Phosphate,"('ecoinvent-3.12-biosphere', 'c8791f3c-3c4a-4278-91c0-483797d14da2')",P,2.215885042138399e-10,2.215885042138399e-10,0.3261416642975224,5.53572191877536e-15,5.53572191877536e-15,dissipation
Phosphate,"('ecoinvent-3.12-biosphere', '490b267b-f429-4d9a-ac79-224e37fb4d58')",P,2.215885042138399e-10,2.215885042138399e-10,0.3261416642975224,5.53572191877536e-15,5.53572191877536e-15,dissipation
Phosphate,"('ecoinvent-3.12-biosphere', '329fc7d8-4011-4327-84e4-34ff76f0e42d')",P,2.215885042138399e-10,2.215885042138399e-10,0.3261416642975224,5.53572191877536e-15,5.53572191877536e-15,dissipation
Lead II,"('ecoinvent-3.12-biosphere', '31c4d160-b21e-41b3-b9c1-3d7a72377653')",Pb,2.039779953497163e-10,2.039779953497163e-10,1.0,1.1855254708054448e-13,1.1855254708054448e-13,dissipation
Lead II,"('ecoinvent-3.12-biosphere', '67652827-017f-4856-8d0a-c97bac4c6562')",Pb,2.039779953497163e-10,2.039779953497163e-10,1.0,1.1855254708054448e-13,1.1855254708054448e-13,dissipation
Lead II,"('ecoinvent-3.12-biosphere', '8e123669-94d3-41d8-9480-a79211fe7c43')",Pb,2.039779953497163e-10,2.039779953497163e-10,1.0,1.1855254708054448e-13,1.1855254708054448e-13,dissipation
Lead II,"('ecoinvent-3.12-biosphere', '2718482b-8399-442e-b89a-52fbcc22d2e6')",Pb,2.039779953497163e-10,2.039779953497163e-10,1.0,1.1855254708054448e-13,1.1855254708054448e-13,dissipation
Lead II,"('ecoinvent-3.12-biosphere', 'fe4613d7-1ed8-427d-9b06-c8e8f4f5e1b1')",Pb,2.039779953497163e-10,2.039779953497163e-10,1.0,1.1855254708054448e-13,1.1855254708054448e-13,dissipation
Lead II,"('ecoinvent-3.12-biosphere', 'c864aa15-0abc-41ad-9889-348106e485d8')",Pb,2.039779953497163e-10,2.039779953497163e-10,1.0,1.1855254708054448e-13,1.1855254708054448e-13,dissipation
Lead II,"('ecoinvent-3.12-biosphere', 'b3ebdcc3-c588-4997-95d2-9785b26b34e1')",Pb,2.039779953497163e-10,2.039779953497163e-10,1.0,1.1855254708054448e-13,1.1855254708054448e-13,dissipation
Lead II,"('ecoinvent-3.12-biosphere', '739234c8-5359-48b4-983f-9cb170d68c8d')",Pb,2.039779953497163e-10,2.039779953497163e-10,1.0,1.1855254708054448e-13,1.1855254708054448e-13,dissipation
Lead II,"('ecoinvent-3.12-biosphere', '9ee7f4ab-b826-47ae-8623-e138f944b42e')",Pb,2.039779953497163e-10,2.039779953497163e-10,1.0,1.1855254708054448e-13,1.1855254708054448e-13,dissipation
Lead II,"('ecoinvent-3.12-biosphere', '6a903634-c97f-4c49-a7c0-88f0e6ac7a23')",Pb,2.039779953497163e-10,2.039779953497163e-10,1.0,1.1855254708054448e-13,1.1855254708054448e-13,dissipation
Lead II,"('ecoinvent-3.12-biosphere', '4010918f-7fd0-4925-8fbb-8fd7a44a806c')",Pb,2.039779953497163e-10,2.039779953497163e-10,1.0,1.1855254708054448e-13,1.1855254708054448e-13,dissipation
Lead II,"('ecoinvent-3.12-biosphere', 'e9e856c2-868e-435e-8425-8df1c9297cfc')",Pb,2.039779953497163e-10,2.039779953497163e-10,1.0,1.1855254708054448e-13,1.1855254708054448e-13,dissipation
Lead II,"('ecoinvent-3.12-biosphere', '837083ce-41cd-49f3-a849-d79564dac238')",Pb,2.039779953497163e-10,2.039779953497163e-10,1.0,1.1855254708054448e-13,1.1855254708054448e-13,dissipation
Lead II,"('ecoinvent-3.12-biosphere', '0ff15165-d761-48c9-9814-2d1dcdd56857')",Pb,2.039779953497163e-10,2.039779953497163e-10,1.0,1.1855254708054448e-13,1.1855254708054448e-13,dissipation
Nickel II,"('ecoinvent-3.12-biosphere', '5de1943f-b011-45a0-97d4-ed15eea6a382')",Ni,1.8226090042955407e-10,1.8226090042955407e-10,1.0,9.066741688482605e-14,9.066741688482605e-14,dissipation
Nickel II,"('ecoinvent-3.12-biosphere', 'c89873de-cd23-4323-a948-f5cfeebd2fc9')",Ni,1.8226090042955407e-10,1.8226090042955407e-10,1.0,9.066741688482605e-14,9.066741688482605e-14,dissipation
Nickel II,"('ecoinvent-3.12-biosphere', '23cb10a4-6228-4ce4-9fb5-7043bc31faec')",Ni,1.8226090042955407e-10,1.8226090042955407e-10,1.0,9.066741688482605e-14,9.066741688482605e-14,dissipation
Nickel II,"('ecoinvent-3.12-biosphere', '0545c382-2312-43b6-9ec3-63dbb1438565')",Ni,1.8226090042955407e-10,1.8226090042955407e-10,1.0,9.066741688482605e-14,9.066741688482605e-14,dissipation
Nickel II,"('ecoinvent-3.12-biosphere', '6ec6cdaa-5a01-46d4-b716-1905e56690ea')",Ni,1.8226090042955407e-10,1.8226090042955407e-10,1.0,9.066741688482605e-14,9.066741688482605e-14,dissipation
Nickel II,"('ecoinvent-3.12-biosphere', '9798359e-a3ee-4362-a038-23a188582c6e')",Ni,1.8226090042955407e-10,1.8226090042955407e-10,1.0,9.066741688482605e-14,9.066741688482605e-14,dissipation
Nickel II,"('ecoinvent-3.12-biosphere', 'e43a270f-4f88-4789-a0b8-7aba56677743')",Ni,1.8226090042955407e-10,1.8226090042955407e-10,1.0,9.066741688482605e-14,9.066741688482605e-14,dissipation
Nickel II,"('ecoinvent-3.12-biosphere', '2bcad3b3-5305-481c-a166-ad5e6eac2675')",Ni,1.8226090042955407e-10,1.8226090042955407e-10,1.0,9.066741688482605e-14,9.066741688482605e-14,dissipation
Nickel II,"('ecoinvent-3.12-biosphere', 'a5506f4b-113f-4713-95c3-c819dde6e48b')",Ni,1.8226090042955407e-10,1.8226090042955407e-10,1.0,9.066741688482605e-14,9.066741688482605e-14,dissipation
Nickel II,"('ecoinvent-3.12-biosphere', '9f69cb8e-51fe-447b-a1ac-4da74de8ebe4')",Ni,1.8226090042955407e-10,1.8226090042955407e-10,1.0,9.066741688482605e-14,9.066741688482605e-14,dissipation
Nickel II,"('ecoinvent-3.12-biosphere', 'b4580545-243d-48d2-a3a0-2633a4f46fb1')",Ni,1.8226090042955407e-10,1.8226090042955407e-10,1.0,9.066741688482605e-14,9.066741688482605e-14,dissipation
Nickel II,"('ecoinvent-3.12-biosphere', 'e8fc62ba-678e-4706-97d2-b79d83e227d5')",Ni,1.8226090042955407e-10,1.8226090042955407e-10,1.0,9.066741688482605e-14,9.066741688482605e-14,dissipation
Nickel II,"('ecoinvent-3.12-biosphere', 'a72a45ee-395a-4d25-b893-9d183e43e76e')",Ni,1.8226090042955407e-10,1.8226090042955407e-10,1.0,9.066741688482605e-14,9.066741688482605e-14,dissipation
Nickel II,"('ecoinvent-3.12-biosphere', '56815b4f-6138-4e0b-9fac-c94fd6b102b3')",Ni,1.8226090042955407e-10,1.8226090042955407e-10,1.0,9.066741688482605e-14,9.066741688482605e-14,dissipation
Nickel II,"('ecoinvent-3.12-biosphere', '5de1943f-b011-45a0-97d4-ed15eea6a382')",Ni,1.6710467759925885e-10,1.6710467759925885e-10,1.0,9.066741688482605e-14,9.066741688482605e-14,dissipation
Nickel II,"('ecoinvent-3.12-biosphere', 'c89873de-cd23-4323-a948-f5cfeebd2fc9')",Ni,1.6710467759925885e-10,1.6710467759925885e-10,1.0,9.066741688482605e-14,9.066741688482605e-14,dissipation
Nickel II,"('ecoinvent-3.12-biosphere', '23cb10a4-6228-4ce4-9fb5-7043bc31faec')",Ni,1.6710467759925885e-10,1.6710467759925885e-10,1.0,9.066741688482605e-14,9.066741688482605e-14,dissipation
Nickel II,"('ecoinvent-3.12-biosphere', '0545c382-2312-43b6-9ec3-63dbb1438565')",Ni,1.6710467759925885e-10,1.6710467759925885e-10,1.0,9.066741688482605e-14,9.066741688482605e-14,dissipation
Nickel II,"('ecoinvent-3.12-biosphere', '6ec6cdaa-5a01-46d4-b716-1905e56690ea')",Ni,1.6710467759925885e-10,1.6710467759925885e-10,1.0,9.066741688482605e-14,9.066741688482605e-14,dissipation
Nickel II,"('ecoinvent-3.12-biosphere', '9798359e-a3ee-4362-a038-23a188582c6e')",Ni,1.6710467759925885e-10,1.6710467759925885e-10,1.0,9.066741688482605e-14,9.066741688482605e-14,dissipation
Nickel II,"('ecoinvent-3.12-biosphere', 'e43a270f-4f88-4789-a0b8-7aba56677743')",Ni,1.6710467759925885e-10,1.6710467759925885e-10,1.0,9.066741688482605e-14,9.066741688482605e-14,dissipation
Nickel II,"('ecoinvent-3.12-biosphere', '2bcad3b3-5305-481c-a166-ad5e6eac2675')",Ni,1.6710467759925885e-10,1.6710467759925885e-10,1.0,9.066741688482605e-14,9.066741688482605e-14,dissipation
Nickel II,"('ecoinvent-3.12-biosphere', 'a5506f4b-113f-4713-95c3-c819dde6e48b')",Ni,1.6710467759925885e-10,1.6710467759925885e-10,1.0,9.066741688482605e-14,9.066741688482605e-14,dissipation
Nickel II,"('ecoinvent-3.12-biosphere', '9f69cb8e-51fe-447b-a1ac-4da74de8ebe4')",Ni,1.6710467759925885e-10,1.6710467759925885e-10,1.0,9.066741688482605e-14,9.066741688482605e-14,dissipation
Nickel II,"('ecoinvent-3.12-biosphere', 'b4580545-243d-48d2-a3a0-2633a4f46fb1')",Ni,1.6710467759925885e-10,1.6710467759925885e-10,1.0,9.066741688482605e-14,9.066741688482605e-14,dissipation
Nickel II,"('ecoinvent-3.12-biosphere', 'e8fc62ba-678e-4706-97d2-b79d83e227d5')",Ni,1.6710467759925885e-10,1.6710467759925885e-10,1.0,9.066741688482605e-14,9.066741688482605e-14,dissipation
Nickel II,"('ecoinvent-3.12-biosphere', 'a72a45ee-395a-4d25-b893-9d183e43e76e')",Ni,1.6710467759925885e-10,1.6710467759925885e-10,1.0,9.066741688482605e-14,9.066741688482605e-14,dissipation
Nickel II,"('ecoinvent-3.12-biosphere', '56815b4f-6138-4e0b-9fac-c94fd6b102b3')",Ni,1.6710467759925885e-10,1.6710467759925885e-10,1.0,9.066741688482605e-14,9.066741688482605e-14,dissipation
Cobalt II,"('ecoinvent-3.12-biosphere', '1e904267-caa3-40e6-a3a0-fc104489770b')",Co,1.6280560992407732e-10,1.6280560992407732e-10,1.0,1.9447495148453946e-12,1.9447495148453946e-12,dissipation
Cobalt II,"('ecoinvent-3.12-biosphere', 'd4291dd5-dae8-47fa-bf06-466fcecbc210')",Co,1.6280560992407732e-10,1.6280560992407732e-10,1.0,1.9447495148453946e-12,1.9447495148453946e-12,dissipation
Cobalt II,"('ecoinvent-3.12-biosphere', '381a22c9-3722-4378-810d-86958f7b6d32')",Co,1.6280560992407732e-10,1.6280560992407732e-10,1.0,1.9447495148453946e-12,1.9447495148453946e-12,dissipation
Cobalt II,"('ecoinvent-3.12-biosphere', '74eb3f02-09ec-46ce-8ee8-d67d0900136b')",Co,1.6280560992407732e-10,1.6280560992407732e-10,1.0,1.9447495148453946e-12,1.9447495148453946e-12,dissipation
Cobalt II,"('ecoinvent-3.12-biosphere', '33627701-feca-434d-a192-674a450eaaf7')",Co,1.6280560992407732e-10,1.6280560992407732e-10,1.0,1.9447495148453946e-12,1.9447495148453946e-12,dissipation
Cobalt II,"('ecoinvent-3.12-biosphere', 'f0e28a62-ddf9-4c93-af81-676a58c3f2d4')",Co,1.6280560992407732e-10,1.6280560992407732e-10,1.0,1.9447495148453946e-12,1.9447495148453946e-12,dissipation
Cobalt II,"('ecoinvent-3.12-biosphere', 'ca04300a-8338-4601-ba7c-66c10a4f6322')",Co,1.6280560992407732e-10,1.6280560992407732e-10,1.0,1.9447495148453946e-12,1.9447495148453946e-12,dissipation
Cobalt II,"('ecoinvent-3.12-biosphere', 'c58d25ad-30d2-4fac-a857-1fa6f67afe8a')",Co,1.6280560992407732e-10,1.6280560992407732e-10,1.0,1.9447495148453946e-12,1.9447495148453946e-12,dissipation
Cobalt II,"('ecoinvent-3.12-biosphere', 'f0d1c319-249f-4a89-b0e7-3a5a90a54036')",Co,1.6280560992407732e-10,1.6280560992407732e-10,1.0,1.9447495148453946e-12,1.9447495148453946e-12,dissipation
Cobalt II,"('ecoinvent-3.12-biosphere', 'b10faa87-2c1d-4f6e-aa65-9f80b376939a')",Co,1.6280560992407732e-10,1.6280560992407732e-10,1.0,1.9447495148453946e-12,1.9447495148453946e-12,dissipation
Cobalt II,"('ecoinvent-3.12-biosphere', 'caf066cf-40ce-47a8-ba4c-969fcd6019c7')",Co,1.6280560992407732e-10,1.6280560992407732e-10,1.0,1.9447495148453946e-12,1.9447495148453946e-12,dissipation
Cobalt II,"('ecoinvent-3.12-biosphere', '12051b95-831a-49c0-9a70-fbc0e8fb9af9')",Co,1.6280560992407732e-10,1.6280560992407732e-10,1.0,1.9447495148453946e-12,1.9447495148453946e-12,dissipation
Cobalt II,"('ecoinvent-3.12-biosphere', '9542444c-7c7a-48e2-bc9c-9c7c34fb7b3e')",Co,1.6280560992407732e-10,1.6280560992407732e-10,1.0,1.9447495148453946e-12,1.9447495148453946e-12,dissipation
Lead II,"('ecoinvent-3.12-biosphere', '31c4d160-b21e-41b3-b9c1-3d7a72377653')",Pb,1.4791215917308697e-10,1.4791215917308697e-10,1.0,1.1855254708054448e-13,1.1855254708054448e-13,dissipation
Lead II,"('ecoinvent-3.12-biosphere', '67652827-017f-4856-8d0a-c97bac4c6562')",Pb,1.4791215917308697e-10,1.4791215917308697e-10,1.0,1.1855254708054448e-13,1.1855254708054448e-13,dissipation
Lead II,"('ecoinvent-3.12-biosphere', '8e123669-94d3-41d8-9480-a79211fe7c43')",Pb,1.4791215917308697e-10,1.4791215917308697e-10,1.0,1.1855254708054448e-13,1.1855254708054448e-13,dissipation
Lead II,"('ecoinvent-3.12-biosphere', '2718482b-8399-442e-b89a-52fbcc22d2e6')",Pb,1.4791215917308697e-10,1.4791215917308697e-10,1.0,1.1855254708054448e-13,1.1855254708054448e-13,dissipation
Lead II,"('ecoinvent-3.12-biosphere', 'fe4613d7-1ed8-427d-9b06-c8e8f4f5e1b1')",Pb,1.4791215917308697e-10,1.4791215917308697e-10,1.0,1.1855254708054448e-13,1.1855254708054448e-13,dissipation
Lead II,"('ecoinvent-3.12-biosphere', 'c864aa15-0abc-41ad-9889-348106e485d8')",Pb,1.4791215917308697e-10,1.4791215917308697e-10,1.0,1.1855254708054448e-13,1.1855254708054448e-13,dissipation
Lead II,"('ecoinvent-3.12-biosphere', 'b3ebdcc3-c588-4997-95d2-9785b26b34e1')",Pb,1.4791215917308697e-10,1.4791215917308697e-10,1.0,1.1855254708054448e-13,1.1855254708054448e-13,dissipation
Lead II,"('ecoinvent-3.12-biosphere', '739234c8-5359-48b4-983f-9cb170d68c8d')",Pb,1.4791215917308697e-10,1.4791215917308697e-10,1.0,1.1855254708054448e-13,1.1855254708054448e-13,dissipation
Lead II,"('ecoinvent-3.12-biosphere', '9ee7f4ab-b826-47ae-8623-e138f944b42e')",Pb,1.4791215917308697e-10,1.4791215917308697e-10,1.0,1.1855254708054448e-13,1.1855254708054448e-13,dissipation
Lead II,"('ecoinvent-3.12-biosphere', '6a903634-c97f-4c49-a7c0-88f0e6ac7a23')",Pb,1.4791215917308697e-10,1.4791215917308697e-10,1.0,1.1855254708054448e-13,1.1855254708054448e-13,dissipation
Lead II,"('ecoinvent-3.12-biosphere', '4010918f-7fd0-4925-8fbb-8fd7a44a806c')",Pb,1.4791215917308697e-10,1.4791215917308697e-10,1.0,1.1855254708054448e-13,1.1855254708054448e-13,dissipation
Lead II,"('ecoinvent-3.12-biosphere', 'e9e856c2-868e-435e-8425-8df1c9297cfc')",Pb,1.4791215917308697e-10,1.4791215917308697e-10,1.0,1.1855254708054448e-13,1.1855254708054448e-13,dissipation
Lead II,"('ecoinvent-3.12-biosphere', '837083ce-41cd-49f3-a849-d79564dac238')",Pb,1.4791215917308697e-10,1.4791215917308697e-10,1.0,1.1855254708054448e-13,1.1855254708054448e-13,dissipation
Lead II,"('ecoinvent-3.12-biosphere', '0ff15165-d761-48c9-9814-2d1dcdd56857')",Pb,1.4791215917308697e-10,1.4791215917308697e-10,1.0,1.1855254708054448e-13,1.1855254708054448e-13,dissipation
Antimony ion,"('ecoinvent-3.12-biosphere', '77927dac-dea3-429d-a434-d5a71d92c4f7')",Sb,1.4648524493188343e-10,1.4648524493188343e-10,1.0,2.1834077210692158e-11,2.1834077210692158e-11,dissipation
Antimony ion,"('ecoinvent-3.12-biosphere', 'b2dc8668-86de-4207-b20e-dc81dea63c98')",Sb,1.4648524493188343e-10,1.4648524493188343e-10,1.0,2.1834077210692158e-11,2.1834077210692158e-11,dissipation
Antimony ion,"('ecoinvent-3.12-biosphere', 'f4cf8d5c-f030-4b55-a3af-e3c20b855ee8')",Sb,1.4648524493188343e-10,1.4648524493188343e-10,1.0,2.1834077210692158e-11,2.1834077210692158e-11,dissipation
Antimony ion,"('ecoinvent-3.12-biosphere', 'c49fb4cd-eed0-4438-9052-9612473cdbae')",Sb,1.4648524493188343e-10,1.4648524493188343e-10,1.0,2.1834077210692158e-11,2.1834077210692158e-11,dissipation
Antimony ion,"('ecoinvent-3.12-biosphere', '5df5cb9f-812c-4ce8-ab1c-df6ab4d31900')",Sb,1.4648524493188343e-10,1.4648524493188343e-10,1.0,2.1834077210692158e-11,2.1834077210692158e-11,dissipation
Antimony ion,"('ecoinvent-3.12-biosphere', '7805afa2-d93b-40bb-b841-325b98aec824')",Sb,1.4648524493188343e-10,1.4648524493188343e-10,1.0,2.1834077210692158e-11,2.1834077210692158e-11,dissipation
Antimony ion,"('ecoinvent-3.12-biosphere', '34b96163-a3df-4bc1-8224-e2a9fe01b23f')",Sb,1.4648524493188343e-10,1.4648524493188343e-10,1.0,2.1834077210692158e-11,2.1834077210692158e-11,dissipation
Antimony ion,"('ecoinvent-3.12-biosphere', '83cf77ca-867b-4eef-b0f0-78d71b3d91d5')",Sb,1.4648524493188343e-10,1.4648524493188343e-10,1.0,2.1834077210692158e-11,2.1834077210692158e-11,dissipation
Antimony ion,"('ecoinvent-3.12-biosphere', '183f9856-03ab-464d-9366-8ef62077b510')",Sb,1.4648524493188343e-10,1.4648524493188343e-10,1.0,2.1834077210692158e-11,2.1834077210692158e-11,dissipation
Antimony ion,"('ecoinvent-3.12-biosphere', '3ea5684a-6d64-4f96-8c09-1d90f997c9d4')",Sb,1.4648524493188343e-10,1.4648524493188343e-10,1.0,2.1834077210692158e-11,2.1834077210692158e-11,dissipation
Antimony ion,"('ecoinvent-3.12-biosphere', 'fa39136e-1ef6-43c1-af68-104da104568d')",Sb,1.4648524493188343e-10,1.4648524493188343e-10,1.0,2.1834077210692158e-11,2.1834077210692158e-11,dissipation
Antimony ion,"('ecoinvent-3.12-biosphere', '2b2369a4-26bb-4b18-8479-752fdf7a5e7f')",Sb,1.4648524493188343e-10,1.4648524493188343e-10,1.0,2.1834077210692158e-11,2.1834077210692158e-11,dissipation
Antimony ion,"('ecoinvent-3.12-biosphere', '43b29ad9-26dd-4838-b931-6216e55a0120')",Sb,1.4648524493188343e-10,1.4648524493188343e-10,1.0,2.1834077210692158e-11,2.1834077210692158e-11,dissipation
Copper ion,"('ecoinvent-3.12-biosphere', '6d9550e2-e670-44c1-bad8-c0c4975ffca7')",Cu,1.4134398616949483e-10,1.4134398616949483e-10,1.0,1.231243333335009e-14,1.231243333335009e-14,dissipation
Copper ion,"('ecoinvent-3.12-biosphere', '237ca6bc-2f0a-4416-a0e3-bd512f038f2e')",Cu,1.4134398616949483e-10,1.4134398616949483e-10,1.0,1.231243333335009e-14,1.231243333335009e-14,dissipation
Copper ion,"('ecoinvent-3.12-biosphere', '7e66a41c-d311-4949-bdd8-eef09cdcfa47')",Cu,1.4134398616949483e-10,1.4134398616949483e-10,1.0,1.231243333335009e-14,1.231243333335009e-14,dissipation
Copper ion,"('ecoinvent-3.12-biosphere', '0a5e8a67-f9ae-48b3-bfa7-e9d37c30a191')",Cu,1.4134398616949483e-10,1.4134398616949483e-10,1.0,1.231243333335009e-14,1.231243333335009e-14,dissipation
Copper ion,"('ecoinvent-3.12-biosphere', 'fd153f15-1d16-410a-91fa-04d205e36c43')",Cu,1.4134398616949483e-10,1.4134398616949483e-10,1.0,1.231243333335009e-14,1.231243333335009e-14,dissipation
Copper ion,"('ecoinvent-3.12-biosphere', 'ec8144d6-d123-43b1-9c17-a295422a0498')",Cu,1.4134398616949483e-10,1.4134398616949483e-10,1.0,1.231243333335009e-14,1.231243333335009e-14,dissipation
Copper ion,"('ecoinvent-3.12-biosphere', 'd8f9ccf6-fd32-4348-83c0-1cee724af9ae')",Cu,1.4134398616949483e-10,1.4134398616949483e-10,1.0,1.231243333335009e-14,1.231243333335009e-14,dissipation
Copper ion,"('ecoinvent-3.12-biosphere', 'e336eee7-148a-4d1c-8027-780cbfafa12b')",Cu,1.4134398616949483e-10,1.4134398616949483e-10,1.0,1.231243333335009e-14,1.231243333335009e-14,dissipation
Copper ion,"('ecoinvent-3.12-biosphere', '3573a5af-88f8-4f74-ade7-cd269cbc4e66')",Cu,1.4134398616949483e-10,1.4134398616949483e-10,1.0,1.231243333335009e-14,1.231243333335009e-14,dissipation
Copper ion,"('ecoinvent-3.12-biosphere', 'c3b659e5-35f1-408c-8cb5-b5f9b295c76e')",Cu,1.4134398616949483e-10,1.4134398616949483e-10,1.0,1.231243333335009e-14,1.231243333335009e-14,dissipation
Copper ion,"('ecoinvent-3.12-biosphere', '40229ebf-9346-4f20-910a-f8ea3bd88d44')",Cu,1.4134398616949483e-10,1.4134398616949483e-10,1.0,1.231243333335009e-14,1.231243333335009e-14,dissipation
Copper ion,"('ecoinvent-3.12-biosphere', '615b1460-6860-4cf6-8678-ad92c03c5e8b')",Cu,1.4134398616949483e-10,1.4134398616949483e-10,1.0,1.231243333335009e-14,1.231243333335009e-14,dissipation
Copper ion,"('ecoinvent-3.12-biosphere', '88cde01c-df69-40bb-9b14-6eac71bea5b8')",Cu,1.4134398616949483e-10,1.4134398616949483e-10,1.0,1.231243333335009e-14,1.231243333335009e-14,dissipation
Copper ion,"('ecoinvent-3.12-biosphere', '44d3e792-7c9e-48ab-9de9-acfa2e097f26')",Cu,1.4134398616949483e-10,1.4134398616949483e-10,1.0,1.231243333335009e-14,1.231243333335009e-14,dissipation
Tin ion,"('ecoinvent-3.12-biosphere', '3ddb2e36-bc1b-43a5-8ef4-cbcdbeeeea70')",Sn,1.398824653032588e-10,1.398824653032588e-10,1.0,1.3268575464212294e-13,1.3268575464212294e-13,dissipation
Tin ion,"('ecoinvent-3.12-biosphere', '2a992e5e-9f16-47b8-8bcb-733d00bed658')",Sn,1.398824653032588e-10,1.398824653032588e-10,1.0,1.3268575464212294e-13,1.3268575464212294e-13,dissipation
Tin ion,"('ecoinvent-3.12-biosphere', '60a6702f-20ad-444f-a6df-f6374f1e3183')",Sn,1.398824653032588e-10,1.398824653032588e-10,1.0,1.3268575464212294e-13,1.3268575464212294e-13,dissipation
Tin ion,"('ecoinvent-3.12-biosphere', '19b6e569-85a4-4ea9-a590-d61a21e3c846')",Sn,1.398824653032588e-10,1.398824653032588e-10,1.0,1.3268575464212294e-13,1.3268575464212294e-13,dissipation
Tin ion,"('ecoinvent-3.12-biosphere', '85a764f2-a810-4b20-bc86-a45604262fda')",Sn,1.398824653032588e-10,1.398824653032588e-10,1.0,1.3268575464212294e-13,1.3268575464212294e-13,dissipation
Tin ion,"('ecoinvent-3.12-biosphere', '2a7b68ff-f12a-44c6-8b31-71ec91d29889')",Sn,1.398824653032588e-10,1.398824653032588e-10,1.0,1.3268575464212294e-13,1.3268575464212294e-13,dissipation
Tin ion,"('ecoinvent-3.12-biosphere', 'e070bd24-fd16-4963-8f4d-78bb4c402400')",Sn,1.398824653032588e-10,1.398824653032588e-10,1.0,1.3268575464212294e-13,1.3268575464212294e-13,dissipation
Tin ion,"('ecoinvent-3.12-biosphere', '8a422b03-1055-4bc8-b439-27bf8d7eef57')",Sn,1.398824653032588e-10,1.398824653032588e-10,1.0,1.3268575464212294e-13,1.3268575464212294e-13,dissipation
Tin ion,"('ecoinvent-3.12-biosphere', 'f563b90e-a300-4403-b278-d2fdcd73e5a7')",Sn,1.398824653032588e-10,1.398824653032588e-10,1.0,1.3268575464212294e-13,1.3268575464212294e-13,dissipation
Tin ion,"('ecoinvent-3.12-biosphere', 'd5c40848-fc29-47fa-90a4-46db64a45a4e')",Sn,1.398824653032588e-10,1.398824653032588e-10,1.0,1.3268575464212294e-13,1.3268575464212294e-13,dissipation
Tin ion,"('ecoinvent-3.12-biosphere', 'f73177d8-5e57-4f0d-ba34-6889cfdfed40')",Sn,1.398824653032588e-10,1.398824653032588e-10,1.0,1.3268575464212294e-13,1.3268575464212294e-13,dissipation
Tin ion,"('ecoinvent-3.12-biosphere', '168c970b-91c9-4427-a3a0-6686ad6cc2c4')",Sn,1.398824653032588e-10,1.398824653032588e-10,1.0,1.3268575464212294e-13,1.3268575464212294e-13,dissipation
Tin ion,"('ecoinvent-3.12-biosphere', 'c67e3ba8-ddce-4931-b4b0-f4f9a56ccf40')",Sn,1.398824653032588e-10,1.398824653032588e-10,1.0,1.3268575464212294e-13,1.3268575464212294e-13,dissipation
Cobalt II,"('ecoinvent-3.12-biosphere', '1e904267-caa3-40e6-a3a0-fc104489770b')",Co,1.3391451218863538e-10,1.3391451218863538e-10,1.0,1.9447495148453946e-12,1.9447495148453946e-12,dissipation
Cobalt II,"('ecoinvent-3.12-biosphere', 'd4291dd5-dae8-47fa-bf06-466fcecbc210')",Co,1.3391451218863538e-10,1.3391451218863538e-10,1.0,1.9447495148453946e-12,1.9447495148453946e-12,dissipation
Cobalt II,"('ecoinvent-3.12-biosphere', '381a22c9-3722-4378-810d-86958f7b6d32')",Co,1.3391451218863538e-10,1.3391451218863538e-10,1.0,1.9447495148453946e-12,1.9447495148453946e-12,dissipation
Cobalt II,"('ecoinvent-3.12-biosphere', '74eb3f02-09ec-46ce-8ee8-d67d0900136b')",Co,1.3391451218863538e-10,1.3391451218863538e-10,1.0,1.9447495148453946e-12,1.9447495148453946e-12,dissipation
Cobalt II,"('ecoinvent-3.12-biosphere', '33627701-feca-434d-a192-674a450eaaf7')",Co,1.3391451218863538e-10,1.3391451218863538e-10,1.0,1.9447495148453946e-12,1.9447495148453946e-12,dissipation
Cobalt II,"('ecoinvent-3.12-biosphere', 'f0e28a62-ddf9-4c93-af81-676a58c3f2d4')",Co,1.3391451218863538e-10,1.3391451218863538e-10,1.0,1.9447495148453946e-12,1.9447495148453946e-12,dissipation
Cobalt II,"('ecoinvent-3.12-biosphere', 'ca04300a-8338-4601-ba7c-66c10a4f6322')",Co,1.3391451218863538e-10,1.3391451218863538e-10,1.0,1.9447495148453946e-12,1.9447495148453946e-12,dissipation
Cobalt II,"('ecoinvent-3.12-biosphere', 'c58d25ad-30d2-4fac-a857-1fa6f67afe8a')",Co,1.3391451218863538e-10,1.3391451218863538e-10,1.0,1.9447495148453946e-12,1.9447495148453946e-12,dissipation
Cobalt II,"('ecoinvent-3.12-biosphere', 'f0d1c319-249f-4a89-b0e7-3a5a90a54036')",Co,1.3391451218863538e-10,1.3391451218863538e-10,1.0,1.9447495148453946e-12,1.9447495148453946e-12,dissipation
Cobalt II,"('ecoinvent-3.12-biosphere', 'b10faa87-2c1d-4f6e-aa65-9f80b376939a')",Co,1.3391451218863538e-10,1.3391451218863538e-10,1.0,1.9447495148453946e-12,1.9447495148453946e-12,dissipation
Cobalt II,"('ecoinvent-3.12-biosphere', 'caf066cf-40ce-47a8-ba4c-969fcd6019c7')",Co,1.3391451218863538e-10,1.3391451218863538e-10,1.0,1.9447495148453946e-12,1.9447495148453946e-12,dissipation
Cobalt II,"('ecoinvent-3.12-biosphere', '12051b95-831a-49c0-9a70-fbc0e8fb9af9')",Co,1.3391451218863538e-10,1.3391451218863538e-10,1.0,1.9447495148453946e-12,1.9447495148453946e-12,dissipation
Cobalt II,"('ecoinvent-3.12-biosphere', '9542444c-7c7a-48e2-bc9c-9c7c34fb7b3e')",Co,1.3391451218863538e-10,1.3391451218863538e-10,1.0,1.9447495148453946e-12,1.9447495148453946e-12,dissipation
Copper ion,"('ecoinvent-3.12-biosphere', '6d9550e2-e670-44c1-bad8-c0c4975ffca7')",Cu,1.2329107876022438e-10,1.2329107876022438e-10,1.0,1.231243333335009e-14,1.231243333335009e-14,dissipation
Copper ion,"('ecoinvent-3.12-biosphere', '237ca6bc-2f0a-4416-a0e3-bd512f038f2e')",Cu,1.2329107876022438e-10,1.2329107876022438e-10,1.0,1.231243333335009e-14,1.231243333335009e-14,dissipation
Copper ion,"('ecoinvent-3.12-biosphere', '7e66a41c-d311-4949-bdd8-eef09cdcfa47')",Cu,1.2329107876022438e-10,1.2329107876022438e-10,1.0,1.231243333335009e-14,1.231243333335009e-14,dissipation
Copper ion,"('ecoinvent-3.12-biosphere', '0a5e8a67-f9ae-48b3-bfa7-e9d37c30a191')",Cu,1.2329107876022438e-10,1.2329107876022438e-10,1.0,1.231243333335009e-14,1.231243333335009e-14,dissipation
Copper ion,"('ecoinvent-3.12-biosphere', 'fd153f15-1d16-410a-91fa-04d205e36c43')",Cu,1.2329107876022438e-10,1.2329107876022438e-10,1.0,1.231243333335009e-14,1.231243333335009e-14,dissipation
Copper ion,"('ecoinvent-3.12-biosphere', 'ec8144d6-d123-43b1-9c17-a295422a0498')",Cu,1.2329107876022438e-10,1.2329107876022438e-10,1.0,1.231243333335009e-14,1.231243333335009e-14,dissipation
Copper ion,"('ecoinvent-3.12-biosphere', 'd8f9ccf6-fd32-4348-83c0-1cee724af9ae')",Cu,1.2329107876022438e-10,1.2329107876022438e-10,1.0,1.231243333335009e-14,1.231243333335009e-14,dissipation
Copper ion,"('ecoinvent-3.12-biosphere', 'e336eee7-148a-4d1c-8027-780cbfafa12b')",Cu,1.2329107876022438e-10,1.2329107876022438e-10,1.0,1.231243333335009e-14,1.231243333335009e-14,dissipation
Copper ion,"('ecoinvent-3.12-biosphere', '3573a5af-88f8-4f74-ade7-cd269cbc4e66')",Cu,1.2329107876022438e-10,1.2329107876022438e-10,1.0,1.231243333335009e-14,1.231243333335009e-14,dissipation
Copper ion,"('ecoinvent-3.12-biosphere', 'c3b659e5-35f1-408c-8cb5-b5f9b295c76e')",Cu,1.2329107876022438e-10,1.2329107876022438e-10,1.0,1.231243333335009e-14,1.231243333335009e-14,dissipation
Copper ion,"('ecoinvent-3.12-biosphere', '40229ebf-9346-4f20-910a-f8ea3bd88d44')",Cu,1.2329107876022438e-10,1.2329107876022438e-10,1.0,1.231243333335009e-14,1.231243333335009e-14,dissipation
Copper ion,"('ecoinvent-3.12-biosphere', '615b1460-6860-4cf6-8678-ad92c03c5e8b')",Cu,1.2329107876022438e-10,1.2329107876022438e-10,1.0,1.231243333335009e-14,1.231243333335009e-14,dissipation
Copper ion,"('ecoinvent-3.12-biosphere', '88cde01c-df69-40bb-9b14-6eac71bea5b8')",Cu,1.2329107876022438e-10,1.2329107876022438e-10,1.0,1.231243333335009e-14,1.231243333335009e-14,dissipation
Copper ion,"('ecoinvent-3.12-biosphere', '44d3e792-7c9e-48ab-9de9-acfa2e097f26')",Cu,1.2329107876022438e-10,1.2329107876022438e-10,1.0,1.231243333335009e-14,1.231243333335009e-14,dissipation
Molybdenum VI,"('ecoinvent-3.12-biosphere', '640e30d2-3158-4a1a-82ef-fd0c72922c9a')",Mo,1.1444741736626171e-10,1.1444741736626171e-10,1.0,1.6532043483883647e-13,1.6532043483883647e-13,dissipation
Molybdenum VI,"('ecoinvent-3.12-biosphere', 'c26d4716-ce1e-43da-a662-cd9498b1e8bc')",Mo,1.1444741736626171e-10,1.1444741736626171e-10,1.0,1.6532043483883647e-13,1.6532043483883647e-13,dissipation
Molybdenum VI,"('ecoinvent-3.12-biosphere', '3822809c-cc03-469d-ac2a-9f85842f8440')",Mo,1.1444741736626171e-10,1.1444741736626171e-10,1.0,1.6532043483883647e-13,1.6532043483883647e-13,dissipation
Molybdenum VI,"('ecoinvent-3.12-biosphere', '7d3f7498-3596-478a-9fa1-72201ef94082')",Mo,1.1444741736626171e-10,1.1444741736626171e-10,1.0,1.6532043483883647e-13,1.6532043483883647e-13,dissipation
Molybdenum VI,"('ecoinvent-3.12-biosphere', '442511cc-a98b-4242-9229-5736cb9a9399')",Mo,1.1444741736626171e-10,1.1444741736626171e-10,1.0,1.6532043483883647e-13,1.6532043483883647e-13,dissipation
Molybdenum VI,"('ecoinvent-3.12-biosphere', 'c126f8a0-6bc4-42e6-9220-d6ccfef3f2ed')",Mo,1.1444741736626171e-10,1.1444741736626171e-10,1.0,1.6532043483883647e-13,1.6532043483883647e-13,dissipation
Molybdenum VI,"('ecoinvent-3.12-biosphere', '1f3c2297-d652-468d-82e8-4fd59bf5b5b8')",Mo,1.1444741736626171e-10,1.1444741736626171e-10,1.0,1.6532043483883647e-13,1.6532043483883647e-13,dissipation
Molybdenum VI,"('ecoinvent-3.12-biosphere', 'fdaaef05-0d10-4032-b2e7-85cae3c7bd5c')",Mo,1.1444741736626171e-10,1.1444741736626171e-10,1.0,1.6532043483883647e-13,1.6532043483883647e-13,dissipation
Molybdenum VI,"('ecoinvent-3.12-biosphere', '35b4d818-1019-413b-b99d-d351d8a67ac4')",Mo,1.1444741736626171e-10,1.1444741736626171e-10,1.0,1.6532043483883647e-13,1.6532043483883647e-13,dissipation
Molybdenum VI,"('ecoinvent-3.12-biosphere', '163926e2-b4cc-42bb-ba7d-401028140985')",Mo,1.1444741736626171e-10,1.1444741736626171e-10,1.0,1.6532043483883647e-13,1.6532043483883647e-13,dissipation
Molybdenum VI,"('ecoinvent-3.12-biosphere', '9cf3a683-ed3d-40e9-b039-7653e4fc9e20')",Mo,1.1444741736626171e-10,1.1444741736626171e-10,1.0,1.6532043483883647e-13,1.6532043483883647e-13,dissipation
Molybdenum VI,"('ecoinvent-3.12-biosphere', '8b531ec0-ca7a-49cd-bef0-56f110112f34')",Mo,1.1444741736626171e-10,1.1444741736626171e-10,1.0,1.6532043483883647e-13,1.6532043483883647e-13,dissipation
Molybdenum VI,"('ecoinvent-3.12-biosphere', '5fa36ce3-aed0-443b-a09d-4cdf25b41995')",Mo,1.1444741736626171e-10,1.1444741736626171e-10,1.0,1.6532043483883647e-13,1.6532043483883647e-13,dissipation
Manganese II,"('ecoinvent-3.12-biosphere', '835d0907-a668-4d92-b6b6-7b56fa343713')",Mn,9.727538764091682e-11,9.727538764091682e-11,1.0,6.485008032108113e-14,6.485008032108113e-14,dissipation
Manganese II,"('ecoinvent-3.12-biosphere', 'b0546417-3064-4878-bd6f-2da75cefdf63')",Mn,9.727538764091682e-11,9.727538764091682e-11,1.0,6.485008032108113e-14,6.485008032108113e-14,dissipation
Manganese II,"('ecoinvent-3.12-biosphere', 'f532985c-90b7-46fc-aac9-b039b40e22f1')",Mn,9.727538764091682e-11,9.727538764091682e-11,1.0,6.485008032108113e-14,6.485008032108113e-14,dissipation
Manganese II,"('ecoinvent-3.12-biosphere', '2460f868-54a9-404c-bec8-c809a44ae72c')",Mn,9.727538764091682e-11,9.727538764091682e-11,1.0,6.485008032108113e-14,6.485008032108113e-14,dissipation
Manganese II,"('ecoinvent-3.12-biosphere', 'c91fd4bf-ed70-4e2f-a34f-159773f981b6')",Mn,9.727538764091682e-11,9.727538764091682e-11,1.0,6.485008032108113e-14,6.485008032108113e-14,dissipation
Manganese II,"('ecoinvent-3.12-biosphere', '295060ba-3c3d-45e4-99ca-e17b1204b553')",Mn,9.727538764091682e-11,9.727538764091682e-11,1.0,6.485008032108113e-14,6.485008032108113e-14,dissipation
Manganese II,"('ecoinvent-3.12-biosphere', '0af26a55-d357-469f-abad-8ced785cb4fb')",Mn,9.727538764091682e-11,9.727538764091682e-11,1.0,6.485008032108113e-14,6.485008032108113e-14,dissipation
Manganese II,"('ecoinvent-3.12-biosphere', '10cbd2f7-c41b-4bb4-b636-d8fc15cf0282')",Mn,9.727538764091682e-11,9.727538764091682e-11,1.0,6.485008032108113e-14,6.485008032108113e-14,dissipation
Manganese II,"('ecoinvent-3.12-biosphere', '9ba8c05d-1593-45a5-8d3b-5c4f3e9fef32')",Mn,9.727538764091682e-11,9.727538764091682e-11,1.0,6.485008032108113e-14,6.485008032108113e-14,dissipation
Manganese II,"('ecoinvent-3.12-biosphere', '009a49e8-09a7-4432-9cb9-f2dd18e8f922')",Mn,9.727538764091682e-11,9.727538764091682e-11,1.0,6.485008032108113e-14,6.485008032108113e-14,dissipation
Manganese II,"('ecoinvent-3.12-biosphere', '9c706cff-cb82-4207-a589-95896e04dc08')",Mn,9.727538764091682e-11,9.727538764091682e-11,1.0,6.485008032108113e-14,6.485008032108113e-14,dissipation
Manganese II,"('ecoinvent-3.12-biosphere', '44f28e11-061d-44fd-8f25-dc62a9f1fa57')",Mn,9.727538764091682e-11,9.727538764091682e-11,1.0,6.485008032108113e-14,6.485008032108113e-14,dissipation
Manganese II,"('ecoinvent-3.12-biosphere', '6b7fbea6-4a86-40f9-954d-3c9b3611abfd')",Mn,9.727538764091682e-11,9.727538764091682e-11,1.0,6.485008032108113e-14,6.485008032108113e-14,dissipation
Copper ion,"('ecoinvent-3.12-biosphere', '6d9550e2-e670-44c1-bad8-c0c4975ffca7')",Cu,9.361962749260983e-11,9.361962749260983e-11,1.0,1.231243333335009e-14,1.231243333335009e-14,dissipation
Copper ion,"('ecoinvent-3.12-biosphere', '237ca6bc-2f0a-4416-a0e3-bd512f038f2e')",Cu,9.361962749260983e-11,9.361962749260983e-11,1.0,1.231243333335009e-14,1.231243333335009e-14,dissipation
Copper ion,"('ecoinvent-3.12-biosphere', '7e66a41c-d311-4949-bdd8-eef09cdcfa47')",Cu,9.361962749260983e-11,9.361962749260983e-11,1.0,1.231243333335009e-14,1.231243333335009e-14,dissipation
Copper ion,"('ecoinvent-3.12-biosphere', '0a5e8a67-f9ae-48b3-bfa7-e9d37c30a191')",Cu,9.361962749260983e-11,9.361962749260983e-11,1.0,1.231243333335009e-14,1.231243333335009e-14,dissipation
Copper ion,"('ecoinvent-3.12-biosphere', 'fd153f15-1d16-410a-91fa-04d205e36c43')",Cu,9.361962749260983e-11,9.361962749260983e-11,1.0,1.231243333335009e-14,1.231243333335009e-14,dissipation
Copper ion,"('ecoinvent-3.12-biosphere', 'ec8144d6-d123-43b1-9c17-a295422a0498')",Cu,9.361962749260983e-11,9.361962749260983e-11,1.0,1.231243333335009e-14,1.231243333335009e-14,dissipation
Copper ion,"('ecoinvent-3.12-biosphere', 'd8f9ccf6-fd32-4348-83c0-1cee724af9ae')",Cu,9.361962749260983e-11,9.361962749260983e-11,1.0,1.231243333335009e-14,1.231243333335009e-14,dissipation
Copper ion,"('ecoinvent-3.12-biosphere', 'e336eee7-148a-4d1c-8027-780cbfafa12b')",Cu,9.361962749260983e-11,9.361962749260983e-11,1.0,1.231243333335009e-14,1.231243333335009e-14,dissipation
Copper ion,"('ecoinvent-3.12-biosphere', '3573a5af-88f8-4f74-ade7-cd269cbc4e66')",Cu,9.361962749260983e-11,9.361962749260983e-11,1.0,1.231243333335009e-14,1.231243333335009e-14,dissipation
Copper ion,"('ecoinvent-3.12-biosphere', 'c3b659e5-35f1-408c-8cb5-b5f9b295c76e')",Cu,9.361962749260983e-11,9.361962749260983e-11,1.0,1.231243333335009e-14,1.231243333335009e-14,dissipation
Copper ion,"('ecoinvent-3.12-biosphere', '40229ebf-9346-4f20-910a-f8ea3bd88d44')",Cu,9.361962749260983e-11,9.361962749260983e-11,1.0,1.231243333335009e-14,1.231243333335009e-14,dissipation
Copper ion,"('ecoinvent-3.12-biosphere', '615b1460-6860-4cf6-8678-ad92c03c5e8b')",Cu,9.361962749260983e-11,9.361962749260983e-11,1.0,1.231243333335009e-14,1.231243333335009e-14,dissipation
Copper ion,"('ecoinvent-3.12-biosphere', '88cde01c-df69-40bb-9b14-6eac71bea5b8')",Cu,9.361962749260983e-11,9.361962749260983e-11,1.0,1.231243333335009e-14,1.231243333335009e-14,dissipation
Copper ion,"('ecoinvent-3.12-biosphere', '44d3e792-7c9e-48ab-9de9-acfa2e097f26')",Cu,9.361962749260983e-11,9.361962749260983e-11,1.0,1.231243333335009e-14,1.231243333335009e-14,dissipation
Copper ion,"('ecoinvent-3.12-biosphere', '6d9550e2-e670-44c1-bad8-c0c4975ffca7')",Cu,9.303973102061049e-11,9.303973102061049e-11,1.0,1.231243333335009e-14,1.231243333335009e-14,dissipation
Copper ion,"('ecoinvent-3.12-biosphere', '237ca6bc-2f0a-4416-a0e3-bd512f038f2e')",Cu,9.303973102061049e-11,9.303973102061049e-11,1.0,1.231243333335009e-14,1.231243333335009e-14,dissipation
Copper ion,"('ecoinvent-3.12-biosphere', '7e66a41c-d311-4949-bdd8-eef09cdcfa47')",Cu,9.303973102061049e-11,9.303973102061049e-11,1.0,1.231243333335009e-14,1.231243333335009e-14,dissipation
Copper ion,"('ecoinvent-3.12-biosphere', '0a5e8a67-f9ae-48b3-bfa7-e9d37c30a191')",Cu,9.303973102061049e-11,9.303973102061049e-11,1.0,1.231243333335009e-14,1.231243333335009e-14,dissipation
Copper ion,"('ecoinvent-3.12-biosphere', 'fd153f15-1d16-410a-91fa-04d205e36c43')",Cu,9.303973102061049e-11,9.303973102061049e-11,1.0,1.231243333335009e-14,1.231243333335009e-14,dissipation
Copper ion,"('ecoinvent-3.12-biosphere', 'ec8144d6-d123-43b1-9c17-a295422a0498')",Cu,9.303973102061049e-11,9.303973102061049e-11,1.0,1.231243333335009e-14,1.231243333335009e-14,dissipation
Copper ion,"('ecoinvent-3.12-biosphere', 'd8f9ccf6-fd32-4348-83c0-1cee724af9ae')",Cu,9.303973102061049e-11,9.303973102061049e-11,1.0,1.231243333335009e-14,1.231243333335009e-14,dissipation
Copper ion,"('ecoinvent-3.12-biosphere', 'e336eee7-148a-4d1c-8027-780cbfafa12b')",Cu,9.303973102061049e-11,9.303973102061049e-11,1.0,1.231243333335009e-14,1.231243333335009e-14,dissipation
Copper ion,"('ecoinvent-3.12-biosphere', '3573a5af-88f8-4f74-ade7-cd269cbc4e66')",Cu,9.303973102061049e-11,9.303973102061049e-11,1.0,1.231243333335009e-14,1.231243333335009e-14,dissipation
Copper ion,"('ecoinvent-3.12-biosphere', 'c3b659e5-35f1-408c-8cb5-b5f9b295c76e')",Cu,9.303973102061049e-11,9.303973102061049e-11,1.0,1.231243333335009e-14,1.231243333335009e-14,dissipation
Copper ion,"('ecoinvent-3.12-biosphere', '40229ebf-9346-4f20-910a-f8ea3bd88d44')",Cu,9.303973102061049e-11,9.303973102061049e-11,1.0,1.231243333335009e-14,1.231243333335009e-14,dissipation
Copper ion,"('ecoinvent-3.12-biosphere', '615b1460-6860-4cf6-8678-ad92c03c5e8b')",Cu,9.303973102061049e-11,9.303973102061049e-11,1.0,1.231243333335009e-14,1.231243333335009e-14,dissipation
Copper ion,"('ecoinvent-3.12-biosphere', '88cde01c-df69-40bb-9b14-6eac71bea5b8')",Cu,9.303973102061049e-11,9.303973102061049e-11,1.0,1.231243333335009e-14,1.231243333335009e-14,dissipation
Copper ion,"('ecoinvent-3.12-biosphere', '44d3e792-7c9e-48ab-9de9-acfa2e097f26')",Cu,9.303973102061049e-11,9.303973102061049e-11,1.0,1.231243333335009e-14,1.231243333335009e-14,dissipation
Cobalt II,"('ecoinvent-3.12-biosphere', '1e904267-caa3-40e6-a3a0-fc104489770b')",Co,8.53843570210552e-11,8.53843570210552e-11,1.0,1.9447495148453946e-12,1.9447495148453946e-12,dissipation
Cobalt II,"('ecoinvent-3.12-biosphere', 'd4291dd5-dae8-47fa-bf06-466fcecbc210')",Co,8.53843570210552e-11,8.53843570210552e-11,1.0,1.9447495148453946e-12,1.9447495148453946e-12,dissipation
Cobalt II,"('ecoinvent-3.12-biosphere', '381a22c9-3722-4378-810d-86958f7b6d32')",Co,8.53843570210552e-11,8.53843570210552e-11,1.0,1.9447495148453946e-12,1.9447495148453946e-12,dissipation
Cobalt II,"('ecoinvent-3.12-biosphere', '74eb3f02-09ec-46ce-8ee8-d67d0900136b')",Co,8.53843570210552e-11,8.53843570210552e-11,1.0,1.9447495148453946e-12,1.9447495148453946e-12,dissipation
Cobalt II,"('ecoinvent-3.12-biosphere', '33627701-feca-434d-a192-674a450eaaf7')",Co,8.53843570210552e-11,8.53843570210552e-11,1.0,1.9447495148453946e-12,1.9447495148453946e-12,dissipation
Cobalt II,"('ecoinvent-3.12-biosphere', 'f0e28a62-ddf9-4c93-af81-676a58c3f2d4')",Co,8.53843570210552e-11,8.53843570210552e-11,1.0,1.9447495148453946e-12,1.9447495148453946e-12,dissipation
Cobalt II,"('ecoinvent-3.12-biosphere', 'ca04300a-8338-4601-ba7c-66c10a4f6322')",Co,8.53843570210552e-11,8.53843570210552e-11,1.0,1.9447495148453946e-12,1.9447495148453946e-12,dissipation
Cobalt II,"('ecoinvent-3.12-biosphere', 'c58d25ad-30d2-4fac-a857-1fa6f67afe8a')",Co,8.53843570210552e-11,8.53843570210552e-11,1.0,1.9447495148453946e-12,1.9447495148453946e-12,dissipation
Cobalt II,"('ecoinvent-3.12-biosphere', 'f0d1c319-249f-4a89-b0e7-3a5a90a54036')",Co,8.53843570210552e-11,8.53843570210552e-11,1.0,1.9447495148453946e-12,1.9447495148453946e-12,dissipation
Cobalt II,"('ecoinvent-3.12-biosphere', 'b10faa87-2c1d-4f6e-aa65-9f80b376939a')",Co,8.53843570210552e-11,8.53843570210552e-11,1.0,1.9447495148453946e-12,1.9447495148453946e-12,dissipation
Cobalt II,"('ecoinvent-3.12-biosphere', 'caf066cf-40ce-47a8-ba4c-969fcd6019c7')",Co,8.53843570210552e-11,8.53843570210552e-11,1.0,1.9447495148453946e-12,1.9447495148453946e-12,dissipation
Cobalt II,"('ecoinvent-3.12-biosphere', '12051b95-831a-49c0-9a70-fbc0e8fb9af9')",Co,8.53843570210552e-11,8.53843570210552e-11,1.0,1.9447495148453946e-12,1.9447495148453946e-12,dissipation
Cobalt II,"('ecoinvent-3.12-biosphere', '9542444c-7c7a-48e2-bc9c-9c7c34fb7b3e')",Co,8.53843570210552e-11,8.53843570210552e-11,1.0,1.9447495148453946e-12,1.9447495148453946e-12,dissipation
Chromium VI,"('ecoinvent-3.12-biosphere', 'ef475b50-9cd0-4e7c-9c59-07868fe16e91')",Cr,8.021857172421675e-11,8.021857172421675e-11,1.0,3.1278613038877847e-13,3.1278613038877847e-13,dissipation
Chromium VI,"('ecoinvent-3.12-biosphere', 'c2e854f9-fe22-4fe7-9083-cf6d0a8c7254')",Cr,8.021857172421675e-11,8.021857172421675e-11,1.0,3.1278613038877847e-13,3.1278613038877847e-13,dissipation
Chromium VI,"('ecoinvent-3.12-biosphere', '01285299-c683-4e15-b654-201987a7a738')",Cr,8.021857172421675e-11,8.021857172421675e-11,1.0,3.1278613038877847e-13,3.1278613038877847e-13,dissipation
Chromium VI,"('ecoinvent-3.12-biosphere', '68ba2022-830e-45fb-8c85-b35e94754ae9')",Cr,8.021857172421675e-11,8.021857172421675e-11,1.0,3.1278613038877847e-13,3.1278613038877847e-13,dissipation
Chromium VI,"('ecoinvent-3.12-biosphere', '81e17d9a-3e0b-414e-9b2e-eca7e5b3bd4a')",Cr,8.021857172421675e-11,8.021857172421675e-11,1.0,3.1278613038877847e-13,3.1278613038877847e-13,dissipation
Chromium VI,"('ecoinvent-3.12-biosphere', '8ec83662-7c2b-4452-8acf-95a0bb94233c')",Cr,8.021857172421675e-11,8.021857172421675e-11,1.0,3.1278613038877847e-13,3.1278613038877847e-13,dissipation
Chromium VI,"('ecoinvent-3.12-biosphere', '8216fc31-15a1-4d33-858f-e09650b14c63')",Cr,8.021857172421675e-11,8.021857172421675e-11,1.0,3.1278613038877847e-13,3.1278613038877847e-13,dissipation
Chromium VI,"('ecoinvent-3.12-biosphere', '81b3321a-c9d8-4104-a974-5460f1bc5029')",Cr,8.021857172421675e-11,8.021857172421675e-11,1.0,3.1278613038877847e-13,3.1278613038877847e-13,dissipation
Chromium VI,"('ecoinvent-3.12-biosphere', '03b279a7-4626-4703-a451-d0650599dbd9')",Cr,8.021857172421675e-11,8.021857172421675e-11,1.0,3.1278613038877847e-13,3.1278613038877847e-13,dissipation
Chromium VI,"('ecoinvent-3.12-biosphere', 'a9ec0c9b-982a-4329-99ae-dab1f9fb62d3')",Cr,8.021857172421675e-11,8.021857172421675e-11,1.0,3.1278613038877847e-13,3.1278613038877847e-13,dissipation
Chromium VI,"('ecoinvent-3.12-biosphere', '58060894-19d9-4855-84d8-58935a5325f8')",Cr,8.021857172421675e-11,8.021857172421675e-11,1.0,3.1278613038877847e-13,3.1278613038877847e-13,dissipation
Chromium VI,"('ecoinvent-3.12-biosphere', '7a59e8d5-cd11-4ee7-b1ca-30979d2b0b3a')",Cr,8.021857172421675e-11,8.021857172421675e-11,1.0,3.1278613038877847e-13,3.1278613038877847e-13,dissipation
Chromium VI,"('ecoinvent-3.12-biosphere', '9bbae55a-35de-4eff-a219-814a9fec5ac2')",Cr,8.021857172421675e-11,8.021857172421675e-11,1.0,3.1278613038877847e-13,3.1278613038877847e-13,dissipation
Cobalt II,"('ecoinvent-3.12-biosphere', '1e904267-caa3-40e6-a3a0-fc104489770b')",Co,7.466019357939352e-11,7.466019357939352e-11,1.0,1.9447495148453946e-12,1.9447495148453946e-12,dissipation
Cobalt II,"('ecoinvent-3.12-biosphere', 'd4291dd5-dae8-47fa-bf06-466fcecbc210')",Co,7.466019357939352e-11,7.466019357939352e-11,1.0,1.9447495148453946e-12,1.9447495148453946e-12,dissipation
Cobalt II,"('ecoinvent-3.12-biosphere', '381a22c9-3722-4378-810d-86958f7b6d32')",Co,7.466019357939352e-11,7.466019357939352e-11,1.0,1.9447495148453946e-12,1.9447495148453946e-12,dissipation
Cobalt II,"('ecoinvent-3.12-biosphere', '74eb3f02-09ec-46ce-8ee8-d67d0900136b')",Co,7.466019357939352e-11,7.466019357939352e-11,1.0,1.9447495148453946e-12,1.9447495148453946e-12,dissipation
Cobalt II,"('ecoinvent-3.12-biosphere', '33627701-feca-434d-a192-674a450eaaf7')",Co,7.466019357939352e-11,7.466019357939352e-11,1.0,1.9447495148453946e-12,1.9447495148453946e-12,dissipation
Cobalt II,"('ecoinvent-3.12-biosphere', 'f0e28a62-ddf9-4c93-af81-676a58c3f2d4')",Co,7.466019357939352e-11,7.466019357939352e-11,1.0,1.9447495148453946e-12,1.9447495148453946e-12,dissipation
Cobalt II,"('ecoinvent-3.12-biosphere', 'ca04300a-8338-4601-ba7c-66c10a4f6322')",Co,7.466019357939352e-11,7.466019357939352e-11,1.0,1.9447495148453946e-12,1.9447495148453946e-12,dissipation
Cobalt II,"('ecoinvent-3.12-biosphere', 'c58d25ad-30d2-4fac-a857-1fa6f67afe8a')",Co,7.466019357939352e-11,7.466019357939352e-11,1.0,1.9447495148453946e-12,1.9447495148453946e-12,dissipation
Cobalt II,"('ecoinvent-3.12-biosphere', 'f0d1c319-249f-4a89-b0e7-3a5a90a54036')",Co,7.466019357939352e-11,7.466019357939352e-11,1.0,1.9447495148453946e-12,1.9447495148453946e-12,dissipation
Cobalt II,"('ecoinvent-3.12-biosphere', 'b10faa87-2c1d-4f6e-aa65-9f80b376939a')",Co,7.466019357939352e-11,7.466019357939352e-11,1.0,1.9447495148453946e-12,1.9447495148453946e-12,dissipation
Cobalt II,"('ecoinvent-3.12-biosphere', 'caf066cf-40ce-47a8-ba4c-969fcd6019c7')",Co,7.466019357939352e-11,7.466019357939352e-11,1.0,1.9447495148453946e-12,1.9447495148453946e-12,dissipation
Cobalt II,"('ecoinvent-3.12-biosphere', '12051b95-831a-49c0-9a70-fbc0e8fb9af9')",Co,7.466019357939352e-11,7.466019357939352e-11,1.0,1.9447495148453946e-12,1.9447495148453946e-12,dissipation
Cobalt II,"('ecoinvent-3.12-biosphere', '9542444c-7c7a-48e2-bc9c-9c7c34fb7b3e')",Co,7.466019357939352e-11,7.466019357939352e-11,1.0,1.9447495148453946e-12,1.9447495148453946e-12,dissipation
Molybdenum VI,"('ecoinvent-3.12-biosphere', '640e30d2-3158-4a1a-82ef-fd0c72922c9a')",Mo,7.013947430785461e-11,7.013947430785461e-11,1.0,1.6532043483883647e-13,1.6532043483883647e-13,dissipation
Molybdenum VI,"('ecoinvent-3.12-biosphere', 'c26d4716-ce1e-43da-a662-cd9498b1e8bc')",Mo,7.013947430785461e-11,7.013947430785461e-11,1.0,1.6532043483883647e-13,1.6532043483883647e-13,dissipation
Molybdenum VI,"('ecoinvent-3.12-biosphere', '3822809c-cc03-469d-ac2a-9f85842f8440')",Mo,7.013947430785461e-11,7.013947430785461e-11,1.0,1.6532043483883647e-13,1.6532043483883647e-13,dissipation
Molybdenum VI,"('ecoinvent-3.12-biosphere', '7d3f7498-3596-478a-9fa1-72201ef94082')",Mo,7.013947430785461e-11,7.013947430785461e-11,1.0,1.6532043483883647e-13,1.6532043483883647e-13,dissipation
Molybdenum VI,"('ecoinvent-3.12-biosphere', '442511cc-a98b-4242-9229-5736cb9a9399')",Mo,7.013947430785461e-11,7.013947430785461e-11,1.0,1.6532043483883647e-13,1.6532043483883647e-13,dissipation
Molybdenum VI,"('ecoinvent-3.12-biosphere', 'c126f8a0-6bc4-42e6-9220-d6ccfef3f2ed')",Mo,7.013947430785461e-11,7.013947430785461e-11,1.0,1.6532043483883647e-13,1.6532043483883647e-13,dissipation
Molybdenum VI,"('ecoinvent-3.12-biosphere', '1f3c2297-d652-468d-82e8-4fd59bf5b5b8')",Mo,7.013947430785461e-11,7.013947430785461e-11,1.0,1.6532043483883647e-13,1.6532043483883647e-13,dissipation
Molybdenum VI,"('ecoinvent-3.12-biosphere', 'fdaaef05-0d10-4032-b2e7-85cae3c7bd5c')",Mo,7.013947430785461e-11,7.013947430785461e-11,1.0,1.6532043483883647e-13,1.6532043483883647e-13,dissipation
Molybdenum VI,"('ecoinvent-3.12-biosphere', '35b4d818-1019-413b-b99d-d351d8a67ac4')",Mo,7.013947430785461e-11,7.013947430785461e-11,1.0,1.6532043483883647e-13,1.6532043483883647e-13,dissipation
Molybdenum VI,"('ecoinvent-3.12-biosphere', '163926e2-b4cc-42bb-ba7d-401028140985')",Mo,7.013947430785461e-11,7.013947430785461e-11,1.0,1.6532043483883647e-13,1.6532043483883647e-13,dissipation
Molybdenum VI,"('ecoinvent-3.12-biosphere', '9cf3a683-ed3d-40e9-b039-7653e4fc9e20')",Mo,7.013947430785461e-11,7.013947430785461e-11,1.0,1.6532043483883647e-13,1.6532043483883647e-13,dissipation
Molybdenum VI,"('ecoinvent-3.12-biosphere', '8b531ec0-ca7a-49cd-bef0-56f110112f34')",Mo,7.013947430785461e-11,7.013947430785461e-11,1.0,1.6532043483883647e-13,1.6532043483883647e-13,dissipation
Molybdenum VI,"('ecoinvent-3.12-biosphere', '5fa36ce3-aed0-443b-a09d-4cdf25b41995')",Mo,7.013947430785461e-11,7.013947430785461e-11,1.0,1.6532043483883647e-13,1.6532043483883647e-13,dissipation
Nickel II,"('ecoinvent-3.12-biosphere', '5de1943f-b011-45a0-97d4-ed15eea6a382')",Ni,6.666707470262415e-11,6.666707470262415e-11,1.0,9.066741688482605e-14,9.066741688482605e-14,dissipation
Nickel II,"('ecoinvent-3.12-biosphere', 'c89873de-cd23-4323-a948-f5cfeebd2fc9')",Ni,6.666707470262415e-11,6.666707470262415e-11,1.0,9.066741688482605e-14,9.066741688482605e-14,dissipation
Nickel II,"('ecoinvent-3.12-biosphere', '23cb10a4-6228-4ce4-9fb5-7043bc31faec')",Ni,6.666707470262415e-11,6.666707470262415e-11,1.0,9.066741688482605e-14,9.066741688482605e-14,dissipation
Nickel II,"('ecoinvent-3.12-biosphere', '0545c382-2312-43b6-9ec3-63dbb1438565')",Ni,6.666707470262415e-11,6.666707470262415e-11,1.0,9.066741688482605e-14,9.066741688482605e-14,dissipation
Nickel II,"('ecoinvent-3.12-biosphere', '6ec6cdaa-5a01-46d4-b716-1905e56690ea')",Ni,6.666707470262415e-11,6.666707470262415e-11,1.0,9.066741688482605e-14,9.066741688482605e-14,dissipation
Nickel II,"('ecoinvent-3.12-biosphere', '9798359e-a3ee-4362-a038-23a188582c6e')",Ni,6.666707470262415e-11,6.666707470262415e-11,1.0,9.066741688482605e-14,9.066741688482605e-14,dissipation
Nickel II,"('ecoinvent-3.12-biosphere', 'e43a270f-4f88-4789-a0b8-7aba56677743')",Ni,6.666707470262415e-11,6.666707470262415e-11,1.0,9.066741688482605e-14,9.066741688482605e-14,dissipation
Nickel II,"('ecoinvent-3.12-biosphere', '2bcad3b3-5305-481c-a166-ad5e6eac2675')",Ni,6.666707470262415e-11,6.666707470262415e-11,1.0,9.066741688482605e-14,9.066741688482605e-14,dissipation
Nickel II,"('ecoinvent-3.12-biosphere', 'a5506f4b-113f-4713-95c3-c819dde6e48b')",Ni,6.666707470262415e-11,6.666707470262415e-11,1.0,9.066741688482605e-14,9.066741688482605e-14,dissipation
Nickel II,"('ecoinvent-3.12-biosphere', '9f69cb8e-51fe-447b-a1ac-4da74de8ebe4')",Ni,6.666707470262415e-11,6.666707470262415e-11,1.0,9.066741688482605e-14,9.066741688482605e-14,dissipation
Nickel II,"('ecoinvent-3.12-biosphere', 'b4580545-243d-48d2-a3a0-2633a4f46fb1')",Ni,6.666707470262415e-11,6.666707470262415e-11,1.0,9.066741688482605e-14,9.066741688482605e-14,dissipation
Nickel II,"('ecoinvent-3.12-biosphere', 'e8fc62ba-678e-4706-97d2-b79d83e227d5')",Ni,6.666707470262415e-11,6.666707470262415e-11,1.0,9.066741688482605e-14,9.066741688482605e-14,dissipation
Nickel II,"('ecoinvent-3.12-biosphere', 'a72a45ee-395a-4d25-b893-9d183e43e76e')",Ni,6.666707470262415e-11,6.666707470262415e-11,1.0,9.066741688482605e-14,9.066741688482605e-14,dissipation
Nickel II,"('ecoinvent-3.12-biosphere', '56815b4f-6138-4e0b-9fac-c94fd6b102b3')",Ni,6.666707470262415e-11,6.666707470262415e-11,1.0,9.066741688482605e-14,9.066741688482605e-14,dissipation
Phosphate,"('ecoinvent-3.12-biosphere', '1727b41d-377e-43cd-bc01-9eaba946eccb')",P,6.019129730622316e-11,6.019129730622316e-11,0.3261416642975224,5.53572191877536e-15,5.53572191877536e-15,dissipation
Phosphate,"('ecoinvent-3.12-biosphere', '3aaf9017-0d8a-42aa-9a60-cbc39e994e73')",P,6.019129730622316e-11,6.019129730622316e-11,0.3261416642975224,5.53572191877536e-15,5.53572191877536e-15,dissipation
Phosphate,"('ecoinvent-3.12-biosphere', 'c8791f3c-3c4a-4278-91c0-483797d14da2')",P,6.019129730622316e-11,6.019129730622316e-11,0.3261416642975224,5.53572191877536e-15,5.53572191877536e-15,dissipation
Phosphate,"('ecoinvent-3.12-biosphere', '490b267b-f429-4d9a-ac79-224e37fb4d58')",P,6.019129730622316e-11,6.019129730622316e-11,0.3261416642975224,5.53572191877536e-15,5.53572191877536e-15,dissipation
Phosphate,"('ecoinvent-3.12-biosphere', '329fc7d8-4011-4327-84e4-34ff76f0e42d')",P,6.019129730622316e-11,6.019129730622316e-11,0.3261416642975224,5.53572191877536e-15,5.53572191877536e-15,dissipation
Tin ion,"('ecoinvent-3.12-biosphere', '3ddb2e36-bc1b-43a5-8ef4-cbcdbeeeea70')",Sn,4.940103811941129e-11,4.940103811941129e-11,1.0,1.3268575464212294e-13,1.3268575464212294e-13,dissipation
Tin ion,"('ecoinvent-3.12-biosphere', '2a992e5e-9f16-47b8-8bcb-733d00bed658')",Sn,4.940103811941129e-11,4.940103811941129e-11,1.0,1.3268575464212294e-13,1.3268575464212294e-13,dissipation
Tin ion,"('ecoinvent-3.12-biosphere', '60a6702f-20ad-444f-a6df-f6374f1e3183')",Sn,4.940103811941129e-11,4.940103811941129e-11,1.0,1.3268575464212294e-13,1.3268575464212294e-13,dissipation
Tin ion,"('ecoinvent-3.12-biosphere', '19b6e569-85a4-4ea9-a590-d61a21e3c846')",Sn,4.940103811941129e-11,4.940103811941129e-11,1.0,1.3268575464212294e-13,1.3268575464212294e-13,dissipation
Tin ion,"('ecoinvent-3.12-biosphere', '85a764f2-a810-4b20-bc86-a45604262fda')",Sn,4.940103811941129e-11,4.940103811941129e-11,1.0,1.3268575464212294e-13,1.3268575464212294e-13,dissipation
Tin ion,"('ecoinvent-3.12-biosphere', '2a7b68ff-f12a-44c6-8b31-71ec91d29889')",Sn,4.940103811941129e-11,4.940103811941129e-11,1.0,1.3268575464212294e-13,1.3268575464212294e-13,dissipation
Tin ion,"('ecoinvent-3.12-biosphere', 'e070bd24-fd16-4963-8f4d-78bb4c402400')",Sn,4.940103811941129e-11,4.940103811941129e-11,1.0,1.3268575464212294e-13,1.3268575464212294e-13,dissipation
Tin ion,"('ecoinvent-3.12-biosphere', '8a422b03-1055-4bc8-b439-27bf8d7eef57')",Sn,4.940103811941129e-11,4.940103811941129e-11,1.0,1.3268575464212294e-13,1.3268575464212294e-13,dissipation
Tin ion,"('ecoinvent-3.12-biosphere', 'f563b90e-a300-4403-b278-d2fdcd73e5a7')",Sn,4.940103811941129e-11,4.940103811941129e-11,1.0,1.3268575464212294e-13,1.3268575464212294e-13,dissipation
Tin ion,"('ecoinvent-3.12-biosphere', 'd5c40848-fc29-47fa-90a4-46db64a45a4e')",Sn,4.940103811941129e-11,4.940103811941129e-11,1.0,1.3268575464212294e-13,1.3268575464212294e-13,dissipation
Tin ion,"('ecoinvent-3.12-biosphere', 'f73177d8-5e57-4f0d-ba34-6889cfdfed40')",Sn,4.940103811941129e-11,4.940103811941129e-11,1.0,1.3268575464212294e-13,1.3268575464212294e-13,dissipation
Tin ion,"('ecoinvent-3.12-biosphere', '168c970b-91c9-4427-a3a0-6686ad6cc2c4')",Sn,4.940103811941129e-11,4.940103811941129e-11,1.0,1.3268575464212294e-13,1.3268575464212294e-13,dissipation
Tin ion,"('ecoinvent-3.12-biosphere', 'c67e3ba8-ddce-4931-b4b0-f4f9a56ccf40')",Sn,4.940103811941129e-11,4.940103811941129e-11,1.0,1.3268575464212294e-13,1.3268575464212294e-13,dissipation
Aluminium III,"('ecoinvent-3.12-biosphere', '0ace7678-a181-48e8-8728-d912a8b56c57')",Al,4.3652363605167876e-11,4.3652363605167876e-11,1.0,6.422536676269254e-14,6.422536676269254e-14,dissipation
Aluminium III,"('ecoinvent-3.12-biosphere', '2e0c9efa-d55c-49db-8be3-0376d5921ff4')",Al,4.3652363605167876e-11,4.3652363605167876e-11,1.0,6.422536676269254e-14,6.422536676269254e-14,dissipation
Aluminium III,"('ecoinvent-3.12-biosphere', '9c3bd678-1b2f-4b95-a245-d5c8a3fe326b')",Al,4.3652363605167876e-11,4.3652363605167876e-11,1.0,6.422536676269254e-14,6.422536676269254e-14,dissipation
Aluminium III,"('ecoinvent-3.12-biosphere', 'e0401210-0377-4670-84af-12247ca20bed')",Al,4.3652363605167876e-11,4.3652363605167876e-11,1.0,6.422536676269254e-14,6.422536676269254e-14,dissipation
Aluminium III,"('ecoinvent-3.12-biosphere', '765546a9-b056-4d27-ad14-2f016511bdcb')",Al,4.3652363605167876e-11,4.3652363605167876e-11,1.0,6.422536676269254e-14,6.422536676269254e-14,dissipation
Aluminium III,"('ecoinvent-3.12-biosphere', '7880e65c-0321-4295-ba55-3186ad36e489')",Al,4.3652363605167876e-11,4.3652363605167876e-11,1.0,6.422536676269254e-14,6.422536676269254e-14,dissipation
Aluminium III,"('ecoinvent-3.12-biosphere', '6f0b8b7c-3888-4174-b7e3-916d42d678ee')",Al,4.3652363605167876e-11,4.3652363605167876e-11,1.0,6.422536676269254e-14,6.422536676269254e-14,dissipation
Aluminium III,"('ecoinvent-3.12-biosphere', '2baa4381-b781-4f5e-90de-508b0fa3fd1f')",Al,4.3652363605167876e-11,4.3652363605167876e-11,1.0,6.422536676269254e-14,6.422536676269254e-14,dissipation
Aluminium III,"('ecoinvent-3.12-biosphere', '01056d4b-f9b0-4dfc-b8d9-8407c8376efb')",Al,4.3652363605167876e-11,4.3652363605167876e-11,1.0,6.422536676269254e-14,6.422536676269254e-14,dissipation
Aluminium III,"('ecoinvent-3.12-biosphere', '46e63323-cffd-4c46-829b-5f006b50fa9b')",Al,4.3652363605167876e-11,4.3652363605167876e-11,1.0,6.422536676269254e-14,6.422536676269254e-14,dissipation
Aluminium III,"('ecoinvent-3.12-biosphere', '39555a26-d28b-425f-993f-e8770ab7d9cf')",Al,4.3652363605167876e-11,4.3652363605167876e-11,1.0,6.422536676269254e-14,6.422536676269254e-14,dissipation
Aluminium III,"('ecoinvent-3.12-biosphere', '97e498ec-f323-4ec6-bcc0-d8a4c853bae3')",Al,4.3652363605167876e-11,4.3652363605167876e-11,1.0,6.422536676269254e-14,6.422536676269254e-14,dissipation
Aluminium III,"('ecoinvent-3.12-biosphere', 'ff65658c-2d39-44a2-b23e-7ec3c644f064')",Al,4.3652363605167876e-11,4.3652363605167876e-11,1.0,6.422536676269254e-14,6.422536676269254e-14,dissipation
Iron ion,"('ecoinvent-3.12-biosphere', 'ce567bdc-76ec-4ca0-be79-8bb796e448b3')",Fe,4.2716463977856326e-11,4.2716463977856326e-11,1.0,9.645225823667623e-15,9.645225823667623e-15,dissipation
Iron ion,"('ecoinvent-3.12-biosphere', '32cd0492-c0cb-4898-a2b1-675eedc5b688')",Fe,4.2716463977856326e-11,4.2716463977856326e-11,1.0,9.645225823667623e-15,9.645225823667623e-15,dissipation
Iron ion,"('ecoinvent-3.12-biosphere', '76152de4-9499-48f7-af98-a5d41842484a')",Fe,4.2716463977856326e-11,4.2716463977856326e-11,1.0,9.645225823667623e-15,9.645225823667623e-15,dissipation
Iron ion,"('ecoinvent-3.12-biosphere', 'db364689-e1a3-4629-8835-e6c59d6daf09')",Fe,4.2716463977856326e-11,4.2716463977856326e-11,1.0,9.645225823667623e-15,9.645225823667623e-15,dissipation
Iron ion,"('ecoinvent-3.12-biosphere', 'de444dc0-5964-4501-8367-50ba53bfc6b9')",Fe,4.2716463977856326e-11,4.2716463977856326e-11,1.0,9.645225823667623e-15,9.645225823667623e-15,dissipation
Iron ion,"('ecoinvent-3.12-biosphere', '33fd8342-58e7-45c9-ad92-0951c002c403')",Fe,4.2716463977856326e-11,4.2716463977856326e-11,1.0,9.645225823667623e-15,9.645225823667623e-15,dissipation
Iron ion,"('ecoinvent-3.12-biosphere', 'e8bd2edd-f937-49f6-9e8b-9f445278775e')",Fe,4.2716463977856326e-11,4.2716463977856326e-11,1.0,9.645225823667623e-15,9.645225823667623e-15,dissipation
Iron ion,"('ecoinvent-3.12-biosphere', '98693cdf-d9fc-43ed-bfe6-78dfe5742d33')",Fe,4.2716463977856326e-11,4.2716463977856326e-11,1.0,9.645225823667623e-15,9.645225823667623e-15,dissipation
Iron ion,"('ecoinvent-3.12-biosphere', '8dba66e2-0f2e-4038-84ef-1e40b4f573a6')",Fe,4.2716463977856326e-11,4.2716463977856326e-11,1.0,9.645225823667623e-15,9.645225823667623e-15,dissipation
Iron ion,"('ecoinvent-3.12-biosphere', '2c9a7182-37c8-4777-a37a-9a007c3edb2f')",Fe,4.2716463977856326e-11,4.2716463977856326e-11,1.0,9.645225823667623e-15,9.645225823667623e-15,dissipation
Iron ion,"('ecoinvent-3.12-biosphere', '7c335b9c-a403-47a8-bb6d-2e7d3c3a230e')",Fe,4.2716463977856326e-11,4.2716463977856326e-11,1.0,9.645225823667623e-15,9.645225823667623e-15,dissipation
Iron ion,"('ecoinvent-3.12-biosphere', 'c983ad54-12e9-47a5-b747-5e5c448e58e2')",Fe,4.2716463977856326e-11,4.2716463977856326e-11,1.0,9.645225823667623e-15,9.645225823667623e-15,dissipation
Iron ion,"('ecoinvent-3.12-biosphere', '9b6d6f07-ebc6-447d-a3c0-f2017d77d852')",Fe,4.2716463977856326e-11,4.2716463977856326e-11,1.0,9.645225823667623e-15,9.645225823667623e-15,dissipation
Copper ion,"('ecoinvent-3.12-biosphere', '6d9550e2-e670-44c1-bad8-c0c4975ffca7')",Cu,4.224000281822603e-11,4.224000281822603e-11,1.0,1.231243333335009e-14,1.231243333335009e-14,dissipation
Copper ion,"('ecoinvent-3.12-biosphere', '237ca6bc-2f0a-4416-a0e3-bd512f038f2e')",Cu,4.224000281822603e-11,4.224000281822603e-11,1.0,1.231243333335009e-14,1.231243333335009e-14,dissipation
Copper ion,"('ecoinvent-3.12-biosphere', '7e66a41c-d311-4949-bdd8-eef09cdcfa47')",Cu,4.224000281822603e-11,4.224000281822603e-11,1.0,1.231243333335009e-14,1.231243333335009e-14,dissipation
Copper ion,"('ecoinvent-3.12-biosphere', '0a5e8a67-f9ae-48b3-bfa7-e9d37c30a191')",Cu,4.224000281822603e-11,4.224000281822603e-11,1.0,1.231243333335009e-14,1.231243333335009e-14,dissipation
Copper ion,"('ecoinvent-3.12-biosphere', 'fd153f15-1d16-410a-91fa-04d205e36c43')",Cu,4.224000281822603e-11,4.224000281822603e-11,1.0,1.231243333335009e-14,1.231243333335009e-14,dissipation
Copper ion,"('ecoinvent-3.12-biosphere', 'ec8144d6-d123-43b1-9c17-a295422a0498')",Cu,4.224000281822603e-11,4.224000281822603e-11,1.0,1.231243333335009e-14,1.231243333335009e-14,dissipation
Copper ion,"('ecoinvent-3.12-biosphere', 'd8f9ccf6-fd32-4348-83c0-1cee724af9ae')",Cu,4.224000281822603e-11,4.224000281822603e-11,1.0,1.231243333335009e-14,1.231243333335009e-14,dissipation
Copper ion,"('ecoinvent-3.12-biosphere', 'e336eee7-148a-4d1c-8027-780cbfafa12b')",Cu,4.224000281822603e-11,4.224000281822603e-11,1.0,1.231243333335009e-14,1.231243333335009e-14,dissipation
Copper ion,"('ecoinvent-3.12-biosphere', '3573a5af-88f8-4f74-ade7-cd269cbc4e66')",Cu,4.224000281822603e-11,4.224000281822603e-11,1.0,1.231243333335009e-14,1.231243333335009e-14,dissipation
Copper ion,"('ecoinvent-3.12-biosphere', 'c3b659e5-35f1-408c-8cb5-b5f9b295c76e')",Cu,4.224000281822603e-11,4.224000281822603e-11,1.0,1.231243333335009e-14,1.231243333335009e-14,dissipation
Copper ion,"('ecoinvent-3.12-biosphere', '40229ebf-9346-4f20-910a-f8ea3bd88d44')",Cu,4.224000281822603e-11,4.224000281822603e-11,1.0,1.231243333335009e-14,1.231243333335009e-14,dissipation
Copper ion,"('ecoinvent-3.12-biosphere', '615b1460-6860-4cf6-8678-ad92c03c5e8b')",Cu,4.224000281822603e-11,4.224000281822603e-11,1.0,1.231243333335009e-14,1.231243333335009e-14,dissipation
Copper ion,"('ecoinvent-3.12-biosphere', '88cde01c-df69-40bb-9b14-6eac71bea5b8')",Cu,4.224000281822603e-11,4.224000281822603e-11,1.0,1.231243333335009e-14,1.231243333335009e-14,dissipation
Copper ion,"('ecoinvent-3.12-biosphere', '44d3e792-7c9e-48ab-9de9-acfa2e097f26')",Cu,4.224000281822603e-11,4.224000281822603e-11,1.0,1.231243333335009e-14,1.231243333335009e-14,dissipation
Manganese II,"('ecoinvent-3.12-biosphere', '835d0907-a668-4d92-b6b6-7b56fa343713')",Mn,4.1826053525733174e-11,4.1826053525733174e-11,1.0,6.485008032108113e-14,6.485008032108113e-14,dissipation
Manganese II,"('ecoinvent-3.12-biosphere', 'b0546417-3064-4878-bd6f-2da75cefdf63')",Mn,4.1826053525733174e-11,4.1826053525733174e-11,1.0,6.485008032108113e-14,6.485008032108113e-14,dissipation
Manganese II,"('ecoinvent-3.12-biosphere', 'f532985c-90b7-46fc-aac9-b039b40e22f1')",Mn,4.1826053525733174e-11,4.1826053525733174e-11,1.0,6.485008032108113e-14,6.485008032108113e-14,dissipation
Manganese II,"('ecoinvent-3.12-biosphere', '2460f868-54a9-404c-bec8-c809a44ae72c')",Mn,4.1826053525733174e-11,4.1826053525733174e-11,1.0,6.485008032108113e-14,6.485008032108113e-14,dissipation
Manganese II,"('ecoinvent-3.12-biosphere', 'c91fd4bf-ed70-4e2f-a34f-159773f981b6')",Mn,4.1826053525733174e-11,4.1826053525733174e-11,1.0,6.485008032108113e-14,6.485008032108113e-14,dissipation
Manganese II,"('ecoinvent-3.12-biosphere', '295060ba-3c3d-45e4-99ca-e17b1204b553')",Mn,4.1826053525733174e-11,4.1826053525733174e-11,1.0,6.485008032108113e-14,6.485008032108113e-14,dissipation
Manganese II,"('ecoinvent-3.12-biosphere', '0af26a55-d357-469f-abad-8ced785cb4fb')",Mn,4.1826053525733174e-11,4.1826053525733174e-11,1.0,6.485008032108113e-14,6.485008032108113e-14,dissipation
Manganese II,"('ecoinvent-3.12-biosphere', '10cbd2f7-c41b-4bb4-b636-d8fc15cf0282')",Mn,4.1826053525733174e-11,4.1826053525733174e-11,1.0,6.485008032108113e-14,6.485008032108113e-14,dissipation
Manganese II,"('ecoinvent-3.12-biosphere', '9ba8c05d-1593-45a5-8d3b-5c4f3e9fef32')",Mn,4.1826053525733174e-11,4.1826053525733174e-11,1.0,6.485008032108113e-14,6.485008032108113e-14,dissipation
Manganese II,"('ecoinvent-3.12-biosphere', '009a49e8-09a7-4432-9cb9-f2dd18e8f922')",Mn,4.1826053525733174e-11,4.1826053525733174e-11,1.0,6.485008032108113e-14,6.485008032108113e-14,dissipation
Manganese II,"('ecoinvent-3.12-biosphere', '9c706cff-cb82-4207-a589-95896e04dc08')",Mn,4.1826053525733174e-11,4.1826053525733174e-11,1.0,6.485008032108113e-14,6.485008032108113e-14,dissipation
Manganese II,"('ecoinvent-3.12-biosphere', '44f28e11-061d-44fd-8f25-dc62a9f1fa57')",Mn,4.1826053525733174e-11,4.1826053525733174e-11,1.0,6.485008032108113e-14,6.485008032108113e-14,dissipation
Manganese II,"('ecoinvent-3.12-biosphere', '6b7fbea6-4a86-40f9-954d-3c9b3611abfd')",Mn,4.1826053525733174e-11,4.1826053525733174e-11,1.0,6.485008032108113e-14,6.485008032108113e-14,dissipation
Antimony ion,"('ecoinvent-3.12-biosphere', '77927dac-dea3-429d-a434-d5a71d92c4f7')",Sb,4.0714985514633775e-11,4.0714985514633775e-11,1.0,2.1834077210692158e-11,2.1834077210692158e-11,dissipation
Antimony ion,"('ecoinvent-3.12-biosphere', 'b2dc8668-86de-4207-b20e-dc81dea63c98')",Sb,4.0714985514633775e-11,4.0714985514633775e-11,1.0,2.1834077210692158e-11,2.1834077210692158e-11,dissipation
Antimony ion,"('ecoinvent-3.12-biosphere', 'f4cf8d5c-f030-4b55-a3af-e3c20b855ee8')",Sb,4.0714985514633775e-11,4.0714985514633775e-11,1.0,2.1834077210692158e-11,2.1834077210692158e-11,dissipation
Antimony ion,"('ecoinvent-3.12-biosphere', 'c49fb4cd-eed0-4438-9052-9612473cdbae')",Sb,4.0714985514633775e-11,4.0714985514633775e-11,1.0,2.1834077210692158e-11,2.1834077210692158e-11,dissipation
Antimony ion,"('ecoinvent-3.12-biosphere', '5df5cb9f-812c-4ce8-ab1c-df6ab4d31900')",Sb,4.0714985514633775e-11,4.0714985514633775e-11,1.0,2.1834077210692158e-11,2.1834077210692158e-11,dissipation
Antimony ion,"('ecoinvent-3.12-biosphere', '7805afa2-d93b-40bb-b841-325b98aec824')",Sb,4.0714985514633775e-11,4.0714985514633775e-11,1.0,2.1834077210692158e-11,2.1834077210692158e-11,dissipation
Antimony ion,"('ecoinvent-3.12-biosphere', '34b96163-a3df-4bc1-8224-e2a9fe01b23f')",Sb,4.0714985514633775e-11,4.0714985514633775e-11,1.0,2.1834077210692158e-11,2.1834077210692158e-11,dissipation
Antimony ion,"('ecoinvent-3.12-biosphere', '83cf77ca-867b-4eef-b0f0-78d71b3d91d5')",Sb,4.0714985514633775e-11,4.0714985514633775e-11,1.0,2.1834077210692158e-11,2.1834077210692158e-11,dissipation
Antimony ion,"('ecoinvent-3.12-biosphere', '183f9856-03ab-464d-9366-8ef62077b510')",Sb,4.0714985514633775e-11,4.0714985514633775e-11,1.0,2.1834077210692158e-11,2.1834077210692158e-11,dissipation
Antimony ion,"('ecoinvent-3.12-biosphere', '3ea5684a-6d64-4f96-8c09-1d90f997c9d4')",Sb,4.0714985514633775e-11,4.0714985514633775e-11,1.0,2.1834077210692158e-11,2.1834077210692158e-11,dissipation
Antimony ion,"('ecoinvent-3.12-biosphere', 'fa39136e-1ef6-43c1-af68-104da104568d')",Sb,4.0714985514633775e-11,4.0714985514633775e-11,1.0,2.1834077210692158e-11,2.1834077210692158e-11,dissipation
Antimony ion,"('ecoinvent-3.12-biosphere', '2b2369a4-26bb-4b18-8479-752fdf7a5e7f')",Sb,4.0714985514633775e-11,4.0714985514633775e-11,1.0,2.1834077210692158e-11,2.1834077210692158e-11,dissipation
Antimony ion,"('ecoinvent-3.12-biosphere', '43b29ad9-26dd-4838-b931-6216e55a0120')",Sb,4.0714985514633775e-11,4.0714985514633775e-11,1.0,2.1834077210692158e-11,2.1834077210692158e-11,dissipation
Copper ion,"('ecoinvent-3.12-biosphere', '6d9550e2-e670-44c1-bad8-c0c4975ffca7')",Cu,3.871495698482161e-11,3.871495698482161e-11,1.0,1.231243333335009e-14,1.231243333335009e-14,dissipation
Copper ion,"('ecoinvent-3.12-biosphere', '237ca6bc-2f0a-4416-a0e3-bd512f038f2e')",Cu,3.871495698482161e-11,3.871495698482161e-11,1.0,1.231243333335009e-14,1.231243333335009e-14,dissipation
Copper ion,"('ecoinvent-3.12-biosphere', '7e66a41c-d311-4949-bdd8-eef09cdcfa47')",Cu,3.871495698482161e-11,3.871495698482161e-11,1.0,1.231243333335009e-14,1.231243333335009e-14,dissipation
Copper ion,"('ecoinvent-3.12-biosphere', '0a5e8a67-f9ae-48b3-bfa7-e9d37c30a191')",Cu,3.871495698482161e-11,3.871495698482161e-11,1.0,1.231243333335009e-14,1.231243333335009e-14,dissipation
Copper ion,"('ecoinvent-3.12-biosphere', 'fd153f15-1d16-410a-91fa-04d205e36c43')",Cu,3.871495698482161e-11,3.871495698482161e-11,1.0,1.231243333335009e-14,1.231243333335009e-14,dissipation
Copper ion,"('ecoinvent-3.12-biosphere', 'ec8144d6-d123-43b1-9c17-a295422a0498')",Cu,3.871495698482161e-11,3.871495698482161e-11,1.0,1.231243333335009e-14,1.231243333335009e-14,dissipation
Copper ion,"('ecoinvent-3.12-biosphere', 'd8f9ccf6-fd32-4348-83c0-1cee724af9ae')",Cu,3.871495698482161e-11,3.871495698482161e-11,1.0,1.231243333335009e-14,1.231243333335009e-14,dissipation
Copper ion,"('ecoinvent-3.12-biosphere', 'e336eee7-148a-4d1c-8027-780cbfafa12b')",Cu,3.871495698482161e-11,3.871495698482161e-11,1.0,1.231243333335009e-14,1.231243333335009e-14,dissipation
Copper ion,"('ecoinvent-3.12-biosphere', '3573a5af-88f8-4f74-ade7-cd269cbc4e66')",Cu,3.871495698482161e-11,3.871495698482161e-11,1.0,1.231243333335009e-14,1.231243333335009e-14,dissipation
Copper ion,"('ecoinvent-3.12-biosphere', 'c3b659e5-35f1-408c-8cb5-b5f9b295c76e')",Cu,3.871495698482161e-11,3.871495698482161e-11,1.0,1.231243333335009e-14,1.231243333335009e-14,dissipation
Copper ion,"('ecoinvent-3.12-biosphere', '40229ebf-9346-4f20-910a-f8ea3bd88d44')",Cu,3.871495698482161e-11,3.871495698482161e-11,1.0,1.231243333335009e-14,1.231243333335009e-14,dissipation
Copper ion,"('ecoinvent-3.12-biosphere', '615b1460-6860-4cf6-8678-ad92c03c5e8b')",Cu,3.871495698482161e-11,3.871495698482161e-11,1.0,1.231243333335009e-14,1.231243333335009e-14,dissipation
Copper ion,"('ecoinvent-3.12-biosphere', '88cde01c-df69-40bb-9b14-6eac71bea5b8')",Cu,3.871495698482161e-11,3.871495698482161e-11,1.0,1.231243333335009e-14,1.231243333335009e-14,dissipation
Copper ion,"('ecoinvent-3.12-biosphere', '44d3e792-7c9e-48ab-9de9-acfa2e097f26')",Cu,3.871495698482161e-11,3.871495698482161e-11,1.0,1.231243333335009e-14,1.231243333335009e-14,dissipation
Molybdenum VI,"('ecoinvent-3.12-biosphere', '640e30d2-3158-4a1a-82ef-fd0c72922c9a')",Mo,3.7967291419679137e-11,3.7967291419679137e-11,1.0,1.6532043483883647e-13,1.6532043483883647e-13,dissipation
Molybdenum VI,"('ecoinvent-3.12-biosphere', 'c26d4716-ce1e-43da-a662-cd9498b1e8bc')",Mo,3.7967291419679137e-11,3.7967291419679137e-11,1.0,1.6532043483883647e-13,1.6532043483883647e-13,dissipation
Molybdenum VI,"('ecoinvent-3.12-biosphere', '3822809c-cc03-469d-ac2a-9f85842f8440')",Mo,3.7967291419679137e-11,3.7967291419679137e-11,1.0,1.6532043483883647e-13,1.6532043483883647e-13,dissipation
Molybdenum VI,"('ecoinvent-3.12-biosphere', '7d3f7498-3596-478a-9fa1-72201ef94082')",Mo,3.7967291419679137e-11,3.7967291419679137e-11,1.0,1.6532043483883647e-13,1.6532043483883647e-13,dissipation
Molybdenum VI,"('ecoinvent-3.12-biosphere', '442511cc-a98b-4242-9229-5736cb9a9399')",Mo,3.7967291419679137e-11,3.7967291419679137e-11,1.0,1.6532043483883647e-13,1.6532043483883647e-13,dissipation
Molybdenum VI,"('ecoinvent-3.12-biosphere', 'c126f8a0-6bc4-42e6-9220-d6ccfef3f2ed')",Mo,3.7967291419679137e-11,3.7967291419679137e-11,1.0,1.6532043483883647e-13,1.6532043483883647e-13,dissipation
Molybdenum VI,"('ecoinvent-3.12-biosphere', '1f3c2297-d652-468d-82e8-4fd59bf5b5b8')",Mo,3.7967291419679137e-11,3.7967291419679137e-11,1.0,1.6532043483883647e-13,1.6532043483883647e-13,dissipation
Molybdenum VI,"('ecoinvent-3.12-biosphere', 'fdaaef05-0d10-4032-b2e7-85cae3c7bd5c')",Mo,3.7967291419679137e-11,3.7967291419679137e-11,1.0,1.6532043483883647e-13,1.6532043483883647e-13,dissipation
Molybdenum VI,"('ecoinvent-3.12-biosphere', '35b4d818-1019-413b-b99d-d351d8a67ac4')",Mo,3.7967291419679137e-11,3.7967291419679137e-11,1.0,1.6532043483883647e-13,1.6532043483883647e-13,dissipation
Molybdenum VI,"('ecoinvent-3.12-biosphere', '163926e2-b4cc-42bb-ba7d-401028140985')",Mo,3.7967291419679137e-11,3.7967291419679137e-11,1.0,1.6532043483883647e-13,1.6532043483883647e-13,dissipation
Molybdenum VI,"('ecoinvent-3.12-biosphere', '9cf3a683-ed3d-40e9-b039-7653e4fc9e20')",Mo,3.7967291419679137e-11,3.7967291419679137e-11,1.0,1.6532043483883647e-13,1.6532043483883647e-13,dissipation
Molybdenum VI,"('ecoinvent-3.12-biosphere', '8b531ec0-ca7a-49cd-bef0-56f110112f34')",Mo,3.7967291419679137e-11,3.7967291419679137e-11,1.0,1.6532043483883647e-13,1.6532043483883647e-13,dissipation
Molybdenum VI,"('ecoinvent-3.12-biosphere', '5fa36ce3-aed0-443b-a09d-4cdf25b41995')",Mo,3.7967291419679137e-11,3.7967291419679137e-11,1.0,1.6532043483883647e-13,1.6532043483883647e-13,dissipation
Chromium VI,"('ecoinvent-3.12-biosphere', 'ef475b50-9cd0-4e7c-9c59-07868fe16e91')",Cr,3.325618591229302e-11,3.325618591229302e-11,1.0,3.1278613038877847e-13,3.1278613038877847e-13,dissipation
Chromium VI,"('ecoinvent-3.12-biosphere', 'c2e854f9-fe22-4fe7-9083-cf6d0a8c7254')",Cr,3.325618591229302e-11,3.325618591229302e-11,1.0,3.1278613038877847e-13,3.1278613038877847e-13,dissipation
Chromium VI,"('ecoinvent-3.12-biosphere', '01285299-c683-4e15-b654-201987a7a738')",Cr,3.325618591229302e-11,3.325618591229302e-11,1.0,3.1278613038877847e-13,3.1278613038877847e-13,dissipation
Chromium VI,"('ecoinvent-3.12-biosphere', '68ba2022-830e-45fb-8c85-b35e94754ae9')",Cr,3.325618591229302e-11,3.325618591229302e-11,1.0,3.1278613038877847e-13,3.1278613038877847e-13,dissipation
Chromium VI,"('ecoinvent-3.12-biosphere', '81e17d9a-3e0b-414e-9b2e-eca7e5b3bd4a')",Cr,3.325618591229302e-11,3.325618591229302e-11,1.0,3.1278613038877847e-13,3.1278613038877847e-13,dissipation
Chromium VI,"('ecoinvent-3.12-biosphere', '8ec83662-7c2b-4452-8acf-95a0bb94233c')",Cr,3.325618591229302e-11,3.325618591229302e-11,1.0,3.1278613038877847e-13,3.1278613038877847e-13,dissipation
Chromium VI,"('ecoinvent-3.12-biosphere', '8216fc31-15a1-4d33-858f-e09650b14c63')",Cr,3.325618591229302e-11,3.325618591229302e-11,1.0,3.1278613038877847e-13,3.1278613038877847e-13,dissipation
Chromium VI,"('ecoinvent-3.12-biosphere', '81b3321a-c9d8-4104-a974-5460f1bc5029')",Cr,3.325618591229302e-11,3.325618591229302e-11,1.0,3.1278613038877847e-13,3.1278613038877847e-13,dissipation
Chromium VI,"('ecoinvent-3.12-biosphere', '03b279a7-4626-4703-a451-d0650599dbd9')",Cr,3.325618591229302e-11,3.325618591229302e-11,1.0,3.1278613038877847e-13,3.1278613038877847e-13,dissipation
Chromium VI,"('ecoinvent-3.12-biosphere', 'a9ec0c9b-982a-4329-99ae-dab1f9fb62d3')",Cr,3.325618591229302e-11,3.325618591229302e-11,1.0,3.1278613038877847e-13,3.1278613038877847e-13,dissipation
Chromium VI,"('ecoinvent-3.12-biosphere', '58060894-19d9-4855-84d8-58935a5325f8')",Cr,3.325618591229302e-11,3.325618591229302e-11,1.0,3.1278613038877847e-13,3.1278613038877847e-13,dissipation
Chromium VI,"('ecoinvent-3.12-biosphere', '7a59e8d5-cd11-4ee7-b1ca-30979d2b0b3a')",Cr,3.325618591229302e-11,3.325618591229302e-11,1.0,3.1278613038877847e-13,3.1278613038877847e-13,dissipation
Chromium VI,"('ecoinvent-3.12-biosphere', '9bbae55a-35de-4eff-a219-814a9fec5ac2')",Cr,3.325618591229302e-11,3.325618591229302e-11,1.0,3.1278613038877847e-13,3.1278613038877847e-13,dissipation
Chromium III,"('ecoinvent-3.12-biosphere', 'e34d3da4-a3d5-41be-84b5-458afe32c990')",Cr,3.218588400654099e-11,3.218588400654099e-11,1.0,3.1278613038877847e-13,3.1278613038877847e-13,dissipation
Chromium III,"('ecoinvent-3.12-biosphere', '6b29d83a-c43c-484c-8e73-474a8a22d71e')",Cr,3.218588400654099e-11,3.218588400654099e-11,1.0,3.1278613038877847e-13,3.1278613038877847e-13,dissipation
Chromium III,"('ecoinvent-3.12-biosphere', 'e142b577-e934-4085-9a07-3983d4d92afb')",Cr,3.218588400654099e-11,3.218588400654099e-11,1.0,3.1278613038877847e-13,3.1278613038877847e-13,dissipation
Chromium III,"('ecoinvent-3.12-biosphere', 'd9c23a8d-e7bf-4f70-8d22-b9ad8a653204')",Cr,3.218588400654099e-11,3.218588400654099e-11,1.0,3.1278613038877847e-13,3.1278613038877847e-13,dissipation
Chromium III,"('ecoinvent-3.12-biosphere', '2a5ed451-12a2-47db-b4dc-fa0bfbc01d79')",Cr,3.218588400654099e-11,3.218588400654099e-11,1.0,3.1278613038877847e-13,3.1278613038877847e-13,dissipation
Chromium III,"('ecoinvent-3.12-biosphere', '7705f0e1-5b14-44f4-b330-1245b5c7fc08')",Cr,3.218588400654099e-11,3.218588400654099e-11,1.0,3.1278613038877847e-13,3.1278613038877847e-13,dissipation
Chromium III,"('ecoinvent-3.12-biosphere', 'e65a9c58-21f1-48b6-b738-d05a8f10e5f3')",Cr,3.218588400654099e-11,3.218588400654099e-11,1.0,3.1278613038877847e-13,3.1278613038877847e-13,dissipation
Chromium III,"('ecoinvent-3.12-biosphere', '30f484ee-dec4-47ae-8e92-d00d4b93fe05')",Cr,3.218588400654099e-11,3.218588400654099e-11,1.0,3.1278613038877847e-13,3.1278613038877847e-13,dissipation
Chromium III,"('ecoinvent-3.12-biosphere', 'e7881581-21b3-4f5c-bd63-6b0684b5e712')",Cr,3.218588400654099e-11,3.218588400654099e-11,1.0,3.1278613038877847e-13,3.1278613038877847e-13,dissipation
Chromium III,"('ecoinvent-3.12-biosphere', '1c87de06-e58f-4684-a54c-d29f1a251a87')",Cr,3.218588400654099e-11,3.218588400654099e-11,1.0,3.1278613038877847e-13,3.1278613038877847e-13,dissipation
Chromium III,"('ecoinvent-3.12-biosphere', '4d40d8e3-9bc7-4ab1-ac5c-4f4a76fda8e5')",Cr,3.218588400654099e-11,3.218588400654099e-11,1.0,3.1278613038877847e-13,3.1278613038877847e-13,dissipation
Chromium III,"('ecoinvent-3.12-biosphere', 'd98f0ec0-bf19-4c90-a457-a8593dec497f')",Cr,3.218588400654099e-11,3.218588400654099e-11,1.0,3.1278613038877847e-13,3.1278613038877847e-13,dissipation
Chromium III,"('ecoinvent-3.12-biosphere', '591de726-f2c7-43ba-8e22-15fd08acc8dc')",Cr,3.218588400654099e-11,3.218588400654099e-11,1.0,3.1278613038877847e-13,3.1278613038877847e-13,dissipation
Chromium III,"('ecoinvent-3.12-biosphere', 'e0336c9b-a0ff-4ae3-b8bb-ca1e46bbbc11')",Cr,3.218588400654099e-11,3.218588400654099e-11,1.0,3.1278613038877847e-13,3.1278613038877847e-13,dissipation
Copper ion,"('ecoinvent-3.12-biosphere', '6d9550e2-e670-44c1-bad8-c0c4975ffca7')",Cu,3.107832523138566e-11,3.107832523138566e-11,1.0,1.231243333335009e-14,1.231243333335009e-14,dissipation
Copper ion,"('ecoinvent-3.12-biosphere', '237ca6bc-2f0a-4416-a0e3-bd512f038f2e')",Cu,3.107832523138566e-11,3.107832523138566e-11,1.0,1.231243333335009e-14,1.231243333335009e-14,dissipation
Copper ion,"('ecoinvent-3.12-biosphere', '7e66a41c-d311-4949-bdd8-eef09cdcfa47')",Cu,3.107832523138566e-11,3.107832523138566e-11,1.0,1.231243333335009e-14,1.231243333335009e-14,dissipation
Copper ion,"('ecoinvent-3.12-biosphere', '0a5e8a67-f9ae-48b3-bfa7-e9d37c30a191')",Cu,3.107832523138566e-11,3.107832523138566e-11,1.0,1.231243333335009e-14,1.231243333335009e-14,dissipation
Copper ion,"('ecoinvent-3.12-biosphere', 'fd153f15-1d16-410a-91fa-04d205e36c43')",Cu,3.107832523138566e-11,3.107832523138566e-11,1.0,1.231243333335009e-14,1.231243333335009e-14,dissipation
Copper ion,"('ecoinvent-3.12-biosphere', 'ec8144d6-d123-43b1-9c17-a295422a0498')",Cu,3.107832523138566e-11,3.107832523138566e-11,1.0,1.231243333335009e-14,1.231243333335009e-14,dissipation
Copper ion,"('ecoinvent-3.12-biosphere', 'd8f9ccf6-fd32-4348-83c0-1cee724af9ae')",Cu,3.107832523138566e-11,3.107832523138566e-11,1.0,1.231243333335009e-14,1.231243333335009e-14,dissipation
Copper ion,"('ecoinvent-3.12-biosphere', 'e336eee7-148a-4d1c-8027-780cbfafa12b')",Cu,3.107832523138566e-11,3.107832523138566e-11,1.0,1.231243333335009e-14,1.231243333335009e-14,dissipation
Copper ion,"('ecoinvent-3.12-biosphere', '3573a5af-88f8-4f74-ade7-cd269cbc4e66')",Cu,3.107832523138566e-11,3.107832523138566e-11,1.0,1.231243333335009e-14,1.231243333335009e-14,dissipation
Copper ion,"('ecoinvent-3.12-biosphere', 'c3b659e5-35f1-408c-8cb5-b5f9b295c76e')",Cu,3.107832523138566e-11,3.107832523138566e-11,1.0,1.231243333335009e-14,1.231243333335009e-14,dissipation
Copper ion,"('ecoinvent-3.12-biosphere', '40229ebf-9346-4f20-910a-f8ea3bd88d44')",Cu,3.107832523138566e-11,3.107832523138566e-11,1.0,1.231243333335009e-14,1.231243333335009e-14,dissipation
Copper ion,"('ecoinvent-3.12-biosphere', '615b1460-6860-4cf6-8678-ad92c03c5e8b')",Cu,3.107832523138566e-11,3.107832523138566e-11,1.0,1.231243333335009e-14,1.231243333335009e-14,dissipation
Copper ion,"('ecoinvent-3.12-biosphere', '88cde01c-df69-40bb-9b14-6eac71bea5b8')",Cu,3.107832523138566e-11,3.107832523138566e-11,1.0,1.231243333335009e-14,1.231243333335009e-14,dissipation
Copper ion,"('ecoinvent-3.12-biosphere', '44d3e792-7c9e-48ab-9de9-acfa2e097f26')",Cu,3.107832523138566e-11,3.107832523138566e-11,1.0,1.231243333335009e-14,1.231243333335009e-14,dissipation
Sodium dichromate,"('ecoinvent-3.12-biosphere', '64a408f9-a93b-47c8-863e-3e239fb1b118')",Cr,2.85655352643881e-11,2.85655352643881e-11,0.39696148413940524,1.2416404653735104e-13,1.2416404653735104e-13,dissipation
Sodium dichromate,"('ecoinvent-3.12-biosphere', '7a63162b-4ffe-447f-ba52-782d5548b774')",Cr,2.85655352643881e-11,2.85655352643881e-11,0.39696148413940524,1.2416404653735104e-13,1.2416404653735104e-13,dissipation
Sodium dichromate,"('ecoinvent-3.12-biosphere', 'f714e13b-86ef-4cd2-8248-2495f1a2d2e4')",Cr,2.85655352643881e-11,2.85655352643881e-11,0.39696148413940524,1.2416404653735104e-13,1.2416404653735104e-13,dissipation
Sodium dichromate,"('ecoinvent-3.12-biosphere', 'a57bf693-7ffa-409d-919c-c806e34a4c67')",Cr,2.85655352643881e-11,2.85655352643881e-11,0.39696148413940524,1.2416404653735104e-13,1.2416404653735104e-13,dissipation
Lead II,"('ecoinvent-3.12-biosphere', '31c4d160-b21e-41b3-b9c1-3d7a72377653')",Pb,2.5883800060774793e-11,2.5883800060774793e-11,1.0,1.1855254708054448e-13,1.1855254708054448e-13,dissipation
Lead II,"('ecoinvent-3.12-biosphere', '67652827-017f-4856-8d0a-c97bac4c6562')",Pb,2.5883800060774793e-11,2.5883800060774793e-11,1.0,1.1855254708054448e-13,1.1855254708054448e-13,dissipation
Lead II,"('ecoinvent-3.12-biosphere', '8e123669-94d3-41d8-9480-a79211fe7c43')",Pb,2.5883800060774793e-11,2.5883800060774793e-11,1.0,1.1855254708054448e-13,1.1855254708054448e-13,dissipation
Lead II,"('ecoinvent-3.12-biosphere', '2718482b-8399-442e-b89a-52fbcc22d2e6')",Pb,2.5883800060774793e-11,2.5883800060774793e-11,1.0,1.1855254708054448e-13,1.1855254708054448e-13,dissipation
Lead II,"('ecoinvent-3.12-biosphere', 'fe4613d7-1ed8-427d-9b06-c8e8f4f5e1b1')",Pb,2.5883800060774793e-11,2.5883800060774793e-11,1.0,1.1855254708054448e-13,1.1855254708054448e-13,dissipation
Lead II,"('ecoinvent-3.12-biosphere', 'c864aa15-0abc-41ad-9889-348106e485d8')",Pb,2.5883800060774793e-11,2.5883800060774793e-11,1.0,1.1855254708054448e-13,1.1855254708054448e-13,dissipation
Lead II,"('ecoinvent-3.12-biosphere', 'b3ebdcc3-c588-4997-95d2-9785b26b34e1')",Pb,2.5883800060774793e-11,2.5883800060774793e-11,1.0,1.1855254708054448e-13,1.1855254708054448e-13,dissipation
Lead II,"('ecoinvent-3.12-biosphere', '739234c8-5359-48b4-983f-9cb170d68c8d')",Pb,2.5883800060774793e-11,2.5883800060774793e-11,1.0,1.1855254708054448e-13,1.1855254708054448e-13,dissipation
Lead II,"('ecoinvent-3.12-biosphere', '9ee7f4ab-b826-47ae-8623-e138f944b42e')",Pb,2.5883800060774793e-11,2.5883800060774793e-11,1.0,1.1855254708054448e-13,1.1855254708054448e-13,dissipation
Lead II,"('ecoinvent-3.12-biosphere', '6a903634-c97f-4c49-a7c0-88f0e6ac7a23')",Pb,2.5883800060774793e-11,2.5883800060774793e-11,1.0,1.1855254708054448e-13,1.1855254708054448e-13,dissipation
Lead II,"('ecoinvent-3.12-biosphere', '4010918f-7fd0-4925-8fbb-8fd7a44a806c')",Pb,2.5883800060774793e-11,2.5883800060774793e-11,1.0,1.1855254708054448e-13,1.1855254708054448e-13,dissipation
Lead II,"('ecoinvent-3.12-biosphere', 'e9e856c2-868e-435e-8425-8df1c9297cfc')",Pb,2.5883800060774793e-11,2.5883800060774793e-11,1.0,1.1855254708054448e-13,1.1855254708054448e-13,dissipation
Lead II,"('ecoinvent-3.12-biosphere', '837083ce-41cd-49f3-a849-d79564dac238')",Pb,2.5883800060774793e-11,2.5883800060774793e-11,1.0,1.1855254708054448e-13,1.1855254708054448e-13,dissipation
Lead II,"('ecoinvent-3.12-biosphere', '0ff15165-d761-48c9-9814-2d1dcdd56857')",Pb,2.5883800060774793e-11,2.5883800060774793e-11,1.0,1.1855254708054448e-13,1.1855254708054448e-13,dissipation
Manganese II,"('ecoinvent-3.12-biosphere', '835d0907-a668-4d92-b6b6-7b56fa343713')",Mn,2.3386693277461212e-11,2.3386693277461212e-11,1.0,6.485008032108113e-14,6.485008032108113e-14,dissipation
Manganese II,"('ecoinvent-3.12-biosphere', 'b0546417-3064-4878-bd6f-2da75cefdf63')",Mn,2.3386693277461212e-11,2.3386693277461212e-11,1.0,6.485008032108113e-14,6.485008032108113e-14,dissipation
Manganese II,"('ecoinvent-3.12-biosphere', 'f532985c-90b7-46fc-aac9-b039b40e22f1')",Mn,2.3386693277461212e-11,2.3386693277461212e-11,1.0,6.485008032108113e-14,6.485008032108113e-14,dissipation
Manganese II,"('ecoinvent-3.12-biosphere', '2460f868-54a9-404c-bec8-c809a44ae72c')",Mn,2.3386693277461212e-11,2.3386693277461212e-11,1.0,6.485008032108113e-14,6.485008032108113e-14,dissipation
Manganese II,"('ecoinvent-3.12-biosphere', 'c91fd4bf-ed70-4e2f-a34f-159773f981b6')",Mn,2.3386693277461212e-11,2.3386693277461212e-11,1.0,6.485008032108113e-14,6.485008032108113e-14,dissipation
Manganese II,"('ecoinvent-3.12-biosphere', '295060ba-3c3d-45e4-99ca-e17b1204b553')",Mn,2.3386693277461212e-11,2.3386693277461212e-11,1.0,6.485008032108113e-14,6.485008032108113e-14,dissipation
Manganese II,"('ecoinvent-3.12-biosphere', '0af26a55-d357-469f-abad-8ced785cb4fb')",Mn,2.3386693277461212e-11,2.3386693277461212e-11,1.0,6.485008032108113e-14,6.485008032108113e-14,dissipation
Manganese II,"('ecoinvent-3.12-biosphere', '10cbd2f7-c41b-4bb4-b636-d8fc15cf0282')",Mn,2.3386693277461212e-11,2.3386693277461212e-11,1.0,6.485008032108113e-14,6.485008032108113e-14,dissipation
Manganese II,"('ecoinvent-3.12-biosphere', '9ba8c05d-1593-45a5-8d3b-5c4f3e9fef32')",Mn,2.3386693277461212e-11,2.3386693277461212e-11,1.0,6.485008032108113e-14,6.485008032108113e-14,dissipation
Manganese II,"('ecoinvent-3.12-biosphere', '009a49e8-09a7-4432-9cb9-f2dd18e8f922')",Mn,2.3386693277461212e-11,2.3386693277461212e-11,1.0,6.485008032108113e-14,6.485008032108113e-14,dissipation
Manganese II,"('ecoinvent-3.12-biosphere', '9c706cff-cb82-4207-a589-95896e04dc08')",Mn,2.3386693277461212e-11,2.3386693277461212e-11,1.0,6.485008032108113e-14,6.485008032108113e-14,dissipation
Manganese II,"('ecoinvent-3.12-biosphere', '44f28e11-061d-44fd-8f25-dc62a9f1fa57')",Mn,2.3386693277461212e-11,2.3386693277461212e-11,1.0,6.485008032108113e-14,6.485008032108113e-14,dissipation
Manganese II,"('ecoinvent-3.12-biosphere', '6b7fbea6-4a86-40f9-954d-3c9b3611abfd')",Mn,2.3386693277461212e-11,2.3386693277461212e-11,1.0,6.485008032108113e-14,6.485008032108113e-14,dissipation
Lead II,"('ecoinvent-3.12-biosphere', '31c4d160-b21e-41b3-b9c1-3d7a72377653')",Pb,2.083849458062731e-11,2.083849458062731e-11,1.0,1.1855254708054448e-13,1.1855254708054448e-13,dissipation
Lead II,"('ecoinvent-3.12-biosphere', '67652827-017f-4856-8d0a-c97bac4c6562')",Pb,2.083849458062731e-11,2.083849458062731e-11,1.0,1.1855254708054448e-13,1.1855254708054448e-13,dissipation
Lead II,"('ecoinvent-3.12-biosphere', '8e123669-94d3-41d8-9480-a79211fe7c43')",Pb,2.083849458062731e-11,2.083849458062731e-11,1.0,1.1855254708054448e-13,1.1855254708054448e-13,dissipation
Lead II,"('ecoinvent-3.12-biosphere', '2718482b-8399-442e-b89a-52fbcc22d2e6')",Pb,2.083849458062731e-11,2.083849458062731e-11,1.0,1.1855254708054448e-13,1.1855254708054448e-13,dissipation
Lead II,"('ecoinvent-3.12-biosphere', 'fe4613d7-1ed8-427d-9b06-c8e8f4f5e1b1')",Pb,2.083849458062731e-11,2.083849458062731e-11,1.0,1.1855254708054448e-13,1.1855254708054448e-13,dissipation
Lead II,"('ecoinvent-3.12-biosphere', 'c864aa15-0abc-41ad-9889-348106e485d8')",Pb,2.083849458062731e-11,2.083849458062731e-11,1.0,1.1855254708054448e-13,1.1855254708054448e-13,dissipation
Lead II,"('ecoinvent-3.12-biosphere', 'b3ebdcc3-c588-4997-95d2-9785b26b34e1')",Pb,2.083849458062731e-11,2.083849458062731e-11,1.0,1.1855254708054448e-13,1.1855254708054448e-13,dissipation
Lead II,"('ecoinvent-3.12-biosphere', '739234c8-5359-48b4-983f-9cb170d68c8d')",Pb,2.083849458062731e-11,2.083849458062731e-11,1.0,1.1855254708054448e-13,1.1855254708054448e-13,dissipation
Lead II,"('ecoinvent-3.12-biosphere', '9ee7f4ab-b826-47ae-8623-e138f944b42e')",Pb,2.083849458062731e-11,2.083849458062731e-11,1.0,1.1855254708054448e-13,1.1855254708054448e-13,dissipation
Lead II,"('ecoinvent-3.12-biosphere', '6a903634-c97f-4c49-a7c0-88f0e6ac7a23')",Pb,2.083849458062731e-11,2.083849458062731e-11,1.0,1.1855254708054448e-13,1.1855254708054448e-13,dissipation
Lead II,"('ecoinvent-3.12-biosphere', '4010918f-7fd0-4925-8fbb-8fd7a44a806c')",Pb,2.083849458062731e-11,2.083849458062731e-11,1.0,1.1855254708054448e-13,1.1855254708054448e-13,dissipation
Lead II,"('ecoinvent-3.12-biosphere', 'e9e856c2-868e-435e-8425-8df1c9297cfc')",Pb,2.083849458062731e-11,2.083849458062731e-11,1.0,1.1855254708054448e-13,1.1855254708054448e-13,dissipation
Lead II,"('ecoinvent-3.12-biosphere', '837083ce-41cd-49f3-a849-d79564dac238')",Pb,2.083849458062731e-11,2.083849458062731e-11,1.0,1.1855254708054448e-13,1.1855254708054448e-13,dissipation
Lead II,"('ecoinvent-3.12-biosphere', '0ff15165-d761-48c9-9814-2d1dcdd56857')",Pb,2.083849458062731e-11,2.083849458062731e-11,1.0,1.1855254708054448e-13,1.1855254708054448e-13,dissipation
Copper ion,"('ecoinvent-3.12-biosphere', '6d9550e2-e670-44c1-bad8-c0c4975ffca7')",Cu,-2.0818025760490565e-11,-2.0818025760490565e-11,1.0,1.231243333335009e-14,1.231243333335009e-14,dissipation
Copper ion,"('ecoinvent-3.12-biosphere', '237ca6bc-2f0a-4416-a0e3-bd512f038f2e')",Cu,-2.0818025760490565e-11,-2.0818025760490565e-11,1.0,1.231243333335009e-14,1.231243333335009e-14,dissipation
Copper ion,"('ecoinvent-3.12-biosphere', '7e66a41c-d311-4949-bdd8-eef09cdcfa47')",Cu,-2.0818025760490565e-11,-2.0818025760490565e-11,1.0,1.231243333335009e-14,1.231243333335009e-14,dissipation
Copper ion,"('ecoinvent-3.12-biosphere', '0a5e8a67-f9ae-48b3-bfa7-e9d37c30a191')",Cu,-2.0818025760490565e-11,-2.0818025760490565e-11,1.0,1.231243333335009e-14,1.231243333335009e-14,dissipation
Copper ion,"('ecoinvent-3.12-biosphere', 'fd153f15-1d16-410a-91fa-04d205e36c43')",Cu,-2.0818025760490565e-11,-2.0818025760490565e-11,1.0,1.231243333335009e-14,1.231243333335009e-14,dissipation
Copper ion,"('ecoinvent-3.12-biosphere', 'ec8144d6-d123-43b1-9c17-a295422a0498')",Cu,-2.0818025760490565e-11,-2.0818025760490565e-11,1.0,1.231243333335009e-14,1.231243333335009e-14,dissipation
Copper ion,"('ecoinvent-3.12-biosphere', 'd8f9ccf6-fd32-4348-83c0-1cee724af9ae')",Cu,-2.0818025760490565e-11,-2.0818025760490565e-11,1.0,1.231243333335009e-14,1.231243333335009e-14,dissipation
Copper ion,"('ecoinvent-3.12-biosphere', 'e336eee7-148a-4d1c-8027-780cbfafa12b')",Cu,-2.0818025760490565e-11,-2.0818025760490565e-11,1.0,1.231243333335009e-14,1.231243333335009e-14,dissipation
Copper ion,"('ecoinvent-3.12-biosphere', '3573a5af-88f8-4f74-ade7-cd269cbc4e66')",Cu,-2.0818025760490565e-11,-2.0818025760490565e-11,1.0,1.231243333335009e-14,1.231243333335009e-14,dissipation
Copper ion,"('ecoinvent-3.12-biosphere', 'c3b659e5-35f1-408c-8cb5-b5f9b295c76e')",Cu,-2.0818025760490565e-11,-2.0818025760490565e-11,1.0,1.231243333335009e-14,1.231243333335009e-14,dissipation
Copper ion,"('ecoinvent-3.12-biosphere', '40229ebf-9346-4f20-910a-f8ea3bd88d44')",Cu,-2.0818025760490565e-11,-2.0818025760490565e-11,1.0,1.231243333335009e-14,1.231243333335009e-14,dissipation
Copper ion,"('ecoinvent-3.12-biosphere', '615b1460-6860-4cf6-8678-ad92c03c5e8b')",Cu,-2.0818025760490565e-11,-2.0818025760490565e-11,1.0,1.231243333335009e-14,1.231243333335009e-14,dissipation
Copper ion,"('ecoinvent-3.12-biosphere', '88cde01c-df69-40bb-9b14-6eac71bea5b8')",Cu,-2.0818025760490565e-11,-2.0818025760490565e-11,1.0,1.231243333335009e-14,1.231243333335009e-14,dissipation
Copper ion,"('ecoinvent-3.12-biosphere', '44d3e792-7c9e-48ab-9de9-acfa2e097f26')",Cu,-2.0818025760490565e-11,-2.0818025760490565e-11,1.0,1.231243333335009e-14,1.231243333335009e-14,dissipation
Copper ion,"('ecoinvent-3.12-biosphere', '6d9550e2-e670-44c1-bad8-c0c4975ffca7')",Cu,2.0600315189097055e-11,2.0600315189097055e-11,1.0,1.231243333335009e-14,1.231243333335009e-14,dissipation
Copper ion,"('ecoinvent-3.12-biosphere', '237ca6bc-2f0a-4416-a0e3-bd512f038f2e')",Cu,2.0600315189097055e-11,2.0600315189097055e-11,1.0,1.231243333335009e-14,1.231243333335009e-14,dissipation
Copper ion,"('ecoinvent-3.12-biosphere', '7e66a41c-d311-4949-bdd8-eef09cdcfa47')",Cu,2.0600315189097055e-11,2.0600315189097055e-11,1.0,1.231243333335009e-14,1.231243333335009e-14,dissipation
Copper ion,"('ecoinvent-3.12-biosphere', '0a5e8a67-f9ae-48b3-bfa7-e9d37c30a191')",Cu,2.0600315189097055e-11,2.0600315189097055e-11,1.0,1.231243333335009e-14,1.231243333335009e-14,dissipation
Copper ion,"('ecoinvent-3.12-biosphere', 'fd153f15-1d16-410a-91fa-04d205e36c43')",Cu,2.0600315189097055e-11,2.0600315189097055e-11,1.0,1.231243333335009e-14,1.231243333335009e-14,dissipation
Copper ion,"('ecoinvent-3.12-biosphere', 'ec8144d6-d123-43b1-9c17-a295422a0498')",Cu,2.0600315189097055e-11,2.0600315189097055e-11,1.0,1.231243333335009e-14,1.231243333335009e-14,dissipation
Copper ion,"('ecoinvent-3.12-biosphere', 'd8f9ccf6-fd32-4348-83c0-1cee724af9ae')",Cu,2.0600315189097055e-11,2.0600315189097055e-11,1.0,1.231243333335009e-14,1.231243333335009e-14,dissipation
Copper ion,"('ecoinvent-3.12-biosphere', 'e336eee7-148a-4d1c-8027-780cbfafa12b')",Cu,2.0600315189097055e-11,2.0600315189097055e-11,1.0,1.231243333335009e-14,1.231243333335009e-14,dissipation
Copper ion,"('ecoinvent-3.12-biosphere', '3573a5af-88f8-4f74-ade7-cd269cbc4e66')",Cu,2.0600315189097055e-11,2.0600315189097055e-11,1.0,1.231243333335009e-14,1.231243333335009e-14,dissipation
Copper ion,"('ecoinvent-3.12-biosphere', 'c3b659e5-35f1-408c-8cb5-b5f9b295c76e')",Cu,2.0600315189097055e-11,2.0600315189097055e-11,1.0,1.231243333335009e-14,1.231243333335009e-14,dissipation
Copper ion,"('ecoinvent-3.12-biosphere', '40229ebf-9346-4f20-910a-f8ea3bd88d44')",Cu,2.0600315189097055e-11,2.0600315189097055e-11,1.0,1.231243333335009e-14,1.231243333335009e-14,dissipation
Copper ion,"('ecoinvent-3.12-biosphere', '615b1460-6860-4cf6-8678-ad92c03c5e8b')",Cu,2.0600315189097055e-11,2.0600315189097055e-11,1.0,1.231243333335009e-14,1.231243333335009e-14,dissipation
Copper ion,"('ecoinvent-3.12-biosphere', '88cde01c-df69-40bb-9b14-6eac71bea5b8')",Cu,2.0600315189097055e-11,2.0600315189097055e-11,1.0,1.231243333335009e-14,1.231243333335009e-14,dissipation
Copper ion,"('ecoinvent-3.12-biosphere', '44d3e792-7c9e-48ab-9de9-acfa2e097f26')",Cu,2.0600315189097055e-11,2.0600315189097055e-11,1.0,1.231243333335009e-14,1.231243333335009e-14,dissipation
Silver I,"('ecoinvent-3.12-biosphere', 'af9793ba-25a1-4928-a14a-4bcf7d5bd3f7')",Ag,1.9920751931958496e-11,1.9920751931958496e-11,1.0,1.5701960660375504e-13,1.5701960660375504e-13,dissipation
Silver I,"('ecoinvent-3.12-biosphere', 'c6462d84-caa9-425a-a923-45238690c6f3')",Ag,1.9920751931958496e-11,1.9920751931958496e-11,1.0,1.5701960660375504e-13,1.5701960660375504e-13,dissipation
Silver I,"('ecoinvent-3.12-biosphere', '7da45a0b-0dcf-413c-8de0-44d8ebca9e6e')",Ag,1.9920751931958496e-11,1.9920751931958496e-11,1.0,1.5701960660375504e-13,1.5701960660375504e-13,dissipation
Silver I,"('ecoinvent-3.12-biosphere', '94426df9-63b1-4dc6-ad1b-3509e22f1154')",Ag,1.9920751931958496e-11,1.9920751931958496e-11,1.0,1.5701960660375504e-13,1.5701960660375504e-13,dissipation
Silver I,"('ecoinvent-3.12-biosphere', '0ed1b1a1-e56d-4860-bac7-d76a39bde930')",Ag,1.9920751931958496e-11,1.9920751931958496e-11,1.0,1.5701960660375504e-13,1.5701960660375504e-13,dissipation
Silver I,"('ecoinvent-3.12-biosphere', 'fce0b9ae-53c8-4ab0-9e7a-7f5c2ed2c856')",Ag,1.9920751931958496e-11,1.9920751931958496e-11,1.0,1.5701960660375504e-13,1.5701960660375504e-13,dissipation
Silver I,"('ecoinvent-3.12-biosphere', '16316600-f12a-410b-8726-3faee64de60a')",Ag,1.9920751931958496e-11,1.9920751931958496e-11,1.0,1.5701960660375504e-13,1.5701960660375504e-13,dissipation
Silver I,"('ecoinvent-3.12-biosphere', '48dbf4b1-0b2a-4bf5-a190-2d7fc465bda4')",Ag,1.9920751931958496e-11,1.9920751931958496e-11,1.0,1.5701960660375504e-13,1.5701960660375504e-13,dissipation
Silver I,"('ecoinvent-3.12-biosphere', '6aa8673f-f7e3-4270-93dc-e97b745fced7')",Ag,1.9920751931958496e-11,1.9920751931958496e-11,1.0,1.5701960660375504e-13,1.5701960660375504e-13,dissipation
Silver I,"('ecoinvent-3.12-biosphere', '21c257b2-57ce-4a6e-b4bd-40f0f75f310f')",Ag,1.9920751931958496e-11,1.9920751931958496e-11,1.0,1.5701960660375504e-13,1.5701960660375504e-13,dissipation
Silver I,"('ecoinvent-3.12-biosphere', '35df5fe0-c90d-43b4-a35a-3d97022114d2')",Ag,1.9920751931958496e-11,1.9920751931958496e-11,1.0,1.5701960660375504e-13,1.5701960660375504e-13,dissipation
Silver I,"('ecoinvent-3.12-biosphere', 'ebb88ef4-50ab-4e3b-9251-c5fcdf6b4768')",Ag,1.9920751931958496e-11,1.9920751931958496e-11,1.0,1.5701960660375504e-13,1.5701960660375504e-13,dissipation
Silver I,"('ecoinvent-3.12-biosphere', '71cfe87c-ab80-421e-adba-afb7d5bd0861')",Ag,1.9920751931958496e-11,1.9920751931958496e-11,1.0,1.5701960660375504e-13,1.5701960660375504e-13,dissipation
Chromium III,"('ecoinvent-3.12-biosphere', 'e34d3da4-a3d5-41be-84b5-458afe32c990')",Cr,1.9840064900847015e-11,1.9840064900847015e-11,1.0,3.1278613038877847e-13,3.1278613038877847e-13,dissipation
Chromium III,"('ecoinvent-3.12-biosphere', '6b29d83a-c43c-484c-8e73-474a8a22d71e')",Cr,1.9840064900847015e-11,1.9840064900847015e-11,1.0,3.1278613038877847e-13,3.1278613038877847e-13,dissipation
Chromium III,"('ecoinvent-3.12-biosphere', 'e142b577-e934-4085-9a07-3983d4d92afb')",Cr,1.9840064900847015e-11,1.9840064900847015e-11,1.0,3.1278613038877847e-13,3.1278613038877847e-13,dissipation
Chromium III,"('ecoinvent-3.12-biosphere', 'd9c23a8d-e7bf-4f70-8d22-b9ad8a653204')",Cr,1.9840064900847015e-11,1.9840064900847015e-11,1.0,3.1278613038877847e-13,3.1278613038877847e-13,dissipation
Chromium III,"('ecoinvent-3.12-biosphere', '2a5ed451-12a2-47db-b4dc-fa0bfbc01d79')",Cr,1.9840064900847015e-11,1.9840064900847015e-11,1.0,3.1278613038877847e-13,3.1278613038877847e-13,dissipation
Chromium III,"('ecoinvent-3.12-biosphere', '7705f0e1-5b14-44f4-b330-1245b5c7fc08')",Cr,1.9840064900847015e-11,1.9840064900847015e-11,1.0,3.1278613038877847e-13,3.1278613038877847e-13,dissipation
Chromium III,"('ecoinvent-3.12-biosphere', 'e65a9c58-21f1-48b6-b738-d05a8f10e5f3')",Cr,1.9840064900847015e-11,1.9840064900847015e-11,1.0,3.1278613038877847e-13,3.1278613038877847e-13,dissipation
Chromium III,"('ecoinvent-3.12-biosphere', '30f484ee-dec4-47ae-8e92-d00d4b93fe05')",Cr,1.9840064900847015e-11,1.9840064900847015e-11,1.0,3.1278613038877847e-13,3.1278613038877847e-13,dissipation
Chromium III,"('ecoinvent-3.12-biosphere', 'e7881581-21b3-4f5c-bd63-6b0684b5e712')",Cr,1.9840064900847015e-11,1.9840064900847015e-11,1.0,3.1278613038877847e-13,3.1278613038877847e-13,dissipation
Chromium III,"('ecoinvent-3.12-biosphere', '1c87de06-e58f-4684-a54c-d29f1a251a87')",Cr,1.9840064900847015e-11,1.9840064900847015e-11,1.0,3.1278613038877847e-13,3.1278613038877847e-13,dissipation
Chromium III,"('ecoinvent-3.12-biosphere', '4d40d8e3-9bc7-4ab1-ac5c-4f4a76fda8e5')",Cr,1.9840064900847015e-11,1.9840064900847015e-11,1.0,3.1278613038877847e-13,3.1278613038877847e-13,dissipation
Chromium III,"('ecoinvent-3.12-biosphere', 'd98f0ec0-bf19-4c90-a457-a8593dec497f')",Cr,1.9840064900847015e-11,1.9840064900847015e-11,1.0,3.1278613038877847e-13,3.1278613038877847e-13,dissipation
Chromium III,"('ecoinvent-3.12-biosphere', '591de726-f2c7-43ba-8e22-15fd08acc8dc')",Cr,1.9840064900847015e-11,1.9840064900847015e-11,1.0,3.1278613038877847e-13,3.1278613038877847e-13,dissipation
Chromium III,"('ecoinvent-3.12-biosphere', 'e0336c9b-a0ff-4ae3-b8bb-ca1e46bbbc11')",Cr,1.9840064900847015e-11,1.9840064900847015e-11,1.0,3.1278613038877847e-13,3.1278613038877847e-13,dissipation
Tin ion,"('ecoinvent-3.12-biosphere', '3ddb2e36-bc1b-43a5-8ef4-cbcdbeeeea70')",Sn,1.9820465064235718e-11,1.9820465064235718e-11,1.0,1.3268575464212294e-13,1.3268575464212294e-13,dissipation
Tin ion,"('ecoinvent-3.12-biosphere', '2a992e5e-9f16-47b8-8bcb-733d00bed658')",Sn,1.9820465064235718e-11,1.9820465064235718e-11,1.0,1.3268575464212294e-13,1.3268575464212294e-13,dissipation
Tin ion,"('ecoinvent-3.12-biosphere', '60a6702f-20ad-444f-a6df-f6374f1e3183')",Sn,1.9820465064235718e-11,1.9820465064235718e-11,1.0,1.3268575464212294e-13,1.3268575464212294e-13,dissipation
Tin ion,"('ecoinvent-3.12-biosphere', '19b6e569-85a4-4ea9-a590-d61a21e3c846')",Sn,1.9820465064235718e-11,1.9820465064235718e-11,1.0,1.3268575464212294e-13,1.3268575464212294e-13,dissipation
Tin ion,"('ecoinvent-3.12-biosphere', '85a764f2-a810-4b20-bc86-a45604262fda')",Sn,1.9820465064235718e-11,1.9820465064235718e-11,1.0,1.3268575464212294e-13,1.3268575464212294e-13,dissipation
Tin ion,"('ecoinvent-3.12-biosphere', '2a7b68ff-f12a-44c6-8b31-71ec91d29889')",Sn,1.9820465064235718e-11,1.9820465064235718e-11,1.0,1.3268575464212294e-13,1.3268575464212294e-13,dissipation
Tin ion,"('ecoinvent-3.12-biosphere', 'e070bd24-fd16-4963-8f4d-78bb4c402400')",Sn,1.9820465064235718e-11,1.9820465064235718e-11,1.0,1.3268575464212294e-13,1.3268575464212294e-13,dissipation
Tin ion,"('ecoinvent-3.12-biosphere', '8a422b03-1055-4bc8-b439-27bf8d7eef57')",Sn,1.9820465064235718e-11,1.9820465064235718e-11,1.0,1.3268575464212294e-13,1.3268575464212294e-13,dissipation
Tin ion,"('ecoinvent-3.12-biosphere', 'f563b90e-a300-4403-b278-d2fdcd73e5a7')",Sn,1.9820465064235718e-11,1.9820465064235718e-11,1.0,1.3268575464212294e-13,1.3268575464212294e-13,dissipation
Tin ion,"('ecoinvent-3.12-biosphere', 'd5c40848-fc29-47fa-90a4-46db64a45a4e')",Sn,1.9820465064235718e-11,1.9820465064235718e-11,1.0,1.3268575464212294e-13,1.3268575464212294e-13,dissipation
Tin ion,"('ecoinvent-3.12-biosphere', 'f73177d8-5e57-4f0d-ba34-6889cfdfed40')",Sn,1.9820465064235718e-11,1.9820465064235718e-11,1.0,1.3268575464212294e-13,1.3268575464212294e-13,dissipation
Tin ion,"('ecoinvent-3.12-biosphere', '168c970b-91c9-4427-a3a0-6686ad6cc2c4')",Sn,1.9820465064235718e-11,1.9820465064235718e-11,1.0,1.3268575464212294e-13,1.3268575464212294e-13,dissipation
Tin ion,"('ecoinvent-3.12-biosphere', 'c67e3ba8-ddce-4931-b4b0-f4f9a56ccf40')",Sn,1.9820465064235718e-11,1.9820465064235718e-11,1.0,1.3268575464212294e-13,1.3268575464212294e-13,dissipation
Nickel II,"('ecoinvent-3.12-biosphere', '5de1943f-b011-45a0-97d4-ed15eea6a382')",Ni,1.881714346638607e-11,1.881714346638607e-11,1.0,9.066741688482605e-14,9.066741688482605e-14,dissipation
Nickel II,"('ecoinvent-3.12-biosphere', 'c89873de-cd23-4323-a948-f5cfeebd2fc9')",Ni,1.881714346638607e-11,1.881714346638607e-11,1.0,9.066741688482605e-14,9.066741688482605e-14,dissipation
Nickel II,"('ecoinvent-3.12-biosphere', '23cb10a4-6228-4ce4-9fb5-7043bc31faec')",Ni,1.881714346638607e-11,1.881714346638607e-11,1.0,9.066741688482605e-14,9.066741688482605e-14,dissipation
Nickel II,"('ecoinvent-3.12-biosphere', '0545c382-2312-43b6-9ec3-63dbb1438565')",Ni,1.881714346638607e-11,1.881714346638607e-11,1.0,9.066741688482605e-14,9.066741688482605e-14,dissipation
Nickel II,"('ecoinvent-3.12-biosphere', '6ec6cdaa-5a01-46d4-b716-1905e56690ea')",Ni,1.881714346638607e-11,1.881714346638607e-11,1.0,9.066741688482605e-14,9.066741688482605e-14,dissipation
Nickel II,"('ecoinvent-3.12-biosphere', '9798359e-a3ee-4362-a038-23a188582c6e')",Ni,1.881714346638607e-11,1.881714346638607e-11,1.0,9.066741688482605e-14,9.066741688482605e-14,dissipation
Nickel II,"('ecoinvent-3.12-biosphere', 'e43a270f-4f88-4789-a0b8-7aba56677743')",Ni,1.881714346638607e-11,1.881714346638607e-11,1.0,9.066741688482605e-14,9.066741688482605e-14,dissipation
Nickel II,"('ecoinvent-3.12-biosphere', '2bcad3b3-5305-481c-a166-ad5e6eac2675')",Ni,1.881714346638607e-11,1.881714346638607e-11,1.0,9.066741688482605e-14,9.066741688482605e-14,dissipation
Nickel II,"('ecoinvent-3.12-biosphere', 'a5506f4b-113f-4713-95c3-c819dde6e48b')",Ni,1.881714346638607e-11,1.881714346638607e-11,1.0,9.066741688482605e-14,9.066741688482605e-14,dissipation
Nickel II,"('ecoinvent-3.12-biosphere', '9f69cb8e-51fe-447b-a1ac-4da74de8ebe4')",Ni,1.881714346638607e-11,1.881714346638607e-11,1.0,9.066741688482605e-14,9.066741688482605e-14,dissipation
Nickel II,"('ecoinvent-3.12-biosphere', 'b4580545-243d-48d2-a3a0-2633a4f46fb1')",Ni,1.881714346638607e-11,1.881714346638607e-11,1.0,9.066741688482605e-14,9.066741688482605e-14,dissipation
Nickel II,"('ecoinvent-3.12-biosphere', 'e8fc62ba-678e-4706-97d2-b79d83e227d5')",Ni,1.881714346638607e-11,1.881714346638607e-11,1.0,9.066741688482605e-14,9.066741688482605e-14,dissipation
Nickel II,"('ecoinvent-3.12-biosphere', 'a72a45ee-395a-4d25-b893-9d183e43e76e')",Ni,1.881714346638607e-11,1.881714346638607e-11,1.0,9.066741688482605e-14,9.066741688482605e-14,dissipation
Nickel II,"('ecoinvent-3.12-biosphere', '56815b4f-6138-4e0b-9fac-c94fd6b102b3')",Ni,1.881714346638607e-11,1.881714346638607e-11,1.0,9.066741688482605e-14,9.066741688482605e-14,dissipation
Copper ion,"('ecoinvent-3.12-biosphere', '6d9550e2-e670-44c1-bad8-c0c4975ffca7')",Cu,1.8632469036101362e-11,1.8632469036101362e-11,1.0,1.231243333335009e-14,1.231243333335009e-14,dissipation
Copper ion,"('ecoinvent-3.12-biosphere', '237ca6bc-2f0a-4416-a0e3-bd512f038f2e')",Cu,1.8632469036101362e-11,1.8632469036101362e-11,1.0,1.231243333335009e-14,1.231243333335009e-14,dissipation
Copper ion,"('ecoinvent-3.12-biosphere', '7e66a41c-d311-4949-bdd8-eef09cdcfa47')",Cu,1.8632469036101362e-11,1.8632469036101362e-11,1.0,1.231243333335009e-14,1.231243333335009e-14,dissipation
Copper ion,"('ecoinvent-3.12-biosphere', '0a5e8a67-f9ae-48b3-bfa7-e9d37c30a191')",Cu,1.8632469036101362e-11,1.8632469036101362e-11,1.0,1.231243333335009e-14,1.231243333335009e-14,dissipation
Copper ion,"('ecoinvent-3.12-biosphere', 'fd153f15-1d16-410a-91fa-04d205e36c43')",Cu,1.8632469036101362e-11,1.8632469036101362e-11,1.0,1.231243333335009e-14,1.231243333335009e-14,dissipation
Copper ion,"('ecoinvent-3.12-biosphere', 'ec8144d6-d123-43b1-9c17-a295422a0498')",Cu,1.8632469036101362e-11,1.8632469036101362e-11,1.0,1.231243333335009e-14,1.231243333335009e-14,dissipation
Copper ion,"('ecoinvent-3.12-biosphere', 'd8f9ccf6-fd32-4348-83c0-1cee724af9ae')",Cu,1.8632469036101362e-11,1.8632469036101362e-11,1.0,1.231243333335009e-14,1.231243333335009e-14,dissipation
Copper ion,"('ecoinvent-3.12-biosphere', 'e336eee7-148a-4d1c-8027-780cbfafa12b')",Cu,1.8632469036101362e-11,1.8632469036101362e-11,1.0,1.231243333335009e-14,1.231243333335009e-14,dissipation
Copper ion,"('ecoinvent-3.12-biosphere', '3573a5af-88f8-4f74-ade7-cd269cbc4e66')",Cu,1.8632469036101362e-11,1.8632469036101362e-11,1.0,1.231243333335009e-14,1.231243333335009e-14,dissipation
Copper ion,"('ecoinvent-3.12-biosphere', 'c3b659e5-35f1-408c-8cb5-b5f9b295c76e')",Cu,1.8632469036101362e-11,1.8632469036101362e-11,1.0,1.231243333335009e-14,1.231243333335009e-14,dissipation
Copper ion,"('ecoinvent-3.12-biosphere', '40229ebf-9346-4f20-910a-f8ea3bd88d44')",Cu,1.8632469036101362e-11,1.8632469036101362e-11,1.0,1.231243333335009e-14,1.231243333335009e-14,dissipation
Copper ion,"('ecoinvent-3.12-biosphere', '615b1460-6860-4cf6-8678-ad92c03c5e8b')",Cu,1.8632469036101362e-11,1.8632469036101362e-11,1.0,1.231243333335009e-14,1.231243333335009e-14,dissipation
Copper ion,"('ecoinvent-3.12-biosphere', '88cde01c-df69-40bb-9b14-6eac71bea5b8')",Cu,1.8632469036101362e-11,1.8632469036101362e-11,1.0,1.231243333335009e-14,1.231243333335009e-14,dissipation
Copper ion,"('ecoinvent-3.12-biosphere', '44d3e792-7c9e-48ab-9de9-acfa2e097f26')",Cu,1.8632469036101362e-11,1.8632469036101362e-11,1.0,1.231243333335009e-14,1.231243333335009e-14,dissipation
Lead II,"('ecoinvent-3.12-biosphere', '31c4d160-b21e-41b3-b9c1-3d7a72377653')",Pb,1.7861561415112183e-11,1.7861561415112183e-11,1.0,1.1855254708054448e-13,1.1855254708054448e-13,dissipation
Lead II,"('ecoinvent-3.12-biosphere', '67652827-017f-4856-8d0a-c97bac4c6562')",Pb,1.7861561415112183e-11,1.7861561415112183e-11,1.0,1.1855254708054448e-13,1.1855254708054448e-13,dissipation
Lead II,"('ecoinvent-3.12-biosphere', '8e123669-94d3-41d8-9480-a79211fe7c43')",Pb,1.7861561415112183e-11,1.7861561415112183e-11,1.0,1.1855254708054448e-13,1.1855254708054448e-13,dissipation
Lead II,"('ecoinvent-3.12-biosphere', '2718482b-8399-442e-b89a-52fbcc22d2e6')",Pb,1.7861561415112183e-11,1.7861561415112183e-11,1.0,1.1855254708054448e-13,1.1855254708054448e-13,dissipation
Lead II,"('ecoinvent-3.12-biosphere', 'fe4613d7-1ed8-427d-9b06-c8e8f4f5e1b1')",Pb,1.7861561415112183e-11,1.7861561415112183e-11,1.0,1.1855254708054448e-13,1.1855254708054448e-13,dissipation
Lead II,"('ecoinvent-3.12-biosphere', 'c864aa15-0abc-41ad-9889-348106e485d8')",Pb,1.7861561415112183e-11,1.7861561415112183e-11,1.0,1.1855254708054448e-13,1.1855254708054448e-13,dissipation
Lead II,"('ecoinvent-3.12-biosphere', 'b3ebdcc3-c588-4997-95d2-9785b26b34e1')",Pb,1.7861561415112183e-11,1.7861561415112183e-11,1.0,1.1855254708054448e-13,1.1855254708054448e-13,dissipation
Lead II,"('ecoinvent-3.12-biosphere', '739234c8-5359-48b4-983f-9cb170d68c8d')",Pb,1.7861561415112183e-11,1.7861561415112183e-11,1.0,1.1855254708054448e-13,1.1855254708054448e-13,dissipation
Lead II,"('ecoinvent-3.12-biosphere', '9ee7f4ab-b826-47ae-8623-e138f944b42e')",Pb,1.7861561415112183e-11,1.7861561415112183e-11,1.0,1.1855254708054448e-13,1.1855254708054448e-13,dissipation
Lead II,"('ecoinvent-3.12-biosphere', '6a903634-c97f-4c49-a7c0-88f0e6ac7a23')",Pb,1.7861561415112183e-11,1.7861561415112183e-11,1.0,1.1855254708054448e-13,1.1855254708054448e-13,dissipation
Lead II,"('ecoinvent-3.12-biosphere', '4010918f-7fd0-4925-8fbb-8fd7a44a806c')",Pb,1.7861561415112183e-11,1.7861561415112183e-11,1.0,1.1855254708054448e-13,1.1855254708054448e-13,dissipation
Lead II,"('ecoinvent-3.12-biosphere', 'e9e856c2-868e-435e-8425-8df1c9297cfc')",Pb,1.7861561415112183e-11,1.7861561415112183e-11,1.0,1.1855254708054448e-13,1.1855254708054448e-13,dissipation
Lead II,"('ecoinvent-3.12-biosphere', '837083ce-41cd-49f3-a849-d79564dac238')",Pb,1.7861561415112183e-11,1.7861561415112183e-11,1.0,1.1855254708054448e-13,1.1855254708054448e-13,dissipation
Lead II,"('ecoinvent-3.12-biosphere', '0ff15165-d761-48c9-9814-2d1dcdd56857')",Pb,1.7861561415112183e-11,1.7861561415112183e-11,1.0,1.1855254708054448e-13,1.1855254708054448e-13,dissipation
Phosphorus,"('ecoinvent-3.12-biosphere', 'b6e2f7f4-6b2e-4b3e-be1f-67626cb8205d')",P,1.75552731680221e-11,1.75552731680221e-11,1.0,1.6973366253890836e-14,1.6973366253890836e-14,dissipation
Phosphorus,"('ecoinvent-3.12-biosphere', 'd761f94e-517d-41cf-89fa-17dc72f7a69b')",P,1.75552731680221e-11,1.75552731680221e-11,1.0,1.6973366253890836e-14,1.6973366253890836e-14,dissipation
Phosphorus,"('ecoinvent-3.12-biosphere', '76b09afe-52b9-4ecc-b97a-00b49ad8ed1a')",P,1.75552731680221e-11,1.75552731680221e-11,1.0,1.6973366253890836e-14,1.6973366253890836e-14,dissipation
Phosphorus,"('ecoinvent-3.12-biosphere', '8b0a4a41-c65c-4d94-b10c-94ddb98abdd2')",P,1.75552731680221e-11,1.75552731680221e-11,1.0,1.6973366253890836e-14,1.6973366253890836e-14,dissipation
Phosphorus,"('ecoinvent-3.12-biosphere', '2d4b8ec1-8d53-4e62-8a11-ebc45909b02e')",P,1.75552731680221e-11,1.75552731680221e-11,1.0,1.6973366253890836e-14,1.6973366253890836e-14,dissipation
Phosphorus,"('ecoinvent-3.12-biosphere', 'b1fca66f-8e83-469a-a7b5-018e14d5d545')",P,1.75552731680221e-11,1.75552731680221e-11,1.0,1.6973366253890836e-14,1.6973366253890836e-14,dissipation
Phosphorus,"('ecoinvent-3.12-biosphere', 'c89a0749-40a5-4c9c-8770-c4295ea34977')",P,1.75552731680221e-11,1.75552731680221e-11,1.0,1.6973366253890836e-14,1.6973366253890836e-14,dissipation
Phosphorus,"('ecoinvent-3.12-biosphere', '62f3d964-9b53-4d01-9ee0-04112dcfc6d2')",P,1.75552731680221e-11,1.75552731680221e-11,1.0,1.6973366253890836e-14,1.6973366253890836e-14,dissipation
Phosphorus,"('ecoinvent-3.12-biosphere', 'b2631209-8374-431e-b7d5-56c96c6b6d79')",P,1.75552731680221e-11,1.75552731680221e-11,1.0,1.6973366253890836e-14,1.6973366253890836e-14,dissipation
Phosphorus,"('ecoinvent-3.12-biosphere', '198ce8e3-f05a-4bec-9f7f-325347453326')",P,1.75552731680221e-11,1.75552731680221e-11,1.0,1.6973366253890836e-14,1.6973366253890836e-14,dissipation
Phosphorus,"('ecoinvent-3.12-biosphere', 'ea4e9316-5080-4b3b-bbf3-1949f6d7577a')",P,1.75552731680221e-11,1.75552731680221e-11,1.0,1.6973366253890836e-14,1.6973366253890836e-14,dissipation
Phosphorus,"('ecoinvent-3.12-biosphere', 'e2d35af7-9806-46ff-9b75-b124a48fa5a1')",P,1.75552731680221e-11,1.75552731680221e-11,1.0,1.6973366253890836e-14,1.6973366253890836e-14,dissipation
Phosphorus,"('ecoinvent-3.12-biosphere', '2f8952b0-c90c-4e3d-b546-52b862fc8f11')",P,1.75552731680221e-11,1.75552731680221e-11,1.0,1.6973366253890836e-14,1.6973366253890836e-14,dissipation
Uranium,"('ecoinvent-3.12-biosphere', '595f08d9-6304-497e-bb7d-48b6d2d8bff3')",U,1.650047584657982e-11,1.650047584657982e-11,1.0,9.154438878304105e-12,9.154438878304105e-12,dissipation
Uranium,"('ecoinvent-3.12-biosphere', '52317c31-7bdc-47de-9c23-ecf55127de75')",U,1.650047584657982e-11,1.650047584657982e-11,1.0,9.154438878304105e-12,9.154438878304105e-12,dissipation
Uranium,"('ecoinvent-3.12-biosphere', '2e518059-747c-4ff1-8da3-17134c547ac2')",U,1.650047584657982e-11,1.650047584657982e-11,1.0,9.154438878304105e-12,9.154438878304105e-12,dissipation
Uranium,"('ecoinvent-3.12-biosphere', '55fb6174-72e0-4a5e-9eb5-8d5780acffd1')",U,1.650047584657982e-11,1.650047584657982e-11,1.0,9.154438878304105e-12,9.154438878304105e-12,dissipation
Silver I,"('ecoinvent-3.12-biosphere', 'af9793ba-25a1-4928-a14a-4bcf7d5bd3f7')",Ag,1.6148937745144924e-11,1.6148937745144924e-11,1.0,1.5701960660375504e-13,1.5701960660375504e-13,dissipation
Silver I,"('ecoinvent-3.12-biosphere', 'c6462d84-caa9-425a-a923-45238690c6f3')",Ag,1.6148937745144924e-11,1.6148937745144924e-11,1.0,1.5701960660375504e-13,1.5701960660375504e-13,dissipation
Silver I,"('ecoinvent-3.12-biosphere', '7da45a0b-0dcf-413c-8de0-44d8ebca9e6e')",Ag,1.6148937745144924e-11,1.6148937745144924e-11,1.0,1.5701960660375504e-13,1.5701960660375504e-13,dissipation
Silver I,"('ecoinvent-3.12-biosphere', '94426df9-63b1-4dc6-ad1b-3509e22f1154')",Ag,1.6148937745144924e-11,1.6148937745144924e-11,1.0,1.5701960660375504e-13,1.5701960660375504e-13,dissipation
Silver I,"('ecoinvent-3.12-biosphere', '0ed1b1a1-e56d-4860-bac7-d76a39bde930')",Ag,1.6148937745144924e-11,1.6148937745144924e-11,1.0,1.5701960660375504e-13,1.5701960660375504e-13,dissipation
Silver I,"('ecoinvent-3.12-biosphere', 'fce0b9ae-53c8-4ab0-9e7a-7f5c2ed2c856')",Ag,1.6148937745144924e-11,1.6148937745144924e-11,1.0,1.5701960660375504e-13,1.5701960660375504e-13,dissipation
Silver I,"('ecoinvent-3.12-biosphere', '16316600-f12a-410b-8726-3faee64de60a')",Ag,1.6148937745144924e-11,1.6148937745144924e-11,1.0,1.5701960660375504e-13,1.5701960660375504e-13,dissipation
Silver I,"('ecoinvent-3.12-biosphere', '48dbf4b1-0b2a-4bf5-a190-2d7fc465bda4')",Ag,1.6148937745144924e-11,1.6148937745144924e-11,1.0,1.5701960660375504e-13,1.5701960660375504e-13,dissipation
Silver I,"('ecoinvent-3.12-biosphere', '6aa8673f-f7e3-4270-93dc-e97b745fced7')",Ag,1.6148937745144924e-11,1.6148937745144924e-11,1.0,1.5701960660375504e-13,1.5701960660375504e-13,dissipation
Silver I,"('ecoinvent-3.12-biosphere', '21c257b2-57ce-4a6e-b4bd-40f0f75f310f')",Ag,1.6148937745144924e-11,1.6148937745144924e-11,1.0,1.5701960660375504e-13,1.5701960660375504e-13,dissipation
Silver I,"('ecoinvent-3.12-biosphere', '35df5fe0-c90d-43b4-a35a-3d97022114d2')",Ag,1.6148937745144924e-11,1.6148937745144924e-11,1.0,1.5701960660375504e-13,1.5701960660375504e-13,dissipation
Silver I,"('ecoinvent-3.12-biosphere', 'ebb88ef4-50ab-4e3b-9251-c5fcdf6b4768')",Ag,1.6148937745144924e-11,1.6148937745144924e-11,1.0,1.5701960660375504e-13,1.5701960660375504e-13,dissipation
Silver I,"('ecoinvent-3.12-biosphere', '71cfe87c-ab80-421e-adba-afb7d5bd0861')",Ag,1.6148937745144924e-11,1.6148937745144924e-11,1.0,1.5701960660375504e-13,1.5701960660375504e-13,dissipation
Nickel II,"('ecoinvent-3.12-biosphere', '5de1943f-b011-45a0-97d4-ed15eea6a382')",Ni,-1.4722236885709095e-11,-1.4722236885709095e-11,1.0,9.066741688482605e-14,9.066741688482605e-14,dissipation
Nickel II,"('ecoinvent-3.12-biosphere', 'c89873de-cd23-4323-a948-f5cfeebd2fc9')",Ni,-1.4722236885709095e-11,-1.4722236885709095e-11,1.0,9.066741688482605e-14,9.066741688482605e-14,dissipation
Nickel II,"('ecoinvent-3.12-biosphere', '23cb10a4-6228-4ce4-9fb5-7043bc31faec')",Ni,-1.4722236885709095e-11,-1.4722236885709095e-11,1.0,9.066741688482605e-14,9.066741688482605e-14,dissipation
Nickel II,"('ecoinvent-3.12-biosphere', '0545c382-2312-43b6-9ec3-63dbb1438565')",Ni,-1.4722236885709095e-11,-1.4722236885709095e-11,1.0,9.066741688482605e-14,9.066741688482605e-14,dissipation
Nickel II,"('ecoinvent-3.12-biosphere', '6ec6cdaa-5a01-46d4-b716-1905e56690ea')",Ni,-1.4722236885709095e-11,-1.4722236885709095e-11,1.0,9.066741688482605e-14,9.066741688482605e-14,dissipation
Nickel II,"('ecoinvent-3.12-biosphere', '9798359e-a3ee-4362-a038-23a188582c6e')",Ni,-1.4722236885709095e-11,-1.4722236885709095e-11,1.0,9.066741688482605e-14,9.066741688482605e-14,dissipation
Nickel II,"('ecoinvent-3.12-biosphere', 'e43a270f-4f88-4789-a0b8-7aba56677743')",Ni,-1.4722236885709095e-11,-1.4722236885709095e-11,1.0,9.066741688482605e-14,9.066741688482605e-14,dissipation
Nickel II,"('ecoinvent-3.12-biosphere', '2bcad3b3-5305-481c-a166-ad5e6eac2675')",Ni,-1.4722236885709095e-11,-1.4722236885709095e-11,1.0,9.066741688482605e-14,9.066741688482605e-14,dissipation
Nickel II,"('ecoinvent-3.12-biosphere', 'a5506f4b-113f-4713-95c3-c819dde6e48b')",Ni,-1.4722236885709095e-11,-1.4722236885709095e-11,1.0,9.066741688482605e-14,9.066741688482605e-14,dissipation
Nickel II,"('ecoinvent-3.12-biosphere', '9f69cb8e-51fe-447b-a1ac-4da74de8ebe4')",Ni,-1.4722236885709095e-11,-1.4722236885709095e-11,1.0,9.066741688482605e-14,9.066741688482605e-14,dissipation
Nickel II,"('ecoinvent-3.12-biosphere', 'b4580545-243d-48d2-a3a0-2633a4f46fb1')",Ni,-1.4722236885709095e-11,-1.4722236885709095e-11,1.0,9.066741688482605e-14,9.066741688482605e-14,dissipation
Nickel II,"('ecoinvent-3.12-biosphere', 'e8fc62ba-678e-4706-97d2-b79d83e227d5')",Ni,-1.4722236885709095e-11,-1.4722236885709095e-11,1.0,9.066741688482605e-14,9.066741688482605e-14,dissipation
Nickel II,"('ecoinvent-3.12-biosphere', 'a72a45ee-395a-4d25-b893-9d183e43e76e')",Ni,-1.4722236885709095e-11,-1.4722236885709095e-11,1.0,9.066741688482605e-14,9.066741688482605e-14,dissipation
Nickel II,"('ecoinvent-3.12-biosphere', '56815b4f-6138-4e0b-9fac-c94fd6b102b3')",Ni,-1.4722236885709095e-11,-1.4722236885709095e-11,1.0,9.066741688482605e-14,9.066741688482605e-14,dissipation
Silver I,"('ecoinvent-3.12-biosphere', 'af9793ba-25a1-4928-a14a-4bcf7d5bd3f7')",Ag,1.4388766026193062e-11,1.4388766026193062e-11,1.0,1.5701960660375504e-13,1.5701960660375504e-13,dissipation
Silver I,"('ecoinvent-3.12-biosphere', 'c6462d84-caa9-425a-a923-45238690c6f3')",Ag,1.4388766026193062e-11,1.4388766026193062e-11,1.0,1.5701960660375504e-13,1.5701960660375504e-13,dissipation
Silver I,"('ecoinvent-3.12-biosphere', '7da45a0b-0dcf-413c-8de0-44d8ebca9e6e')",Ag,1.4388766026193062e-11,1.4388766026193062e-11,1.0,1.5701960660375504e-13,1.5701960660375504e-13,dissipation
Silver I,"('ecoinvent-3.12-biosphere', '94426df9-63b1-4dc6-ad1b-3509e22f1154')",Ag,1.4388766026193062e-11,1.4388766026193062e-11,1.0,1.5701960660375504e-13,1.5701960660375504e-13,dissipation
Silver I,"('ecoinvent-3.12-biosphere', '0ed1b1a1-e56d-4860-bac7-d76a39bde930')",Ag,1.4388766026193062e-11,1.4388766026193062e-11,1.0,1.5701960660375504e-13,1.5701960660375504e-13,dissipation
Silver I,"('ecoinvent-3.12-biosphere', 'fce0b9ae-53c8-4ab0-9e7a-7f5c2ed2c856')",Ag,1.4388766026193062e-11,1.4388766026193062e-11,1.0,1.5701960660375504e-13,1.5701960660375504e-13,dissipation
Silver I,"('ecoinvent-3.12-biosphere', '16316600-f12a-410b-8726-3faee64de60a')",Ag,1.4388766026193062e-11,1.4388766026193062e-11,1.0,1.5701960660375504e-13,1.5701960660375504e-13,dissipation
Silver I,"('ecoinvent-3.12-biosphere', '48dbf4b1-0b2a-4bf5-a190-2d7fc465bda4')",Ag,1.4388766026193062e-11,1.4388766026193062e-11,1.0,1.5701960660375504e-13,1.5701960660375504e-13,dissipation
Silver I,"('ecoinvent-3.12-biosphere', '6aa8673f-f7e3-4270-93dc-e97b745fced7')",Ag,1.4388766026193062e-11,1.4388766026193062e-11,1.0,1.5701960660375504e-13,1.5701960660375504e-13,dissipation
Silver I,"('ecoinvent-3.12-biosphere', '21c257b2-57ce-4a6e-b4bd-40f0f75f310f')",Ag,1.4388766026193062e-11,1.4388766026193062e-11,1.0,1.5701960660375504e-13,1.5701960660375504e-13,dissipation
Silver I,"('ecoinvent-3.12-biosphere', '35df5fe0-c90d-43b4-a35a-3d97022114d2')",Ag,1.4388766026193062e-11,1.4388766026193062e-11,1.0,1.5701960660375504e-13,1.5701960660375504e-13,dissipation
Silver I,"('ecoinvent-3.12-biosphere', 'ebb88ef4-50ab-4e3b-9251-c5fcdf6b4768')",Ag,1.4388766026193062e-11,1.4388766026193062e-11,1.0,1.5701960660375504e-13,1.5701960660375504e-13,dissipation
Silver I,"('ecoinvent-3.12-biosphere', '71cfe87c-ab80-421e-adba-afb7d5bd0861')",Ag,1.4388766026193062e-11,1.4388766026193062e-11,1.0,1.5701960660375504e-13,1.5701960660375504e-13,dissipation
Molybdenum VI,"('ecoinvent-3.12-biosphere', '640e30d2-3158-4a1a-82ef-fd0c72922c9a')",Mo,1.4317302786953766e-11,1.4317302786953766e-11,1.0,1.6532043483883647e-13,1.6532043483883647e-13,dissipation
Molybdenum VI,"('ecoinvent-3.12-biosphere', 'c26d4716-ce1e-43da-a662-cd9498b1e8bc')",Mo,1.4317302786953766e-11,1.4317302786953766e-11,1.0,1.6532043483883647e-13,1.6532043483883647e-13,dissipation
Molybdenum VI,"('ecoinvent-3.12-biosphere', '3822809c-cc03-469d-ac2a-9f85842f8440')",Mo,1.4317302786953766e-11,1.4317302786953766e-11,1.0,1.6532043483883647e-13,1.6532043483883647e-13,dissipation
Molybdenum VI,"('ecoinvent-3.12-biosphere', '7d3f7498-3596-478a-9fa1-72201ef94082')",Mo,1.4317302786953766e-11,1.4317302786953766e-11,1.0,1.6532043483883647e-13,1.6532043483883647e-13,dissipation
Molybdenum VI,"('ecoinvent-3.12-biosphere', '442511cc-a98b-4242-9229-5736cb9a9399')",Mo,1.4317302786953766e-11,1.4317302786953766e-11,1.0,1.6532043483883647e-13,1.6532043483883647e-13,dissipation
Molybdenum VI,"('ecoinvent-3.12-biosphere', 'c126f8a0-6bc4-42e6-9220-d6ccfef3f2ed')",Mo,1.4317302786953766e-11,1.4317302786953766e-11,1.0,1.6532043483883647e-13,1.6532043483883647e-13,dissipation
Molybdenum VI,"('ecoinvent-3.12-biosphere', '1f3c2297-d652-468d-82e8-4fd59bf5b5b8')",Mo,1.4317302786953766e-11,1.4317302786953766e-11,1.0,1.6532043483883647e-13,1.6532043483883647e-13,dissipation
Molybdenum VI,"('ecoinvent-3.12-biosphere', 'fdaaef05-0d10-4032-b2e7-85cae3c7bd5c')",Mo,1.4317302786953766e-11,1.4317302786953766e-11,1.0,1.6532043483883647e-13,1.6532043483883647e-13,dissipation
Molybdenum VI,"('ecoinvent-3.12-biosphere', '35b4d818-1019-413b-b99d-d351d8a67ac4')",Mo,1.4317302786953766e-11,1.4317302786953766e-11,1.0,1.6532043483883647e-13,1.6532043483883647e-13,dissipation
Molybdenum VI,"('ecoinvent-3.12-biosphere', '163926e2-b4cc-42bb-ba7d-401028140985')",Mo,1.4317302786953766e-11,1.4317302786953766e-11,1.0,1.6532043483883647e-13,1.6532043483883647e-13,dissipation
Molybdenum VI,"('ecoinvent-3.12-biosphere', '9cf3a683-ed3d-40e9-b039-7653e4fc9e20')",Mo,1.4317302786953766e-11,1.4317302786953766e-11,1.0,1.6532043483883647e-13,1.6532043483883647e-13,dissipation
Molybdenum VI,"('ecoinvent-3.12-biosphere', '8b531ec0-ca7a-49cd-bef0-56f110112f34')",Mo,1.4317302786953766e-11,1.4317302786953766e-11,1.0,1.6532043483883647e-13,1.6532043483883647e-13,dissipation
Molybdenum VI,"('ecoinvent-3.12-biosphere', '5fa36ce3-aed0-443b-a09d-4cdf25b41995')",Mo,1.4317302786953766e-11,1.4317302786953766e-11,1.0,1.6532043483883647e-13,1.6532043483883647e-13,dissipation
Tin ion,"('ecoinvent-3.12-biosphere', '3ddb2e36-bc1b-43a5-8ef4-cbcdbeeeea70')",Sn,1.2480651247904359e-11,1.2480651247904359e-11,1.0,1.3268575464212294e-13,1.3268575464212294e-13,dissipation
Tin ion,"('ecoinvent-3.12-biosphere', '2a992e5e-9f16-47b8-8bcb-733d00bed658')",Sn,1.2480651247904359e-11,1.2480651247904359e-11,1.0,1.3268575464212294e-13,1.3268575464212294e-13,dissipation
Tin ion,"('ecoinvent-3.12-biosphere', '60a6702f-20ad-444f-a6df-f6374f1e3183')",Sn,1.2480651247904359e-11,1.2480651247904359e-11,1.0,1.3268575464212294e-13,1.3268575464212294e-13,dissipation
Tin ion,"('ecoinvent-3.12-biosphere', '19b6e569-85a4-4ea9-a590-d61a21e3c846')",Sn,1.2480651247904359e-11,1.2480651247904359e-11,1.0,1.3268575464212294e-13,1.3268575464212294e-13,dissipation
Tin ion,"('ecoinvent-3.12-biosphere', '85a764f2-a810-4b20-bc86-a45604262fda')",Sn,1.2480651247904359e-11,1.2480651247904359e-11,1.0,1.3268575464212294e-13,1.3268575464212294e-13,dissipation
Tin ion,"('ecoinvent-3.12-biosphere', '2a7b68ff-f12a-44c6-8b31-71ec91d29889')",Sn,1.2480651247904359e-11,1.2480651247904359e-11,1.0,1.3268575464212294e-13,1.3268575464212294e-13,dissipation
Tin ion,"('ecoinvent-3.12-biosphere', 'e070bd24-fd16-4963-8f4d-78bb4c402400')",Sn,1.2480651247904359e-11,1.2480651247904359e-11,1.0,1.3268575464212294e-13,1.3268575464212294e-13,dissipation
Tin ion,"('ecoinvent-3.12-biosphere', '8a422b03-1055-4bc8-b439-27bf8d7eef57')",Sn,1.2480651247904359e-11,1.2480651247904359e-11,1.0,1.3268575464212294e-13,1.3268575464212294e-13,dissipation
Tin ion,"('ecoinvent-3.12-biosphere', 'f563b90e-a300-4403-b278-d2fdcd73e5a7')",Sn,1.2480651247904359e-11,1.2480651247904359e-11,1.0,1.3268575464212294e-13,1.3268575464212294e-13,dissipation
Tin ion,"('ecoinvent-3.12-biosphere', 'd5c40848-fc29-47fa-90a4-46db64a45a4e')",Sn,1.2480651247904359e-11,1.2480651247904359e-11,1.0,1.3268575464212294e-13,1.3268575464212294e-13,dissipation
Tin ion,"('ecoinvent-3.12-biosphere', 'f73177d8-5e57-4f0d-ba34-6889cfdfed40')",Sn,1.2480651247904359e-11,1.2480651247904359e-11,1.0,1.3268575464212294e-13,1.3268575464212294e-13,dissipation
Tin ion,"('ecoinvent-3.12-biosphere', '168c970b-91c9-4427-a3a0-6686ad6cc2c4')",Sn,1.2480651247904359e-11,1.2480651247904359e-11,1.0,1.3268575464212294e-13,1.3268575464212294e-13,dissipation
Tin ion,"('ecoinvent-3.12-biosphere', 'c67e3ba8-ddce-4931-b4b0-f4f9a56ccf40')",Sn,1.2480651247904359e-11,1.2480651247904359e-11,1.0,1.3268575464212294e-13,1.3268575464212294e-13,dissipation
Phosphorus,"('ecoinvent-3.12-biosphere', 'b6e2f7f4-6b2e-4b3e-be1f-67626cb8205d')",P,1.1374490133974112e-11,1.1374490133974112e-11,1.0,1.6973366253890836e-14,1.6973366253890836e-14,dissipation
Phosphorus,"('ecoinvent-3.12-biosphere', 'd761f94e-517d-41cf-89fa-17dc72f7a69b')",P,1.1374490133974112e-11,1.1374490133974112e-11,1.0,1.6973366253890836e-14,1.6973366253890836e-14,dissipation
Phosphorus,"('ecoinvent-3.12-biosphere', '76b09afe-52b9-4ecc-b97a-00b49ad8ed1a')",P,1.1374490133974112e-11,1.1374490133974112e-11,1.0,1.6973366253890836e-14,1.6973366253890836e-14,dissipation
Phosphorus,"('ecoinvent-3.12-biosphere', '8b0a4a41-c65c-4d94-b10c-94ddb98abdd2')",P,1.1374490133974112e-11,1.1374490133974112e-11,1.0,1.6973366253890836e-14,1.6973366253890836e-14,dissipation
Phosphorus,"('ecoinvent-3.12-biosphere', '2d4b8ec1-8d53-4e62-8a11-ebc45909b02e')",P,1.1374490133974112e-11,1.1374490133974112e-11,1.0,1.6973366253890836e-14,1.6973366253890836e-14,dissipation
Phosphorus,"('ecoinvent-3.12-biosphere', 'b1fca66f-8e83-469a-a7b5-018e14d5d545')",P,1.1374490133974112e-11,1.1374490133974112e-11,1.0,1.6973366253890836e-14,1.6973366253890836e-14,dissipation
Phosphorus,"('ecoinvent-3.12-biosphere', 'c89a0749-40a5-4c9c-8770-c4295ea34977')",P,1.1374490133974112e-11,1.1374490133974112e-11,1.0,1.6973366253890836e-14,1.6973366253890836e-14,dissipation
Phosphorus,"('ecoinvent-3.12-biosphere', '62f3d964-9b53-4d01-9ee0-04112dcfc6d2')",P,1.1374490133974112e-11,1.1374490133974112e-11,1.0,1.6973366253890836e-14,1.6973366253890836e-14,dissipation
Phosphorus,"('ecoinvent-3.12-biosphere', 'b2631209-8374-431e-b7d5-56c96c6b6d79')",P,1.1374490133974112e-11,1.1374490133974112e-11,1.0,1.6973366253890836e-14,1.6973366253890836e-14,dissipation
Phosphorus,"('ecoinvent-3.12-biosphere', '198ce8e3-f05a-4bec-9f7f-325347453326')",P,1.1374490133974112e-11,1.1374490133974112e-11,1.0,1.6973366253890836e-14,1.6973366253890836e-14,dissipation
Phosphorus,"('ecoinvent-3.12-biosphere', 'ea4e9316-5080-4b3b-bbf3-1949f6d7577a')",P,1.1374490133974112e-11,1.1374490133974112e-11,1.0,1.6973366253890836e-14,1.6973366253890836e-14,dissipation
Phosphorus,"('ecoinvent-3.12-biosphere', 'e2d35af7-9806-46ff-9b75-b124a48fa5a1')",P,1.1374490133974112e-11,1.1374490133974112e-11,1.0,1.6973366253890836e-14,1.6973366253890836e-14,dissipation
Phosphorus,"('ecoinvent-3.12-biosphere', '2f8952b0-c90c-4e3d-b546-52b862fc8f11')",P,1.1374490133974112e-11,1.1374490133974112e-11,1.0,1.6973366253890836e-14,1.6973366253890836e-14,dissipation
Silver I,"('ecoinvent-3.12-biosphere', 'af9793ba-25a1-4928-a14a-4bcf7d5bd3f7')",Ag,9.353845951511718e-12,9.353845951511718e-12,1.0,1.5701960660375504e-13,1.5701960660375504e-13,dissipation
Silver I,"('ecoinvent-3.12-biosphere', 'c6462d84-caa9-425a-a923-45238690c6f3')",Ag,9.353845951511718e-12,9.353845951511718e-12,1.0,1.5701960660375504e-13,1.5701960660375504e-13,dissipation
Silver I,"('ecoinvent-3.12-biosphere', '7da45a0b-0dcf-413c-8de0-44d8ebca9e6e')",Ag,9.353845951511718e-12,9.353845951511718e-12,1.0,1.5701960660375504e-13,1.5701960660375504e-13,dissipation
Silver I,"('ecoinvent-3.12-biosphere', '94426df9-63b1-4dc6-ad1b-3509e22f1154')",Ag,9.353845951511718e-12,9.353845951511718e-12,1.0,1.5701960660375504e-13,1.5701960660375504e-13,dissipation
Silver I,"('ecoinvent-3.12-biosphere', '0ed1b1a1-e56d-4860-bac7-d76a39bde930')",Ag,9.353845951511718e-12,9.353845951511718e-12,1.0,1.5701960660375504e-13,1.5701960660375504e-13,dissipation
Silver I,"('ecoinvent-3.12-biosphere', 'fce0b9ae-53c8-4ab0-9e7a-7f5c2ed2c856')",Ag,9.353845951511718e-12,9.353845951511718e-12,1.0,1.5701960660375504e-13,1.5701960660375504e-13,dissipation
Silver I,"('ecoinvent-3.12-biosphere', '16316600-f12a-410b-8726-3faee64de60a')",Ag,9.353845951511718e-12,9.353845951511718e-12,1.0,1.5701960660375504e-13,1.5701960660375504e-13,dissipation
Silver I,"('ecoinvent-3.12-biosphere', '48dbf4b1-0b2a-4bf5-a190-2d7fc465bda4')",Ag,9.353845951511718e-12,9.353845951511718e-12,1.0,1.5701960660375504e-13,1.5701960660375504e-13,dissipation
Silver I,"('ecoinvent-3.12-biosphere', '6aa8673f-f7e3-4270-93dc-e97b745fced7')",Ag,9.353845951511718e-12,9.353845951511718e-12,1.0,1.5701960660375504e-13,1.5701960660375504e-13,dissipation
Silver I,"('ecoinvent-3.12-biosphere', '21c257b2-57ce-4a6e-b4bd-40f0f75f310f')",Ag,9.353845951511718e-12,9.353845951511718e-12,1.0,1.5701960660375504e-13,1.5701960660375504e-13,dissipation
Silver I,"('ecoinvent-3.12-biosphere', '35df5fe0-c90d-43b4-a35a-3d97022114d2')",Ag,9.353845951511718e-12,9.353845951511718e-12,1.0,1.5701960660375504e-13,1.5701960660375504e-13,dissipation
Silver I,"('ecoinvent-3.12-biosphere', 'ebb88ef4-50ab-4e3b-9251-c5fcdf6b4768')",Ag,9.353845951511718e-12,9.353845951511718e-12,1.0,1.5701960660375504e-13,1.5701960660375504e-13,dissipation
Silver I,"('ecoinvent-3.12-biosphere', '71cfe87c-ab80-421e-adba-afb7d5bd0861')",Ag,9.353845951511718e-12,9.353845951511718e-12,1.0,1.5701960660375504e-13,1.5701960660375504e-13,dissipation
Glyphosate,"('ecoinvent-3.12-biosphere', '463893cd-5766-56a4-8e79-16c9614d2763')",P,7.981669463169013e-12,7.981669463169013e-12,0.1832022239309162,3.1095584453067654e-15,3.1095584453067654e-15,dissipation
Glyphosate,"('ecoinvent-3.12-biosphere', 'bd02a7ec-dcb5-4609-bc96-cc7a96601ce2')",P,7.981669463169013e-12,7.981669463169013e-12,0.1832022239309162,3.1095584453067654e-15,3.1095584453067654e-15,dissipation
Glyphosate,"('ecoinvent-3.12-biosphere', '204e07e2-d513-55bd-939d-66b2939049e4')",P,7.981669463169013e-12,7.981669463169013e-12,0.1832022239309162,3.1095584453067654e-15,3.1095584453067654e-15,dissipation
Glyphosate,"('ecoinvent-3.12-biosphere', '17955b10-4c04-4fff-91e7-cf89ef1a7cca')",P,7.981669463169013e-12,7.981669463169013e-12,0.1832022239309162,3.1095584453067654e-15,3.1095584453067654e-15,dissipation
Glyphosate,"('ecoinvent-3.12-biosphere', 'd2d93101-7555-4c77-b4b8-ddac7f6eba50')",P,7.981669463169013e-12,7.981669463169013e-12,0.1832022239309162,3.1095584453067654e-15,3.1095584453067654e-15,dissipation
Glyphosate,"('ecoinvent-3.12-biosphere', 'e157e3dd-88b9-4256-ab2e-ff82e7b8d088')",P,7.981669463169013e-12,7.981669463169013e-12,0.1832022239309162,3.1095584453067654e-15,3.1095584453067654e-15,dissipation
Glyphosate,"('ecoinvent-3.12-biosphere', 'b4f9a201-2a20-4f41-a572-eabc98c75e1b')",P,7.981669463169013e-12,7.981669463169013e-12,0.1832022239309162,3.1095584453067654e-15,3.1095584453067654e-15,dissipation
Glyphosate,"('ecoinvent-3.12-biosphere', '3850d44e-8919-47bc-9c0a-51ccc4ec9d9f')",P,7.981669463169013e-12,7.981669463169013e-12,0.1832022239309162,3.1095584453067654e-15,3.1095584453067654e-15,dissipation
Glyphosate,"('ecoinvent-3.12-biosphere', '94007b78-83a2-5b31-a0d6-71c3c950182f')",P,7.981669463169013e-12,7.981669463169013e-12,0.1832022239309162,3.1095584453067654e-15,3.1095584453067654e-15,dissipation
Iron ion,"('ecoinvent-3.12-biosphere', 'ce567bdc-76ec-4ca0-be79-8bb796e448b3')",Fe,6.744359131492235e-12,6.744359131492235e-12,1.0,9.645225823667623e-15,9.645225823667623e-15,dissipation
Iron ion,"('ecoinvent-3.12-biosphere', '32cd0492-c0cb-4898-a2b1-675eedc5b688')",Fe,6.744359131492235e-12,6.744359131492235e-12,1.0,9.645225823667623e-15,9.645225823667623e-15,dissipation
Iron ion,"('ecoinvent-3.12-biosphere', '76152de4-9499-48f7-af98-a5d41842484a')",Fe,6.744359131492235e-12,6.744359131492235e-12,1.0,9.645225823667623e-15,9.645225823667623e-15,dissipation
Iron ion,"('ecoinvent-3.12-biosphere', 'db364689-e1a3-4629-8835-e6c59d6daf09')",Fe,6.744359131492235e-12,6.744359131492235e-12,1.0,9.645225823667623e-15,9.645225823667623e-15,dissipation
Iron ion,"('ecoinvent-3.12-biosphere', 'de444dc0-5964-4501-8367-50ba53bfc6b9')",Fe,6.744359131492235e-12,6.744359131492235e-12,1.0,9.645225823667623e-15,9.645225823667623e-15,dissipation
Iron ion,"('ecoinvent-3.12-biosphere', '33fd8342-58e7-45c9-ad92-0951c002c403')",Fe,6.744359131492235e-12,6.744359131492235e-12,1.0,9.645225823667623e-15,9.645225823667623e-15,dissipation
Iron ion,"('ecoinvent-3.12-biosphere', 'e8bd2edd-f937-49f6-9e8b-9f445278775e')",Fe,6.744359131492235e-12,6.744359131492235e-12,1.0,9.645225823667623e-15,9.645225823667623e-15,dissipation
Iron ion,"('ecoinvent-3.12-biosphere', '98693cdf-d9fc-43ed-bfe6-78dfe5742d33')",Fe,6.744359131492235e-12,6.744359131492235e-12,1.0,9.645225823667623e-15,9.645225823667623e-15,dissipation
Iron ion,"('ecoinvent-3.12-biosphere', '8dba66e2-0f2e-4038-84ef-1e40b4f573a6')",Fe,6.744359131492235e-12,6.744359131492235e-12,1.0,9.645225823667623e-15,9.645225823667623e-15,dissipation
Iron ion,"('ecoinvent-3.12-biosphere', '2c9a7182-37c8-4777-a37a-9a007c3edb2f')",Fe,6.744359131492235e-12,6.744359131492235e-12,1.0,9.645225823667623e-15,9.645225823667623e-15,dissipation
Iron ion,"('ecoinvent-3.12-biosphere', '7c335b9c-a403-47a8-bb6d-2e7d3c3a230e')",Fe,6.744359131492235e-12,6.744359131492235e-12,1.0,9.645225823667623e-15,9.645225823667623e-15,dissipation
Iron ion,"('ecoinvent-3.12-biosphere', 'c983ad54-12e9-47a5-b747-5e5c448e58e2')",Fe,6.744359131492235e-12,6.744359131492235e-12,1.0,9.645225823667623e-15,9.645225823667623e-15,dissipation
Iron ion,"('ecoinvent-3.12-biosphere', '9b6d6f07-ebc6-447d-a3c0-f2017d77d852')",Fe,6.744359131492235e-12,6.744359131492235e-12,1.0,9.645225823667623e-15,9.645225823667623e-15,dissipation
Nickel II,"('ecoinvent-3.12-biosphere', '5de1943f-b011-45a0-97d4-ed15eea6a382')",Ni,6.63703998381198e-12,6.63703998381198e-12,1.0,9.066741688482605e-14,9.066741688482605e-14,dissipation
Nickel II,"('ecoinvent-3.12-biosphere', 'c89873de-cd23-4323-a948-f5cfeebd2fc9')",Ni,6.63703998381198e-12,6.63703998381198e-12,1.0,9.066741688482605e-14,9.066741688482605e-14,dissipation
Nickel II,"('ecoinvent-3.12-biosphere', '23cb10a4-6228-4ce4-9fb5-7043bc31faec')",Ni,6.63703998381198e-12,6.63703998381198e-12,1.0,9.066741688482605e-14,9.066741688482605e-14,dissipation
Nickel II,"('ecoinvent-3.12-biosphere', '0545c382-2312-43b6-9ec3-63dbb1438565')",Ni,6.63703998381198e-12,6.63703998381198e-12,1.0,9.066741688482605e-14,9.066741688482605e-14,dissipation
Nickel II,"('ecoinvent-3.12-biosphere', '6ec6cdaa-5a01-46d4-b716-1905e56690ea')",Ni,6.63703998381198e-12,6.63703998381198e-12,1.0,9.066741688482605e-14,9.066741688482605e-14,dissipation
Nickel II,"('ecoinvent-3.12-biosphere', '9798359e-a3ee-4362-a038-23a188582c6e')",Ni,6.63703998381198e-12,6.63703998381198e-12,1.0,9.066741688482605e-14,9.066741688482605e-14,dissipation
Nickel II,"('ecoinvent-3.12-biosphere', 'e43a270f-4f88-4789-a0b8-7aba56677743')",Ni,6.63703998381198e-12,6.63703998381198e-12,1.0,9.066741688482605e-14,9.066741688482605e-14,dissipation
Nickel II,"('ecoinvent-3.12-biosphere', '2bcad3b3-5305-481c-a166-ad5e6eac2675')",Ni,6.63703998381198e-12,6.63703998381198e-12,1.0,9.066741688482605e-14,9.066741688482605e-14,dissipation
Nickel II,"('ecoinvent-3.12-biosphere', 'a5506f4b-113f-4713-95c3-c819dde6e48b')",Ni,6.63703998381198e-12,6.63703998381198e-12,1.0,9.066741688482605e-14,9.066741688482605e-14,dissipation
Nickel II,"('ecoinvent-3.12-biosphere', '9f69cb8e-51fe-447b-a1ac-4da74de8ebe4')",Ni,6.63703998381198e-12,6.63703998381198e-12,1.0,9.066741688482605e-14,9.066741688482605e-14,dissipation
Nickel II,"('ecoinvent-3.12-biosphere', 'b4580545-243d-48d2-a3a0-2633a4f46fb1')",Ni,6.63703998381198e-12,6.63703998381198e-12,1.0,9.066741688482605e-14,9.066741688482605e-14,dissipation
Nickel II,"('ecoinvent-3.12-biosphere', 'e8fc62ba-678e-4706-97d2-b79d83e227d5')",Ni,6.63703998381198e-12,6.63703998381198e-12,1.0,9.066741688482605e-14,9.066741688482605e-14,dissipation
Nickel II,"('ecoinvent-3.12-biosphere', 'a72a45ee-395a-4d25-b893-9d183e43e76e')",Ni,6.63703998381198e-12,6.63703998381198e-12,1.0,9.066741688482605e-14,9.066741688482605e-14,dissipation
Nickel II,"('ecoinvent-3.12-biosphere', '56815b4f-6138-4e0b-9fac-c94fd6b102b3')",Ni,6.63703998381198e-12,6.63703998381198e-12,1.0,9.066741688482605e-14,9.066741688482605e-14,dissipation
Antimony ion,"('ecoinvent-3.12-biosphere', '77927dac-dea3-429d-a434-d5a71d92c4f7')",Sb,5.849032605683296e-12,5.849032605683296e-12,1.0,2.1834077210692158e-11,2.1834077210692158e-11,dissipation
Antimony ion,"('ecoinvent-3.12-biosphere', 'b2dc8668-86de-4207-b20e-dc81dea63c98')",Sb,5.849032605683296e-12,5.849032605683296e-12,1.0,2.1834077210692158e-11,2.1834077210692158e-11,dissipation
Antimony ion,"('ecoinvent-3.12-biosphere', 'f4cf8d5c-f030-4b55-a3af-e3c20b855ee8')",Sb,5.849032605683296e-12,5.849032605683296e-12,1.0,2.1834077210692158e-11,2.1834077210692158e-11,dissipation
Antimony ion,"('ecoinvent-3.12-biosphere', 'c49fb4cd-eed0-4438-9052-9612473cdbae')",Sb,5.849032605683296e-12,5.849032605683296e-12,1.0,2.1834077210692158e-11,2.1834077210692158e-11,dissipation
Antimony ion,"('ecoinvent-3.12-biosphere', '5df5cb9f-812c-4ce8-ab1c-df6ab4d31900')",Sb,5.849032605683296e-12,5.849032605683296e-12,1.0,2.1834077210692158e-11,2.1834077210692158e-11,dissipation
Antimony ion,"('ecoinvent-3.12-biosphere', '7805afa2-d93b-40bb-b841-325b98aec824')",Sb,5.849032605683296e-12,5.849032605683296e-12,1.0,2.1834077210692158e-11,2.1834077210692158e-11,dissipation
Antimony ion,"('ecoinvent-3.12-biosphere', '34b96163-a3df-4bc1-8224-e2a9fe01b23f')",Sb,5.849032605683296e-12,5.849032605683296e-12,1.0,2.1834077210692158e-11,2.1834077210692158e-11,dissipation
Antimony ion,"('ecoinvent-3.12-biosphere', '83cf77ca-867b-4eef-b0f0-78d71b3d91d5')",Sb,5.849032605683296e-12,5.849032605683296e-12,1.0,2.1834077210692158e-11,2.1834077210692158e-11,dissipation
Antimony ion,"('ecoinvent-3.12-biosphere', '183f9856-03ab-464d-9366-8ef62077b510')",Sb,5.849032605683296e-12,5.849032605683296e-12,1.0,2.1834077210692158e-11,2.1834077210692158e-11,dissipation
Antimony ion,"('ecoinvent-3.12-biosphere', '3ea5684a-6d64-4f96-8c09-1d90f997c9d4')",Sb,5.849032605683296e-12,5.849032605683296e-12,1.0,2.1834077210692158e-11,2.1834077210692158e-11,dissipation
Antimony ion,"('ecoinvent-3.12-biosphere', 'fa39136e-1ef6-43c1-af68-104da104568d')",Sb,5.849032605683296e-12,5.849032605683296e-12,1.0,2.1834077210692158e-11,2.1834077210692158e-11,dissipation
Antimony ion,"('ecoinvent-3.12-biosphere', '2b2369a4-26bb-4b18-8479-752fdf7a5e7f')",Sb,5.849032605683296e-12,5.849032605683296e-12,1.0,2.1834077210692158e-11,2.1834077210692158e-11,dissipation
Antimony ion,"('ecoinvent-3.12-biosphere', '43b29ad9-26dd-4838-b931-6216e55a0120')",Sb,5.849032605683296e-12,5.849032605683296e-12,1.0,2.1834077210692158e-11,2.1834077210692158e-11,dissipation
Chromium VI,"('ecoinvent-3.12-biosphere', 'ef475b50-9cd0-4e7c-9c59-07868fe16e91')",Cr,5.541002971822171e-12,5.541002971822171e-12,1.0,3.1278613038877847e-13,3.1278613038877847e-13,dissipation
Chromium VI,"('ecoinvent-3.12-biosphere', 'c2e854f9-fe22-4fe7-9083-cf6d0a8c7254')",Cr,5.541002971822171e-12,5.541002971822171e-12,1.0,3.1278613038877847e-13,3.1278613038877847e-13,dissipation
Chromium VI,"('ecoinvent-3.12-biosphere', '01285299-c683-4e15-b654-201987a7a738')",Cr,5.541002971822171e-12,5.541002971822171e-12,1.0,3.1278613038877847e-13,3.1278613038877847e-13,dissipation
Chromium VI,"('ecoinvent-3.12-biosphere', '68ba2022-830e-45fb-8c85-b35e94754ae9')",Cr,5.541002971822171e-12,5.541002971822171e-12,1.0,3.1278613038877847e-13,3.1278613038877847e-13,dissipation
Chromium VI,"('ecoinvent-3.12-biosphere', '81e17d9a-3e0b-414e-9b2e-eca7e5b3bd4a')",Cr,5.541002971822171e-12,5.541002971822171e-12,1.0,3.1278613038877847e-13,3.1278613038877847e-13,dissipation
Chromium VI,"('ecoinvent-3.12-biosphere', '8ec83662-7c2b-4452-8acf-95a0bb94233c')",Cr,5.541002971822171e-12,5.541002971822171e-12,1.0,3.1278613038877847e-13,3.1278613038877847e-13,dissipation
Chromium VI,"('ecoinvent-3.12-biosphere', '8216fc31-15a1-4d33-858f-e09650b14c63')",Cr,5.541002971822171e-12,5.541002971822171e-12,1.0,3.1278613038877847e-13,3.1278613038877847e-13,dissipation
Chromium VI,"('ecoinvent-3.12-biosphere', '81b3321a-c9d8-4104-a974-5460f1bc5029')",Cr,5.541002971822171e-12,5.541002971822171e-12,1.0,3.1278613038877847e-13,3.1278613038877847e-13,dissipation
Chromium VI,"('ecoinvent-3.12-biosphere', '03b279a7-4626-4703-a451-d0650599dbd9')",Cr,5.541002971822171e-12,5.541002971822171e-12,1.0,3.1278613038877847e-13,3.1278613038877847e-13,dissipation
Chromium VI,"('ecoinvent-3.12-biosphere', 'a9ec0c9b-982a-4329-99ae-dab1f9fb62d3')",Cr,5.541002971822171e-12,5.541002971822171e-12,1.0,3.1278613038877847e-13,3.1278613038877847e-13,dissipation
Chromium VI,"('ecoinvent-3.12-biosphere', '58060894-19d9-4855-84d8-58935a5325f8')",Cr,5.541002971822171e-12,5.541002971822171e-12,1.0,3.1278613038877847e-13,3.1278613038877847e-13,dissipation
Chromium VI,"('ecoinvent-3.12-biosphere', '7a59e8d5-cd11-4ee7-b1ca-30979d2b0b3a')",Cr,5.541002971822171e-12,5.541002971822171e-12,1.0,3.1278613038877847e-13,3.1278613038877847e-13,dissipation
Chromium VI,"('ecoinvent-3.12-biosphere', '9bbae55a-35de-4eff-a219-814a9fec5ac2')",Cr,5.541002971822171e-12,5.541002971822171e-12,1.0,3.1278613038877847e-13,3.1278613038877847e-13,dissipation
Cobalt II,"('ecoinvent-3.12-biosphere', '1e904267-caa3-40e6-a3a0-fc104489770b')",Co,5.519402565909349e-12,5.519402565909349e-12,1.0,1.9447495148453946e-12,1.9447495148453946e-12,dissipation
Cobalt II,"('ecoinvent-3.12-biosphere', 'd4291dd5-dae8-47fa-bf06-466fcecbc210')",Co,5.519402565909349e-12,5.519402565909349e-12,1.0,1.9447495148453946e-12,1.9447495148453946e-12,dissipation
Cobalt II,"('ecoinvent-3.12-biosphere', '381a22c9-3722-4378-810d-86958f7b6d32')",Co,5.519402565909349e-12,5.519402565909349e-12,1.0,1.9447495148453946e-12,1.9447495148453946e-12,dissipation
Cobalt II,"('ecoinvent-3.12-biosphere', '74eb3f02-09ec-46ce-8ee8-d67d0900136b')",Co,5.519402565909349e-12,5.519402565909349e-12,1.0,1.9447495148453946e-12,1.9447495148453946e-12,dissipation
Cobalt II,"('ecoinvent-3.12-biosphere', '33627701-feca-434d-a192-674a450eaaf7')",Co,5.519402565909349e-12,5.519402565909349e-12,1.0,1.9447495148453946e-12,1.9447495148453946e-12,dissipation
Cobalt II,"('ecoinvent-3.12-biosphere', 'f0e28a62-ddf9-4c93-af81-676a58c3f2d4')",Co,5.519402565909349e-12,5.519402565909349e-12,1.0,1.9447495148453946e-12,1.9447495148453946e-12,dissipation
Cobalt II,"('ecoinvent-3.12-biosphere', 'ca04300a-8338-4601-ba7c-66c10a4f6322')",Co,5.519402565909349e-12,5.519402565909349e-12,1.0,1.9447495148453946e-12,1.9447495148453946e-12,dissipation
Cobalt II,"('ecoinvent-3.12-biosphere', 'c58d25ad-30d2-4fac-a857-1fa6f67afe8a')",Co,5.519402565909349e-12,5.519402565909349e-12,1.0,1.9447495148453946e-12,1.9447495148453946e-12,dissipation
Cobalt II,"('ecoinvent-3.12-biosphere', 'f0d1c319-249f-4a89-b0e7-3a5a90a54036')",Co,5.519402565909349e-12,5.519402565909349e-12,1.0,1.9447495148453946e-12,1.9447495148453946e-12,dissipation
Cobalt II,"('ecoinvent-3.12-biosphere', 'b10faa87-2c1d-4f6e-aa65-9f80b376939a')",Co,5.519402565909349e-12,5.519402565909349e-12,1.0,1.9447495148453946e-12,1.9447495148453946e-12,dissipation
Cobalt II,"('ecoinvent-3.12-biosphere', 'caf066cf-40ce-47a8-ba4c-969fcd6019c7')",Co,5.519402565909349e-12,5.519402565909349e-12,1.0,1.9447495148453946e-12,1.9447495148453946e-12,dissipation
Cobalt II,"('ecoinvent-3.12-biosphere', '12051b95-831a-49c0-9a70-fbc0e8fb9af9')",Co,5.519402565909349e-12,5.519402565909349e-12,1.0,1.9447495148453946e-12,1.9447495148453946e-12,dissipation
Cobalt II,"('ecoinvent-3.12-biosphere', '9542444c-7c7a-48e2-bc9c-9c7c34fb7b3e')",Co,5.519402565909349e-12,5.519402565909349e-12,1.0,1.9447495148453946e-12,1.9447495148453946e-12,dissipation
Tin ion,"('ecoinvent-3.12-biosphere', '3ddb2e36-bc1b-43a5-8ef4-cbcdbeeeea70')",Sn,5.1551658105494085e-12,5.1551658105494085e-12,1.0,1.3268575464212294e-13,1.3268575464212294e-13,dissipation
Tin ion,"('ecoinvent-3.12-biosphere', '2a992e5e-9f16-47b8-8bcb-733d00bed658')",Sn,5.1551658105494085e-12,5.1551658105494085e-12,1.0,1.3268575464212294e-13,1.3268575464212294e-13,dissipation
Tin ion,"('ecoinvent-3.12-biosphere', '60a6702f-20ad-444f-a6df-f6374f1e3183')",Sn,5.1551658105494085e-12,5.1551658105494085e-12,1.0,1.3268575464212294e-13,1.3268575464212294e-13,dissipation
Tin ion,"('ecoinvent-3.12-biosphere', '19b6e569-85a4-4ea9-a590-d61a21e3c846')",Sn,5.1551658105494085e-12,5.1551658105494085e-12,1.0,1.3268575464212294e-13,1.3268575464212294e-13,dissipation
Tin ion,"('ecoinvent-3.12-biosphere', '85a764f2-a810-4b20-bc86-a45604262fda')",Sn,5.1551658105494085e-12,5.1551658105494085e-12,1.0,1.3268575464212294e-13,1.3268575464212294e-13,dissipation
Tin ion,"('ecoinvent-3.12-biosphere', '2a7b68ff-f12a-44c6-8b31-71ec91d29889')",Sn,5.1551658105494085e-12,5.1551658105494085e-12,1.0,1.3268575464212294e-13,1.3268575464212294e-13,dissipation
Tin ion,"('ecoinvent-3.12-biosphere', 'e070bd24-fd16-4963-8f4d-78bb4c402400')",Sn,5.1551658105494085e-12,5.1551658105494085e-12,1.0,1.3268575464212294e-13,1.3268575464212294e-13,dissipation
Tin ion,"('ecoinvent-3.12-biosphere', '8a422b03-1055-4bc8-b439-27bf8d7eef57')",Sn,5.1551658105494085e-12,5.1551658105494085e-12,1.0,1.3268575464212294e-13,1.3268575464212294e-13,dissipation
Tin ion,"('ecoinvent-3.12-biosphere', 'f563b90e-a300-4403-b278-d2fdcd73e5a7')",Sn,5.1551658105494085e-12,5.1551658105494085e-12,1.0,1.3268575464212294e-13,1.3268575464212294e-13,dissipation
Tin ion,"('ecoinvent-3.12-biosphere', 'd5c40848-fc29-47fa-90a4-46db64a45a4e')",Sn,5.1551658105494085e-12,5.1551658105494085e-12,1.0,1.3268575464212294e-13,1.3268575464212294e-13,dissipation
Tin ion,"('ecoinvent-3.12-biosphere', 'f73177d8-5e57-4f0d-ba34-6889cfdfed40')",Sn,5.1551658105494085e-12,5.1551658105494085e-12,1.0,1.3268575464212294e-13,1.3268575464212294e-13,dissipation
Tin ion,"('ecoinvent-3.12-biosphere', '168c970b-91c9-4427-a3a0-6686ad6cc2c4')",Sn,5.1551658105494085e-12,5.1551658105494085e-12,1.0,1.3268575464212294e-13,1.3268575464212294e-13,dissipation
Tin ion,"('ecoinvent-3.12-biosphere', 'c67e3ba8-ddce-4931-b4b0-f4f9a56ccf40')",Sn,5.1551658105494085e-12,5.1551658105494085e-12,1.0,1.3268575464212294e-13,1.3268575464212294e-13,dissipation
Chromium III,"('ecoinvent-3.12-biosphere', 'e34d3da4-a3d5-41be-84b5-458afe32c990')",Cr,5.086878896881319e-12,5.086878896881319e-12,1.0,3.1278613038877847e-13,3.1278613038877847e-13,dissipation
Chromium III,"('ecoinvent-3.12-biosphere', '6b29d83a-c43c-484c-8e73-474a8a22d71e')",Cr,5.086878896881319e-12,5.086878896881319e-12,1.0,3.1278613038877847e-13,3.1278613038877847e-13,dissipation
Chromium III,"('ecoinvent-3.12-biosphere', 'e142b577-e934-4085-9a07-3983d4d92afb')",Cr,5.086878896881319e-12,5.086878896881319e-12,1.0,3.1278613038877847e-13,3.1278613038877847e-13,dissipation
Chromium III,"('ecoinvent-3.12-biosphere', 'd9c23a8d-e7bf-4f70-8d22-b9ad8a653204')",Cr,5.086878896881319e-12,5.086878896881319e-12,1.0,3.1278613038877847e-13,3.1278613038877847e-13,dissipation
Chromium III,"('ecoinvent-3.12-biosphere', '2a5ed451-12a2-47db-b4dc-fa0bfbc01d79')",Cr,5.086878896881319e-12,5.086878896881319e-12,1.0,3.1278613038877847e-13,3.1278613038877847e-13,dissipation
Chromium III,"('ecoinvent-3.12-biosphere', '7705f0e1-5b14-44f4-b330-1245b5c7fc08')",Cr,5.086878896881319e-12,5.086878896881319e-12,1.0,3.1278613038877847e-13,3.1278613038877847e-13,dissipation
Chromium III,"('ecoinvent-3.12-biosphere', 'e65a9c58-21f1-48b6-b738-d05a8f10e5f3')",Cr,5.086878896881319e-12,5.086878896881319e-12,1.0,3.1278613038877847e-13,3.1278613038877847e-13,dissipation
Chromium III,"('ecoinvent-3.12-biosphere', '30f484ee-dec4-47ae-8e92-d00d4b93fe05')",Cr,5.086878896881319e-12,5.086878896881319e-12,1.0,3.1278613038877847e-13,3.1278613038877847e-13,dissipation
Chromium III,"('ecoinvent-3.12-biosphere', 'e7881581-21b3-4f5c-bd63-6b0684b5e712')",Cr,5.086878896881319e-12,5.086878896881319e-12,1.0,3.1278613038877847e-13,3.1278613038877847e-13,dissipation
Chromium III,"('ecoinvent-3.12-biosphere', '1c87de06-e58f-4684-a54c-d29f1a251a87')",Cr,5.086878896881319e-12,5.086878896881319e-12,1.0,3.1278613038877847e-13,3.1278613038877847e-13,dissipation
Chromium III,"('ecoinvent-3.12-biosphere', '4d40d8e3-9bc7-4ab1-ac5c-4f4a76fda8e5')",Cr,5.086878896881319e-12,5.086878896881319e-12,1.0,3.1278613038877847e-13,3.1278613038877847e-13,dissipation
Chromium III,"('ecoinvent-3.12-biosphere', 'd98f0ec0-bf19-4c90-a457-a8593dec497f')",Cr,5.086878896881319e-12,5.086878896881319e-12,1.0,3.1278613038877847e-13,3.1278613038877847e-13,dissipation
Chromium III,"('ecoinvent-3.12-biosphere', '591de726-f2c7-43ba-8e22-15fd08acc8dc')",Cr,5.086878896881319e-12,5.086878896881319e-12,1.0,3.1278613038877847e-13,3.1278613038877847e-13,dissipation
Chromium III,"('ecoinvent-3.12-biosphere', 'e0336c9b-a0ff-4ae3-b8bb-ca1e46bbbc11')",Cr,5.086878896881319e-12,5.086878896881319e-12,1.0,3.1278613038877847e-13,3.1278613038877847e-13,dissipation
Copper ion,"('ecoinvent-3.12-biosphere', '6d9550e2-e670-44c1-bad8-c0c4975ffca7')",Cu,4.620861099948795e-12,4.620861099948795e-12,1.0,1.231243333335009e-14,1.231243333335009e-14,dissipation
Copper ion,"('ecoinvent-3.12-biosphere', '237ca6bc-2f0a-4416-a0e3-bd512f038f2e')",Cu,4.620861099948795e-12,4.620861099948795e-12,1.0,1.231243333335009e-14,1.231243333335009e-14,dissipation
Copper ion,"('ecoinvent-3.12-biosphere', '7e66a41c-d311-4949-bdd8-eef09cdcfa47')",Cu,4.620861099948795e-12,4.620861099948795e-12,1.0,1.231243333335009e-14,1.231243333335009e-14,dissipation
Copper ion,"('ecoinvent-3.12-biosphere', '0a5e8a67-f9ae-48b3-bfa7-e9d37c30a191')",Cu,4.620861099948795e-12,4.620861099948795e-12,1.0,1.231243333335009e-14,1.231243333335009e-14,dissipation
Copper ion,"('ecoinvent-3.12-biosphere', 'fd153f15-1d16-410a-91fa-04d205e36c43')",Cu,4.620861099948795e-12,4.620861099948795e-12,1.0,1.231243333335009e-14,1.231243333335009e-14,dissipation
Copper ion,"('ecoinvent-3.12-biosphere', 'ec8144d6-d123-43b1-9c17-a295422a0498')",Cu,4.620861099948795e-12,4.620861099948795e-12,1.0,1.231243333335009e-14,1.231243333335009e-14,dissipation
Copper ion,"('ecoinvent-3.12-biosphere', 'd8f9ccf6-fd32-4348-83c0-1cee724af9ae')",Cu,4.620861099948795e-12,4.620861099948795e-12,1.0,1.231243333335009e-14,1.231243333335009e-14,dissipation
Copper ion,"('ecoinvent-3.12-biosphere', 'e336eee7-148a-4d1c-8027-780cbfafa12b')",Cu,4.620861099948795e-12,4.620861099948795e-12,1.0,1.231243333335009e-14,1.231243333335009e-14,dissipation
Copper ion,"('ecoinvent-3.12-biosphere', '3573a5af-88f8-4f74-ade7-cd269cbc4e66')",Cu,4.620861099948795e-12,4.620861099948795e-12,1.0,1.231243333335009e-14,1.231243333335009e-14,dissipation
Copper ion,"('ecoinvent-3.12-biosphere', 'c3b659e5-35f1-408c-8cb5-b5f9b295c76e')",Cu,4.620861099948795e-12,4.620861099948795e-12,1.0,1.231243333335009e-14,1.231243333335009e-14,dissipation
Copper ion,"('ecoinvent-3.12-biosphere', '40229ebf-9346-4f20-910a-f8ea3bd88d44')",Cu,4.620861099948795e-12,4.620861099948795e-12,1.0,1.231243333335009e-14,1.231243333335009e-14,dissipation
Copper ion,"('ecoinvent-3.12-biosphere', '615b1460-6860-4cf6-8678-ad92c03c5e8b')",Cu,4.620861099948795e-12,4.620861099948795e-12,1.0,1.231243333335009e-14,1.231243333335009e-14,dissipation
Copper ion,"('ecoinvent-3.12-biosphere', '88cde01c-df69-40bb-9b14-6eac71bea5b8')",Cu,4.620861099948795e-12,4.620861099948795e-12,1.0,1.231243333335009e-14,1.231243333335009e-14,dissipation
Copper ion,"('ecoinvent-3.12-biosphere', '44d3e792-7c9e-48ab-9de9-acfa2e097f26')",Cu,4.620861099948795e-12,4.620861099948795e-12,1.0,1.231243333335009e-14,1.231243333335009e-14,dissipation
Phosphorus,"('ecoinvent-3.12-biosphere', 'b6e2f7f4-6b2e-4b3e-be1f-67626cb8205d')",P,3.918134826243509e-12,3.918134826243509e-12,1.0,1.6973366253890836e-14,1.6973366253890836e-14,dissipation
Phosphorus,"('ecoinvent-3.12-biosphere', 'd761f94e-517d-41cf-89fa-17dc72f7a69b')",P,3.918134826243509e-12,3.918134826243509e-12,1.0,1.6973366253890836e-14,1.6973366253890836e-14,dissipation
Phosphorus,"('ecoinvent-3.12-biosphere', '76b09afe-52b9-4ecc-b97a-00b49ad8ed1a')",P,3.918134826243509e-12,3.918134826243509e-12,1.0,1.6973366253890836e-14,1.6973366253890836e-14,dissipation
Phosphorus,"('ecoinvent-3.12-biosphere', '8b0a4a41-c65c-4d94-b10c-94ddb98abdd2')",P,3.918134826243509e-12,3.918134826243509e-12,1.0,1.6973366253890836e-14,1.6973366253890836e-14,dissipation
Phosphorus,"('ecoinvent-3.12-biosphere', '2d4b8ec1-8d53-4e62-8a11-ebc45909b02e')",P,3.918134826243509e-12,3.918134826243509e-12,1.0,1.6973366253890836e-14,1.6973366253890836e-14,dissipation
Phosphorus,"('ecoinvent-3.12-biosphere', 'b1fca66f-8e83-469a-a7b5-018e14d5d545')",P,3.918134826243509e-12,3.918134826243509e-12,1.0,1.6973366253890836e-14,1.6973366253890836e-14,dissipation
Phosphorus,"('ecoinvent-3.12-biosphere', 'c89a0749-40a5-4c9c-8770-c4295ea34977')",P,3.918134826243509e-12,3.918134826243509e-12,1.0,1.6973366253890836e-14,1.6973366253890836e-14,dissipation
Phosphorus,"('ecoinvent-3.12-biosphere', '62f3d964-9b53-4d01-9ee0-04112dcfc6d2')",P,3.918134826243509e-12,3.918134826243509e-12,1.0,1.6973366253890836e-14,1.6973366253890836e-14,dissipation
Phosphorus,"('ecoinvent-3.12-biosphere', 'b2631209-8374-431e-b7d5-56c96c6b6d79')",P,3.918134826243509e-12,3.918134826243509e-12,1.0,1.6973366253890836e-14,1.6973366253890836e-14,dissipation
Phosphorus,"('ecoinvent-3.12-biosphere', '198ce8e3-f05a-4bec-9f7f-325347453326')",P,3.918134826243509e-12,3.918134826243509e-12,1.0,1.6973366253890836e-14,1.6973366253890836e-14,dissipation
Phosphorus,"('ecoinvent-3.12-biosphere', 'ea4e9316-5080-4b3b-bbf3-1949f6d7577a')",P,3.918134826243509e-12,3.918134826243509e-12,1.0,1.6973366253890836e-14,1.6973366253890836e-14,dissipation
Phosphorus,"('ecoinvent-3.12-biosphere', 'e2d35af7-9806-46ff-9b75-b124a48fa5a1')",P,3.918134826243509e-12,3.918134826243509e-12,1.0,1.6973366253890836e-14,1.6973366253890836e-14,dissipation
Phosphorus,"('ecoinvent-3.12-biosphere', '2f8952b0-c90c-4e3d-b546-52b862fc8f11')",P,3.918134826243509e-12,3.918134826243509e-12,1.0,1.6973366253890836e-14,1.6973366253890836e-14,dissipation
Tin ion,"('ecoinvent-3.12-biosphere', '3ddb2e36-bc1b-43a5-8ef4-cbcdbeeeea70')",Sn,2.0331976581667717e-12,2.0331976581667717e-12,1.0,1.3268575464212294e-13,1.3268575464212294e-13,dissipation
Tin ion,"('ecoinvent-3.12-biosphere', '2a992e5e-9f16-47b8-8bcb-733d00bed658')",Sn,2.0331976581667717e-12,2.0331976581667717e-12,1.0,1.3268575464212294e-13,1.3268575464212294e-13,dissipation
Tin ion,"('ecoinvent-3.12-biosphere', '60a6702f-20ad-444f-a6df-f6374f1e3183')",Sn,2.0331976581667717e-12,2.0331976581667717e-12,1.0,1.3268575464212294e-13,1.3268575464212294e-13,dissipation
Tin ion,"('ecoinvent-3.12-biosphere', '19b6e569-85a4-4ea9-a590-d61a21e3c846')",Sn,2.0331976581667717e-12,2.0331976581667717e-12,1.0,1.3268575464212294e-13,1.3268575464212294e-13,dissipation
Tin ion,"('ecoinvent-3.12-biosphere', '85a764f2-a810-4b20-bc86-a45604262fda')",Sn,2.0331976581667717e-12,2.0331976581667717e-12,1.0,1.3268575464212294e-13,1.3268575464212294e-13,dissipation
Tin ion,"('ecoinvent-3.12-biosphere', '2a7b68ff-f12a-44c6-8b31-71ec91d29889')",Sn,2.0331976581667717e-12,2.0331976581667717e-12,1.0,1.3268575464212294e-13,1.3268575464212294e-13,dissipation
Tin ion,"('ecoinvent-3.12-biosphere', 'e070bd24-fd16-4963-8f4d-78bb4c402400')",Sn,2.0331976581667717e-12,2.0331976581667717e-12,1.0,1.3268575464212294e-13,1.3268575464212294e-13,dissipation
Tin ion,"('ecoinvent-3.12-biosphere', '8a422b03-1055-4bc8-b439-27bf8d7eef57')",Sn,2.0331976581667717e-12,2.0331976581667717e-12,1.0,1.3268575464212294e-13,1.3268575464212294e-13,dissipation
Tin ion,"('ecoinvent-3.12-biosphere', 'f563b90e-a300-4403-b278-d2fdcd73e5a7')",Sn,2.0331976581667717e-12,2.0331976581667717e-12,1.0,1.3268575464212294e-13,1.3268575464212294e-13,dissipation
Tin ion,"('ecoinvent-3.12-biosphere', 'd5c40848-fc29-47fa-90a4-46db64a45a4e')",Sn,2.0331976581667717e-12,2.0331976581667717e-12,1.0,1.3268575464212294e-13,1.3268575464212294e-13,dissipation
Tin ion,"('ecoinvent-3.12-biosphere', 'f73177d8-5e57-4f0d-ba34-6889cfdfed40')",Sn,2.0331976581667717e-12,2.0331976581667717e-12,1.0,1.3268575464212294e-13,1.3268575464212294e-13,dissipation
Tin ion,"('ecoinvent-3.12-biosphere', '168c970b-91c9-4427-a3a0-6686ad6cc2c4')",Sn,2.0331976581667717e-12,2.0331976581667717e-12,1.0,1.3268575464212294e-13,1.3268575464212294e-13,dissipation
Tin ion,"('ecoinvent-3.12-biosphere', 'c67e3ba8-ddce-4931-b4b0-f4f9a56ccf40')",Sn,2.0331976581667717e-12,2.0331976581667717e-12,1.0,1.3268575464212294e-13,1.3268575464212294e-13,dissipation
Molybdenum VI,"('ecoinvent-3.12-biosphere', '640e30d2-3158-4a1a-82ef-fd0c72922c9a')",Mo,1.7717099643336004e-12,1.7717099643336004e-12,1.0,1.6532043483883647e-13,1.6532043483883647e-13,dissipation
Molybdenum VI,"('ecoinvent-3.12-biosphere', 'c26d4716-ce1e-43da-a662-cd9498b1e8bc')",Mo,1.7717099643336004e-12,1.7717099643336004e-12,1.0,1.6532043483883647e-13,1.6532043483883647e-13,dissipation
Molybdenum VI,"('ecoinvent-3.12-biosphere', '3822809c-cc03-469d-ac2a-9f85842f8440')",Mo,1.7717099643336004e-12,1.7717099643336004e-12,1.0,1.6532043483883647e-13,1.6532043483883647e-13,dissipation
Molybdenum VI,"('ecoinvent-3.12-biosphere', '7d3f7498-3596-478a-9fa1-72201ef94082')",Mo,1.7717099643336004e-12,1.7717099643336004e-12,1.0,1.6532043483883647e-13,1.6532043483883647e-13,dissipation
Molybdenum VI,"('ecoinvent-3.12-biosphere', '442511cc-a98b-4242-9229-5736cb9a9399')",Mo,1.7717099643336004e-12,1.7717099643336004e-12,1.0,1.6532043483883647e-13,1.6532043483883647e-13,dissipation
Molybdenum VI,"('ecoinvent-3.12-biosphere', 'c126f8a0-6bc4-42e6-9220-d6ccfef3f2ed')",Mo,1.7717099643336004e-12,1.7717099643336004e-12,1.0,1.6532043483883647e-13,1.6532043483883647e-13,dissipation
Molybdenum VI,"('ecoinvent-3.12-biosphere', '1f3c2297-d652-468d-82e8-4fd59bf5b5b8')",Mo,1.7717099643336004e-12,1.7717099643336004e-12,1.0,1.6532043483883647e-13,1.6532043483883647e-13,dissipation
Molybdenum VI,"('ecoinvent-3.12-biosphere', 'fdaaef05-0d10-4032-b2e7-85cae3c7bd5c')",Mo,1.7717099643336004e-12,1.7717099643336004e-12,1.0,1.6532043483883647e-13,1.6532043483883647e-13,dissipation
Molybdenum VI,"('ecoinvent-3.12-biosphere', '35b4d818-1019-413b-b99d-d351d8a67ac4')",Mo,1.7717099643336004e-12,1.7717099643336004e-12,1.0,1.6532043483883647e-13,1.6532043483883647e-13,dissipation
Molybdenum VI,"('ecoinvent-3.12-biosphere', '163926e2-b4cc-42bb-ba7d-401028140985')",Mo,1.7717099643336004e-12,1.7717099643336004e-12,1.0,1.6532043483883647e-13,1.6532043483883647e-13,dissipation
Molybdenum VI,"('ecoinvent-3.12-biosphere', '9cf3a683-ed3d-40e9-b039-7653e4fc9e20')",Mo,1.7717099643336004e-12,1.7717099643336004e-12,1.0,1.6532043483883647e-13,1.6532043483883647e-13,dissipation
Molybdenum VI,"('ecoinvent-3.12-biosphere', '8b531ec0-ca7a-49cd-bef0-56f110112f34')",Mo,1.7717099643336004e-12,1.7717099643336004e-12,1.0,1.6532043483883647e-13,1.6532043483883647e-13,dissipation
Molybdenum VI,"('ecoinvent-3.12-biosphere', '5fa36ce3-aed0-443b-a09d-4cdf25b41995')",Mo,1.7717099643336004e-12,1.7717099643336004e-12,1.0,1.6532043483883647e-13,1.6532043483883647e-13,dissipation
Phosphorus,"('ecoinvent-3.12-biosphere', 'b6e2f7f4-6b2e-4b3e-be1f-67626cb8205d')",P,1.7661774448813765e-12,1.7661774448813765e-12,1.0,1.6973366253890836e-14,1.6973366253890836e-14,dissipation
Phosphorus,"('ecoinvent-3.12-biosphere', 'd761f94e-517d-41cf-89fa-17dc72f7a69b')",P,1.7661774448813765e-12,1.7661774448813765e-12,1.0,1.6973366253890836e-14,1.6973366253890836e-14,dissipation
Phosphorus,"('ecoinvent-3.12-biosphere', '76b09afe-52b9-4ecc-b97a-00b49ad8ed1a')",P,1.7661774448813765e-12,1.7661774448813765e-12,1.0,1.6973366253890836e-14,1.6973366253890836e-14,dissipation
Phosphorus,"('ecoinvent-3.12-biosphere', '8b0a4a41-c65c-4d94-b10c-94ddb98abdd2')",P,1.7661774448813765e-12,1.7661774448813765e-12,1.0,1.6973366253890836e-14,1.6973366253890836e-14,dissipation
Phosphorus,"('ecoinvent-3.12-biosphere', '2d4b8ec1-8d53-4e62-8a11-ebc45909b02e')",P,1.7661774448813765e-12,1.7661774448813765e-12,1.0,1.6973366253890836e-14,1.6973366253890836e-14,dissipation
Phosphorus,"('ecoinvent-3.12-biosphere', 'b1fca66f-8e83-469a-a7b5-018e14d5d545')",P,1.7661774448813765e-12,1.7661774448813765e-12,1.0,1.6973366253890836e-14,1.6973366253890836e-14,dissipation
Phosphorus,"('ecoinvent-3.12-biosphere', 'c89a0749-40a5-4c9c-8770-c4295ea34977')",P,1.7661774448813765e-12,1.7661774448813765e-12,1.0,1.6973366253890836e-14,1.6973366253890836e-14,dissipation
Phosphorus,"('ecoinvent-3.12-biosphere', '62f3d964-9b53-4d01-9ee0-04112dcfc6d2')",P,1.7661774448813765e-12,1.7661774448813765e-12,1.0,1.6973366253890836e-14,1.6973366253890836e-14,dissipation
Phosphorus,"('ecoinvent-3.12-biosphere', 'b2631209-8374-431e-b7d5-56c96c6b6d79')",P,1.7661774448813765e-12,1.7661774448813765e-12,1.0,1.6973366253890836e-14,1.6973366253890836e-14,dissipation
Phosphorus,"('ecoinvent-3.12-biosphere', '198ce8e3-f05a-4bec-9f7f-325347453326')",P,1.7661774448813765e-12,1.7661774448813765e-12,1.0,1.6973366253890836e-14,1.6973366253890836e-14,dissipation
Phosphorus,"('ecoinvent-3.12-biosphere', 'ea4e9316-5080-4b3b-bbf3-1949f6d7577a')",P,1.7661774448813765e-12,1.7661774448813765e-12,1.0,1.6973366253890836e-14,1.6973366253890836e-14,dissipation
Phosphorus,"('ecoinvent-3.12-biosphere', 'e2d35af7-9806-46ff-9b75-b124a48fa5a1')",P,1.7661774448813765e-12,1.7661774448813765e-12,1.0,1.6973366253890836e-14,1.6973366253890836e-14,dissipation
Phosphorus,"('ecoinvent-3.12-biosphere', '2f8952b0-c90c-4e3d-b546-52b862fc8f11')",P,1.7661774448813765e-12,1.7661774448813765e-12,1.0,1.6973366253890836e-14,1.6973366253890836e-14,dissipation
Zinc II,"('ecoinvent-3.12-biosphere', '5ce378a0-b48d-471c-977d-79681521efde')",Zn,-1.3477578975195532e-12,-1.3477578975195532e-12,1.0,1.0836576745711442e-13,1.0836576745711442e-13,dissipation
Zinc II,"('ecoinvent-3.12-biosphere', '2195d86f-e4c8-4e86-9f18-b5b065b1df7e')",Zn,-1.3477578975195532e-12,-1.3477578975195532e-12,1.0,1.0836576745711442e-13,1.0836576745711442e-13,dissipation
Zinc II,"('ecoinvent-3.12-biosphere', '8f871bab-96dc-49d9-bf08-12cdd0715901')",Zn,-1.3477578975195532e-12,-1.3477578975195532e-12,1.0,1.0836576745711442e-13,1.0836576745711442e-13,dissipation
Zinc II,"('ecoinvent-3.12-biosphere', '2c7be02c-791f-4fef-b231-b90321bbeb30')",Zn,-1.3477578975195532e-12,-1.3477578975195532e-12,1.0,1.0836576745711442e-13,1.0836576745711442e-13,dissipation
Zinc II,"('ecoinvent-3.12-biosphere', 'ada3ecfe-8244-4389-bcce-e83ca4f66e09')",Zn,-1.3477578975195532e-12,-1.3477578975195532e-12,1.0,1.0836576745711442e-13,1.0836576745711442e-13,dissipation
Zinc II,"('ecoinvent-3.12-biosphere', '87a69874-34f9-4070-a525-aa301ab2634b')",Zn,-1.3477578975195532e-12,-1.3477578975195532e-12,1.0,1.0836576745711442e-13,1.0836576745711442e-13,dissipation
Zinc II,"('ecoinvent-3.12-biosphere', '8d226423-1351-4366-b09f-d16c9e38683c')",Zn,-1.3477578975195532e-12,-1.3477578975195532e-12,1.0,1.0836576745711442e-13,1.0836576745711442e-13,dissipation
Zinc II,"('ecoinvent-3.12-biosphere', 'b88999ec-84fd-462d-9dec-7e20a4636a58')",Zn,-1.3477578975195532e-12,-1.3477578975195532e-12,1.0,1.0836576745711442e-13,1.0836576745711442e-13,dissipation
Zinc II,"('ecoinvent-3.12-biosphere', '84aa799e-9d98-4d34-85e0-516d28ab1be9')",Zn,-1.3477578975195532e-12,-1.3477578975195532e-12,1.0,1.0836576745711442e-13,1.0836576745711442e-13,dissipation
Zinc II,"('ecoinvent-3.12-biosphere', '541b633c-17a3-4047-bce6-0c0e4fdb7c10')",Zn,-1.3477578975195532e-12,-1.3477578975195532e-12,1.0,1.0836576745711442e-13,1.0836576745711442e-13,dissipation
Zinc II,"('ecoinvent-3.12-biosphere', '748f22a9-eba4-4726-bef5-92c7442ce189')",Zn,-1.3477578975195532e-12,-1.3477578975195532e-12,1.0,1.0836576745711442e-13,1.0836576745711442e-13,dissipation
Zinc II,"('ecoinvent-3.12-biosphere', 'bdce3a7c-e008-4391-be26-285f71a02453')",Zn,-1.3477578975195532e-12,-1.3477578975195532e-12,1.0,1.0836576745711442e-13,1.0836576745711442e-13,dissipation
Zinc II,"('ecoinvent-3.12-biosphere', '7e769b3e-03fb-4b53-be15-85a910dcfea9')",Zn,-1.3477578975195532e-12,-1.3477578975195532e-12,1.0,1.0836576745711442e-13,1.0836576745711442e-13,dissipation
Zinc II,"('ecoinvent-3.12-biosphere', '77887584-ddca-4920-952c-3609730e0c13')",Zn,-1.3477578975195532e-12,-1.3477578975195532e-12,1.0,1.0836576745711442e-13,1.0836576745711442e-13,dissipation
Dichromate,"('ecoinvent-3.12-biosphere', '1ad3b0dc-fce4-416b-9851-f29d12cce55a')",Cr,1.2815653419161613e-12,1.2815653419161613e-12,0.48146673457104494,1.5059611681739826e-13,1.5059611681739826e-13,dissipation
Dichromate,"('ecoinvent-3.12-biosphere', 'b6ecaa32-6ab5-4060-b641-45a2bf7beded')",Cr,1.2815653419161613e-12,1.2815653419161613e-12,0.48146673457104494,1.5059611681739826e-13,1.5059611681739826e-13,dissipation
Dichromate,"('ecoinvent-3.12-biosphere', '3b8a6f65-384b-4086-a817-b0c77555b78a')",Cr,1.2815653419161613e-12,1.2815653419161613e-12,0.48146673457104494,1.5059611681739826e-13,1.5059611681739826e-13,dissipation
Dichromate,"('ecoinvent-3.12-biosphere', 'ff5b7e31-3118-40f5-9b82-f65018442d77')",Cr,1.2815653419161613e-12,1.2815653419161613e-12,0.48146673457104494,1.5059611681739826e-13,1.5059611681739826e-13,dissipation
Dichromate,"('ecoinvent-3.12-biosphere', 'd26099e9-c6bc-4d7f-a0bd-29c884965ba5')",Cr,1.2815653419161613e-12,1.2815653419161613e-12,0.48146673457104494,1.5059611681739826e-13,1.5059611681739826e-13,dissipation
Chromium III,"('ecoinvent-3.12-biosphere', 'e34d3da4-a3d5-41be-84b5-458afe32c990')",Cr,9.95409281722252e-13,9.95409281722252e-13,1.0,3.1278613038877847e-13,3.1278613038877847e-13,dissipation
Chromium III,"('ecoinvent-3.12-biosphere', '6b29d83a-c43c-484c-8e73-474a8a22d71e')",Cr,9.95409281722252e-13,9.95409281722252e-13,1.0,3.1278613038877847e-13,3.1278613038877847e-13,dissipation
Chromium III,"('ecoinvent-3.12-biosphere', 'e142b577-e934-4085-9a07-3983d4d92afb')",Cr,9.95409281722252e-13,9.95409281722252e-13,1.0,3.1278613038877847e-13,3.1278613038877847e-13,dissipation
Chromium III,"('ecoinvent-3.12-biosphere', 'd9c23a8d-e7bf-4f70-8d22-b9ad8a653204')",Cr,9.95409281722252e-13,9.95409281722252e-13,1.0,3.1278613038877847e-13,3.1278613038877847e-13,dissipation
Chromium III,"('ecoinvent-3.12-biosphere', '2a5ed451-12a2-47db-b4dc-fa0bfbc01d79')",Cr,9.95409281722252e-13,9.95409281722252e-13,1.0,3.1278613038877847e-13,3.1278613038877847e-13,dissipation
Chromium III,"('ecoinvent-3.12-biosphere', '7705f0e1-5b14-44f4-b330-1245b5c7fc08')",Cr,9.95409281722252e-13,9.95409281722252e-13,1.0,3.1278613038877847e-13,3.1278613038877847e-13,dissipation
Chromium III,"('ecoinvent-3.12-biosphere', 'e65a9c58-21f1-48b6-b738-d05a8f10e5f3')",Cr,9.95409281722252e-13,9.95409281722252e-13,1.0,3.1278613038877847e-13,3.1278613038877847e-13,dissipation
Chromium III,"('ecoinvent-3.12-biosphere', '30f484ee-dec4-47ae-8e92-d00d4b93fe05')",Cr,9.95409281722252e-13,9.95409281722252e-13,1.0,3.1278613038877847e-13,3.1278613038877847e-13,dissipation
Chromium III,"('ecoinvent-3.12-biosphere', 'e7881581-21b3-4f5c-bd63-6b0684b5e712')",Cr,9.95409281722252e-13,9.95409281722252e-13,1.0,3.1278613038877847e-13,3.1278613038877847e-13,dissipation
Chromium III,"('ecoinvent-3.12-biosphere', '1c87de06-e58f-4684-a54c-d29f1a251a87')",Cr,9.95409281722252e-13,9.95409281722252e-13,1.0,3.1278613038877847e-13,3.1278613038877847e-13,dissipation
Chromium III,"('ecoinvent-3.12-biosphere', '4d40d8e3-9bc7-4ab1-ac5c-4f4a76fda8e5')",Cr,9.95409281722252e-13,9.95409281722252e-13,1.0,3.1278613038877847e-13,3.1278613038877847e-13,dissipation
Chromium III,"('ecoinvent-3.12-biosphere', 'd98f0ec0-bf19-4c90-a457-a8593dec497f')",Cr,9.95409281722252e-13,9.95409281722252e-13,1.0,3.1278613038877847e-13,3.1278613038877847e-13,dissipation
Chromium III,"('ecoinvent-3.12-biosphere', '591de726-f2c7-43ba-8e22-15fd08acc8dc')",Cr,9.95409281722252e-13,9.95409281722252e-13,1.0,3.1278613038877847e-13,3.1278613038877847e-13,dissipation
Chromium III,"('ecoinvent-3.12-biosphere', 'e0336c9b-a0ff-4ae3-b8bb-ca1e46bbbc11')",Cr,9.95409281722252e-13,9.95409281722252e-13,1.0,3.1278613038877847e-13,3.1278613038877847e-13,dissipation
Tin ion,"('ecoinvent-3.12-biosphere', '3ddb2e36-bc1b-43a5-8ef4-cbcdbeeeea70')",Sn,9.12599986740158e-13,9.12599986740158e-13,1.0,1.3268575464212294e-13,1.3268575464212294e-13,dissipation
Tin ion,"('ecoinvent-3.12-biosphere', '2a992e5e-9f16-47b8-8bcb-733d00bed658')",Sn,9.12599986740158e-13,9.12599986740158e-13,1.0,1.3268575464212294e-13,1.3268575464212294e-13,dissipation
Tin ion,"('ecoinvent-3.12-biosphere', '60a6702f-20ad-444f-a6df-f6374f1e3183')",Sn,9.12599986740158e-13,9.12599986740158e-13,1.0,1.3268575464212294e-13,1.3268575464212294e-13,dissipation
Tin ion,"('ecoinvent-3.12-biosphere', '19b6e569-85a4-4ea9-a590-d61a21e3c846')",Sn,9.12599986740158e-13,9.12599986740158e-13,1.0,1.3268575464212294e-13,1.3268575464212294e-13,dissipation
Tin ion,"('ecoinvent-3.12-biosphere', '85a764f2-a810-4b20-bc86-a45604262fda')",Sn,9.12599986740158e-13,9.12599986740158e-13,1.0,1.3268575464212294e-13,1.3268575464212294e-13,dissipation
Tin ion,"('ecoinvent-3.12-biosphere', '2a7b68ff-f12a-44c6-8b31-71ec91d29889')",Sn,9.12599986740158e-13,9.12599986740158e-13,1.0,1.3268575464212294e-13,1.3268575464212294e-13,dissipation
Tin ion,"('ecoinvent-3.12-biosphere', 'e070bd24-fd16-4963-8f4d-78bb4c402400')",Sn,9.12599986740158e-13,9.12599986740158e-13,1.0,1.3268575464212294e-13,1.3268575464212294e-13,dissipation
Tin ion,"('ecoinvent-3.12-biosphere', '8a422b03-1055-4bc8-b439-27bf8d7eef57')",Sn,9.12599986740158e-13,9.12599986740158e-13,1.0,1.3268575464212294e-13,1.3268575464212294e-13,dissipation
Tin ion,"('ecoinvent-3.12-biosphere', 'f563b90e-a300-4403-b278-d2fdcd73e5a7')",Sn,9.12599986740158e-13,9.12599986740158e-13,1.0,1.3268575464212294e-13,1.3268575464212294e-13,dissipation
Tin ion,"('ecoinvent-3.12-biosphere', 'd5c40848-fc29-47fa-90a4-46db64a45a4e')",Sn,9.12599986740158e-13,9.12599986740158e-13,1.0,1.3268575464212294e-13,1.3268575464212294e-13,dissipation
Tin ion,"('ecoinvent-3.12-biosphere', 'f73177d8-5e57-4f0d-ba34-6889cfdfed40')",Sn,9.12599986740158e-13,9.12599986740158e-13,1.0,1.3268575464212294e-13,1.3268575464212294e-13,dissipation
Tin ion,"('ecoinvent-3.12-biosphere', '168c970b-91c9-4427-a3a0-6686ad6cc2c4')",Sn,9.12599986740158e-13,9.12599986740158e-13,1.0,1.3268575464212294e-13,1.3268575464212294e-13,dissipation
Tin ion,"('ecoinvent-3.12-biosphere', 'c67e3ba8-ddce-4931-b4b0-f4f9a56ccf40')",Sn,9.12599986740158e-13,9.12599986740158e-13,1.0,1.3268575464212294e-13,1.3268575464212294e-13,dissipation
Mancozeb,"('ecoinvent-3.12-biosphere', 'e5341dca-5831-5bf1-8d1b-e7bef2b17d9b')",Mn,9.118437398820316e-13,3.051044093481696e-13,0.10153021622620588,6.584242677286185e-15,1.9677855459297162e-14,dissipation
Mancozeb,"('ecoinvent-3.12-biosphere', 'e5341dca-5831-5bf1-8d1b-e7bef2b17d9b')",Zn,9.118437398820316e-13,6.06739330533862e-13,0.12082794307891331,1.3093612782010977e-14,1.9677855459297162e-14,dissipation
Mancozeb,"('ecoinvent-3.12-biosphere', 'c34b7d39-1ab2-512f-8c5d-c5c8aa5eff2d')",Mn,9.118437398820316e-13,3.051044093481696e-13,0.10153021622620588,6.584242677286185e-15,1.9677855459297162e-14,dissipation
Mancozeb,"('ecoinvent-3.12-biosphere', 'c34b7d39-1ab2-512f-8c5d-c5c8aa5eff2d')",Zn,9.118437398820316e-13,6.06739330533862e-13,0.12082794307891331,1.3093612782010977e-14,1.9677855459297162e-14,dissipation
Mancozeb,"('ecoinvent-3.12-biosphere', '193eb6c2-57b1-5b5f-91a4-2986768b33c0')",Mn,9.118437398820316e-13,3.051044093481696e-13,0.10153021622620588,6.584242677286185e-15,1.9677855459297162e-14,dissipation
Mancozeb,"('ecoinvent-3.12-biosphere', '193eb6c2-57b1-5b5f-91a4-2986768b33c0')",Zn,9.118437398820316e-13,6.06739330533862e-13,0.12082794307891331,1.3093612782010977e-14,1.9677855459297162e-14,dissipation
Mancozeb,"('ecoinvent-3.12-biosphere', '4f6390e3-bca5-4d3b-aead-7d63f2534440')",Mn,9.118437398820316e-13,3.051044093481696e-13,0.10153021622620588,6.584242677286185e-15,1.9677855459297162e-14,dissipation
Mancozeb,"('ecoinvent-3.12-biosphere', '4f6390e3-bca5-4d3b-aead-7d63f2534440')",Zn,9.118437398820316e-13,6.06739330533862e-13,0.12082794307891331,1.3093612782010977e-14,1.9677855459297162e-14,dissipation
Mancozeb,"('ecoinvent-3.12-biosphere', '61c6920c-89ff-5928-9bea-012bd1fc5bec')",Mn,9.118437398820316e-13,3.051044093481696e-13,0.10153021622620588,6.584242677286185e-15,1.9677855459297162e-14,dissipation
Mancozeb,"('ecoinvent-3.12-biosphere', '61c6920c-89ff-5928-9bea-012bd1fc5bec')",Zn,9.118437398820316e-13,6.06739330533862e-13,0.12082794307891331,1.3093612782010977e-14,1.9677855459297162e-14,dissipation
Mancozeb,"('ecoinvent-3.12-biosphere', '08c34081-cb18-5b76-b5f5-4177434e7bc0')",Mn,9.118437398820316e-13,3.051044093481696e-13,0.10153021622620588,6.584242677286185e-15,1.9677855459297162e-14,dissipation
Mancozeb,"('ecoinvent-3.12-biosphere', '08c34081-cb18-5b76-b5f5-4177434e7bc0')",Zn,9.118437398820316e-13,6.06739330533862e-13,0.12082794307891331,1.3093612782010977e-14,1.9677855459297162e-14,dissipation
Mancozeb,"('ecoinvent-3.12-biosphere', 'c7d666fc-9018-5e44-9c68-8112aee4f20e')",Mn,9.118437398820316e-13,3.051044093481696e-13,0.10153021622620588,6.584242677286185e-15,1.9677855459297162e-14,dissipation
Mancozeb,"('ecoinvent-3.12-biosphere', 'c7d666fc-9018-5e44-9c68-8112aee4f20e')",Zn,9.118437398820316e-13,6.06739330533862e-13,0.12082794307891331,1.3093612782010977e-14,1.9677855459297162e-14,dissipation
Mancozeb,"('ecoinvent-3.12-biosphere', '04b5664e-7ad4-5b04-a859-ba1ae903d310')",Mn,9.118437398820316e-13,3.051044093481696e-13,0.10153021622620588,6.584242677286185e-15,1.9677855459297162e-14,dissipation
Mancozeb,"('ecoinvent-3.12-biosphere', '04b5664e-7ad4-5b04-a859-ba1ae903d310')",Zn,9.118437398820316e-13,6.06739330533862e-13,0.12082794307891331,1.3093612782010977e-14,1.9677855459297162e-14,dissipation
Phosphorus,"('ecoinvent-3.12-biosphere', 'b6e2f7f4-6b2e-4b3e-be1f-67626cb8205d')",P,8.05291636321873e-13,8.05291636321873e-13,1.0,1.6973366253890836e-14,1.6973366253890836e-14,dissipation
Phosphorus,"('ecoinvent-3.12-biosphere', 'd761f94e-517d-41cf-89fa-17dc72f7a69b')",P,8.05291636321873e-13,8.05291636321873e-13,1.0,1.6973366253890836e-14,1.6973366253890836e-14,dissipation
Phosphorus,"('ecoinvent-3.12-biosphere', '76b09afe-52b9-4ecc-b97a-00b49ad8ed1a')",P,8.05291636321873e-13,8.05291636321873e-13,1.0,1.6973366253890836e-14,1.6973366253890836e-14,dissipation
Phosphorus,"('ecoinvent-3.12-biosphere', '8b0a4a41-c65c-4d94-b10c-94ddb98abdd2')",P,8.05291636321873e-13,8.05291636321873e-13,1.0,1.6973366253890836e-14,1.6973366253890836e-14,dissipation
Phosphorus,"('ecoinvent-3.12-biosphere', '2d4b8ec1-8d53-4e62-8a11-ebc45909b02e')",P,8.05291636321873e-13,8.05291636321873e-13,1.0,1.6973366253890836e-14,1.6973366253890836e-14,dissipation
Phosphorus,"('ecoinvent-3.12-biosphere', 'b1fca66f-8e83-469a-a7b5-018e14d5d545')",P,8.05291636321873e-13,8.05291636321873e-13,1.0,1.6973366253890836e-14,1.6973366253890836e-14,dissipation
Phosphorus,"('ecoinvent-3.12-biosphere', 'c89a0749-40a5-4c9c-8770-c4295ea34977')",P,8.05291636321873e-13,8.05291636321873e-13,1.0,1.6973366253890836e-14,1.6973366253890836e-14,dissipation
Phosphorus,"('ecoinvent-3.12-biosphere', '62f3d964-9b53-4d01-9ee0-04112dcfc6d2')",P,8.05291636321873e-13,8.05291636321873e-13,1.0,1.6973366253890836e-14,1.6973366253890836e-14,dissipation
Phosphorus,"('ecoinvent-3.12-biosphere', 'b2631209-8374-431e-b7d5-56c96c6b6d79')",P,8.05291636321873e-13,8.05291636321873e-13,1.0,1.6973366253890836e-14,1.6973366253890836e-14,dissipation
Phosphorus,"('ecoinvent-3.12-biosphere', '198ce8e3-f05a-4bec-9f7f-325347453326')",P,8.05291636321873e-13,8.05291636321873e-13,1.0,1.6973366253890836e-14,1.6973366253890836e-14,dissipation
Phosphorus,"('ecoinvent-3.12-biosphere', 'ea4e9316-5080-4b3b-bbf3-1949f6d7577a')",P,8.05291636321873e-13,8.05291636321873e-13,1.0,1.6973366253890836e-14,1.6973366253890836e-14,dissipation
Phosphorus,"('ecoinvent-3.12-biosphere', 'e2d35af7-9806-46ff-9b75-b124a48fa5a1')",P,8.05291636321873e-13,8.05291636321873e-13,1.0,1.6973366253890836e-14,1.6973366253890836e-14,dissipation
Phosphorus,"('ecoinvent-3.12-biosphere', '2f8952b0-c90c-4e3d-b546-52b862fc8f11')",P,8.05291636321873e-13,8.05291636321873e-13,1.0,1.6973366253890836e-14,1.6973366253890836e-14,dissipation
Silver I,"('ecoinvent-3.12-biosphere', 'af9793ba-25a1-4928-a14a-4bcf7d5bd3f7')",Ag,7.316666087025726e-13,7.316666087025726e-13,1.0,1.5701960660375504e-13,1.5701960660375504e-13,dissipation
Silver I,"('ecoinvent-3.12-biosphere', 'c6462d84-caa9-425a-a923-45238690c6f3')",Ag,7.316666087025726e-13,7.316666087025726e-13,1.0,1.5701960660375504e-13,1.5701960660375504e-13,dissipation
Silver I,"('ecoinvent-3.12-biosphere', '7da45a0b-0dcf-413c-8de0-44d8ebca9e6e')",Ag,7.316666087025726e-13,7.316666087025726e-13,1.0,1.5701960660375504e-13,1.5701960660375504e-13,dissipation
Silver I,"('ecoinvent-3.12-biosphere', '94426df9-63b1-4dc6-ad1b-3509e22f1154')",Ag,7.316666087025726e-13,7.316666087025726e-13,1.0,1.5701960660375504e-13,1.5701960660375504e-13,dissipation
Silver I,"('ecoinvent-3.12-biosphere', '0ed1b1a1-e56d-4860-bac7-d76a39bde930')",Ag,7.316666087025726e-13,7.316666087025726e-13,1.0,1.5701960660375504e-13,1.5701960660375504e-13,dissipation
Silver I,"('ecoinvent-3.12-biosphere', 'fce0b9ae-53c8-4ab0-9e7a-7f5c2ed2c856')",Ag,7.316666087025726e-13,7.316666087025726e-13,1.0,1.5701960660375504e-13,1.5701960660375504e-13,dissipation
Silver I,"('ecoinvent-3.12-biosphere', '16316600-f12a-410b-8726-3faee64de60a')",Ag,7.316666087025726e-13,7.316666087025726e-13,1.0,1.5701960660375504e-13,1.5701960660375504e-13,dissipation
Silver I,"('ecoinvent-3.12-biosphere', '48dbf4b1-0b2a-4bf5-a190-2d7fc465bda4')",Ag,7.316666087025726e-13,7.316666087025726e-13,1.0,1.5701960660375504e-13,1.5701960660375504e-13,dissipation
Silver I,"('ecoinvent-3.12-biosphere', '6aa8673f-f7e3-4270-93dc-e97b745fced7')",Ag,7.316666087025726e-13,7.316666087025726e-13,1.0,1.5701960660375504e-13,1.5701960660375504e-13,dissipation
Silver I,"('ecoinvent-3.12-biosphere', '21c257b2-57ce-4a6e-b4bd-40f0f75f310f')",Ag,7.316666087025726e-13,7.316666087025726e-13,1.0,1.5701960660375504e-13,1.5701960660375504e-13,dissipation
Silver I,"('ecoinvent-3.12-biosphere', '35df5fe0-c90d-43b4-a35a-3d97022114d2')",Ag,7.316666087025726e-13,7.316666087025726e-13,1.0,1.5701960660375504e-13,1.5701960660375504e-13,dissipation
Silver I,"('ecoinvent-3.12-biosphere', 'ebb88ef4-50ab-4e3b-9251-c5fcdf6b4768')",Ag,7.316666087025726e-13,7.316666087025726e-13,1.0,1.5701960660375504e-13,1.5701960660375504e-13,dissipation
Silver I,"('ecoinvent-3.12-biosphere', '71cfe87c-ab80-421e-adba-afb7d5bd0861')",Ag,7.316666087025726e-13,7.316666087025726e-13,1.0,1.5701960660375504e-13,1.5701960660375504e-13,dissipation
Tin ion,"('ecoinvent-3.12-biosphere', '3ddb2e36-bc1b-43a5-8ef4-cbcdbeeeea70')",Sn,5.898737229875462e-13,5.898737229875462e-13,1.0,1.3268575464212294e-13,1.3268575464212294e-13,dissipation
Tin ion,"('ecoinvent-3.12-biosphere', '2a992e5e-9f16-47b8-8bcb-733d00bed658')",Sn,5.898737229875462e-13,5.898737229875462e-13,1.0,1.3268575464212294e-13,1.3268575464212294e-13,dissipation
Tin ion,"('ecoinvent-3.12-biosphere', '60a6702f-20ad-444f-a6df-f6374f1e3183')",Sn,5.898737229875462e-13,5.898737229875462e-13,1.0,1.3268575464212294e-13,1.3268575464212294e-13,dissipation
Tin ion,"('ecoinvent-3.12-biosphere', '19b6e569-85a4-4ea9-a590-d61a21e3c846')",Sn,5.898737229875462e-13,5.898737229875462e-13,1.0,1.3268575464212294e-13,1.3268575464212294e-13,dissipation
Tin ion,"('ecoinvent-3.12-biosphere', '85a764f2-a810-4b20-bc86-a45604262fda')",Sn,5.898737229875462e-13,5.898737229875462e-13,1.0,1.3268575464212294e-13,1.3268575464212294e-13,dissipation
Tin ion,"('ecoinvent-3.12-biosphere', '2a7b68ff-f12a-44c6-8b31-71ec91d29889')",Sn,5.898737229875462e-13,5.898737229875462e-13,1.0,1.3268575464212294e-13,1.3268575464212294e-13,dissipation
Tin ion,"('ecoinvent-3.12-biosphere', 'e070bd24-fd16-4963-8f4d-78bb4c402400')",Sn,5.898737229875462e-13,5.898737229875462e-13,1.0,1.3268575464212294e-13,1.3268575464212294e-13,dissipation
Tin ion,"('ecoinvent-3.12-biosphere', '8a422b03-1055-4bc8-b439-27bf8d7eef57')",Sn,5.898737229875462e-13,5.898737229875462e-13,1.0,1.3268575464212294e-13,1.3268575464212294e-13,dissipation
Tin ion,"('ecoinvent-3.12-biosphere', 'f563b90e-a300-4403-b278-d2fdcd73e5a7')",Sn,5.898737229875462e-13,5.898737229875462e-13,1.0,1.3268575464212294e-13,1.3268575464212294e-13,dissipation
Tin ion,"('ecoinvent-3.12-biosphere', 'd5c40848-fc29-47fa-90a4-46db64a45a4e')",Sn,5.898737229875462e-13,5.898737229875462e-13,1.0,1.3268575464212294e-13,1.3268575464212294e-13,dissipation
Tin ion,"('ecoinvent-3.12-biosphere', 'f73177d8-5e57-4f0d-ba34-6889cfdfed40')",Sn,5.898737229875462e-13,5.898737229875462e-13,1.0,1.3268575464212294e-13,1.3268575464212294e-13,dissipation
Tin ion,"('ecoinvent-3.12-biosphere', '168c970b-91c9-4427-a3a0-6686ad6cc2c4')",Sn,5.898737229875462e-13,5.898737229875462e-13,1.0,1.3268575464212294e-13,1.3268575464212294e-13,dissipation
Tin ion,"('ecoinvent-3.12-biosphere', 'c67e3ba8-ddce-4931-b4b0-f4f9a56ccf40')",Sn,5.898737229875462e-13,5.898737229875462e-13,1.0,1.3268575464212294e-13,1.3268575464212294e-13,dissipation
Glyphosate,"('ecoinvent-3.12-biosphere', '463893cd-5766-56a4-8e79-16c9614d2763')",P,5.855594856063163e-13,5.855594856063163e-13,0.1832022239309162,3.1095584453067654e-15,3.1095584453067654e-15,dissipation
Glyphosate,"('ecoinvent-3.12-biosphere', 'bd02a7ec-dcb5-4609-bc96-cc7a96601ce2')",P,5.855594856063163e-13,5.855594856063163e-13,0.1832022239309162,3.1095584453067654e-15,3.1095584453067654e-15,dissipation
Glyphosate,"('ecoinvent-3.12-biosphere', '204e07e2-d513-55bd-939d-66b2939049e4')",P,5.855594856063163e-13,5.855594856063163e-13,0.1832022239309162,3.1095584453067654e-15,3.1095584453067654e-15,dissipation
Glyphosate,"('ecoinvent-3.12-biosphere', '17955b10-4c04-4fff-91e7-cf89ef1a7cca')",P,5.855594856063163e-13,5.855594856063163e-13,0.1832022239309162,3.1095584453067654e-15,3.1095584453067654e-15,dissipation
Glyphosate,"('ecoinvent-3.12-biosphere', 'd2d93101-7555-4c77-b4b8-ddac7f6eba50')",P,5.855594856063163e-13,5.855594856063163e-13,0.1832022239309162,3.1095584453067654e-15,3.1095584453067654e-15,dissipation
Glyphosate,"('ecoinvent-3.12-biosphere', 'e157e3dd-88b9-4256-ab2e-ff82e7b8d088')",P,5.855594856063163e-13,5.855594856063163e-13,0.1832022239309162,3.1095584453067654e-15,3.1095584453067654e-15,dissipation
Glyphosate,"('ecoinvent-3.12-biosphere', 'b4f9a201-2a20-4f41-a572-eabc98c75e1b')",P,5.855594856063163e-13,5.855594856063163e-13,0.1832022239309162,3.1095584453067654e-15,3.1095584453067654e-15,dissipation
Glyphosate,"('ecoinvent-3.12-biosphere', '3850d44e-8919-47bc-9c0a-51ccc4ec9d9f')",P,5.855594856063163e-13,5.855594856063163e-13,0.1832022239309162,3.1095584453067654e-15,3.1095584453067654e-15,dissipation
Glyphosate,"('ecoinvent-3.12-biosphere', '94007b78-83a2-5b31-a0d6-71c3c950182f')",P,5.855594856063163e-13,5.855594856063163e-13,0.1832022239309162,3.1095584453067654e-15,3.1095584453067654e-15,dissipation
Molybdenum VI,"('ecoinvent-3.12-biosphere', '640e30d2-3158-4a1a-82ef-fd0c72922c9a')",Mo,5.151551163851607e-13,5.151551163851607e-13,1.0,1.6532043483883647e-13,1.6532043483883647e-13,dissipation
Molybdenum VI,"('ecoinvent-3.12-biosphere', 'c26d4716-ce1e-43da-a662-cd9498b1e8bc')",Mo,5.151551163851607e-13,5.151551163851607e-13,1.0,1.6532043483883647e-13,1.6532043483883647e-13,dissipation
Molybdenum VI,"('ecoinvent-3.12-biosphere', '3822809c-cc03-469d-ac2a-9f85842f8440')",Mo,5.151551163851607e-13,5.151551163851607e-13,1.0,1.6532043483883647e-13,1.6532043483883647e-13,dissipation
Molybdenum VI,"('ecoinvent-3.12-biosphere', '7d3f7498-3596-478a-9fa1-72201ef94082')",Mo,5.151551163851607e-13,5.151551163851607e-13,1.0,1.6532043483883647e-13,1.6532043483883647e-13,dissipation
Molybdenum VI,"('ecoinvent-3.12-biosphere', '442511cc-a98b-4242-9229-5736cb9a9399')",Mo,5.151551163851607e-13,5.151551163851607e-13,1.0,1.6532043483883647e-13,1.6532043483883647e-13,dissipation
Molybdenum VI,"('ecoinvent-3.12-biosphere', 'c126f8a0-6bc4-42e6-9220-d6ccfef3f2ed')",Mo,5.151551163851607e-13,5.151551163851607e-13,1.0,1.6532043483883647e-13,1.6532043483883647e-13,dissipation
Molybdenum VI,"('ecoinvent-3.12-biosphere', '1f3c2297-d652-468d-82e8-4fd59bf5b5b8')",Mo,5.151551163851607e-13,5.151551163851607e-13,1.0,1.6532043483883647e-13,1.6532043483883647e-13,dissipation
Molybdenum VI,"('ecoinvent-3.12-biosphere', 'fdaaef05-0d10-4032-b2e7-85cae3c7bd5c')",Mo,5.151551163851607e-13,5.151551163851607e-13,1.0,1.6532043483883647e-13,1.6532043483883647e-13,dissipation
Molybdenum VI,"('ecoinvent-3.12-biosphere', '35b4d818-1019-413b-b99d-d351d8a67ac4')",Mo,5.151551163851607e-13,5.151551163851607e-13,1.0,1.6532043483883647e-13,1.6532043483883647e-13,dissipation
Molybdenum VI,"('ecoinvent-3.12-biosphere', '163926e2-b4cc-42bb-ba7d-401028140985')",Mo,5.151551163851607e-13,5.151551163851607e-13,1.0,1.6532043483883647e-13,1.6532043483883647e-13,dissipation
Molybdenum VI,"('ecoinvent-3.12-biosphere', '9cf3a683-ed3d-40e9-b039-7653e4fc9e20')",Mo,5.151551163851607e-13,5.151551163851607e-13,1.0,1.6532043483883647e-13,1.6532043483883647e-13,dissipation
Molybdenum VI,"('ecoinvent-3.12-biosphere', '8b531ec0-ca7a-49cd-bef0-56f110112f34')",Mo,5.151551163851607e-13,5.151551163851607e-13,1.0,1.6532043483883647e-13,1.6532043483883647e-13,dissipation
Molybdenum VI,"('ecoinvent-3.12-biosphere', '5fa36ce3-aed0-443b-a09d-4cdf25b41995')",Mo,5.151551163851607e-13,5.151551163851607e-13,1.0,1.6532043483883647e-13,1.6532043483883647e-13,dissipation
Silver I,"('ecoinvent-3.12-biosphere', 'af9793ba-25a1-4928-a14a-4bcf7d5bd3f7')",Ag,5.038222562503797e-13,5.038222562503797e-13,1.0,1.5701960660375504e-13,1.5701960660375504e-13,dissipation
Silver I,"('ecoinvent-3.12-biosphere', 'c6462d84-caa9-425a-a923-45238690c6f3')",Ag,5.038222562503797e-13,5.038222562503797e-13,1.0,1.5701960660375504e-13,1.5701960660375504e-13,dissipation
Silver I,"('ecoinvent-3.12-biosphere', '7da45a0b-0dcf-413c-8de0-44d8ebca9e6e')",Ag,5.038222562503797e-13,5.038222562503797e-13,1.0,1.5701960660375504e-13,1.5701960660375504e-13,dissipation
Silver I,"('ecoinvent-3.12-biosphere', '94426df9-63b1-4dc6-ad1b-3509e22f1154')",Ag,5.038222562503797e-13,5.038222562503797e-13,1.0,1.5701960660375504e-13,1.5701960660375504e-13,dissipation
Silver I,"('ecoinvent-3.12-biosphere', '0ed1b1a1-e56d-4860-bac7-d76a39bde930')",Ag,5.038222562503797e-13,5.038222562503797e-13,1.0,1.5701960660375504e-13,1.5701960660375504e-13,dissipation
Silver I,"('ecoinvent-3.12-biosphere', 'fce0b9ae-53c8-4ab0-9e7a-7f5c2ed2c856')",Ag,5.038222562503797e-13,5.038222562503797e-13,1.0,1.5701960660375504e-13,1.5701960660375504e-13,dissipation
Silver I,"('ecoinvent-3.12-biosphere', '16316600-f12a-410b-8726-3faee64de60a')",Ag,5.038222562503797e-13,5.038222562503797e-13,1.0,1.5701960660375504e-13,1.5701960660375504e-13,dissipation
Silver I,"('ecoinvent-3.12-biosphere', '48dbf4b1-0b2a-4bf5-a190-2d7fc465bda4')",Ag,5.038222562503797e-13,5.038222562503797e-13,1.0,1.5701960660375504e-13,1.5701960660375504e-13,dissipation
Silver I,"('ecoinvent-3.12-biosphere', '6aa8673f-f7e3-4270-93dc-e97b745fced7')",Ag,5.038222562503797e-13,5.038222562503797e-13,1.0,1.5701960660375504e-13,1.5701960660375504e-13,dissipation
Silver I,"('ecoinvent-3.12-biosphere', '21c257b2-57ce-4a6e-b4bd-40f0f75f310f')",Ag,5.038222562503797e-13,5.038222562503797e-13,1.0,1.5701960660375504e-13,1.5701960660375504e-13,dissipation
Silver I,"('ecoinvent-3.12-biosphere', '35df5fe0-c90d-43b4-a35a-3d97022114d2')",Ag,5.038222562503797e-13,5.038222562503797e-13,1.0,1.5701960660375504e-13,1.5701960660375504e-13,dissipation
Silver I,"('ecoinvent-3.12-biosphere', 'ebb88ef4-50ab-4e3b-9251-c5fcdf6b4768')",Ag,5.038222562503797e-13,5.038222562503797e-13,1.0,1.5701960660375504e-13,1.5701960660375504e-13,dissipation
Silver I,"('ecoinvent-3.12-biosphere', '71cfe87c-ab80-421e-adba-afb7d5bd0861')",Ag,5.038222562503797e-13,5.038222562503797e-13,1.0,1.5701960660375504e-13,1.5701960660375504e-13,dissipation
Molybdenum VI,"('ecoinvent-3.12-biosphere', '640e30d2-3158-4a1a-82ef-fd0c72922c9a')",Mo,4.904186977762109e-13,4.904186977762109e-13,1.0,1.6532043483883647e-13,1.6532043483883647e-13,dissipation
Molybdenum VI,"('ecoinvent-3.12-biosphere', 'c26d4716-ce1e-43da-a662-cd9498b1e8bc')",Mo,4.904186977762109e-13,4.904186977762109e-13,1.0,1.6532043483883647e-13,1.6532043483883647e-13,dissipation
Molybdenum VI,"('ecoinvent-3.12-biosphere', '3822809c-cc03-469d-ac2a-9f85842f8440')",Mo,4.904186977762109e-13,4.904186977762109e-13,1.0,1.6532043483883647e-13,1.6532043483883647e-13,dissipation
Molybdenum VI,"('ecoinvent-3.12-biosphere', '7d3f7498-3596-478a-9fa1-72201ef94082')",Mo,4.904186977762109e-13,4.904186977762109e-13,1.0,1.6532043483883647e-13,1.6532043483883647e-13,dissipation
Molybdenum VI,"('ecoinvent-3.12-biosphere', '442511cc-a98b-4242-9229-5736cb9a9399')",Mo,4.904186977762109e-13,4.904186977762109e-13,1.0,1.6532043483883647e-13,1.6532043483883647e-13,dissipation
Molybdenum VI,"('ecoinvent-3.12-biosphere', 'c126f8a0-6bc4-42e6-9220-d6ccfef3f2ed')",Mo,4.904186977762109e-13,4.904186977762109e-13,1.0,1.6532043483883647e-13,1.6532043483883647e-13,dissipation
Molybdenum VI,"('ecoinvent-3.12-biosphere', '1f3c2297-d652-468d-82e8-4fd59bf5b5b8')",Mo,4.904186977762109e-13,4.904186977762109e-13,1.0,1.6532043483883647e-13,1.6532043483883647e-13,dissipation
Molybdenum VI,"('ecoinvent-3.12-biosphere', 'fdaaef05-0d10-4032-b2e7-85cae3c7bd5c')",Mo,4.904186977762109e-13,4.904186977762109e-13,1.0,1.6532043483883647e-13,1.6532043483883647e-13,dissipation
Molybdenum VI,"('ecoinvent-3.12-biosphere', '35b4d818-1019-413b-b99d-d351d8a67ac4')",Mo,4.904186977762109e-13,4.904186977762109e-13,1.0,1.6532043483883647e-13,1.6532043483883647e-13,dissipation
Molybdenum VI,"('ecoinvent-3.12-biosphere', '163926e2-b4cc-42bb-ba7d-401028140985')",Mo,4.904186977762109e-13,4.904186977762109e-13,1.0,1.6532043483883647e-13,1.6532043483883647e-13,dissipation
Molybdenum VI,"('ecoinvent-3.12-biosphere', '9cf3a683-ed3d-40e9-b039-7653e4fc9e20')",Mo,4.904186977762109e-13,4.904186977762109e-13,1.0,1.6532043483883647e-13,1.6532043483883647e-13,dissipation
Molybdenum VI,"('ecoinvent-3.12-biosphere', '8b531ec0-ca7a-49cd-bef0-56f110112f34')",Mo,4.904186977762109e-13,4.904186977762109e-13,1.0,1.6532043483883647e-13,1.6532043483883647e-13,dissipation
Molybdenum VI,"('ecoinvent-3.12-biosphere', '5fa36ce3-aed0-443b-a09d-4cdf25b41995')",Mo,4.904186977762109e-13,4.904186977762109e-13,1.0,1.6532043483883647e-13,1.6532043483883647e-13,dissipation
Silver I,"('ecoinvent-3.12-biosphere', 'af9793ba-25a1-4928-a14a-4bcf7d5bd3f7')",Ag,4.742867447563176e-13,4.742867447563176e-13,1.0,1.5701960660375504e-13,1.5701960660375504e-13,dissipation
Silver I,"('ecoinvent-3.12-biosphere', 'c6462d84-caa9-425a-a923-45238690c6f3')",Ag,4.742867447563176e-13,4.742867447563176e-13,1.0,1.5701960660375504e-13,1.5701960660375504e-13,dissipation
Silver I,"('ecoinvent-3.12-biosphere', '7da45a0b-0dcf-413c-8de0-44d8ebca9e6e')",Ag,4.742867447563176e-13,4.742867447563176e-13,1.0,1.5701960660375504e-13,1.5701960660375504e-13,dissipation
Silver I,"('ecoinvent-3.12-biosphere', '94426df9-63b1-4dc6-ad1b-3509e22f1154')",Ag,4.742867447563176e-13,4.742867447563176e-13,1.0,1.5701960660375504e-13,1.5701960660375504e-13,dissipation
Silver I,"('ecoinvent-3.12-biosphere', '0ed1b1a1-e56d-4860-bac7-d76a39bde930')",Ag,4.742867447563176e-13,4.742867447563176e-13,1.0,1.5701960660375504e-13,1.5701960660375504e-13,dissipation
Silver I,"('ecoinvent-3.12-biosphere', 'fce0b9ae-53c8-4ab0-9e7a-7f5c2ed2c856')",Ag,4.742867447563176e-13,4.742867447563176e-13,1.0,1.5701960660375504e-13,1.5701960660375504e-13,dissipation
Silver I,"('ecoinvent-3.12-biosphere', '16316600-f12a-410b-8726-3faee64de60a')",Ag,4.742867447563176e-13,4.742867447563176e-13,1.0,1.5701960660375504e-13,1.5701960660375504e-13,dissipation
Silver I,"('ecoinvent-3.12-biosphere', '48dbf4b1-0b2a-4bf5-a190-2d7fc465bda4')",Ag,4.742867447563176e-13,4.742867447563176e-13,1.0,1.5701960660375504e-13,1.5701960660375504e-13,dissipation
Silver I,"('ecoinvent-3.12-biosphere', '6aa8673f-f7e3-4270-93dc-e97b745fced7')",Ag,4.742867447563176e-13,4.742867447563176e-13,1.0,1.5701960660375504e-13,1.5701960660375504e-13,dissipation
Silver I,"('ecoinvent-3.12-biosphere', '21c257b2-57ce-4a6e-b4bd-40f0f75f310f')",Ag,4.742867447563176e-13,4.742867447563176e-13,1.0,1.5701960660375504e-13,1.5701960660375504e-13,dissipation
Silver I,"('ecoinvent-3.12-biosphere', '35df5fe0-c90d-43b4-a35a-3d97022114d2')",Ag,4.742867447563176e-13,4.742867447563176e-13,1.0,1.5701960660375504e-13,1.5701960660375504e-13,dissipation
Silver I,"('ecoinvent-3.12-biosphere', 'ebb88ef4-50ab-4e3b-9251-c5fcdf6b4768')",Ag,4.742867447563176e-13,4.742867447563176e-13,1.0,1.5701960660375504e-13,1.5701960660375504e-13,dissipation
Silver I,"('ecoinvent-3.12-biosphere', '71cfe87c-ab80-421e-adba-afb7d5bd0861')",Ag,4.742867447563176e-13,4.742867447563176e-13,1.0,1.5701960660375504e-13,1.5701960660375504e-13,dissipation
Molybdenum VI,"('ecoinvent-3.12-biosphere', '640e30d2-3158-4a1a-82ef-fd0c72922c9a')",Mo,4.3695544566173903e-13,4.3695544566173903e-13,1.0,1.6532043483883647e-13,1.6532043483883647e-13,dissipation
Molybdenum VI,"('ecoinvent-3.12-biosphere', 'c26d4716-ce1e-43da-a662-cd9498b1e8bc')",Mo,4.3695544566173903e-13,4.3695544566173903e-13,1.0,1.6532043483883647e-13,1.6532043483883647e-13,dissipation
Molybdenum VI,"('ecoinvent-3.12-biosphere', '3822809c-cc03-469d-ac2a-9f85842f8440')",Mo,4.3695544566173903e-13,4.3695544566173903e-13,1.0,1.6532043483883647e-13,1.6532043483883647e-13,dissipation
Molybdenum VI,"('ecoinvent-3.12-biosphere', '7d3f7498-3596-478a-9fa1-72201ef94082')",Mo,4.3695544566173903e-13,4.3695544566173903e-13,1.0,1.6532043483883647e-13,1.6532043483883647e-13,dissipation
Molybdenum VI,"('ecoinvent-3.12-biosphere', '442511cc-a98b-4242-9229-5736cb9a9399')",Mo,4.3695544566173903e-13,4.3695544566173903e-13,1.0,1.6532043483883647e-13,1.6532043483883647e-13,dissipation
Molybdenum VI,"('ecoinvent-3.12-biosphere', 'c126f8a0-6bc4-42e6-9220-d6ccfef3f2ed')",Mo,4.3695544566173903e-13,4.3695544566173903e-13,1.0,1.6532043483883647e-13,1.6532043483883647e-13,dissipation
Molybdenum VI,"('ecoinvent-3.12-biosphere', '1f3c2297-d652-468d-82e8-4fd59bf5b5b8')",Mo,4.3695544566173903e-13,4.3695544566173903e-13,1.0,1.6532043483883647e-13,1.6532043483883647e-13,dissipation
Molybdenum VI,"('ecoinvent-3.12-biosphere', 'fdaaef05-0d10-4032-b2e7-85cae3c7bd5c')",Mo,4.3695544566173903e-13,4.3695544566173903e-13,1.0,1.6532043483883647e-13,1.6532043483883647e-13,dissipation
Molybdenum VI,"('ecoinvent-3.12-biosphere', '35b4d818-1019-413b-b99d-d351d8a67ac4')",Mo,4.3695544566173903e-13,4.3695544566173903e-13,1.0,1.6532043483883647e-13,1.6532043483883647e-13,dissipation
Molybdenum VI,"('ecoinvent-3.12-biosphere', '163926e2-b4cc-42bb-ba7d-401028140985')",Mo,4.3695544566173903e-13,4.3695544566173903e-13,1.0,1.6532043483883647e-13,1.6532043483883647e-13,dissipation
Molybdenum VI,"('ecoinvent-3.12-biosphere', '9cf3a683-ed3d-40e9-b039-7653e4fc9e20')",Mo,4.3695544566173903e-13,4.3695544566173903e-13,1.0,1.6532043483883647e-13,1.6532043483883647e-13,dissipation
Molybdenum VI,"('ecoinvent-3.12-biosphere', '8b531ec0-ca7a-49cd-bef0-56f110112f34')",Mo,4.3695544566173903e-13,4.3695544566173903e-13,1.0,1.6532043483883647e-13,1.6532043483883647e-13,dissipation
Molybdenum VI,"('ecoinvent-3.12-biosphere', '5fa36ce3-aed0-443b-a09d-4cdf25b41995')",Mo,4.3695544566173903e-13,4.3695544566173903e-13,1.0,1.6532043483883647e-13,1.6532043483883647e-13,dissipation
Tin ion,"('ecoinvent-3.12-biosphere', '3ddb2e36-bc1b-43a5-8ef4-cbcdbeeeea70')",Sn,4.139647203058084e-13,4.139647203058084e-13,1.0,1.3268575464212294e-13,1.3268575464212294e-13,dissipation
Tin ion,"('ecoinvent-3.12-biosphere', '2a992e5e-9f16-47b8-8bcb-733d00bed658')",Sn,4.139647203058084e-13,4.139647203058084e-13,1.0,1.3268575464212294e-13,1.3268575464212294e-13,dissipation
Tin ion,"('ecoinvent-3.12-biosphere', '60a6702f-20ad-444f-a6df-f6374f1e3183')",Sn,4.139647203058084e-13,4.139647203058084e-13,1.0,1.3268575464212294e-13,1.3268575464212294e-13,dissipation
Tin ion,"('ecoinvent-3.12-biosphere', '19b6e569-85a4-4ea9-a590-d61a21e3c846')",Sn,4.139647203058084e-13,4.139647203058084e-13,1.0,1.3268575464212294e-13,1.3268575464212294e-13,dissipation
Tin ion,"('ecoinvent-3.12-biosphere', '85a764f2-a810-4b20-bc86-a45604262fda')",Sn,4.139647203058084e-13,4.139647203058084e-13,1.0,1.3268575464212294e-13,1.3268575464212294e-13,dissipation
Tin ion,"('ecoinvent-3.12-biosphere', '2a7b68ff-f12a-44c6-8b31-71ec91d29889')",Sn,4.139647203058084e-13,4.139647203058084e-13,1.0,1.3268575464212294e-13,1.3268575464212294e-13,dissipation
Tin ion,"('ecoinvent-3.12-biosphere', 'e070bd24-fd16-4963-8f4d-78bb4c402400')",Sn,4.139647203058084e-13,4.139647203058084e-13,1.0,1.3268575464212294e-13,1.3268575464212294e-13,dissipation
Tin ion,"('ecoinvent-3.12-biosphere', '8a422b03-1055-4bc8-b439-27bf8d7eef57')",Sn,4.139647203058084e-13,4.139647203058084e-13,1.0,1.3268575464212294e-13,1.3268575464212294e-13,dissipation
Tin ion,"('ecoinvent-3.12-biosphere', 'f563b90e-a300-4403-b278-d2fdcd73e5a7')",Sn,4.139647203058084e-13,4.139647203058084e-13,1.0,1.3268575464212294e-13,1.3268575464212294e-13,dissipation
Tin ion,"('ecoinvent-3.12-biosphere', 'd5c40848-fc29-47fa-90a4-46db64a45a4e')",Sn,4.139647203058084e-13,4.139647203058084e-13,1.0,1.3268575464212294e-13,1.3268575464212294e-13,dissipation
Tin ion,"('ecoinvent-3.12-biosphere', 'f73177d8-5e57-4f0d-ba34-6889cfdfed40')",Sn,4.139647203058084e-13,4.139647203058084e-13,1.0,1.3268575464212294e-13,1.3268575464212294e-13,dissipation
Tin ion,"('ecoinvent-3.12-biosphere', '168c970b-91c9-4427-a3a0-6686ad6cc2c4')",Sn,4.139647203058084e-13,4.139647203058084e-13,1.0,1.3268575464212294e-13,1.3268575464212294e-13,dissipation
Tin ion,"('ecoinvent-3.12-biosphere', 'c67e3ba8-ddce-4931-b4b0-f4f9a56ccf40')",Sn,4.139647203058084e-13,4.139647203058084e-13,1.0,1.3268575464212294e-13,1.3268575464212294e-13,dissipation
Chromium VI,"('ecoinvent-3.12-biosphere', 'ef475b50-9cd0-4e7c-9c59-07868fe16e91')",Cr,3.490831634765529e-13,3.490831634765529e-13,1.0,3.1278613038877847e-13,3.1278613038877847e-13,dissipation
Chromium VI,"('ecoinvent-3.12-biosphere', 'c2e854f9-fe22-4fe7-9083-cf6d0a8c7254')",Cr,3.490831634765529e-13,3.490831634765529e-13,1.0,3.1278613038877847e-13,3.1278613038877847e-13,dissipation
Chromium VI,"('ecoinvent-3.12-biosphere', '01285299-c683-4e15-b654-201987a7a738')",Cr,3.490831634765529e-13,3.490831634765529e-13,1.0,3.1278613038877847e-13,3.1278613038877847e-13,dissipation
Chromium VI,"('ecoinvent-3.12-biosphere', '68ba2022-830e-45fb-8c85-b35e94754ae9')",Cr,3.490831634765529e-13,3.490831634765529e-13,1.0,3.1278613038877847e-13,3.1278613038877847e-13,dissipation
Chromium VI,"('ecoinvent-3.12-biosphere', '81e17d9a-3e0b-414e-9b2e-eca7e5b3bd4a')",Cr,3.490831634765529e-13,3.490831634765529e-13,1.0,3.1278613038877847e-13,3.1278613038877847e-13,dissipation
Chromium VI,"('ecoinvent-3.12-biosphere', '8ec83662-7c2b-4452-8acf-95a0bb94233c')",Cr,3.490831634765529e-13,3.490831634765529e-13,1.0,3.1278613038877847e-13,3.1278613038877847e-13,dissipation
Chromium VI,"('ecoinvent-3.12-biosphere', '8216fc31-15a1-4d33-858f-e09650b14c63')",Cr,3.490831634765529e-13,3.490831634765529e-13,1.0,3.1278613038877847e-13,3.1278613038877847e-13,dissipation
Chromium VI,"('ecoinvent-3.12-biosphere', '81b3321a-c9d8-4104-a974-5460f1bc5029')",Cr,3.490831634765529e-13,3.490831634765529e-13,1.0,3.1278613038877847e-13,3.1278613038877847e-13,dissipation
Chromium VI,"('ecoinvent-3.12-biosphere', '03b279a7-4626-4703-a451-d0650599dbd9')",Cr,3.490831634765529e-13,3.490831634765529e-13,1.0,3.1278613038877847e-13,3.1278613038877847e-13,dissipation
Chromium VI,"('ecoinvent-3.12-biosphere', 'a9ec0c9b-982a-4329-99ae-dab1f9fb62d3')",Cr,3.490831634765529e-13,3.490831634765529e-13,1.0,3.1278613038877847e-13,3.1278613038877847e-13,dissipation
Chromium VI,"('ecoinvent-3.12-biosphere', '58060894-19d9-4855-84d8-58935a5325f8')",Cr,3.490831634765529e-13,3.490831634765529e-13,1.0,3.1278613038877847e-13,3.1278613038877847e-13,dissipation
Chromium VI,"('ecoinvent-3.12-biosphere', '7a59e8d5-cd11-4ee7-b1ca-30979d2b0b3a')",Cr,3.490831634765529e-13,3.490831634765529e-13,1.0,3.1278613038877847e-13,3.1278613038877847e-13,dissipation
Chromium VI,"('ecoinvent-3.12-biosphere', '9bbae55a-35de-4eff-a219-814a9fec5ac2')",Cr,3.490831634765529e-13,3.490831634765529e-13,1.0,3.1278613038877847e-13,3.1278613038877847e-13,dissipation
Glyphosate,"('ecoinvent-3.12-biosphere', '463893cd-5766-56a4-8e79-16c9614d2763')",P,3.1749697262844075e-13,3.1749697262844075e-13,0.1832022239309162,3.1095584453067654e-15,3.1095584453067654e-15,dissipation
Glyphosate,"('ecoinvent-3.12-biosphere', 'bd02a7ec-dcb5-4609-bc96-cc7a96601ce2')",P,3.1749697262844075e-13,3.1749697262844075e-13,0.1832022239309162,3.1095584453067654e-15,3.1095584453067654e-15,dissipation
Glyphosate,"('ecoinvent-3.12-biosphere', '204e07e2-d513-55bd-939d-66b2939049e4')",P,3.1749697262844075e-13,3.1749697262844075e-13,0.1832022239309162,3.1095584453067654e-15,3.1095584453067654e-15,dissipation
Glyphosate,"('ecoinvent-3.12-biosphere', '17955b10-4c04-4fff-91e7-cf89ef1a7cca')",P,3.1749697262844075e-13,3.1749697262844075e-13,0.1832022239309162,3.1095584453067654e-15,3.1095584453067654e-15,dissipation
Glyphosate,"('ecoinvent-3.12-biosphere', 'd2d93101-7555-4c77-b4b8-ddac7f6eba50')",P,3.1749697262844075e-13,3.1749697262844075e-13,0.1832022239309162,3.1095584453067654e-15,3.1095584453067654e-15,dissipation
Glyphosate,"('ecoinvent-3.12-biosphere', 'e157e3dd-88b9-4256-ab2e-ff82e7b8d088')",P,3.1749697262844075e-13,3.1749697262844075e-13,0.1832022239309162,3.1095584453067654e-15,3.1095584453067654e-15,dissipation
Glyphosate,"('ecoinvent-3.12-biosphere', 'b4f9a201-2a20-4f41-a572-eabc98c75e1b')",P,3.1749697262844075e-13,3.1749697262844075e-13,0.1832022239309162,3.1095584453067654e-15,3.1095584453067654e-15,dissipation
Glyphosate,"('ecoinvent-3.12-biosphere', '3850d44e-8919-47bc-9c0a-51ccc4ec9d9f')",P,3.1749697262844075e-13,3.1749697262844075e-13,0.1832022239309162,3.1095584453067654e-15,3.1095584453067654e-15,dissipation
Glyphosate,"('ecoinvent-3.12-biosphere', '94007b78-83a2-5b31-a0d6-71c3c950182f')",P,3.1749697262844075e-13,3.1749697262844075e-13,0.1832022239309162,3.1095584453067654e-15,3.1095584453067654e-15,dissipation
Mancozeb,"('ecoinvent-3.12-biosphere', 'e5341dca-5831-5bf1-8d1b-e7bef2b17d9b')",Mn,2.7541512966183414e-13,9.215435363069418e-14,0.10153021622620588,6.584242677286185e-15,1.9677855459297162e-14,dissipation
Mancozeb,"('ecoinvent-3.12-biosphere', 'e5341dca-5831-5bf1-8d1b-e7bef2b17d9b')",Zn,2.7541512966183414e-13,1.8326077603114e-13,0.12082794307891331,1.3093612782010977e-14,1.9677855459297162e-14,dissipation
Mancozeb,"('ecoinvent-3.12-biosphere', 'c34b7d39-1ab2-512f-8c5d-c5c8aa5eff2d')",Mn,2.7541512966183414e-13,9.215435363069418e-14,0.10153021622620588,6.584242677286185e-15,1.9677855459297162e-14,dissipation
Mancozeb,"('ecoinvent-3.12-biosphere', 'c34b7d39-1ab2-512f-8c5d-c5c8aa5eff2d')",Zn,2.7541512966183414e-13,1.8326077603114e-13,0.12082794307891331,1.3093612782010977e-14,1.9677855459297162e-14,dissipation
Mancozeb,"('ecoinvent-3.12-biosphere', '193eb6c2-57b1-5b5f-91a4-2986768b33c0')",Mn,2.7541512966183414e-13,9.215435363069418e-14,0.10153021622620588,6.584242677286185e-15,1.9677855459297162e-14,dissipation
Mancozeb,"('ecoinvent-3.12-biosphere', '193eb6c2-57b1-5b5f-91a4-2986768b33c0')",Zn,2.7541512966183414e-13,1.8326077603114e-13,0.12082794307891331,1.3093612782010977e-14,1.9677855459297162e-14,dissipation
Mancozeb,"('ecoinvent-3.12-biosphere', '4f6390e3-bca5-4d3b-aead-7d63f2534440')",Mn,2.7541512966183414e-13,9.215435363069418e-14,0.10153021622620588,6.584242677286185e-15,1.9677855459297162e-14,dissipation
Mancozeb,"('ecoinvent-3.12-biosphere', '4f6390e3-bca5-4d3b-aead-7d63f2534440')",Zn,2.7541512966183414e-13,1.8326077603114e-13,0.12082794307891331,1.3093612782010977e-14,1.9677855459297162e-14,dissipation
Mancozeb,"('ecoinvent-3.12-biosphere', '61c6920c-89ff-5928-9bea-012bd1fc5bec')",Mn,2.7541512966183414e-13,9.215435363069418e-14,0.10153021622620588,6.584242677286185e-15,1.9677855459297162e-14,dissipation
Mancozeb,"('ecoinvent-3.12-biosphere', '61c6920c-89ff-5928-9bea-012bd1fc5bec')",Zn,2.7541512966183414e-13,1.8326077603114e-13,0.12082794307891331,1.3093612782010977e-14,1.9677855459297162e-14,dissipation
Mancozeb,"('ecoinvent-3.12-biosphere', '08c34081-cb18-5b76-b5f5-4177434e7bc0')",Mn,2.7541512966183414e-13,9.215435363069418e-14,0.10153021622620588,6.584242677286185e-15,1.9677855459297162e-14,dissipation
Mancozeb,"('ecoinvent-3.12-biosphere', '08c34081-cb18-5b76-b5f5-4177434e7bc0')",Zn,2.7541512966183414e-13,1.8326077603114e-13,0.12082794307891331,1.3093612782010977e-14,1.9677855459297162e-14,dissipation
Mancozeb,"('ecoinvent-3.12-biosphere', 'c7d666fc-9018-5e44-9c68-8112aee4f20e')",Mn,2.7541512966183414e-13,9.215435363069418e-14,0.10153021622620588,6.584242677286185e-15,1.9677855459297162e-14,dissipation
Mancozeb,"('ecoinvent-3.12-biosphere', 'c7d666fc-9018-5e44-9c68-8112aee4f20e')",Zn,2.7541512966183414e-13,1.8326077603114e-13,0.12082794307891331,1.3093612782010977e-14,1.9677855459297162e-14,dissipation
Mancozeb,"('ecoinvent-3.12-biosphere', '04b5664e-7ad4-5b04-a859-ba1ae903d310')",Mn,2.7541512966183414e-13,9.215435363069418e-14,0.10153021622620588,6.584242677286185e-15,1.9677855459297162e-14,dissipation
Mancozeb,"('ecoinvent-3.12-biosphere', '04b5664e-7ad4-5b04-a859-ba1ae903d310')",Zn,2.7541512966183414e-13,1.8326077603114e-13,0.12082794307891331,1.3093612782010977e-14,1.9677855459297162e-14,dissipation
Phosphorus,"('ecoinvent-3.12-biosphere', 'b6e2f7f4-6b2e-4b3e-be1f-67626cb8205d')",P,2.413690081800904e-13,2.413690081800904e-13,1.0,1.6973366253890836e-14,1.6973366253890836e-14,dissipation
Phosphorus,"('ecoinvent-3.12-biosphere', 'd761f94e-517d-41cf-89fa-17dc72f7a69b')",P,2.413690081800904e-13,2.413690081800904e-13,1.0,1.6973366253890836e-14,1.6973366253890836e-14,dissipation
Phosphorus,"('ecoinvent-3.12-biosphere', '76b09afe-52b9-4ecc-b97a-00b49ad8ed1a')",P,2.413690081800904e-13,2.413690081800904e-13,1.0,1.6973366253890836e-14,1.6973366253890836e-14,dissipation
Phosphorus,"('ecoinvent-3.12-biosphere', '8b0a4a41-c65c-4d94-b10c-94ddb98abdd2')",P,2.413690081800904e-13,2.413690081800904e-13,1.0,1.6973366253890836e-14,1.6973366253890836e-14,dissipation
Phosphorus,"('ecoinvent-3.12-biosphere', '2d4b8ec1-8d53-4e62-8a11-ebc45909b02e')",P,2.413690081800904e-13,2.413690081800904e-13,1.0,1.6973366253890836e-14,1.6973366253890836e-14,dissipation
Phosphorus,"('ecoinvent-3.12-biosphere', 'b1fca66f-8e83-469a-a7b5-018e14d5d545')",P,2.413690081800904e-13,2.413690081800904e-13,1.0,1.6973366253890836e-14,1.6973366253890836e-14,dissipation
Phosphorus,"('ecoinvent-3.12-biosphere', 'c89a0749-40a5-4c9c-8770-c4295ea34977')",P,2.413690081800904e-13,2.413690081800904e-13,1.0,1.6973366253890836e-14,1.6973366253890836e-14,dissipation
Phosphorus,"('ecoinvent-3.12-biosphere', '62f3d964-9b53-4d01-9ee0-04112dcfc6d2')",P,2.413690081800904e-13,2.413690081800904e-13,1.0,1.6973366253890836e-14,1.6973366253890836e-14,dissipation
Phosphorus,"('ecoinvent-3.12-biosphere', 'b2631209-8374-431e-b7d5-56c96c6b6d79')",P,2.413690081800904e-13,2.413690081800904e-13,1.0,1.6973366253890836e-14,1.6973366253890836e-14,dissipation
Phosphorus,"('ecoinvent-3.12-biosphere', '198ce8e3-f05a-4bec-9f7f-325347453326')",P,2.413690081800904e-13,2.413690081800904e-13,1.0,1.6973366253890836e-14,1.6973366253890836e-14,dissipation
Phosphorus,"('ecoinvent-3.12-biosphere', 'ea4e9316-5080-4b3b-bbf3-1949f6d7577a')",P,2.413690081800904e-13,2.413690081800904e-13,1.0,1.6973366253890836e-14,1.6973366253890836e-14,dissipation
Phosphorus,"('ecoinvent-3.12-biosphere', 'e2d35af7-9806-46ff-9b75-b124a48fa5a1')",P,2.413690081800904e-13,2.413690081800904e-13,1.0,1.6973366253890836e-14,1.6973366253890836e-14,dissipation
Phosphorus,"('ecoinvent-3.12-biosphere', '2f8952b0-c90c-4e3d-b546-52b862fc8f11')",P,2.413690081800904e-13,2.413690081800904e-13,1.0,1.6973366253890836e-14,1.6973366253890836e-14,dissipation
Silver I,"('ecoinvent-3.12-biosphere', 'af9793ba-25a1-4928-a14a-4bcf7d5bd3f7')",Ag,2.1919186580550686e-13,2.1919186580550686e-13,1.0,1.5701960660375504e-13,1.5701960660375504e-13,dissipation
Silver I,"('ecoinvent-3.12-biosphere', 'c6462d84-caa9-425a-a923-45238690c6f3')",Ag,2.1919186580550686e-13,2.1919186580550686e-13,1.0,1.5701960660375504e-13,1.5701960660375504e-13,dissipation
Silver I,"('ecoinvent-3.12-biosphere', '7da45a0b-0dcf-413c-8de0-44d8ebca9e6e')",Ag,2.1919186580550686e-13,2.1919186580550686e-13,1.0,1.5701960660375504e-13,1.5701960660375504e-13,dissipation
Silver I,"('ecoinvent-3.12-biosphere', '94426df9-63b1-4dc6-ad1b-3509e22f1154')",Ag,2.1919186580550686e-13,2.1919186580550686e-13,1.0,1.5701960660375504e-13,1.5701960660375504e-13,dissipation
Silver I,"('ecoinvent-3.12-biosphere', '0ed1b1a1-e56d-4860-bac7-d76a39bde930')",Ag,2.1919186580550686e-13,2.1919186580550686e-13,1.0,1.5701960660375504e-13,1.5701960660375504e-13,dissipation
Silver I,"('ecoinvent-3.12-biosphere', 'fce0b9ae-53c8-4ab0-9e7a-7f5c2ed2c856')",Ag,2.1919186580550686e-13,2.1919186580550686e-13,1.0,1.5701960660375504e-13,1.5701960660375504e-13,dissipation
Silver I,"('ecoinvent-3.12-biosphere', '16316600-f12a-410b-8726-3faee64de60a')",Ag,2.1919186580550686e-13,2.1919186580550686e-13,1.0,1.5701960660375504e-13,1.5701960660375504e-13,dissipation
Silver I,"('ecoinvent-3.12-biosphere', '48dbf4b1-0b2a-4bf5-a190-2d7fc465bda4')",Ag,2.1919186580550686e-13,2.1919186580550686e-13,1.0,1.5701960660375504e-13,1.5701960660375504e-13,dissipation
Silver I,"('ecoinvent-3.12-biosphere', '6aa8673f-f7e3-4270-93dc-e97b745fced7')",Ag,2.1919186580550686e-13,2.1919186580550686e-13,1.0,1.5701960660375504e-13,1.5701960660375504e-13,dissipation
Silver I,"('ecoinvent-3.12-biosphere', '21c257b2-57ce-4a6e-b4bd-40f0f75f310f')",Ag,2.1919186580550686e-13,2.1919186580550686e-13,1.0,1.5701960660375504e-13,1.5701960660375504e-13,dissipation
Silver I,"('ecoinvent-3.12-biosphere', '35df5fe0-c90d-43b4-a35a-3d97022114d2')",Ag,2.1919186580550686e-13,2.1919186580550686e-13,1.0,1.5701960660375504e-13,1.5701960660375504e-13,dissipation
Silver I,"('ecoinvent-3.12-biosphere', 'ebb88ef4-50ab-4e3b-9251-c5fcdf6b4768')",Ag,2.1919186580550686e-13,2.1919186580550686e-13,1.0,1.5701960660375504e-13,1.5701960660375504e-13,dissipation
Silver I,"('ecoinvent-3.12-biosphere', '71cfe87c-ab80-421e-adba-afb7d5bd0861')",Ag,2.1919186580550686e-13,2.1919186580550686e-13,1.0,1.5701960660375504e-13,1.5701960660375504e-13,dissipation
Lithium carbonate,"('ecoinvent-3.12-biosphere', '153a660d-e8e6-4772-8930-ab0b29373b5c')",Li,-2.1882224318849512e-13,-2.1882224318849512e-13,0.1878484438430311,2.852466321310869e-14,2.852466321310869e-14,dissipation
Lithium carbonate,"('ecoinvent-3.12-biosphere', 'b905c8b8-a681-4c0b-8f38-baa5999e2da6')",Li,-2.1882224318849512e-13,-2.1882224318849512e-13,0.1878484438430311,2.852466321310869e-14,2.852466321310869e-14,dissipation
Lithium carbonate,"('ecoinvent-3.12-biosphere', '800ec8a5-e0f2-4f47-8c43-dd93962cc0da')",Li,-2.1882224318849512e-13,-2.1882224318849512e-13,0.1878484438430311,2.852466321310869e-14,2.852466321310869e-14,dissipation
Lithium carbonate,"('ecoinvent-3.12-biosphere', '5d631176-844b-4533-9282-92d5561e5518')",Li,-2.1882224318849512e-13,-2.1882224318849512e-13,0.1878484438430311,2.852466321310869e-14,2.852466321310869e-14,dissipation
Lithium carbonate,"('ecoinvent-3.12-biosphere', '4f97ccad-d991-448d-9517-58b67529d8f6')",Li,-2.1882224318849512e-13,-2.1882224318849512e-13,0.1878484438430311,2.852466321310869e-14,2.852466321310869e-14,dissipation
Lithium I,"('ecoinvent-3.12-biosphere', 'eb2bfdf1-1881-40e8-bebb-d674b2a79149')",Li,-2.1667075830858055e-13,-2.1667075830858055e-13,1.0,1.5184934529957733e-13,1.5184934529957733e-13,dissipation
Lithium I,"('ecoinvent-3.12-biosphere', 'e98084d6-88a2-48cf-9ad5-6462fe9cf857')",Li,-2.1667075830858055e-13,-2.1667075830858055e-13,1.0,1.5184934529957733e-13,1.5184934529957733e-13,dissipation
Lithium I,"('ecoinvent-3.12-biosphere', '6230c099-a983-4d9d-98a8-a0697962bec3')",Li,-2.1667075830858055e-13,-2.1667075830858055e-13,1.0,1.5184934529957733e-13,1.5184934529957733e-13,dissipation
Lithium I,"('ecoinvent-3.12-biosphere', '85466e0f-e5b5-4084-9338-59e317f7cb09')",Li,-2.1667075830858055e-13,-2.1667075830858055e-13,1.0,1.5184934529957733e-13,1.5184934529957733e-13,dissipation
Lithium I,"('ecoinvent-3.12-biosphere', 'cf88e72e-13bc-416c-ac41-7d4b24bda86a')",Li,-2.1667075830858055e-13,-2.1667075830858055e-13,1.0,1.5184934529957733e-13,1.5184934529957733e-13,dissipation
Lithium I,"('ecoinvent-3.12-biosphere', '4569494e-085e-413a-8fef-63a3c419e0cf')",Li,-2.1667075830858055e-13,-2.1667075830858055e-13,1.0,1.5184934529957733e-13,1.5184934529957733e-13,dissipation
Lithium I,"('ecoinvent-3.12-biosphere', 'c44b0e3b-e65e-4276-aa1f-3db768757b66')",Li,-2.1667075830858055e-13,-2.1667075830858055e-13,1.0,1.5184934529957733e-13,1.5184934529957733e-13,dissipation
Uranium,"('ecoinvent-3.12-biosphere', '595f08d9-6304-497e-bb7d-48b6d2d8bff3')",U,2.0779482637872833e-13,2.0779482637872833e-13,1.0,9.154438878304105e-12,9.154438878304105e-12,dissipation
Uranium,"('ecoinvent-3.12-biosphere', '52317c31-7bdc-47de-9c23-ecf55127de75')",U,2.0779482637872833e-13,2.0779482637872833e-13,1.0,9.154438878304105e-12,9.154438878304105e-12,dissipation
Uranium,"('ecoinvent-3.12-biosphere', '2e518059-747c-4ff1-8da3-17134c547ac2')",U,2.0779482637872833e-13,2.0779482637872833e-13,1.0,9.154438878304105e-12,9.154438878304105e-12,dissipation
Uranium,"('ecoinvent-3.12-biosphere', '55fb6174-72e0-4a5e-9eb5-8d5780acffd1')",U,2.0779482637872833e-13,2.0779482637872833e-13,1.0,9.154438878304105e-12,9.154438878304105e-12,dissipation
Acephate,"('ecoinvent-3.12-biosphere', '383570f4-fd89-5fcf-958d-d2aedb4bbd0e')",P,1.957542736879216e-13,1.957542736879216e-13,0.1690997434077633,2.870191878298929e-15,2.870191878298929e-15,dissipation
Acephate,"('ecoinvent-3.12-biosphere', '8212cc9e-1f4f-57f0-bc36-ebaf9e4a113f')",P,1.957542736879216e-13,1.957542736879216e-13,0.1690997434077633,2.870191878298929e-15,2.870191878298929e-15,dissipation
Acephate,"('ecoinvent-3.12-biosphere', 'a010fe9e-2fd0-5b3f-b191-dd22b8030a3a')",P,1.957542736879216e-13,1.957542736879216e-13,0.1690997434077633,2.870191878298929e-15,2.870191878298929e-15,dissipation
Acephate,"('ecoinvent-3.12-biosphere', 'e2afdc42-58a6-58c0-9fd8-9e6a824042f3')",P,1.957542736879216e-13,1.957542736879216e-13,0.1690997434077633,2.870191878298929e-15,2.870191878298929e-15,dissipation
Acephate,"('ecoinvent-3.12-biosphere', '1b10a3a6-1168-5609-8d98-ed3252861869')",P,1.957542736879216e-13,1.957542736879216e-13,0.1690997434077633,2.870191878298929e-15,2.870191878298929e-15,dissipation
Acephate,"('ecoinvent-3.12-biosphere', '4cd91b0e-2131-571b-8a8a-3e3ce4d3101f')",P,1.957542736879216e-13,1.957542736879216e-13,0.1690997434077633,2.870191878298929e-15,2.870191878298929e-15,dissipation
Acephate,"('ecoinvent-3.12-biosphere', '73a06727-fec3-4d8d-8de5-ef1a0cc2c280')",P,1.957542736879216e-13,1.957542736879216e-13,0.1690997434077633,2.870191878298929e-15,2.870191878298929e-15,dissipation
Acephate,"('ecoinvent-3.12-biosphere', 'cdcdbfc9-3d5f-4e78-8033-8dbecbb2cfec')",P,1.957542736879216e-13,1.957542736879216e-13,0.1690997434077633,2.870191878298929e-15,2.870191878298929e-15,dissipation
Phosphorus,"('ecoinvent-3.12-biosphere', 'b6e2f7f4-6b2e-4b3e-be1f-67626cb8205d')",P,1.7902412485543048e-13,1.7902412485543048e-13,1.0,1.6973366253890836e-14,1.6973366253890836e-14,dissipation
Phosphorus,"('ecoinvent-3.12-biosphere', 'd761f94e-517d-41cf-89fa-17dc72f7a69b')",P,1.7902412485543048e-13,1.7902412485543048e-13,1.0,1.6973366253890836e-14,1.6973366253890836e-14,dissipation
Phosphorus,"('ecoinvent-3.12-biosphere', '76b09afe-52b9-4ecc-b97a-00b49ad8ed1a')",P,1.7902412485543048e-13,1.7902412485543048e-13,1.0,1.6973366253890836e-14,1.6973366253890836e-14,dissipation
Phosphorus,"('ecoinvent-3.12-biosphere', '8b0a4a41-c65c-4d94-b10c-94ddb98abdd2')",P,1.7902412485543048e-13,1.7902412485543048e-13,1.0,1.6973366253890836e-14,1.6973366253890836e-14,dissipation
Phosphorus,"('ecoinvent-3.12-biosphere', '2d4b8ec1-8d53-4e62-8a11-ebc45909b02e')",P,1.7902412485543048e-13,1.7902412485543048e-13,1.0,1.6973366253890836e-14,1.6973366253890836e-14,dissipation
Phosphorus,"('ecoinvent-3.12-biosphere', 'b1fca66f-8e83-469a-a7b5-018e14d5d545')",P,1.7902412485543048e-13,1.7902412485543048e-13,1.0,1.6973366253890836e-14,1.6973366253890836e-14,dissipation
Phosphorus,"('ecoinvent-3.12-biosphere', 'c89a0749-40a5-4c9c-8770-c4295ea34977')",P,1.7902412485543048e-13,1.7902412485543048e-13,1.0,1.6973366253890836e-14,1.6973366253890836e-14,dissipation
Phosphorus,"('ecoinvent-3.12-biosphere', '62f3d964-9b53-4d01-9ee0-04112dcfc6d2')",P,1.7902412485543048e-13,1.7902412485543048e-13,1.0,1.6973366253890836e-14,1.6973366253890836e-14,dissipation
Phosphorus,"('ecoinvent-3.12-biosphere', 'b2631209-8374-431e-b7d5-56c96c6b6d79')",P,1.7902412485543048e-13,1.7902412485543048e-13,1.0,1.6973366253890836e-14,1.6973366253890836e-14,dissipation
Phosphorus,"('ecoinvent-3.12-biosphere', '198ce8e3-f05a-4bec-9f7f-325347453326')",P,1.7902412485543048e-13,1.7902412485543048e-13,1.0,1.6973366253890836e-14,1.6973366253890836e-14,dissipation
Phosphorus,"('ecoinvent-3.12-biosphere', 'ea4e9316-5080-4b3b-bbf3-1949f6d7577a')",P,1.7902412485543048e-13,1.7902412485543048e-13,1.0,1.6973366253890836e-14,1.6973366253890836e-14,dissipation
Phosphorus,"('ecoinvent-3.12-biosphere', 'e2d35af7-9806-46ff-9b75-b124a48fa5a1')",P,1.7902412485543048e-13,1.7902412485543048e-13,1.0,1.6973366253890836e-14,1.6973366253890836e-14,dissipation
Phosphorus,"('ecoinvent-3.12-biosphere', '2f8952b0-c90c-4e3d-b546-52b862fc8f11')",P,1.7902412485543048e-13,1.7902412485543048e-13,1.0,1.6973366253890836e-14,1.6973366253890836e-14,dissipation
Nickel II,"('ecoinvent-3.12-biosphere', '5de1943f-b011-45a0-97d4-ed15eea6a382')",Ni,1.7347671011546092e-13,1.7347671011546092e-13,1.0,9.066741688482605e-14,9.066741688482605e-14,dissipation
Nickel II,"('ecoinvent-3.12-biosphere', 'c89873de-cd23-4323-a948-f5cfeebd2fc9')",Ni,1.7347671011546092e-13,1.7347671011546092e-13,1.0,9.066741688482605e-14,9.066741688482605e-14,dissipation
Nickel II,"('ecoinvent-3.12-biosphere', '23cb10a4-6228-4ce4-9fb5-7043bc31faec')",Ni,1.7347671011546092e-13,1.7347671011546092e-13,1.0,9.066741688482605e-14,9.066741688482605e-14,dissipation
Nickel II,"('ecoinvent-3.12-biosphere', '0545c382-2312-43b6-9ec3-63dbb1438565')",Ni,1.7347671011546092e-13,1.7347671011546092e-13,1.0,9.066741688482605e-14,9.066741688482605e-14,dissipation
Nickel II,"('ecoinvent-3.12-biosphere', '6ec6cdaa-5a01-46d4-b716-1905e56690ea')",Ni,1.7347671011546092e-13,1.7347671011546092e-13,1.0,9.066741688482605e-14,9.066741688482605e-14,dissipation
Nickel II,"('ecoinvent-3.12-biosphere', '9798359e-a3ee-4362-a038-23a188582c6e')",Ni,1.7347671011546092e-13,1.7347671011546092e-13,1.0,9.066741688482605e-14,9.066741688482605e-14,dissipation
Nickel II,"('ecoinvent-3.12-biosphere', 'e43a270f-4f88-4789-a0b8-7aba56677743')",Ni,1.7347671011546092e-13,1.7347671011546092e-13,1.0,9.066741688482605e-14,9.066741688482605e-14,dissipation
Nickel II,"('ecoinvent-3.12-biosphere', '2bcad3b3-5305-481c-a166-ad5e6eac2675')",Ni,1.7347671011546092e-13,1.7347671011546092e-13,1.0,9.066741688482605e-14,9.066741688482605e-14,dissipation
Nickel II,"('ecoinvent-3.12-biosphere', 'a5506f4b-113f-4713-95c3-c819dde6e48b')",Ni,1.7347671011546092e-13,1.7347671011546092e-13,1.0,9.066741688482605e-14,9.066741688482605e-14,dissipation
Nickel II,"('ecoinvent-3.12-biosphere', '9f69cb8e-51fe-447b-a1ac-4da74de8ebe4')",Ni,1.7347671011546092e-13,1.7347671011546092e-13,1.0,9.066741688482605e-14,9.066741688482605e-14,dissipation
Nickel II,"('ecoinvent-3.12-biosphere', 'b4580545-243d-48d2-a3a0-2633a4f46fb1')",Ni,1.7347671011546092e-13,1.7347671011546092e-13,1.0,9.066741688482605e-14,9.066741688482605e-14,dissipation
Nickel II,"('ecoinvent-3.12-biosphere', 'e8fc62ba-678e-4706-97d2-b79d83e227d5')",Ni,1.7347671011546092e-13,1.7347671011546092e-13,1.0,9.066741688482605e-14,9.066741688482605e-14,dissipation
Nickel II,"('ecoinvent-3.12-biosphere', 'a72a45ee-395a-4d25-b893-9d183e43e76e')",Ni,1.7347671011546092e-13,1.7347671011546092e-13,1.0,9.066741688482605e-14,9.066741688482605e-14,dissipation
Nickel II,"('ecoinvent-3.12-biosphere', '56815b4f-6138-4e0b-9fac-c94fd6b102b3')",Ni,1.7347671011546092e-13,1.7347671011546092e-13,1.0,9.066741688482605e-14,9.066741688482605e-14,dissipation
Chlorpyrifos methyl,"('ecoinvent-3.12-biosphere', '4f4f5587-8319-5b09-8312-b455d46127c3')",P,1.443090543798588e-13,1.443090543798588e-13,0.09604341085271317,1.6301799886760147e-15,1.6301799886760147e-15,dissipation
Chlorpyrifos methyl,"('ecoinvent-3.12-biosphere', '2b3cf153-0dd6-4b79-b0d4-b4df832f3a7e')",P,1.443090543798588e-13,1.443090543798588e-13,0.09604341085271317,1.6301799886760147e-15,1.6301799886760147e-15,dissipation
Chlorpyrifos methyl,"('ecoinvent-3.12-biosphere', 'bd6ac9fb-52ba-516a-bccd-f9b1eb7def7b')",P,1.443090543798588e-13,1.443090543798588e-13,0.09604341085271317,1.6301799886760147e-15,1.6301799886760147e-15,dissipation
Chlorpyrifos methyl,"('ecoinvent-3.12-biosphere', '16ce8358-db19-58c9-9cee-5572ca475890')",P,1.443090543798588e-13,1.443090543798588e-13,0.09604341085271317,1.6301799886760147e-15,1.6301799886760147e-15,dissipation
Chlorpyrifos methyl,"('ecoinvent-3.12-biosphere', '5be5c933-bceb-5132-ae17-e43eeb61b8fb')",P,1.443090543798588e-13,1.443090543798588e-13,0.09604341085271317,1.6301799886760147e-15,1.6301799886760147e-15,dissipation
Chlorpyrifos methyl,"('ecoinvent-3.12-biosphere', '93db5191-c13b-5e45-8ef6-4dd4ce975b37')",P,1.443090543798588e-13,1.443090543798588e-13,0.09604341085271317,1.6301799886760147e-15,1.6301799886760147e-15,dissipation
Chlorpyrifos methyl,"('ecoinvent-3.12-biosphere', '9afbd8e4-f6cd-5818-843f-468295d8a8a5')",P,1.443090543798588e-13,1.443090543798588e-13,0.09604341085271317,1.6301799886760147e-15,1.6301799886760147e-15,dissipation
Silver I,"('ecoinvent-3.12-biosphere', 'af9793ba-25a1-4928-a14a-4bcf7d5bd3f7')",Ag,1.3740640819439126e-13,1.3740640819439126e-13,1.0,1.5701960660375504e-13,1.5701960660375504e-13,dissipation
Silver I,"('ecoinvent-3.12-biosphere', 'c6462d84-caa9-425a-a923-45238690c6f3')",Ag,1.3740640819439126e-13,1.3740640819439126e-13,1.0,1.5701960660375504e-13,1.5701960660375504e-13,dissipation
Silver I,"('ecoinvent-3.12-biosphere', '7da45a0b-0dcf-413c-8de0-44d8ebca9e6e')",Ag,1.3740640819439126e-13,1.3740640819439126e-13,1.0,1.5701960660375504e-13,1.5701960660375504e-13,dissipation
Silver I,"('ecoinvent-3.12-biosphere', '94426df9-63b1-4dc6-ad1b-3509e22f1154')",Ag,1.3740640819439126e-13,1.3740640819439126e-13,1.0,1.5701960660375504e-13,1.5701960660375504e-13,dissipation
Silver I,"('ecoinvent-3.12-biosphere', '0ed1b1a1-e56d-4860-bac7-d76a39bde930')",Ag,1.3740640819439126e-13,1.3740640819439126e-13,1.0,1.5701960660375504e-13,1.5701960660375504e-13,dissipation
Silver I,"('ecoinvent-3.12-biosphere', 'fce0b9ae-53c8-4ab0-9e7a-7f5c2ed2c856')",Ag,1.3740640819439126e-13,1.3740640819439126e-13,1.0,1.5701960660375504e-13,1.5701960660375504e-13,dissipation
Silver I,"('ecoinvent-3.12-biosphere', '16316600-f12a-410b-8726-3faee64de60a')",Ag,1.3740640819439126e-13,1.3740640819439126e-13,1.0,1.5701960660375504e-13,1.5701960660375504e-13,dissipation
Silver I,"('ecoinvent-3.12-biosphere', '48dbf4b1-0b2a-4bf5-a190-2d7fc465bda4')",Ag,1.3740640819439126e-13,1.3740640819439126e-13,1.0,1.5701960660375504e-13,1.5701960660375504e-13,dissipation
Silver I,"('ecoinvent-3.12-biosphere', '6aa8673f-f7e3-4270-93dc-e97b745fced7')",Ag,1.3740640819439126e-13,1.3740640819439126e-13,1.0,1.5701960660375504e-13,1.5701960660375504e-13,dissipation
Silver I,"('ecoinvent-3.12-biosphere', '21c257b2-57ce-4a6e-b4bd-40f0f75f310f')",Ag,1.3740640819439126e-13,1.3740640819439126e-13,1.0,1.5701960660375504e-13,1.5701960660375504e-13,dissipation
Silver I,"('ecoinvent-3.12-biosphere', '35df5fe0-c90d-43b4-a35a-3d97022114d2')",Ag,1.3740640819439126e-13,1.3740640819439126e-13,1.0,1.5701960660375504e-13,1.5701960660375504e-13,dissipation
Silver I,"('ecoinvent-3.12-biosphere', 'ebb88ef4-50ab-4e3b-9251-c5fcdf6b4768')",Ag,1.3740640819439126e-13,1.3740640819439126e-13,1.0,1.5701960660375504e-13,1.5701960660375504e-13,dissipation
Silver I,"('ecoinvent-3.12-biosphere', '71cfe87c-ab80-421e-adba-afb7d5bd0861')",Ag,1.3740640819439126e-13,1.3740640819439126e-13,1.0,1.5701960660375504e-13,1.5701960660375504e-13,dissipation
Lithium I,"('ecoinvent-3.12-biosphere', 'eb2bfdf1-1881-40e8-bebb-d674b2a79149')",Li,1.3391034888853404e-13,1.3391034888853404e-13,1.0,1.5184934529957733e-13,1.5184934529957733e-13,dissipation
Lithium I,"('ecoinvent-3.12-biosphere', 'e98084d6-88a2-48cf-9ad5-6462fe9cf857')",Li,1.3391034888853404e-13,1.3391034888853404e-13,1.0,1.5184934529957733e-13,1.5184934529957733e-13,dissipation
Lithium I,"('ecoinvent-3.12-biosphere', '6230c099-a983-4d9d-98a8-a0697962bec3')",Li,1.3391034888853404e-13,1.3391034888853404e-13,1.0,1.5184934529957733e-13,1.5184934529957733e-13,dissipation
Lithium I,"('ecoinvent-3.12-biosphere', '85466e0f-e5b5-4084-9338-59e317f7cb09')",Li,1.3391034888853404e-13,1.3391034888853404e-13,1.0,1.5184934529957733e-13,1.5184934529957733e-13,dissipation
Lithium I,"('ecoinvent-3.12-biosphere', 'cf88e72e-13bc-416c-ac41-7d4b24bda86a')",Li,1.3391034888853404e-13,1.3391034888853404e-13,1.0,1.5184934529957733e-13,1.5184934529957733e-13,dissipation
Lithium I,"('ecoinvent-3.12-biosphere', '4569494e-085e-413a-8fef-63a3c419e0cf')",Li,1.3391034888853404e-13,1.3391034888853404e-13,1.0,1.5184934529957733e-13,1.5184934529957733e-13,dissipation
Lithium I,"('ecoinvent-3.12-biosphere', 'c44b0e3b-e65e-4276-aa1f-3db768757b66')",Li,1.3391034888853404e-13,1.3391034888853404e-13,1.0,1.5184934529957733e-13,1.5184934529957733e-13,dissipation
Lithium I,"('ecoinvent-3.12-biosphere', 'eb2bfdf1-1881-40e8-bebb-d674b2a79149')",Li,1.3391034888853404e-13,1.3391034888853404e-13,1.0,1.5184934529957733e-13,1.5184934529957733e-13,dissipation
Lithium I,"('ecoinvent-3.12-biosphere', 'e98084d6-88a2-48cf-9ad5-6462fe9cf857')",Li,1.3391034888853404e-13,1.3391034888853404e-13,1.0,1.5184934529957733e-13,1.5184934529957733e-13,dissipation
Lithium I,"('ecoinvent-3.12-biosphere', '6230c099-a983-4d9d-98a8-a0697962bec3')",Li,1.3391034888853404e-13,1.3391034888853404e-13,1.0,1.5184934529957733e-13,1.5184934529957733e-13,dissipation
Lithium I,"('ecoinvent-3.12-biosphere', '85466e0f-e5b5-4084-9338-59e317f7cb09')",Li,1.3391034888853404e-13,1.3391034888853404e-13,1.0,1.5184934529957733e-13,1.5184934529957733e-13,dissipation
Lithium I,"('ecoinvent-3.12-biosphere', 'cf88e72e-13bc-416c-ac41-7d4b24bda86a')",Li,1.3391034888853404e-13,1.3391034888853404e-13,1.0,1.5184934529957733e-13,1.5184934529957733e-13,dissipation
Lithium I,"('ecoinvent-3.12-biosphere', '4569494e-085e-413a-8fef-63a3c419e0cf')",Li,1.3391034888853404e-13,1.3391034888853404e-13,1.0,1.5184934529957733e-13,1.5184934529957733e-13,dissipation
Lithium I,"('ecoinvent-3.12-biosphere', 'c44b0e3b-e65e-4276-aa1f-3db768757b66')",Li,1.3391034888853404e-13,1.3391034888853404e-13,1.0,1.5184934529957733e-13,1.5184934529957733e-13,dissipation
Chromium III,"('ecoinvent-3.12-biosphere', 'e34d3da4-a3d5-41be-84b5-458afe32c990')",Cr,7.137035556358844e-14,7.137035556358844e-14,1.0,3.1278613038877847e-13,3.1278613038877847e-13,dissipation
Chromium III,"('ecoinvent-3.12-biosphere', '6b29d83a-c43c-484c-8e73-474a8a22d71e')",Cr,7.137035556358844e-14,7.137035556358844e-14,1.0,3.1278613038877847e-13,3.1278613038877847e-13,dissipation
Chromium III,"('ecoinvent-3.12-biosphere', 'e142b577-e934-4085-9a07-3983d4d92afb')",Cr,7.137035556358844e-14,7.137035556358844e-14,1.0,3.1278613038877847e-13,3.1278613038877847e-13,dissipation
Chromium III,"('ecoinvent-3.12-biosphere', 'd9c23a8d-e7bf-4f70-8d22-b9ad8a653204')",Cr,7.137035556358844e-14,7.137035556358844e-14,1.0,3.1278613038877847e-13,3.1278613038877847e-13,dissipation
Chromium III,"('ecoinvent-3.12-biosphere', '2a5ed451-12a2-47db-b4dc-fa0bfbc01d79')",Cr,7.137035556358844e-14,7.137035556358844e-14,1.0,3.1278613038877847e-13,3.1278613038877847e-13,dissipation
Chromium III,"('ecoinvent-3.12-biosphere', '7705f0e1-5b14-44f4-b330-1245b5c7fc08')",Cr,7.137035556358844e-14,7.137035556358844e-14,1.0,3.1278613038877847e-13,3.1278613038877847e-13,dissipation
Chromium III,"('ecoinvent-3.12-biosphere', 'e65a9c58-21f1-48b6-b738-d05a8f10e5f3')",Cr,7.137035556358844e-14,7.137035556358844e-14,1.0,3.1278613038877847e-13,3.1278613038877847e-13,dissipation
Chromium III,"('ecoinvent-3.12-biosphere', '30f484ee-dec4-47ae-8e92-d00d4b93fe05')",Cr,7.137035556358844e-14,7.137035556358844e-14,1.0,3.1278613038877847e-13,3.1278613038877847e-13,dissipation
Chromium III,"('ecoinvent-3.12-biosphere', 'e7881581-21b3-4f5c-bd63-6b0684b5e712')",Cr,7.137035556358844e-14,7.137035556358844e-14,1.0,3.1278613038877847e-13,3.1278613038877847e-13,dissipation
Chromium III,"('ecoinvent-3.12-biosphere', '1c87de06-e58f-4684-a54c-d29f1a251a87')",Cr,7.137035556358844e-14,7.137035556358844e-14,1.0,3.1278613038877847e-13,3.1278613038877847e-13,dissipation
Chromium III,"('ecoinvent-3.12-biosphere', '4d40d8e3-9bc7-4ab1-ac5c-4f4a76fda8e5')",Cr,7.137035556358844e-14,7.137035556358844e-14,1.0,3.1278613038877847e-13,3.1278613038877847e-13,dissipation
Chromium III,"('ecoinvent-3.12-biosphere', 'd98f0ec0-bf19-4c90-a457-a8593dec497f')",Cr,7.137035556358844e-14,7.137035556358844e-14,1.0,3.1278613038877847e-13,3.1278613038877847e-13,dissipation
Chromium III,"('ecoinvent-3.12-biosphere', '591de726-f2c7-43ba-8e22-15fd08acc8dc')",Cr,7.137035556358844e-14,7.137035556358844e-14,1.0,3.1278613038877847e-13,3.1278613038877847e-13,dissipation
Chromium III,"('ecoinvent-3.12-biosphere', 'e0336c9b-a0ff-4ae3-b8bb-ca1e46bbbc11')",Cr,7.137035556358844e-14,7.137035556358844e-14,1.0,3.1278613038877847e-13,3.1278613038877847e-13,dissipation
Acephate,"('ecoinvent-3.12-biosphere', '383570f4-fd89-5fcf-958d-d2aedb4bbd0e')",P,5.556246530334272e-14,5.556246530334272e-14,0.1690997434077633,2.870191878298929e-15,2.870191878298929e-15,dissipation
Acephate,"('ecoinvent-3.12-biosphere', '8212cc9e-1f4f-57f0-bc36-ebaf9e4a113f')",P,5.556246530334272e-14,5.556246530334272e-14,0.1690997434077633,2.870191878298929e-15,2.870191878298929e-15,dissipation
Acephate,"('ecoinvent-3.12-biosphere', 'a010fe9e-2fd0-5b3f-b191-dd22b8030a3a')",P,5.556246530334272e-14,5.556246530334272e-14,0.1690997434077633,2.870191878298929e-15,2.870191878298929e-15,dissipation
Acephate,"('ecoinvent-3.12-biosphere', 'e2afdc42-58a6-58c0-9fd8-9e6a824042f3')",P,5.556246530334272e-14,5.556246530334272e-14,0.1690997434077633,2.870191878298929e-15,2.870191878298929e-15,dissipation
Acephate,"('ecoinvent-3.12-biosphere', '1b10a3a6-1168-5609-8d98-ed3252861869')",P,5.556246530334272e-14,5.556246530334272e-14,0.1690997434077633,2.870191878298929e-15,2.870191878298929e-15,dissipation
Acephate,"('ecoinvent-3.12-biosphere', '4cd91b0e-2131-571b-8a8a-3e3ce4d3101f')",P,5.556246530334272e-14,5.556246530334272e-14,0.1690997434077633,2.870191878298929e-15,2.870191878298929e-15,dissipation
Acephate,"('ecoinvent-3.12-biosphere', '73a06727-fec3-4d8d-8de5-ef1a0cc2c280')",P,5.556246530334272e-14,5.556246530334272e-14,0.1690997434077633,2.870191878298929e-15,2.870191878298929e-15,dissipation
Acephate,"('ecoinvent-3.12-biosphere', 'cdcdbfc9-3d5f-4e78-8033-8dbecbb2cfec')",P,5.556246530334272e-14,5.556246530334272e-14,0.1690997434077633,2.870191878298929e-15,2.870191878298929e-15,dissipation
Ethephon,"('ecoinvent-3.12-biosphere', 'e27cd09b-b06e-5aec-9886-49d1cdad1e77')",P,-5.155646087323061e-14,-5.155646087323061e-14,0.2143677763167001,3.638542780455497e-15,3.638542780455497e-15,dissipation
Ethephon,"('ecoinvent-3.12-biosphere', '8beefad6-d121-5009-a1d5-55ee15aef834')",P,-5.155646087323061e-14,-5.155646087323061e-14,0.2143677763167001,3.638542780455497e-15,3.638542780455497e-15,dissipation
Ethephon,"('ecoinvent-3.12-biosphere', 'e732d6dc-d502-4e03-8a5e-6c2644136b5f')",P,-5.155646087323061e-14,-5.155646087323061e-14,0.2143677763167001,3.638542780455497e-15,3.638542780455497e-15,dissipation
Ethephon,"('ecoinvent-3.12-biosphere', '0ba582f8-3360-441a-a93c-ea15e87f7b0c')",P,-5.155646087323061e-14,-5.155646087323061e-14,0.2143677763167001,3.638542780455497e-15,3.638542780455497e-15,dissipation
Ethephon,"('ecoinvent-3.12-biosphere', 'bb3ae4d9-105a-505a-8fbb-ceb863088641')",P,-5.155646087323061e-14,-5.155646087323061e-14,0.2143677763167001,3.638542780455497e-15,3.638542780455497e-15,dissipation
Ethephon,"('ecoinvent-3.12-biosphere', 'a212914e-f8ba-49eb-9ceb-63e286053f2d')",P,-5.155646087323061e-14,-5.155646087323061e-14,0.2143677763167001,3.638542780455497e-15,3.638542780455497e-15,dissipation
Ethephon,"('ecoinvent-3.12-biosphere', '876d4bb6-badc-4d04-a193-71b68e908737')",P,-5.155646087323061e-14,-5.155646087323061e-14,0.2143677763167001,3.638542780455497e-15,3.638542780455497e-15,dissipation
Ethephon,"('ecoinvent-3.12-biosphere', 'ce9635e1-8291-592b-a8c3-cead3a096f8e')",P,-5.155646087323061e-14,-5.155646087323061e-14,0.2143677763167001,3.638542780455497e-15,3.638542780455497e-15,dissipation
Copper ion,"('ecoinvent-3.12-biosphere', '6d9550e2-e670-44c1-bad8-c0c4975ffca7')",Cu,-4.816493092905823e-14,-4.816493092905823e-14,1.0,1.231243333335009e-14,1.231243333335009e-14,dissipation
Copper ion,"('ecoinvent-3.12-biosphere', '237ca6bc-2f0a-4416-a0e3-bd512f038f2e')",Cu,-4.816493092905823e-14,-4.816493092905823e-14,1.0,1.231243333335009e-14,1.231243333335009e-14,dissipation
Copper ion,"('ecoinvent-3.12-biosphere', '7e66a41c-d311-4949-bdd8-eef09cdcfa47')",Cu,-4.816493092905823e-14,-4.816493092905823e-14,1.0,1.231243333335009e-14,1.231243333335009e-14,dissipation
Copper ion,"('ecoinvent-3.12-biosphere', '0a5e8a67-f9ae-48b3-bfa7-e9d37c30a191')",Cu,-4.816493092905823e-14,-4.816493092905823e-14,1.0,1.231243333335009e-14,1.231243333335009e-14,dissipation
Copper ion,"('ecoinvent-3.12-biosphere', 'fd153f15-1d16-410a-91fa-04d205e36c43')",Cu,-4.816493092905823e-14,-4.816493092905823e-14,1.0,1.231243333335009e-14,1.231243333335009e-14,dissipation
Copper ion,"('ecoinvent-3.12-biosphere', 'ec8144d6-d123-43b1-9c17-a295422a0498')",Cu,-4.816493092905823e-14,-4.816493092905823e-14,1.0,1.231243333335009e-14,1.231243333335009e-14,dissipation
Copper ion,"('ecoinvent-3.12-biosphere', 'd8f9ccf6-fd32-4348-83c0-1cee724af9ae')",Cu,-4.816493092905823e-14,-4.816493092905823e-14,1.0,1.231243333335009e-14,1.231243333335009e-14,dissipation
Copper ion,"('ecoinvent-3.12-biosphere', 'e336eee7-148a-4d1c-8027-780cbfafa12b')",Cu,-4.816493092905823e-14,-4.816493092905823e-14,1.0,1.231243333335009e-14,1.231243333335009e-14,dissipation
Copper ion,"('ecoinvent-3.12-biosphere', '3573a5af-88f8-4f74-ade7-cd269cbc4e66')",Cu,-4.816493092905823e-14,-4.816493092905823e-14,1.0,1.231243333335009e-14,1.231243333335009e-14,dissipation
Copper ion,"('ecoinvent-3.12-biosphere', 'c3b659e5-35f1-408c-8cb5-b5f9b295c76e')",Cu,-4.816493092905823e-14,-4.816493092905823e-14,1.0,1.231243333335009e-14,1.231243333335009e-14,dissipation
Copper ion,"('ecoinvent-3.12-biosphere', '40229ebf-9346-4f20-910a-f8ea3bd88d44')",Cu,-4.816493092905823e-14,-4.816493092905823e-14,1.0,1.231243333335009e-14,1.231243333335009e-14,dissipation
Copper ion,"('ecoinvent-3.12-biosphere', '615b1460-6860-4cf6-8678-ad92c03c5e8b')",Cu,-4.816493092905823e-14,-4.816493092905823e-14,1.0,1.231243333335009e-14,1.231243333335009e-14,dissipation
Copper ion,"('ecoinvent-3.12-biosphere', '88cde01c-df69-40bb-9b14-6eac71bea5b8')",Cu,-4.816493092905823e-14,-4.816493092905823e-14,1.0,1.231243333335009e-14,1.231243333335009e-14,dissipation
Copper ion,"('ecoinvent-3.12-biosphere', '44d3e792-7c9e-48ab-9de9-acfa2e097f26')",Cu,-4.816493092905823e-14,-4.816493092905823e-14,1.0,1.231243333335009e-14,1.231243333335009e-14,dissipation
Monocrotophos,"('ecoinvent-3.12-biosphere', '72fad55b-9499-5ec6-8167-f762a21365ed')",P,4.227690765449528e-14,4.227690765449528e-14,0.13879727549740098,2.355856992059575e-15,2.355856992059575e-15,dissipation
Monocrotophos,"('ecoinvent-3.12-biosphere', '8ce423c8-e5b6-5727-bcc0-814698a24343')",P,4.227690765449528e-14,4.227690765449528e-14,0.13879727549740098,2.355856992059575e-15,2.355856992059575e-15,dissipation
Monocrotophos,"('ecoinvent-3.12-biosphere', 'acc2bd76-ae9e-5cb2-abb8-e093cb4714f0')",P,4.227690765449528e-14,4.227690765449528e-14,0.13879727549740098,2.355856992059575e-15,2.355856992059575e-15,dissipation
Monocrotophos,"('ecoinvent-3.12-biosphere', 'c0de029d-11bf-556a-adc3-d4ff39f73b49')",P,4.227690765449528e-14,4.227690765449528e-14,0.13879727549740098,2.355856992059575e-15,2.355856992059575e-15,dissipation
Monocrotophos,"('ecoinvent-3.12-biosphere', '72a2f6b5-6ef7-5346-a813-634c680f9618')",P,4.227690765449528e-14,4.227690765449528e-14,0.13879727549740098,2.355856992059575e-15,2.355856992059575e-15,dissipation
Monocrotophos,"('ecoinvent-3.12-biosphere', '469bb0db-b81c-5834-acc4-9f357156c7b5')",P,4.227690765449528e-14,4.227690765449528e-14,0.13879727549740098,2.355856992059575e-15,2.355856992059575e-15,dissipation
Monocrotophos,"('ecoinvent-3.12-biosphere', '33456751-d78b-465d-8635-52d71e77cf54')",P,4.227690765449528e-14,4.227690765449528e-14,0.13879727549740098,2.355856992059575e-15,2.355856992059575e-15,dissipation
Glufosinate ammonium,"('ecoinvent-3.12-biosphere', '73224485-261d-55ff-80d2-71381ddf9f48')",P,4.086001786860569e-14,4.086001786860569e-14,0.1563080339119903,2.6530735080138006e-15,2.6530735080138006e-15,dissipation
Glufosinate ammonium,"('ecoinvent-3.12-biosphere', '0813eab1-24ff-5eac-b93c-53c8f958401e')",P,4.086001786860569e-14,4.086001786860569e-14,0.1563080339119903,2.6530735080138006e-15,2.6530735080138006e-15,dissipation
Glufosinate ammonium,"('ecoinvent-3.12-biosphere', '9f2356ae-88ba-5222-899f-9532001be831')",P,4.086001786860569e-14,4.086001786860569e-14,0.1563080339119903,2.6530735080138006e-15,2.6530735080138006e-15,dissipation
Glufosinate ammonium,"('ecoinvent-3.12-biosphere', '238ec4b7-ffdc-5c95-96b4-8b09268fa1ca')",P,4.086001786860569e-14,4.086001786860569e-14,0.1563080339119903,2.6530735080138006e-15,2.6530735080138006e-15,dissipation
Glufosinate ammonium,"('ecoinvent-3.12-biosphere', '8aa28904-c1a5-5634-ac89-d9e6a6f06864')",P,4.086001786860569e-14,4.086001786860569e-14,0.1563080339119903,2.6530735080138006e-15,2.6530735080138006e-15,dissipation
Glufosinate ammonium,"('ecoinvent-3.12-biosphere', '52be5a94-fe48-4ec3-b694-44d08262bbad')",P,4.086001786860569e-14,4.086001786860569e-14,0.1563080339119903,2.6530735080138006e-15,2.6530735080138006e-15,dissipation
Glufosinate ammonium,"('ecoinvent-3.12-biosphere', '81f212e8-3b60-52cd-ab86-f9a27272a0a4')",P,4.086001786860569e-14,4.086001786860569e-14,0.1563080339119903,2.6530735080138006e-15,2.6530735080138006e-15,dissipation
Glufosinate ammonium,"('ecoinvent-3.12-biosphere', 'fcead97d-e6b1-511e-b833-910533410b3a')",P,4.086001786860569e-14,4.086001786860569e-14,0.1563080339119903,2.6530735080138006e-15,2.6530735080138006e-15,dissipation
Glufosinate ammonium,"('ecoinvent-3.12-biosphere', 'f76e7b4f-5a39-4bda-a91c-35a0ee2d3773')",P,4.086001786860569e-14,4.086001786860569e-14,0.1563080339119903,2.6530735080138006e-15,2.6530735080138006e-15,dissipation
Sulfosate,"('ecoinvent-3.12-biosphere', '4530165e-693b-5556-98b2-f66d81f7f1f6')",P,3.048447264110543e-14,3.048447264110543e-14,0.1263007665959876,2.143749169580879e-15,2.143749169580879e-15,dissipation
Sulfosate,"('ecoinvent-3.12-biosphere', 'da3af31f-1d41-5895-b97e-e2ddd5c9ef0e')",P,3.048447264110543e-14,3.048447264110543e-14,0.1263007665959876,2.143749169580879e-15,2.143749169580879e-15,dissipation
Sulfosate,"('ecoinvent-3.12-biosphere', '4518a791-f5dd-4ee2-ab87-2f8ffca6b230')",P,3.048447264110543e-14,3.048447264110543e-14,0.1263007665959876,2.143749169580879e-15,2.143749169580879e-15,dissipation
Sulfosate,"('ecoinvent-3.12-biosphere', '630e63bc-7646-586a-9020-bbe7d1849633')",P,3.048447264110543e-14,3.048447264110543e-14,0.1263007665959876,2.143749169580879e-15,2.143749169580879e-15,dissipation
Sulfosate,"('ecoinvent-3.12-biosphere', '744ec2a1-3cc8-524c-8e4b-450196b3110f')",P,3.048447264110543e-14,3.048447264110543e-14,0.1263007665959876,2.143749169580879e-15,2.143749169580879e-15,dissipation
Sulfosate,"('ecoinvent-3.12-biosphere', '450b3341-bf01-5869-9d41-78c96aebaa01')",P,3.048447264110543e-14,3.048447264110543e-14,0.1263007665959876,2.143749169580879e-15,2.143749169580879e-15,dissipation
Sulfosate,"('ecoinvent-3.12-biosphere', '24eee9f0-73da-5a08-b2a0-01be6693794f')",P,3.048447264110543e-14,3.048447264110543e-14,0.1263007665959876,2.143749169580879e-15,2.143749169580879e-15,dissipation
Lead II,"('ecoinvent-3.12-biosphere', '31c4d160-b21e-41b3-b9c1-3d7a72377653')",Pb,2.779340359216267e-14,2.779340359216267e-14,1.0,1.1855254708054448e-13,1.1855254708054448e-13,dissipation
Lead II,"('ecoinvent-3.12-biosphere', '67652827-017f-4856-8d0a-c97bac4c6562')",Pb,2.779340359216267e-14,2.779340359216267e-14,1.0,1.1855254708054448e-13,1.1855254708054448e-13,dissipation
Lead II,"('ecoinvent-3.12-biosphere', '8e123669-94d3-41d8-9480-a79211fe7c43')",Pb,2.779340359216267e-14,2.779340359216267e-14,1.0,1.1855254708054448e-13,1.1855254708054448e-13,dissipation
Lead II,"('ecoinvent-3.12-biosphere', '2718482b-8399-442e-b89a-52fbcc22d2e6')",Pb,2.779340359216267e-14,2.779340359216267e-14,1.0,1.1855254708054448e-13,1.1855254708054448e-13,dissipation
Lead II,"('ecoinvent-3.12-biosphere', 'fe4613d7-1ed8-427d-9b06-c8e8f4f5e1b1')",Pb,2.779340359216267e-14,2.779340359216267e-14,1.0,1.1855254708054448e-13,1.1855254708054448e-13,dissipation
Lead II,"('ecoinvent-3.12-biosphere', 'c864aa15-0abc-41ad-9889-348106e485d8')",Pb,2.779340359216267e-14,2.779340359216267e-14,1.0,1.1855254708054448e-13,1.1855254708054448e-13,dissipation
Lead II,"('ecoinvent-3.12-biosphere', 'b3ebdcc3-c588-4997-95d2-9785b26b34e1')",Pb,2.779340359216267e-14,2.779340359216267e-14,1.0,1.1855254708054448e-13,1.1855254708054448e-13,dissipation
Lead II,"('ecoinvent-3.12-biosphere', '739234c8-5359-48b4-983f-9cb170d68c8d')",Pb,2.779340359216267e-14,2.779340359216267e-14,1.0,1.1855254708054448e-13,1.1855254708054448e-13,dissipation
Lead II,"('ecoinvent-3.12-biosphere', '9ee7f4ab-b826-47ae-8623-e138f944b42e')",Pb,2.779340359216267e-14,2.779340359216267e-14,1.0,1.1855254708054448e-13,1.1855254708054448e-13,dissipation
Lead II,"('ecoinvent-3.12-biosphere', '6a903634-c97f-4c49-a7c0-88f0e6ac7a23')",Pb,2.779340359216267e-14,2.779340359216267e-14,1.0,1.1855254708054448e-13,1.1855254708054448e-13,dissipation
Lead II,"('ecoinvent-3.12-biosphere', '4010918f-7fd0-4925-8fbb-8fd7a44a806c')",Pb,2.779340359216267e-14,2.779340359216267e-14,1.0,1.1855254708054448e-13,1.1855254708054448e-13,dissipation
Lead II,"('ecoinvent-3.12-biosphere', 'e9e856c2-868e-435e-8425-8df1c9297cfc')",Pb,2.779340359216267e-14,2.779340359216267e-14,1.0,1.1855254708054448e-13,1.1855254708054448e-13,dissipation
Lead II,"('ecoinvent-3.12-biosphere', '837083ce-41cd-49f3-a849-d79564dac238')",Pb,2.779340359216267e-14,2.779340359216267e-14,1.0,1.1855254708054448e-13,1.1855254708054448e-13,dissipation
Lead II,"('ecoinvent-3.12-biosphere', '0ff15165-d761-48c9-9814-2d1dcdd56857')",Pb,2.779340359216267e-14,2.779340359216267e-14,1.0,1.1855254708054448e-13,1.1855254708054448e-13,dissipation
Malathion,"('ecoinvent-3.12-biosphere', '0f5b811b-4ff9-5941-9776-039b7a1771d8')",P,2.1563474085234617e-14,2.1563474085234617e-14,0.09374697336561744,1.591201714128374e-15,1.591201714128374e-15,dissipation
Malathion,"('ecoinvent-3.12-biosphere', '2c384839-5f0b-5936-bee4-715e27a2f026')",P,2.1563474085234617e-14,2.1563474085234617e-14,0.09374697336561744,1.591201714128374e-15,1.591201714128374e-15,dissipation
Malathion,"('ecoinvent-3.12-biosphere', 'dd7748c9-be28-4c89-b8b1-ed5ac14599a2')",P,2.1563474085234617e-14,2.1563474085234617e-14,0.09374697336561744,1.591201714128374e-15,1.591201714128374e-15,dissipation
Malathion,"('ecoinvent-3.12-biosphere', '5c8a56e1-3c58-5e3e-a1e0-fe9fc60617f1')",P,2.1563474085234617e-14,2.1563474085234617e-14,0.09374697336561744,1.591201714128374e-15,1.591201714128374e-15,dissipation
Malathion,"('ecoinvent-3.12-biosphere', '987c57c4-9c18-5d05-9d4e-aacf7e80150f')",P,2.1563474085234617e-14,2.1563474085234617e-14,0.09374697336561744,1.591201714128374e-15,1.591201714128374e-15,dissipation
Malathion,"('ecoinvent-3.12-biosphere', 'aadb97e9-d61d-5de3-89c6-95008ca06393')",P,2.1563474085234617e-14,2.1563474085234617e-14,0.09374697336561744,1.591201714128374e-15,1.591201714128374e-15,dissipation
Malathion,"('ecoinvent-3.12-biosphere', '6893fbc2-5b5e-5453-ac35-b8f94093eaba')",P,2.1563474085234617e-14,2.1563474085234617e-14,0.09374697336561744,1.591201714128374e-15,1.591201714128374e-15,dissipation
Chlorpyrifos,"('ecoinvent-3.12-biosphere', 'd05f3321-5794-5b5e-b05e-831412c615f9')",P,2.099267727890015e-14,2.099267727890015e-14,0.08834569309754706,1.4995238058985018e-15,1.4995238058985018e-15,dissipation
Chlorpyrifos,"('ecoinvent-3.12-biosphere', 'ab005f13-989c-5e34-af6f-2129a8c820c5')",P,2.099267727890015e-14,2.099267727890015e-14,0.08834569309754706,1.4995238058985018e-15,1.4995238058985018e-15,dissipation
Chlorpyrifos,"('ecoinvent-3.12-biosphere', '1cc0be91-3df0-5d9b-ba9e-c0bb9ce30b0d')",P,2.099267727890015e-14,2.099267727890015e-14,0.08834569309754706,1.4995238058985018e-15,1.4995238058985018e-15,dissipation
Chlorpyrifos,"('ecoinvent-3.12-biosphere', '0822b867-9dca-4d5a-93c3-319d39b592cd')",P,2.099267727890015e-14,2.099267727890015e-14,0.08834569309754706,1.4995238058985018e-15,1.4995238058985018e-15,dissipation
Chlorpyrifos,"('ecoinvent-3.12-biosphere', '736923cd-6eb7-4896-98f8-46951d56da97')",P,2.099267727890015e-14,2.099267727890015e-14,0.08834569309754706,1.4995238058985018e-15,1.4995238058985018e-15,dissipation
Chlorpyrifos,"('ecoinvent-3.12-biosphere', 'd7992d1c-65ec-4523-8b32-aef139acd1f5')",P,2.099267727890015e-14,2.099267727890015e-14,0.08834569309754706,1.4995238058985018e-15,1.4995238058985018e-15,dissipation
Chlorpyrifos,"('ecoinvent-3.12-biosphere', '60dd222a-8106-5765-bd90-f03fb4ebc94b')",P,2.099267727890015e-14,2.099267727890015e-14,0.08834569309754706,1.4995238058985018e-15,1.4995238058985018e-15,dissipation
Chlorpyrifos,"('ecoinvent-3.12-biosphere', '4f5a026f-7d9c-5d10-85b8-9e01b648bac2')",P,2.099267727890015e-14,2.099267727890015e-14,0.08834569309754706,1.4995238058985018e-15,1.4995238058985018e-15,dissipation
Glyphosate,"('ecoinvent-3.12-biosphere', '463893cd-5766-56a4-8e79-16c9614d2763')",P,1.5069890777577326e-14,1.5069890777577326e-14,0.1832022239309162,3.1095584453067654e-15,3.1095584453067654e-15,dissipation
Glyphosate,"('ecoinvent-3.12-biosphere', 'bd02a7ec-dcb5-4609-bc96-cc7a96601ce2')",P,1.5069890777577326e-14,1.5069890777577326e-14,0.1832022239309162,3.1095584453067654e-15,3.1095584453067654e-15,dissipation
Glyphosate,"('ecoinvent-3.12-biosphere', '204e07e2-d513-55bd-939d-66b2939049e4')",P,1.5069890777577326e-14,1.5069890777577326e-14,0.1832022239309162,3.1095584453067654e-15,3.1095584453067654e-15,dissipation
Glyphosate,"('ecoinvent-3.12-biosphere', '17955b10-4c04-4fff-91e7-cf89ef1a7cca')",P,1.5069890777577326e-14,1.5069890777577326e-14,0.1832022239309162,3.1095584453067654e-15,3.1095584453067654e-15,dissipation
Glyphosate,"('ecoinvent-3.12-biosphere', 'd2d93101-7555-4c77-b4b8-ddac7f6eba50')",P,1.5069890777577326e-14,1.5069890777577326e-14,0.1832022239309162,3.1095584453067654e-15,3.1095584453067654e-15,dissipation
Glyphosate,"('ecoinvent-3.12-biosphere', 'e157e3dd-88b9-4256-ab2e-ff82e7b8d088')",P,1.5069890777577326e-14,1.5069890777577326e-14,0.1832022239309162,3.1095584453067654e-15,3.1095584453067654e-15,dissipation
Glyphosate,"('ecoinvent-3.12-biosphere', 'b4f9a201-2a20-4f41-a572-eabc98c75e1b')",P,1.5069890777577326e-14,1.5069890777577326e-14,0.1832022239309162,3.1095584453067654e-15,3.1095584453067654e-15,dissipation
Glyphosate,"('ecoinvent-3.12-biosphere', '3850d44e-8919-47bc-9c0a-51ccc4ec9d9f')",P,1.5069890777577326e-14,1.5069890777577326e-14,0.1832022239309162,3.1095584453067654e-15,3.1095584453067654e-15,dissipation
Glyphosate,"('ecoinvent-3.12-biosphere', '94007b78-83a2-5b31-a0d6-71c3c950182f')",P,1.5069890777577326e-14,1.5069890777577326e-14,0.1832022239309162,3.1095584453067654e-15,3.1095584453067654e-15,dissipation
Zineb,"('ecoinvent-3.12-biosphere', '6bad6b86-b653-500c-a7aa-3e66eda920bd')",Zn,1.2419115004792938e-14,1.2419115004792938e-14,0.23705583756345175,2.56887377677525e-14,2.56887377677525e-14,dissipation
Zineb,"('ecoinvent-3.12-biosphere', 'd26840d2-ad7a-5c5f-939d-adf11685da4e')",Zn,1.2419115004792938e-14,1.2419115004792938e-14,0.23705583756345175,2.56887377677525e-14,2.56887377677525e-14,dissipation
Zineb,"('ecoinvent-3.12-biosphere', 'd9c25d2b-ee47-5a92-b8d3-d2af477eca60')",Zn,1.2419115004792938e-14,1.2419115004792938e-14,0.23705583756345175,2.56887377677525e-14,2.56887377677525e-14,dissipation
Zineb,"('ecoinvent-3.12-biosphere', '02156abf-3839-5778-897a-4c06444701d4')",Zn,1.2419115004792938e-14,1.2419115004792938e-14,0.23705583756345175,2.56887377677525e-14,2.56887377677525e-14,dissipation
Zineb,"('ecoinvent-3.12-biosphere', 'eea2333c-e19f-5161-b39d-760cb216d8af')",Zn,1.2419115004792938e-14,1.2419115004792938e-14,0.23705583756345175,2.56887377677525e-14,2.56887377677525e-14,dissipation
Zineb,"('ecoinvent-3.12-biosphere', 'aa9962b3-657e-58b6-8a30-fbc6e883e63b')",Zn,1.2419115004792938e-14,1.2419115004792938e-14,0.23705583756345175,2.56887377677525e-14,2.56887377677525e-14,dissipation
Zineb,"('ecoinvent-3.12-biosphere', 'a5ee5afb-2710-5f24-a619-0e460c5259d7')",Zn,1.2419115004792938e-14,1.2419115004792938e-14,0.23705583756345175,2.56887377677525e-14,2.56887377677525e-14,dissipation
Mancozeb,"('ecoinvent-3.12-biosphere', 'e5341dca-5831-5bf1-8d1b-e7bef2b17d9b')",Mn,1.0607641546223977e-14,3.5493342411458355e-15,0.10153021622620588,6.584242677286185e-15,1.9677855459297162e-14,dissipation
Mancozeb,"('ecoinvent-3.12-biosphere', 'e5341dca-5831-5bf1-8d1b-e7bef2b17d9b')",Zn,1.0607641546223977e-14,7.058307305078142e-15,0.12082794307891331,1.3093612782010977e-14,1.9677855459297162e-14,dissipation
Mancozeb,"('ecoinvent-3.12-biosphere', 'c34b7d39-1ab2-512f-8c5d-c5c8aa5eff2d')",Mn,1.0607641546223977e-14,3.5493342411458355e-15,0.10153021622620588,6.584242677286185e-15,1.9677855459297162e-14,dissipation
Mancozeb,"('ecoinvent-3.12-biosphere', 'c34b7d39-1ab2-512f-8c5d-c5c8aa5eff2d')",Zn,1.0607641546223977e-14,7.058307305078142e-15,0.12082794307891331,1.3093612782010977e-14,1.9677855459297162e-14,dissipation
Mancozeb,"('ecoinvent-3.12-biosphere', '193eb6c2-57b1-5b5f-91a4-2986768b33c0')",Mn,1.0607641546223977e-14,3.5493342411458355e-15,0.10153021622620588,6.584242677286185e-15,1.9677855459297162e-14,dissipation
Mancozeb,"('ecoinvent-3.12-biosphere', '193eb6c2-57b1-5b5f-91a4-2986768b33c0')",Zn,1.0607641546223977e-14,7.058307305078142e-15,0.12082794307891331,1.3093612782010977e-14,1.9677855459297162e-14,dissipation
Mancozeb,"('ecoinvent-3.12-biosphere', '4f6390e3-bca5-4d3b-aead-7d63f2534440')",Mn,1.0607641546223977e-14,3.5493342411458355e-15,0.10153021622620588,6.584242677286185e-15,1.9677855459297162e-14,dissipation
Mancozeb,"('ecoinvent-3.12-biosphere', '4f6390e3-bca5-4d3b-aead-7d63f2534440')",Zn,1.0607641546223977e-14,7.058307305078142e-15,0.12082794307891331,1.3093612782010977e-14,1.9677855459297162e-14,dissipation
Mancozeb,"('ecoinvent-3.12-biosphere', '61c6920c-89ff-5928-9bea-012bd1fc5bec')",Mn,1.0607641546223977e-14,3.5493342411458355e-15,0.10153021622620588,6.584242677286185e-15,1.9677855459297162e-14,dissipation
Mancozeb,"('ecoinvent-3.12-biosphere', '61c6920c-89ff-5928-9bea-012bd1fc5bec')",Zn,1.0607641546223977e-14,7.058307305078142e-15,0.12082794307891331,1.3093612782010977e-14,1.9677855459297162e-14,dissipation
Mancozeb,"('ecoinvent-3.12-biosphere', '08c34081-cb18-5b76-b5f5-4177434e7bc0')",Mn,1.0607641546223977e-14,3.5493342411458355e-15,0.10153021622620588,6.584242677286185e-15,1.9677855459297162e-14,dissipation
Mancozeb,"('ecoinvent-3.12-biosphere', '08c34081-cb18-5b76-b5f5-4177434e7bc0')",Zn,1.0607641546223977e-14,7.058307305078142e-15,0.12082794307891331,1.3093612782010977e-14,1.9677855459297162e-14,dissipation
Mancozeb,"('ecoinvent-3.12-biosphere', 'c7d666fc-9018-5e44-9c68-8112aee4f20e')",Mn,1.0607641546223977e-14,3.5493342411458355e-15,0.10153021622620588,6.584242677286185e-15,1.9677855459297162e-14,dissipation
Mancozeb,"('ecoinvent-3.12-biosphere', 'c7d666fc-9018-5e44-9c68-8112aee4f20e')",Zn,1.0607641546223977e-14,7.058307305078142e-15,0.12082794307891331,1.3093612782010977e-14,1.9677855459297162e-14,dissipation
Mancozeb,"('ecoinvent-3.12-biosphere', '04b5664e-7ad4-5b04-a859-ba1ae903d310')",Mn,1.0607641546223977e-14,3.5493342411458355e-15,0.10153021622620588,6.584242677286185e-15,1.9677855459297162e-14,dissipation
Mancozeb,"('ecoinvent-3.12-biosphere', '04b5664e-7ad4-5b04-a859-ba1ae903d310')",Zn,1.0607641546223977e-14,7.058307305078142e-15,0.12082794307891331,1.3093612782010977e-14,1.9677855459297162e-14,dissipation
Fentin hydroxide,"('ecoinvent-3.12-biosphere', 'a1122fe7-8950-5f09-95f4-ca67d8c96c44')",Sn,4.8321246839839086e-15,4.8321246839839086e-15,0.32346049046321523,4.291859927402292e-14,4.291859927402292e-14,dissipation
Fentin hydroxide,"('ecoinvent-3.12-biosphere', 'fcb2c9ff-4a23-53f1-8eb6-93fbd007ac78')",Sn,4.8321246839839086e-15,4.8321246839839086e-15,0.32346049046321523,4.291859927402292e-14,4.291859927402292e-14,dissipation
Fentin hydroxide,"('ecoinvent-3.12-biosphere', 'b6f4285f-8ddc-54dd-83e9-09b9ba697ad2')",Sn,4.8321246839839086e-15,4.8321246839839086e-15,0.32346049046321523,4.291859927402292e-14,4.291859927402292e-14,dissipation
Fentin hydroxide,"('ecoinvent-3.12-biosphere', '4dd95929-09d1-4c60-8792-4c9b6404d168')",Sn,4.8321246839839086e-15,4.8321246839839086e-15,0.32346049046321523,4.291859927402292e-14,4.291859927402292e-14,dissipation
Fentin hydroxide,"('ecoinvent-3.12-biosphere', 'dc727951-a7e4-5999-a4b4-4e450fd742dd')",Sn,4.8321246839839086e-15,4.8321246839839086e-15,0.32346049046321523,4.291859927402292e-14,4.291859927402292e-14,dissipation
Fentin hydroxide,"('ecoinvent-3.12-biosphere', '50276482-fd54-5a4f-a7f0-4cdb05deec87')",Sn,4.8321246839839086e-15,4.8321246839839086e-15,0.32346049046321523,4.291859927402292e-14,4.291859927402292e-14,dissipation
Fentin hydroxide,"('ecoinvent-3.12-biosphere', 'a23e03ca-a87f-5d00-a963-f4e658505c05')",Sn,4.8321246839839086e-15,4.8321246839839086e-15,0.32346049046321523,4.291859927402292e-14,4.291859927402292e-14,dissipation
Silver I,"('ecoinvent-3.12-biosphere', 'af9793ba-25a1-4928-a14a-4bcf7d5bd3f7')",Ag,3.4533964757659878e-15,3.4533964757659878e-15,1.0,1.5701960660375504e-13,1.5701960660375504e-13,dissipation
Silver I,"('ecoinvent-3.12-biosphere', 'c6462d84-caa9-425a-a923-45238690c6f3')",Ag,3.4533964757659878e-15,3.4533964757659878e-15,1.0,1.5701960660375504e-13,1.5701960660375504e-13,dissipation
Silver I,"('ecoinvent-3.12-biosphere', '7da45a0b-0dcf-413c-8de0-44d8ebca9e6e')",Ag,3.4533964757659878e-15,3.4533964757659878e-15,1.0,1.5701960660375504e-13,1.5701960660375504e-13,dissipation
Silver I,"('ecoinvent-3.12-biosphere', '94426df9-63b1-4dc6-ad1b-3509e22f1154')",Ag,3.4533964757659878e-15,3.4533964757659878e-15,1.0,1.5701960660375504e-13,1.5701960660375504e-13,dissipation
Silver I,"('ecoinvent-3.12-biosphere', '0ed1b1a1-e56d-4860-bac7-d76a39bde930')",Ag,3.4533964757659878e-15,3.4533964757659878e-15,1.0,1.5701960660375504e-13,1.5701960660375504e-13,dissipation
Silver I,"('ecoinvent-3.12-biosphere', 'fce0b9ae-53c8-4ab0-9e7a-7f5c2ed2c856')",Ag,3.4533964757659878e-15,3.4533964757659878e-15,1.0,1.5701960660375504e-13,1.5701960660375504e-13,dissipation
Silver I,"('ecoinvent-3.12-biosphere', '16316600-f12a-410b-8726-3faee64de60a')",Ag,3.4533964757659878e-15,3.4533964757659878e-15,1.0,1.5701960660375504e-13,1.5701960660375504e-13,dissipation
Silver I,"('ecoinvent-3.12-biosphere', '48dbf4b1-0b2a-4bf5-a190-2d7fc465bda4')",Ag,3.4533964757659878e-15,3.4533964757659878e-15,1.0,1.5701960660375504e-13,1.5701960660375504e-13,dissipation
Silver I,"('ecoinvent-3.12-biosphere', '6aa8673f-f7e3-4270-93dc-e97b745fced7')",Ag,3.4533964757659878e-15,3.4533964757659878e-15,1.0,1.5701960660375504e-13,1.5701960660375504e-13,dissipation
Silver I,"('ecoinvent-3.12-biosphere', '21c257b2-57ce-4a6e-b4bd-40f0f75f310f')",Ag,3.4533964757659878e-15,3.4533964757659878e-15,1.0,1.5701960660375504e-13,1.5701960660375504e-13,dissipation
Silver I,"('ecoinvent-3.12-biosphere', '35df5fe0-c90d-43b4-a35a-3d97022114d2')",Ag,3.4533964757659878e-15,3.4533964757659878e-15,1.0,1.5701960660375504e-13,1.5701960660375504e-13,dissipation
Silver I,"('ecoinvent-3.12-biosphere', 'ebb88ef4-50ab-4e3b-9251-c5fcdf6b4768')",Ag,3.4533964757659878e-15,3.4533964757659878e-15,1.0,1.5701960660375504e-13,1.5701960660375504e-13,dissipation
Silver I,"('ecoinvent-3.12-biosphere', '71cfe87c-ab80-421e-adba-afb7d5bd0861')",Ag,3.4533964757659878e-15,3.4533964757659878e-15,1.0,1.5701960660375504e-13,1.5701960660375504e-13,dissipation
Chlorpyrifos,"('ecoinvent-3.12-biosphere', 'd05f3321-5794-5b5e-b05e-831412c615f9')",P,3.1072796776134795e-15,3.1072796776134795e-15,0.08834569309754706,1.4995238058985018e-15,1.4995238058985018e-15,dissipation
Chlorpyrifos,"('ecoinvent-3.12-biosphere', 'ab005f13-989c-5e34-af6f-2129a8c820c5')",P,3.1072796776134795e-15,3.1072796776134795e-15,0.08834569309754706,1.4995238058985018e-15,1.4995238058985018e-15,dissipation
Chlorpyrifos,"('ecoinvent-3.12-biosphere', '1cc0be91-3df0-5d9b-ba9e-c0bb9ce30b0d')",P,3.1072796776134795e-15,3.1072796776134795e-15,0.08834569309754706,1.4995238058985018e-15,1.4995238058985018e-15,dissipation
Chlorpyrifos,"('ecoinvent-3.12-biosphere', '0822b867-9dca-4d5a-93c3-319d39b592cd')",P,3.1072796776134795e-15,3.1072796776134795e-15,0.08834569309754706,1.4995238058985018e-15,1.4995238058985018e-15,dissipation
Chlorpyrifos,"('ecoinvent-3.12-biosphere', '736923cd-6eb7-4896-98f8-46951d56da97')",P,3.1072796776134795e-15,3.1072796776134795e-15,0.08834569309754706,1.4995238058985018e-15,1.4995238058985018e-15,dissipation
Chlorpyrifos,"('ecoinvent-3.12-biosphere', 'd7992d1c-65ec-4523-8b32-aef139acd1f5')",P,3.1072796776134795e-15,3.1072796776134795e-15,0.08834569309754706,1.4995238058985018e-15,1.4995238058985018e-15,dissipation
Chlorpyrifos,"('ecoinvent-3.12-biosphere', '60dd222a-8106-5765-bd90-f03fb4ebc94b')",P,3.1072796776134795e-15,3.1072796776134795e-15,0.08834569309754706,1.4995238058985018e-15,1.4995238058985018e-15,dissipation
Chlorpyrifos,"('ecoinvent-3.12-biosphere', '4f5a026f-7d9c-5d10-85b8-9e01b648bac2')",P,3.1072796776134795e-15,3.1072796776134795e-15,0.08834569309754706,1.4995238058985018e-15,1.4995238058985018e-15,dissipation
Acephate,"('ecoinvent-3.12-biosphere', '383570f4-fd89-5fcf-958d-d2aedb4bbd0e')",P,2.7137871525000457e-15,2.7137871525000457e-15,0.1690997434077633,2.870191878298929e-15,2.870191878298929e-15,dissipation
Acephate,"('ecoinvent-3.12-biosphere', '8212cc9e-1f4f-57f0-bc36-ebaf9e4a113f')",P,2.7137871525000457e-15,2.7137871525000457e-15,0.1690997434077633,2.870191878298929e-15,2.870191878298929e-15,dissipation
Acephate,"('ecoinvent-3.12-biosphere', 'a010fe9e-2fd0-5b3f-b191-dd22b8030a3a')",P,2.7137871525000457e-15,2.7137871525000457e-15,0.1690997434077633,2.870191878298929e-15,2.870191878298929e-15,dissipation
Acephate,"('ecoinvent-3.12-biosphere', 'e2afdc42-58a6-58c0-9fd8-9e6a824042f3')",P,2.7137871525000457e-15,2.7137871525000457e-15,0.1690997434077633,2.870191878298929e-15,2.870191878298929e-15,dissipation
Acephate,"('ecoinvent-3.12-biosphere', '1b10a3a6-1168-5609-8d98-ed3252861869')",P,2.7137871525000457e-15,2.7137871525000457e-15,0.1690997434077633,2.870191878298929e-15,2.870191878298929e-15,dissipation
Acephate,"('ecoinvent-3.12-biosphere', '4cd91b0e-2131-571b-8a8a-3e3ce4d3101f')",P,2.7137871525000457e-15,2.7137871525000457e-15,0.1690997434077633,2.870191878298929e-15,2.870191878298929e-15,dissipation
Acephate,"('ecoinvent-3.12-biosphere', '73a06727-fec3-4d8d-8de5-ef1a0cc2c280')",P,2.7137871525000457e-15,2.7137871525000457e-15,0.1690997434077633,2.870191878298929e-15,2.870191878298929e-15,dissipation
Acephate,"('ecoinvent-3.12-biosphere', 'cdcdbfc9-3d5f-4e78-8033-8dbecbb2cfec')",P,2.7137871525000457e-15,2.7137871525000457e-15,0.1690997434077633,2.870191878298929e-15,2.870191878298929e-15,dissipation
Aluminium hydroxide,"('ecoinvent-3.12-biosphere', '7b192eb2-644e-544a-9299-4a79cb4dd479')",Al,2.465768665931567e-15,2.465768665931567e-15,0.34590533818778524,2.2215897210283707e-14,2.2215897210283707e-14,dissipation
Phosphorus trichloride,"('ecoinvent-3.12-biosphere', '3ba36854-15b2-415a-aa71-c99257aa7204')",P,2.3866494372200585e-15,2.3866494372200585e-15,0.2255443093278963,3.828246168703231e-15,3.828246168703231e-15,dissipation
Phosphorus trichloride,"('ecoinvent-3.12-biosphere', '95886a55-63a7-4e2e-8120-6cd2e6afbbfc')",P,2.3866494372200585e-15,2.3866494372200585e-15,0.2255443093278963,3.828246168703231e-15,3.828246168703231e-15,dissipation
Phosphorus trichloride,"('ecoinvent-3.12-biosphere', 'dcedc211-8daa-49ac-82a9-ce60a22d9b43')",P,2.3866494372200585e-15,2.3866494372200585e-15,0.2255443093278963,3.828246168703231e-15,3.828246168703231e-15,dissipation
Phosphorus trichloride,"('ecoinvent-3.12-biosphere', '5cf4e418-9cd0-5139-bfc2-5d8a8ffda5ff')",P,2.3866494372200585e-15,2.3866494372200585e-15,0.2255443093278963,3.828246168703231e-15,3.828246168703231e-15,dissipation
Phosphorus trichloride,"('ecoinvent-3.12-biosphere', '16addd86-288b-419a-8217-75e4197c5f9d')",P,2.3866494372200585e-15,2.3866494372200585e-15,0.2255443093278963,3.828246168703231e-15,3.828246168703231e-15,dissipation
Phorate,"('ecoinvent-3.12-biosphere', '06f4f268-0e1c-51d3-ae8d-759808afab1a')",P,2.374724845277934e-15,2.374724845277934e-15,0.11894777265745009,2.0189441103994426e-15,2.0189441103994426e-15,dissipation
Phorate,"('ecoinvent-3.12-biosphere', 'bce3bc01-e2f3-545e-bd5f-8a817fe53708')",P,2.374724845277934e-15,2.374724845277934e-15,0.11894777265745009,2.0189441103994426e-15,2.0189441103994426e-15,dissipation
Phorate,"('ecoinvent-3.12-biosphere', 'bef5eefc-23c8-56c0-9835-8b7c68bfa522')",P,2.374724845277934e-15,2.374724845277934e-15,0.11894777265745009,2.0189441103994426e-15,2.0189441103994426e-15,dissipation
Phorate,"('ecoinvent-3.12-biosphere', '2178d345-c7fc-5b75-825c-2e4a790279c9')",P,2.374724845277934e-15,2.374724845277934e-15,0.11894777265745009,2.0189441103994426e-15,2.0189441103994426e-15,dissipation
Phorate,"('ecoinvent-3.12-biosphere', '3470aef6-3382-5fdd-a4c4-89e668b316d0')",P,2.374724845277934e-15,2.374724845277934e-15,0.11894777265745009,2.0189441103994426e-15,2.0189441103994426e-15,dissipation
Phorate,"('ecoinvent-3.12-biosphere', '24d49070-45df-4627-84fa-2d8adeca255b')",P,2.374724845277934e-15,2.374724845277934e-15,0.11894777265745009,2.0189441103994426e-15,2.0189441103994426e-15,dissipation
Phorate,"('ecoinvent-3.12-biosphere', '9b623386-f970-5b95-8415-72d8f168bc6f')",P,2.374724845277934e-15,2.374724845277934e-15,0.11894777265745009,2.0189441103994426e-15,2.0189441103994426e-15,dissipation
Uranium,"('ecoinvent-3.12-biosphere', '595f08d9-6304-497e-bb7d-48b6d2d8bff3')",U,2.216639396952345e-15,2.216639396952345e-15,1.0,9.154438878304105e-12,9.154438878304105e-12,dissipation
Uranium,"('ecoinvent-3.12-biosphere', '52317c31-7bdc-47de-9c23-ecf55127de75')",U,2.216639396952345e-15,2.216639396952345e-15,1.0,9.154438878304105e-12,9.154438878304105e-12,dissipation
Uranium,"('ecoinvent-3.12-biosphere', '2e518059-747c-4ff1-8da3-17134c547ac2')",U,2.216639396952345e-15,2.216639396952345e-15,1.0,9.154438878304105e-12,9.154438878304105e-12,dissipation
Uranium,"('ecoinvent-3.12-biosphere', '55fb6174-72e0-4a5e-9eb5-8d5780acffd1')",U,2.216639396952345e-15,2.216639396952345e-15,1.0,9.154438878304105e-12,9.154438878304105e-12,dissipation
Phosphorus pentachloride,"('ecoinvent-3.12-biosphere', 'd93300fd-ea6a-5e77-848c-520e1b144069')",P,1.821119582181353e-15,1.821119582181353e-15,0.1487704130643612,2.525134708684029e-15,2.525134708684029e-15,dissipation
Mancozeb,"('ecoinvent-3.12-biosphere', 'e5341dca-5831-5bf1-8d1b-e7bef2b17d9b')",Mn,1.5307983854043727e-15,5.122076478480372e-16,0.10153021622620588,6.584242677286185e-15,1.9677855459297162e-14,dissipation
Mancozeb,"('ecoinvent-3.12-biosphere', 'e5341dca-5831-5bf1-8d1b-e7bef2b17d9b')",Zn,1.5307983854043727e-15,1.0185907375563356e-15,0.12082794307891331,1.3093612782010977e-14,1.9677855459297162e-14,dissipation
Mancozeb,"('ecoinvent-3.12-biosphere', 'c34b7d39-1ab2-512f-8c5d-c5c8aa5eff2d')",Mn,1.5307983854043727e-15,5.122076478480372e-16,0.10153021622620588,6.584242677286185e-15,1.9677855459297162e-14,dissipation
Mancozeb,"('ecoinvent-3.12-biosphere', 'c34b7d39-1ab2-512f-8c5d-c5c8aa5eff2d')",Zn,1.5307983854043727e-15,1.0185907375563356e-15,0.12082794307891331,1.3093612782010977e-14,1.9677855459297162e-14,dissipation
Mancozeb,"('ecoinvent-3.12-biosphere', '193eb6c2-57b1-5b5f-91a4-2986768b33c0')",Mn,1.5307983854043727e-15,5.122076478480372e-16,0.10153021622620588,6.584242677286185e-15,1.9677855459297162e-14,dissipation
Mancozeb,"('ecoinvent-3.12-biosphere', '193eb6c2-57b1-5b5f-91a4-2986768b33c0')",Zn,1.5307983854043727e-15,1.0185907375563356e-15,0.12082794307891331,1.3093612782010977e-14,1.9677855459297162e-14,dissipation
Mancozeb,"('ecoinvent-3.12-biosphere', '4f6390e3-bca5-4d3b-aead-7d63f2534440')",Mn,1.5307983854043727e-15,5.122076478480372e-16,0.10153021622620588,6.584242677286185e-15,1.9677855459297162e-14,dissipation
Mancozeb,"('ecoinvent-3.12-biosphere', '4f6390e3-bca5-4d3b-aead-7d63f2534440')",Zn,1.5307983854043727e-15,1.0185907375563356e-15,0.12082794307891331,1.3093612782010977e-14,1.9677855459297162e-14,dissipation
Mancozeb,"('ecoinvent-3.12-biosphere', '61c6920c-89ff-5928-9bea-012bd1fc5bec')",Mn,1.5307983854043727e-15,5.122076478480372e-16,0.10153021622620588,6.584242677286185e-15,1.9677855459297162e-14,dissipation
Mancozeb,"('ecoinvent-3.12-biosphere', '61c6920c-89ff-5928-9bea-012bd1fc5bec')",Zn,1.5307983854043727e-15,1.0185907375563356e-15,0.12082794307891331,1.3093612782010977e-14,1.9677855459297162e-14,dissipation
Mancozeb,"('ecoinvent-3.12-biosphere', '08c34081-cb18-5b76-b5f5-4177434e7bc0')",Mn,1.5307983854043727e-15,5.122076478480372e-16,0.10153021622620588,6.584242677286185e-15,1.9677855459297162e-14,dissipation
Mancozeb,"('ecoinvent-3.12-biosphere', '08c34081-cb18-5b76-b5f5-4177434e7bc0')",Zn,1.5307983854043727e-15,1.0185907375563356e-15,0.12082794307891331,1.3093612782010977e-14,1.9677855459297162e-14,dissipation
Mancozeb,"('ecoinvent-3.12-biosphere', 'c7d666fc-9018-5e44-9c68-8112aee4f20e')",Mn,1.5307983854043727e-15,5.122076478480372e-16,0.10153021622620588,6.584242677286185e-15,1.9677855459297162e-14,dissipation
Mancozeb,"('ecoinvent-3.12-biosphere', 'c7d666fc-9018-5e44-9c68-8112aee4f20e')",Zn,1.5307983854043727e-15,1.0185907375563356e-15,0.12082794307891331,1.3093612782010977e-14,1.9677855459297162e-14,dissipation
Mancozeb,"('ecoinvent-3.12-biosphere', '04b5664e-7ad4-5b04-a859-ba1ae903d310')",Mn,1.5307983854043727e-15,5.122076478480372e-16,0.10153021622620588,6.584242677286185e-15,1.9677855459297162e-14,dissipation
Mancozeb,"('ecoinvent-3.12-biosphere', '04b5664e-7ad4-5b04-a859-ba1ae903d310')",Zn,1.5307983854043727e-15,1.0185907375563356e-15,0.12082794307891331,1.3093612782010977e-14,1.9677855459297162e-14,dissipation
Phosphate,"('ecoinvent-3.12-biosphere', '1727b41d-377e-43cd-bc01-9eaba946eccb')",P,1.4140720990061802e-15,1.4140720990061802e-15,0.3261416642975224,5.53572191877536e-15,5.53572191877536e-15,dissipation
Phosphate,"('ecoinvent-3.12-biosphere', '3aaf9017-0d8a-42aa-9a60-cbc39e994e73')",P,1.4140720990061802e-15,1.4140720990061802e-15,0.3261416642975224,5.53572191877536e-15,5.53572191877536e-15,dissipation
Phosphate,"('ecoinvent-3.12-biosphere', 'c8791f3c-3c4a-4278-91c0-483797d14da2')",P,1.4140720990061802e-15,1.4140720990061802e-15,0.3261416642975224,5.53572191877536e-15,5.53572191877536e-15,dissipation
Phosphate,"('ecoinvent-3.12-biosphere', '490b267b-f429-4d9a-ac79-224e37fb4d58')",P,1.4140720990061802e-15,1.4140720990061802e-15,0.3261416642975224,5.53572191877536e-15,5.53572191877536e-15,dissipation
Phosphate,"('ecoinvent-3.12-biosphere', '329fc7d8-4011-4327-84e4-34ff76f0e42d')",P,1.4140720990061802e-15,1.4140720990061802e-15,0.3261416642975224,5.53572191877536e-15,5.53572191877536e-15,dissipation
Ethoprop,"('ecoinvent-3.12-biosphere', '21b5487b-4086-490b-9f98-1f5503feee7c')",P,1.4117144566789307e-15,1.4117144566789307e-15,0.1278332645480809,2.1697608186050957e-15,2.1697608186050957e-15,dissipation
Ethoprop,"('ecoinvent-3.12-biosphere', '4970ab0b-e340-5e28-a117-2ed2e61edb41')",P,1.4117144566789307e-15,1.4117144566789307e-15,0.1278332645480809,2.1697608186050957e-15,2.1697608186050957e-15,dissipation
Ethoprop,"('ecoinvent-3.12-biosphere', 'b269ad9c-9fc9-58f7-ba1b-a86d646b997e')",P,1.4117144566789307e-15,1.4117144566789307e-15,0.1278332645480809,2.1697608186050957e-15,2.1697608186050957e-15,dissipation
Ethoprop,"('ecoinvent-3.12-biosphere', 'd21e6302-aa74-56ef-93cf-48d39170130e')",P,1.4117144566789307e-15,1.4117144566789307e-15,0.1278332645480809,2.1697608186050957e-15,2.1697608186050957e-15,dissipation
Ethoprop,"('ecoinvent-3.12-biosphere', '06d88459-5b00-576e-9c35-d0f24f5cc889')",P,1.4117144566789307e-15,1.4117144566789307e-15,0.1278332645480809,2.1697608186050957e-15,2.1697608186050957e-15,dissipation
Ethoprop,"('ecoinvent-3.12-biosphere', '6e60b3b8-f477-508f-9d16-f9fb406cd1d6')",P,1.4117144566789307e-15,1.4117144566789307e-15,0.1278332645480809,2.1697608186050957e-15,2.1697608186050957e-15,dissipation
Ethoprop,"('ecoinvent-3.12-biosphere', '93537e66-0951-5262-93c0-8be63fc7eb08')",P,1.4117144566789307e-15,1.4117144566789307e-15,0.1278332645480809,2.1697608186050957e-15,2.1697608186050957e-15,dissipation
Lithium I,"('ecoinvent-3.12-biosphere', 'eb2bfdf1-1881-40e8-bebb-d674b2a79149')",Li,1.2086762353774443e-15,1.2086762353774443e-15,1.0,1.5184934529957733e-13,1.5184934529957733e-13,dissipation
Lithium I,"('ecoinvent-3.12-biosphere', 'e98084d6-88a2-48cf-9ad5-6462fe9cf857')",Li,1.2086762353774443e-15,1.2086762353774443e-15,1.0,1.5184934529957733e-13,1.5184934529957733e-13,dissipation
Lithium I,"('ecoinvent-3.12-biosphere', '6230c099-a983-4d9d-98a8-a0697962bec3')",Li,1.2086762353774443e-15,1.2086762353774443e-15,1.0,1.5184934529957733e-13,1.5184934529957733e-13,dissipation
Lithium I,"('ecoinvent-3.12-biosphere', '85466e0f-e5b5-4084-9338-59e317f7cb09')",Li,1.2086762353774443e-15,1.2086762353774443e-15,1.0,1.5184934529957733e-13,1.5184934529957733e-13,dissipation
Lithium I,"('ecoinvent-3.12-biosphere', 'cf88e72e-13bc-416c-ac41-7d4b24bda86a')",Li,1.2086762353774443e-15,1.2086762353774443e-15,1.0,1.5184934529957733e-13,1.5184934529957733e-13,dissipation
Lithium I,"('ecoinvent-3.12-biosphere', '4569494e-085e-413a-8fef-63a3c419e0cf')",Li,1.2086762353774443e-15,1.2086762353774443e-15,1.0,1.5184934529957733e-13,1.5184934529957733e-13,dissipation
Lithium I,"('ecoinvent-3.12-biosphere', 'c44b0e3b-e65e-4276-aa1f-3db768757b66')",Li,1.2086762353774443e-15,1.2086762353774443e-15,1.0,1.5184934529957733e-13,1.5184934529957733e-13,dissipation
Acephate,"('ecoinvent-3.12-biosphere', '383570f4-fd89-5fcf-958d-d2aedb4bbd0e')",P,7.813295570093785e-16,7.813295570093785e-16,0.1690997434077633,2.870191878298929e-15,2.870191878298929e-15,dissipation
Acephate,"('ecoinvent-3.12-biosphere', '8212cc9e-1f4f-57f0-bc36-ebaf9e4a113f')",P,7.813295570093785e-16,7.813295570093785e-16,0.1690997434077633,2.870191878298929e-15,2.870191878298929e-15,dissipation
Acephate,"('ecoinvent-3.12-biosphere', 'a010fe9e-2fd0-5b3f-b191-dd22b8030a3a')",P,7.813295570093785e-16,7.813295570093785e-16,0.1690997434077633,2.870191878298929e-15,2.870191878298929e-15,dissipation
Acephate,"('ecoinvent-3.12-biosphere', 'e2afdc42-58a6-58c0-9fd8-9e6a824042f3')",P,7.813295570093785e-16,7.813295570093785e-16,0.1690997434077633,2.870191878298929e-15,2.870191878298929e-15,dissipation
Acephate,"('ecoinvent-3.12-biosphere', '1b10a3a6-1168-5609-8d98-ed3252861869')",P,7.813295570093785e-16,7.813295570093785e-16,0.1690997434077633,2.870191878298929e-15,2.870191878298929e-15,dissipation
Acephate,"('ecoinvent-3.12-biosphere', '4cd91b0e-2131-571b-8a8a-3e3ce4d3101f')",P,7.813295570093785e-16,7.813295570093785e-16,0.1690997434077633,2.870191878298929e-15,2.870191878298929e-15,dissipation
Acephate,"('ecoinvent-3.12-biosphere', '73a06727-fec3-4d8d-8de5-ef1a0cc2c280')",P,7.813295570093785e-16,7.813295570093785e-16,0.1690997434077633,2.870191878298929e-15,2.870191878298929e-15,dissipation
Acephate,"('ecoinvent-3.12-biosphere', 'cdcdbfc9-3d5f-4e78-8033-8dbecbb2cfec')",P,7.813295570093785e-16,7.813295570093785e-16,0.1690997434077633,2.870191878298929e-15,2.870191878298929e-15,dissipation
Copper oxychloride,"('ecoinvent-3.12-biosphere', '5c309691-59d6-5439-ba94-30c990aacf49')",Cu,7.612601081650819e-16,7.612601081650819e-16,0.5950835791543756,7.326926896109611e-15,7.326926896109611e-15,dissipation
Copper oxychloride,"('ecoinvent-3.12-biosphere', '08c9d29a-ba22-54a0-a500-b9a4709e35cf')",Cu,7.612601081650819e-16,7.612601081650819e-16,0.5950835791543756,7.326926896109611e-15,7.326926896109611e-15,dissipation
Copper oxychloride,"('ecoinvent-3.12-biosphere', '707ed70e-55ad-5787-af1e-94cd9a438954')",Cu,7.612601081650819e-16,7.612601081650819e-16,0.5950835791543756,7.326926896109611e-15,7.326926896109611e-15,dissipation
Copper oxychloride,"('ecoinvent-3.12-biosphere', 'a46f2cef-b328-5d0d-848d-aa485e50eb8e')",Cu,7.612601081650819e-16,7.612601081650819e-16,0.5950835791543756,7.326926896109611e-15,7.326926896109611e-15,dissipation
Copper oxychloride,"('ecoinvent-3.12-biosphere', '8a0f9d4c-cf90-5c89-a79d-2926cc516521')",Cu,7.612601081650819e-16,7.612601081650819e-16,0.5950835791543756,7.326926896109611e-15,7.326926896109611e-15,dissipation
Copper oxychloride,"('ecoinvent-3.12-biosphere', '1b5743fe-479b-51c0-a7c1-ab1422052ecd')",Cu,7.612601081650819e-16,7.612601081650819e-16,0.5950835791543756,7.326926896109611e-15,7.326926896109611e-15,dissipation
Copper oxychloride,"('ecoinvent-3.12-biosphere', 'aaca334b-09a5-589e-8088-d3bc090b12e0')",Cu,7.612601081650819e-16,7.612601081650819e-16,0.5950835791543756,7.326926896109611e-15,7.326926896109611e-15,dissipation
Glyphosate,"('ecoinvent-3.12-biosphere', '463893cd-5766-56a4-8e79-16c9614d2763')",P,6.912338397483703e-16,6.912338397483703e-16,0.1832022239309162,3.1095584453067654e-15,3.1095584453067654e-15,dissipation
Glyphosate,"('ecoinvent-3.12-biosphere', 'bd02a7ec-dcb5-4609-bc96-cc7a96601ce2')",P,6.912338397483703e-16,6.912338397483703e-16,0.1832022239309162,3.1095584453067654e-15,3.1095584453067654e-15,dissipation
Glyphosate,"('ecoinvent-3.12-biosphere', '204e07e2-d513-55bd-939d-66b2939049e4')",P,6.912338397483703e-16,6.912338397483703e-16,0.1832022239309162,3.1095584453067654e-15,3.1095584453067654e-15,dissipation
Glyphosate,"('ecoinvent-3.12-biosphere', '17955b10-4c04-4fff-91e7-cf89ef1a7cca')",P,6.912338397483703e-16,6.912338397483703e-16,0.1832022239309162,3.1095584453067654e-15,3.1095584453067654e-15,dissipation
Glyphosate,"('ecoinvent-3.12-biosphere', 'd2d93101-7555-4c77-b4b8-ddac7f6eba50')",P,6.912338397483703e-16,6.912338397483703e-16,0.1832022239309162,3.1095584453067654e-15,3.1095584453067654e-15,dissipation
Glyphosate,"('ecoinvent-3.12-biosphere', 'e157e3dd-88b9-4256-ab2e-ff82e7b8d088')",P,6.912338397483703e-16,6.912338397483703e-16,0.1832022239309162,3.1095584453067654e-15,3.1095584453067654e-15,dissipation
Glyphosate,"('ecoinvent-3.12-biosphere', 'b4f9a201-2a20-4f41-a572-eabc98c75e1b')",P,6.912338397483703e-16,6.912338397483703e-16,0.1832022239309162,3.1095584453067654e-15,3.1095584453067654e-15,dissipation
Glyphosate,"('ecoinvent-3.12-biosphere', '3850d44e-8919-47bc-9c0a-51ccc4ec9d9f')",P,6.912338397483703e-16,6.912338397483703e-16,0.1832022239309162,3.1095584453067654e-15,3.1095584453067654e-15,dissipation
Glyphosate,"('ecoinvent-3.12-biosphere', '94007b78-83a2-5b31-a0d6-71c3c950182f')",P,6.912338397483703e-16,6.912338397483703e-16,0.1832022239309162,3.1095584453067654e-15,3.1095584453067654e-15,dissipation
Glufosinate,"('ecoinvent-3.12-biosphere', '8f9e5000-0dfd-51b3-84b7-2872df0223ec')",P,5.849961771530514e-16,5.849961771530514e-16,0.1710042510903771,2.9025177847292816e-15,2.9025177847292816e-15,dissipation
Glufosinate,"('ecoinvent-3.12-biosphere', '450fa28c-72e1-5e55-8408-c87e4ecdcddc')",P,5.849961771530514e-16,5.849961771530514e-16,0.1710042510903771,2.9025177847292816e-15,2.9025177847292816e-15,dissipation
Glufosinate,"('ecoinvent-3.12-biosphere', 'eb6c55f2-a070-5e4b-a985-5e4b69013561')",P,5.849961771530514e-16,5.849961771530514e-16,0.1710042510903771,2.9025177847292816e-15,2.9025177847292816e-15,dissipation
Glufosinate,"('ecoinvent-3.12-biosphere', '9d20a094-1fe5-5325-abac-968411310403')",P,5.849961771530514e-16,5.849961771530514e-16,0.1710042510903771,2.9025177847292816e-15,2.9025177847292816e-15,dissipation
Glufosinate,"('ecoinvent-3.12-biosphere', 'b7a0a14a-b0b2-4aeb-923f-5c2ec1251dd5')",P,5.849961771530514e-16,5.849961771530514e-16,0.1710042510903771,2.9025177847292816e-15,2.9025177847292816e-15,dissipation
Glufosinate,"('ecoinvent-3.12-biosphere', '189bfd0c-3c62-53f0-8327-851c86e905b6')",P,5.849961771530514e-16,5.849961771530514e-16,0.1710042510903771,2.9025177847292816e-15,2.9025177847292816e-15,dissipation
Glufosinate,"('ecoinvent-3.12-biosphere', '639ddb85-c4e3-5175-9c22-6a7621c397d9')",P,5.849961771530514e-16,5.849961771530514e-16,0.1710042510903771,2.9025177847292816e-15,2.9025177847292816e-15,dissipation
Lithium hexafluorophosphate,"('ecoinvent-3.12-biosphere', 'd8f3a308-175d-5582-a747-5e950f1881bf')",Li,5.120410315877378e-16,3.416329834501676e-16,0.045694535878867674,6.938685356974102e-15,1.0399732403373147e-14,dissipation
Lithium hexafluorophosphate,"('ecoinvent-3.12-biosphere', 'd8f3a308-175d-5582-a747-5e950f1881bf')",P,5.120410315877378e-16,1.7040804813757015e-16,0.20391046741277155,3.461047046399044e-15,1.0399732403373147e-14,dissipation
Glyphosate,"('ecoinvent-3.12-biosphere', '463893cd-5766-56a4-8e79-16c9614d2763')",P,4.869945034923515e-16,4.869945034923515e-16,0.1832022239309162,3.1095584453067654e-15,3.1095584453067654e-15,dissipation
Glyphosate,"('ecoinvent-3.12-biosphere', 'bd02a7ec-dcb5-4609-bc96-cc7a96601ce2')",P,4.869945034923515e-16,4.869945034923515e-16,0.1832022239309162,3.1095584453067654e-15,3.1095584453067654e-15,dissipation
Glyphosate,"('ecoinvent-3.12-biosphere', '204e07e2-d513-55bd-939d-66b2939049e4')",P,4.869945034923515e-16,4.869945034923515e-16,0.1832022239309162,3.1095584453067654e-15,3.1095584453067654e-15,dissipation
Glyphosate,"('ecoinvent-3.12-biosphere', '17955b10-4c04-4fff-91e7-cf89ef1a7cca')",P,4.869945034923515e-16,4.869945034923515e-16,0.1832022239309162,3.1095584453067654e-15,3.1095584453067654e-15,dissipation
Glyphosate,"('ecoinvent-3.12-biosphere', 'd2d93101-7555-4c77-b4b8-ddac7f6eba50')",P,4.869945034923515e-16,4.869945034923515e-16,0.1832022239309162,3.1095584453067654e-15,3.1095584453067654e-15,dissipation
Glyphosate,"('ecoinvent-3.12-biosphere', 'e157e3dd-88b9-4256-ab2e-ff82e7b8d088')",P,4.869945034923515e-16,4.869945034923515e-16,0.1832022239309162,3.1095584453067654e-15,3.1095584453067654e-15,dissipation
Glyphosate,"('ecoinvent-3.12-biosphere', 'b4f9a201-2a20-4f41-a572-eabc98c75e1b')",P,4.869945034923515e-16,4.869945034923515e-16,0.1832022239309162,3.1095584453067654e-15,3.1095584453067654e-15,dissipation
Glyphosate,"('ecoinvent-3.12-biosphere', '3850d44e-8919-47bc-9c0a-51ccc4ec9d9f')",P,4.869945034923515e-16,4.869945034923515e-16,0.1832022239309162,3.1095584453067654e-15,3.1095584453067654e-15,dissipation
Glyphosate,"('ecoinvent-3.12-biosphere', '94007b78-83a2-5b31-a0d6-71c3c950182f')",P,4.869945034923515e-16,4.869945034923515e-16,0.1832022239309162,3.1095584453067654e-15,3.1095584453067654e-15,dissipation
Mancozeb,"('ecoinvent-3.12-biosphere', 'e5341dca-5831-5bf1-8d1b-e7bef2b17d9b')",Mn,4.864581628346923e-16,1.627696983076028e-16,0.10153021622620588,6.584242677286185e-15,1.9677855459297162e-14,dissipation
Mancozeb,"('ecoinvent-3.12-biosphere', 'e5341dca-5831-5bf1-8d1b-e7bef2b17d9b')",Zn,4.864581628346923e-16,3.236884645270896e-16,0.12082794307891331,1.3093612782010977e-14,1.9677855459297162e-14,dissipation
Mancozeb,"('ecoinvent-3.12-biosphere', 'c34b7d39-1ab2-512f-8c5d-c5c8aa5eff2d')",Mn,4.864581628346923e-16,1.627696983076028e-16,0.10153021622620588,6.584242677286185e-15,1.9677855459297162e-14,dissipation
Mancozeb,"('ecoinvent-3.12-biosphere', 'c34b7d39-1ab2-512f-8c5d-c5c8aa5eff2d')",Zn,4.864581628346923e-16,3.236884645270896e-16,0.12082794307891331,1.3093612782010977e-14,1.9677855459297162e-14,dissipation
Mancozeb,"('ecoinvent-3.12-biosphere', '193eb6c2-57b1-5b5f-91a4-2986768b33c0')",Mn,4.864581628346923e-16,1.627696983076028e-16,0.10153021622620588,6.584242677286185e-15,1.9677855459297162e-14,dissipation
Mancozeb,"('ecoinvent-3.12-biosphere', '193eb6c2-57b1-5b5f-91a4-2986768b33c0')",Zn,4.864581628346923e-16,3.236884645270896e-16,0.12082794307891331,1.3093612782010977e-14,1.9677855459297162e-14,dissipation
Mancozeb,"('ecoinvent-3.12-biosphere', '4f6390e3-bca5-4d3b-aead-7d63f2534440')",Mn,4.864581628346923e-16,1.627696983076028e-16,0.10153021622620588,6.584242677286185e-15,1.9677855459297162e-14,dissipation
Mancozeb,"('ecoinvent-3.12-biosphere', '4f6390e3-bca5-4d3b-aead-7d63f2534440')",Zn,4.864581628346923e-16,3.236884645270896e-16,0.12082794307891331,1.3093612782010977e-14,1.9677855459297162e-14,dissipation
Mancozeb,"('ecoinvent-3.12-biosphere', '61c6920c-89ff-5928-9bea-012bd1fc5bec')",Mn,4.864581628346923e-16,1.627696983076028e-16,0.10153021622620588,6.584242677286185e-15,1.9677855459297162e-14,dissipation
Mancozeb,"('ecoinvent-3.12-biosphere', '61c6920c-89ff-5928-9bea-012bd1fc5bec')",Zn,4.864581628346923e-16,3.236884645270896e-16,0.12082794307891331,1.3093612782010977e-14,1.9677855459297162e-14,dissipation
Mancozeb,"('ecoinvent-3.12-biosphere', '08c34081-cb18-5b76-b5f5-4177434e7bc0')",Mn,4.864581628346923e-16,1.627696983076028e-16,0.10153021622620588,6.584242677286185e-15,1.9677855459297162e-14,dissipation
Mancozeb,"('ecoinvent-3.12-biosphere', '08c34081-cb18-5b76-b5f5-4177434e7bc0')",Zn,4.864581628346923e-16,3.236884645270896e-16,0.12082794307891331,1.3093612782010977e-14,1.9677855459297162e-14,dissipation
Mancozeb,"('ecoinvent-3.12-biosphere', 'c7d666fc-9018-5e44-9c68-8112aee4f20e')",Mn,4.864581628346923e-16,1.627696983076028e-16,0.10153021622620588,6.584242677286185e-15,1.9677855459297162e-14,dissipation
Mancozeb,"('ecoinvent-3.12-biosphere', 'c7d666fc-9018-5e44-9c68-8112aee4f20e')",Zn,4.864581628346923e-16,3.236884645270896e-16,0.12082794307891331,1.3093612782010977e-14,1.9677855459297162e-14,dissipation
Mancozeb,"('ecoinvent-3.12-biosphere', '04b5664e-7ad4-5b04-a859-ba1ae903d310')",Mn,4.864581628346923e-16,1.627696983076028e-16,0.10153021622620588,6.584242677286185e-15,1.9677855459297162e-14,dissipation
Mancozeb,"('ecoinvent-3.12-biosphere', '04b5664e-7ad4-5b04-a859-ba1ae903d310')",Zn,4.864581628346923e-16,3.236884645270896e-16,0.12082794307891331,1.3093612782010977e-14,1.9677855459297162e-14,dissipation
Phosphine,"('ecoinvent-3.12-biosphere', 'eb8b2c6c-d8f6-50ed-b1de-35328da94a55')",P,4.821661298224941e-16,4.821661298224941e-16,0.9110535913877288,1.5463646283546527e-14,1.5463646283546527e-14,dissipation
Phosphine,"('ecoinvent-3.12-biosphere', '5d22e791-8399-414a-8adb-35615026d06c')",P,4.821661298224941e-16,4.821661298224941e-16,0.9110535913877288,1.5463646283546527e-14,1.5463646283546527e-14,dissipation
Phosphine,"('ecoinvent-3.12-biosphere', 'e4709075-05f1-5850-a5e2-4c7250406acf')",P,4.821661298224941e-16,4.821661298224941e-16,0.9110535913877288,1.5463646283546527e-14,1.5463646283546527e-14,dissipation
Phosphine,"('ecoinvent-3.12-biosphere', 'ffd4f15e-b80e-5a44-b5c9-d8cdbeffe3bf')",P,4.821661298224941e-16,4.821661298224941e-16,0.9110535913877288,1.5463646283546527e-14,1.5463646283546527e-14,dissipation
Phosphine,"('ecoinvent-3.12-biosphere', '45b2b1f0-3c01-57fc-ab28-c769c1f04ff6')",P,4.821661298224941e-16,4.821661298224941e-16,0.9110535913877288,1.5463646283546527e-14,1.5463646283546527e-14,dissipation
Phosphine,"('ecoinvent-3.12-biosphere', '2719825b-24dc-5024-806a-17982606ba7f')",P,4.821661298224941e-16,4.821661298224941e-16,0.9110535913877288,1.5463646283546527e-14,1.5463646283546527e-14,dissipation
Phosphine,"('ecoinvent-3.12-biosphere', 'ed975027-d31b-429b-ae6b-70b70df7bf5b')",P,4.821661298224941e-16,4.821661298224941e-16,0.9110535913877288,1.5463646283546527e-14,1.5463646283546527e-14,dissipation
Phosphine,"('ecoinvent-3.12-biosphere', 'fba3ef86-de65-4079-868d-8b6438d46092')",P,4.821661298224941e-16,4.821661298224941e-16,0.9110535913877288,1.5463646283546527e-14,1.5463646283546527e-14,dissipation
Phosphine,"('ecoinvent-3.12-biosphere', '097cecfb-bed2-43a0-81b7-c153d0bb14b9')",P,4.821661298224941e-16,4.821661298224941e-16,0.9110535913877288,1.5463646283546527e-14,1.5463646283546527e-14,dissipation
Diazinon,"('ecoinvent-3.12-biosphere', 'c4302ab1-eb6d-458b-86ad-f7d7d4df411e')",P,4.487480839222076e-16,4.487480839222076e-16,0.10177098735009035,1.7273962423131748e-15,1.7273962423131748e-15,dissipation
Diazinon,"('ecoinvent-3.12-biosphere', '6a511797-edec-56ff-bd22-bae1ba13c90a')",P,4.487480839222076e-16,4.487480839222076e-16,0.10177098735009035,1.7273962423131748e-15,1.7273962423131748e-15,dissipation
Diazinon,"('ecoinvent-3.12-biosphere', '7d8d9cd6-8c50-5bad-9224-53b83fbf435d')",P,4.487480839222076e-16,4.487480839222076e-16,0.10177098735009035,1.7273962423131748e-15,1.7273962423131748e-15,dissipation
Diazinon,"('ecoinvent-3.12-biosphere', '5121cb2d-4764-5475-a8e9-0fc57073099a')",P,4.487480839222076e-16,4.487480839222076e-16,0.10177098735009035,1.7273962423131748e-15,1.7273962423131748e-15,dissipation
Diazinon,"('ecoinvent-3.12-biosphere', 'b6b877cb-f164-5b77-b082-c0690a605ff5')",P,4.487480839222076e-16,4.487480839222076e-16,0.10177098735009035,1.7273962423131748e-15,1.7273962423131748e-15,dissipation
Diazinon,"('ecoinvent-3.12-biosphere', '6be4a40c-06c9-5c28-a30c-4bc8a6677521')",P,4.487480839222076e-16,4.487480839222076e-16,0.10177098735009035,1.7273962423131748e-15,1.7273962423131748e-15,dissipation
Diazinon,"('ecoinvent-3.12-biosphere', '087104ee-c665-597b-a2d6-3ceae0118b0d')",P,4.487480839222076e-16,4.487480839222076e-16,0.10177098735009035,1.7273962423131748e-15,1.7273962423131748e-15,dissipation
Dimethoate,"('ecoinvent-3.12-biosphere', 'd3e2d77e-6e07-5e44-8d52-5b2660182997')",P,4.1207262636759316e-16,4.1207262636759316e-16,0.13508068033144352,2.292773861090339e-15,2.292773861090339e-15,dissipation
Dimethoate,"('ecoinvent-3.12-biosphere', '28f19625-5e6a-4902-8c18-4b519db19d86')",P,4.1207262636759316e-16,4.1207262636759316e-16,0.13508068033144352,2.292773861090339e-15,2.292773861090339e-15,dissipation
Dimethoate,"('ecoinvent-3.12-biosphere', 'd49b5e5b-135d-536f-8231-81ab53f28022')",P,4.1207262636759316e-16,4.1207262636759316e-16,0.13508068033144352,2.292773861090339e-15,2.292773861090339e-15,dissipation
Dimethoate,"('ecoinvent-3.12-biosphere', '6d1613a4-9af4-5bb3-b159-ac480ee22c7e')",P,4.1207262636759316e-16,4.1207262636759316e-16,0.13508068033144352,2.292773861090339e-15,2.292773861090339e-15,dissipation
Dimethoate,"('ecoinvent-3.12-biosphere', '59f4e509-3e2b-52fa-afe6-ea826a5163f2')",P,4.1207262636759316e-16,4.1207262636759316e-16,0.13508068033144352,2.292773861090339e-15,2.292773861090339e-15,dissipation
Dimethoate,"('ecoinvent-3.12-biosphere', 'f8dacb2c-6b05-5aa1-8fc8-40cda8bfc188')",P,4.1207262636759316e-16,4.1207262636759316e-16,0.13508068033144352,2.292773861090339e-15,2.292773861090339e-15,dissipation
Dimethoate,"('ecoinvent-3.12-biosphere', '2c96cdaa-6d20-5587-86f3-a8b99c829c6d')",P,4.1207262636759316e-16,4.1207262636759316e-16,0.13508068033144352,2.292773861090339e-15,2.292773861090339e-15,dissipation
Dimethoate,"('ecoinvent-3.12-biosphere', '657d244c-3820-48cd-ac10-ebd0c0ee9703')",P,4.1207262636759316e-16,4.1207262636759316e-16,0.13508068033144352,2.292773861090339e-15,2.292773861090339e-15,dissipation
Dimethoate,"('ecoinvent-3.12-biosphere', 'c572ab67-0f10-5be7-b3c5-66d67302c57a')",P,4.1207262636759316e-16,4.1207262636759316e-16,0.13508068033144352,2.292773861090339e-15,2.292773861090339e-15,dissipation
Phosphorus pentafluoride,"('ecoinvent-3.12-biosphere', '26fa5bf3-0d4c-5aa3-b9c0-b4216a679893')",P,3.4422965450085185e-16,3.4422965450085185e-16,0.2458921823130282,4.173618069367526e-15,4.173618069367526e-15,dissipation
Chromium VI,"('ecoinvent-3.12-biosphere', 'ef475b50-9cd0-4e7c-9c59-07868fe16e91')",Cr,3.426793234928635e-16,3.426793234928635e-16,1.0,3.1278613038877847e-13,3.1278613038877847e-13,dissipation
Chromium VI,"('ecoinvent-3.12-biosphere', 'c2e854f9-fe22-4fe7-9083-cf6d0a8c7254')",Cr,3.426793234928635e-16,3.426793234928635e-16,1.0,3.1278613038877847e-13,3.1278613038877847e-13,dissipation
Chromium VI,"('ecoinvent-3.12-biosphere', '01285299-c683-4e15-b654-201987a7a738')",Cr,3.426793234928635e-16,3.426793234928635e-16,1.0,3.1278613038877847e-13,3.1278613038877847e-13,dissipation
Chromium VI,"('ecoinvent-3.12-biosphere', '68ba2022-830e-45fb-8c85-b35e94754ae9')",Cr,3.426793234928635e-16,3.426793234928635e-16,1.0,3.1278613038877847e-13,3.1278613038877847e-13,dissipation
Chromium VI,"('ecoinvent-3.12-biosphere', '81e17d9a-3e0b-414e-9b2e-eca7e5b3bd4a')",Cr,3.426793234928635e-16,3.426793234928635e-16,1.0,3.1278613038877847e-13,3.1278613038877847e-13,dissipation
Chromium VI,"('ecoinvent-3.12-biosphere', '8ec83662-7c2b-4452-8acf-95a0bb94233c')",Cr,3.426793234928635e-16,3.426793234928635e-16,1.0,3.1278613038877847e-13,3.1278613038877847e-13,dissipation
Chromium VI,"('ecoinvent-3.12-biosphere', '8216fc31-15a1-4d33-858f-e09650b14c63')",Cr,3.426793234928635e-16,3.426793234928635e-16,1.0,3.1278613038877847e-13,3.1278613038877847e-13,dissipation
Chromium VI,"('ecoinvent-3.12-biosphere', '81b3321a-c9d8-4104-a974-5460f1bc5029')",Cr,3.426793234928635e-16,3.426793234928635e-16,1.0,3.1278613038877847e-13,3.1278613038877847e-13,dissipation
Chromium VI,"('ecoinvent-3.12-biosphere', '03b279a7-4626-4703-a451-d0650599dbd9')",Cr,3.426793234928635e-16,3.426793234928635e-16,1.0,3.1278613038877847e-13,3.1278613038877847e-13,dissipation
Chromium VI,"('ecoinvent-3.12-biosphere', 'a9ec0c9b-982a-4329-99ae-dab1f9fb62d3')",Cr,3.426793234928635e-16,3.426793234928635e-16,1.0,3.1278613038877847e-13,3.1278613038877847e-13,dissipation
Chromium VI,"('ecoinvent-3.12-biosphere', '58060894-19d9-4855-84d8-58935a5325f8')",Cr,3.426793234928635e-16,3.426793234928635e-16,1.0,3.1278613038877847e-13,3.1278613038877847e-13,dissipation
Chromium VI,"('ecoinvent-3.12-biosphere', '7a59e8d5-cd11-4ee7-b1ca-30979d2b0b3a')",Cr,3.426793234928635e-16,3.426793234928635e-16,1.0,3.1278613038877847e-13,3.1278613038877847e-13,dissipation
Chromium VI,"('ecoinvent-3.12-biosphere', '9bbae55a-35de-4eff-a219-814a9fec5ac2')",Cr,3.426793234928635e-16,3.426793234928635e-16,1.0,3.1278613038877847e-13,3.1278613038877847e-13,dissipation
Copper oxychloride,"('ecoinvent-3.12-biosphere', '5c309691-59d6-5439-ba94-30c990aacf49')",Cu,3.287288808775472e-16,3.287288808775472e-16,0.5950835791543756,7.326926896109611e-15,7.326926896109611e-15,dissipation
Copper oxychloride,"('ecoinvent-3.12-biosphere', '08c9d29a-ba22-54a0-a500-b9a4709e35cf')",Cu,3.287288808775472e-16,3.287288808775472e-16,0.5950835791543756,7.326926896109611e-15,7.326926896109611e-15,dissipation
Copper oxychloride,"('ecoinvent-3.12-biosphere', '707ed70e-55ad-5787-af1e-94cd9a438954')",Cu,3.287288808775472e-16,3.287288808775472e-16,0.5950835791543756,7.326926896109611e-15,7.326926896109611e-15,dissipation
Copper oxychloride,"('ecoinvent-3.12-biosphere', 'a46f2cef-b328-5d0d-848d-aa485e50eb8e')",Cu,3.287288808775472e-16,3.287288808775472e-16,0.5950835791543756,7.326926896109611e-15,7.326926896109611e-15,dissipation
Copper oxychloride,"('ecoinvent-3.12-biosphere', '8a0f9d4c-cf90-5c89-a79d-2926cc516521')",Cu,3.287288808775472e-16,3.287288808775472e-16,0.5950835791543756,7.326926896109611e-15,7.326926896109611e-15,dissipation
Copper oxychloride,"('ecoinvent-3.12-biosphere', '1b5743fe-479b-51c0-a7c1-ab1422052ecd')",Cu,3.287288808775472e-16,3.287288808775472e-16,0.5950835791543756,7.326926896109611e-15,7.326926896109611e-15,dissipation
Copper oxychloride,"('ecoinvent-3.12-biosphere', 'aaca334b-09a5-589e-8088-d3bc090b12e0')",Cu,3.287288808775472e-16,3.287288808775472e-16,0.5950835791543756,7.326926896109611e-15,7.326926896109611e-15,dissipation
Lead II,"('ecoinvent-3.12-biosphere', '31c4d160-b21e-41b3-b9c1-3d7a72377653')",Pb,3.0357006890898856e-16,3.0357006890898856e-16,1.0,1.1855254708054448e-13,1.1855254708054448e-13,dissipation
Lead II,"('ecoinvent-3.12-biosphere', '67652827-017f-4856-8d0a-c97bac4c6562')",Pb,3.0357006890898856e-16,3.0357006890898856e-16,1.0,1.1855254708054448e-13,1.1855254708054448e-13,dissipation
Lead II,"('ecoinvent-3.12-biosphere', '8e123669-94d3-41d8-9480-a79211fe7c43')",Pb,3.0357006890898856e-16,3.0357006890898856e-16,1.0,1.1855254708054448e-13,1.1855254708054448e-13,dissipation
Lead II,"('ecoinvent-3.12-biosphere', '2718482b-8399-442e-b89a-52fbcc22d2e6')",Pb,3.0357006890898856e-16,3.0357006890898856e-16,1.0,1.1855254708054448e-13,1.1855254708054448e-13,dissipation
Lead II,"('ecoinvent-3.12-biosphere', 'fe4613d7-1ed8-427d-9b06-c8e8f4f5e1b1')",Pb,3.0357006890898856e-16,3.0357006890898856e-16,1.0,1.1855254708054448e-13,1.1855254708054448e-13,dissipation
Lead II,"('ecoinvent-3.12-biosphere', 'c864aa15-0abc-41ad-9889-348106e485d8')",Pb,3.0357006890898856e-16,3.0357006890898856e-16,1.0,1.1855254708054448e-13,1.1855254708054448e-13,dissipation
Lead II,"('ecoinvent-3.12-biosphere', 'b3ebdcc3-c588-4997-95d2-9785b26b34e1')",Pb,3.0357006890898856e-16,3.0357006890898856e-16,1.0,1.1855254708054448e-13,1.1855254708054448e-13,dissipation
Lead II,"('ecoinvent-3.12-biosphere', '739234c8-5359-48b4-983f-9cb170d68c8d')",Pb,3.0357006890898856e-16,3.0357006890898856e-16,1.0,1.1855254708054448e-13,1.1855254708054448e-13,dissipation
Lead II,"('ecoinvent-3.12-biosphere', '9ee7f4ab-b826-47ae-8623-e138f944b42e')",Pb,3.0357006890898856e-16,3.0357006890898856e-16,1.0,1.1855254708054448e-13,1.1855254708054448e-13,dissipation
Lead II,"('ecoinvent-3.12-biosphere', '6a903634-c97f-4c49-a7c0-88f0e6ac7a23')",Pb,3.0357006890898856e-16,3.0357006890898856e-16,1.0,1.1855254708054448e-13,1.1855254708054448e-13,dissipation
Lead II,"('ecoinvent-3.12-biosphere', '4010918f-7fd0-4925-8fbb-8fd7a44a806c')",Pb,3.0357006890898856e-16,3.0357006890898856e-16,1.0,1.1855254708054448e-13,1.1855254708054448e-13,dissipation
Lead II,"('ecoinvent-3.12-biosphere', 'e9e856c2-868e-435e-8425-8df1c9297cfc')",Pb,3.0357006890898856e-16,3.0357006890898856e-16,1.0,1.1855254708054448e-13,1.1855254708054448e-13,dissipation
Lead II,"('ecoinvent-3.12-biosphere', '837083ce-41cd-49f3-a849-d79564dac238')",Pb,3.0357006890898856e-16,3.0357006890898856e-16,1.0,1.1855254708054448e-13,1.1855254708054448e-13,dissipation
Lead II,"('ecoinvent-3.12-biosphere', '0ff15165-d761-48c9-9814-2d1dcdd56857')",Pb,3.0357006890898856e-16,3.0357006890898856e-16,1.0,1.1855254708054448e-13,1.1855254708054448e-13,dissipation
Chlorpyrifos,"('ecoinvent-3.12-biosphere', 'd05f3321-5794-5b5e-b05e-831412c615f9')",P,2.319338901884074e-16,2.319338901884074e-16,0.08834569309754706,1.4995238058985018e-15,1.4995238058985018e-15,dissipation
Chlorpyrifos,"('ecoinvent-3.12-biosphere', 'ab005f13-989c-5e34-af6f-2129a8c820c5')",P,2.319338901884074e-16,2.319338901884074e-16,0.08834569309754706,1.4995238058985018e-15,1.4995238058985018e-15,dissipation
Chlorpyrifos,"('ecoinvent-3.12-biosphere', '1cc0be91-3df0-5d9b-ba9e-c0bb9ce30b0d')",P,2.319338901884074e-16,2.319338901884074e-16,0.08834569309754706,1.4995238058985018e-15,1.4995238058985018e-15,dissipation
Chlorpyrifos,"('ecoinvent-3.12-biosphere', '0822b867-9dca-4d5a-93c3-319d39b592cd')",P,2.319338901884074e-16,2.319338901884074e-16,0.08834569309754706,1.4995238058985018e-15,1.4995238058985018e-15,dissipation
Chlorpyrifos,"('ecoinvent-3.12-biosphere', '736923cd-6eb7-4896-98f8-46951d56da97')",P,2.319338901884074e-16,2.319338901884074e-16,0.08834569309754706,1.4995238058985018e-15,1.4995238058985018e-15,dissipation
Chlorpyrifos,"('ecoinvent-3.12-biosphere', 'd7992d1c-65ec-4523-8b32-aef139acd1f5')",P,2.319338901884074e-16,2.319338901884074e-16,0.08834569309754706,1.4995238058985018e-15,1.4995238058985018e-15,dissipation
Chlorpyrifos,"('ecoinvent-3.12-biosphere', '60dd222a-8106-5765-bd90-f03fb4ebc94b')",P,2.319338901884074e-16,2.319338901884074e-16,0.08834569309754706,1.4995238058985018e-15,1.4995238058985018e-15,dissipation
Chlorpyrifos,"('ecoinvent-3.12-biosphere', '4f5a026f-7d9c-5d10-85b8-9e01b648bac2')",P,2.319338901884074e-16,2.319338901884074e-16,0.08834569309754706,1.4995238058985018e-15,1.4995238058985018e-15,dissipation
Maneb,"('ecoinvent-3.12-biosphere', '7b5fdbb4-b262-509c-9e70-f39269aacd81')",Mn,2.2247023490598085e-16,2.2247023490598085e-16,0.20707877874104788,1.3429075434148342e-14,1.3429075434148342e-14,dissipation
Maneb,"('ecoinvent-3.12-biosphere', 'ad1f825b-2fa8-536b-ad31-3eb612875323')",Mn,2.2247023490598085e-16,2.2247023490598085e-16,0.20707877874104788,1.3429075434148342e-14,1.3429075434148342e-14,dissipation
Maneb,"('ecoinvent-3.12-biosphere', 'd1b2f204-eace-55a0-bf8f-7048d286a27b')",Mn,2.2247023490598085e-16,2.2247023490598085e-16,0.20707877874104788,1.3429075434148342e-14,1.3429075434148342e-14,dissipation
Maneb,"('ecoinvent-3.12-biosphere', 'd689f35b-5ebf-4b87-bb12-c4e316219275')",Mn,2.2247023490598085e-16,2.2247023490598085e-16,0.20707877874104788,1.3429075434148342e-14,1.3429075434148342e-14,dissipation
Maneb,"('ecoinvent-3.12-biosphere', '97e6023d-df74-5509-aab8-40ce866f2492')",Mn,2.2247023490598085e-16,2.2247023490598085e-16,0.20707877874104788,1.3429075434148342e-14,1.3429075434148342e-14,dissipation
Maneb,"('ecoinvent-3.12-biosphere', 'b3ee5425-868b-5327-9dba-2b31548f3148')",Mn,2.2247023490598085e-16,2.2247023490598085e-16,0.20707877874104788,1.3429075434148342e-14,1.3429075434148342e-14,dissipation
Maneb,"('ecoinvent-3.12-biosphere', '93187a13-2ad8-57f8-84fc-e8bc0717f7ac')",Mn,2.2247023490598085e-16,2.2247023490598085e-16,0.20707877874104788,1.3429075434148342e-14,1.3429075434148342e-14,dissipation
Phosmet,"('ecoinvent-3.12-biosphere', '6c35b3be-e224-5bc8-8102-c0165000f251')",P,2.146033525249829e-16,2.146033525249829e-16,0.0976173967853766,1.656895828389583e-15,1.656895828389583e-15,dissipation
Phosmet,"('ecoinvent-3.12-biosphere', '4d3b5691-04e4-5966-8d3c-9a266ccf2053')",P,2.146033525249829e-16,2.146033525249829e-16,0.0976173967853766,1.656895828389583e-15,1.656895828389583e-15,dissipation
Phosmet,"('ecoinvent-3.12-biosphere', '165b1c6b-874a-5489-81d9-7cf884ced55c')",P,2.146033525249829e-16,2.146033525249829e-16,0.0976173967853766,1.656895828389583e-15,1.656895828389583e-15,dissipation
Phosmet,"('ecoinvent-3.12-biosphere', '93612dd2-ffb7-5663-a9ce-288640c30f98')",P,2.146033525249829e-16,2.146033525249829e-16,0.0976173967853766,1.656895828389583e-15,1.656895828389583e-15,dissipation
Phosmet,"('ecoinvent-3.12-biosphere', '69ee9f04-b53c-5f89-8058-cbb14e553b11')",P,2.146033525249829e-16,2.146033525249829e-16,0.0976173967853766,1.656895828389583e-15,1.656895828389583e-15,dissipation
Phosmet,"('ecoinvent-3.12-biosphere', 'd5c520e5-9191-5cce-ab6a-a47f059ccc2c')",P,2.146033525249829e-16,2.146033525249829e-16,0.0976173967853766,1.656895828389583e-15,1.656895828389583e-15,dissipation
Phosmet,"('ecoinvent-3.12-biosphere', 'b268aafb-2e5a-4bb1-a3ab-37f378ee8090')",P,2.146033525249829e-16,2.146033525249829e-16,0.0976173967853766,1.656895828389583e-15,1.656895828389583e-15,dissipation
Zinc II,"('ecoinvent-3.12-biosphere', '5ce378a0-b48d-471c-977d-79681521efde')",Zn,1.3884244312186914e-16,1.3884244312186914e-16,1.0,1.0836576745711442e-13,1.0836576745711442e-13,dissipation
Zinc II,"('ecoinvent-3.12-biosphere', '2195d86f-e4c8-4e86-9f18-b5b065b1df7e')",Zn,1.3884244312186914e-16,1.3884244312186914e-16,1.0,1.0836576745711442e-13,1.0836576745711442e-13,dissipation
Zinc II,"('ecoinvent-3.12-biosphere', '8f871bab-96dc-49d9-bf08-12cdd0715901')",Zn,1.3884244312186914e-16,1.3884244312186914e-16,1.0,1.0836576745711442e-13,1.0836576745711442e-13,dissipation
Zinc II,"('ecoinvent-3.12-biosphere', '2c7be02c-791f-4fef-b231-b90321bbeb30')",Zn,1.3884244312186914e-16,1.3884244312186914e-16,1.0,1.0836576745711442e-13,1.0836576745711442e-13,dissipation
Zinc II,"('ecoinvent-3.12-biosphere', 'ada3ecfe-8244-4389-bcce-e83ca4f66e09')",Zn,1.3884244312186914e-16,1.3884244312186914e-16,1.0,1.0836576745711442e-13,1.0836576745711442e-13,dissipation
Zinc II,"('ecoinvent-3.12-biosphere', '87a69874-34f9-4070-a525-aa301ab2634b')",Zn,1.3884244312186914e-16,1.3884244312186914e-16,1.0,1.0836576745711442e-13,1.0836576745711442e-13,dissipation
Zinc II,"('ecoinvent-3.12-biosphere', '8d226423-1351-4366-b09f-d16c9e38683c')",Zn,1.3884244312186914e-16,1.3884244312186914e-16,1.0,1.0836576745711442e-13,1.0836576745711442e-13,dissipation
Zinc II,"('ecoinvent-3.12-biosphere', 'b88999ec-84fd-462d-9dec-7e20a4636a58')",Zn,1.3884244312186914e-16,1.3884244312186914e-16,1.0,1.0836576745711442e-13,1.0836576745711442e-13,dissipation
Zinc II,"('ecoinvent-3.12-biosphere', '84aa799e-9d98-4d34-85e0-516d28ab1be9')",Zn,1.3884244312186914e-16,1.3884244312186914e-16,1.0,1.0836576745711442e-13,1.0836576745711442e-13,dissipation
Zinc II,"('ecoinvent-3.12-biosphere', '541b633c-17a3-4047-bce6-0c0e4fdb7c10')",Zn,1.3884244312186914e-16,1.3884244312186914e-16,1.0,1.0836576745711442e-13,1.0836576745711442e-13,dissipation
Zinc II,"('ecoinvent-3.12-biosphere', '748f22a9-eba4-4726-bef5-92c7442ce189')",Zn,1.3884244312186914e-16,1.3884244312186914e-16,1.0,1.0836576745711442e-13,1.0836576745711442e-13,dissipation
Zinc II,"('ecoinvent-3.12-biosphere', 'bdce3a7c-e008-4391-be26-285f71a02453')",Zn,1.3884244312186914e-16,1.3884244312186914e-16,1.0,1.0836576745711442e-13,1.0836576745711442e-13,dissipation
Zinc II,"('ecoinvent-3.12-biosphere', '7e769b3e-03fb-4b53-be15-85a910dcfea9')",Zn,1.3884244312186914e-16,1.3884244312186914e-16,1.0,1.0836576745711442e-13,1.0836576745711442e-13,dissipation
Zinc II,"('ecoinvent-3.12-biosphere', '77887584-ddca-4920-952c-3609730e0c13')",Zn,1.3884244312186914e-16,1.3884244312186914e-16,1.0,1.0836576745711442e-13,1.0836576745711442e-13,dissipation
Azinphos-methyl,"('ecoinvent-3.12-biosphere', '22cdb606-ac48-5d59-b212-6d75407c0cbb')",P,1.1353703189773397e-16,1.1353703189773397e-16,0.0976173967853766,1.656895828389583e-15,1.656895828389583e-15,dissipation
Azinphos-methyl,"('ecoinvent-3.12-biosphere', 'c5e63f01-d87c-52c0-91dc-640eaa843852')",P,1.1353703189773397e-16,1.1353703189773397e-16,0.0976173967853766,1.656895828389583e-15,1.656895828389583e-15,dissipation
Azinphos-methyl,"('ecoinvent-3.12-biosphere', '1c010fa9-6058-54dd-9d67-a8a39eded215')",P,1.1353703189773397e-16,1.1353703189773397e-16,0.0976173967853766,1.656895828389583e-15,1.656895828389583e-15,dissipation
Azinphos-methyl,"('ecoinvent-3.12-biosphere', '118909a7-01f4-5a9c-aa75-10d225ccc5a9')",P,1.1353703189773397e-16,1.1353703189773397e-16,0.0976173967853766,1.656895828389583e-15,1.656895828389583e-15,dissipation
Azinphos-methyl,"('ecoinvent-3.12-biosphere', '8d91f72d-fbe6-5f1f-ab6f-d181d86926ef')",P,1.1353703189773397e-16,1.1353703189773397e-16,0.0976173967853766,1.656895828389583e-15,1.656895828389583e-15,dissipation
Azinphos-methyl,"('ecoinvent-3.12-biosphere', '3c33b478-22a2-5824-9ade-abe2324bd4ac')",P,1.1353703189773397e-16,1.1353703189773397e-16,0.0976173967853766,1.656895828389583e-15,1.656895828389583e-15,dissipation
Azinphos-methyl,"('ecoinvent-3.12-biosphere', 'c10f1360-e1dc-44fa-8c2d-00bdd8524724')",P,1.1353703189773397e-16,1.1353703189773397e-16,0.0976173967853766,1.656895828389583e-15,1.656895828389583e-15,dissipation
Acephate,"('ecoinvent-3.12-biosphere', '383570f4-fd89-5fcf-958d-d2aedb4bbd0e')",P,7.154295888014117e-17,7.154295888014117e-17,0.1690997434077633,2.870191878298929e-15,2.870191878298929e-15,dissipation
Acephate,"('ecoinvent-3.12-biosphere', '8212cc9e-1f4f-57f0-bc36-ebaf9e4a113f')",P,7.154295888014117e-17,7.154295888014117e-17,0.1690997434077633,2.870191878298929e-15,2.870191878298929e-15,dissipation
Acephate,"('ecoinvent-3.12-biosphere', 'a010fe9e-2fd0-5b3f-b191-dd22b8030a3a')",P,7.154295888014117e-17,7.154295888014117e-17,0.1690997434077633,2.870191878298929e-15,2.870191878298929e-15,dissipation
Acephate,"('ecoinvent-3.12-biosphere', 'e2afdc42-58a6-58c0-9fd8-9e6a824042f3')",P,7.154295888014117e-17,7.154295888014117e-17,0.1690997434077633,2.870191878298929e-15,2.870191878298929e-15,dissipation
Acephate,"('ecoinvent-3.12-biosphere', '1b10a3a6-1168-5609-8d98-ed3252861869')",P,7.154295888014117e-17,7.154295888014117e-17,0.1690997434077633,2.870191878298929e-15,2.870191878298929e-15,dissipation
Acephate,"('ecoinvent-3.12-biosphere', '4cd91b0e-2131-571b-8a8a-3e3ce4d3101f')",P,7.154295888014117e-17,7.154295888014117e-17,0.1690997434077633,2.870191878298929e-15,2.870191878298929e-15,dissipation
Acephate,"('ecoinvent-3.12-biosphere', '73a06727-fec3-4d8d-8de5-ef1a0cc2c280')",P,7.154295888014117e-17,7.154295888014117e-17,0.1690997434077633,2.870191878298929e-15,2.870191878298929e-15,dissipation
Acephate,"('ecoinvent-3.12-biosphere', 'cdcdbfc9-3d5f-4e78-8033-8dbecbb2cfec')",P,7.154295888014117e-17,7.154295888014117e-17,0.1690997434077633,2.870191878298929e-15,2.870191878298929e-15,dissipation
Terbufos,"('ecoinvent-3.12-biosphere', '3a2b99cd-aea2-5e93-9bd1-24df909dc81f')",P,4.362502099088766e-17,4.362502099088766e-17,0.10739944521497921,1.822930119098526e-15,1.822930119098526e-15,dissipation
Terbufos,"('ecoinvent-3.12-biosphere', '05651af0-21fb-5661-992e-0b1f415bd437')",P,4.362502099088766e-17,4.362502099088766e-17,0.10739944521497921,1.822930119098526e-15,1.822930119098526e-15,dissipation
Terbufos,"('ecoinvent-3.12-biosphere', '34aaaf34-03a7-5012-b285-720e64537322')",P,4.362502099088766e-17,4.362502099088766e-17,0.10739944521497921,1.822930119098526e-15,1.822930119098526e-15,dissipation
Terbufos,"('ecoinvent-3.12-biosphere', 'dcdf7163-5c6f-5abf-be4f-a1af970c8078')",P,4.362502099088766e-17,4.362502099088766e-17,0.10739944521497921,1.822930119098526e-15,1.822930119098526e-15,dissipation
Terbufos,"('ecoinvent-3.12-biosphere', '15057e97-7b47-405e-8222-6ed5cf4e0087')",P,4.362502099088766e-17,4.362502099088766e-17,0.10739944521497921,1.822930119098526e-15,1.822930119098526e-15,dissipation
Terbufos,"('ecoinvent-3.12-biosphere', '62d868a5-bddb-5ef3-b623-be2aa6b7f013')",P,4.362502099088766e-17,4.362502099088766e-17,0.10739944521497921,1.822930119098526e-15,1.822930119098526e-15,dissipation
Terbufos,"('ecoinvent-3.12-biosphere', '75ede8d8-d7aa-5bd8-8caf-05a886b49da9')",P,4.362502099088766e-17,4.362502099088766e-17,0.10739944521497921,1.822930119098526e-15,1.822930119098526e-15,dissipation
Phosphorus oxychloride,"('ecoinvent-3.12-biosphere', '140821a2-66bf-5600-9934-889cbf313c1e')",P,4.045468365276243e-17,4.045468365276243e-17,0.20200873932042,3.4287683189722474e-15,3.4287683189722474e-15,dissipation
Silver I,"('ecoinvent-3.12-biosphere', 'af9793ba-25a1-4928-a14a-4bcf7d5bd3f7')",Ag,1.602123978579891e-17,1.602123978579891e-17,1.0,1.5701960660375504e-13,1.5701960660375504e-13,dissipation
Silver I,"('ecoinvent-3.12-biosphere', 'c6462d84-caa9-425a-a923-45238690c6f3')",Ag,1.602123978579891e-17,1.602123978579891e-17,1.0,1.5701960660375504e-13,1.5701960660375504e-13,dissipation
Silver I,"('ecoinvent-3.12-biosphere', '7da45a0b-0dcf-413c-8de0-44d8ebca9e6e')",Ag,1.602123978579891e-17,1.602123978579891e-17,1.0,1.5701960660375504e-13,1.5701960660375504e-13,dissipation
Silver I,"('ecoinvent-3.12-biosphere', '94426df9-63b1-4dc6-ad1b-3509e22f1154')",Ag,1.602123978579891e-17,1.602123978579891e-17,1.0,1.5701960660375504e-13,1.5701960660375504e-13,dissipation
Silver I,"('ecoinvent-3.12-biosphere', '0ed1b1a1-e56d-4860-bac7-d76a39bde930')",Ag,1.602123978579891e-17,1.602123978579891e-17,1.0,1.5701960660375504e-13,1.5701960660375504e-13,dissipation
Silver I,"('ecoinvent-3.12-biosphere', 'fce0b9ae-53c8-4ab0-9e7a-7f5c2ed2c856')",Ag,1.602123978579891e-17,1.602123978579891e-17,1.0,1.5701960660375504e-13,1.5701960660375504e-13,dissipation
Silver I,"('ecoinvent-3.12-biosphere', '16316600-f12a-410b-8726-3faee64de60a')",Ag,1.602123978579891e-17,1.602123978579891e-17,1.0,1.5701960660375504e-13,1.5701960660375504e-13,dissipation
Silver I,"('ecoinvent-3.12-biosphere', '48dbf4b1-0b2a-4bf5-a190-2d7fc465bda4')",Ag,1.602123978579891e-17,1.602123978579891e-17,1.0,1.5701960660375504e-13,1.5701960660375504e-13,dissipation
Silver I,"('ecoinvent-3.12-biosphere', '6aa8673f-f7e3-4270-93dc-e97b745fced7')",Ag,1.602123978579891e-17,1.602123978579891e-17,1.0,1.5701960660375504e-13,1.5701960660375504e-13,dissipation
Silver I,"('ecoinvent-3.12-biosphere', '21c257b2-57ce-4a6e-b4bd-40f0f75f310f')",Ag,1.602123978579891e-17,1.602123978579891e-17,1.0,1.5701960660375504e-13,1.5701960660375504e-13,dissipation
Silver I,"('ecoinvent-3.12-biosphere', '35df5fe0-c90d-43b4-a35a-3d97022114d2')",Ag,1.602123978579891e-17,1.602123978579891e-17,1.0,1.5701960660375504e-13,1.5701960660375504e-13,dissipation
Silver I,"('ecoinvent-3.12-biosphere', 'ebb88ef4-50ab-4e3b-9251-c5fcdf6b4768')",Ag,1.602123978579891e-17,1.602123978579891e-17,1.0,1.5701960660375504e-13,1.5701960660375504e-13,dissipation
Silver I,"('ecoinvent-3.12-biosphere', '71cfe87c-ab80-421e-adba-afb7d5bd0861')",Ag,1.602123978579891e-17,1.602123978579891e-17,1.0,1.5701960660375504e-13,1.5701960660375504e-13,dissipation
Tebupirimfos,"('ecoinvent-3.12-biosphere', 'abc5202a-7648-514f-9c73-b433a531ac4c')",P,1.518339963543326e-17,1.518339963543326e-17,0.09728931746081602,1.6513272178534873e-15,1.6513272178534873e-15,dissipation
Tebupirimfos,"('ecoinvent-3.12-biosphere', '4fa7ccb7-32bd-5f51-a7ac-c93f6ecec879')",P,1.518339963543326e-17,1.518339963543326e-17,0.09728931746081602,1.6513272178534873e-15,1.6513272178534873e-15,dissipation
Tebupirimfos,"('ecoinvent-3.12-biosphere', '57d8084d-08e2-4212-9abf-3f051bee142e')",P,1.518339963543326e-17,1.518339963543326e-17,0.09728931746081602,1.6513272178534873e-15,1.6513272178534873e-15,dissipation
Tebupirimfos,"('ecoinvent-3.12-biosphere', 'ec363ffc-e8cb-52f6-a81e-fcff10452889')",P,1.518339963543326e-17,1.518339963543326e-17,0.09728931746081602,1.6513272178534873e-15,1.6513272178534873e-15,dissipation
Tebupirimfos,"('ecoinvent-3.12-biosphere', '48bca3ed-02ec-5f67-acc7-5049871678b0')",P,1.518339963543326e-17,1.518339963543326e-17,0.09728931746081602,1.6513272178534873e-15,1.6513272178534873e-15,dissipation
Tebupirimfos,"('ecoinvent-3.12-biosphere', '6e4d2942-adec-5ff6-9a22-70ab79586ec0')",P,1.518339963543326e-17,1.518339963543326e-17,0.09728931746081602,1.6513272178534873e-15,1.6513272178534873e-15,dissipation
Tebupirimfos,"('ecoinvent-3.12-biosphere', '548e89f4-fcf8-5a23-aed0-f1aad9ab0ae3')",P,1.518339963543326e-17,1.518339963543326e-17,0.09728931746081602,1.6513272178534873e-15,1.6513272178534873e-15,dissipation
Ethephon,"('ecoinvent-3.12-biosphere', 'e27cd09b-b06e-5aec-9886-49d1cdad1e77')",P,-9.922203487213924e-18,-9.922203487213924e-18,0.2143677763167001,3.638542780455497e-15,3.638542780455497e-15,dissipation
Ethephon,"('ecoinvent-3.12-biosphere', '8beefad6-d121-5009-a1d5-55ee15aef834')",P,-9.922203487213924e-18,-9.922203487213924e-18,0.2143677763167001,3.638542780455497e-15,3.638542780455497e-15,dissipation
Ethephon,"('ecoinvent-3.12-biosphere', 'e732d6dc-d502-4e03-8a5e-6c2644136b5f')",P,-9.922203487213924e-18,-9.922203487213924e-18,0.2143677763167001,3.638542780455497e-15,3.638542780455497e-15,dissipation
Ethephon,"('ecoinvent-3.12-biosphere', '0ba582f8-3360-441a-a93c-ea15e87f7b0c')",P,-9.922203487213924e-18,-9.922203487213924e-18,0.2143677763167001,3.638542780455497e-15,3.638542780455497e-15,dissipation
Ethephon,"('ecoinvent-3.12-biosphere', 'bb3ae4d9-105a-505a-8fbb-ceb863088641')",P,-9.922203487213924e-18,-9.922203487213924e-18,0.2143677763167001,3.638542780455497e-15,3.638542780455497e-15,dissipation
Ethephon,"('ecoinvent-3.12-biosphere', 'a212914e-f8ba-49eb-9ceb-63e286053f2d')",P,-9.922203487213924e-18,-9.922203487213924e-18,0.2143677763167001,3.638542780455497e-15,3.638542780455497e-15,dissipation
Ethephon,"('ecoinvent-3.12-biosphere', '876d4bb6-badc-4d04-a193-71b68e908737')",P,-9.922203487213924e-18,-9.922203487213924e-18,0.2143677763167001,3.638542780455497e-15,3.638542780455497e-15,dissipation
Ethephon,"('ecoinvent-3.12-biosphere', 'ce9635e1-8291-592b-a8c3-cead3a096f8e')",P,-9.922203487213924e-18,-9.922203487213924e-18,0.2143677763167001,3.638542780455497e-15,3.638542780455497e-15,dissipation
Glyphosate,"('ecoinvent-3.12-biosphere', '463893cd-5766-56a4-8e79-16c9614d2763')",P,4.4093561742573815e-18,4.4093561742573815e-18,0.1832022239309162,3.1095584453067654e-15,3.1095584453067654e-15,dissipation
Glyphosate,"('ecoinvent-3.12-biosphere', 'bd02a7ec-dcb5-4609-bc96-cc7a96601ce2')",P,4.4093561742573815e-18,4.4093561742573815e-18,0.1832022239309162,3.1095584453067654e-15,3.1095584453067654e-15,dissipation
Glyphosate,"('ecoinvent-3.12-biosphere', '204e07e2-d513-55bd-939d-66b2939049e4')",P,4.4093561742573815e-18,4.4093561742573815e-18,0.1832022239309162,3.1095584453067654e-15,3.1095584453067654e-15,dissipation
Glyphosate,"('ecoinvent-3.12-biosphere', '17955b10-4c04-4fff-91e7-cf89ef1a7cca')",P,4.4093561742573815e-18,4.4093561742573815e-18,0.1832022239309162,3.1095584453067654e-15,3.1095584453067654e-15,dissipation
Glyphosate,"('ecoinvent-3.12-biosphere', 'd2d93101-7555-4c77-b4b8-ddac7f6eba50')",P,4.4093561742573815e-18,4.4093561742573815e-18,0.1832022239309162,3.1095584453067654e-15,3.1095584453067654e-15,dissipation
Glyphosate,"('ecoinvent-3.12-biosphere', 'e157e3dd-88b9-4256-ab2e-ff82e7b8d088')",P,4.4093561742573815e-18,4.4093561742573815e-18,0.1832022239309162,3.1095584453067654e-15,3.1095584453067654e-15,dissipation
Glyphosate,"('ecoinvent-3.12-biosphere', 'b4f9a201-2a20-4f41-a572-eabc98c75e1b')",P,4.4093561742573815e-18,4.4093561742573815e-18,0.1832022239309162,3.1095584453067654e-15,3.1095584453067654e-15,dissipation
Glyphosate,"('ecoinvent-3.12-biosphere', '3850d44e-8919-47bc-9c0a-51ccc4ec9d9f')",P,4.4093561742573815e-18,4.4093561742573815e-18,0.1832022239309162,3.1095584453067654e-15,3.1095584453067654e-15,dissipation
Glyphosate,"('ecoinvent-3.12-biosphere', '94007b78-83a2-5b31-a0d6-71c3c950182f')",P,4.4093561742573815e-18,4.4093561742573815e-18,0.1832022239309162,3.1095584453067654e-15,3.1095584453067654e-15,dissipation
Copper oxychloride,"('ecoinvent-3.12-biosphere', '5c309691-59d6-5439-ba94-30c990aacf49')",Cu,3.784684484868372e-18,3.784684484868372e-18,0.5950835791543756,7.326926896109611e-15,7.326926896109611e-15,dissipation
Copper oxychloride,"('ecoinvent-3.12-biosphere', '08c9d29a-ba22-54a0-a500-b9a4709e35cf')",Cu,3.784684484868372e-18,3.784684484868372e-18,0.5950835791543756,7.326926896109611e-15,7.326926896109611e-15,dissipation
Copper oxychloride,"('ecoinvent-3.12-biosphere', '707ed70e-55ad-5787-af1e-94cd9a438954')",Cu,3.784684484868372e-18,3.784684484868372e-18,0.5950835791543756,7.326926896109611e-15,7.326926896109611e-15,dissipation
Copper oxychloride,"('ecoinvent-3.12-biosphere', 'a46f2cef-b328-5d0d-848d-aa485e50eb8e')",Cu,3.784684484868372e-18,3.784684484868372e-18,0.5950835791543756,7.326926896109611e-15,7.326926896109611e-15,dissipation
Copper oxychloride,"('ecoinvent-3.12-biosphere', '8a0f9d4c-cf90-5c89-a79d-2926cc516521')",Cu,3.784684484868372e-18,3.784684484868372e-18,0.5950835791543756,7.326926896109611e-15,7.326926896109611e-15,dissipation
Copper oxychloride,"('ecoinvent-3.12-biosphere', '1b5743fe-479b-51c0-a7c1-ab1422052ecd')",Cu,3.784684484868372e-18,3.784684484868372e-18,0.5950835791543756,7.326926896109611e-15,7.326926896109611e-15,dissipation
Copper oxychloride,"('ecoinvent-3.12-biosphere', 'aaca334b-09a5-589e-8088-d3bc090b12e0')",Cu,3.784684484868372e-18,3.784684484868372e-18,0.5950835791543756,7.326926896109611e-15,7.326926896109611e-15,dissipation
Copper ion,"('ecoinvent-3.12-biosphere', '6d9550e2-e670-44c1-bad8-c0c4975ffca7')",Cu,2.653263629737797e-18,2.653263629737797e-18,1.0,1.231243333335009e-14,1.231243333335009e-14,dissipation
Copper ion,"('ecoinvent-3.12-biosphere', '237ca6bc-2f0a-4416-a0e3-bd512f038f2e')",Cu,2.653263629737797e-18,2.653263629737797e-18,1.0,1.231243333335009e-14,1.231243333335009e-14,dissipation
Copper ion,"('ecoinvent-3.12-biosphere', '7e66a41c-d311-4949-bdd8-eef09cdcfa47')",Cu,2.653263629737797e-18,2.653263629737797e-18,1.0,1.231243333335009e-14,1.231243333335009e-14,dissipation
Copper ion,"('ecoinvent-3.12-biosphere', '0a5e8a67-f9ae-48b3-bfa7-e9d37c30a191')",Cu,2.653263629737797e-18,2.653263629737797e-18,1.0,1.231243333335009e-14,1.231243333335009e-14,dissipation
Copper ion,"('ecoinvent-3.12-biosphere', 'fd153f15-1d16-410a-91fa-04d205e36c43')",Cu,2.653263629737797e-18,2.653263629737797e-18,1.0,1.231243333335009e-14,1.231243333335009e-14,dissipation
Copper ion,"('ecoinvent-3.12-biosphere', 'ec8144d6-d123-43b1-9c17-a295422a0498')",Cu,2.653263629737797e-18,2.653263629737797e-18,1.0,1.231243333335009e-14,1.231243333335009e-14,dissipation
Copper ion,"('ecoinvent-3.12-biosphere', 'd8f9ccf6-fd32-4348-83c0-1cee724af9ae')",Cu,2.653263629737797e-18,2.653263629737797e-18,1.0,1.231243333335009e-14,1.231243333335009e-14,dissipation
Copper ion,"('ecoinvent-3.12-biosphere', 'e336eee7-148a-4d1c-8027-780cbfafa12b')",Cu,2.653263629737797e-18,2.653263629737797e-18,1.0,1.231243333335009e-14,1.231243333335009e-14,dissipation
Copper ion,"('ecoinvent-3.12-biosphere', '3573a5af-88f8-4f74-ade7-cd269cbc4e66')",Cu,2.653263629737797e-18,2.653263629737797e-18,1.0,1.231243333335009e-14,1.231243333335009e-14,dissipation
Copper ion,"('ecoinvent-3.12-biosphere', 'c3b659e5-35f1-408c-8cb5-b5f9b295c76e')",Cu,2.653263629737797e-18,2.653263629737797e-18,1.0,1.231243333335009e-14,1.231243333335009e-14,dissipation
Copper ion,"('ecoinvent-3.12-biosphere', '40229ebf-9346-4f20-910a-f8ea3bd88d44')",Cu,2.653263629737797e-18,2.653263629737797e-18,1.0,1.231243333335009e-14,1.231243333335009e-14,dissipation
Copper ion,"('ecoinvent-3.12-biosphere', '615b1460-6860-4cf6-8678-ad92c03c5e8b')",Cu,2.653263629737797e-18,2.653263629737797e-18,1.0,1.231243333335009e-14,1.231243333335009e-14,dissipation
Copper ion,"('ecoinvent-3.12-biosphere', '88cde01c-df69-40bb-9b14-6eac71bea5b8')",Cu,2.653263629737797e-18,2.653263629737797e-18,1.0,1.231243333335009e-14,1.231243333335009e-14,dissipation
Copper ion,"('ecoinvent-3.12-biosphere', '44d3e792-7c9e-48ab-9de9-acfa2e097f26')",Cu,2.653263629737797e-18,2.653263629737797e-18,1.0,1.231243333335009e-14,1.231243333335009e-14,dissipation
Chromium III,"('ecoinvent-3.12-biosphere', 'e34d3da4-a3d5-41be-84b5-458afe32c990')",Cr,2.0035189813022144e-18,2.0035189813022144e-18,1.0,3.1278613038877847e-13,3.1278613038877847e-13,dissipation
Chromium III,"('ecoinvent-3.12-biosphere', '6b29d83a-c43c-484c-8e73-474a8a22d71e')",Cr,2.0035189813022144e-18,2.0035189813022144e-18,1.0,3.1278613038877847e-13,3.1278613038877847e-13,dissipation
Chromium III,"('ecoinvent-3.12-biosphere', 'e142b577-e934-4085-9a07-3983d4d92afb')",Cr,2.0035189813022144e-18,2.0035189813022144e-18,1.0,3.1278613038877847e-13,3.1278613038877847e-13,dissipation
Chromium III,"('ecoinvent-3.12-biosphere', 'd9c23a8d-e7bf-4f70-8d22-b9ad8a653204')",Cr,2.0035189813022144e-18,2.0035189813022144e-18,1.0,3.1278613038877847e-13,3.1278613038877847e-13,dissipation
Chromium III,"('ecoinvent-3.12-biosphere', '2a5ed451-12a2-47db-b4dc-fa0bfbc01d79')",Cr,2.0035189813022144e-18,2.0035189813022144e-18,1.0,3.1278613038877847e-13,3.1278613038877847e-13,dissipation
Chromium III,"('ecoinvent-3.12-biosphere', '7705f0e1-5b14-44f4-b330-1245b5c7fc08')",Cr,2.0035189813022144e-18,2.0035189813022144e-18,1.0,3.1278613038877847e-13,3.1278613038877847e-13,dissipation
Chromium III,"('ecoinvent-3.12-biosphere', 'e65a9c58-21f1-48b6-b738-d05a8f10e5f3')",Cr,2.0035189813022144e-18,2.0035189813022144e-18,1.0,3.1278613038877847e-13,3.1278613038877847e-13,dissipation
Chromium III,"('ecoinvent-3.12-biosphere', '30f484ee-dec4-47ae-8e92-d00d4b93fe05')",Cr,2.0035189813022144e-18,2.0035189813022144e-18,1.0,3.1278613038877847e-13,3.1278613038877847e-13,dissipation
Chromium III,"('ecoinvent-3.12-biosphere', 'e7881581-21b3-4f5c-bd63-6b0684b5e712')",Cr,2.0035189813022144e-18,2.0035189813022144e-18,1.0,3.1278613038877847e-13,3.1278613038877847e-13,dissipation
Chromium III,"('ecoinvent-3.12-biosphere', '1c87de06-e58f-4684-a54c-d29f1a251a87')",Cr,2.0035189813022144e-18,2.0035189813022144e-18,1.0,3.1278613038877847e-13,3.1278613038877847e-13,dissipation
Chromium III,"('ecoinvent-3.12-biosphere', '4d40d8e3-9bc7-4ab1-ac5c-4f4a76fda8e5')",Cr,2.0035189813022144e-18,2.0035189813022144e-18,1.0,3.1278613038877847e-13,3.1278613038877847e-13,dissipation
Chromium III,"('ecoinvent-3.12-biosphere', 'd98f0ec0-bf19-4c90-a457-a8593dec497f')",Cr,2.0035189813022144e-18,2.0035189813022144e-18,1.0,3.1278613038877847e-13,3.1278613038877847e-13,dissipation
Chromium III,"('ecoinvent-3.12-biosphere', '591de726-f2c7-43ba-8e22-15fd08acc8dc')",Cr,2.0035189813022144e-18,2.0035189813022144e-18,1.0,3.1278613038877847e-13,3.1278613038877847e-13,dissipation
Chromium III,"('ecoinvent-3.12-biosphere', 'e0336c9b-a0ff-4ae3-b8bb-ca1e46bbbc11')",Cr,2.0035189813022144e-18,2.0035189813022144e-18,1.0,3.1278613038877847e-13,3.1278613038877847e-13,dissipation
Chlorpyrifos,"('ecoinvent-3.12-biosphere', 'd05f3321-5794-5b5e-b05e-831412c615f9')",P,1.944057146255732e-18,1.944057146255732e-18,0.08834569309754706,1.4995238058985018e-15,1.4995238058985018e-15,dissipation
Chlorpyrifos,"('ecoinvent-3.12-biosphere', 'ab005f13-989c-5e34-af6f-2129a8c820c5')",P,1.944057146255732e-18,1.944057146255732e-18,0.08834569309754706,1.4995238058985018e-15,1.4995238058985018e-15,dissipation
Chlorpyrifos,"('ecoinvent-3.12-biosphere', '1cc0be91-3df0-5d9b-ba9e-c0bb9ce30b0d')",P,1.944057146255732e-18,1.944057146255732e-18,0.08834569309754706,1.4995238058985018e-15,1.4995238058985018e-15,dissipation
Chlorpyrifos,"('ecoinvent-3.12-biosphere', '0822b867-9dca-4d5a-93c3-319d39b592cd')",P,1.944057146255732e-18,1.944057146255732e-18,0.08834569309754706,1.4995238058985018e-15,1.4995238058985018e-15,dissipation
Chlorpyrifos,"('ecoinvent-3.12-biosphere', '736923cd-6eb7-4896-98f8-46951d56da97')",P,1.944057146255732e-18,1.944057146255732e-18,0.08834569309754706,1.4995238058985018e-15,1.4995238058985018e-15,dissipation
Chlorpyrifos,"('ecoinvent-3.12-biosphere', 'd7992d1c-65ec-4523-8b32-aef139acd1f5')",P,1.944057146255732e-18,1.944057146255732e-18,0.08834569309754706,1.4995238058985018e-15,1.4995238058985018e-15,dissipation
Chlorpyrifos,"('ecoinvent-3.12-biosphere', '60dd222a-8106-5765-bd90-f03fb4ebc94b')",P,1.944057146255732e-18,1.944057146255732e-18,0.08834569309754706,1.4995238058985018e-15,1.4995238058985018e-15,dissipation
Chlorpyrifos,"('ecoinvent-3.12-biosphere', '4f5a026f-7d9c-5d10-85b8-9e01b648bac2')",P,1.944057146255732e-18,1.944057146255732e-18,0.08834569309754706,1.4995238058985018e-15,1.4995238058985018e-15,dissipation
Phosphorous acid,"('ecoinvent-3.12-biosphere', '4b682e57-1ec6-52c7-b95b-0faadac57ec1')",P,1.6246875656214726e-18,1.6246875656214726e-18,0.37775013415288555,6.411691379433324e-15,6.411691379433324e-15,dissipation
Monopotassium phosphite,"('ecoinvent-3.12-biosphere', '7294c36c-23c3-5213-a742-71ed9340e16d')",P,1.5994948623315277e-18,1.5994948623315277e-18,0.2601152185962142,4.415030873444421e-15,4.415030873444421e-15,dissipation
Copper oxychloride,"('ecoinvent-3.12-biosphere', '5c309691-59d6-5439-ba94-30c990aacf49')",Cu,1.3559945593695382e-18,1.3559945593695382e-18,0.5950835791543756,7.326926896109611e-15,7.326926896109611e-15,dissipation
Copper oxychloride,"('ecoinvent-3.12-biosphere', '08c9d29a-ba22-54a0-a500-b9a4709e35cf')",Cu,1.3559945593695382e-18,1.3559945593695382e-18,0.5950835791543756,7.326926896109611e-15,7.326926896109611e-15,dissipation
Copper oxychloride,"('ecoinvent-3.12-biosphere', '707ed70e-55ad-5787-af1e-94cd9a438954')",Cu,1.3559945593695382e-18,1.3559945593695382e-18,0.5950835791543756,7.326926896109611e-15,7.326926896109611e-15,dissipation
Copper oxychloride,"('ecoinvent-3.12-biosphere', 'a46f2cef-b328-5d0d-848d-aa485e50eb8e')",Cu,1.3559945593695382e-18,1.3559945593695382e-18,0.5950835791543756,7.326926896109611e-15,7.326926896109611e-15,dissipation
Copper oxychloride,"('ecoinvent-3.12-biosphere', '8a0f9d4c-cf90-5c89-a79d-2926cc516521')",Cu,1.3559945593695382e-18,1.3559945593695382e-18,0.5950835791543756,7.326926896109611e-15,7.326926896109611e-15,dissipation
Copper oxychloride,"('ecoinvent-3.12-biosphere', '1b5743fe-479b-51c0-a7c1-ab1422052ecd')",Cu,1.3559945593695382e-18,1.3559945593695382e-18,0.5950835791543756,7.326926896109611e-15,7.326926896109611e-15,dissipation
Copper oxychloride,"('ecoinvent-3.12-biosphere', 'aaca334b-09a5-589e-8088-d3bc090b12e0')",Cu,1.3559945593695382e-18,1.3559945593695382e-18,0.5950835791543756,7.326926896109611e-15,7.326926896109611e-15,dissipation
Chlorpyrifos,"('ecoinvent-3.12-biosphere', 'd05f3321-5794-5b5e-b05e-831412c615f9')",P,1.3423512980113587e-18,1.3423512980113587e-18,0.08834569309754706,1.4995238058985018e-15,1.4995238058985018e-15,dissipation
Chlorpyrifos,"('ecoinvent-3.12-biosphere', 'ab005f13-989c-5e34-af6f-2129a8c820c5')",P,1.3423512980113587e-18,1.3423512980113587e-18,0.08834569309754706,1.4995238058985018e-15,1.4995238058985018e-15,dissipation
Chlorpyrifos,"('ecoinvent-3.12-biosphere', '1cc0be91-3df0-5d9b-ba9e-c0bb9ce30b0d')",P,1.3423512980113587e-18,1.3423512980113587e-18,0.08834569309754706,1.4995238058985018e-15,1.4995238058985018e-15,dissipation
Chlorpyrifos,"('ecoinvent-3.12-biosphere', '0822b867-9dca-4d5a-93c3-319d39b592cd')",P,1.3423512980113587e-18,1.3423512980113587e-18,0.08834569309754706,1.4995238058985018e-15,1.4995238058985018e-15,dissipation
Chlorpyrifos,"('ecoinvent-3.12-biosphere', '736923cd-6eb7-4896-98f8-46951d56da97')",P,1.3423512980113587e-18,1.3423512980113587e-18,0.08834569309754706,1.4995238058985018e-15,1.4995238058985018e-15,dissipation
Chlorpyrifos,"('ecoinvent-3.12-biosphere', 'd7992d1c-65ec-4523-8b32-aef139acd1f5')",P,1.3423512980113587e-18,1.3423512980113587e-18,0.08834569309754706,1.4995238058985018e-15,1.4995238058985018e-15,dissipation
Chlorpyrifos,"('ecoinvent-3.12-biosphere', '60dd222a-8106-5765-bd90-f03fb4ebc94b')",P,1.3423512980113587e-18,1.3423512980113587e-18,0.08834569309754706,1.4995238058985018e-15,1.4995238058985018e-15,dissipation
Chlorpyrifos,"('ecoinvent-3.12-biosphere', '4f5a026f-7d9c-5d10-85b8-9e01b648bac2')",P,1.3423512980113587e-18,1.3423512980113587e-18,0.08834569309754706,1.4995238058985018e-15,1.4995238058985018e-15,dissipation
Trichlorfon,"('ecoinvent-3.12-biosphere', '18c1851c-c175-5cfc-9150-a7ec1c45cb94')",P,1.1585498146129008e-18,1.1585498146129008e-18,0.12032008701394553,2.042236904587712e-15,2.042236904587712e-15,dissipation
Trichlorfon,"('ecoinvent-3.12-biosphere', 'b29133ad-89e4-5263-bb21-b3ce7c7a4634')",P,1.1585498146129008e-18,1.1585498146129008e-18,0.12032008701394553,2.042236904587712e-15,2.042236904587712e-15,dissipation
Trichlorfon,"('ecoinvent-3.12-biosphere', '37198238-6552-54b4-852f-6d037bca7033')",P,1.1585498146129008e-18,1.1585498146129008e-18,0.12032008701394553,2.042236904587712e-15,2.042236904587712e-15,dissipation
Trichlorfon,"('ecoinvent-3.12-biosphere', '1e975ece-4f4f-5226-b131-ce6c647a3d02')",P,1.1585498146129008e-18,1.1585498146129008e-18,0.12032008701394553,2.042236904587712e-15,2.042236904587712e-15,dissipation
Trichlorfon,"('ecoinvent-3.12-biosphere', 'e9b1979d-b339-57eb-b31f-fda813962aae')",P,1.1585498146129008e-18,1.1585498146129008e-18,0.12032008701394553,2.042236904587712e-15,2.042236904587712e-15,dissipation
Trichlorfon,"('ecoinvent-3.12-biosphere', '51e8811b-04e2-4801-987c-fb0015535965')",P,1.1585498146129008e-18,1.1585498146129008e-18,0.12032008701394553,2.042236904587712e-15,2.042236904587712e-15,dissipation
Trichlorfon,"('ecoinvent-3.12-biosphere', '7ce7e8c9-67f3-5ae8-b9d4-586971f7af2d')",P,1.1585498146129008e-18,1.1585498146129008e-18,0.12032008701394553,2.042236904587712e-15,2.042236904587712e-15,dissipation
Nickel II,"('ecoinvent-3.12-biosphere', '5de1943f-b011-45a0-97d4-ed15eea6a382')",Ni,8.110597121407545e-19,8.110597121407545e-19,1.0,9.066741688482605e-14,9.066741688482605e-14,dissipation
Nickel II,"('ecoinvent-3.12-biosphere', 'c89873de-cd23-4323-a948-f5cfeebd2fc9')",Ni,8.110597121407545e-19,8.110597121407545e-19,1.0,9.066741688482605e-14,9.066741688482605e-14,dissipation
Nickel II,"('ecoinvent-3.12-biosphere', '23cb10a4-6228-4ce4-9fb5-7043bc31faec')",Ni,8.110597121407545e-19,8.110597121407545e-19,1.0,9.066741688482605e-14,9.066741688482605e-14,dissipation
Nickel II,"('ecoinvent-3.12-biosphere', '0545c382-2312-43b6-9ec3-63dbb1438565')",Ni,8.110597121407545e-19,8.110597121407545e-19,1.0,9.066741688482605e-14,9.066741688482605e-14,dissipation
Nickel II,"('ecoinvent-3.12-biosphere', '6ec6cdaa-5a01-46d4-b716-1905e56690ea')",Ni,8.110597121407545e-19,8.110597121407545e-19,1.0,9.066741688482605e-14,9.066741688482605e-14,dissipation
Nickel II,"('ecoinvent-3.12-biosphere', '9798359e-a3ee-4362-a038-23a188582c6e')",Ni,8.110597121407545e-19,8.110597121407545e-19,1.0,9.066741688482605e-14,9.066741688482605e-14,dissipation
Nickel II,"('ecoinvent-3.12-biosphere', 'e43a270f-4f88-4789-a0b8-7aba56677743')",Ni,8.110597121407545e-19,8.110597121407545e-19,1.0,9.066741688482605e-14,9.066741688482605e-14,dissipation
Nickel II,"('ecoinvent-3.12-biosphere', '2bcad3b3-5305-481c-a166-ad5e6eac2675')",Ni,8.110597121407545e-19,8.110597121407545e-19,1.0,9.066741688482605e-14,9.066741688482605e-14,dissipation
Nickel II,"('ecoinvent-3.12-biosphere', 'a5506f4b-113f-4713-95c3-c819dde6e48b')",Ni,8.110597121407545e-19,8.110597121407545e-19,1.0,9.066741688482605e-14,9.066741688482605e-14,dissipation
Nickel II,"('ecoinvent-3.12-biosphere', '9f69cb8e-51fe-447b-a1ac-4da74de8ebe4')",Ni,8.110597121407545e-19,8.110597121407545e-19,1.0,9.066741688482605e-14,9.066741688482605e-14,dissipation
Nickel II,"('ecoinvent-3.12-biosphere', 'b4580545-243d-48d2-a3a0-2633a4f46fb1')",Ni,8.110597121407545e-19,8.110597121407545e-19,1.0,9.066741688482605e-14,9.066741688482605e-14,dissipation
Nickel II,"('ecoinvent-3.12-biosphere', 'e8fc62ba-678e-4706-97d2-b79d83e227d5')",Ni,8.110597121407545e-19,8.110597121407545e-19,1.0,9.066741688482605e-14,9.066741688482605e-14,dissipation
Nickel II,"('ecoinvent-3.12-biosphere', 'a72a45ee-395a-4d25-b893-9d183e43e76e')",Ni,8.110597121407545e-19,8.110597121407545e-19,1.0,9.066741688482605e-14,9.066741688482605e-14,dissipation
Nickel II,"('ecoinvent-3.12-biosphere', '56815b4f-6138-4e0b-9fac-c94fd6b102b3')",Ni,8.110597121407545e-19,8.110597121407545e-19,1.0,9.066741688482605e-14,9.066741688482605e-14,dissipation
Copper oxide,"('ecoinvent-3.12-biosphere', '4fe87334-f0d5-5fa1-a989-b5c80446c666')",Cu,3.28650641442737e-19,3.28650641442737e-19,0.7988183532369579,9.835397719686547e-15,9.835397719686547e-15,dissipation
Copper oxide,"('ecoinvent-3.12-biosphere', '2560cef2-f8a0-5778-80ed-7ebba796e271')",Cu,3.28650641442737e-19,3.28650641442737e-19,0.7988183532369579,9.835397719686547e-15,9.835397719686547e-15,dissipation
Copper oxide,"('ecoinvent-3.12-biosphere', '2f5879fc-2fe8-56e6-beb0-01ee8b53bcab')",Cu,3.28650641442737e-19,3.28650641442737e-19,0.7988183532369579,9.835397719686547e-15,9.835397719686547e-15,dissipation
Copper oxide,"('ecoinvent-3.12-biosphere', '7cab31a5-46b7-5629-8c1e-3d61e33f3885')",Cu,3.28650641442737e-19,3.28650641442737e-19,0.7988183532369579,9.835397719686547e-15,9.835397719686547e-15,dissipation
Cupric hydroxide,"('ecoinvent-3.12-biosphere', 'f8d4fdfe-f573-5141-9d5f-b60cbcbd3706')",Cu,1.5843990691880523e-19,1.5843990691880523e-19,0.6513530135301353,8.01974055556647e-15,8.01974055556647e-15,dissipation
Cupric hydroxide,"('ecoinvent-3.12-biosphere', 'bc4df43a-0bee-547a-93c5-33cd01d001da')",Cu,1.5843990691880523e-19,1.5843990691880523e-19,0.6513530135301353,8.01974055556647e-15,8.01974055556647e-15,dissipation
Cupric hydroxide,"('ecoinvent-3.12-biosphere', 'd7d7692e-3f4b-5c14-9add-4c9eff49bd1f')",Cu,1.5843990691880523e-19,1.5843990691880523e-19,0.6513530135301353,8.01974055556647e-15,8.01974055556647e-15,dissipation
Cupric hydroxide,"('ecoinvent-3.12-biosphere', 'c495230c-cfe7-518a-82b9-cd492227143d')",Cu,1.5843990691880523e-19,1.5843990691880523e-19,0.6513530135301353,8.01974055556647e-15,8.01974055556647e-15,dissipation
Cupric hydroxide,"('ecoinvent-3.12-biosphere', '88871056-0c78-5df7-961e-a37788c7ccdc')",Cu,1.5843990691880523e-19,1.5843990691880523e-19,0.6513530135301353,8.01974055556647e-15,8.01974055556647e-15,dissipation
Cupric hydroxide,"('ecoinvent-3.12-biosphere', '6f1a4695-eef7-5474-827b-033045e48c56')",Cu,1.5843990691880523e-19,1.5843990691880523e-19,0.6513530135301353,8.01974055556647e-15,8.01974055556647e-15,dissipation
Cupric hydroxide,"('ecoinvent-3.12-biosphere', '4c9632ec-2c03-521f-8b86-fe4519373a12')",Cu,1.5843990691880523e-19,1.5843990691880523e-19,0.6513530135301353,8.01974055556647e-15,8.01974055556647e-15,dissipation
Parathion,"('ecoinvent-3.12-biosphere', 'd03c1854-4c19-5e04-b5d0-10929e94397b')",P,9.923908474500306e-20,9.923908474500306e-20,0.10634484652887455,1.8050300293483994e-15,1.8050300293483994e-15,dissipation
Parathion,"('ecoinvent-3.12-biosphere', 'c38ed221-919e-53fb-8590-d3485c05a660')",P,9.923908474500306e-20,9.923908474500306e-20,0.10634484652887455,1.8050300293483994e-15,1.8050300293483994e-15,dissipation
Parathion,"('ecoinvent-3.12-biosphere', 'e7d1072e-68ab-4fb4-b141-feb865e3082d')",P,9.923908474500306e-20,9.923908474500306e-20,0.10634484652887455,1.8050300293483994e-15,1.8050300293483994e-15,dissipation
Parathion,"('ecoinvent-3.12-biosphere', 'd8660dc6-9e4e-585e-b31d-3c970b52d2f6')",P,9.923908474500306e-20,9.923908474500306e-20,0.10634484652887455,1.8050300293483994e-15,1.8050300293483994e-15,dissipation
Parathion,"('ecoinvent-3.12-biosphere', 'fca811d5-d0a7-5dfb-978a-f1d981c4b50a')",P,9.923908474500306e-20,9.923908474500306e-20,0.10634484652887455,1.8050300293483994e-15,1.8050300293483994e-15,dissipation
Parathion,"('ecoinvent-3.12-biosphere', '3cbd115a-fb83-55bc-8e3a-9569979a64a5')",P,9.923908474500306e-20,9.923908474500306e-20,0.10634484652887455,1.8050300293483994e-15,1.8050300293483994e-15,dissipation
Parathion,"('ecoinvent-3.12-biosphere', 'f89bb5a1-24d2-55ca-aa41-6b2b172ea209')",P,9.923908474500306e-20,9.923908474500306e-20,0.10634484652887455,1.8050300293483994e-15,1.8050300293483994e-15,dissipation
Cupric chloride dihydrate,"('ecoinvent-3.12-biosphere', '2213b951-1c93-5ae4-85b4-f4555a2dcd66')",Cu,7.955942271665835e-20,7.955942271665835e-20,0.3727475363679024,4.5894291917002866e-15,4.5894291917002866e-15,dissipation
Copper oxide,"('ecoinvent-3.12-biosphere', '4fe87334-f0d5-5fa1-a989-b5c80446c666')",Cu,3.6597138351103426e-20,3.6597138351103426e-20,0.7988183532369579,9.835397719686547e-15,9.835397719686547e-15,dissipation
Copper oxide,"('ecoinvent-3.12-biosphere', '2560cef2-f8a0-5778-80ed-7ebba796e271')",Cu,3.6597138351103426e-20,3.6597138351103426e-20,0.7988183532369579,9.835397719686547e-15,9.835397719686547e-15,dissipation
Copper oxide,"('ecoinvent-3.12-biosphere', '2f5879fc-2fe8-56e6-beb0-01ee8b53bcab')",Cu,3.6597138351103426e-20,3.6597138351103426e-20,0.7988183532369579,9.835397719686547e-15,9.835397719686547e-15,dissipation
Copper oxide,"('ecoinvent-3.12-biosphere', '7cab31a5-46b7-5629-8c1e-3d61e33f3885')",Cu,3.6597138351103426e-20,3.6597138351103426e-20,0.7988183532369579,9.835397719686547e-15,9.835397719686547e-15,dissipation
Cupric hydroxide,"('ecoinvent-3.12-biosphere', 'f8d4fdfe-f573-5141-9d5f-b60cbcbd3706')",Cu,2.925676548606181e-20,2.925676548606181e-20,0.6513530135301353,8.01974055556647e-15,8.01974055556647e-15,dissipation
Cupric hydroxide,"('ecoinvent-3.12-biosphere', 'bc4df43a-0bee-547a-93c5-33cd01d001da')",Cu,2.925676548606181e-20,2.925676548606181e-20,0.6513530135301353,8.01974055556647e-15,8.01974055556647e-15,dissipation
Cupric hydroxide,"('ecoinvent-3.12-biosphere', 'd7d7692e-3f4b-5c14-9add-4c9eff49bd1f')",Cu,2.925676548606181e-20,2.925676548606181e-20,0.6513530135301353,8.01974055556647e-15,8.01974055556647e-15,dissipation
Cupric hydroxide,"('ecoinvent-3.12-biosphere', 'c495230c-cfe7-518a-82b9-cd492227143d')",Cu,2.925676548606181e-20,2.925676548606181e-20,0.6513530135301353,8.01974055556647e-15,8.01974055556647e-15,dissipation
Cupric hydroxide,"('ecoinvent-3.12-biosphere', '88871056-0c78-5df7-961e-a37788c7ccdc')",Cu,2.925676548606181e-20,2.925676548606181e-20,0.6513530135301353,8.01974055556647e-15,8.01974055556647e-15,dissipation
Cupric hydroxide,"('ecoinvent-3.12-biosphere', '6f1a4695-eef7-5474-827b-033045e48c56')",Cu,2.925676548606181e-20,2.925676548606181e-20,0.6513530135301353,8.01974055556647e-15,8.01974055556647e-15,dissipation
Cupric hydroxide,"('ecoinvent-3.12-biosphere', '4c9632ec-2c03-521f-8b86-fe4519373a12')",Cu,2.925676548606181e-20,2.925676548606181e-20,0.6513530135301353,8.01974055556647e-15,8.01974055556647e-15,dissipation
Ethephon,"('ecoinvent-3.12-biosphere', 'e27cd09b-b06e-5aec-9886-49d1cdad1e77')",P,-2.3697643948883035e-20,-2.3697643948883035e-20,0.2143677763167001,3.638542780455497e-15,3.638542780455497e-15,dissipation
Ethephon,"('ecoinvent-3.12-biosphere', '8beefad6-d121-5009-a1d5-55ee15aef834')",P,-2.3697643948883035e-20,-2.3697643948883035e-20,0.2143677763167001,3.638542780455497e-15,3.638542780455497e-15,dissipation
Ethephon,"('ecoinvent-3.12-biosphere', 'e732d6dc-d502-4e03-8a5e-6c2644136b5f')",P,-2.3697643948883035e-20,-2.3697643948883035e-20,0.2143677763167001,3.638542780455497e-15,3.638542780455497e-15,dissipation
Ethephon,"('ecoinvent-3.12-biosphere', '0ba582f8-3360-441a-a93c-ea15e87f7b0c')",P,-2.3697643948883035e-20,-2.3697643948883035e-20,0.2143677763167001,3.638542780455497e-15,3.638542780455497e-15,dissipation
Ethephon,"('ecoinvent-3.12-biosphere', 'bb3ae4d9-105a-505a-8fbb-ceb863088641')",P,-2.3697643948883035e-20,-2.3697643948883035e-20,0.2143677763167001,3.638542780455497e-15,3.638542780455497e-15,dissipation
Ethephon,"('ecoinvent-3.12-biosphere', 'a212914e-f8ba-49eb-9ceb-63e286053f2d')",P,-2.3697643948883035e-20,-2.3697643948883035e-20,0.2143677763167001,3.638542780455497e-15,3.638542780455497e-15,dissipation
Ethephon,"('ecoinvent-3.12-biosphere', '876d4bb6-badc-4d04-a193-71b68e908737')",P,-2.3697643948883035e-20,-2.3697643948883035e-20,0.2143677763167001,3.638542780455497e-15,3.638542780455497e-15,dissipation
Ethephon,"('ecoinvent-3.12-biosphere', 'ce9635e1-8291-592b-a8c3-cead3a096f8e')",P,-2.3697643948883035e-20,-2.3697643948883035e-20,0.2143677763167001,3.638542780455497e-15,3.638542780455497e-15,dissipation
Cu-HDO,"('ecoinvent-3.12-biosphere', '4b4530b5-89d5-4127-b8a5-96fc50972e26')",Cu,2.2528361823120118e-20,2.2528361823120118e-20,0.1816274616286049,2.2362760128077994e-15,2.2362760128077994e-15,dissipation
Oxydemeton-methyl,"('ecoinvent-3.12-biosphere', 'e04e362b-72bd-5f36-8feb-0a8ecd91a314')",P,2.2381211332233628e-20,2.2381211332233628e-20,0.12575720665854648,2.134523127681749e-15,2.134523127681749e-15,dissipation
Oxydemeton-methyl,"('ecoinvent-3.12-biosphere', '83cc3810-ac58-40a3-97af-04a855d4c809')",P,2.2381211332233628e-20,2.2381211332233628e-20,0.12575720665854648,2.134523127681749e-15,2.134523127681749e-15,dissipation
Oxydemeton-methyl,"('ecoinvent-3.12-biosphere', '5c695254-3c3f-5eb5-9dec-c22b7f05f3d0')",P,2.2381211332233628e-20,2.2381211332233628e-20,0.12575720665854648,2.134523127681749e-15,2.134523127681749e-15,dissipation
Oxydemeton-methyl,"('ecoinvent-3.12-biosphere', '56d177ac-7dc5-5e6d-b5ee-82b47faf76e5')",P,2.2381211332233628e-20,2.2381211332233628e-20,0.12575720665854648,2.134523127681749e-15,2.134523127681749e-15,dissipation
Oxydemeton-methyl,"('ecoinvent-3.12-biosphere', '25d2aa75-09bd-5c80-8bbc-39d405bc91bd')",P,2.2381211332233628e-20,2.2381211332233628e-20,0.12575720665854648,2.134523127681749e-15,2.134523127681749e-15,dissipation
Oxydemeton-methyl,"('ecoinvent-3.12-biosphere', 'e5868be6-97ba-570f-a314-02031be56c40')",P,2.2381211332233628e-20,2.2381211332233628e-20,0.12575720665854648,2.134523127681749e-15,2.134523127681749e-15,dissipation
Oxydemeton-methyl,"('ecoinvent-3.12-biosphere', '92961215-d8fa-5331-aca2-51fda372a00e')",P,2.2381211332233628e-20,2.2381211332233628e-20,0.12575720665854648,2.134523127681749e-15,2.134523127681749e-15,dissipation
Phosphoric acid,"('ecoinvent-3.12-biosphere', 'b0c3054b-6d71-42b1-8575-704c4d049180')",P,1.6222884838771904e-20,1.6222884838771904e-20,0.31607735088524924,5.3648966411349025e-15,5.3648966411349025e-15,dissipation
Phosphoric acid,"('ecoinvent-3.12-biosphere', '5d0058e0-ad1b-4c15-b0ff-a665bb04154f')",P,1.6222884838771904e-20,1.6222884838771904e-20,0.31607735088524924,5.3648966411349025e-15,5.3648966411349025e-15,dissipation
Phosphoric acid,"('ecoinvent-3.12-biosphere', '2257e9f9-f38c-494b-b99f-f49b4768b4b9')",P,1.6222884838771904e-20,1.6222884838771904e-20,0.31607735088524924,5.3648966411349025e-15,5.3648966411349025e-15,dissipation
Phosphoric acid,"('ecoinvent-3.12-biosphere', 'cefa3637-739c-5e9f-99a6-2456e6a44772')",P,1.6222884838771904e-20,1.6222884838771904e-20,0.31607735088524924,5.3648966411349025e-15,5.3648966411349025e-15,dissipation
Phosphoric acid,"('ecoinvent-3.12-biosphere', 'bcac684a-8868-4cd3-9063-3275dc831f91')",P,1.6222884838771904e-20,1.6222884838771904e-20,0.31607735088524924,5.3648966411349025e-15,5.3648966411349025e-15,dissipation
Glufosinate,"('ecoinvent-3.12-biosphere', '8f9e5000-0dfd-51b3-84b7-2872df0223ec')",P,-1.415522256879369e-20,-1.415522256879369e-20,0.1710042510903771,2.9025177847292816e-15,2.9025177847292816e-15,dissipation
Glufosinate,"('ecoinvent-3.12-biosphere', '450fa28c-72e1-5e55-8408-c87e4ecdcddc')",P,-1.415522256879369e-20,-1.415522256879369e-20,0.1710042510903771,2.9025177847292816e-15,2.9025177847292816e-15,dissipation
Glufosinate,"('ecoinvent-3.12-biosphere', 'eb6c55f2-a070-5e4b-a985-5e4b69013561')",P,-1.415522256879369e-20,-1.415522256879369e-20,0.1710042510903771,2.9025177847292816e-15,2.9025177847292816e-15,dissipation
Glufosinate,"('ecoinvent-3.12-biosphere', '9d20a094-1fe5-5325-abac-968411310403')",P,-1.415522256879369e-20,-1.415522256879369e-20,0.1710042510903771,2.9025177847292816e-15,2.9025177847292816e-15,dissipation
Glufosinate,"('ecoinvent-3.12-biosphere', 'b7a0a14a-b0b2-4aeb-923f-5c2ec1251dd5')",P,-1.415522256879369e-20,-1.415522256879369e-20,0.1710042510903771,2.9025177847292816e-15,2.9025177847292816e-15,dissipation
Glufosinate,"('ecoinvent-3.12-biosphere', '189bfd0c-3c62-53f0-8327-851c86e905b6')",P,-1.415522256879369e-20,-1.415522256879369e-20,0.1710042510903771,2.9025177847292816e-15,2.9025177847292816e-15,dissipation
Glufosinate,"('ecoinvent-3.12-biosphere', '639ddb85-c4e3-5175-9c22-6a7621c397d9')",P,-1.415522256879369e-20,-1.415522256879369e-20,0.1710042510903771,2.9025177847292816e-15,2.9025177847292816e-15,dissipation
Mancozeb,"('ecoinvent-3.12-biosphere', 'e5341dca-5831-5bf1-8d1b-e7bef2b17d9b')",Mn,6.5588045240140306e-21,2.1945867398160735e-21,0.10153021622620588,6.584242677286185e-15,1.9677855459297162e-14,dissipation
Mancozeb,"('ecoinvent-3.12-biosphere', 'e5341dca-5831-5bf1-8d1b-e7bef2b17d9b')",Zn,6.5588045240140306e-21,4.364217784197957e-21,0.12082794307891331,1.3093612782010977e-14,1.9677855459297162e-14,dissipation
Mancozeb,"('ecoinvent-3.12-biosphere', 'c34b7d39-1ab2-512f-8c5d-c5c8aa5eff2d')",Mn,6.5588045240140306e-21,2.1945867398160735e-21,0.10153021622620588,6.584242677286185e-15,1.9677855459297162e-14,dissipation
Mancozeb,"('ecoinvent-3.12-biosphere', 'c34b7d39-1ab2-512f-8c5d-c5c8aa5eff2d')",Zn,6.5588045240140306e-21,4.364217784197957e-21,0.12082794307891331,1.3093612782010977e-14,1.9677855459297162e-14,dissipation
Mancozeb,"('ecoinvent-3.12-biosphere', '193eb6c2-57b1-5b5f-91a4-2986768b33c0')",Mn,6.5588045240140306e-21,2.1945867398160735e-21,0.10153021622620588,6.584242677286185e-15,1.9677855459297162e-14,dissipation
Mancozeb,"('ecoinvent-3.12-biosphere', '193eb6c2-57b1-5b5f-91a4-2986768b33c0')",Zn,6.5588045240140306e-21,4.364217784197957e-21,0.12082794307891331,1.3093612782010977e-14,1.9677855459297162e-14,dissipation
Mancozeb,"('ecoinvent-3.12-biosphere', '4f6390e3-bca5-4d3b-aead-7d63f2534440')",Mn,6.5588045240140306e-21,2.1945867398160735e-21,0.10153021622620588,6.584242677286185e-15,1.9677855459297162e-14,dissipation
Mancozeb,"('ecoinvent-3.12-biosphere', '4f6390e3-bca5-4d3b-aead-7d63f2534440')",Zn,6.5588045240140306e-21,4.364217784197957e-21,0.12082794307891331,1.3093612782010977e-14,1.9677855459297162e-14,dissipation
Mancozeb,"('ecoinvent-3.12-biosphere', '61c6920c-89ff-5928-9bea-012bd1fc5bec')",Mn,6.5588045240140306e-21,2.1945867398160735e-21,0.10153021622620588,6.584242677286185e-15,1.9677855459297162e-14,dissipation
Mancozeb,"('ecoinvent-3.12-biosphere', '61c6920c-89ff-5928-9bea-012bd1fc5bec')",Zn,6.5588045240140306e-21,4.364217784197957e-21,0.12082794307891331,1.3093612782010977e-14,1.9677855459297162e-14,dissipation
Mancozeb,"('ecoinvent-3.12-biosphere', '08c34081-cb18-5b76-b5f5-4177434e7bc0')",Mn,6.5588045240140306e-21,2.1945867398160735e-21,0.10153021622620588,6.584242677286185e-15,1.9677855459297162e-14,dissipation
Mancozeb,"('ecoinvent-3.12-biosphere', '08c34081-cb18-5b76-b5f5-4177434e7bc0')",Zn,6.5588045240140306e-21,4.364217784197957e-21,0.12082794307891331,1.3093612782010977e-14,1.9677855459297162e-14,dissipation
Mancozeb,"('ecoinvent-3.12-biosphere', 'c7d666fc-9018-5e44-9c68-8112aee4f20e')",Mn,6.5588045240140306e-21,2.1945867398160735e-21,0.10153021622620588,6.584242677286185e-15,1.9677855459297162e-14,dissipation
Mancozeb,"('ecoinvent-3.12-biosphere', 'c7d666fc-9018-5e44-9c68-8112aee4f20e')",Zn,6.5588045240140306e-21,4.364217784197957e-21,0.12082794307891331,1.3093612782010977e-14,1.9677855459297162e-14,dissipation
Mancozeb,"('ecoinvent-3.12-biosphere', '04b5664e-7ad4-5b04-a859-ba1ae903d310')",Mn,6.5588045240140306e-21,2.1945867398160735e-21,0.10153021622620588,6.584242677286185e-15,1.9677855459297162e-14,dissipation
Mancozeb,"('ecoinvent-3.12-biosphere', '04b5664e-7ad4-5b04-a859-ba1ae903d310')",Zn,6.5588045240140306e-21,4.364217784197957e-21,0.12082794307891331,1.3093612782010977e-14,1.9677855459297162e-14,dissipation
Chlorpyrifos methyl,"('ecoinvent-3.12-biosphere', '4f4f5587-8319-5b09-8312-b455d46127c3')",P,5.259547638157462e-21,5.259547638157462e-21,0.09604341085271317,1.6301799886760147e-15,1.6301799886760147e-15,dissipation
Chlorpyrifos methyl,"('ecoinvent-3.12-biosphere', '2b3cf153-0dd6-4b79-b0d4-b4df832f3a7e')",P,5.259547638157462e-21,5.259547638157462e-21,0.09604341085271317,1.6301799886760147e-15,1.6301799886760147e-15,dissipation
Chlorpyrifos methyl,"('ecoinvent-3.12-biosphere', 'bd6ac9fb-52ba-516a-bccd-f9b1eb7def7b')",P,5.259547638157462e-21,5.259547638157462e-21,0.09604341085271317,1.6301799886760147e-15,1.6301799886760147e-15,dissipation
Chlorpyrifos methyl,"('ecoinvent-3.12-biosphere', '16ce8358-db19-58c9-9cee-5572ca475890')",P,5.259547638157462e-21,5.259547638157462e-21,0.09604341085271317,1.6301799886760147e-15,1.6301799886760147e-15,dissipation
Chlorpyrifos methyl,"('ecoinvent-3.12-biosphere', '5be5c933-bceb-5132-ae17-e43eeb61b8fb')",P,5.259547638157462e-21,5.259547638157462e-21,0.09604341085271317,1.6301799886760147e-15,1.6301799886760147e-15,dissipation
Chlorpyrifos methyl,"('ecoinvent-3.12-biosphere', '93db5191-c13b-5e45-8ef6-4dd4ce975b37')",P,5.259547638157462e-21,5.259547638157462e-21,0.09604341085271317,1.6301799886760147e-15,1.6301799886760147e-15,dissipation
Chlorpyrifos methyl,"('ecoinvent-3.12-biosphere', '9afbd8e4-f6cd-5818-843f-468295d8a8a5')",P,5.259547638157462e-21,5.259547638157462e-21,0.09604341085271317,1.6301799886760147e-15,1.6301799886760147e-15,dissipation
Profenofos,"('ecoinvent-3.12-biosphere', 'cab8d859-018a-4919-9324-f3febdea35e0')",P,4.75400883318849e-21,4.75400883318849e-21,0.0829001953804566,1.4070953787115992e-15,1.4070953787115992e-15,dissipation
Profenofos,"('ecoinvent-3.12-biosphere', '5ad908dd-0f14-53e2-8726-03a0becf0bd7')",P,4.75400883318849e-21,4.75400883318849e-21,0.0829001953804566,1.4070953787115992e-15,1.4070953787115992e-15,dissipation
Profenofos,"('ecoinvent-3.12-biosphere', '1b66e722-97ea-562a-8352-3fbcea1b05e9')",P,4.75400883318849e-21,4.75400883318849e-21,0.0829001953804566,1.4070953787115992e-15,1.4070953787115992e-15,dissipation
Profenofos,"('ecoinvent-3.12-biosphere', '93e5b457-c0a0-588e-a302-fed6ec93d146')",P,4.75400883318849e-21,4.75400883318849e-21,0.0829001953804566,1.4070953787115992e-15,1.4070953787115992e-15,dissipation
Profenofos,"('ecoinvent-3.12-biosphere', 'd6d54028-c318-5c31-a525-6328bc281035')",P,4.75400883318849e-21,4.75400883318849e-21,0.0829001953804566,1.4070953787115992e-15,1.4070953787115992e-15,dissipation
Profenofos,"('ecoinvent-3.12-biosphere', '7fb9f7b1-74af-58a2-ada3-777ad3b2a2f8')",P,4.75400883318849e-21,4.75400883318849e-21,0.0829001953804566,1.4070953787115992e-15,1.4070953787115992e-15,dissipation
Profenofos,"('ecoinvent-3.12-biosphere', '49076e44-20a8-5ac4-bdf0-7d4f482c4f7a')",P,4.75400883318849e-21,4.75400883318849e-21,0.0829001953804566,1.4070953787115992e-15,1.4070953787115992e-15,dissipation
Phosphorus trichloride,"('ecoinvent-3.12-biosphere', '3ba36854-15b2-415a-aa71-c99257aa7204')",P,3.2291215855689097e-21,3.2291215855689097e-21,0.2255443093278963,3.828246168703231e-15,3.828246168703231e-15,dissipation
Phosphorus trichloride,"('ecoinvent-3.12-biosphere', '95886a55-63a7-4e2e-8120-6cd2e6afbbfc')",P,3.2291215855689097e-21,3.2291215855689097e-21,0.2255443093278963,3.828246168703231e-15,3.828246168703231e-15,dissipation
Phosphorus trichloride,"('ecoinvent-3.12-biosphere', 'dcedc211-8daa-49ac-82a9-ce60a22d9b43')",P,3.2291215855689097e-21,3.2291215855689097e-21,0.2255443093278963,3.828246168703231e-15,3.828246168703231e-15,dissipation
Phosphorus trichloride,"('ecoinvent-3.12-biosphere', '5cf4e418-9cd0-5139-bfc2-5d8a8ffda5ff')",P,3.2291215855689097e-21,3.2291215855689097e-21,0.2255443093278963,3.828246168703231e-15,3.828246168703231e-15,dissipation
Phosphorus trichloride,"('ecoinvent-3.12-biosphere', '16addd86-288b-419a-8217-75e4197c5f9d')",P,3.2291215855689097e-21,3.2291215855689097e-21,0.2255443093278963,3.828246168703231e-15,3.828246168703231e-15,dissipation
Chlorpyrifos,"('ecoinvent-3.12-biosphere', 'd05f3321-5794-5b5e-b05e-831412c615f9')",P,1.6512918940354277e-21,1.6512918940354277e-21,0.08834569309754706,1.4995238058985018e-15,1.4995238058985018e-15,dissipation
Chlorpyrifos,"('ecoinvent-3.12-biosphere', 'ab005f13-989c-5e34-af6f-2129a8c820c5')",P,1.6512918940354277e-21,1.6512918940354277e-21,0.08834569309754706,1.4995238058985018e-15,1.4995238058985018e-15,dissipation
Chlorpyrifos,"('ecoinvent-3.12-biosphere', '1cc0be91-3df0-5d9b-ba9e-c0bb9ce30b0d')",P,1.6512918940354277e-21,1.6512918940354277e-21,0.08834569309754706,1.4995238058985018e-15,1.4995238058985018e-15,dissipation
Chlorpyrifos,"('ecoinvent-3.12-biosphere', '0822b867-9dca-4d5a-93c3-319d39b592cd')",P,1.6512918940354277e-21,1.6512918940354277e-21,0.08834569309754706,1.4995238058985018e-15,1.4995238058985018e-15,dissipation
Chlorpyrifos,"('ecoinvent-3.12-biosphere', '736923cd-6eb7-4896-98f8-46951d56da97')",P,1.6512918940354277e-21,1.6512918940354277e-21,0.08834569309754706,1.4995238058985018e-15,1.4995238058985018e-15,dissipation
Chlorpyrifos,"('ecoinvent-3.12-biosphere', 'd7992d1c-65ec-4523-8b32-aef139acd1f5')",P,1.6512918940354277e-21,1.6512918940354277e-21,0.08834569309754706,1.4995238058985018e-15,1.4995238058985018e-15,dissipation
Chlorpyrifos,"('ecoinvent-3.12-biosphere', '60dd222a-8106-5765-bd90-f03fb4ebc94b')",P,1.6512918940354277e-21,1.6512918940354277e-21,0.08834569309754706,1.4995238058985018e-15,1.4995238058985018e-15,dissipation
Chlorpyrifos,"('ecoinvent-3.12-biosphere', '4f5a026f-7d9c-5d10-85b8-9e01b648bac2')",P,1.6512918940354277e-21,1.6512918940354277e-21,0.08834569309754706,1.4995238058985018e-15,1.4995238058985018e-15,dissipation
Phosphoric acid,"('ecoinvent-3.12-biosphere', 'b0c3054b-6d71-42b1-8575-704c4d049180')",P,8.980573365612944e-22,8.980573365612944e-22,0.31607735088524924,5.3648966411349025e-15,5.3648966411349025e-15,dissipation
Phosphoric acid,"('ecoinvent-3.12-biosphere', '5d0058e0-ad1b-4c15-b0ff-a665bb04154f')",P,8.980573365612944e-22,8.980573365612944e-22,0.31607735088524924,5.3648966411349025e-15,5.3648966411349025e-15,dissipation
Phosphoric acid,"('ecoinvent-3.12-biosphere', '2257e9f9-f38c-494b-b99f-f49b4768b4b9')",P,8.980573365612944e-22,8.980573365612944e-22,0.31607735088524924,5.3648966411349025e-15,5.3648966411349025e-15,dissipation
Phosphoric acid,"('ecoinvent-3.12-biosphere', 'cefa3637-739c-5e9f-99a6-2456e6a44772')",P,8.980573365612944e-22,8.980573365612944e-22,0.31607735088524924,5.3648966411349025e-15,5.3648966411349025e-15,dissipation
Phosphoric acid,"('ecoinvent-3.12-biosphere', 'bcac684a-8868-4cd3-9063-3275dc831f91')",P,8.980573365612944e-22,8.980573365612944e-22,0.31607735088524924,5.3648966411349025e-15,5.3648966411349025e-15,dissipation
Ethephon,"('ecoinvent-3.12-biosphere', 'e27cd09b-b06e-5aec-9886-49d1cdad1e77')",P,-8.171601426507871e-22,-8.171601426507871e-22,0.2143677763167001,3.638542780455497e-15,3.638542780455497e-15,dissipation
Ethephon,"('ecoinvent-3.12-biosphere', '8beefad6-d121-5009-a1d5-55ee15aef834')",P,-8.171601426507871e-22,-8.171601426507871e-22,0.2143677763167001,3.638542780455497e-15,3.638542780455497e-15,dissipation
Ethephon,"('ecoinvent-3.12-biosphere', 'e732d6dc-d502-4e03-8a5e-6c2644136b5f')",P,-8.171601426507871e-22,-8.171601426507871e-22,0.2143677763167001,3.638542780455497e-15,3.638542780455497e-15,dissipation
Ethephon,"('ecoinvent-3.12-biosphere', '0ba582f8-3360-441a-a93c-ea15e87f7b0c')",P,-8.171601426507871e-22,-8.171601426507871e-22,0.2143677763167001,3.638542780455497e-15,3.638542780455497e-15,dissipation
Ethephon,"('ecoinvent-3.12-biosphere', 'bb3ae4d9-105a-505a-8fbb-ceb863088641')",P,-8.171601426507871e-22,-8.171601426507871e-22,0.2143677763167001,3.638542780455497e-15,3.638542780455497e-15,dissipation
Ethephon,"('ecoinvent-3.12-biosphere', 'a212914e-f8ba-49eb-9ceb-63e286053f2d')",P,-8.171601426507871e-22,-8.171601426507871e-22,0.2143677763167001,3.638542780455497e-15,3.638542780455497e-15,dissipation
Ethephon,"('ecoinvent-3.12-biosphere', '876d4bb6-badc-4d04-a193-71b68e908737')",P,-8.171601426507871e-22,-8.171601426507871e-22,0.2143677763167001,3.638542780455497e-15,3.638542780455497e-15,dissipation
Ethephon,"('ecoinvent-3.12-biosphere', 'ce9635e1-8291-592b-a8c3-cead3a096f8e')",P,-8.171601426507871e-22,-8.171601426507871e-22,0.2143677763167001,3.638542780455497e-15,3.638542780455497e-15,dissipation
Copper oxide,"('ecoinvent-3.12-biosphere', '4fe87334-f0d5-5fa1-a989-b5c80446c666')",Cu,1.3428417504515079e-22,1.3428417504515079e-22,0.7988183532369579,9.835397719686547e-15,9.835397719686547e-15,dissipation
Copper oxide,"('ecoinvent-3.12-biosphere', '2560cef2-f8a0-5778-80ed-7ebba796e271')",Cu,1.3428417504515079e-22,1.3428417504515079e-22,0.7988183532369579,9.835397719686547e-15,9.835397719686547e-15,dissipation
Copper oxide,"('ecoinvent-3.12-biosphere', '2f5879fc-2fe8-56e6-beb0-01ee8b53bcab')",Cu,1.3428417504515079e-22,1.3428417504515079e-22,0.7988183532369579,9.835397719686547e-15,9.835397719686547e-15,dissipation
Copper oxide,"('ecoinvent-3.12-biosphere', '7cab31a5-46b7-5629-8c1e-3d61e33f3885')",Cu,1.3428417504515079e-22,1.3428417504515079e-22,0.7988183532369579,9.835397719686547e-15,9.835397719686547e-15,dissipation
Cupric hydroxide,"('ecoinvent-3.12-biosphere', 'f8d4fdfe-f573-5141-9d5f-b60cbcbd3706')",Cu,1.07350484478041e-22,1.07350484478041e-22,0.6513530135301353,8.01974055556647e-15,8.01974055556647e-15,dissipation
Cupric hydroxide,"('ecoinvent-3.12-biosphere', 'bc4df43a-0bee-547a-93c5-33cd01d001da')",Cu,1.07350484478041e-22,1.07350484478041e-22,0.6513530135301353,8.01974055556647e-15,8.01974055556647e-15,dissipation
Cupric hydroxide,"('ecoinvent-3.12-biosphere', 'd7d7692e-3f4b-5c14-9add-4c9eff49bd1f')",Cu,1.07350484478041e-22,1.07350484478041e-22,0.6513530135301353,8.01974055556647e-15,8.01974055556647e-15,dissipation
Cupric hydroxide,"('ecoinvent-3.12-biosphere', 'c495230c-cfe7-518a-82b9-cd492227143d')",Cu,1.07350484478041e-22,1.07350484478041e-22,0.6513530135301353,8.01974055556647e-15,8.01974055556647e-15,dissipation
Cupric hydroxide,"('ecoinvent-3.12-biosphere', '88871056-0c78-5df7-961e-a37788c7ccdc')",Cu,1.07350484478041e-22,1.07350484478041e-22,0.6513530135301353,8.01974055556647e-15,8.01974055556647e-15,dissipation
Cupric hydroxide,"('ecoinvent-3.12-biosphere', '6f1a4695-eef7-5474-827b-033045e48c56')",Cu,1.07350484478041e-22,1.07350484478041e-22,0.6513530135301353,8.01974055556647e-15,8.01974055556647e-15,dissipation
Cupric hydroxide,"('ecoinvent-3.12-biosphere', '4c9632ec-2c03-521f-8b86-fe4519373a12')",Cu,1.07350484478041e-22,1.07350484478041e-22,0.6513530135301353,8.01974055556647e-15,8.01974055556647e-15,dissipation
Phosphorus trichloride,"('ecoinvent-3.12-biosphere', '3ba36854-15b2-415a-aa71-c99257aa7204')",P,7.607259903368652e-23,7.607259903368652e-23,0.2255443093278963,3.828246168703231e-15,3.828246168703231e-15,dissipation
Phosphorus trichloride,"('ecoinvent-3.12-biosphere', '95886a55-63a7-4e2e-8120-6cd2e6afbbfc')",P,7.607259903368652e-23,7.607259903368652e-23,0.2255443093278963,3.828246168703231e-15,3.828246168703231e-15,dissipation
Phosphorus trichloride,"('ecoinvent-3.12-biosphere', 'dcedc211-8daa-49ac-82a9-ce60a22d9b43')",P,7.607259903368652e-23,7.607259903368652e-23,0.2255443093278963,3.828246168703231e-15,3.828246168703231e-15,dissipation
Phosphorus trichloride,"('ecoinvent-3.12-biosphere', '5cf4e418-9cd0-5139-bfc2-5d8a8ffda5ff')",P,7.607259903368652e-23,7.607259903368652e-23,0.2255443093278963,3.828246168703231e-15,3.828246168703231e-15,dissipation
Phosphorus trichloride,"('ecoinvent-3.12-biosphere', '16addd86-288b-419a-8217-75e4197c5f9d')",P,7.607259903368652e-23,7.607259903368652e-23,0.2255443093278963,3.828246168703231e-15,3.828246168703231e-15,dissipation
Glufosinate,"('ecoinvent-3.12-biosphere', '8f9e5000-0dfd-51b3-84b7-2872df0223ec')",P,-3.3807553862879575e-23,-3.3807553862879575e-23,0.1710042510903771,2.9025177847292816e-15,2.9025177847292816e-15,dissipation
Glufosinate,"('ecoinvent-3.12-biosphere', '450fa28c-72e1-5e55-8408-c87e4ecdcddc')",P,-3.3807553862879575e-23,-3.3807553862879575e-23,0.1710042510903771,2.9025177847292816e-15,2.9025177847292816e-15,dissipation
Glufosinate,"('ecoinvent-3.12-biosphere', 'eb6c55f2-a070-5e4b-a985-5e4b69013561')",P,-3.3807553862879575e-23,-3.3807553862879575e-23,0.1710042510903771,2.9025177847292816e-15,2.9025177847292816e-15,dissipation
Glufosinate,"('ecoinvent-3.12-biosphere', '9d20a094-1fe5-5325-abac-968411310403')",P,-3.3807553862879575e-23,-3.3807553862879575e-23,0.1710042510903771,2.9025177847292816e-15,2.9025177847292816e-15,dissipation
Glufosinate,"('ecoinvent-3.12-biosphere', 'b7a0a14a-b0b2-4aeb-923f-5c2ec1251dd5')",P,-3.3807553862879575e-23,-3.3807553862879575e-23,0.1710042510903771,2.9025177847292816e-15,2.9025177847292816e-15,dissipation
Glufosinate,"('ecoinvent-3.12-biosphere', '189bfd0c-3c62-53f0-8327-851c86e905b6')",P,-3.3807553862879575e-23,-3.3807553862879575e-23,0.1710042510903771,2.9025177847292816e-15,2.9025177847292816e-15,dissipation
Glufosinate,"('ecoinvent-3.12-biosphere', '639ddb85-c4e3-5175-9c22-6a7621c397d9')",P,-3.3807553862879575e-23,-3.3807553862879575e-23,0.1710042510903771,2.9025177847292816e-15,2.9025177847292816e-15,dissipation
Chlorpyrifos methyl,"('ecoinvent-3.12-biosphere', '4f4f5587-8319-5b09-8312-b455d46127c3')",P,2.5744380851881718e-23,2.5744380851881718e-23,0.09604341085271317,1.6301799886760147e-15,1.6301799886760147e-15,dissipation
Chlorpyrifos methyl,"('ecoinvent-3.12-biosphere', '2b3cf153-0dd6-4b79-b0d4-b4df832f3a7e')",P,2.5744380851881718e-23,2.5744380851881718e-23,0.09604341085271317,1.6301799886760147e-15,1.6301799886760147e-15,dissipation
Chlorpyrifos methyl,"('ecoinvent-3.12-biosphere', 'bd6ac9fb-52ba-516a-bccd-f9b1eb7def7b')",P,2.5744380851881718e-23,2.5744380851881718e-23,0.09604341085271317,1.6301799886760147e-15,1.6301799886760147e-15,dissipation
Chlorpyrifos methyl,"('ecoinvent-3.12-biosphere', '16ce8358-db19-58c9-9cee-5572ca475890')",P,2.5744380851881718e-23,2.5744380851881718e-23,0.09604341085271317,1.6301799886760147e-15,1.6301799886760147e-15,dissipation
Chlorpyrifos methyl,"('ecoinvent-3.12-biosphere', '5be5c933-bceb-5132-ae17-e43eeb61b8fb')",P,2.5744380851881718e-23,2.5744380851881718e-23,0.09604341085271317,1.6301799886760147e-15,1.6301799886760147e-15,dissipation
Chlorpyrifos methyl,"('ecoinvent-3.12-biosphere', '93db5191-c13b-5e45-8ef6-4dd4ce975b37')",P,2.5744380851881718e-23,2.5744380851881718e-23,0.09604341085271317,1.6301799886760147e-15,1.6301799886760147e-15,dissipation
Chlorpyrifos methyl,"('ecoinvent-3.12-biosphere', '9afbd8e4-f6cd-5818-843f-468295d8a8a5')",P,2.5744380851881718e-23,2.5744380851881718e-23,0.09604341085271317,1.6301799886760147e-15,1.6301799886760147e-15,dissipation
Copper oxide,"('ecoinvent-3.12-biosphere', '4fe87334-f0d5-5fa1-a989-b5c80446c666')",Cu,4.630488684425282e-24,4.630488684425282e-24,0.7988183532369579,9.835397719686547e-15,9.835397719686547e-15,dissipation
Copper oxide,"('ecoinvent-3.12-biosphere', '2560cef2-f8a0-5778-80ed-7ebba796e271')",Cu,4.630488684425282e-24,4.630488684425282e-24,0.7988183532369579,9.835397719686547e-15,9.835397719686547e-15,dissipation
Copper oxide,"('ecoinvent-3.12-biosphere', '2f5879fc-2fe8-56e6-beb0-01ee8b53bcab')",Cu,4.630488684425282e-24,4.630488684425282e-24,0.7988183532369579,9.835397719686547e-15,9.835397719686547e-15,dissipation
Copper oxide,"('ecoinvent-3.12-biosphere', '7cab31a5-46b7-5629-8c1e-3d61e33f3885')",Cu,4.630488684425282e-24,4.630488684425282e-24,0.7988183532369579,9.835397719686547e-15,9.835397719686547e-15,dissipation
Cupric hydroxide,"('ecoinvent-3.12-biosphere', 'f8d4fdfe-f573-5141-9d5f-b60cbcbd3706')",Cu,3.701740963079315e-24,3.701740963079315e-24,0.6513530135301353,8.01974055556647e-15,8.01974055556647e-15,dissipation
Cupric hydroxide,"('ecoinvent-3.12-biosphere', 'bc4df43a-0bee-547a-93c5-33cd01d001da')",Cu,3.701740963079315e-24,3.701740963079315e-24,0.6513530135301353,8.01974055556647e-15,8.01974055556647e-15,dissipation
Cupric hydroxide,"('ecoinvent-3.12-biosphere', 'd7d7692e-3f4b-5c14-9add-4c9eff49bd1f')",Cu,3.701740963079315e-24,3.701740963079315e-24,0.6513530135301353,8.01974055556647e-15,8.01974055556647e-15,dissipation
Cupric hydroxide,"('ecoinvent-3.12-biosphere', 'c495230c-cfe7-518a-82b9-cd492227143d')",Cu,3.701740963079315e-24,3.701740963079315e-24,0.6513530135301353,8.01974055556647e-15,8.01974055556647e-15,dissipation
Cupric hydroxide,"('ecoinvent-3.12-biosphere', '88871056-0c78-5df7-961e-a37788c7ccdc')",Cu,3.701740963079315e-24,3.701740963079315e-24,0.6513530135301353,8.01974055556647e-15,8.01974055556647e-15,dissipation
Cupric hydroxide,"('ecoinvent-3.12-biosphere', '6f1a4695-eef7-5474-827b-033045e48c56')",Cu,3.701740963079315e-24,3.701740963079315e-24,0.6513530135301353,8.01974055556647e-15,8.01974055556647e-15,dissipation
Cupric hydroxide,"('ecoinvent-3.12-biosphere', '4c9632ec-2c03-521f-8b86-fe4519373a12')",Cu,3.701740963079315e-24,3.701740963079315e-24,0.6513530135301353,8.01974055556647e-15,8.01974055556647e-15,dissipation
Glufosinate,"('ecoinvent-3.12-biosphere', '8f9e5000-0dfd-51b3-84b7-2872df0223ec')",P,-1.1657777773508526e-24,-1.1657777773508526e-24,0.1710042510903771,2.9025177847292816e-15,2.9025177847292816e-15,dissipation
Glufosinate,"('ecoinvent-3.12-biosphere', '450fa28c-72e1-5e55-8408-c87e4ecdcddc')",P,-1.1657777773508526e-24,-1.1657777773508526e-24,0.1710042510903771,2.9025177847292816e-15,2.9025177847292816e-15,dissipation
Glufosinate,"('ecoinvent-3.12-biosphere', 'eb6c55f2-a070-5e4b-a985-5e4b69013561')",P,-1.1657777773508526e-24,-1.1657777773508526e-24,0.1710042510903771,2.9025177847292816e-15,2.9025177847292816e-15,dissipation
Glufosinate,"('ecoinvent-3.12-biosphere', '9d20a094-1fe5-5325-abac-968411310403')",P,-1.1657777773508526e-24,-1.1657777773508526e-24,0.1710042510903771,2.9025177847292816e-15,2.9025177847292816e-15,dissipation
Glufosinate,"('ecoinvent-3.12-biosphere', 'b7a0a14a-b0b2-4aeb-923f-5c2ec1251dd5')",P,-1.1657777773508526e-24,-1.1657777773508526e-24,0.1710042510903771,2.9025177847292816e-15,2.9025177847292816e-15,dissipation
Glufosinate,"('ecoinvent-3.12-biosphere', '189bfd0c-3c62-53f0-8327-851c86e905b6')",P,-1.1657777773508526e-24,-1.1657777773508526e-24,0.1710042510903771,2.9025177847292816e-15,2.9025177847292816e-15,dissipation
Glufosinate,"('ecoinvent-3.12-biosphere', '639ddb85-c4e3-5175-9c22-6a7621c397d9')",P,-1.1657777773508526e-24,-1.1657777773508526e-24,0.1710042510903771,2.9025177847292816e-15,2.9025177847292816e-15,dissipation
Chlorpyrifos methyl,"('ecoinvent-3.12-biosphere', '4f4f5587-8319-5b09-8312-b455d46127c3')",P,8.87737268571122e-25,8.87737268571122e-25,0.09604341085271317,1.6301799886760147e-15,1.6301799886760147e-15,dissipation
Chlorpyrifos methyl,"('ecoinvent-3.12-biosphere', '2b3cf153-0dd6-4b79-b0d4-b4df832f3a7e')",P,8.87737268571122e-25,8.87737268571122e-25,0.09604341085271317,1.6301799886760147e-15,1.6301799886760147e-15,dissipation
Chlorpyrifos methyl,"('ecoinvent-3.12-biosphere', 'bd6ac9fb-52ba-516a-bccd-f9b1eb7def7b')",P,8.87737268571122e-25,8.87737268571122e-25,0.09604341085271317,1.6301799886760147e-15,1.6301799886760147e-15,dissipation
Chlorpyrifos methyl,"('ecoinvent-3.12-biosphere', '16ce8358-db19-58c9-9cee-5572ca475890')",P,8.87737268571122e-25,8.87737268571122e-25,0.09604341085271317,1.6301799886760147e-15,1.6301799886760147e-15,dissipation
Chlorpyrifos methyl,"('ecoinvent-3.12-biosphere', '5be5c933-bceb-5132-ae17-e43eeb61b8fb')",P,8.87737268571122e-25,8.87737268571122e-25,0.09604341085271317,1.6301799886760147e-15,1.6301799886760147e-15,dissipation
Chlorpyrifos methyl,"('ecoinvent-3.12-biosphere', '93db5191-c13b-5e45-8ef6-4dd4ce975b37')",P,8.87737268571122e-25,8.87737268571122e-25,0.09604341085271317,1.6301799886760147e-15,1.6301799886760147e-15,dissipation
Chlorpyrifos methyl,"('ecoinvent-3.12-biosphere', '9afbd8e4-f6cd-5818-843f-468295d8a8a5')",P,8.87737268571122e-25,8.87737268571122e-25,0.09604341085271317,1.6301799886760147e-15,1.6301799886760147e-15,dissipation
Copper oxychloride,"('ecoinvent-3.12-biosphere', '5c309691-59d6-5439-ba94-30c990aacf49')",Cu,3.7206328160606547e-25,3.7206328160606547e-25,0.5950835791543756,7.326926896109611e-15,7.326926896109611e-15,dissipation
Copper oxychloride,"('ecoinvent-3.12-biosphere', '08c9d29a-ba22-54a0-a500-b9a4709e35cf')",Cu,3.7206328160606547e-25,3.7206328160606547e-25,0.5950835791543756,7.326926896109611e-15,7.326926896109611e-15,dissipation
Copper oxychloride,"('ecoinvent-3.12-biosphere', '707ed70e-55ad-5787-af1e-94cd9a438954')",Cu,3.7206328160606547e-25,3.7206328160606547e-25,0.5950835791543756,7.326926896109611e-15,7.326926896109611e-15,dissipation
Copper oxychloride,"('ecoinvent-3.12-biosphere', 'a46f2cef-b328-5d0d-848d-aa485e50eb8e')",Cu,3.7206328160606547e-25,3.7206328160606547e-25,0.5950835791543756,7.326926896109611e-15,7.326926896109611e-15,dissipation
Copper oxychloride,"('ecoinvent-3.12-biosphere', '8a0f9d4c-cf90-5c89-a79d-2926cc516521')",Cu,3.7206328160606547e-25,3.7206328160606547e-25,0.5950835791543756,7.326926896109611e-15,7.326926896109611e-15,dissipation
Copper oxychloride,"('ecoinvent-3.12-biosphere', '1b5743fe-479b-51c0-a7c1-ab1422052ecd')",Cu,3.7206328160606547e-25,3.7206328160606547e-25,0.5950835791543756,7.326926896109611e-15,7.326926896109611e-15,dissipation
Copper oxychloride,"('ecoinvent-3.12-biosphere', 'aaca334b-09a5-589e-8088-d3bc090b12e0')",Cu,3.7206328160606547e-25,3.7206328160606547e-25,0.5950835791543756,7.326926896109611e-15,7.326926896109611e-15,dissipation
Trisodium phosphate,"('ecoinvent-3.12-biosphere', '094310bb-49db-5b2d-ae1b-e7b4ffca1d03')",P,-4.025611962845104e-39,-4.025611962845104e-39,0.18893382375366746,3.2068429883190582e-15,3.2068429883190582e-15,dissipation
Phosphoric acid,"('ecoinvent-3.12-biosphere', 'b0c3054b-6d71-42b1-8575-704c4d049180')",P,-2.118751387470013e-39,-2.118751387470013e-39,0.31607735088524924,5.3648966411349025e-15,5.3648966411349025e-15,dissipation
Phosphoric acid,"('ecoinvent-3.12-biosphere', '5d0058e0-ad1b-4c15-b0ff-a665bb04154f')",P,-2.118751387470013e-39,-2.118751387470013e-39,0.31607735088524924,5.3648966411349025e-15,5.3648966411349025e-15,dissipation
Phosphoric acid,"('ecoinvent-3.12-biosphere', '2257e9f9-f38c-494b-b99f-f49b4768b4b9')",P,-2.118751387470013e-39,-2.118751387470013e-39,0.31607735088524924,5.3648966411349025e-15,5.3648966411349025e-15,dissipation
Phosphoric acid,"('ecoinvent-3.12-biosphere', 'cefa3637-739c-5e9f-99a6-2456e6a44772')",P,-2.118751387470013e-39,-2.118751387470013e-39,0.31607735088524924,5.3648966411349025e-15,5.3648966411349025e-15,dissipation
Phosphoric acid,"('ecoinvent-3.12-biosphere', 'bcac684a-8868-4cd3-9063-3275dc831f91')",P,-2.118751387470013e-39,-2.118751387470013e-39,0.31607735088524924,5.3648966411349025e-15,5.3648966411349025e-15,dissipation
Dichlorvos,"('ecoinvent-3.12-biosphere', '55da7a72-fe3c-5812-ac94-27de0a3517b3')",P,-3.2317794230684248e-43,-3.2317794230684248e-43,0.14017287414581164,2.3792055317374065e-15,2.3792055317374065e-15,dissipation
Dichlorvos,"('ecoinvent-3.12-biosphere', '56cb0876-c24e-5676-baa3-340f447fccba')",P,-3.2317794230684248e-43,-3.2317794230684248e-43,0.14017287414581164,2.3792055317374065e-15,2.3792055317374065e-15,dissipation
Dichlorvos,"('ecoinvent-3.12-biosphere', '341ff194-b193-5ccf-b3a0-2ffeac6552f9')",P,-3.2317794230684248e-43,-3.2317794230684248e-43,0.14017287414581164,2.3792055317374065e-15,2.3792055317374065e-15,dissipation
Dichlorvos,"('ecoinvent-3.12-biosphere', '6322e750-aed5-589b-a3ae-667600cee0c4')",P,-3.2317794230684248e-43,-3.2317794230684248e-43,0.14017287414581164,2.3792055317374065e-15,2.3792055317374065e-15,dissipation
Dichlorvos,"('ecoinvent-3.12-biosphere', '37d92187-5100-5795-ae8b-0ffb665bf491')",P,-3.2317794230684248e-43,-3.2317794230684248e-43,0.14017287414581164,2.3792055317374065e-15,2.3792055317374065e-15,dissipation
Dichlorvos,"('ecoinvent-3.12-biosphere', '27f283f8-b919-5d78-993a-e22e03d149c0')",P,-3.2317794230684248e-43,-3.2317794230684248e-43,0.14017287414581164,2.3792055317374065e-15,2.3792055317374065e-15,dissipation
Dichlorvos,"('ecoinvent-3.12-biosphere', '8c86ae8c-3afe-5bdf-8d87-ba550e2447aa')",P,-3.2317794230684248e-43,-3.2317794230684248e-43,0.14017287414581164,2.3792055317374065e-15,2.3792055317374065e-15,dissipation
Tin ion,"('ecoinvent-3.12-biosphere', '3ddb2e36-bc1b-43a5-8ef4-cbcdbeeeea70')",Sn,-3.4717441890137803e-44,-3.4717441890137803e-44,1.0,1.3268575464212294e-13,1.3268575464212294e-13,dissipation
Tin ion,"('ecoinvent-3.12-biosphere', '2a992e5e-9f16-47b8-8bcb-733d00bed658')",Sn,-3.4717441890137803e-44,-3.4717441890137803e-44,1.0,1.3268575464212294e-13,1.3268575464212294e-13,dissipation
Tin ion,"('ecoinvent-3.12-biosphere', '60a6702f-20ad-444f-a6df-f6374f1e3183')",Sn,-3.4717441890137803e-44,-3.4717441890137803e-44,1.0,1.3268575464212294e-13,1.3268575464212294e-13,dissipation
Tin ion,"('ecoinvent-3.12-biosphere', '19b6e569-85a4-4ea9-a590-d61a21e3c846')",Sn,-3.4717441890137803e-44,-3.4717441890137803e-44,1.0,1.3268575464212294e-13,1.3268575464212294e-13,dissipation
Tin ion,"('ecoinvent-3.12-biosphere', '85a764f2-a810-4b20-bc86-a45604262fda')",Sn,-3.4717441890137803e-44,-3.4717441890137803e-44,1.0,1.3268575464212294e-13,1.3268575464212294e-13,dissipation
Tin ion,"('ecoinvent-3.12-biosphere', '2a7b68ff-f12a-44c6-8b31-71ec91d29889')",Sn,-3.4717441890137803e-44,-3.4717441890137803e-44,1.0,1.3268575464212294e-13,1.3268575464212294e-13,dissipation
Tin ion,"('ecoinvent-3.12-biosphere', 'e070bd24-fd16-4963-8f4d-78bb4c402400')",Sn,-3.4717441890137803e-44,-3.4717441890137803e-44,1.0,1.3268575464212294e-13,1.3268575464212294e-13,dissipation
Tin ion,"('ecoinvent-3.12-biosphere', '8a422b03-1055-4bc8-b439-27bf8d7eef57')",Sn,-3.4717441890137803e-44,-3.4717441890137803e-44,1.0,1.3268575464212294e-13,1.3268575464212294e-13,dissipation
Tin ion,"('ecoinvent-3.12-biosphere', 'f563b90e-a300-4403-b278-d2fdcd73e5a7')",Sn,-3.4717441890137803e-44,-3.4717441890137803e-44,1.0,1.3268575464212294e-13,1.3268575464212294e-13,dissipation
Tin ion,"('ecoinvent-3.12-biosphere', 'd5c40848-fc29-47fa-90a4-46db64a45a4e')",Sn,-3.4717441890137803e-44,-3.4717441890137803e-44,1.0,1.3268575464212294e-13,1.3268575464212294e-13,dissipation
Tin ion,"('ecoinvent-3.12-biosphere', 'f73177d8-5e57-4f0d-ba34-6889cfdfed40')",Sn,-3.4717441890137803e-44,-3.4717441890137803e-44,1.0,1.3268575464212294e-13,1.3268575464212294e-13,dissipation
Tin ion,"('ecoinvent-3.12-biosphere', '168c970b-91c9-4427-a3a0-6686ad6cc2c4')",Sn,-3.4717441890137803e-44,-3.4717441890137803e-44,1.0,1.3268575464212294e-13,1.3268575464212294e-13,dissipation
Tin ion,"('ecoinvent-3.12-biosphere', 'c67e3ba8-ddce-4931-b4b0-f4f9a56ccf40')",Sn,-3.4717441890137803e-44,-3.4717441890137803e-44,1.0,1.3268575464212294e-13,1.3268575464212294e-13,dissipation
Diphenyltin,"('ecoinvent-3.12-biosphere', '8892f038-c4cf-4166-adeb-df61c4e32af0')",Sn,-2.2070383616367826e-45,-2.2070383616367826e-45,0.43496262641066974,5.77133443264195e-14,5.77133443264195e-14,dissipation
Trioctyltin,"('ecoinvent-3.12-biosphere', 'e2ee2329-8e3f-484a-a1a7-99316eb2762c')",Sn,-9.221164307510133e-46,-9.221164307510133e-46,0.25896596858638743,3.436109496851312e-14,3.436109496851312e-14,dissipation
Triphenyltin,"('ecoinvent-3.12-biosphere', 'ad5a58d5-6ccd-4693-96f4-e56554a81269')",Sn,-5.11814056574958e-46,-5.11814056574958e-46,0.3382051282051282,4.487500265973337e-14,4.487500265973337e-14,dissipation
Dibutyltin,"('ecoinvent-3.12-biosphere', '9b84ef84-a567-48de-8dd5-24726bc6688d')",Sn,-4.0479716055709966e-47,-4.0479716055709966e-47,0.5052564375399021,6.704033170277257e-14,6.704033170277257e-14,dissipation
Ethephon,"('ecoinvent-3.12-biosphere', 'e27cd09b-b06e-5aec-9886-49d1cdad1e77')",P,-3.210423516257039e-50,-3.210423516257039e-50,0.2143677763167001,3.638542780455497e-15,3.638542780455497e-15,dissipation
Ethephon,"('ecoinvent-3.12-biosphere', '8beefad6-d121-5009-a1d5-55ee15aef834')",P,-3.210423516257039e-50,-3.210423516257039e-50,0.2143677763167001,3.638542780455497e-15,3.638542780455497e-15,dissipation
Ethephon,"('ecoinvent-3.12-biosphere', 'e732d6dc-d502-4e03-8a5e-6c2644136b5f')",P,-3.210423516257039e-50,-3.210423516257039e-50,0.2143677763167001,3.638542780455497e-15,3.638542780455497e-15,dissipation
Ethephon,"('ecoinvent-3.12-biosphere', '0ba582f8-3360-441a-a93c-ea15e87f7b0c')",P,-3.210423516257039e-50,-3.210423516257039e-50,0.2143677763167001,3.638542780455497e-15,3.638542780455497e-15,dissipation
Ethephon,"('ecoinvent-3.12-biosphere', 'bb3ae4d9-105a-505a-8fbb-ceb863088641')",P,-3.210423516257039e-50,-3.210423516257039e-50,0.2143677763167001,3.638542780455497e-15,3.638542780455497e-15,dissipation
Ethephon,"('ecoinvent-3.12-biosphere', 'a212914e-f8ba-49eb-9ceb-63e286053f2d')",P,-3.210423516257039e-50,-3.210423516257039e-50,0.2143677763167001,3.638542780455497e-15,3.638542780455497e-15,dissipation
Ethephon,"('ecoinvent-3.12-biosphere', '876d4bb6-badc-4d04-a193-71b68e908737')",P,-3.210423516257039e-50,-3.210423516257039e-50,0.2143677763167001,3.638542780455497e-15,3.638542780455497e-15,dissipation
Ethephon,"('ecoinvent-3.12-biosphere', 'ce9635e1-8291-592b-a8c3-cead3a096f8e')",P,-3.210423516257039e-50,-3.210423516257039e-50,0.2143677763167001,3.638542780455497e-15,3.638542780455497e-15,dissipation
