Flow_Key,Flow_Name,Metals,CF2_contributions,Total_CF2
"('ecoinvent-3.12-biosphere', '009a49e8-09a7-4432-9cb9-f2dd18e8f922')",Manganese II,"['Mn', 'Mn', 'Mn', 'Mn', 'Mn', 'Mn', 'Mn', 'Mn', 'Mn', 'Mn', 'Mn', 'Mn']","[4.368327605780774e-06, 2.92085394449423e-08, 1.1200492465317252e-08, 2.176452065164836e-09, 8.769964750206656e-10, 5.529563888464538e-10, 4.5631368335235096e-10, 3.276202740667731e-10, 2.6719024555521577e-10, 8.853205538495002e-11, 2.1823955305155734e-11, 1.3894856789427909e-11]",4.4135184176905194e-06
"('ecoinvent-3.12-biosphere', '01056d4b-f9b0-4dfc-b8d9-8407c8376efb')",Aluminium III,"['Al', 'Al', 'Al', 'Al', 'Al', 'Al', 'Al', 'Al', 'Al', 'Al', 'Al', 'Al']","[0.0023183730268120472, 3.6076957316809366e-05, 7.931173862159367e-06, 4.4718795267014474e-06, 2.8179677556202233e-06, 2.4045334718863272e-06, 1.8473233110460126e-06, 1.1898956729826825e-06, 1.0121206767511444e-06, 7.499307468922807e-08, 3.910458894483003e-08, 3.0882063383452275e-09]",0.0023762420642759767
"('ecoinvent-3.12-biosphere', '01285299-c683-4e15-b654-201987a7a738')",Chromium VI,"['Cr', 'Cr', 'Cr', 'Cr', 'Cr', 'Cr', 'Cr', 'Cr', 'Cr']","[1.6213910085281205e-07, 3.4487908297918737e-09, 3.127273421191691e-10, 1.7592353752591147e-10, 7.571341909580967e-11, 1.1671452096342727e-11, 2.6590215229896924e-12, 4.592365035020119e-13, 1.6344099348860866e-16]",1.6616704585490867e-07
"('ecoinvent-3.12-biosphere', '02156abf-3839-5778-897a-4c06444701d4')",Zineb,['Zn'],[2.851804163096747e-13],2.851804163096747e-13
"('ecoinvent-3.12-biosphere', '03b279a7-4626-4703-a451-d0650599dbd9')",Chromium VI,"['Cr', 'Cr', 'Cr', 'Cr', 'Cr', 'Cr', 'Cr', 'Cr', 'Cr']","[1.6213910085281205e-07, 3.4487908297918737e-09, 3.127273421191691e-10, 1.7592353752591147e-10, 7.571341909580967e-11, 1.1671452096342727e-11, 2.6590215229896924e-12, 4.592365035020119e-13, 1.6344099348860866e-16]",1.6616704585490867e-07
"('ecoinvent-3.12-biosphere', '04b5664e-7ad4-5b04-a859-ba1ae903d310')",Mancozeb,"['Mn', 'Zn', 'Mn', 'Zn', 'Mn', 'Zn', 'Mn', 'Zn', 'Mn', 'Zn', 'Mn', 'Zn']","[9.401459407602422e-13, 1.4127811046544678e-11, 3.0185995519598294e-13, 4.535774438284096e-12, 1.1607531737955208e-14, 1.76062088003384e-13, 1.6673802496511103e-15, 2.6108066281869285e-14, 5.130400768157293e-16, 8.03325116365204e-15, 0.0, 0.0]",2.0129582738298324e-11
"('ecoinvent-3.12-biosphere', '0545c382-2312-43b6-9ec3-63dbb1438565')",Nickel II,"['Ni', 'Ni', 'Ni', 'Ni', 'Ni', 'Ni', 'Ni', 'Ni', 'Ni', 'Ni', 'Ni', 'Ni', 'Ni', 'Ni']","[8.610646992302025e-05, 1.9371369374595667e-07, 1.8619807852443704e-07, 1.1735799150306382e-07, 2.4810880342319532e-08, 2.3980323853106783e-08, 1.441646077445021e-08, 1.1799758986064122e-08, 5.369703836523154e-09, -1.312055482791985e-09, 9.419728361492876e-10, 4.713221329817012e-10, 1.1385026326299324e-11, 0.0]",8.668422943909884e-05
"('ecoinvent-3.12-biosphere', '05651af0-21fb-5661-992e-0b1f415bd437')",Terbufos,['P'],[1.395393448675193e-16],1.395393448675193e-16
"('ecoinvent-3.12-biosphere', '06d88459-5b00-576e-9c35-d0f24f5cc889')",Ethoprop,['P'],[7.430470114195797e-15],7.430470114195797e-15
"('ecoinvent-3.12-biosphere', '06f4f268-0e1c-51d3-ae8d-759808afab1a')",Phorate,['P'],[1.2663195546728503e-14],1.2663195546728503e-14
"('ecoinvent-3.12-biosphere', '0813eab1-24ff-5eac-b93c-53c8f958401e')",Glufosinate ammonium,['P'],[2.552174617631178e-13],2.552174617631178e-13
"('ecoinvent-3.12-biosphere', '0822b867-9dca-4d5a-93c3-319d39b592cd')",Chlorpyrifos,"['P', 'P', 'P', 'P', 'P', 'P']","[1.2991113007177118e-13, 1.9221544755503214e-14, 1.0116602502895259e-15, 3.4884836216879827e-17, 0.0, 0.0]",1.501792199137808e-13
"('ecoinvent-3.12-biosphere', '087104ee-c665-597b-a2d6-3ceae0118b0d')",Diazinon,['P'],[2.232629517880347e-15],2.232629517880347e-15
"('ecoinvent-3.12-biosphere', '08c34081-cb18-5b76-b5f5-4177434e7bc0')",Mancozeb,"['Mn', 'Zn', 'Mn', 'Zn', 'Mn', 'Zn', 'Mn', 'Zn', 'Mn', 'Zn', 'Mn', 'Zn']","[9.401459407602422e-13, 1.4127811046544678e-11, 3.0185995519598294e-13, 4.535774438284096e-12, 1.1607531737955208e-14, 1.76062088003384e-13, 1.6673802496511103e-15, 2.6108066281869285e-14, 5.130400768157293e-16, 8.03325116365204e-15, 0.0, 0.0]",2.0129582738298324e-11
"('ecoinvent-3.12-biosphere', '08c9d29a-ba22-54a0-a500-b9a4709e35cf')",Copper oxychloride,"['Cu', 'Cu', 'Cu', 'Cu', 'Cu']","[2.195155708550196e-12, 9.486602559563249e-13, -2.2061866417588248e-14, -4.412373283517651e-14, 0.0]",3.077630365253756e-12
"('ecoinvent-3.12-biosphere', '097cecfb-bed2-43a0-81b7-c153d0bb14b9')",Phosphine,['P'],[-3.139635259519197e-16],-3.139635259519197e-16
"('ecoinvent-3.12-biosphere', '0a5e8a67-f9ae-48b3-bfa7-e9d37c30a191')",Copper ion,"['Cu', 'Cu', 'Cu', 'Cu', 'Cu', 'Cu', 'Cu', 'Cu', 'Cu', 'Cu', 'Cu', 'Cu', 'Cu', 'Cu']","[8.873218481948277e-05, 5.586222330072242e-08, 5.4016979817475266e-08, 5.3597429302250315e-08, 2.9533917252733047e-08, 2.6737244750864008e-08, 1.6955211723319527e-08, 1.3542770469712779e-08, 1.1868120374080998e-08, -1.024652354468517e-08, 7.256925547357588e-09, 2.791443834354132e-09, -2.535459998039102e-11, 0.0]",8.899407520771097e-05
"('ecoinvent-3.12-biosphere', '0ace7678-a181-48e8-8728-d912a8b56c57')",Aluminium III,"['Al', 'Al', 'Al', 'Al', 'Al', 'Al', 'Al', 'Al', 'Al', 'Al', 'Al', 'Al']","[0.0023183730268120472, 3.6076957316809366e-05, 7.931173862159367e-06, 4.4718795267014474e-06, 2.8179677556202233e-06, 2.4045334718863272e-06, 1.8473233110460126e-06, 1.1898956729826825e-06, 1.0121206767511444e-06, 7.499307468922807e-08, 3.910458894483003e-08, 3.0882063383452275e-09]",0.0023762420642759767
"('ecoinvent-3.12-biosphere', '0af26a55-d357-469f-abad-8ced785cb4fb')",Manganese II,"['Mn', 'Mn', 'Mn', 'Mn', 'Mn', 'Mn', 'Mn', 'Mn', 'Mn', 'Mn', 'Mn', 'Mn']","[4.368327605780774e-06, 2.92085394449423e-08, 1.1200492465317252e-08, 2.176452065164836e-09, 8.769964750206656e-10, 5.529563888464538e-10, 4.5631368335235096e-10, 3.276202740667731e-10, 2.6719024555521577e-10, 8.853205538495002e-11, 2.1823955305155734e-11, 1.3894856789427909e-11]",4.4135184176905194e-06
"('ecoinvent-3.12-biosphere', '0ba582f8-3360-441a-a93c-ea15e87f7b0c')",Ethephon,"['P', 'P', 'P', 'P', 'P']","[-1.7665681060207607e-13, -6.976967243375964e-17, 0.0, 0.0, 0.0]",-1.7672658027450982e-13
"('ecoinvent-3.12-biosphere', '0ed1b1a1-e56d-4860-bac7-d76a39bde930')",Silver I,"['Ag', 'Ag', 'Ag', 'Ag', 'Ag', 'Ag', 'Ag', 'Ag', 'Ag', 'Ag', 'Ag', 'Ag']","[0.06668750281674578, 0.0005376578613891086, 0.00023286073022878685, 0.00015392664355685324, 9.767551700899427e-05, 1.1337362037548993e-05, 6.527895600830674e-06, 5.342813212076447e-06, 4.90179858310077e-06, 6.874460613170756e-07, 3.4468236581888795e-08, -6.093956860534905e-10]",0.06773845474326529
"('ecoinvent-3.12-biosphere', '0f5b811b-4ff9-5941-9776-039b7a1771d8')",Malathion,['P'],[-1.1511995951569552e-14],-1.1511995951569552e-14
"('ecoinvent-3.12-biosphere', '0ff15165-d761-48c9-9814-2d1dcdd56857')",Lead II,"['Pb', 'Pb', 'Pb', 'Pb', 'Pb', 'Pb', 'Pb', 'Pb', 'Pb', 'Pb', 'Pb', 'Pb', 'Pb', 'Pb']","[5.168238383359356e-07, 1.790676616211187e-08, 1.0102341138803356e-08, 4.7466812925137975e-09, 2.0843216342223762e-09, 1.3237048630267223e-09, 8.392027549723558e-10, 4.876570074171105e-10, 4.408286602853388e-10, 1.479224965813368e-10, 9.611608031448702e-11, 6.813587515777365e-11, 1.201142693639195e-13, 3.3787417542589663e-16]",5.550676367534857e-07
"('ecoinvent-3.12-biosphere', '10cbd2f7-c41b-4bb4-b636-d8fc15cf0282')",Manganese II,"['Mn', 'Mn', 'Mn', 'Mn', 'Mn', 'Mn', 'Mn', 'Mn', 'Mn', 'Mn', 'Mn', 'Mn']","[4.368327605780774e-06, 2.92085394449423e-08, 1.1200492465317252e-08, 2.176452065164836e-09, 8.769964750206656e-10, 5.529563888464538e-10, 4.5631368335235096e-10, 3.276202740667731e-10, 2.6719024555521577e-10, 8.853205538495002e-11, 2.1823955305155734e-11, 1.3894856789427909e-11]",4.4135184176905194e-06
"('ecoinvent-3.12-biosphere', '118909a7-01f4-5a9c-aa75-10d225ccc5a9')",Azinphos-methyl,['P'],[3.488483621688001e-16],3.488483621688001e-16
"('ecoinvent-3.12-biosphere', '12051b95-831a-49c0-9a70-fbc0e8fb9af9')",Cobalt II,"['Co', 'Co', 'Co', 'Co', 'Co', 'Co', 'Co', 'Co', 'Co', 'Co', 'Co', 'Co']","[0.00596929382828228, 1.0459492006102991e-05, 4.405113353379248e-06, 3.068886441495257e-06, 1.7343554853171879e-06, 1.5303328526717172e-06, 5.964613150143722e-07, 2.475542372949169e-07, 7.291408459550982e-08, 7.093591210906292e-08, 6.831643921041718e-08, 4.476854801821316e-09]",0.005991552667264273
"('ecoinvent-3.12-biosphere', '140821a2-66bf-5600-9934-889cbf313c1e')",Phosphorus oxychloride,['P'],[3.1396352595191854e-16],3.1396352595191854e-16
"('ecoinvent-3.12-biosphere', '15057e97-7b47-405e-8222-6ed5cf4e0087')",Terbufos,['P'],[1.395393448675193e-16],1.395393448675193e-16
"('ecoinvent-3.12-biosphere', '153a660d-e8e6-4772-8930-ab0b29373b5c')",Lithium carbonate,['Li'],[-5.823400014601286e-11],-5.823400014601286e-11
"('ecoinvent-3.12-biosphere', '16316600-f12a-410b-8726-3faee64de60a')",Silver I,"['Ag', 'Ag', 'Ag', 'Ag', 'Ag', 'Ag', 'Ag', 'Ag', 'Ag', 'Ag', 'Ag', 'Ag']","[0.06668750281674578, 0.0005376578613891086, 0.00023286073022878685, 0.00015392664355685324, 9.767551700899427e-05, 1.1337362037548993e-05, 6.527895600830674e-06, 5.342813212076447e-06, 4.90179858310077e-06, 6.874460613170756e-07, 3.4468236581888795e-08, -6.093956860534905e-10]",0.06773845474326529
"('ecoinvent-3.12-biosphere', '163926e2-b4cc-42bb-ba7d-401028140985')",Molybdenum VI,"['Mo', 'Mo', 'Mo', 'Mo', 'Mo', 'Mo', 'Mo', 'Mo', 'Mo', 'Mo', 'Mo', 'Mo']","[0.0021296400823962508, 0.0002884894382590839, 8.379439134927995e-05, 5.8847683311108025e-06, 5.438734356256969e-06, 1.7359601186931967e-06, 1.0585022869161254e-06, 1.8803661006189264e-07, 3.6045734660090154e-08, 2.4103824637210742e-08, 7.098134161971401e-09, 6.972354907684351e-09]",0.002516304133756021
"('ecoinvent-3.12-biosphere', '165b1c6b-874a-5489-81d9-7cf884ced55c')",Phosmet,['P'],[5.232725432532027e-16],5.232725432532027e-16
"('ecoinvent-3.12-biosphere', '168c970b-91c9-4427-a3a0-6686ad6cc2c4')",Tin ion,"['Sn', 'Sn', 'Sn', 'Sn', 'Sn', 'Sn', 'Sn', 'Sn', 'Sn', 'Sn', 'Sn', 'Sn']","[5.397594485698682e-06, 5.2331619447728906e-08, 3.185332343186388e-08, 1.432699112920436e-08, 6.626625726243922e-09, 5.972498479784136e-09, 4.359708950426132e-09, 4.2101028676984547e-10, 2.8967297910178125e-10, 1.9984236914696768e-10, 1.8485735983862572e-10, 0.0]",5.51416063585879e-06
"('ecoinvent-3.12-biosphere', '16addd86-288b-419a-8217-75e4197c5f9d')",Phosphorus trichloride,"['P', 'P', 'P']","[4.046641001158159e-15, 0.0, 0.0]",4.046641001158159e-15
"('ecoinvent-3.12-biosphere', '16ce8358-db19-58c9-9cee-5572ca475890')",Chlorpyrifos methyl,"['P', 'P', 'P', 'P']","[9.015637071943437e-13, 0.0, 0.0, 0.0]",9.015637071943437e-13
"('ecoinvent-3.12-biosphere', '1727b41d-377e-43cd-bc01-9eaba946eccb')",Phosphate,"['P', 'P', 'P', 'P', 'P']","[2.6943735166119835e-06, 3.2145196590800433e-07, 2.1661093709973558e-10, 5.0946861373129994e-11, 3.6280229665556065e-15]",3.0160930439464836e-06
"('ecoinvent-3.12-biosphere', '17955b10-4c04-4fff-91e7-cf89ef1a7cca')",Glyphosate,"['P', 'P', 'P', 'P', 'P', 'P', 'P']","[2.7110436507211164e-11, 5.240539636023491e-12, 1.9608417589396504e-12, 9.32820520439932e-14, 3.628022966555606e-15, 2.4419385351816418e-15, 1.0465450865063944e-16]",3.441127457022869e-11
"('ecoinvent-3.12-biosphere', '183f9856-03ab-464d-9366-8ef62077b510')",Antimony ion,"['Sb', 'Sb', 'Sb', 'Sb', 'Sb', 'Sb', 'Sb', 'Sb', 'Sb', 'Sb', 'Sb', 'Sb']","[8.141689583259605e-06, 1.224969972412562e-06, 2.7054136458172466e-07, 1.3295850158656297e-07, 1.2689784271685236e-07, 7.899424969388019e-09, 4.462194251727944e-09, 2.8823268408214916e-09, 2.039995453873888e-09, 5.841848075495936e-10, 2.746121330989961e-10, 1.4694627221979315e-11]",9.915214697640992e-06
"('ecoinvent-3.12-biosphere', '189bfd0c-3c62-53f0-8327-851c86e905b6')",Glufosinate,"['P', 'P', 'P', 'P']","[4.883877070363223e-16, 0.0, 0.0, 0.0]",4.883877070363223e-16
"('ecoinvent-3.12-biosphere', '193eb6c2-57b1-5b5f-91a4-2986768b33c0')",Mancozeb,"['Mn', 'Zn', 'Mn', 'Zn', 'Mn', 'Zn', 'Mn', 'Zn', 'Mn', 'Zn', 'Mn', 'Zn']","[9.401459407602422e-13, 1.4127811046544678e-11, 3.0185995519598294e-13, 4.535774438284096e-12, 1.1607531737955208e-14, 1.76062088003384e-13, 1.6673802496511103e-15, 2.6108066281869285e-14, 5.130400768157293e-16, 8.03325116365204e-15, 0.0, 0.0]",2.0129582738298324e-11
"('ecoinvent-3.12-biosphere', '198ce8e3-f05a-4bec-9f7f-325347453326')",Phosphorus,"['P', 'P', 'P', 'P', 'P', 'P', 'P', 'P', 'P', 'P', 'P']","[2.445264703735171e-09, 9.164027800970033e-10, 3.650157403816444e-10, 3.3580827158634583e-10, 3.156282304010983e-11, 1.9040736651751022e-11, 8.6502532978424e-12, 4.7192555284008635e-12, 1.956516039248645e-12, 7.121041616984723e-13, 4.906552213919838e-13]",4.129623839740608e-09
"('ecoinvent-3.12-biosphere', '19b6e569-85a4-4ea9-a590-d61a21e3c846')",Tin ion,"['Sn', 'Sn', 'Sn', 'Sn', 'Sn', 'Sn', 'Sn', 'Sn', 'Sn', 'Sn', 'Sn', 'Sn']","[5.397594485698682e-06, 5.2331619447728906e-08, 3.185332343186388e-08, 1.432699112920436e-08, 6.626625726243922e-09, 5.972498479784136e-09, 4.359708950426132e-09, 4.2101028676984547e-10, 2.8967297910178125e-10, 1.9984236914696768e-10, 1.8485735983862572e-10, 0.0]",5.51416063585879e-06
"('ecoinvent-3.12-biosphere', '1ad3b0dc-fce4-416b-9851-f29d12cce55a')",Dichromate,['Cr'],[6.723962472072461e-13],6.723962472072461e-13
"('ecoinvent-3.12-biosphere', '1b10a3a6-1168-5609-8d98-ed3252861869')",Acephate,"['P', 'P', 'P', 'P', 'P']","[1.21946921964316e-12, 3.460226904360109e-13, 1.7128454582489875e-14, 4.221065182242602e-15, -3.488483621687998e-17]",1.5868065450076863e-12
"('ecoinvent-3.12-biosphere', '1b5743fe-479b-51c0-a7c1-ab1422052ecd')",Copper oxychloride,"['Cu', 'Cu', 'Cu', 'Cu', 'Cu']","[2.195155708550196e-12, 9.486602559563249e-13, -2.2061866417588248e-14, -4.412373283517651e-14, 0.0]",3.077630365253756e-12
"('ecoinvent-3.12-biosphere', '1c010fa9-6058-54dd-9d67-a8a39eded215')",Azinphos-methyl,['P'],[3.488483621688001e-16],3.488483621688001e-16
"('ecoinvent-3.12-biosphere', '1c87de06-e58f-4684-a54c-d29f1a251a87')",Chromium III,"['Cr', 'Cr', 'Cr', 'Cr', 'Cr', 'Cr', 'Cr', 'Cr', 'Cr', 'Cr', 'Cr', 'Cr', 'Cr']","[6.72653205959205e-09, 3.9937241339442526e-10, 3.408633820673131e-10, 3.1195073589975657e-10, 2.4708898189686585e-10, 1.9346683606209427e-10, 1.228723563737164e-10, 1.200101451552876e-11, 5.9717743315023115e-12, 3.0032282552556198e-12, 3.4806393973203105e-13, 1.127742855071264e-14, 0.0]",8.363482123756791e-09
"('ecoinvent-3.12-biosphere', '1cc0be91-3df0-5d9b-ba9e-c0bb9ce30b0d')",Chlorpyrifos,"['P', 'P', 'P', 'P', 'P', 'P']","[1.2991113007177118e-13, 1.9221544755503214e-14, 1.0116602502895259e-15, 3.4884836216879827e-17, 0.0, 0.0]",1.501792199137808e-13
"('ecoinvent-3.12-biosphere', '1e904267-caa3-40e6-a3a0-fc104489770b')",Cobalt II,"['Co', 'Co', 'Co', 'Co', 'Co', 'Co', 'Co', 'Co', 'Co', 'Co', 'Co', 'Co']","[0.00596929382828228, 1.0459492006102991e-05, 4.405113353379248e-06, 3.068886441495257e-06, 1.7343554853171879e-06, 1.5303328526717172e-06, 5.964613150143722e-07, 2.475542372949169e-07, 7.291408459550982e-08, 7.093591210906292e-08, 6.831643921041718e-08, 4.476854801821316e-09]",0.005991552667264273
"('ecoinvent-3.12-biosphere', '1f3c2297-d652-468d-82e8-4fd59bf5b5b8')",Molybdenum VI,"['Mo', 'Mo', 'Mo', 'Mo', 'Mo', 'Mo', 'Mo', 'Mo', 'Mo', 'Mo', 'Mo', 'Mo']","[0.0021296400823962508, 0.0002884894382590839, 8.379439134927995e-05, 5.8847683311108025e-06, 5.438734356256969e-06, 1.7359601186931967e-06, 1.0585022869161254e-06, 1.8803661006189264e-07, 3.6045734660090154e-08, 2.4103824637210742e-08, 7.098134161971401e-09, 6.972354907684351e-09]",0.002516304133756021
"('ecoinvent-3.12-biosphere', '204e07e2-d513-55bd-939d-66b2939049e4')",Glyphosate,"['P', 'P', 'P', 'P', 'P', 'P', 'P']","[2.7110436507211164e-11, 5.240539636023491e-12, 1.9608417589396504e-12, 9.32820520439932e-14, 3.628022966555606e-15, 2.4419385351816418e-15, 1.0465450865063944e-16]",3.441127457022869e-11
"('ecoinvent-3.12-biosphere', '2178d345-c7fc-5b75-825c-2e4a790279c9')",Phorate,['P'],[1.2663195546728503e-14],1.2663195546728503e-14
"('ecoinvent-3.12-biosphere', '2195d86f-e4c8-4e86-9f18-b5b065b1df7e')",Zinc II,"['Zn', 'Zn', 'Zn', 'Zn', 'Zn', 'Zn', 'Zn', 'Zn', 'Zn', 'Zn', 'Zn', 'Zn', 'Zn', 'Zn']","[7.138702255285526e-06, 1.6271929386588268e-08, 1.3210944687643888e-08, 1.2519902324988676e-08, 1.0456699986159744e-08, 9.63243753381505e-09, 8.667414111170458e-09, 3.396799674417187e-09, 3.1823935392492164e-09, 3.0552492644964655e-09, 2.6453937934795392e-09, 1.3974091444989521e-09, -6.569191139061592e-12, 6.694375969710012e-16]",7.223132260210332e-06
"('ecoinvent-3.12-biosphere', '21b5487b-4086-490b-9f98-1f5503feee7c')",Ethoprop,['P'],[7.430470114195797e-15],7.430470114195797e-15
"('ecoinvent-3.12-biosphere', '21c257b2-57ce-4a6e-b4bd-40f0f75f310f')",Silver I,"['Ag', 'Ag', 'Ag', 'Ag', 'Ag', 'Ag', 'Ag', 'Ag', 'Ag', 'Ag', 'Ag', 'Ag']","[0.06668750281674578, 0.0005376578613891086, 0.00023286073022878685, 0.00015392664355685324, 9.767551700899427e-05, 1.1337362037548993e-05, 6.527895600830674e-06, 5.342813212076447e-06, 4.90179858310077e-06, 6.874460613170756e-07, 3.4468236581888795e-08, -6.093956860534905e-10]",0.06773845474326529
"('ecoinvent-3.12-biosphere', '22cdb606-ac48-5d59-b212-6d75407c0cbb')",Azinphos-methyl,['P'],[3.488483621688001e-16],3.488483621688001e-16
"('ecoinvent-3.12-biosphere', '237ca6bc-2f0a-4416-a0e3-bd512f038f2e')",Copper ion,"['Cu', 'Cu', 'Cu', 'Cu', 'Cu', 'Cu', 'Cu', 'Cu', 'Cu', 'Cu', 'Cu', 'Cu', 'Cu', 'Cu']","[8.873218481948277e-05, 5.586222330072242e-08, 5.4016979817475266e-08, 5.3597429302250315e-08, 2.9533917252733047e-08, 2.6737244750864008e-08, 1.6955211723319527e-08, 1.3542770469712779e-08, 1.1868120374080998e-08, -1.024652354468517e-08, 7.256925547357588e-09, 2.791443834354132e-09, -2.535459998039102e-11, 0.0]",8.899407520771097e-05
"('ecoinvent-3.12-biosphere', '238ec4b7-ffdc-5c95-96b4-8b09268fa1ca')",Glufosinate ammonium,['P'],[2.552174617631178e-13],2.552174617631178e-13
"('ecoinvent-3.12-biosphere', '23cb10a4-6228-4ce4-9fb5-7043bc31faec')",Nickel II,"['Ni', 'Ni', 'Ni', 'Ni', 'Ni', 'Ni', 'Ni', 'Ni', 'Ni', 'Ni', 'Ni', 'Ni', 'Ni', 'Ni']","[8.610646992302025e-05, 1.9371369374595667e-07, 1.8619807852443704e-07, 1.1735799150306382e-07, 2.4810880342319532e-08, 2.3980323853106783e-08, 1.441646077445021e-08, 1.1799758986064122e-08, 5.369703836523154e-09, -1.312055482791985e-09, 9.419728361492876e-10, 4.713221329817012e-10, 1.1385026326299324e-11, 0.0]",8.668422943909884e-05
"('ecoinvent-3.12-biosphere', '2460f868-54a9-404c-bec8-c809a44ae72c')",Manganese II,"['Mn', 'Mn', 'Mn', 'Mn', 'Mn', 'Mn', 'Mn', 'Mn', 'Mn', 'Mn', 'Mn', 'Mn']","[4.368327605780774e-06, 2.92085394449423e-08, 1.1200492465317252e-08, 2.176452065164836e-09, 8.769964750206656e-10, 5.529563888464538e-10, 4.5631368335235096e-10, 3.276202740667731e-10, 2.6719024555521577e-10, 8.853205538495002e-11, 2.1823955305155734e-11, 1.3894856789427909e-11]",4.4135184176905194e-06
"('ecoinvent-3.12-biosphere', '24d49070-45df-4627-84fa-2d8adeca255b')",Phorate,['P'],[1.2663195546728503e-14],1.2663195546728503e-14
"('ecoinvent-3.12-biosphere', '24eee9f0-73da-5a08-b2a0-01be6693794f')",Sulfosate,['P'],[1.9057586025305112e-13],1.9057586025305112e-13
"('ecoinvent-3.12-biosphere', '2560cef2-f8a0-5778-80ed-7ebba796e271')",Copper oxide,"['Cu', 'Cu', 'Cu', 'Cu']","[5.515466604397056e-15, 0.0, 0.0, 0.0]",5.515466604397056e-15
"('ecoinvent-3.12-biosphere', '26fa5bf3-0d4c-5aa3-b9c0-b4216a679893')",Phosphorus pentafluoride,['P'],[1.7442418108439995e-16],1.7442418108439995e-16
"('ecoinvent-3.12-biosphere', '2718482b-8399-442e-b89a-52fbcc22d2e6')",Lead II,"['Pb', 'Pb', 'Pb', 'Pb', 'Pb', 'Pb', 'Pb', 'Pb', 'Pb', 'Pb', 'Pb', 'Pb', 'Pb', 'Pb']","[5.168238383359356e-07, 1.790676616211187e-08, 1.0102341138803356e-08, 4.7466812925137975e-09, 2.0843216342223762e-09, 1.3237048630267223e-09, 8.392027549723558e-10, 4.876570074171105e-10, 4.408286602853388e-10, 1.479224965813368e-10, 9.611608031448702e-11, 6.813587515777365e-11, 1.201142693639195e-13, 3.3787417542589663e-16]",5.550676367534857e-07
"('ecoinvent-3.12-biosphere', '2719825b-24dc-5024-806a-17982606ba7f')",Phosphine,['P'],[-3.139635259519197e-16],-3.139635259519197e-16
"('ecoinvent-3.12-biosphere', '28f19625-5e6a-4902-8c18-4b519db19d86')",Dimethoate,['P'],[1.814011483277781e-15],1.814011483277781e-15
"('ecoinvent-3.12-biosphere', '295060ba-3c3d-45e4-99ca-e17b1204b553')",Manganese II,"['Mn', 'Mn', 'Mn', 'Mn', 'Mn', 'Mn', 'Mn', 'Mn', 'Mn', 'Mn', 'Mn', 'Mn']","[4.368327605780774e-06, 2.92085394449423e-08, 1.1200492465317252e-08, 2.176452065164836e-09, 8.769964750206656e-10, 5.529563888464538e-10, 4.5631368335235096e-10, 3.276202740667731e-10, 2.6719024555521577e-10, 8.853205538495002e-11, 2.1823955305155734e-11, 1.3894856789427909e-11]",4.4135184176905194e-06
"('ecoinvent-3.12-biosphere', '2a5ed451-12a2-47db-b4dc-fa0bfbc01d79')",Chromium III,"['Cr', 'Cr', 'Cr', 'Cr', 'Cr', 'Cr', 'Cr', 'Cr', 'Cr', 'Cr', 'Cr', 'Cr', 'Cr']","[6.72653205959205e-09, 3.9937241339442526e-10, 3.408633820673131e-10, 3.1195073589975657e-10, 2.4708898189686585e-10, 1.9346683606209427e-10, 1.228723563737164e-10, 1.200101451552876e-11, 5.9717743315023115e-12, 3.0032282552556198e-12, 3.4806393973203105e-13, 1.127742855071264e-14, 0.0]",8.363482123756791e-09
"('ecoinvent-3.12-biosphere', '2a7b68ff-f12a-44c6-8b31-71ec91d29889')",Tin ion,"['Sn', 'Sn', 'Sn', 'Sn', 'Sn', 'Sn', 'Sn', 'Sn', 'Sn', 'Sn', 'Sn', 'Sn']","[5.397594485698682e-06, 5.2331619447728906e-08, 3.185332343186388e-08, 1.432699112920436e-08, 6.626625726243922e-09, 5.972498479784136e-09, 4.359708950426132e-09, 4.2101028676984547e-10, 2.8967297910178125e-10, 1.9984236914696768e-10, 1.8485735983862572e-10, 0.0]",5.51416063585879e-06
"('ecoinvent-3.12-biosphere', '2a992e5e-9f16-47b8-8bcb-733d00bed658')",Tin ion,"['Sn', 'Sn', 'Sn', 'Sn', 'Sn', 'Sn', 'Sn', 'Sn', 'Sn', 'Sn', 'Sn', 'Sn']","[5.397594485698682e-06, 5.2331619447728906e-08, 3.185332343186388e-08, 1.432699112920436e-08, 6.626625726243922e-09, 5.972498479784136e-09, 4.359708950426132e-09, 4.2101028676984547e-10, 2.8967297910178125e-10, 1.9984236914696768e-10, 1.8485735983862572e-10, 0.0]",5.51416063585879e-06
"('ecoinvent-3.12-biosphere', '2b2369a4-26bb-4b18-8479-752fdf7a5e7f')",Antimony ion,"['Sb', 'Sb', 'Sb', 'Sb', 'Sb', 'Sb', 'Sb', 'Sb', 'Sb', 'Sb', 'Sb', 'Sb']","[8.141689583259605e-06, 1.224969972412562e-06, 2.7054136458172466e-07, 1.3295850158656297e-07, 1.2689784271685236e-07, 7.899424969388019e-09, 4.462194251727944e-09, 2.8823268408214916e-09, 2.039995453873888e-09, 5.841848075495936e-10, 2.746121330989961e-10, 1.4694627221979315e-11]",9.915214697640992e-06
"('ecoinvent-3.12-biosphere', '2b3cf153-0dd6-4b79-b0d4-b4df832f3a7e')",Chlorpyrifos methyl,"['P', 'P', 'P', 'P']","[9.015637071943437e-13, 0.0, 0.0, 0.0]",9.015637071943437e-13
"('ecoinvent-3.12-biosphere', '2baa4381-b781-4f5e-90de-508b0fa3fd1f')",Aluminium III,"['Al', 'Al', 'Al', 'Al', 'Al', 'Al', 'Al', 'Al', 'Al', 'Al', 'Al', 'Al']","[0.0023183730268120472, 3.6076957316809366e-05, 7.931173862159367e-06, 4.4718795267014474e-06, 2.8179677556202233e-06, 2.4045334718863272e-06, 1.8473233110460126e-06, 1.1898956729826825e-06, 1.0121206767511444e-06, 7.499307468922807e-08, 3.910458894483003e-08, 3.0882063383452275e-09]",0.0023762420642759767
"('ecoinvent-3.12-biosphere', '2bcad3b3-5305-481c-a166-ad5e6eac2675')",Nickel II,"['Ni', 'Ni', 'Ni', 'Ni', 'Ni', 'Ni', 'Ni', 'Ni', 'Ni', 'Ni', 'Ni', 'Ni', 'Ni', 'Ni']","[8.610646992302025e-05, 1.9371369374595667e-07, 1.8619807852443704e-07, 1.1735799150306382e-07, 2.4810880342319532e-08, 2.3980323853106783e-08, 1.441646077445021e-08, 1.1799758986064122e-08, 5.369703836523154e-09, -1.312055482791985e-09, 9.419728361492876e-10, 4.713221329817012e-10, 1.1385026326299324e-11, 0.0]",8.668422943909884e-05
"('ecoinvent-3.12-biosphere', '2c384839-5f0b-5936-bee4-715e27a2f026')",Malathion,['P'],[-1.1511995951569552e-14],-1.1511995951569552e-14
"('ecoinvent-3.12-biosphere', '2c7be02c-791f-4fef-b231-b90321bbeb30')",Zinc II,"['Zn', 'Zn', 'Zn', 'Zn', 'Zn', 'Zn', 'Zn', 'Zn', 'Zn', 'Zn', 'Zn', 'Zn', 'Zn', 'Zn']","[7.138702255285526e-06, 1.6271929386588268e-08, 1.3210944687643888e-08, 1.2519902324988676e-08, 1.0456699986159744e-08, 9.63243753381505e-09, 8.667414111170458e-09, 3.396799674417187e-09, 3.1823935392492164e-09, 3.0552492644964655e-09, 2.6453937934795392e-09, 1.3974091444989521e-09, -6.569191139061592e-12, 6.694375969710012e-16]",7.223132260210332e-06
"('ecoinvent-3.12-biosphere', '2c96cdaa-6d20-5587-86f3-a8b99c829c6d')",Dimethoate,['P'],[1.814011483277781e-15],1.814011483277781e-15
"('ecoinvent-3.12-biosphere', '2c9a7182-37c8-4777-a37a-9a007c3edb2f')",Iron ion,"['Fe', 'Fe', 'Fe', 'Fe', 'Fe', 'Fe', 'Fe', 'Fe', 'Fe', 'Fe', 'Fe', 'Fe']","[3.6317843125881055e-06, 9.932031159250924e-07, 1.2597445096327265e-08, 1.1426500304960905e-08, 7.432996754445176e-09, 3.5093809384889075e-09, 3.453626846418325e-09, 1.087423396082068e-09, 7.964899093326971e-10, 2.79846421660667e-10, 8.682915133148982e-11, 8.652262328949715e-12]",4.665666619594574e-06
"('ecoinvent-3.12-biosphere', '2d4b8ec1-8d53-4e62-8a11-ebc45909b02e')",Phosphorus,"['P', 'P', 'P', 'P', 'P', 'P', 'P', 'P', 'P', 'P', 'P']","[2.445264703735171e-09, 9.164027800970033e-10, 3.650157403816444e-10, 3.3580827158634583e-10, 3.156282304010983e-11, 1.9040736651751022e-11, 8.6502532978424e-12, 4.7192555284008635e-12, 1.956516039248645e-12, 7.121041616984723e-13, 4.906552213919838e-13]",4.129623839740608e-09
"('ecoinvent-3.12-biosphere', '2e0c9efa-d55c-49db-8be3-0376d5921ff4')",Aluminium III,"['Al', 'Al', 'Al', 'Al', 'Al', 'Al', 'Al', 'Al', 'Al', 'Al', 'Al', 'Al']","[0.0023183730268120472, 3.6076957316809366e-05, 7.931173862159367e-06, 4.4718795267014474e-06, 2.8179677556202233e-06, 2.4045334718863272e-06, 1.8473233110460126e-06, 1.1898956729826825e-06, 1.0121206767511444e-06, 7.499307468922807e-08, 3.910458894483003e-08, 3.0882063383452275e-09]",0.0023762420642759767
"('ecoinvent-3.12-biosphere', '2e518059-747c-4ff1-8da3-17134c547ac2')",Uranium,"['U', 'U', 'U']","[7.25724497034366e-08, 7.373542614788632e-10, 2.266340312128641e-11]",7.333246736803675e-08
"('ecoinvent-3.12-biosphere', '2f5879fc-2fe8-56e6-beb0-01ee8b53bcab')",Copper oxide,"['Cu', 'Cu', 'Cu', 'Cu']","[5.515466604397056e-15, 0.0, 0.0, 0.0]",5.515466604397056e-15
"('ecoinvent-3.12-biosphere', '2f8952b0-c90c-4e3d-b546-52b862fc8f11')",Phosphorus,"['P', 'P', 'P', 'P', 'P', 'P', 'P', 'P', 'P', 'P', 'P']","[2.445264703735171e-09, 9.164027800970033e-10, 3.650157403816444e-10, 3.3580827158634583e-10, 3.156282304010983e-11, 1.9040736651751022e-11, 8.6502532978424e-12, 4.7192555284008635e-12, 1.956516039248645e-12, 7.121041616984723e-13, 4.906552213919838e-13]",4.129623839740608e-09
"('ecoinvent-3.12-biosphere', '30f484ee-dec4-47ae-8e92-d00d4b93fe05')",Chromium III,"['Cr', 'Cr', 'Cr', 'Cr', 'Cr', 'Cr', 'Cr', 'Cr', 'Cr', 'Cr', 'Cr', 'Cr', 'Cr']","[6.72653205959205e-09, 3.9937241339442526e-10, 3.408633820673131e-10, 3.1195073589975657e-10, 2.4708898189686585e-10, 1.9346683606209427e-10, 1.228723563737164e-10, 1.200101451552876e-11, 5.9717743315023115e-12, 3.0032282552556198e-12, 3.4806393973203105e-13, 1.127742855071264e-14, 0.0]",8.363482123756791e-09
"('ecoinvent-3.12-biosphere', '31c4d160-b21e-41b3-b9c1-3d7a72377653')",Lead II,"['Pb', 'Pb', 'Pb', 'Pb', 'Pb', 'Pb', 'Pb', 'Pb', 'Pb', 'Pb', 'Pb', 'Pb', 'Pb', 'Pb']","[5.168238383359356e-07, 1.790676616211187e-08, 1.0102341138803356e-08, 4.7466812925137975e-09, 2.0843216342223762e-09, 1.3237048630267223e-09, 8.392027549723558e-10, 4.876570074171105e-10, 4.408286602853388e-10, 1.479224965813368e-10, 9.611608031448702e-11, 6.813587515777365e-11, 1.201142693639195e-13, 3.3787417542589663e-16]",5.550676367534857e-07
"('ecoinvent-3.12-biosphere', '329fc7d8-4011-4327-84e4-34ff76f0e42d')",Phosphate,"['P', 'P', 'P', 'P', 'P']","[2.6943735166119835e-06, 3.2145196590800433e-07, 2.1661093709973558e-10, 5.0946861373129994e-11, 3.6280229665556065e-15]",3.0160930439464836e-06
"('ecoinvent-3.12-biosphere', '32cd0492-c0cb-4898-a2b1-675eedc5b688')",Iron ion,"['Fe', 'Fe', 'Fe', 'Fe', 'Fe', 'Fe', 'Fe', 'Fe', 'Fe', 'Fe', 'Fe', 'Fe']","[3.6317843125881055e-06, 9.932031159250924e-07, 1.2597445096327265e-08, 1.1426500304960905e-08, 7.432996754445176e-09, 3.5093809384889075e-09, 3.453626846418325e-09, 1.087423396082068e-09, 7.964899093326971e-10, 2.79846421660667e-10, 8.682915133148982e-11, 8.652262328949715e-12]",4.665666619594574e-06
"('ecoinvent-3.12-biosphere', '33456751-d78b-465d-8635-52d71e77cf54')",Monocrotophos,['P'],[2.636595921276323e-13],2.636595921276323e-13
"('ecoinvent-3.12-biosphere', '33627701-feca-434d-a192-674a450eaaf7')",Cobalt II,"['Co', 'Co', 'Co', 'Co', 'Co', 'Co', 'Co', 'Co', 'Co', 'Co', 'Co', 'Co']","[0.00596929382828228, 1.0459492006102991e-05, 4.405113353379248e-06, 3.068886441495257e-06, 1.7343554853171879e-06, 1.5303328526717172e-06, 5.964613150143722e-07, 2.475542372949169e-07, 7.291408459550982e-08, 7.093591210906292e-08, 6.831643921041718e-08, 4.476854801821316e-09]",0.005991552667264273
"('ecoinvent-3.12-biosphere', '33fd8342-58e7-45c9-ad92-0951c002c403')",Iron ion,"['Fe', 'Fe', 'Fe', 'Fe', 'Fe', 'Fe', 'Fe', 'Fe', 'Fe', 'Fe', 'Fe', 'Fe']","[3.6317843125881055e-06, 9.932031159250924e-07, 1.2597445096327265e-08, 1.1426500304960905e-08, 7.432996754445176e-09, 3.5093809384889075e-09, 3.453626846418325e-09, 1.087423396082068e-09, 7.964899093326971e-10, 2.79846421660667e-10, 8.682915133148982e-11, 8.652262328949715e-12]",4.665666619594574e-06
"('ecoinvent-3.12-biosphere', '3470aef6-3382-5fdd-a4c4-89e668b316d0')",Phorate,['P'],[1.2663195546728503e-14],1.2663195546728503e-14
"('ecoinvent-3.12-biosphere', '34aaaf34-03a7-5012-b285-720e64537322')",Terbufos,['P'],[1.395393448675193e-16],1.395393448675193e-16
"('ecoinvent-3.12-biosphere', '34b96163-a3df-4bc1-8224-e2a9fe01b23f')",Antimony ion,"['Sb', 'Sb', 'Sb', 'Sb', 'Sb', 'Sb', 'Sb', 'Sb', 'Sb', 'Sb', 'Sb', 'Sb']","[8.141689583259605e-06, 1.224969972412562e-06, 2.7054136458172466e-07, 1.3295850158656297e-07, 1.2689784271685236e-07, 7.899424969388019e-09, 4.462194251727944e-09, 2.8823268408214916e-09, 2.039995453873888e-09, 5.841848075495936e-10, 2.746121330989961e-10, 1.4694627221979315e-11]",9.915214697640992e-06
"('ecoinvent-3.12-biosphere', '3573a5af-88f8-4f74-ade7-cd269cbc4e66')",Copper ion,"['Cu', 'Cu', 'Cu', 'Cu', 'Cu', 'Cu', 'Cu', 'Cu', 'Cu', 'Cu', 'Cu', 'Cu', 'Cu', 'Cu']","[8.873218481948277e-05, 5.586222330072242e-08, 5.4016979817475266e-08, 5.3597429302250315e-08, 2.9533917252733047e-08, 2.6737244750864008e-08, 1.6955211723319527e-08, 1.3542770469712779e-08, 1.1868120374080998e-08, -1.024652354468517e-08, 7.256925547357588e-09, 2.791443834354132e-09, -2.535459998039102e-11, 0.0]",8.899407520771097e-05
"('ecoinvent-3.12-biosphere', '35b4d818-1019-413b-b99d-d351d8a67ac4')",Molybdenum VI,"['Mo', 'Mo', 'Mo', 'Mo', 'Mo', 'Mo', 'Mo', 'Mo', 'Mo', 'Mo', 'Mo', 'Mo']","[0.0021296400823962508, 0.0002884894382590839, 8.379439134927995e-05, 5.8847683311108025e-06, 5.438734356256969e-06, 1.7359601186931967e-06, 1.0585022869161254e-06, 1.8803661006189264e-07, 3.6045734660090154e-08, 2.4103824637210742e-08, 7.098134161971401e-09, 6.972354907684351e-09]",0.002516304133756021
"('ecoinvent-3.12-biosphere', '35df5fe0-c90d-43b4-a35a-3d97022114d2')",Silver I,"['Ag', 'Ag', 'Ag', 'Ag', 'Ag', 'Ag', 'Ag', 'Ag', 'Ag', 'Ag', 'Ag', 'Ag']","[0.06668750281674578, 0.0005376578613891086, 0.00023286073022878685, 0.00015392664355685324, 9.767551700899427e-05, 1.1337362037548993e-05, 6.527895600830674e-06, 5.342813212076447e-06, 4.90179858310077e-06, 6.874460613170756e-07, 3.4468236581888795e-08, -6.093956860534905e-10]",0.06773845474326529
"('ecoinvent-3.12-biosphere', '381a22c9-3722-4378-810d-86958f7b6d32')",Cobalt II,"['Co', 'Co', 'Co', 'Co', 'Co', 'Co', 'Co', 'Co', 'Co', 'Co', 'Co', 'Co']","[0.00596929382828228, 1.0459492006102991e-05, 4.405113353379248e-06, 3.068886441495257e-06, 1.7343554853171879e-06, 1.5303328526717172e-06, 5.964613150143722e-07, 2.475542372949169e-07, 7.291408459550982e-08, 7.093591210906292e-08, 6.831643921041718e-08, 4.476854801821316e-09]",0.005991552667264273
"('ecoinvent-3.12-biosphere', '3822809c-cc03-469d-ac2a-9f85842f8440')",Molybdenum VI,"['Mo', 'Mo', 'Mo', 'Mo', 'Mo', 'Mo', 'Mo', 'Mo', 'Mo', 'Mo', 'Mo', 'Mo']","[0.0021296400823962508, 0.0002884894382590839, 8.379439134927995e-05, 5.8847683311108025e-06, 5.438734356256969e-06, 1.7359601186931967e-06, 1.0585022869161254e-06, 1.8803661006189264e-07, 3.6045734660090154e-08, 2.4103824637210742e-08, 7.098134161971401e-09, 6.972354907684351e-09]",0.002516304133756021
"('ecoinvent-3.12-biosphere', '383570f4-fd89-5fcf-958d-d2aedb4bbd0e')",Acephate,"['P', 'P', 'P', 'P', 'P']","[1.21946921964316e-12, 3.460226904360109e-13, 1.7128454582489875e-14, 4.221065182242602e-15, -3.488483621687998e-17]",1.5868065450076863e-12
"('ecoinvent-3.12-biosphere', '3850d44e-8919-47bc-9c0a-51ccc4ec9d9f')",Glyphosate,"['P', 'P', 'P', 'P', 'P', 'P', 'P']","[2.7110436507211164e-11, 5.240539636023491e-12, 1.9608417589396504e-12, 9.32820520439932e-14, 3.628022966555606e-15, 2.4419385351816418e-15, 1.0465450865063944e-16]",3.441127457022869e-11
"('ecoinvent-3.12-biosphere', '39555a26-d28b-425f-993f-e8770ab7d9cf')",Aluminium III,"['Al', 'Al', 'Al', 'Al', 'Al', 'Al', 'Al', 'Al', 'Al', 'Al', 'Al', 'Al']","[0.0023183730268120472, 3.6076957316809366e-05, 7.931173862159367e-06, 4.4718795267014474e-06, 2.8179677556202233e-06, 2.4045334718863272e-06, 1.8473233110460126e-06, 1.1898956729826825e-06, 1.0121206767511444e-06, 7.499307468922807e-08, 3.910458894483003e-08, 3.0882063383452275e-09]",0.0023762420642759767
"('ecoinvent-3.12-biosphere', '3a2b99cd-aea2-5e93-9bd1-24df909dc81f')",Terbufos,['P'],[1.395393448675193e-16],1.395393448675193e-16
"('ecoinvent-3.12-biosphere', '3aaf9017-0d8a-42aa-9a60-cbc39e994e73')",Phosphate,"['P', 'P', 'P', 'P', 'P']","[2.6943735166119835e-06, 3.2145196590800433e-07, 2.1661093709973558e-10, 5.0946861373129994e-11, 3.6280229665556065e-15]",3.0160930439464836e-06
"('ecoinvent-3.12-biosphere', '3b8a6f65-384b-4086-a817-b0c77555b78a')",Dichromate,['Cr'],[6.723962472072461e-13],6.723962472072461e-13
"('ecoinvent-3.12-biosphere', '3ba36854-15b2-415a-aa71-c99257aa7204')",Phosphorus trichloride,"['P', 'P', 'P']","[4.046641001158159e-15, 0.0, 0.0]",4.046641001158159e-15
"('ecoinvent-3.12-biosphere', '3c33b478-22a2-5824-9ade-abe2324bd4ac')",Azinphos-methyl,['P'],[3.488483621688001e-16],3.488483621688001e-16
"('ecoinvent-3.12-biosphere', '3ddb2e36-bc1b-43a5-8ef4-cbcdbeeeea70')",Tin ion,"['Sn', 'Sn', 'Sn', 'Sn', 'Sn', 'Sn', 'Sn', 'Sn', 'Sn', 'Sn', 'Sn', 'Sn']","[5.397594485698682e-06, 5.2331619447728906e-08, 3.185332343186388e-08, 1.432699112920436e-08, 6.626625726243922e-09, 5.972498479784136e-09, 4.359708950426132e-09, 4.2101028676984547e-10, 2.8967297910178125e-10, 1.9984236914696768e-10, 1.8485735983862572e-10, 0.0]",5.51416063585879e-06
"('ecoinvent-3.12-biosphere', '3ea5684a-6d64-4f96-8c09-1d90f997c9d4')",Antimony ion,"['Sb', 'Sb', 'Sb', 'Sb', 'Sb', 'Sb', 'Sb', 'Sb', 'Sb', 'Sb', 'Sb', 'Sb']","[8.141689583259605e-06, 1.224969972412562e-06, 2.7054136458172466e-07, 1.3295850158656297e-07, 1.2689784271685236e-07, 7.899424969388019e-09, 4.462194251727944e-09, 2.8823268408214916e-09, 2.039995453873888e-09, 5.841848075495936e-10, 2.746121330989961e-10, 1.4694627221979315e-11]",9.915214697640992e-06
"('ecoinvent-3.12-biosphere', '4010918f-7fd0-4925-8fbb-8fd7a44a806c')",Lead II,"['Pb', 'Pb', 'Pb', 'Pb', 'Pb', 'Pb', 'Pb', 'Pb', 'Pb', 'Pb', 'Pb', 'Pb', 'Pb', 'Pb']","[5.168238383359356e-07, 1.790676616211187e-08, 1.0102341138803356e-08, 4.7466812925137975e-09, 2.0843216342223762e-09, 1.3237048630267223e-09, 8.392027549723558e-10, 4.876570074171105e-10, 4.408286602853388e-10, 1.479224965813368e-10, 9.611608031448702e-11, 6.813587515777365e-11, 1.201142693639195e-13, 3.3787417542589663e-16]",5.550676367534857e-07
"('ecoinvent-3.12-biosphere', '40229ebf-9346-4f20-910a-f8ea3bd88d44')",Copper ion,"['Cu', 'Cu', 'Cu', 'Cu', 'Cu', 'Cu', 'Cu', 'Cu', 'Cu', 'Cu', 'Cu', 'Cu', 'Cu', 'Cu']","[8.873218481948277e-05, 5.586222330072242e-08, 5.4016979817475266e-08, 5.3597429302250315e-08, 2.9533917252733047e-08, 2.6737244750864008e-08, 1.6955211723319527e-08, 1.3542770469712779e-08, 1.1868120374080998e-08, -1.024652354468517e-08, 7.256925547357588e-09, 2.791443834354132e-09, -2.535459998039102e-11, 0.0]",8.899407520771097e-05
"('ecoinvent-3.12-biosphere', '43b29ad9-26dd-4838-b931-6216e55a0120')",Antimony ion,"['Sb', 'Sb', 'Sb', 'Sb', 'Sb', 'Sb', 'Sb', 'Sb', 'Sb', 'Sb', 'Sb', 'Sb']","[8.141689583259605e-06, 1.224969972412562e-06, 2.7054136458172466e-07, 1.3295850158656297e-07, 1.2689784271685236e-07, 7.899424969388019e-09, 4.462194251727944e-09, 2.8823268408214916e-09, 2.039995453873888e-09, 5.841848075495936e-10, 2.746121330989961e-10, 1.4694627221979315e-11]",9.915214697640992e-06
"('ecoinvent-3.12-biosphere', '442511cc-a98b-4242-9229-5736cb9a9399')",Molybdenum VI,"['Mo', 'Mo', 'Mo', 'Mo', 'Mo', 'Mo', 'Mo', 'Mo', 'Mo', 'Mo', 'Mo', 'Mo']","[0.0021296400823962508, 0.0002884894382590839, 8.379439134927995e-05, 5.8847683311108025e-06, 5.438734356256969e-06, 1.7359601186931967e-06, 1.0585022869161254e-06, 1.8803661006189264e-07, 3.6045734660090154e-08, 2.4103824637210742e-08, 7.098134161971401e-09, 6.972354907684351e-09]",0.002516304133756021
"('ecoinvent-3.12-biosphere', '44d3e792-7c9e-48ab-9de9-acfa2e097f26')",Copper ion,"['Cu', 'Cu', 'Cu', 'Cu', 'Cu', 'Cu', 'Cu', 'Cu', 'Cu', 'Cu', 'Cu', 'Cu', 'Cu', 'Cu']","[8.873218481948277e-05, 5.586222330072242e-08, 5.4016979817475266e-08, 5.3597429302250315e-08, 2.9533917252733047e-08, 2.6737244750864008e-08, 1.6955211723319527e-08, 1.3542770469712779e-08, 1.1868120374080998e-08, -1.024652354468517e-08, 7.256925547357588e-09, 2.791443834354132e-09, -2.535459998039102e-11, 0.0]",8.899407520771097e-05
"('ecoinvent-3.12-biosphere', '44f28e11-061d-44fd-8f25-dc62a9f1fa57')",Manganese II,"['Mn', 'Mn', 'Mn', 'Mn', 'Mn', 'Mn', 'Mn', 'Mn', 'Mn', 'Mn', 'Mn', 'Mn']","[4.368327605780774e-06, 2.92085394449423e-08, 1.1200492465317252e-08, 2.176452065164836e-09, 8.769964750206656e-10, 5.529563888464538e-10, 4.5631368335235096e-10, 3.276202740667731e-10, 2.6719024555521577e-10, 8.853205538495002e-11, 2.1823955305155734e-11, 1.3894856789427909e-11]",4.4135184176905194e-06
"('ecoinvent-3.12-biosphere', '450b3341-bf01-5869-9d41-78c96aebaa01')",Sulfosate,['P'],[1.9057586025305112e-13],1.9057586025305112e-13
"('ecoinvent-3.12-biosphere', '450fa28c-72e1-5e55-8408-c87e4ecdcddc')",Glufosinate,"['P', 'P', 'P', 'P']","[4.883877070363223e-16, 0.0, 0.0, 0.0]",4.883877070363223e-16
"('ecoinvent-3.12-biosphere', '4518a791-f5dd-4ee2-ab87-2f8ffca6b230')",Sulfosate,['P'],[1.9057586025305112e-13],1.9057586025305112e-13
"('ecoinvent-3.12-biosphere', '4530165e-693b-5556-98b2-f66d81f7f1f6')",Sulfosate,['P'],[1.9057586025305112e-13],1.9057586025305112e-13
"('ecoinvent-3.12-biosphere', '4569494e-085e-413a-8fef-63a3c419e0cf')",Lithium I,"['Li', 'Li', 'Li', 'Li', 'Li', 'Li']","[5.156424636435497e-06, 2.4797208438165585e-06, 1.102967619511972e-10, 1.102967619511972e-10, -5.766099501684246e-11, 1.686733408388811e-12]",7.63631009951435e-06
"('ecoinvent-3.12-biosphere', '45b2b1f0-3c01-57fc-ab28-c769c1f04ff6')",Phosphine,['P'],[-3.139635259519197e-16],-3.139635259519197e-16
"('ecoinvent-3.12-biosphere', '463893cd-5766-56a4-8e79-16c9614d2763')",Glyphosate,"['P', 'P', 'P', 'P', 'P', 'P', 'P']","[2.7110436507211164e-11, 5.240539636023491e-12, 1.9608417589396504e-12, 9.32820520439932e-14, 3.628022966555606e-15, 2.4419385351816418e-15, 1.0465450865063944e-16]",3.441127457022869e-11
"('ecoinvent-3.12-biosphere', '469bb0db-b81c-5834-acc4-9f357156c7b5')",Monocrotophos,['P'],[2.636595921276323e-13],2.636595921276323e-13
"('ecoinvent-3.12-biosphere', '46e63323-cffd-4c46-829b-5f006b50fa9b')",Aluminium III,"['Al', 'Al', 'Al', 'Al', 'Al', 'Al', 'Al', 'Al', 'Al', 'Al', 'Al', 'Al']","[0.0023183730268120472, 3.6076957316809366e-05, 7.931173862159367e-06, 4.4718795267014474e-06, 2.8179677556202233e-06, 2.4045334718863272e-06, 1.8473233110460126e-06, 1.1898956729826825e-06, 1.0121206767511444e-06, 7.499307468922807e-08, 3.910458894483003e-08, 3.0882063383452275e-09]",0.0023762420642759767
"('ecoinvent-3.12-biosphere', '48bca3ed-02ec-5f67-acc7-5049871678b0')",Tebupirimfos,['P'],[3.4884836216879827e-17],3.4884836216879827e-17
"('ecoinvent-3.12-biosphere', '48dbf4b1-0b2a-4bf5-a190-2d7fc465bda4')",Silver I,"['Ag', 'Ag', 'Ag', 'Ag', 'Ag', 'Ag', 'Ag', 'Ag', 'Ag', 'Ag', 'Ag', 'Ag']","[0.06668750281674578, 0.0005376578613891086, 0.00023286073022878685, 0.00015392664355685324, 9.767551700899427e-05, 1.1337362037548993e-05, 6.527895600830674e-06, 5.342813212076447e-06, 4.90179858310077e-06, 6.874460613170756e-07, 3.4468236581888795e-08, -6.093956860534905e-10]",0.06773845474326529
"('ecoinvent-3.12-biosphere', '490b267b-f429-4d9a-ac79-224e37fb4d58')",Phosphate,"['P', 'P', 'P', 'P', 'P']","[2.6943735166119835e-06, 3.2145196590800433e-07, 2.1661093709973558e-10, 5.0946861373129994e-11, 3.6280229665556065e-15]",3.0160930439464836e-06
"('ecoinvent-3.12-biosphere', '4970ab0b-e340-5e28-a117-2ed2e61edb41')",Ethoprop,['P'],[7.430470114195797e-15],7.430470114195797e-15
"('ecoinvent-3.12-biosphere', '4cd91b0e-2131-571b-8a8a-3e3ce4d3101f')",Acephate,"['P', 'P', 'P', 'P', 'P']","[1.21946921964316e-12, 3.460226904360109e-13, 1.7128454582489875e-14, 4.221065182242602e-15, -3.488483621687998e-17]",1.5868065450076863e-12
"('ecoinvent-3.12-biosphere', '4d3b5691-04e4-5966-8d3c-9a266ccf2053')",Phosmet,['P'],[5.232725432532027e-16],5.232725432532027e-16
"('ecoinvent-3.12-biosphere', '4d40d8e3-9bc7-4ab1-ac5c-4f4a76fda8e5')",Chromium III,"['Cr', 'Cr', 'Cr', 'Cr', 'Cr', 'Cr', 'Cr', 'Cr', 'Cr', 'Cr', 'Cr', 'Cr', 'Cr']","[6.72653205959205e-09, 3.9937241339442526e-10, 3.408633820673131e-10, 3.1195073589975657e-10, 2.4708898189686585e-10, 1.9346683606209427e-10, 1.228723563737164e-10, 1.200101451552876e-11, 5.9717743315023115e-12, 3.0032282552556198e-12, 3.4806393973203105e-13, 1.127742855071264e-14, 0.0]",8.363482123756791e-09
"('ecoinvent-3.12-biosphere', '4dd95929-09d1-4c60-8792-4c9b6404d168')",Fentin hydroxide,['Sn'],[5.141284435526106e-12],5.141284435526106e-12
"('ecoinvent-3.12-biosphere', '4f4f5587-8319-5b09-8312-b455d46127c3')",Chlorpyrifos methyl,"['P', 'P', 'P', 'P']","[9.015637071943437e-13, 0.0, 0.0, 0.0]",9.015637071943437e-13
"('ecoinvent-3.12-biosphere', '4f5a026f-7d9c-5d10-85b8-9e01b648bac2')",Chlorpyrifos,"['P', 'P', 'P', 'P', 'P', 'P']","[1.2991113007177118e-13, 1.9221544755503214e-14, 1.0116602502895259e-15, 3.4884836216879827e-17, 0.0, 0.0]",1.501792199137808e-13
"('ecoinvent-3.12-biosphere', '4f6390e3-bca5-4d3b-aead-7d63f2534440')",Mancozeb,"['Mn', 'Zn', 'Mn', 'Zn', 'Mn', 'Zn', 'Mn', 'Zn', 'Mn', 'Zn', 'Mn', 'Zn']","[9.401459407602422e-13, 1.4127811046544678e-11, 3.0185995519598294e-13, 4.535774438284096e-12, 1.1607531737955208e-14, 1.76062088003384e-13, 1.6673802496511103e-15, 2.6108066281869285e-14, 5.130400768157293e-16, 8.03325116365204e-15, 0.0, 0.0]",2.0129582738298324e-11
"('ecoinvent-3.12-biosphere', '4f97ccad-d991-448d-9517-58b67529d8f6')",Lithium carbonate,['Li'],[-5.823400014601286e-11],-5.823400014601286e-11
"('ecoinvent-3.12-biosphere', '4fa7ccb7-32bd-5f51-a7ac-c93f6ecec879')",Tebupirimfos,['P'],[3.4884836216879827e-17],3.4884836216879827e-17
"('ecoinvent-3.12-biosphere', '4fe87334-f0d5-5fa1-a989-b5c80446c666')",Copper oxide,"['Cu', 'Cu', 'Cu', 'Cu']","[5.515466604397056e-15, 0.0, 0.0, 0.0]",5.515466604397056e-15
"('ecoinvent-3.12-biosphere', '50276482-fd54-5a4f-a7f0-4cdb05deec87')",Fentin hydroxide,['Sn'],[5.141284435526106e-12],5.141284435526106e-12
"('ecoinvent-3.12-biosphere', '5121cb2d-4764-5475-a8e9-0fc57073099a')",Diazinon,['P'],[2.232629517880347e-15],2.232629517880347e-15
"('ecoinvent-3.12-biosphere', '52317c31-7bdc-47de-9c23-ecf55127de75')",Uranium,"['U', 'U', 'U']","[7.25724497034366e-08, 7.373542614788632e-10, 2.266340312128641e-11]",7.333246736803675e-08
"('ecoinvent-3.12-biosphere', '52be5a94-fe48-4ec3-b694-44d08262bbad')",Glufosinate ammonium,['P'],[2.552174617631178e-13],2.552174617631178e-13
"('ecoinvent-3.12-biosphere', '541b633c-17a3-4047-bce6-0c0e4fdb7c10')",Zinc II,"['Zn', 'Zn', 'Zn', 'Zn', 'Zn', 'Zn', 'Zn', 'Zn', 'Zn', 'Zn', 'Zn', 'Zn', 'Zn', 'Zn']","[7.138702255285526e-06, 1.6271929386588268e-08, 1.3210944687643888e-08, 1.2519902324988676e-08, 1.0456699986159744e-08, 9.63243753381505e-09, 8.667414111170458e-09, 3.396799674417187e-09, 3.1823935392492164e-09, 3.0552492644964655e-09, 2.6453937934795392e-09, 1.3974091444989521e-09, -6.569191139061592e-12, 6.694375969710012e-16]",7.223132260210332e-06
"('ecoinvent-3.12-biosphere', '548e89f4-fcf8-5a23-aed0-f1aad9ab0ae3')",Tebupirimfos,['P'],[3.4884836216879827e-17],3.4884836216879827e-17
"('ecoinvent-3.12-biosphere', '55fb6174-72e0-4a5e-9eb5-8d5780acffd1')",Uranium,"['U', 'U', 'U']","[7.25724497034366e-08, 7.373542614788632e-10, 2.266340312128641e-11]",7.333246736803675e-08
"('ecoinvent-3.12-biosphere', '56815b4f-6138-4e0b-9fac-c94fd6b102b3')",Nickel II,"['Ni', 'Ni', 'Ni', 'Ni', 'Ni', 'Ni', 'Ni', 'Ni', 'Ni', 'Ni', 'Ni', 'Ni', 'Ni', 'Ni']","[8.610646992302025e-05, 1.9371369374595667e-07, 1.8619807852443704e-07, 1.1735799150306382e-07, 2.4810880342319532e-08, 2.3980323853106783e-08, 1.441646077445021e-08, 1.1799758986064122e-08, 5.369703836523154e-09, -1.312055482791985e-09, 9.419728361492876e-10, 4.713221329817012e-10, 1.1385026326299324e-11, 0.0]",8.668422943909884e-05
"('ecoinvent-3.12-biosphere', '57d8084d-08e2-4212-9abf-3f051bee142e')",Tebupirimfos,['P'],[3.4884836216879827e-17],3.4884836216879827e-17
"('ecoinvent-3.12-biosphere', '58060894-19d9-4855-84d8-58935a5325f8')",Chromium VI,"['Cr', 'Cr', 'Cr', 'Cr', 'Cr', 'Cr', 'Cr', 'Cr', 'Cr']","[1.6213910085281205e-07, 3.4487908297918737e-09, 3.127273421191691e-10, 1.7592353752591147e-10, 7.571341909580967e-11, 1.1671452096342727e-11, 2.6590215229896924e-12, 4.592365035020119e-13, 1.6344099348860866e-16]",1.6616704585490867e-07
"('ecoinvent-3.12-biosphere', '591de726-f2c7-43ba-8e22-15fd08acc8dc')",Chromium III,"['Cr', 'Cr', 'Cr', 'Cr', 'Cr', 'Cr', 'Cr', 'Cr', 'Cr', 'Cr', 'Cr', 'Cr', 'Cr']","[6.72653205959205e-09, 3.9937241339442526e-10, 3.408633820673131e-10, 3.1195073589975657e-10, 2.4708898189686585e-10, 1.9346683606209427e-10, 1.228723563737164e-10, 1.200101451552876e-11, 5.9717743315023115e-12, 3.0032282552556198e-12, 3.4806393973203105e-13, 1.127742855071264e-14, 0.0]",8.363482123756791e-09
"('ecoinvent-3.12-biosphere', '595f08d9-6304-497e-bb7d-48b6d2d8bff3')",Uranium,"['U', 'U', 'U']","[7.25724497034366e-08, 7.373542614788632e-10, 2.266340312128641e-11]",7.333246736803675e-08
"('ecoinvent-3.12-biosphere', '59f4e509-3e2b-52fa-afe6-ea826a5163f2')",Dimethoate,['P'],[1.814011483277781e-15],1.814011483277781e-15
"('ecoinvent-3.12-biosphere', '5be5c933-bceb-5132-ae17-e43eeb61b8fb')",Chlorpyrifos methyl,"['P', 'P', 'P', 'P']","[9.015637071943437e-13, 0.0, 0.0, 0.0]",9.015637071943437e-13
"('ecoinvent-3.12-biosphere', '5c309691-59d6-5439-ba94-30c990aacf49')",Copper oxychloride,"['Cu', 'Cu', 'Cu', 'Cu', 'Cu']","[2.195155708550196e-12, 9.486602559563249e-13, -2.2061866417588248e-14, -4.412373283517651e-14, 0.0]",3.077630365253756e-12
"('ecoinvent-3.12-biosphere', '5c8a56e1-3c58-5e3e-a1e0-fe9fc60617f1')",Malathion,['P'],[-1.1511995951569552e-14],-1.1511995951569552e-14
"('ecoinvent-3.12-biosphere', '5ce378a0-b48d-471c-977d-79681521efde')",Zinc II,"['Zn', 'Zn', 'Zn', 'Zn', 'Zn', 'Zn', 'Zn', 'Zn', 'Zn', 'Zn', 'Zn', 'Zn', 'Zn', 'Zn']","[7.138702255285526e-06, 1.6271929386588268e-08, 1.3210944687643888e-08, 1.2519902324988676e-08, 1.0456699986159744e-08, 9.63243753381505e-09, 8.667414111170458e-09, 3.396799674417187e-09, 3.1823935392492164e-09, 3.0552492644964655e-09, 2.6453937934795392e-09, 1.3974091444989521e-09, -6.569191139061592e-12, 6.694375969710012e-16]",7.223132260210332e-06
"('ecoinvent-3.12-biosphere', '5cf4e418-9cd0-5139-bfc2-5d8a8ffda5ff')",Phosphorus trichloride,"['P', 'P', 'P']","[4.046641001158159e-15, 0.0, 0.0]",4.046641001158159e-15
"('ecoinvent-3.12-biosphere', '5d22e791-8399-414a-8adb-35615026d06c')",Phosphine,['P'],[-3.139635259519197e-16],-3.139635259519197e-16
"('ecoinvent-3.12-biosphere', '5d631176-844b-4533-9282-92d5561e5518')",Lithium carbonate,['Li'],[-5.823400014601286e-11],-5.823400014601286e-11
"('ecoinvent-3.12-biosphere', '5de1943f-b011-45a0-97d4-ed15eea6a382')",Nickel II,"['Ni', 'Ni', 'Ni', 'Ni', 'Ni', 'Ni', 'Ni', 'Ni', 'Ni', 'Ni', 'Ni', 'Ni', 'Ni', 'Ni']","[8.610646992302025e-05, 1.9371369374595667e-07, 1.8619807852443704e-07, 1.1735799150306382e-07, 2.4810880342319532e-08, 2.3980323853106783e-08, 1.441646077445021e-08, 1.1799758986064122e-08, 5.369703836523154e-09, -1.312055482791985e-09, 9.419728361492876e-10, 4.713221329817012e-10, 1.1385026326299324e-11, 0.0]",8.668422943909884e-05
"('ecoinvent-3.12-biosphere', '5df5cb9f-812c-4ce8-ab1c-df6ab4d31900')",Antimony ion,"['Sb', 'Sb', 'Sb', 'Sb', 'Sb', 'Sb', 'Sb', 'Sb', 'Sb', 'Sb', 'Sb', 'Sb']","[8.141689583259605e-06, 1.224969972412562e-06, 2.7054136458172466e-07, 1.3295850158656297e-07, 1.2689784271685236e-07, 7.899424969388019e-09, 4.462194251727944e-09, 2.8823268408214916e-09, 2.039995453873888e-09, 5.841848075495936e-10, 2.746121330989961e-10, 1.4694627221979315e-11]",9.915214697640992e-06
"('ecoinvent-3.12-biosphere', '5fa36ce3-aed0-443b-a09d-4cdf25b41995')",Molybdenum VI,"['Mo', 'Mo', 'Mo', 'Mo', 'Mo', 'Mo', 'Mo', 'Mo', 'Mo', 'Mo', 'Mo', 'Mo']","[0.0021296400823962508, 0.0002884894382590839, 8.379439134927995e-05, 5.8847683311108025e-06, 5.438734356256969e-06, 1.7359601186931967e-06, 1.0585022869161254e-06, 1.8803661006189264e-07, 3.6045734660090154e-08, 2.4103824637210742e-08, 7.098134161971401e-09, 6.972354907684351e-09]",0.002516304133756021
"('ecoinvent-3.12-biosphere', '60a6702f-20ad-444f-a6df-f6374f1e3183')",Tin ion,"['Sn', 'Sn', 'Sn', 'Sn', 'Sn', 'Sn', 'Sn', 'Sn', 'Sn', 'Sn', 'Sn', 'Sn']","[5.397594485698682e-06, 5.2331619447728906e-08, 3.185332343186388e-08, 1.432699112920436e-08, 6.626625726243922e-09, 5.972498479784136e-09, 4.359708950426132e-09, 4.2101028676984547e-10, 2.8967297910178125e-10, 1.9984236914696768e-10, 1.8485735983862572e-10, 0.0]",5.51416063585879e-06
"('ecoinvent-3.12-biosphere', '60dd222a-8106-5765-bd90-f03fb4ebc94b')",Chlorpyrifos,"['P', 'P', 'P', 'P', 'P', 'P']","[1.2991113007177118e-13, 1.9221544755503214e-14, 1.0116602502895259e-15, 3.4884836216879827e-17, 0.0, 0.0]",1.501792199137808e-13
"('ecoinvent-3.12-biosphere', '615b1460-6860-4cf6-8678-ad92c03c5e8b')",Copper ion,"['Cu', 'Cu', 'Cu', 'Cu', 'Cu', 'Cu', 'Cu', 'Cu', 'Cu', 'Cu', 'Cu', 'Cu', 'Cu', 'Cu']","[8.873218481948277e-05, 5.586222330072242e-08, 5.4016979817475266e-08, 5.3597429302250315e-08, 2.9533917252733047e-08, 2.6737244750864008e-08, 1.6955211723319527e-08, 1.3542770469712779e-08, 1.1868120374080998e-08, -1.024652354468517e-08, 7.256925547357588e-09, 2.791443834354132e-09, -2.535459998039102e-11, 0.0]",8.899407520771097e-05
"('ecoinvent-3.12-biosphere', '61c6920c-89ff-5928-9bea-012bd1fc5bec')",Mancozeb,"['Mn', 'Zn', 'Mn', 'Zn', 'Mn', 'Zn', 'Mn', 'Zn', 'Mn', 'Zn', 'Mn', 'Zn']","[9.401459407602422e-13, 1.4127811046544678e-11, 3.0185995519598294e-13, 4.535774438284096e-12, 1.1607531737955208e-14, 1.76062088003384e-13, 1.6673802496511103e-15, 2.6108066281869285e-14, 5.130400768157293e-16, 8.03325116365204e-15, 0.0, 0.0]",2.0129582738298324e-11
"('ecoinvent-3.12-biosphere', '6230c099-a983-4d9d-98a8-a0697962bec3')",Lithium I,"['Li', 'Li', 'Li', 'Li', 'Li', 'Li']","[5.156424636435497e-06, 2.4797208438165585e-06, 1.102967619511972e-10, 1.102967619511972e-10, -5.766099501684246e-11, 1.686733408388811e-12]",7.63631009951435e-06
"('ecoinvent-3.12-biosphere', '62d868a5-bddb-5ef3-b623-be2aa6b7f013')",Terbufos,['P'],[1.395393448675193e-16],1.395393448675193e-16
"('ecoinvent-3.12-biosphere', '62f3d964-9b53-4d01-9ee0-04112dcfc6d2')",Phosphorus,"['P', 'P', 'P', 'P', 'P', 'P', 'P', 'P', 'P', 'P', 'P']","[2.445264703735171e-09, 9.164027800970033e-10, 3.650157403816444e-10, 3.3580827158634583e-10, 3.156282304010983e-11, 1.9040736651751022e-11, 8.6502532978424e-12, 4.7192555284008635e-12, 1.956516039248645e-12, 7.121041616984723e-13, 4.906552213919838e-13]",4.129623839740608e-09
"('ecoinvent-3.12-biosphere', '630e63bc-7646-586a-9020-bbe7d1849633')",Sulfosate,['P'],[1.9057586025305112e-13],1.9057586025305112e-13
"('ecoinvent-3.12-biosphere', '639ddb85-c4e3-5175-9c22-6a7621c397d9')",Glufosinate,"['P', 'P', 'P', 'P']","[4.883877070363223e-16, 0.0, 0.0, 0.0]",4.883877070363223e-16
"('ecoinvent-3.12-biosphere', '640e30d2-3158-4a1a-82ef-fd0c72922c9a')",Molybdenum VI,"['Mo', 'Mo', 'Mo', 'Mo', 'Mo', 'Mo', 'Mo', 'Mo', 'Mo', 'Mo', 'Mo', 'Mo']","[0.0021296400823962508, 0.0002884894382590839, 8.379439134927995e-05, 5.8847683311108025e-06, 5.438734356256969e-06, 1.7359601186931967e-06, 1.0585022869161254e-06, 1.8803661006189264e-07, 3.6045734660090154e-08, 2.4103824637210742e-08, 7.098134161971401e-09, 6.972354907684351e-09]",0.002516304133756021
"('ecoinvent-3.12-biosphere', '64a408f9-a93b-47c8-863e-3e239fb1b118')",Sodium dichromate,['Cr'],[5.328012946428071e-12],5.328012946428071e-12
"('ecoinvent-3.12-biosphere', '657d244c-3820-48cd-ac10-ebd0c0ee9703')",Dimethoate,['P'],[1.814011483277781e-15],1.814011483277781e-15
"('ecoinvent-3.12-biosphere', '67652827-017f-4856-8d0a-c97bac4c6562')",Lead II,"['Pb', 'Pb', 'Pb', 'Pb', 'Pb', 'Pb', 'Pb', 'Pb', 'Pb', 'Pb', 'Pb', 'Pb', 'Pb', 'Pb']","[5.168238383359356e-07, 1.790676616211187e-08, 1.0102341138803356e-08, 4.7466812925137975e-09, 2.0843216342223762e-09, 1.3237048630267223e-09, 8.392027549723558e-10, 4.876570074171105e-10, 4.408286602853388e-10, 1.479224965813368e-10, 9.611608031448702e-11, 6.813587515777365e-11, 1.201142693639195e-13, 3.3787417542589663e-16]",5.550676367534857e-07
"('ecoinvent-3.12-biosphere', '6893fbc2-5b5e-5453-ac35-b8f94093eaba')",Malathion,['P'],[-1.1511995951569552e-14],-1.1511995951569552e-14
"('ecoinvent-3.12-biosphere', '68ba2022-830e-45fb-8c85-b35e94754ae9')",Chromium VI,"['Cr', 'Cr', 'Cr', 'Cr', 'Cr', 'Cr', 'Cr', 'Cr', 'Cr']","[1.6213910085281205e-07, 3.4487908297918737e-09, 3.127273421191691e-10, 1.7592353752591147e-10, 7.571341909580967e-11, 1.1671452096342727e-11, 2.6590215229896924e-12, 4.592365035020119e-13, 1.6344099348860866e-16]",1.6616704585490867e-07
"('ecoinvent-3.12-biosphere', '69ee9f04-b53c-5f89-8058-cbb14e553b11')",Phosmet,['P'],[5.232725432532027e-16],5.232725432532027e-16
"('ecoinvent-3.12-biosphere', '6a511797-edec-56ff-bd22-bae1ba13c90a')",Diazinon,['P'],[2.232629517880347e-15],2.232629517880347e-15
"('ecoinvent-3.12-biosphere', '6a903634-c97f-4c49-a7c0-88f0e6ac7a23')",Lead II,"['Pb', 'Pb', 'Pb', 'Pb', 'Pb', 'Pb', 'Pb', 'Pb', 'Pb', 'Pb', 'Pb', 'Pb', 'Pb', 'Pb']","[5.168238383359356e-07, 1.790676616211187e-08, 1.0102341138803356e-08, 4.7466812925137975e-09, 2.0843216342223762e-09, 1.3237048630267223e-09, 8.392027549723558e-10, 4.876570074171105e-10, 4.408286602853388e-10, 1.479224965813368e-10, 9.611608031448702e-11, 6.813587515777365e-11, 1.201142693639195e-13, 3.3787417542589663e-16]",5.550676367534857e-07
"('ecoinvent-3.12-biosphere', '6aa8673f-f7e3-4270-93dc-e97b745fced7')",Silver I,"['Ag', 'Ag', 'Ag', 'Ag', 'Ag', 'Ag', 'Ag', 'Ag', 'Ag', 'Ag', 'Ag', 'Ag']","[0.06668750281674578, 0.0005376578613891086, 0.00023286073022878685, 0.00015392664355685324, 9.767551700899427e-05, 1.1337362037548993e-05, 6.527895600830674e-06, 5.342813212076447e-06, 4.90179858310077e-06, 6.874460613170756e-07, 3.4468236581888795e-08, -6.093956860534905e-10]",0.06773845474326529
"('ecoinvent-3.12-biosphere', '6b29d83a-c43c-484c-8e73-474a8a22d71e')",Chromium III,"['Cr', 'Cr', 'Cr', 'Cr', 'Cr', 'Cr', 'Cr', 'Cr', 'Cr', 'Cr', 'Cr', 'Cr', 'Cr']","[6.72653205959205e-09, 3.9937241339442526e-10, 3.408633820673131e-10, 3.1195073589975657e-10, 2.4708898189686585e-10, 1.9346683606209427e-10, 1.228723563737164e-10, 1.200101451552876e-11, 5.9717743315023115e-12, 3.0032282552556198e-12, 3.4806393973203105e-13, 1.127742855071264e-14, 0.0]",8.363482123756791e-09
"('ecoinvent-3.12-biosphere', '6b7fbea6-4a86-40f9-954d-3c9b3611abfd')",Manganese II,"['Mn', 'Mn', 'Mn', 'Mn', 'Mn', 'Mn', 'Mn', 'Mn', 'Mn', 'Mn', 'Mn', 'Mn']","[4.368327605780774e-06, 2.92085394449423e-08, 1.1200492465317252e-08, 2.176452065164836e-09, 8.769964750206656e-10, 5.529563888464538e-10, 4.5631368335235096e-10, 3.276202740667731e-10, 2.6719024555521577e-10, 8.853205538495002e-11, 2.1823955305155734e-11, 1.3894856789427909e-11]",4.4135184176905194e-06
"('ecoinvent-3.12-biosphere', '6bad6b86-b653-500c-a7aa-3e66eda920bd')",Zineb,['Zn'],[2.851804163096747e-13],2.851804163096747e-13
"('ecoinvent-3.12-biosphere', '6be4a40c-06c9-5c28-a30c-4bc8a6677521')",Diazinon,['P'],[2.232629517880347e-15],2.232629517880347e-15
"('ecoinvent-3.12-biosphere', '6c35b3be-e224-5bc8-8102-c0165000f251')",Phosmet,['P'],[5.232725432532027e-16],5.232725432532027e-16
"('ecoinvent-3.12-biosphere', '6d1613a4-9af4-5bb3-b159-ac480ee22c7e')",Dimethoate,['P'],[1.814011483277781e-15],1.814011483277781e-15
"('ecoinvent-3.12-biosphere', '6d9550e2-e670-44c1-bad8-c0c4975ffca7')",Copper ion,"['Cu', 'Cu', 'Cu', 'Cu', 'Cu', 'Cu', 'Cu', 'Cu', 'Cu', 'Cu', 'Cu', 'Cu', 'Cu', 'Cu']","[8.873218481948277e-05, 5.586222330072242e-08, 5.4016979817475266e-08, 5.3597429302250315e-08, 2.9533917252733047e-08, 2.6737244750864008e-08, 1.6955211723319527e-08, 1.3542770469712779e-08, 1.1868120374080998e-08, -1.024652354468517e-08, 7.256925547357588e-09, 2.791443834354132e-09, -2.535459998039102e-11, 0.0]",8.899407520771097e-05
"('ecoinvent-3.12-biosphere', '6e4d2942-adec-5ff6-9a22-70ab79586ec0')",Tebupirimfos,['P'],[3.4884836216879827e-17],3.4884836216879827e-17
"('ecoinvent-3.12-biosphere', '6e60b3b8-f477-508f-9d16-f9fb406cd1d6')",Ethoprop,['P'],[7.430470114195797e-15],7.430470114195797e-15
"('ecoinvent-3.12-biosphere', '6ec6cdaa-5a01-46d4-b716-1905e56690ea')",Nickel II,"['Ni', 'Ni', 'Ni', 'Ni', 'Ni', 'Ni', 'Ni', 'Ni', 'Ni', 'Ni', 'Ni', 'Ni', 'Ni', 'Ni']","[8.610646992302025e-05, 1.9371369374595667e-07, 1.8619807852443704e-07, 1.1735799150306382e-07, 2.4810880342319532e-08, 2.3980323853106783e-08, 1.441646077445021e-08, 1.1799758986064122e-08, 5.369703836523154e-09, -1.312055482791985e-09, 9.419728361492876e-10, 4.713221329817012e-10, 1.1385026326299324e-11, 0.0]",8.668422943909884e-05
"('ecoinvent-3.12-biosphere', '6f0b8b7c-3888-4174-b7e3-916d42d678ee')",Aluminium III,"['Al', 'Al', 'Al', 'Al', 'Al', 'Al', 'Al', 'Al', 'Al', 'Al', 'Al', 'Al']","[0.0023183730268120472, 3.6076957316809366e-05, 7.931173862159367e-06, 4.4718795267014474e-06, 2.8179677556202233e-06, 2.4045334718863272e-06, 1.8473233110460126e-06, 1.1898956729826825e-06, 1.0121206767511444e-06, 7.499307468922807e-08, 3.910458894483003e-08, 3.0882063383452275e-09]",0.0023762420642759767
"('ecoinvent-3.12-biosphere', '707ed70e-55ad-5787-af1e-94cd9a438954')",Copper oxychloride,"['Cu', 'Cu', 'Cu', 'Cu', 'Cu']","[2.195155708550196e-12, 9.486602559563249e-13, -2.2061866417588248e-14, -4.412373283517651e-14, 0.0]",3.077630365253756e-12
"('ecoinvent-3.12-biosphere', '71cfe87c-ab80-421e-adba-afb7d5bd0861')",Silver I,"['Ag', 'Ag', 'Ag', 'Ag', 'Ag', 'Ag', 'Ag', 'Ag', 'Ag', 'Ag', 'Ag', 'Ag']","[0.06668750281674578, 0.0005376578613891086, 0.00023286073022878685, 0.00015392664355685324, 9.767551700899427e-05, 1.1337362037548993e-05, 6.527895600830674e-06, 5.342813212076447e-06, 4.90179858310077e-06, 6.874460613170756e-07, 3.4468236581888795e-08, -6.093956860534905e-10]",0.06773845474326529
"('ecoinvent-3.12-biosphere', '72a2f6b5-6ef7-5346-a813-634c680f9618')",Monocrotophos,['P'],[2.636595921276323e-13],2.636595921276323e-13
"('ecoinvent-3.12-biosphere', '72fad55b-9499-5ec6-8167-f762a21365ed')",Monocrotophos,['P'],[2.636595921276323e-13],2.636595921276323e-13
"('ecoinvent-3.12-biosphere', '73224485-261d-55ff-80d2-71381ddf9f48')",Glufosinate ammonium,['P'],[2.552174617631178e-13],2.552174617631178e-13
"('ecoinvent-3.12-biosphere', '736923cd-6eb7-4896-98f8-46951d56da97')",Chlorpyrifos,"['P', 'P', 'P', 'P', 'P', 'P']","[1.2991113007177118e-13, 1.9221544755503214e-14, 1.0116602502895259e-15, 3.4884836216879827e-17, 0.0, 0.0]",1.501792199137808e-13
"('ecoinvent-3.12-biosphere', '739234c8-5359-48b4-983f-9cb170d68c8d')",Lead II,"['Pb', 'Pb', 'Pb', 'Pb', 'Pb', 'Pb', 'Pb', 'Pb', 'Pb', 'Pb', 'Pb', 'Pb', 'Pb', 'Pb']","[5.168238383359356e-07, 1.790676616211187e-08, 1.0102341138803356e-08, 4.7466812925137975e-09, 2.0843216342223762e-09, 1.3237048630267223e-09, 8.392027549723558e-10, 4.876570074171105e-10, 4.408286602853388e-10, 1.479224965813368e-10, 9.611608031448702e-11, 6.813587515777365e-11, 1.201142693639195e-13, 3.3787417542589663e-16]",5.550676367534857e-07
"('ecoinvent-3.12-biosphere', '73a06727-fec3-4d8d-8de5-ef1a0cc2c280')",Acephate,"['P', 'P', 'P', 'P', 'P']","[1.21946921964316e-12, 3.460226904360109e-13, 1.7128454582489875e-14, 4.221065182242602e-15, -3.488483621687998e-17]",1.5868065450076863e-12
"('ecoinvent-3.12-biosphere', '744ec2a1-3cc8-524c-8e4b-450196b3110f')",Sulfosate,['P'],[1.9057586025305112e-13],1.9057586025305112e-13
"('ecoinvent-3.12-biosphere', '748f22a9-eba4-4726-bef5-92c7442ce189')",Zinc II,"['Zn', 'Zn', 'Zn', 'Zn', 'Zn', 'Zn', 'Zn', 'Zn', 'Zn', 'Zn', 'Zn', 'Zn', 'Zn', 'Zn']","[7.138702255285526e-06, 1.6271929386588268e-08, 1.3210944687643888e-08, 1.2519902324988676e-08, 1.0456699986159744e-08, 9.63243753381505e-09, 8.667414111170458e-09, 3.396799674417187e-09, 3.1823935392492164e-09, 3.0552492644964655e-09, 2.6453937934795392e-09, 1.3974091444989521e-09, -6.569191139061592e-12, 6.694375969710012e-16]",7.223132260210332e-06
"('ecoinvent-3.12-biosphere', '74eb3f02-09ec-46ce-8ee8-d67d0900136b')",Cobalt II,"['Co', 'Co', 'Co', 'Co', 'Co', 'Co', 'Co', 'Co', 'Co', 'Co', 'Co', 'Co']","[0.00596929382828228, 1.0459492006102991e-05, 4.405113353379248e-06, 3.068886441495257e-06, 1.7343554853171879e-06, 1.5303328526717172e-06, 5.964613150143722e-07, 2.475542372949169e-07, 7.291408459550982e-08, 7.093591210906292e-08, 6.831643921041718e-08, 4.476854801821316e-09]",0.005991552667264273
"('ecoinvent-3.12-biosphere', '75ede8d8-d7aa-5bd8-8caf-05a886b49da9')",Terbufos,['P'],[1.395393448675193e-16],1.395393448675193e-16
"('ecoinvent-3.12-biosphere', '76152de4-9499-48f7-af98-a5d41842484a')",Iron ion,"['Fe', 'Fe', 'Fe', 'Fe', 'Fe', 'Fe', 'Fe', 'Fe', 'Fe', 'Fe', 'Fe', 'Fe']","[3.6317843125881055e-06, 9.932031159250924e-07, 1.2597445096327265e-08, 1.1426500304960905e-08, 7.432996754445176e-09, 3.5093809384889075e-09, 3.453626846418325e-09, 1.087423396082068e-09, 7.964899093326971e-10, 2.79846421660667e-10, 8.682915133148982e-11, 8.652262328949715e-12]",4.665666619594574e-06
"('ecoinvent-3.12-biosphere', '765546a9-b056-4d27-ad14-2f016511bdcb')",Aluminium III,"['Al', 'Al', 'Al', 'Al', 'Al', 'Al', 'Al', 'Al', 'Al', 'Al', 'Al', 'Al']","[0.0023183730268120472, 3.6076957316809366e-05, 7.931173862159367e-06, 4.4718795267014474e-06, 2.8179677556202233e-06, 2.4045334718863272e-06, 1.8473233110460126e-06, 1.1898956729826825e-06, 1.0121206767511444e-06, 7.499307468922807e-08, 3.910458894483003e-08, 3.0882063383452275e-09]",0.0023762420642759767
"('ecoinvent-3.12-biosphere', '76b09afe-52b9-4ecc-b97a-00b49ad8ed1a')",Phosphorus,"['P', 'P', 'P', 'P', 'P', 'P', 'P', 'P', 'P', 'P', 'P']","[2.445264703735171e-09, 9.164027800970033e-10, 3.650157403816444e-10, 3.3580827158634583e-10, 3.156282304010983e-11, 1.9040736651751022e-11, 8.6502532978424e-12, 4.7192555284008635e-12, 1.956516039248645e-12, 7.121041616984723e-13, 4.906552213919838e-13]",4.129623839740608e-09
"('ecoinvent-3.12-biosphere', '7705f0e1-5b14-44f4-b330-1245b5c7fc08')",Chromium III,"['Cr', 'Cr', 'Cr', 'Cr', 'Cr', 'Cr', 'Cr', 'Cr', 'Cr', 'Cr', 'Cr', 'Cr', 'Cr']","[6.72653205959205e-09, 3.9937241339442526e-10, 3.408633820673131e-10, 3.1195073589975657e-10, 2.4708898189686585e-10, 1.9346683606209427e-10, 1.228723563737164e-10, 1.200101451552876e-11, 5.9717743315023115e-12, 3.0032282552556198e-12, 3.4806393973203105e-13, 1.127742855071264e-14, 0.0]",8.363482123756791e-09
"('ecoinvent-3.12-biosphere', '77887584-ddca-4920-952c-3609730e0c13')",Zinc II,"['Zn', 'Zn', 'Zn', 'Zn', 'Zn', 'Zn', 'Zn', 'Zn', 'Zn', 'Zn', 'Zn', 'Zn', 'Zn', 'Zn']","[7.138702255285526e-06, 1.6271929386588268e-08, 1.3210944687643888e-08, 1.2519902324988676e-08, 1.0456699986159744e-08, 9.63243753381505e-09, 8.667414111170458e-09, 3.396799674417187e-09, 3.1823935392492164e-09, 3.0552492644964655e-09, 2.6453937934795392e-09, 1.3974091444989521e-09, -6.569191139061592e-12, 6.694375969710012e-16]",7.223132260210332e-06
"('ecoinvent-3.12-biosphere', '77927dac-dea3-429d-a434-d5a71d92c4f7')",Antimony ion,"['Sb', 'Sb', 'Sb', 'Sb', 'Sb', 'Sb', 'Sb', 'Sb', 'Sb', 'Sb', 'Sb', 'Sb']","[8.141689583259605e-06, 1.224969972412562e-06, 2.7054136458172466e-07, 1.3295850158656297e-07, 1.2689784271685236e-07, 7.899424969388019e-09, 4.462194251727944e-09, 2.8823268408214916e-09, 2.039995453873888e-09, 5.841848075495936e-10, 2.746121330989961e-10, 1.4694627221979315e-11]",9.915214697640992e-06
"('ecoinvent-3.12-biosphere', '7805afa2-d93b-40bb-b841-325b98aec824')",Antimony ion,"['Sb', 'Sb', 'Sb', 'Sb', 'Sb', 'Sb', 'Sb', 'Sb', 'Sb', 'Sb', 'Sb', 'Sb']","[8.141689583259605e-06, 1.224969972412562e-06, 2.7054136458172466e-07, 1.3295850158656297e-07, 1.2689784271685236e-07, 7.899424969388019e-09, 4.462194251727944e-09, 2.8823268408214916e-09, 2.039995453873888e-09, 5.841848075495936e-10, 2.746121330989961e-10, 1.4694627221979315e-11]",9.915214697640992e-06
"('ecoinvent-3.12-biosphere', '7880e65c-0321-4295-ba55-3186ad36e489')",Aluminium III,"['Al', 'Al', 'Al', 'Al', 'Al', 'Al', 'Al', 'Al', 'Al', 'Al', 'Al', 'Al']","[0.0023183730268120472, 3.6076957316809366e-05, 7.931173862159367e-06, 4.4718795267014474e-06, 2.8179677556202233e-06, 2.4045334718863272e-06, 1.8473233110460126e-06, 1.1898956729826825e-06, 1.0121206767511444e-06, 7.499307468922807e-08, 3.910458894483003e-08, 3.0882063383452275e-09]",0.0023762420642759767
"('ecoinvent-3.12-biosphere', '7a59e8d5-cd11-4ee7-b1ca-30979d2b0b3a')",Chromium VI,"['Cr', 'Cr', 'Cr', 'Cr', 'Cr', 'Cr', 'Cr', 'Cr', 'Cr']","[1.6213910085281205e-07, 3.4487908297918737e-09, 3.127273421191691e-10, 1.7592353752591147e-10, 7.571341909580967e-11, 1.1671452096342727e-11, 2.6590215229896924e-12, 4.592365035020119e-13, 1.6344099348860866e-16]",1.6616704585490867e-07
"('ecoinvent-3.12-biosphere', '7a63162b-4ffe-447f-ba52-782d5548b774')",Sodium dichromate,['Cr'],[5.328012946428071e-12],5.328012946428071e-12
"('ecoinvent-3.12-biosphere', '7b192eb2-644e-544a-9299-4a79cb4dd479')",Aluminium hydroxide,['Al'],[6.178981832801056e-13],6.178981832801056e-13
"('ecoinvent-3.12-biosphere', '7b5fdbb4-b262-509c-9e70-f39269aacd81')",Maneb,['Mn'],[7.05430105621627e-16],7.05430105621627e-16
"('ecoinvent-3.12-biosphere', '7c335b9c-a403-47a8-bb6d-2e7d3c3a230e')",Iron ion,"['Fe', 'Fe', 'Fe', 'Fe', 'Fe', 'Fe', 'Fe', 'Fe', 'Fe', 'Fe', 'Fe', 'Fe']","[3.6317843125881055e-06, 9.932031159250924e-07, 1.2597445096327265e-08, 1.1426500304960905e-08, 7.432996754445176e-09, 3.5093809384889075e-09, 3.453626846418325e-09, 1.087423396082068e-09, 7.964899093326971e-10, 2.79846421660667e-10, 8.682915133148982e-11, 8.652262328949715e-12]",4.665666619594574e-06
"('ecoinvent-3.12-biosphere', '7cab31a5-46b7-5629-8c1e-3d61e33f3885')",Copper oxide,"['Cu', 'Cu', 'Cu', 'Cu']","[5.515466604397056e-15, 0.0, 0.0, 0.0]",5.515466604397056e-15
"('ecoinvent-3.12-biosphere', '7d3f7498-3596-478a-9fa1-72201ef94082')",Molybdenum VI,"['Mo', 'Mo', 'Mo', 'Mo', 'Mo', 'Mo', 'Mo', 'Mo', 'Mo', 'Mo', 'Mo', 'Mo']","[0.0021296400823962508, 0.0002884894382590839, 8.379439134927995e-05, 5.8847683311108025e-06, 5.438734356256969e-06, 1.7359601186931967e-06, 1.0585022869161254e-06, 1.8803661006189264e-07, 3.6045734660090154e-08, 2.4103824637210742e-08, 7.098134161971401e-09, 6.972354907684351e-09]",0.002516304133756021
"('ecoinvent-3.12-biosphere', '7d8d9cd6-8c50-5bad-9224-53b83fbf435d')",Diazinon,['P'],[2.232629517880347e-15],2.232629517880347e-15
"('ecoinvent-3.12-biosphere', '7da45a0b-0dcf-413c-8de0-44d8ebca9e6e')",Silver I,"['Ag', 'Ag', 'Ag', 'Ag', 'Ag', 'Ag', 'Ag', 'Ag', 'Ag', 'Ag', 'Ag', 'Ag']","[0.06668750281674578, 0.0005376578613891086, 0.00023286073022878685, 0.00015392664355685324, 9.767551700899427e-05, 1.1337362037548993e-05, 6.527895600830674e-06, 5.342813212076447e-06, 4.90179858310077e-06, 6.874460613170756e-07, 3.4468236581888795e-08, -6.093956860534905e-10]",0.06773845474326529
"('ecoinvent-3.12-biosphere', '7e66a41c-d311-4949-bdd8-eef09cdcfa47')",Copper ion,"['Cu', 'Cu', 'Cu', 'Cu', 'Cu', 'Cu', 'Cu', 'Cu', 'Cu', 'Cu', 'Cu', 'Cu', 'Cu', 'Cu']","[8.873218481948277e-05, 5.586222330072242e-08, 5.4016979817475266e-08, 5.3597429302250315e-08, 2.9533917252733047e-08, 2.6737244750864008e-08, 1.6955211723319527e-08, 1.3542770469712779e-08, 1.1868120374080998e-08, -1.024652354468517e-08, 7.256925547357588e-09, 2.791443834354132e-09, -2.535459998039102e-11, 0.0]",8.899407520771097e-05
"('ecoinvent-3.12-biosphere', '7e769b3e-03fb-4b53-be15-85a910dcfea9')",Zinc II,"['Zn', 'Zn', 'Zn', 'Zn', 'Zn', 'Zn', 'Zn', 'Zn', 'Zn', 'Zn', 'Zn', 'Zn', 'Zn', 'Zn']","[7.138702255285526e-06, 1.6271929386588268e-08, 1.3210944687643888e-08, 1.2519902324988676e-08, 1.0456699986159744e-08, 9.63243753381505e-09, 8.667414111170458e-09, 3.396799674417187e-09, 3.1823935392492164e-09, 3.0552492644964655e-09, 2.6453937934795392e-09, 1.3974091444989521e-09, -6.569191139061592e-12, 6.694375969710012e-16]",7.223132260210332e-06
"('ecoinvent-3.12-biosphere', '800ec8a5-e0f2-4f47-8c43-dd93962cc0da')",Lithium carbonate,['Li'],[-5.823400014601286e-11],-5.823400014601286e-11
"('ecoinvent-3.12-biosphere', '81b3321a-c9d8-4104-a974-5460f1bc5029')",Chromium VI,"['Cr', 'Cr', 'Cr', 'Cr', 'Cr', 'Cr', 'Cr', 'Cr', 'Cr']","[1.6213910085281205e-07, 3.4487908297918737e-09, 3.127273421191691e-10, 1.7592353752591147e-10, 7.571341909580967e-11, 1.1671452096342727e-11, 2.6590215229896924e-12, 4.592365035020119e-13, 1.6344099348860866e-16]",1.6616704585490867e-07
"('ecoinvent-3.12-biosphere', '81e17d9a-3e0b-414e-9b2e-eca7e5b3bd4a')",Chromium VI,"['Cr', 'Cr', 'Cr', 'Cr', 'Cr', 'Cr', 'Cr', 'Cr', 'Cr']","[1.6213910085281205e-07, 3.4487908297918737e-09, 3.127273421191691e-10, 1.7592353752591147e-10, 7.571341909580967e-11, 1.1671452096342727e-11, 2.6590215229896924e-12, 4.592365035020119e-13, 1.6344099348860866e-16]",1.6616704585490867e-07
"('ecoinvent-3.12-biosphere', '81f212e8-3b60-52cd-ab86-f9a27272a0a4')",Glufosinate ammonium,['P'],[2.552174617631178e-13],2.552174617631178e-13
"('ecoinvent-3.12-biosphere', '8212cc9e-1f4f-57f0-bc36-ebaf9e4a113f')",Acephate,"['P', 'P', 'P', 'P', 'P']","[1.21946921964316e-12, 3.460226904360109e-13, 1.7128454582489875e-14, 4.221065182242602e-15, -3.488483621687998e-17]",1.5868065450076863e-12
"('ecoinvent-3.12-biosphere', '8216fc31-15a1-4d33-858f-e09650b14c63')",Chromium VI,"['Cr', 'Cr', 'Cr', 'Cr', 'Cr', 'Cr', 'Cr', 'Cr', 'Cr']","[1.6213910085281205e-07, 3.4487908297918737e-09, 3.127273421191691e-10, 1.7592353752591147e-10, 7.571341909580967e-11, 1.1671452096342727e-11, 2.6590215229896924e-12, 4.592365035020119e-13, 1.6344099348860866e-16]",1.6616704585490867e-07
"('ecoinvent-3.12-biosphere', '835d0907-a668-4d92-b6b6-7b56fa343713')",Manganese II,"['Mn', 'Mn', 'Mn', 'Mn', 'Mn', 'Mn', 'Mn', 'Mn', 'Mn', 'Mn', 'Mn', 'Mn']","[4.368327605780774e-06, 2.92085394449423e-08, 1.1200492465317252e-08, 2.176452065164836e-09, 8.769964750206656e-10, 5.529563888464538e-10, 4.5631368335235096e-10, 3.276202740667731e-10, 2.6719024555521577e-10, 8.853205538495002e-11, 2.1823955305155734e-11, 1.3894856789427909e-11]",4.4135184176905194e-06
"('ecoinvent-3.12-biosphere', '837083ce-41cd-49f3-a849-d79564dac238')",Lead II,"['Pb', 'Pb', 'Pb', 'Pb', 'Pb', 'Pb', 'Pb', 'Pb', 'Pb', 'Pb', 'Pb', 'Pb', 'Pb', 'Pb']","[5.168238383359356e-07, 1.790676616211187e-08, 1.0102341138803356e-08, 4.7466812925137975e-09, 2.0843216342223762e-09, 1.3237048630267223e-09, 8.392027549723558e-10, 4.876570074171105e-10, 4.408286602853388e-10, 1.479224965813368e-10, 9.611608031448702e-11, 6.813587515777365e-11, 1.201142693639195e-13, 3.3787417542589663e-16]",5.550676367534857e-07
"('ecoinvent-3.12-biosphere', '83cf77ca-867b-4eef-b0f0-78d71b3d91d5')",Antimony ion,"['Sb', 'Sb', 'Sb', 'Sb', 'Sb', 'Sb', 'Sb', 'Sb', 'Sb', 'Sb', 'Sb', 'Sb']","[8.141689583259605e-06, 1.224969972412562e-06, 2.7054136458172466e-07, 1.3295850158656297e-07, 1.2689784271685236e-07, 7.899424969388019e-09, 4.462194251727944e-09, 2.8823268408214916e-09, 2.039995453873888e-09, 5.841848075495936e-10, 2.746121330989961e-10, 1.4694627221979315e-11]",9.915214697640992e-06
"('ecoinvent-3.12-biosphere', '84aa799e-9d98-4d34-85e0-516d28ab1be9')",Zinc II,"['Zn', 'Zn', 'Zn', 'Zn', 'Zn', 'Zn', 'Zn', 'Zn', 'Zn', 'Zn', 'Zn', 'Zn', 'Zn', 'Zn']","[7.138702255285526e-06, 1.6271929386588268e-08, 1.3210944687643888e-08, 1.2519902324988676e-08, 1.0456699986159744e-08, 9.63243753381505e-09, 8.667414111170458e-09, 3.396799674417187e-09, 3.1823935392492164e-09, 3.0552492644964655e-09, 2.6453937934795392e-09, 1.3974091444989521e-09, -6.569191139061592e-12, 6.694375969710012e-16]",7.223132260210332e-06
"('ecoinvent-3.12-biosphere', '85466e0f-e5b5-4084-9338-59e317f7cb09')",Lithium I,"['Li', 'Li', 'Li', 'Li', 'Li', 'Li']","[5.156424636435497e-06, 2.4797208438165585e-06, 1.102967619511972e-10, 1.102967619511972e-10, -5.766099501684246e-11, 1.686733408388811e-12]",7.63631009951435e-06
"('ecoinvent-3.12-biosphere', '85a764f2-a810-4b20-bc86-a45604262fda')",Tin ion,"['Sn', 'Sn', 'Sn', 'Sn', 'Sn', 'Sn', 'Sn', 'Sn', 'Sn', 'Sn', 'Sn', 'Sn']","[5.397594485698682e-06, 5.2331619447728906e-08, 3.185332343186388e-08, 1.432699112920436e-08, 6.626625726243922e-09, 5.972498479784136e-09, 4.359708950426132e-09, 4.2101028676984547e-10, 2.8967297910178125e-10, 1.9984236914696768e-10, 1.8485735983862572e-10, 0.0]",5.51416063585879e-06
"('ecoinvent-3.12-biosphere', '876d4bb6-badc-4d04-a193-71b68e908737')",Ethephon,"['P', 'P', 'P', 'P', 'P']","[-1.7665681060207607e-13, -6.976967243375964e-17, 0.0, 0.0, 0.0]",-1.7672658027450982e-13
"('ecoinvent-3.12-biosphere', '87a69874-34f9-4070-a525-aa301ab2634b')",Zinc II,"['Zn', 'Zn', 'Zn', 'Zn', 'Zn', 'Zn', 'Zn', 'Zn', 'Zn', 'Zn', 'Zn', 'Zn', 'Zn', 'Zn']","[7.138702255285526e-06, 1.6271929386588268e-08, 1.3210944687643888e-08, 1.2519902324988676e-08, 1.0456699986159744e-08, 9.63243753381505e-09, 8.667414111170458e-09, 3.396799674417187e-09, 3.1823935392492164e-09, 3.0552492644964655e-09, 2.6453937934795392e-09, 1.3974091444989521e-09, -6.569191139061592e-12, 6.694375969710012e-16]",7.223132260210332e-06
"('ecoinvent-3.12-biosphere', '88cde01c-df69-40bb-9b14-6eac71bea5b8')",Copper ion,"['Cu', 'Cu', 'Cu', 'Cu', 'Cu', 'Cu', 'Cu', 'Cu', 'Cu', 'Cu', 'Cu', 'Cu', 'Cu', 'Cu']","[8.873218481948277e-05, 5.586222330072242e-08, 5.4016979817475266e-08, 5.3597429302250315e-08, 2.9533917252733047e-08, 2.6737244750864008e-08, 1.6955211723319527e-08, 1.3542770469712779e-08, 1.1868120374080998e-08, -1.024652354468517e-08, 7.256925547357588e-09, 2.791443834354132e-09, -2.535459998039102e-11, 0.0]",8.899407520771097e-05
"('ecoinvent-3.12-biosphere', '8a0f9d4c-cf90-5c89-a79d-2926cc516521')",Copper oxychloride,"['Cu', 'Cu', 'Cu', 'Cu', 'Cu']","[2.195155708550196e-12, 9.486602559563249e-13, -2.2061866417588248e-14, -4.412373283517651e-14, 0.0]",3.077630365253756e-12
"('ecoinvent-3.12-biosphere', '8a422b03-1055-4bc8-b439-27bf8d7eef57')",Tin ion,"['Sn', 'Sn', 'Sn', 'Sn', 'Sn', 'Sn', 'Sn', 'Sn', 'Sn', 'Sn', 'Sn', 'Sn']","[5.397594485698682e-06, 5.2331619447728906e-08, 3.185332343186388e-08, 1.432699112920436e-08, 6.626625726243922e-09, 5.972498479784136e-09, 4.359708950426132e-09, 4.2101028676984547e-10, 2.8967297910178125e-10, 1.9984236914696768e-10, 1.8485735983862572e-10, 0.0]",5.51416063585879e-06
"('ecoinvent-3.12-biosphere', '8aa28904-c1a5-5634-ac89-d9e6a6f06864')",Glufosinate ammonium,['P'],[2.552174617631178e-13],2.552174617631178e-13
"('ecoinvent-3.12-biosphere', '8b0a4a41-c65c-4d94-b10c-94ddb98abdd2')",Phosphorus,"['P', 'P', 'P', 'P', 'P', 'P', 'P', 'P', 'P', 'P', 'P']","[2.445264703735171e-09, 9.164027800970033e-10, 3.650157403816444e-10, 3.3580827158634583e-10, 3.156282304010983e-11, 1.9040736651751022e-11, 8.6502532978424e-12, 4.7192555284008635e-12, 1.956516039248645e-12, 7.121041616984723e-13, 4.906552213919838e-13]",4.129623839740608e-09
"('ecoinvent-3.12-biosphere', '8b531ec0-ca7a-49cd-bef0-56f110112f34')",Molybdenum VI,"['Mo', 'Mo', 'Mo', 'Mo', 'Mo', 'Mo', 'Mo', 'Mo', 'Mo', 'Mo', 'Mo', 'Mo']","[0.0021296400823962508, 0.0002884894382590839, 8.379439134927995e-05, 5.8847683311108025e-06, 5.438734356256969e-06, 1.7359601186931967e-06, 1.0585022869161254e-06, 1.8803661006189264e-07, 3.6045734660090154e-08, 2.4103824637210742e-08, 7.098134161971401e-09, 6.972354907684351e-09]",0.002516304133756021
"('ecoinvent-3.12-biosphere', '8beefad6-d121-5009-a1d5-55ee15aef834')",Ethephon,"['P', 'P', 'P', 'P', 'P']","[-1.7665681060207607e-13, -6.976967243375964e-17, 0.0, 0.0, 0.0]",-1.7672658027450982e-13
"('ecoinvent-3.12-biosphere', '8ce423c8-e5b6-5727-bcc0-814698a24343')",Monocrotophos,['P'],[2.636595921276323e-13],2.636595921276323e-13
"('ecoinvent-3.12-biosphere', '8d226423-1351-4366-b09f-d16c9e38683c')",Zinc II,"['Zn', 'Zn', 'Zn', 'Zn', 'Zn', 'Zn', 'Zn', 'Zn', 'Zn', 'Zn', 'Zn', 'Zn', 'Zn', 'Zn']","[7.138702255285526e-06, 1.6271929386588268e-08, 1.3210944687643888e-08, 1.2519902324988676e-08, 1.0456699986159744e-08, 9.63243753381505e-09, 8.667414111170458e-09, 3.396799674417187e-09, 3.1823935392492164e-09, 3.0552492644964655e-09, 2.6453937934795392e-09, 1.3974091444989521e-09, -6.569191139061592e-12, 6.694375969710012e-16]",7.223132260210332e-06
"('ecoinvent-3.12-biosphere', '8d91f72d-fbe6-5f1f-ab6f-d181d86926ef')",Azinphos-methyl,['P'],[3.488483621688001e-16],3.488483621688001e-16
"('ecoinvent-3.12-biosphere', '8dba66e2-0f2e-4038-84ef-1e40b4f573a6')",Iron ion,"['Fe', 'Fe', 'Fe', 'Fe', 'Fe', 'Fe', 'Fe', 'Fe', 'Fe', 'Fe', 'Fe', 'Fe']","[3.6317843125881055e-06, 9.932031159250924e-07, 1.2597445096327265e-08, 1.1426500304960905e-08, 7.432996754445176e-09, 3.5093809384889075e-09, 3.453626846418325e-09, 1.087423396082068e-09, 7.964899093326971e-10, 2.79846421660667e-10, 8.682915133148982e-11, 8.652262328949715e-12]",4.665666619594574e-06
"('ecoinvent-3.12-biosphere', '8e123669-94d3-41d8-9480-a79211fe7c43')",Lead II,"['Pb', 'Pb', 'Pb', 'Pb', 'Pb', 'Pb', 'Pb', 'Pb', 'Pb', 'Pb', 'Pb', 'Pb', 'Pb', 'Pb']","[5.168238383359356e-07, 1.790676616211187e-08, 1.0102341138803356e-08, 4.7466812925137975e-09, 2.0843216342223762e-09, 1.3237048630267223e-09, 8.392027549723558e-10, 4.876570074171105e-10, 4.408286602853388e-10, 1.479224965813368e-10, 9.611608031448702e-11, 6.813587515777365e-11, 1.201142693639195e-13, 3.3787417542589663e-16]",5.550676367534857e-07
"('ecoinvent-3.12-biosphere', '8ec83662-7c2b-4452-8acf-95a0bb94233c')",Chromium VI,"['Cr', 'Cr', 'Cr', 'Cr', 'Cr', 'Cr', 'Cr', 'Cr', 'Cr']","[1.6213910085281205e-07, 3.4487908297918737e-09, 3.127273421191691e-10, 1.7592353752591147e-10, 7.571341909580967e-11, 1.1671452096342727e-11, 2.6590215229896924e-12, 4.592365035020119e-13, 1.6344099348860866e-16]",1.6616704585490867e-07
"('ecoinvent-3.12-biosphere', '8f871bab-96dc-49d9-bf08-12cdd0715901')",Zinc II,"['Zn', 'Zn', 'Zn', 'Zn', 'Zn', 'Zn', 'Zn', 'Zn', 'Zn', 'Zn', 'Zn', 'Zn', 'Zn', 'Zn']","[7.138702255285526e-06, 1.6271929386588268e-08, 1.3210944687643888e-08, 1.2519902324988676e-08, 1.0456699986159744e-08, 9.63243753381505e-09, 8.667414111170458e-09, 3.396799674417187e-09, 3.1823935392492164e-09, 3.0552492644964655e-09, 2.6453937934795392e-09, 1.3974091444989521e-09, -6.569191139061592e-12, 6.694375969710012e-16]",7.223132260210332e-06
"('ecoinvent-3.12-biosphere', '8f9e5000-0dfd-51b3-84b7-2872df0223ec')",Glufosinate,"['P', 'P', 'P', 'P']","[4.883877070363223e-16, 0.0, 0.0, 0.0]",4.883877070363223e-16
"('ecoinvent-3.12-biosphere', '93187a13-2ad8-57f8-84fc-e8bc0717f7ac')",Maneb,['Mn'],[7.05430105621627e-16],7.05430105621627e-16
"('ecoinvent-3.12-biosphere', '93537e66-0951-5262-93c0-8be63fc7eb08')",Ethoprop,['P'],[7.430470114195797e-15],7.430470114195797e-15
"('ecoinvent-3.12-biosphere', '93612dd2-ffb7-5663-a9ce-288640c30f98')",Phosmet,['P'],[5.232725432532027e-16],5.232725432532027e-16
"('ecoinvent-3.12-biosphere', '93db5191-c13b-5e45-8ef6-4dd4ce975b37')",Chlorpyrifos methyl,"['P', 'P', 'P', 'P']","[9.015637071943437e-13, 0.0, 0.0, 0.0]",9.015637071943437e-13
"('ecoinvent-3.12-biosphere', '94007b78-83a2-5b31-a0d6-71c3c950182f')",Glyphosate,"['P', 'P', 'P', 'P', 'P', 'P', 'P']","[2.7110436507211164e-11, 5.240539636023491e-12, 1.9608417589396504e-12, 9.32820520439932e-14, 3.628022966555606e-15, 2.4419385351816418e-15, 1.0465450865063944e-16]",3.441127457022869e-11
"('ecoinvent-3.12-biosphere', '94426df9-63b1-4dc6-ad1b-3509e22f1154')",Silver I,"['Ag', 'Ag', 'Ag', 'Ag', 'Ag', 'Ag', 'Ag', 'Ag', 'Ag', 'Ag', 'Ag', 'Ag']","[0.06668750281674578, 0.0005376578613891086, 0.00023286073022878685, 0.00015392664355685324, 9.767551700899427e-05, 1.1337362037548993e-05, 6.527895600830674e-06, 5.342813212076447e-06, 4.90179858310077e-06, 6.874460613170756e-07, 3.4468236581888795e-08, -6.093956860534905e-10]",0.06773845474326529
"('ecoinvent-3.12-biosphere', '9542444c-7c7a-48e2-bc9c-9c7c34fb7b3e')",Cobalt II,"['Co', 'Co', 'Co', 'Co', 'Co', 'Co', 'Co', 'Co', 'Co', 'Co', 'Co', 'Co']","[0.00596929382828228, 1.0459492006102991e-05, 4.405113353379248e-06, 3.068886441495257e-06, 1.7343554853171879e-06, 1.5303328526717172e-06, 5.964613150143722e-07, 2.475542372949169e-07, 7.291408459550982e-08, 7.093591210906292e-08, 6.831643921041718e-08, 4.476854801821316e-09]",0.005991552667264273
"('ecoinvent-3.12-biosphere', '95886a55-63a7-4e2e-8120-6cd2e6afbbfc')",Phosphorus trichloride,"['P', 'P', 'P']","[4.046641001158159e-15, 0.0, 0.0]",4.046641001158159e-15
"('ecoinvent-3.12-biosphere', '9798359e-a3ee-4362-a038-23a188582c6e')",Nickel II,"['Ni', 'Ni', 'Ni', 'Ni', 'Ni', 'Ni', 'Ni', 'Ni', 'Ni', 'Ni', 'Ni', 'Ni', 'Ni', 'Ni']","[8.610646992302025e-05, 1.9371369374595667e-07, 1.8619807852443704e-07, 1.1735799150306382e-07, 2.4810880342319532e-08, 2.3980323853106783e-08, 1.441646077445021e-08, 1.1799758986064122e-08, 5.369703836523154e-09, -1.312055482791985e-09, 9.419728361492876e-10, 4.713221329817012e-10, 1.1385026326299324e-11, 0.0]",8.668422943909884e-05
"('ecoinvent-3.12-biosphere', '97e498ec-f323-4ec6-bcc0-d8a4c853bae3')",Aluminium III,"['Al', 'Al', 'Al', 'Al', 'Al', 'Al', 'Al', 'Al', 'Al', 'Al', 'Al', 'Al']","[0.0023183730268120472, 3.6076957316809366e-05, 7.931173862159367e-06, 4.4718795267014474e-06, 2.8179677556202233e-06, 2.4045334718863272e-06, 1.8473233110460126e-06, 1.1898956729826825e-06, 1.0121206767511444e-06, 7.499307468922807e-08, 3.910458894483003e-08, 3.0882063383452275e-09]",0.0023762420642759767
"('ecoinvent-3.12-biosphere', '97e6023d-df74-5509-aab8-40ce866f2492')",Maneb,['Mn'],[7.05430105621627e-16],7.05430105621627e-16
"('ecoinvent-3.12-biosphere', '98693cdf-d9fc-43ed-bfe6-78dfe5742d33')",Iron ion,"['Fe', 'Fe', 'Fe', 'Fe', 'Fe', 'Fe', 'Fe', 'Fe', 'Fe', 'Fe', 'Fe', 'Fe']","[3.6317843125881055e-06, 9.932031159250924e-07, 1.2597445096327265e-08, 1.1426500304960905e-08, 7.432996754445176e-09, 3.5093809384889075e-09, 3.453626846418325e-09, 1.087423396082068e-09, 7.964899093326971e-10, 2.79846421660667e-10, 8.682915133148982e-11, 8.652262328949715e-12]",4.665666619594574e-06
"('ecoinvent-3.12-biosphere', '987c57c4-9c18-5d05-9d4e-aacf7e80150f')",Malathion,['P'],[-1.1511995951569552e-14],-1.1511995951569552e-14
"('ecoinvent-3.12-biosphere', '9afbd8e4-f6cd-5818-843f-468295d8a8a5')",Chlorpyrifos methyl,"['P', 'P', 'P', 'P']","[9.015637071943437e-13, 0.0, 0.0, 0.0]",9.015637071943437e-13
"('ecoinvent-3.12-biosphere', '9b623386-f970-5b95-8415-72d8f168bc6f')",Phorate,['P'],[1.2663195546728503e-14],1.2663195546728503e-14
"('ecoinvent-3.12-biosphere', '9b6d6f07-ebc6-447d-a3c0-f2017d77d852')",Iron ion,"['Fe', 'Fe', 'Fe', 'Fe', 'Fe', 'Fe', 'Fe', 'Fe', 'Fe', 'Fe', 'Fe', 'Fe']","[3.6317843125881055e-06, 9.932031159250924e-07, 1.2597445096327265e-08, 1.1426500304960905e-08, 7.432996754445176e-09, 3.5093809384889075e-09, 3.453626846418325e-09, 1.087423396082068e-09, 7.964899093326971e-10, 2.79846421660667e-10, 8.682915133148982e-11, 8.652262328949715e-12]",4.665666619594574e-06
"('ecoinvent-3.12-biosphere', '9ba8c05d-1593-45a5-8d3b-5c4f3e9fef32')",Manganese II,"['Mn', 'Mn', 'Mn', 'Mn', 'Mn', 'Mn', 'Mn', 'Mn', 'Mn', 'Mn', 'Mn', 'Mn']","[4.368327605780774e-06, 2.92085394449423e-08, 1.1200492465317252e-08, 2.176452065164836e-09, 8.769964750206656e-10, 5.529563888464538e-10, 4.5631368335235096e-10, 3.276202740667731e-10, 2.6719024555521577e-10, 8.853205538495002e-11, 2.1823955305155734e-11, 1.3894856789427909e-11]",4.4135184176905194e-06
"('ecoinvent-3.12-biosphere', '9bbae55a-35de-4eff-a219-814a9fec5ac2')",Chromium VI,"['Cr', 'Cr', 'Cr', 'Cr', 'Cr', 'Cr', 'Cr', 'Cr', 'Cr']","[1.6213910085281205e-07, 3.4487908297918737e-09, 3.127273421191691e-10, 1.7592353752591147e-10, 7.571341909580967e-11, 1.1671452096342727e-11, 2.6590215229896924e-12, 4.592365035020119e-13, 1.6344099348860866e-16]",1.6616704585490867e-07
"('ecoinvent-3.12-biosphere', '9c3bd678-1b2f-4b95-a245-d5c8a3fe326b')",Aluminium III,"['Al', 'Al', 'Al', 'Al', 'Al', 'Al', 'Al', 'Al', 'Al', 'Al', 'Al', 'Al']","[0.0023183730268120472, 3.6076957316809366e-05, 7.931173862159367e-06, 4.4718795267014474e-06, 2.8179677556202233e-06, 2.4045334718863272e-06, 1.8473233110460126e-06, 1.1898956729826825e-06, 1.0121206767511444e-06, 7.499307468922807e-08, 3.910458894483003e-08, 3.0882063383452275e-09]",0.0023762420642759767
"('ecoinvent-3.12-biosphere', '9c706cff-cb82-4207-a589-95896e04dc08')",Manganese II,"['Mn', 'Mn', 'Mn', 'Mn', 'Mn', 'Mn', 'Mn', 'Mn', 'Mn', 'Mn', 'Mn', 'Mn']","[4.368327605780774e-06, 2.92085394449423e-08, 1.1200492465317252e-08, 2.176452065164836e-09, 8.769964750206656e-10, 5.529563888464538e-10, 4.5631368335235096e-10, 3.276202740667731e-10, 2.6719024555521577e-10, 8.853205538495002e-11, 2.1823955305155734e-11, 1.3894856789427909e-11]",4.4135184176905194e-06
"('ecoinvent-3.12-biosphere', '9cf3a683-ed3d-40e9-b039-7653e4fc9e20')",Molybdenum VI,"['Mo', 'Mo', 'Mo', 'Mo', 'Mo', 'Mo', 'Mo', 'Mo', 'Mo', 'Mo', 'Mo', 'Mo']","[0.0021296400823962508, 0.0002884894382590839, 8.379439134927995e-05, 5.8847683311108025e-06, 5.438734356256969e-06, 1.7359601186931967e-06, 1.0585022869161254e-06, 1.8803661006189264e-07, 3.6045734660090154e-08, 2.4103824637210742e-08, 7.098134161971401e-09, 6.972354907684351e-09]",0.002516304133756021
"('ecoinvent-3.12-biosphere', '9d20a094-1fe5-5325-abac-968411310403')",Glufosinate,"['P', 'P', 'P', 'P']","[4.883877070363223e-16, 0.0, 0.0, 0.0]",4.883877070363223e-16
"('ecoinvent-3.12-biosphere', '9ee7f4ab-b826-47ae-8623-e138f944b42e')",Lead II,"['Pb', 'Pb', 'Pb', 'Pb', 'Pb', 'Pb', 'Pb', 'Pb', 'Pb', 'Pb', 'Pb', 'Pb', 'Pb', 'Pb']","[5.168238383359356e-07, 1.790676616211187e-08, 1.0102341138803356e-08, 4.7466812925137975e-09, 2.0843216342223762e-09, 1.3237048630267223e-09, 8.392027549723558e-10, 4.876570074171105e-10, 4.408286602853388e-10, 1.479224965813368e-10, 9.611608031448702e-11, 6.813587515777365e-11, 1.201142693639195e-13, 3.3787417542589663e-16]",5.550676367534857e-07
"('ecoinvent-3.12-biosphere', '9f2356ae-88ba-5222-899f-9532001be831')",Glufosinate ammonium,['P'],[2.552174617631178e-13],2.552174617631178e-13
"('ecoinvent-3.12-biosphere', '9f69cb8e-51fe-447b-a1ac-4da74de8ebe4')",Nickel II,"['Ni', 'Ni', 'Ni', 'Ni', 'Ni', 'Ni', 'Ni', 'Ni', 'Ni', 'Ni', 'Ni', 'Ni', 'Ni', 'Ni']","[8.610646992302025e-05, 1.9371369374595667e-07, 1.8619807852443704e-07, 1.1735799150306382e-07, 2.4810880342319532e-08, 2.3980323853106783e-08, 1.441646077445021e-08, 1.1799758986064122e-08, 5.369703836523154e-09, -1.312055482791985e-09, 9.419728361492876e-10, 4.713221329817012e-10, 1.1385026326299324e-11, 0.0]",8.668422943909884e-05
"('ecoinvent-3.12-biosphere', 'a010fe9e-2fd0-5b3f-b191-dd22b8030a3a')",Acephate,"['P', 'P', 'P', 'P', 'P']","[1.21946921964316e-12, 3.460226904360109e-13, 1.7128454582489875e-14, 4.221065182242602e-15, -3.488483621687998e-17]",1.5868065450076863e-12
"('ecoinvent-3.12-biosphere', 'a1122fe7-8950-5f09-95f4-ca67d8c96c44')",Fentin hydroxide,['Sn'],[5.141284435526106e-12],5.141284435526106e-12
"('ecoinvent-3.12-biosphere', 'a212914e-f8ba-49eb-9ceb-63e286053f2d')",Ethephon,"['P', 'P', 'P', 'P', 'P']","[-1.7665681060207607e-13, -6.976967243375964e-17, 0.0, 0.0, 0.0]",-1.7672658027450982e-13
"('ecoinvent-3.12-biosphere', 'a23e03ca-a87f-5d00-a963-f4e658505c05')",Fentin hydroxide,['Sn'],[5.141284435526106e-12],5.141284435526106e-12
"('ecoinvent-3.12-biosphere', 'a46f2cef-b328-5d0d-848d-aa485e50eb8e')",Copper oxychloride,"['Cu', 'Cu', 'Cu', 'Cu', 'Cu']","[2.195155708550196e-12, 9.486602559563249e-13, -2.2061866417588248e-14, -4.412373283517651e-14, 0.0]",3.077630365253756e-12
"('ecoinvent-3.12-biosphere', 'a5506f4b-113f-4713-95c3-c819dde6e48b')",Nickel II,"['Ni', 'Ni', 'Ni', 'Ni', 'Ni', 'Ni', 'Ni', 'Ni', 'Ni', 'Ni', 'Ni', 'Ni', 'Ni', 'Ni']","[8.610646992302025e-05, 1.9371369374595667e-07, 1.8619807852443704e-07, 1.1735799150306382e-07, 2.4810880342319532e-08, 2.3980323853106783e-08, 1.441646077445021e-08, 1.1799758986064122e-08, 5.369703836523154e-09, -1.312055482791985e-09, 9.419728361492876e-10, 4.713221329817012e-10, 1.1385026326299324e-11, 0.0]",8.668422943909884e-05
"('ecoinvent-3.12-biosphere', 'a57bf693-7ffa-409d-919c-c806e34a4c67')",Sodium dichromate,['Cr'],[5.328012946428071e-12],5.328012946428071e-12
"('ecoinvent-3.12-biosphere', 'a5ee5afb-2710-5f24-a619-0e460c5259d7')",Zineb,['Zn'],[2.851804163096747e-13],2.851804163096747e-13
"('ecoinvent-3.12-biosphere', 'a72a45ee-395a-4d25-b893-9d183e43e76e')",Nickel II,"['Ni', 'Ni', 'Ni', 'Ni', 'Ni', 'Ni', 'Ni', 'Ni', 'Ni', 'Ni', 'Ni', 'Ni', 'Ni', 'Ni']","[8.610646992302025e-05, 1.9371369374595667e-07, 1.8619807852443704e-07, 1.1735799150306382e-07, 2.4810880342319532e-08, 2.3980323853106783e-08, 1.441646077445021e-08, 1.1799758986064122e-08, 5.369703836523154e-09, -1.312055482791985e-09, 9.419728361492876e-10, 4.713221329817012e-10, 1.1385026326299324e-11, 0.0]",8.668422943909884e-05
"('ecoinvent-3.12-biosphere', 'a9ec0c9b-982a-4329-99ae-dab1f9fb62d3')",Chromium VI,"['Cr', 'Cr', 'Cr', 'Cr', 'Cr', 'Cr', 'Cr', 'Cr', 'Cr']","[1.6213910085281205e-07, 3.4487908297918737e-09, 3.127273421191691e-10, 1.7592353752591147e-10, 7.571341909580967e-11, 1.1671452096342727e-11, 2.6590215229896924e-12, 4.592365035020119e-13, 1.6344099348860866e-16]",1.6616704585490867e-07
"('ecoinvent-3.12-biosphere', 'aa9962b3-657e-58b6-8a30-fbc6e883e63b')",Zineb,['Zn'],[2.851804163096747e-13],2.851804163096747e-13
"('ecoinvent-3.12-biosphere', 'aaca334b-09a5-589e-8088-d3bc090b12e0')",Copper oxychloride,"['Cu', 'Cu', 'Cu', 'Cu', 'Cu']","[2.195155708550196e-12, 9.486602559563249e-13, -2.2061866417588248e-14, -4.412373283517651e-14, 0.0]",3.077630365253756e-12
"('ecoinvent-3.12-biosphere', 'aadb97e9-d61d-5de3-89c6-95008ca06393')",Malathion,['P'],[-1.1511995951569552e-14],-1.1511995951569552e-14
"('ecoinvent-3.12-biosphere', 'ab005f13-989c-5e34-af6f-2129a8c820c5')",Chlorpyrifos,"['P', 'P', 'P', 'P', 'P', 'P']","[1.2991113007177118e-13, 1.9221544755503214e-14, 1.0116602502895259e-15, 3.4884836216879827e-17, 0.0, 0.0]",1.501792199137808e-13
"('ecoinvent-3.12-biosphere', 'abc5202a-7648-514f-9c73-b433a531ac4c')",Tebupirimfos,['P'],[3.4884836216879827e-17],3.4884836216879827e-17
"('ecoinvent-3.12-biosphere', 'acc2bd76-ae9e-5cb2-abb8-e093cb4714f0')",Monocrotophos,['P'],[2.636595921276323e-13],2.636595921276323e-13
"('ecoinvent-3.12-biosphere', 'ad1f825b-2fa8-536b-ad31-3eb612875323')",Maneb,['Mn'],[7.05430105621627e-16],7.05430105621627e-16
"('ecoinvent-3.12-biosphere', 'ada3ecfe-8244-4389-bcce-e83ca4f66e09')",Zinc II,"['Zn', 'Zn', 'Zn', 'Zn', 'Zn', 'Zn', 'Zn', 'Zn', 'Zn', 'Zn', 'Zn', 'Zn', 'Zn', 'Zn']","[7.138702255285526e-06, 1.6271929386588268e-08, 1.3210944687643888e-08, 1.2519902324988676e-08, 1.0456699986159744e-08, 9.63243753381505e-09, 8.667414111170458e-09, 3.396799674417187e-09, 3.1823935392492164e-09, 3.0552492644964655e-09, 2.6453937934795392e-09, 1.3974091444989521e-09, -6.569191139061592e-12, 6.694375969710012e-16]",7.223132260210332e-06
"('ecoinvent-3.12-biosphere', 'af9793ba-25a1-4928-a14a-4bcf7d5bd3f7')",Silver I,"['Ag', 'Ag', 'Ag', 'Ag', 'Ag', 'Ag', 'Ag', 'Ag', 'Ag', 'Ag', 'Ag', 'Ag']","[0.06668750281674578, 0.0005376578613891086, 0.00023286073022878685, 0.00015392664355685324, 9.767551700899427e-05, 1.1337362037548993e-05, 6.527895600830674e-06, 5.342813212076447e-06, 4.90179858310077e-06, 6.874460613170756e-07, 3.4468236581888795e-08, -6.093956860534905e-10]",0.06773845474326529
"('ecoinvent-3.12-biosphere', 'b0546417-3064-4878-bd6f-2da75cefdf63')",Manganese II,"['Mn', 'Mn', 'Mn', 'Mn', 'Mn', 'Mn', 'Mn', 'Mn', 'Mn', 'Mn', 'Mn', 'Mn']","[4.368327605780774e-06, 2.92085394449423e-08, 1.1200492465317252e-08, 2.176452065164836e-09, 8.769964750206656e-10, 5.529563888464538e-10, 4.5631368335235096e-10, 3.276202740667731e-10, 2.6719024555521577e-10, 8.853205538495002e-11, 2.1823955305155734e-11, 1.3894856789427909e-11]",4.4135184176905194e-06
"('ecoinvent-3.12-biosphere', 'b10faa87-2c1d-4f6e-aa65-9f80b376939a')",Cobalt II,"['Co', 'Co', 'Co', 'Co', 'Co', 'Co', 'Co', 'Co', 'Co', 'Co', 'Co', 'Co']","[0.00596929382828228, 1.0459492006102991e-05, 4.405113353379248e-06, 3.068886441495257e-06, 1.7343554853171879e-06, 1.5303328526717172e-06, 5.964613150143722e-07, 2.475542372949169e-07, 7.291408459550982e-08, 7.093591210906292e-08, 6.831643921041718e-08, 4.476854801821316e-09]",0.005991552667264273
"('ecoinvent-3.12-biosphere', 'b1fca66f-8e83-469a-a7b5-018e14d5d545')",Phosphorus,"['P', 'P', 'P', 'P', 'P', 'P', 'P', 'P', 'P', 'P', 'P']","[2.445264703735171e-09, 9.164027800970033e-10, 3.650157403816444e-10, 3.3580827158634583e-10, 3.156282304010983e-11, 1.9040736651751022e-11, 8.6502532978424e-12, 4.7192555284008635e-12, 1.956516039248645e-12, 7.121041616984723e-13, 4.906552213919838e-13]",4.129623839740608e-09
"('ecoinvent-3.12-biosphere', 'b2631209-8374-431e-b7d5-56c96c6b6d79')",Phosphorus,"['P', 'P', 'P', 'P', 'P', 'P', 'P', 'P', 'P', 'P', 'P']","[2.445264703735171e-09, 9.164027800970033e-10, 3.650157403816444e-10, 3.3580827158634583e-10, 3.156282304010983e-11, 1.9040736651751022e-11, 8.6502532978424e-12, 4.7192555284008635e-12, 1.956516039248645e-12, 7.121041616984723e-13, 4.906552213919838e-13]",4.129623839740608e-09
"('ecoinvent-3.12-biosphere', 'b268aafb-2e5a-4bb1-a3ab-37f378ee8090')",Phosmet,['P'],[5.232725432532027e-16],5.232725432532027e-16
"('ecoinvent-3.12-biosphere', 'b269ad9c-9fc9-58f7-ba1b-a86d646b997e')",Ethoprop,['P'],[7.430470114195797e-15],7.430470114195797e-15
"('ecoinvent-3.12-biosphere', 'b2dc8668-86de-4207-b20e-dc81dea63c98')",Antimony ion,"['Sb', 'Sb', 'Sb', 'Sb', 'Sb', 'Sb', 'Sb', 'Sb', 'Sb', 'Sb', 'Sb', 'Sb']","[8.141689583259605e-06, 1.224969972412562e-06, 2.7054136458172466e-07, 1.3295850158656297e-07, 1.2689784271685236e-07, 7.899424969388019e-09, 4.462194251727944e-09, 2.8823268408214916e-09, 2.039995453873888e-09, 5.841848075495936e-10, 2.746121330989961e-10, 1.4694627221979315e-11]",9.915214697640992e-06
"('ecoinvent-3.12-biosphere', 'b3ebdcc3-c588-4997-95d2-9785b26b34e1')",Lead II,"['Pb', 'Pb', 'Pb', 'Pb', 'Pb', 'Pb', 'Pb', 'Pb', 'Pb', 'Pb', 'Pb', 'Pb', 'Pb', 'Pb']","[5.168238383359356e-07, 1.790676616211187e-08, 1.0102341138803356e-08, 4.7466812925137975e-09, 2.0843216342223762e-09, 1.3237048630267223e-09, 8.392027549723558e-10, 4.876570074171105e-10, 4.408286602853388e-10, 1.479224965813368e-10, 9.611608031448702e-11, 6.813587515777365e-11, 1.201142693639195e-13, 3.3787417542589663e-16]",5.550676367534857e-07
"('ecoinvent-3.12-biosphere', 'b3ee5425-868b-5327-9dba-2b31548f3148')",Maneb,['Mn'],[7.05430105621627e-16],7.05430105621627e-16
"('ecoinvent-3.12-biosphere', 'b4580545-243d-48d2-a3a0-2633a4f46fb1')",Nickel II,"['Ni', 'Ni', 'Ni', 'Ni', 'Ni', 'Ni', 'Ni', 'Ni', 'Ni', 'Ni', 'Ni', 'Ni', 'Ni', 'Ni']","[8.610646992302025e-05, 1.9371369374595667e-07, 1.8619807852443704e-07, 1.1735799150306382e-07, 2.4810880342319532e-08, 2.3980323853106783e-08, 1.441646077445021e-08, 1.1799758986064122e-08, 5.369703836523154e-09, -1.312055482791985e-09, 9.419728361492876e-10, 4.713221329817012e-10, 1.1385026326299324e-11, 0.0]",8.668422943909884e-05
"('ecoinvent-3.12-biosphere', 'b4f9a201-2a20-4f41-a572-eabc98c75e1b')",Glyphosate,"['P', 'P', 'P', 'P', 'P', 'P', 'P']","[2.7110436507211164e-11, 5.240539636023491e-12, 1.9608417589396504e-12, 9.32820520439932e-14, 3.628022966555606e-15, 2.4419385351816418e-15, 1.0465450865063944e-16]",3.441127457022869e-11
"('ecoinvent-3.12-biosphere', 'b6b877cb-f164-5b77-b082-c0690a605ff5')",Diazinon,['P'],[2.232629517880347e-15],2.232629517880347e-15
"('ecoinvent-3.12-biosphere', 'b6e2f7f4-6b2e-4b3e-be1f-67626cb8205d')",Phosphorus,"['P', 'P', 'P', 'P', 'P', 'P', 'P', 'P', 'P', 'P', 'P']","[2.445264703735171e-09, 9.164027800970033e-10, 3.650157403816444e-10, 3.3580827158634583e-10, 3.156282304010983e-11, 1.9040736651751022e-11, 8.6502532978424e-12, 4.7192555284008635e-12, 1.956516039248645e-12, 7.121041616984723e-13, 4.906552213919838e-13]",4.129623839740608e-09
"('ecoinvent-3.12-biosphere', 'b6ecaa32-6ab5-4060-b641-45a2bf7beded')",Dichromate,['Cr'],[6.723962472072461e-13],6.723962472072461e-13
"('ecoinvent-3.12-biosphere', 'b6f4285f-8ddc-54dd-83e9-09b9ba697ad2')",Fentin hydroxide,['Sn'],[5.141284435526106e-12],5.141284435526106e-12
"('ecoinvent-3.12-biosphere', 'b7a0a14a-b0b2-4aeb-923f-5c2ec1251dd5')",Glufosinate,"['P', 'P', 'P', 'P']","[4.883877070363223e-16, 0.0, 0.0, 0.0]",4.883877070363223e-16
"('ecoinvent-3.12-biosphere', 'b88999ec-84fd-462d-9dec-7e20a4636a58')",Zinc II,"['Zn', 'Zn', 'Zn', 'Zn', 'Zn', 'Zn', 'Zn', 'Zn', 'Zn', 'Zn', 'Zn', 'Zn', 'Zn', 'Zn']","[7.138702255285526e-06, 1.6271929386588268e-08, 1.3210944687643888e-08, 1.2519902324988676e-08, 1.0456699986159744e-08, 9.63243753381505e-09, 8.667414111170458e-09, 3.396799674417187e-09, 3.1823935392492164e-09, 3.0552492644964655e-09, 2.6453937934795392e-09, 1.3974091444989521e-09, -6.569191139061592e-12, 6.694375969710012e-16]",7.223132260210332e-06
"('ecoinvent-3.12-biosphere', 'b905c8b8-a681-4c0b-8f38-baa5999e2da6')",Lithium carbonate,['Li'],[-5.823400014601286e-11],-5.823400014601286e-11
"('ecoinvent-3.12-biosphere', 'bb3ae4d9-105a-505a-8fbb-ceb863088641')",Ethephon,"['P', 'P', 'P', 'P', 'P']","[-1.7665681060207607e-13, -6.976967243375964e-17, 0.0, 0.0, 0.0]",-1.7672658027450982e-13
"('ecoinvent-3.12-biosphere', 'bce3bc01-e2f3-545e-bd5f-8a817fe53708')",Phorate,['P'],[1.2663195546728503e-14],1.2663195546728503e-14
"('ecoinvent-3.12-biosphere', 'bd02a7ec-dcb5-4609-bc96-cc7a96601ce2')",Glyphosate,"['P', 'P', 'P', 'P', 'P', 'P', 'P']","[2.7110436507211164e-11, 5.240539636023491e-12, 1.9608417589396504e-12, 9.32820520439932e-14, 3.628022966555606e-15, 2.4419385351816418e-15, 1.0465450865063944e-16]",3.441127457022869e-11
"('ecoinvent-3.12-biosphere', 'bd6ac9fb-52ba-516a-bccd-f9b1eb7def7b')",Chlorpyrifos methyl,"['P', 'P', 'P', 'P']","[9.015637071943437e-13, 0.0, 0.0, 0.0]",9.015637071943437e-13
"('ecoinvent-3.12-biosphere', 'bdce3a7c-e008-4391-be26-285f71a02453')",Zinc II,"['Zn', 'Zn', 'Zn', 'Zn', 'Zn', 'Zn', 'Zn', 'Zn', 'Zn', 'Zn', 'Zn', 'Zn', 'Zn', 'Zn']","[7.138702255285526e-06, 1.6271929386588268e-08, 1.3210944687643888e-08, 1.2519902324988676e-08, 1.0456699986159744e-08, 9.63243753381505e-09, 8.667414111170458e-09, 3.396799674417187e-09, 3.1823935392492164e-09, 3.0552492644964655e-09, 2.6453937934795392e-09, 1.3974091444989521e-09, -6.569191139061592e-12, 6.694375969710012e-16]",7.223132260210332e-06
"('ecoinvent-3.12-biosphere', 'bef5eefc-23c8-56c0-9835-8b7c68bfa522')",Phorate,['P'],[1.2663195546728503e-14],1.2663195546728503e-14
"('ecoinvent-3.12-biosphere', 'c0de029d-11bf-556a-adc3-d4ff39f73b49')",Monocrotophos,['P'],[2.636595921276323e-13],2.636595921276323e-13
"('ecoinvent-3.12-biosphere', 'c10f1360-e1dc-44fa-8c2d-00bdd8524724')",Azinphos-methyl,['P'],[3.488483621688001e-16],3.488483621688001e-16
"('ecoinvent-3.12-biosphere', 'c126f8a0-6bc4-42e6-9220-d6ccfef3f2ed')",Molybdenum VI,"['Mo', 'Mo', 'Mo', 'Mo', 'Mo', 'Mo', 'Mo', 'Mo', 'Mo', 'Mo', 'Mo', 'Mo']","[0.0021296400823962508, 0.0002884894382590839, 8.379439134927995e-05, 5.8847683311108025e-06, 5.438734356256969e-06, 1.7359601186931967e-06, 1.0585022869161254e-06, 1.8803661006189264e-07, 3.6045734660090154e-08, 2.4103824637210742e-08, 7.098134161971401e-09, 6.972354907684351e-09]",0.002516304133756021
"('ecoinvent-3.12-biosphere', 'c26d4716-ce1e-43da-a662-cd9498b1e8bc')",Molybdenum VI,"['Mo', 'Mo', 'Mo', 'Mo', 'Mo', 'Mo', 'Mo', 'Mo', 'Mo', 'Mo', 'Mo', 'Mo']","[0.0021296400823962508, 0.0002884894382590839, 8.379439134927995e-05, 5.8847683311108025e-06, 5.438734356256969e-06, 1.7359601186931967e-06, 1.0585022869161254e-06, 1.8803661006189264e-07, 3.6045734660090154e-08, 2.4103824637210742e-08, 7.098134161971401e-09, 6.972354907684351e-09]",0.002516304133756021
"('ecoinvent-3.12-biosphere', 'c2e854f9-fe22-4fe7-9083-cf6d0a8c7254')",Chromium VI,"['Cr', 'Cr', 'Cr', 'Cr', 'Cr', 'Cr', 'Cr', 'Cr', 'Cr']","[1.6213910085281205e-07, 3.4487908297918737e-09, 3.127273421191691e-10, 1.7592353752591147e-10, 7.571341909580967e-11, 1.1671452096342727e-11, 2.6590215229896924e-12, 4.592365035020119e-13, 1.6344099348860866e-16]",1.6616704585490867e-07
"('ecoinvent-3.12-biosphere', 'c34b7d39-1ab2-512f-8c5d-c5c8aa5eff2d')",Mancozeb,"['Mn', 'Zn', 'Mn', 'Zn', 'Mn', 'Zn', 'Mn', 'Zn', 'Mn', 'Zn', 'Mn', 'Zn']","[9.401459407602422e-13, 1.4127811046544678e-11, 3.0185995519598294e-13, 4.535774438284096e-12, 1.1607531737955208e-14, 1.76062088003384e-13, 1.6673802496511103e-15, 2.6108066281869285e-14, 5.130400768157293e-16, 8.03325116365204e-15, 0.0, 0.0]",2.0129582738298324e-11
"('ecoinvent-3.12-biosphere', 'c3b659e5-35f1-408c-8cb5-b5f9b295c76e')",Copper ion,"['Cu', 'Cu', 'Cu', 'Cu', 'Cu', 'Cu', 'Cu', 'Cu', 'Cu', 'Cu', 'Cu', 'Cu', 'Cu', 'Cu']","[8.873218481948277e-05, 5.586222330072242e-08, 5.4016979817475266e-08, 5.3597429302250315e-08, 2.9533917252733047e-08, 2.6737244750864008e-08, 1.6955211723319527e-08, 1.3542770469712779e-08, 1.1868120374080998e-08, -1.024652354468517e-08, 7.256925547357588e-09, 2.791443834354132e-09, -2.535459998039102e-11, 0.0]",8.899407520771097e-05
"('ecoinvent-3.12-biosphere', 'c4302ab1-eb6d-458b-86ad-f7d7d4df411e')",Diazinon,['P'],[2.232629517880347e-15],2.232629517880347e-15
"('ecoinvent-3.12-biosphere', 'c44b0e3b-e65e-4276-aa1f-3db768757b66')",Lithium I,"['Li', 'Li', 'Li', 'Li', 'Li', 'Li']","[5.156424636435497e-06, 2.4797208438165585e-06, 1.102967619511972e-10, 1.102967619511972e-10, -5.766099501684246e-11, 1.686733408388811e-12]",7.63631009951435e-06
"('ecoinvent-3.12-biosphere', 'c49fb4cd-eed0-4438-9052-9612473cdbae')",Antimony ion,"['Sb', 'Sb', 'Sb', 'Sb', 'Sb', 'Sb', 'Sb', 'Sb', 'Sb', 'Sb', 'Sb', 'Sb']","[8.141689583259605e-06, 1.224969972412562e-06, 2.7054136458172466e-07, 1.3295850158656297e-07, 1.2689784271685236e-07, 7.899424969388019e-09, 4.462194251727944e-09, 2.8823268408214916e-09, 2.039995453873888e-09, 5.841848075495936e-10, 2.746121330989961e-10, 1.4694627221979315e-11]",9.915214697640992e-06
"('ecoinvent-3.12-biosphere', 'c572ab67-0f10-5be7-b3c5-66d67302c57a')",Dimethoate,['P'],[1.814011483277781e-15],1.814011483277781e-15
"('ecoinvent-3.12-biosphere', 'c58d25ad-30d2-4fac-a857-1fa6f67afe8a')",Cobalt II,"['Co', 'Co', 'Co', 'Co', 'Co', 'Co', 'Co', 'Co', 'Co', 'Co', 'Co', 'Co']","[0.00596929382828228, 1.0459492006102991e-05, 4.405113353379248e-06, 3.068886441495257e-06, 1.7343554853171879e-06, 1.5303328526717172e-06, 5.964613150143722e-07, 2.475542372949169e-07, 7.291408459550982e-08, 7.093591210906292e-08, 6.831643921041718e-08, 4.476854801821316e-09]",0.005991552667264273
"('ecoinvent-3.12-biosphere', 'c5e63f01-d87c-52c0-91dc-640eaa843852')",Azinphos-methyl,['P'],[3.488483621688001e-16],3.488483621688001e-16
"('ecoinvent-3.12-biosphere', 'c6462d84-caa9-425a-a923-45238690c6f3')",Silver I,"['Ag', 'Ag', 'Ag', 'Ag', 'Ag', 'Ag', 'Ag', 'Ag', 'Ag', 'Ag', 'Ag', 'Ag']","[0.06668750281674578, 0.0005376578613891086, 0.00023286073022878685, 0.00015392664355685324, 9.767551700899427e-05, 1.1337362037548993e-05, 6.527895600830674e-06, 5.342813212076447e-06, 4.90179858310077e-06, 6.874460613170756e-07, 3.4468236581888795e-08, -6.093956860534905e-10]",0.06773845474326529
"('ecoinvent-3.12-biosphere', 'c67e3ba8-ddce-4931-b4b0-f4f9a56ccf40')",Tin ion,"['Sn', 'Sn', 'Sn', 'Sn', 'Sn', 'Sn', 'Sn', 'Sn', 'Sn', 'Sn', 'Sn', 'Sn']","[5.397594485698682e-06, 5.2331619447728906e-08, 3.185332343186388e-08, 1.432699112920436e-08, 6.626625726243922e-09, 5.972498479784136e-09, 4.359708950426132e-09, 4.2101028676984547e-10, 2.8967297910178125e-10, 1.9984236914696768e-10, 1.8485735983862572e-10, 0.0]",5.51416063585879e-06
"('ecoinvent-3.12-biosphere', 'c7d666fc-9018-5e44-9c68-8112aee4f20e')",Mancozeb,"['Mn', 'Zn', 'Mn', 'Zn', 'Mn', 'Zn', 'Mn', 'Zn', 'Mn', 'Zn', 'Mn', 'Zn']","[9.401459407602422e-13, 1.4127811046544678e-11, 3.0185995519598294e-13, 4.535774438284096e-12, 1.1607531737955208e-14, 1.76062088003384e-13, 1.6673802496511103e-15, 2.6108066281869285e-14, 5.130400768157293e-16, 8.03325116365204e-15, 0.0, 0.0]",2.0129582738298324e-11
"('ecoinvent-3.12-biosphere', 'c864aa15-0abc-41ad-9889-348106e485d8')",Lead II,"['Pb', 'Pb', 'Pb', 'Pb', 'Pb', 'Pb', 'Pb', 'Pb', 'Pb', 'Pb', 'Pb', 'Pb', 'Pb', 'Pb']","[5.168238383359356e-07, 1.790676616211187e-08, 1.0102341138803356e-08, 4.7466812925137975e-09, 2.0843216342223762e-09, 1.3237048630267223e-09, 8.392027549723558e-10, 4.876570074171105e-10, 4.408286602853388e-10, 1.479224965813368e-10, 9.611608031448702e-11, 6.813587515777365e-11, 1.201142693639195e-13, 3.3787417542589663e-16]",5.550676367534857e-07
"('ecoinvent-3.12-biosphere', 'c8791f3c-3c4a-4278-91c0-483797d14da2')",Phosphate,"['P', 'P', 'P', 'P', 'P']","[2.6943735166119835e-06, 3.2145196590800433e-07, 2.1661093709973558e-10, 5.0946861373129994e-11, 3.6280229665556065e-15]",3.0160930439464836e-06
"('ecoinvent-3.12-biosphere', 'c89873de-cd23-4323-a948-f5cfeebd2fc9')",Nickel II,"['Ni', 'Ni', 'Ni', 'Ni', 'Ni', 'Ni', 'Ni', 'Ni', 'Ni', 'Ni', 'Ni', 'Ni', 'Ni', 'Ni']","[8.610646992302025e-05, 1.9371369374595667e-07, 1.8619807852443704e-07, 1.1735799150306382e-07, 2.4810880342319532e-08, 2.3980323853106783e-08, 1.441646077445021e-08, 1.1799758986064122e-08, 5.369703836523154e-09, -1.312055482791985e-09, 9.419728361492876e-10, 4.713221329817012e-10, 1.1385026326299324e-11, 0.0]",8.668422943909884e-05
"('ecoinvent-3.12-biosphere', 'c89a0749-40a5-4c9c-8770-c4295ea34977')",Phosphorus,"['P', 'P', 'P', 'P', 'P', 'P', 'P', 'P', 'P', 'P', 'P']","[2.445264703735171e-09, 9.164027800970033e-10, 3.650157403816444e-10, 3.3580827158634583e-10, 3.156282304010983e-11, 1.9040736651751022e-11, 8.6502532978424e-12, 4.7192555284008635e-12, 1.956516039248645e-12, 7.121041616984723e-13, 4.906552213919838e-13]",4.129623839740608e-09
"('ecoinvent-3.12-biosphere', 'c91fd4bf-ed70-4e2f-a34f-159773f981b6')",Manganese II,"['Mn', 'Mn', 'Mn', 'Mn', 'Mn', 'Mn', 'Mn', 'Mn', 'Mn', 'Mn', 'Mn', 'Mn']","[4.368327605780774e-06, 2.92085394449423e-08, 1.1200492465317252e-08, 2.176452065164836e-09, 8.769964750206656e-10, 5.529563888464538e-10, 4.5631368335235096e-10, 3.276202740667731e-10, 2.6719024555521577e-10, 8.853205538495002e-11, 2.1823955305155734e-11, 1.3894856789427909e-11]",4.4135184176905194e-06
"('ecoinvent-3.12-biosphere', 'c983ad54-12e9-47a5-b747-5e5c448e58e2')",Iron ion,"['Fe', 'Fe', 'Fe', 'Fe', 'Fe', 'Fe', 'Fe', 'Fe', 'Fe', 'Fe', 'Fe', 'Fe']","[3.6317843125881055e-06, 9.932031159250924e-07, 1.2597445096327265e-08, 1.1426500304960905e-08, 7.432996754445176e-09, 3.5093809384889075e-09, 3.453626846418325e-09, 1.087423396082068e-09, 7.964899093326971e-10, 2.79846421660667e-10, 8.682915133148982e-11, 8.652262328949715e-12]",4.665666619594574e-06
"('ecoinvent-3.12-biosphere', 'ca04300a-8338-4601-ba7c-66c10a4f6322')",Cobalt II,"['Co', 'Co', 'Co', 'Co', 'Co', 'Co', 'Co', 'Co', 'Co', 'Co', 'Co', 'Co']","[0.00596929382828228, 1.0459492006102991e-05, 4.405113353379248e-06, 3.068886441495257e-06, 1.7343554853171879e-06, 1.5303328526717172e-06, 5.964613150143722e-07, 2.475542372949169e-07, 7.291408459550982e-08, 7.093591210906292e-08, 6.831643921041718e-08, 4.476854801821316e-09]",0.005991552667264273
"('ecoinvent-3.12-biosphere', 'caf066cf-40ce-47a8-ba4c-969fcd6019c7')",Cobalt II,"['Co', 'Co', 'Co', 'Co', 'Co', 'Co', 'Co', 'Co', 'Co', 'Co', 'Co', 'Co']","[0.00596929382828228, 1.0459492006102991e-05, 4.405113353379248e-06, 3.068886441495257e-06, 1.7343554853171879e-06, 1.5303328526717172e-06, 5.964613150143722e-07, 2.475542372949169e-07, 7.291408459550982e-08, 7.093591210906292e-08, 6.831643921041718e-08, 4.476854801821316e-09]",0.005991552667264273
"('ecoinvent-3.12-biosphere', 'cdcdbfc9-3d5f-4e78-8033-8dbecbb2cfec')",Acephate,"['P', 'P', 'P', 'P', 'P']","[1.21946921964316e-12, 3.460226904360109e-13, 1.7128454582489875e-14, 4.221065182242602e-15, -3.488483621687998e-17]",1.5868065450076863e-12
"('ecoinvent-3.12-biosphere', 'ce567bdc-76ec-4ca0-be79-8bb796e448b3')",Iron ion,"['Fe', 'Fe', 'Fe', 'Fe', 'Fe', 'Fe', 'Fe', 'Fe', 'Fe', 'Fe', 'Fe', 'Fe']","[3.6317843125881055e-06, 9.932031159250924e-07, 1.2597445096327265e-08, 1.1426500304960905e-08, 7.432996754445176e-09, 3.5093809384889075e-09, 3.453626846418325e-09, 1.087423396082068e-09, 7.964899093326971e-10, 2.79846421660667e-10, 8.682915133148982e-11, 8.652262328949715e-12]",4.665666619594574e-06
"('ecoinvent-3.12-biosphere', 'ce9635e1-8291-592b-a8c3-cead3a096f8e')",Ethephon,"['P', 'P', 'P', 'P', 'P']","[-1.7665681060207607e-13, -6.976967243375964e-17, 0.0, 0.0, 0.0]",-1.7672658027450982e-13
"('ecoinvent-3.12-biosphere', 'cf88e72e-13bc-416c-ac41-7d4b24bda86a')",Lithium I,"['Li', 'Li', 'Li', 'Li', 'Li', 'Li']","[5.156424636435497e-06, 2.4797208438165585e-06, 1.102967619511972e-10, 1.102967619511972e-10, -5.766099501684246e-11, 1.686733408388811e-12]",7.63631009951435e-06
"('ecoinvent-3.12-biosphere', 'd05f3321-5794-5b5e-b05e-831412c615f9')",Chlorpyrifos,"['P', 'P', 'P', 'P', 'P', 'P']","[1.2991113007177118e-13, 1.9221544755503214e-14, 1.0116602502895259e-15, 3.4884836216879827e-17, 0.0, 0.0]",1.501792199137808e-13
"('ecoinvent-3.12-biosphere', 'd1b2f204-eace-55a0-bf8f-7048d286a27b')",Maneb,['Mn'],[7.05430105621627e-16],7.05430105621627e-16
"('ecoinvent-3.12-biosphere', 'd21e6302-aa74-56ef-93cf-48d39170130e')",Ethoprop,['P'],[7.430470114195797e-15],7.430470114195797e-15
"('ecoinvent-3.12-biosphere', 'd26099e9-c6bc-4d7f-a0bd-29c884965ba5')",Dichromate,['Cr'],[6.723962472072461e-13],6.723962472072461e-13
"('ecoinvent-3.12-biosphere', 'd26840d2-ad7a-5c5f-939d-adf11685da4e')",Zineb,['Zn'],[2.851804163096747e-13],2.851804163096747e-13
"('ecoinvent-3.12-biosphere', 'd2d93101-7555-4c77-b4b8-ddac7f6eba50')",Glyphosate,"['P', 'P', 'P', 'P', 'P', 'P', 'P']","[2.7110436507211164e-11, 5.240539636023491e-12, 1.9608417589396504e-12, 9.32820520439932e-14, 3.628022966555606e-15, 2.4419385351816418e-15, 1.0465450865063944e-16]",3.441127457022869e-11
"('ecoinvent-3.12-biosphere', 'd3e2d77e-6e07-5e44-8d52-5b2660182997')",Dimethoate,['P'],[1.814011483277781e-15],1.814011483277781e-15
"('ecoinvent-3.12-biosphere', 'd4291dd5-dae8-47fa-bf06-466fcecbc210')",Cobalt II,"['Co', 'Co', 'Co', 'Co', 'Co', 'Co', 'Co', 'Co', 'Co', 'Co', 'Co', 'Co']","[0.00596929382828228, 1.0459492006102991e-05, 4.405113353379248e-06, 3.068886441495257e-06, 1.7343554853171879e-06, 1.5303328526717172e-06, 5.964613150143722e-07, 2.475542372949169e-07, 7.291408459550982e-08, 7.093591210906292e-08, 6.831643921041718e-08, 4.476854801821316e-09]",0.005991552667264273
"('ecoinvent-3.12-biosphere', 'd49b5e5b-135d-536f-8231-81ab53f28022')",Dimethoate,['P'],[1.814011483277781e-15],1.814011483277781e-15
"('ecoinvent-3.12-biosphere', 'd5c40848-fc29-47fa-90a4-46db64a45a4e')",Tin ion,"['Sn', 'Sn', 'Sn', 'Sn', 'Sn', 'Sn', 'Sn', 'Sn', 'Sn', 'Sn', 'Sn', 'Sn']","[5.397594485698682e-06, 5.2331619447728906e-08, 3.185332343186388e-08, 1.432699112920436e-08, 6.626625726243922e-09, 5.972498479784136e-09, 4.359708950426132e-09, 4.2101028676984547e-10, 2.8967297910178125e-10, 1.9984236914696768e-10, 1.8485735983862572e-10, 0.0]",5.51416063585879e-06
"('ecoinvent-3.12-biosphere', 'd5c520e5-9191-5cce-ab6a-a47f059ccc2c')",Phosmet,['P'],[5.232725432532027e-16],5.232725432532027e-16
"('ecoinvent-3.12-biosphere', 'd689f35b-5ebf-4b87-bb12-c4e316219275')",Maneb,['Mn'],[7.05430105621627e-16],7.05430105621627e-16
"('ecoinvent-3.12-biosphere', 'd761f94e-517d-41cf-89fa-17dc72f7a69b')",Phosphorus,"['P', 'P', 'P', 'P', 'P', 'P', 'P', 'P', 'P', 'P', 'P']","[2.445264703735171e-09, 9.164027800970033e-10, 3.650157403816444e-10, 3.3580827158634583e-10, 3.156282304010983e-11, 1.9040736651751022e-11, 8.6502532978424e-12, 4.7192555284008635e-12, 1.956516039248645e-12, 7.121041616984723e-13, 4.906552213919838e-13]",4.129623839740608e-09
"('ecoinvent-3.12-biosphere', 'd7992d1c-65ec-4523-8b32-aef139acd1f5')",Chlorpyrifos,"['P', 'P', 'P', 'P', 'P', 'P']","[1.2991113007177118e-13, 1.9221544755503214e-14, 1.0116602502895259e-15, 3.4884836216879827e-17, 0.0, 0.0]",1.501792199137808e-13
"('ecoinvent-3.12-biosphere', 'd8f3a308-175d-5582-a747-5e950f1881bf')",Lithium hexafluorophosphate,"['Li', 'P']","[3.8738374929507425e-13, -3.8373319838567967e-16]",3.8700001609668856e-13
"('ecoinvent-3.12-biosphere', 'd8f9ccf6-fd32-4348-83c0-1cee724af9ae')",Copper ion,"['Cu', 'Cu', 'Cu', 'Cu', 'Cu', 'Cu', 'Cu', 'Cu', 'Cu', 'Cu', 'Cu', 'Cu', 'Cu', 'Cu']","[8.873218481948277e-05, 5.586222330072242e-08, 5.4016979817475266e-08, 5.3597429302250315e-08, 2.9533917252733047e-08, 2.6737244750864008e-08, 1.6955211723319527e-08, 1.3542770469712779e-08, 1.1868120374080998e-08, -1.024652354468517e-08, 7.256925547357588e-09, 2.791443834354132e-09, -2.535459998039102e-11, 0.0]",8.899407520771097e-05
"('ecoinvent-3.12-biosphere', 'd93300fd-ea6a-5e77-848c-520e1b144069')",Phosphorus pentachloride,['P'],[3.104750423302362e-15],3.104750423302362e-15
"('ecoinvent-3.12-biosphere', 'd98f0ec0-bf19-4c90-a457-a8593dec497f')",Chromium III,"['Cr', 'Cr', 'Cr', 'Cr', 'Cr', 'Cr', 'Cr', 'Cr', 'Cr', 'Cr', 'Cr', 'Cr', 'Cr']","[6.72653205959205e-09, 3.9937241339442526e-10, 3.408633820673131e-10, 3.1195073589975657e-10, 2.4708898189686585e-10, 1.9346683606209427e-10, 1.228723563737164e-10, 1.200101451552876e-11, 5.9717743315023115e-12, 3.0032282552556198e-12, 3.4806393973203105e-13, 1.127742855071264e-14, 0.0]",8.363482123756791e-09
"('ecoinvent-3.12-biosphere', 'd9c23a8d-e7bf-4f70-8d22-b9ad8a653204')",Chromium III,"['Cr', 'Cr', 'Cr', 'Cr', 'Cr', 'Cr', 'Cr', 'Cr', 'Cr', 'Cr', 'Cr', 'Cr', 'Cr']","[6.72653205959205e-09, 3.9937241339442526e-10, 3.408633820673131e-10, 3.1195073589975657e-10, 2.4708898189686585e-10, 1.9346683606209427e-10, 1.228723563737164e-10, 1.200101451552876e-11, 5.9717743315023115e-12, 3.0032282552556198e-12, 3.4806393973203105e-13, 1.127742855071264e-14, 0.0]",8.363482123756791e-09
"('ecoinvent-3.12-biosphere', 'd9c25d2b-ee47-5a92-b8d3-d2af477eca60')",Zineb,['Zn'],[2.851804163096747e-13],2.851804163096747e-13
"('ecoinvent-3.12-biosphere', 'da3af31f-1d41-5895-b97e-e2ddd5c9ef0e')",Sulfosate,['P'],[1.9057586025305112e-13],1.9057586025305112e-13
"('ecoinvent-3.12-biosphere', 'db364689-e1a3-4629-8835-e6c59d6daf09')",Iron ion,"['Fe', 'Fe', 'Fe', 'Fe', 'Fe', 'Fe', 'Fe', 'Fe', 'Fe', 'Fe', 'Fe', 'Fe']","[3.6317843125881055e-06, 9.932031159250924e-07, 1.2597445096327265e-08, 1.1426500304960905e-08, 7.432996754445176e-09, 3.5093809384889075e-09, 3.453626846418325e-09, 1.087423396082068e-09, 7.964899093326971e-10, 2.79846421660667e-10, 8.682915133148982e-11, 8.652262328949715e-12]",4.665666619594574e-06
"('ecoinvent-3.12-biosphere', 'dc727951-a7e4-5999-a4b4-4e450fd742dd')",Fentin hydroxide,['Sn'],[5.141284435526106e-12],5.141284435526106e-12
"('ecoinvent-3.12-biosphere', 'dcdf7163-5c6f-5abf-be4f-a1af970c8078')",Terbufos,['P'],[1.395393448675193e-16],1.395393448675193e-16
"('ecoinvent-3.12-biosphere', 'dcedc211-8daa-49ac-82a9-ce60a22d9b43')",Phosphorus trichloride,"['P', 'P', 'P']","[4.046641001158159e-15, 0.0, 0.0]",4.046641001158159e-15
"('ecoinvent-3.12-biosphere', 'dd7748c9-be28-4c89-b8b1-ed5ac14599a2')",Malathion,['P'],[-1.1511995951569552e-14],-1.1511995951569552e-14
"('ecoinvent-3.12-biosphere', 'de444dc0-5964-4501-8367-50ba53bfc6b9')",Iron ion,"['Fe', 'Fe', 'Fe', 'Fe', 'Fe', 'Fe', 'Fe', 'Fe', 'Fe', 'Fe', 'Fe', 'Fe']","[3.6317843125881055e-06, 9.932031159250924e-07, 1.2597445096327265e-08, 1.1426500304960905e-08, 7.432996754445176e-09, 3.5093809384889075e-09, 3.453626846418325e-09, 1.087423396082068e-09, 7.964899093326971e-10, 2.79846421660667e-10, 8.682915133148982e-11, 8.652262328949715e-12]",4.665666619594574e-06
"('ecoinvent-3.12-biosphere', 'e0336c9b-a0ff-4ae3-b8bb-ca1e46bbbc11')",Chromium III,"['Cr', 'Cr', 'Cr', 'Cr', 'Cr', 'Cr', 'Cr', 'Cr', 'Cr', 'Cr', 'Cr', 'Cr', 'Cr']","[6.72653205959205e-09, 3.9937241339442526e-10, 3.408633820673131e-10, 3.1195073589975657e-10, 2.4708898189686585e-10, 1.9346683606209427e-10, 1.228723563737164e-10, 1.200101451552876e-11, 5.9717743315023115e-12, 3.0032282552556198e-12, 3.4806393973203105e-13, 1.127742855071264e-14, 0.0]",8.363482123756791e-09
"('ecoinvent-3.12-biosphere', 'e0401210-0377-4670-84af-12247ca20bed')",Aluminium III,"['Al', 'Al', 'Al', 'Al', 'Al', 'Al', 'Al', 'Al', 'Al', 'Al', 'Al', 'Al']","[0.0023183730268120472, 3.6076957316809366e-05, 7.931173862159367e-06, 4.4718795267014474e-06, 2.8179677556202233e-06, 2.4045334718863272e-06, 1.8473233110460126e-06, 1.1898956729826825e-06, 1.0121206767511444e-06, 7.499307468922807e-08, 3.910458894483003e-08, 3.0882063383452275e-09]",0.0023762420642759767
"('ecoinvent-3.12-biosphere', 'e070bd24-fd16-4963-8f4d-78bb4c402400')",Tin ion,"['Sn', 'Sn', 'Sn', 'Sn', 'Sn', 'Sn', 'Sn', 'Sn', 'Sn', 'Sn', 'Sn', 'Sn']","[5.397594485698682e-06, 5.2331619447728906e-08, 3.185332343186388e-08, 1.432699112920436e-08, 6.626625726243922e-09, 5.972498479784136e-09, 4.359708950426132e-09, 4.2101028676984547e-10, 2.8967297910178125e-10, 1.9984236914696768e-10, 1.8485735983862572e-10, 0.0]",5.51416063585879e-06
"('ecoinvent-3.12-biosphere', 'e142b577-e934-4085-9a07-3983d4d92afb')",Chromium III,"['Cr', 'Cr', 'Cr', 'Cr', 'Cr', 'Cr', 'Cr', 'Cr', 'Cr', 'Cr', 'Cr', 'Cr', 'Cr']","[6.72653205959205e-09, 3.9937241339442526e-10, 3.408633820673131e-10, 3.1195073589975657e-10, 2.4708898189686585e-10, 1.9346683606209427e-10, 1.228723563737164e-10, 1.200101451552876e-11, 5.9717743315023115e-12, 3.0032282552556198e-12, 3.4806393973203105e-13, 1.127742855071264e-14, 0.0]",8.363482123756791e-09
"('ecoinvent-3.12-biosphere', 'e157e3dd-88b9-4256-ab2e-ff82e7b8d088')",Glyphosate,"['P', 'P', 'P', 'P', 'P', 'P', 'P']","[2.7110436507211164e-11, 5.240539636023491e-12, 1.9608417589396504e-12, 9.32820520439932e-14, 3.628022966555606e-15, 2.4419385351816418e-15, 1.0465450865063944e-16]",3.441127457022869e-11
"('ecoinvent-3.12-biosphere', 'e27cd09b-b06e-5aec-9886-49d1cdad1e77')",Ethephon,"['P', 'P', 'P', 'P', 'P']","[-1.7665681060207607e-13, -6.976967243375964e-17, 0.0, 0.0, 0.0]",-1.7672658027450982e-13
"('ecoinvent-3.12-biosphere', 'e2afdc42-58a6-58c0-9fd8-9e6a824042f3')",Acephate,"['P', 'P', 'P', 'P', 'P']","[1.21946921964316e-12, 3.460226904360109e-13, 1.7128454582489875e-14, 4.221065182242602e-15, -3.488483621687998e-17]",1.5868065450076863e-12
"('ecoinvent-3.12-biosphere', 'e2d35af7-9806-46ff-9b75-b124a48fa5a1')",Phosphorus,"['P', 'P', 'P', 'P', 'P', 'P', 'P', 'P', 'P', 'P', 'P']","[2.445264703735171e-09, 9.164027800970033e-10, 3.650157403816444e-10, 3.3580827158634583e-10, 3.156282304010983e-11, 1.9040736651751022e-11, 8.6502532978424e-12, 4.7192555284008635e-12, 1.956516039248645e-12, 7.121041616984723e-13, 4.906552213919838e-13]",4.129623839740608e-09
"('ecoinvent-3.12-biosphere', 'e336eee7-148a-4d1c-8027-780cbfafa12b')",Copper ion,"['Cu', 'Cu', 'Cu', 'Cu', 'Cu', 'Cu', 'Cu', 'Cu', 'Cu', 'Cu', 'Cu', 'Cu', 'Cu', 'Cu']","[8.873218481948277e-05, 5.586222330072242e-08, 5.4016979817475266e-08, 5.3597429302250315e-08, 2.9533917252733047e-08, 2.6737244750864008e-08, 1.6955211723319527e-08, 1.3542770469712779e-08, 1.1868120374080998e-08, -1.024652354468517e-08, 7.256925547357588e-09, 2.791443834354132e-09, -2.535459998039102e-11, 0.0]",8.899407520771097e-05
"('ecoinvent-3.12-biosphere', 'e34d3da4-a3d5-41be-84b5-458afe32c990')",Chromium III,"['Cr', 'Cr', 'Cr', 'Cr', 'Cr', 'Cr', 'Cr', 'Cr', 'Cr', 'Cr', 'Cr', 'Cr', 'Cr']","[6.72653205959205e-09, 3.9937241339442526e-10, 3.408633820673131e-10, 3.1195073589975657e-10, 2.4708898189686585e-10, 1.9346683606209427e-10, 1.228723563737164e-10, 1.200101451552876e-11, 5.9717743315023115e-12, 3.0032282552556198e-12, 3.4806393973203105e-13, 1.127742855071264e-14, 0.0]",8.363482123756791e-09
"('ecoinvent-3.12-biosphere', 'e43a270f-4f88-4789-a0b8-7aba56677743')",Nickel II,"['Ni', 'Ni', 'Ni', 'Ni', 'Ni', 'Ni', 'Ni', 'Ni', 'Ni', 'Ni', 'Ni', 'Ni', 'Ni', 'Ni']","[8.610646992302025e-05, 1.9371369374595667e-07, 1.8619807852443704e-07, 1.1735799150306382e-07, 2.4810880342319532e-08, 2.3980323853106783e-08, 1.441646077445021e-08, 1.1799758986064122e-08, 5.369703836523154e-09, -1.312055482791985e-09, 9.419728361492876e-10, 4.713221329817012e-10, 1.1385026326299324e-11, 0.0]",8.668422943909884e-05
"('ecoinvent-3.12-biosphere', 'e4709075-05f1-5850-a5e2-4c7250406acf')",Phosphine,['P'],[-3.139635259519197e-16],-3.139635259519197e-16
"('ecoinvent-3.12-biosphere', 'e5341dca-5831-5bf1-8d1b-e7bef2b17d9b')",Mancozeb,"['Mn', 'Zn', 'Mn', 'Zn', 'Mn', 'Zn', 'Mn', 'Zn', 'Mn', 'Zn', 'Mn', 'Zn']","[9.401459407602422e-13, 1.4127811046544678e-11, 3.0185995519598294e-13, 4.535774438284096e-12, 1.1607531737955208e-14, 1.76062088003384e-13, 1.6673802496511103e-15, 2.6108066281869285e-14, 5.130400768157293e-16, 8.03325116365204e-15, 0.0, 0.0]",2.0129582738298324e-11
"('ecoinvent-3.12-biosphere', 'e65a9c58-21f1-48b6-b738-d05a8f10e5f3')",Chromium III,"['Cr', 'Cr', 'Cr', 'Cr', 'Cr', 'Cr', 'Cr', 'Cr', 'Cr', 'Cr', 'Cr', 'Cr', 'Cr']","[6.72653205959205e-09, 3.9937241339442526e-10, 3.408633820673131e-10, 3.1195073589975657e-10, 2.4708898189686585e-10, 1.9346683606209427e-10, 1.228723563737164e-10, 1.200101451552876e-11, 5.9717743315023115e-12, 3.0032282552556198e-12, 3.4806393973203105e-13, 1.127742855071264e-14, 0.0]",8.363482123756791e-09
"('ecoinvent-3.12-biosphere', 'e732d6dc-d502-4e03-8a5e-6c2644136b5f')",Ethephon,"['P', 'P', 'P', 'P', 'P']","[-1.7665681060207607e-13, -6.976967243375964e-17, 0.0, 0.0, 0.0]",-1.7672658027450982e-13
"('ecoinvent-3.12-biosphere', 'e7881581-21b3-4f5c-bd63-6b0684b5e712')",Chromium III,"['Cr', 'Cr', 'Cr', 'Cr', 'Cr', 'Cr', 'Cr', 'Cr', 'Cr', 'Cr', 'Cr', 'Cr', 'Cr']","[6.72653205959205e-09, 3.9937241339442526e-10, 3.408633820673131e-10, 3.1195073589975657e-10, 2.4708898189686585e-10, 1.9346683606209427e-10, 1.228723563737164e-10, 1.200101451552876e-11, 5.9717743315023115e-12, 3.0032282552556198e-12, 3.4806393973203105e-13, 1.127742855071264e-14, 0.0]",8.363482123756791e-09
"('ecoinvent-3.12-biosphere', 'e8bd2edd-f937-49f6-9e8b-9f445278775e')",Iron ion,"['Fe', 'Fe', 'Fe', 'Fe', 'Fe', 'Fe', 'Fe', 'Fe', 'Fe', 'Fe', 'Fe', 'Fe']","[3.6317843125881055e-06, 9.932031159250924e-07, 1.2597445096327265e-08, 1.1426500304960905e-08, 7.432996754445176e-09, 3.5093809384889075e-09, 3.453626846418325e-09, 1.087423396082068e-09, 7.964899093326971e-10, 2.79846421660667e-10, 8.682915133148982e-11, 8.652262328949715e-12]",4.665666619594574e-06
"('ecoinvent-3.12-biosphere', 'e8fc62ba-678e-4706-97d2-b79d83e227d5')",Nickel II,"['Ni', 'Ni', 'Ni', 'Ni', 'Ni', 'Ni', 'Ni', 'Ni', 'Ni', 'Ni', 'Ni', 'Ni', 'Ni', 'Ni']","[8.610646992302025e-05, 1.9371369374595667e-07, 1.8619807852443704e-07, 1.1735799150306382e-07, 2.4810880342319532e-08, 2.3980323853106783e-08, 1.441646077445021e-08, 1.1799758986064122e-08, 5.369703836523154e-09, -1.312055482791985e-09, 9.419728361492876e-10, 4.713221329817012e-10, 1.1385026326299324e-11, 0.0]",8.668422943909884e-05
"('ecoinvent-3.12-biosphere', 'e98084d6-88a2-48cf-9ad5-6462fe9cf857')",Lithium I,"['Li', 'Li', 'Li', 'Li', 'Li', 'Li']","[5.156424636435497e-06, 2.4797208438165585e-06, 1.102967619511972e-10, 1.102967619511972e-10, -5.766099501684246e-11, 1.686733408388811e-12]",7.63631009951435e-06
"('ecoinvent-3.12-biosphere', 'e9e856c2-868e-435e-8425-8df1c9297cfc')",Lead II,"['Pb', 'Pb', 'Pb', 'Pb', 'Pb', 'Pb', 'Pb', 'Pb', 'Pb', 'Pb', 'Pb', 'Pb', 'Pb', 'Pb']","[5.168238383359356e-07, 1.790676616211187e-08, 1.0102341138803356e-08, 4.7466812925137975e-09, 2.0843216342223762e-09, 1.3237048630267223e-09, 8.392027549723558e-10, 4.876570074171105e-10, 4.408286602853388e-10, 1.479224965813368e-10, 9.611608031448702e-11, 6.813587515777365e-11, 1.201142693639195e-13, 3.3787417542589663e-16]",5.550676367534857e-07
"('ecoinvent-3.12-biosphere', 'ea4e9316-5080-4b3b-bbf3-1949f6d7577a')",Phosphorus,"['P', 'P', 'P', 'P', 'P', 'P', 'P', 'P', 'P', 'P', 'P']","[2.445264703735171e-09, 9.164027800970033e-10, 3.650157403816444e-10, 3.3580827158634583e-10, 3.156282304010983e-11, 1.9040736651751022e-11, 8.6502532978424e-12, 4.7192555284008635e-12, 1.956516039248645e-12, 7.121041616984723e-13, 4.906552213919838e-13]",4.129623839740608e-09
"('ecoinvent-3.12-biosphere', 'eb2bfdf1-1881-40e8-bebb-d674b2a79149')",Lithium I,"['Li', 'Li', 'Li', 'Li', 'Li', 'Li']","[5.156424636435497e-06, 2.4797208438165585e-06, 1.102967619511972e-10, 1.102967619511972e-10, -5.766099501684246e-11, 1.686733408388811e-12]",7.63631009951435e-06
"('ecoinvent-3.12-biosphere', 'eb6c55f2-a070-5e4b-a985-5e4b69013561')",Glufosinate,"['P', 'P', 'P', 'P']","[4.883877070363223e-16, 0.0, 0.0, 0.0]",4.883877070363223e-16
"('ecoinvent-3.12-biosphere', 'eb8b2c6c-d8f6-50ed-b1de-35328da94a55')",Phosphine,['P'],[-3.139635259519197e-16],-3.139635259519197e-16
"('ecoinvent-3.12-biosphere', 'ebb88ef4-50ab-4e3b-9251-c5fcdf6b4768')",Silver I,"['Ag', 'Ag', 'Ag', 'Ag', 'Ag', 'Ag', 'Ag', 'Ag', 'Ag', 'Ag', 'Ag', 'Ag']","[0.06668750281674578, 0.0005376578613891086, 0.00023286073022878685, 0.00015392664355685324, 9.767551700899427e-05, 1.1337362037548993e-05, 6.527895600830674e-06, 5.342813212076447e-06, 4.90179858310077e-06, 6.874460613170756e-07, 3.4468236581888795e-08, -6.093956860534905e-10]",0.06773845474326529
"('ecoinvent-3.12-biosphere', 'ec363ffc-e8cb-52f6-a81e-fcff10452889')",Tebupirimfos,['P'],[3.4884836216879827e-17],3.4884836216879827e-17
"('ecoinvent-3.12-biosphere', 'ec8144d6-d123-43b1-9c17-a295422a0498')",Copper ion,"['Cu', 'Cu', 'Cu', 'Cu', 'Cu', 'Cu', 'Cu', 'Cu', 'Cu', 'Cu', 'Cu', 'Cu', 'Cu', 'Cu']","[8.873218481948277e-05, 5.586222330072242e-08, 5.4016979817475266e-08, 5.3597429302250315e-08, 2.9533917252733047e-08, 2.6737244750864008e-08, 1.6955211723319527e-08, 1.3542770469712779e-08, 1.1868120374080998e-08, -1.024652354468517e-08, 7.256925547357588e-09, 2.791443834354132e-09, -2.535459998039102e-11, 0.0]",8.899407520771097e-05
"('ecoinvent-3.12-biosphere', 'ed975027-d31b-429b-ae6b-70b70df7bf5b')",Phosphine,['P'],[-3.139635259519197e-16],-3.139635259519197e-16
"('ecoinvent-3.12-biosphere', 'eea2333c-e19f-5161-b39d-760cb216d8af')",Zineb,['Zn'],[2.851804163096747e-13],2.851804163096747e-13
"('ecoinvent-3.12-biosphere', 'ef475b50-9cd0-4e7c-9c59-07868fe16e91')",Chromium VI,"['Cr', 'Cr', 'Cr', 'Cr', 'Cr', 'Cr', 'Cr', 'Cr', 'Cr']","[1.6213910085281205e-07, 3.4487908297918737e-09, 3.127273421191691e-10, 1.7592353752591147e-10, 7.571341909580967e-11, 1.1671452096342727e-11, 2.6590215229896924e-12, 4.592365035020119e-13, 1.6344099348860866e-16]",1.6616704585490867e-07
"('ecoinvent-3.12-biosphere', 'f0d1c319-249f-4a89-b0e7-3a5a90a54036')",Cobalt II,"['Co', 'Co', 'Co', 'Co', 'Co', 'Co', 'Co', 'Co', 'Co', 'Co', 'Co', 'Co']","[0.00596929382828228, 1.0459492006102991e-05, 4.405113353379248e-06, 3.068886441495257e-06, 1.7343554853171879e-06, 1.5303328526717172e-06, 5.964613150143722e-07, 2.475542372949169e-07, 7.291408459550982e-08, 7.093591210906292e-08, 6.831643921041718e-08, 4.476854801821316e-09]",0.005991552667264273
"('ecoinvent-3.12-biosphere', 'f0e28a62-ddf9-4c93-af81-676a58c3f2d4')",Cobalt II,"['Co', 'Co', 'Co', 'Co', 'Co', 'Co', 'Co', 'Co', 'Co', 'Co', 'Co', 'Co']","[0.00596929382828228, 1.0459492006102991e-05, 4.405113353379248e-06, 3.068886441495257e-06, 1.7343554853171879e-06, 1.5303328526717172e-06, 5.964613150143722e-07, 2.475542372949169e-07, 7.291408459550982e-08, 7.093591210906292e-08, 6.831643921041718e-08, 4.476854801821316e-09]",0.005991552667264273
"('ecoinvent-3.12-biosphere', 'f4cf8d5c-f030-4b55-a3af-e3c20b855ee8')",Antimony ion,"['Sb', 'Sb', 'Sb', 'Sb', 'Sb', 'Sb', 'Sb', 'Sb', 'Sb', 'Sb', 'Sb', 'Sb']","[8.141689583259605e-06, 1.224969972412562e-06, 2.7054136458172466e-07, 1.3295850158656297e-07, 1.2689784271685236e-07, 7.899424969388019e-09, 4.462194251727944e-09, 2.8823268408214916e-09, 2.039995453873888e-09, 5.841848075495936e-10, 2.746121330989961e-10, 1.4694627221979315e-11]",9.915214697640992e-06
"('ecoinvent-3.12-biosphere', 'f532985c-90b7-46fc-aac9-b039b40e22f1')",Manganese II,"['Mn', 'Mn', 'Mn', 'Mn', 'Mn', 'Mn', 'Mn', 'Mn', 'Mn', 'Mn', 'Mn', 'Mn']","[4.368327605780774e-06, 2.92085394449423e-08, 1.1200492465317252e-08, 2.176452065164836e-09, 8.769964750206656e-10, 5.529563888464538e-10, 4.5631368335235096e-10, 3.276202740667731e-10, 2.6719024555521577e-10, 8.853205538495002e-11, 2.1823955305155734e-11, 1.3894856789427909e-11]",4.4135184176905194e-06
"('ecoinvent-3.12-biosphere', 'f563b90e-a300-4403-b278-d2fdcd73e5a7')",Tin ion,"['Sn', 'Sn', 'Sn', 'Sn', 'Sn', 'Sn', 'Sn', 'Sn', 'Sn', 'Sn', 'Sn', 'Sn']","[5.397594485698682e-06, 5.2331619447728906e-08, 3.185332343186388e-08, 1.432699112920436e-08, 6.626625726243922e-09, 5.972498479784136e-09, 4.359708950426132e-09, 4.2101028676984547e-10, 2.8967297910178125e-10, 1.9984236914696768e-10, 1.8485735983862572e-10, 0.0]",5.51416063585879e-06
"('ecoinvent-3.12-biosphere', 'f714e13b-86ef-4cd2-8248-2495f1a2d2e4')",Sodium dichromate,['Cr'],[5.328012946428071e-12],5.328012946428071e-12
"('ecoinvent-3.12-biosphere', 'f73177d8-5e57-4f0d-ba34-6889cfdfed40')",Tin ion,"['Sn', 'Sn', 'Sn', 'Sn', 'Sn', 'Sn', 'Sn', 'Sn', 'Sn', 'Sn', 'Sn', 'Sn']","[5.397594485698682e-06, 5.2331619447728906e-08, 3.185332343186388e-08, 1.432699112920436e-08, 6.626625726243922e-09, 5.972498479784136e-09, 4.359708950426132e-09, 4.2101028676984547e-10, 2.8967297910178125e-10, 1.9984236914696768e-10, 1.8485735983862572e-10, 0.0]",5.51416063585879e-06
"('ecoinvent-3.12-biosphere', 'f76e7b4f-5a39-4bda-a91c-35a0ee2d3773')",Glufosinate ammonium,['P'],[2.552174617631178e-13],2.552174617631178e-13
"('ecoinvent-3.12-biosphere', 'f8dacb2c-6b05-5aa1-8fc8-40cda8bfc188')",Dimethoate,['P'],[1.814011483277781e-15],1.814011483277781e-15
"('ecoinvent-3.12-biosphere', 'fa39136e-1ef6-43c1-af68-104da104568d')",Antimony ion,"['Sb', 'Sb', 'Sb', 'Sb', 'Sb', 'Sb', 'Sb', 'Sb', 'Sb', 'Sb', 'Sb', 'Sb']","[8.141689583259605e-06, 1.224969972412562e-06, 2.7054136458172466e-07, 1.3295850158656297e-07, 1.2689784271685236e-07, 7.899424969388019e-09, 4.462194251727944e-09, 2.8823268408214916e-09, 2.039995453873888e-09, 5.841848075495936e-10, 2.746121330989961e-10, 1.4694627221979315e-11]",9.915214697640992e-06
"('ecoinvent-3.12-biosphere', 'fba3ef86-de65-4079-868d-8b6438d46092')",Phosphine,['P'],[-3.139635259519197e-16],-3.139635259519197e-16
"('ecoinvent-3.12-biosphere', 'fcb2c9ff-4a23-53f1-8eb6-93fbd007ac78')",Fentin hydroxide,['Sn'],[5.141284435526106e-12],5.141284435526106e-12
"('ecoinvent-3.12-biosphere', 'fce0b9ae-53c8-4ab0-9e7a-7f5c2ed2c856')",Silver I,"['Ag', 'Ag', 'Ag', 'Ag', 'Ag', 'Ag', 'Ag', 'Ag', 'Ag', 'Ag', 'Ag', 'Ag']","[0.06668750281674578, 0.0005376578613891086, 0.00023286073022878685, 0.00015392664355685324, 9.767551700899427e-05, 1.1337362037548993e-05, 6.527895600830674e-06, 5.342813212076447e-06, 4.90179858310077e-06, 6.874460613170756e-07, 3.4468236581888795e-08, -6.093956860534905e-10]",0.06773845474326529
"('ecoinvent-3.12-biosphere', 'fcead97d-e6b1-511e-b833-910533410b3a')",Glufosinate ammonium,['P'],[2.552174617631178e-13],2.552174617631178e-13
"('ecoinvent-3.12-biosphere', 'fd153f15-1d16-410a-91fa-04d205e36c43')",Copper ion,"['Cu', 'Cu', 'Cu', 'Cu', 'Cu', 'Cu', 'Cu', 'Cu', 'Cu', 'Cu', 'Cu', 'Cu', 'Cu', 'Cu']","[8.873218481948277e-05, 5.586222330072242e-08, 5.4016979817475266e-08, 5.3597429302250315e-08, 2.9533917252733047e-08, 2.6737244750864008e-08, 1.6955211723319527e-08, 1.3542770469712779e-08, 1.1868120374080998e-08, -1.024652354468517e-08, 7.256925547357588e-09, 2.791443834354132e-09, -2.535459998039102e-11, 0.0]",8.899407520771097e-05
"('ecoinvent-3.12-biosphere', 'fdaaef05-0d10-4032-b2e7-85cae3c7bd5c')",Molybdenum VI,"['Mo', 'Mo', 'Mo', 'Mo', 'Mo', 'Mo', 'Mo', 'Mo', 'Mo', 'Mo', 'Mo', 'Mo']","[0.0021296400823962508, 0.0002884894382590839, 8.379439134927995e-05, 5.8847683311108025e-06, 5.438734356256969e-06, 1.7359601186931967e-06, 1.0585022869161254e-06, 1.8803661006189264e-07, 3.6045734660090154e-08, 2.4103824637210742e-08, 7.098134161971401e-09, 6.972354907684351e-09]",0.002516304133756021
"('ecoinvent-3.12-biosphere', 'fe4613d7-1ed8-427d-9b06-c8e8f4f5e1b1')",Lead II,"['Pb', 'Pb', 'Pb', 'Pb', 'Pb', 'Pb', 'Pb', 'Pb', 'Pb', 'Pb', 'Pb', 'Pb', 'Pb', 'Pb']","[5.168238383359356e-07, 1.790676616211187e-08, 1.0102341138803356e-08, 4.7466812925137975e-09, 2.0843216342223762e-09, 1.3237048630267223e-09, 8.392027549723558e-10, 4.876570074171105e-10, 4.408286602853388e-10, 1.479224965813368e-10, 9.611608031448702e-11, 6.813587515777365e-11, 1.201142693639195e-13, 3.3787417542589663e-16]",5.550676367534857e-07
"('ecoinvent-3.12-biosphere', 'ff5b7e31-3118-40f5-9b82-f65018442d77')",Dichromate,['Cr'],[6.723962472072461e-13],6.723962472072461e-13
"('ecoinvent-3.12-biosphere', 'ff65658c-2d39-44a2-b23e-7ec3c644f064')",Aluminium III,"['Al', 'Al', 'Al', 'Al', 'Al', 'Al', 'Al', 'Al', 'Al', 'Al', 'Al', 'Al']","[0.0023183730268120472, 3.6076957316809366e-05, 7.931173862159367e-06, 4.4718795267014474e-06, 2.8179677556202233e-06, 2.4045334718863272e-06, 1.8473233110460126e-06, 1.1898956729826825e-06, 1.0121206767511444e-06, 7.499307468922807e-08, 3.910458894483003e-08, 3.0882063383452275e-09]",0.0023762420642759767
"('ecoinvent-3.12-biosphere', 'ffd4f15e-b80e-5a44-b5c9-d8cdbeffe3bf')",Phosphine,['P'],[-3.139635259519197e-16],-3.139635259519197e-16
