Flow_Name,Flow_Key,Metal,Delta_g_Total,Delta_g_Metal,Metal_Fraction,CF_Metal,CF_Total,grade_source,Mineral,f_mineral_me,Delta_g_Mineral,Mineral_Fraction,CF_Mineral,xi_Mineral,xf_Mineral,xm_Mineral,ERC,CF2
Aluminium,"('ecoinvent-3.4-biosphere', '7880e65c-0321-4295-ba55-3186ad36e489')",Al,5.6832291896622894e-05,5.6832291896622894e-05,1.0,6.422536676269254e-14,6.422536676269254e-14,stoichiometric,Bauxite (Gibbsite),2.8930041152263373,0.00016441605433467445,2.8930041152263373,1.8580425034639034e-13,0.08399573257467995,0.08383131652034527,0.95,0.019362086398073693,0.019362086398073693
Aluminium,"('ecoinvent-3.4-biosphere', '46e63323-cffd-4c46-829b-5f006b50fa9b')",Al,5.6832291896622894e-05,5.6832291896622894e-05,1.0,6.422536676269254e-14,6.422536676269254e-14,stoichiometric,Bauxite (Gibbsite),2.8930041152263373,0.00016441605433467445,2.8930041152263373,1.8580425034639034e-13,0.08399573257467995,0.08383131652034527,0.95,0.019362086398073693,0.019362086398073693
Aluminium,"('ecoinvent-3.4-biosphere', '39555a26-d28b-425f-993f-e8770ab7d9cf')",Al,5.6832291896622894e-05,5.6832291896622894e-05,1.0,6.422536676269254e-14,6.422536676269254e-14,stoichiometric,Bauxite (Gibbsite),2.8930041152263373,0.00016441605433467445,2.8930041152263373,1.8580425034639034e-13,0.08399573257467995,0.08383131652034527,0.95,0.019362086398073693,0.019362086398073693
Aluminium,"('ecoinvent-3.4-biosphere', 'd96403bf-902e-4b7a-8ffd-32fe09e4017f')",Al,5.6832291896622894e-05,5.6832291896622894e-05,1.0,6.422536676269254e-14,6.422536676269254e-14,stoichiometric,Bauxite (Gibbsite),2.8930041152263373,0.00016441605433467445,2.8930041152263373,1.8580425034639034e-13,0.08399573257467995,0.08383131652034527,0.95,0.019362086398073693,0.019362086398073693
Aluminium,"('ecoinvent-3.4-biosphere', '0ace7678-a181-48e8-8728-d912a8b56c57')",Al,5.6832291896622894e-05,5.6832291896622894e-05,1.0,6.422536676269254e-14,6.422536676269254e-14,stoichiometric,Bauxite (Gibbsite),2.8930041152263373,0.00016441605433467445,2.8930041152263373,1.8580425034639034e-13,0.08399573257467995,0.08383131652034527,0.95,0.019362086398073693,0.019362086398073693
Aluminium,"('ecoinvent-3.4-biosphere', '9c3bd678-1b2f-4b95-a245-d5c8a3fe326b')",Al,5.6832291896622894e-05,5.6832291896622894e-05,1.0,6.422536676269254e-14,6.422536676269254e-14,stoichiometric,Bauxite (Gibbsite),2.8930041152263373,0.00016441605433467445,2.8930041152263373,1.8580425034639034e-13,0.08399573257467995,0.08383131652034527,0.95,0.019362086398073693,0.019362086398073693
Aluminium,"('ecoinvent-3.4-biosphere', '01056d4b-f9b0-4dfc-b8d9-8407c8376efb')",Al,5.6832291896622894e-05,5.6832291896622894e-05,1.0,6.422536676269254e-14,6.422536676269254e-14,stoichiometric,Bauxite (Gibbsite),2.8930041152263373,0.00016441605433467445,2.8930041152263373,1.8580425034639034e-13,0.08399573257467995,0.08383131652034527,0.95,0.019362086398073693,0.019362086398073693
Aluminium,"('ecoinvent-3.4-biosphere', '765546a9-b056-4d27-ad14-2f016511bdcb')",Al,5.6832291896622894e-05,5.6832291896622894e-05,1.0,6.422536676269254e-14,6.422536676269254e-14,stoichiometric,Bauxite (Gibbsite),2.8930041152263373,0.00016441605433467445,2.8930041152263373,1.8580425034639034e-13,0.08399573257467995,0.08383131652034527,0.95,0.019362086398073693,0.019362086398073693
Aluminium,"('ecoinvent-3.4-biosphere', '6f0b8b7c-3888-4174-b7e3-916d42d678ee')",Al,5.6832291896622894e-05,5.6832291896622894e-05,1.0,6.422536676269254e-14,6.422536676269254e-14,stoichiometric,Bauxite (Gibbsite),2.8930041152263373,0.00016441605433467445,2.8930041152263373,1.8580425034639034e-13,0.08399573257467995,0.08383131652034527,0.95,0.019362086398073693,0.019362086398073693
Aluminium,"('ecoinvent-3.4-biosphere', '2e0c9efa-d55c-49db-8be3-0376d5921ff4')",Al,5.6832291896622894e-05,5.6832291896622894e-05,1.0,6.422536676269254e-14,6.422536676269254e-14,stoichiometric,Bauxite (Gibbsite),2.8930041152263373,0.00016441605433467445,2.8930041152263373,1.8580425034639034e-13,0.08399573257467995,0.08383131652034527,0.95,0.019362086398073693,0.019362086398073693
Aluminium,"('ecoinvent-3.4-biosphere', '97e498ec-f323-4ec6-bcc0-d8a4c853bae3')",Al,5.6832291896622894e-05,5.6832291896622894e-05,1.0,6.422536676269254e-14,6.422536676269254e-14,stoichiometric,Bauxite (Gibbsite),2.8930041152263373,0.00016441605433467445,2.8930041152263373,1.8580425034639034e-13,0.08399573257467995,0.08383131652034527,0.95,0.019362086398073693,0.019362086398073693
Aluminium,"('ecoinvent-3.4-biosphere', 'e0401210-0377-4670-84af-12247ca20bed')",Al,5.6832291896622894e-05,5.6832291896622894e-05,1.0,6.422536676269254e-14,6.422536676269254e-14,stoichiometric,Bauxite (Gibbsite),2.8930041152263373,0.00016441605433467445,2.8930041152263373,1.8580425034639034e-13,0.08399573257467995,0.08383131652034527,0.95,0.019362086398073693,0.019362086398073693
Aluminium,"('ecoinvent-3.4-biosphere', 'ff65658c-2d39-44a2-b23e-7ec3c644f064')",Al,5.6832291896622894e-05,5.6832291896622894e-05,1.0,6.422536676269254e-14,6.422536676269254e-14,stoichiometric,Bauxite (Gibbsite),2.8930041152263373,0.00016441605433467445,2.8930041152263373,1.8580425034639034e-13,0.08399573257467995,0.08383131652034527,0.95,0.019362086398073693,0.019362086398073693
Aluminium,"('ecoinvent-3.4-biosphere', '2baa4381-b781-4f5e-90de-508b0fa3fd1f')",Al,5.6832291896622894e-05,5.6832291896622894e-05,1.0,6.422536676269254e-14,6.422536676269254e-14,stoichiometric,Bauxite (Gibbsite),2.8930041152263373,0.00016441605433467445,2.8930041152263373,1.8580425034639034e-13,0.08399573257467995,0.08383131652034527,0.95,0.019362086398073693,0.019362086398073693
Manganese,"('ecoinvent-3.4-biosphere', '6b7fbea6-4a86-40f9-954d-3c9b3611abfd')",Mn,8.139286085107526e-06,8.139286085107526e-06,1.0,6.485008032108113e-14,6.485008032108113e-14,stoichiometric,Pyrolusite,1.5822784810126582,1.2878617223271402e-05,1.5822784810126582,1.0261088658398912e-13,0.199712,0.19969912138277673,0.6709603911825677,7.475906290097071e-06,7.475906290097071e-06
Manganese,"('ecoinvent-3.4-biosphere', '44f28e11-061d-44fd-8f25-dc62a9f1fa57')",Mn,8.139286085107526e-06,8.139286085107526e-06,1.0,6.485008032108113e-14,6.485008032108113e-14,stoichiometric,Pyrolusite,1.5822784810126582,1.2878617223271402e-05,1.5822784810126582,1.0261088658398912e-13,0.199712,0.19969912138277673,0.6709603911825677,7.475906290097071e-06,7.475906290097071e-06
Manganese,"('ecoinvent-3.4-biosphere', '9c706cff-cb82-4207-a589-95896e04dc08')",Mn,8.139286085107526e-06,8.139286085107526e-06,1.0,6.485008032108113e-14,6.485008032108113e-14,stoichiometric,Pyrolusite,1.5822784810126582,1.2878617223271402e-05,1.5822784810126582,1.0261088658398912e-13,0.199712,0.19969912138277673,0.6709603911825677,7.475906290097071e-06,7.475906290097071e-06
Manganese,"('ecoinvent-3.4-biosphere', '9ba8c05d-1593-45a5-8d3b-5c4f3e9fef32')",Mn,8.139286085107526e-06,8.139286085107526e-06,1.0,6.485008032108113e-14,6.485008032108113e-14,stoichiometric,Pyrolusite,1.5822784810126582,1.2878617223271402e-05,1.5822784810126582,1.0261088658398912e-13,0.199712,0.19969912138277673,0.6709603911825677,7.475906290097071e-06,7.475906290097071e-06
Manganese,"('ecoinvent-3.4-biosphere', '835d0907-a668-4d92-b6b6-7b56fa343713')",Mn,8.139286085107526e-06,8.139286085107526e-06,1.0,6.485008032108113e-14,6.485008032108113e-14,stoichiometric,Pyrolusite,1.5822784810126582,1.2878617223271402e-05,1.5822784810126582,1.0261088658398912e-13,0.199712,0.19969912138277673,0.6709603911825677,7.475906290097071e-06,7.475906290097071e-06
Manganese,"('ecoinvent-3.4-biosphere', '2460f868-54a9-404c-bec8-c809a44ae72c')",Mn,8.139286085107526e-06,8.139286085107526e-06,1.0,6.485008032108113e-14,6.485008032108113e-14,stoichiometric,Pyrolusite,1.5822784810126582,1.2878617223271402e-05,1.5822784810126582,1.0261088658398912e-13,0.199712,0.19969912138277673,0.6709603911825677,7.475906290097071e-06,7.475906290097071e-06
Manganese,"('ecoinvent-3.4-biosphere', '10cbd2f7-c41b-4bb4-b636-d8fc15cf0282')",Mn,8.139286085107526e-06,8.139286085107526e-06,1.0,6.485008032108113e-14,6.485008032108113e-14,stoichiometric,Pyrolusite,1.5822784810126582,1.2878617223271402e-05,1.5822784810126582,1.0261088658398912e-13,0.199712,0.19969912138277673,0.6709603911825677,7.475906290097071e-06,7.475906290097071e-06
Manganese,"('ecoinvent-3.4-biosphere', '295060ba-3c3d-45e4-99ca-e17b1204b553')",Mn,8.139286085107526e-06,8.139286085107526e-06,1.0,6.485008032108113e-14,6.485008032108113e-14,stoichiometric,Pyrolusite,1.5822784810126582,1.2878617223271402e-05,1.5822784810126582,1.0261088658398912e-13,0.199712,0.19969912138277673,0.6709603911825677,7.475906290097071e-06,7.475906290097071e-06
Manganese,"('ecoinvent-3.4-biosphere', 'b0546417-3064-4878-bd6f-2da75cefdf63')",Mn,8.139286085107526e-06,8.139286085107526e-06,1.0,6.485008032108113e-14,6.485008032108113e-14,stoichiometric,Pyrolusite,1.5822784810126582,1.2878617223271402e-05,1.5822784810126582,1.0261088658398912e-13,0.199712,0.19969912138277673,0.6709603911825677,7.475906290097071e-06,7.475906290097071e-06
Manganese,"('ecoinvent-3.4-biosphere', 'c91fd4bf-ed70-4e2f-a34f-159773f981b6')",Mn,8.139286085107526e-06,8.139286085107526e-06,1.0,6.485008032108113e-14,6.485008032108113e-14,stoichiometric,Pyrolusite,1.5822784810126582,1.2878617223271402e-05,1.5822784810126582,1.0261088658398912e-13,0.199712,0.19969912138277673,0.6709603911825677,7.475906290097071e-06,7.475906290097071e-06
Manganese,"('ecoinvent-3.4-biosphere', '0af26a55-d357-469f-abad-8ced785cb4fb')",Mn,8.139286085107526e-06,8.139286085107526e-06,1.0,6.485008032108113e-14,6.485008032108113e-14,stoichiometric,Pyrolusite,1.5822784810126582,1.2878617223271402e-05,1.5822784810126582,1.0261088658398912e-13,0.199712,0.19969912138277673,0.6709603911825677,7.475906290097071e-06,7.475906290097071e-06
Manganese,"('ecoinvent-3.4-biosphere', '42053ffb-9284-49cb-88f9-33ac5c77be4a')",Mn,8.139286085107526e-06,8.139286085107526e-06,1.0,6.485008032108113e-14,6.485008032108113e-14,stoichiometric,Pyrolusite,1.5822784810126582,1.2878617223271402e-05,1.5822784810126582,1.0261088658398912e-13,0.199712,0.19969912138277673,0.6709603911825677,7.475906290097071e-06,7.475906290097071e-06
Manganese,"('ecoinvent-3.4-biosphere', 'f532985c-90b7-46fc-aac9-b039b40e22f1')",Mn,8.139286085107526e-06,8.139286085107526e-06,1.0,6.485008032108113e-14,6.485008032108113e-14,stoichiometric,Pyrolusite,1.5822784810126582,1.2878617223271402e-05,1.5822784810126582,1.0261088658398912e-13,0.199712,0.19969912138277673,0.6709603911825677,7.475906290097071e-06,7.475906290097071e-06
Manganese,"('ecoinvent-3.4-biosphere', '009a49e8-09a7-4432-9cb9-f2dd18e8f922')",Mn,8.139286085107526e-06,8.139286085107526e-06,1.0,6.485008032108113e-14,6.485008032108113e-14,stoichiometric,Pyrolusite,1.5822784810126582,1.2878617223271402e-05,1.5822784810126582,1.0261088658398912e-13,0.199712,0.19969912138277673,0.6709603911825677,7.475906290097071e-06,7.475906290097071e-06
Cobalt,"('ecoinvent-3.4-biosphere', '33627701-feca-434d-a192-674a450eaaf7')",Co,6.534525199621613e-06,6.534525199621613e-06,1.0,1.9447495148453946e-12,1.9447495148453946e-12,stoichiometric,Linnaeite,1.727272727272727,1.1286907162982786e-05,1.727272727272727,3.3591127983693174e-12,0.000636842105263158,0.0006255551981001752,0.0455986939380875,0.038509353079369195,0.038509353079369195
Cobalt,"('ecoinvent-3.4-biosphere', '381a22c9-3722-4378-810d-86958f7b6d32')",Co,6.534525199621613e-06,6.534525199621613e-06,1.0,1.9447495148453946e-12,1.9447495148453946e-12,stoichiometric,Linnaeite,1.727272727272727,1.1286907162982786e-05,1.727272727272727,3.3591127983693174e-12,0.000636842105263158,0.0006255551981001752,0.0455986939380875,0.038509353079369195,0.038509353079369195
Cobalt,"('ecoinvent-3.4-biosphere', 'b10faa87-2c1d-4f6e-aa65-9f80b376939a')",Co,6.534525199621613e-06,6.534525199621613e-06,1.0,1.9447495148453946e-12,1.9447495148453946e-12,stoichiometric,Linnaeite,1.727272727272727,1.1286907162982786e-05,1.727272727272727,3.3591127983693174e-12,0.000636842105263158,0.0006255551981001752,0.0455986939380875,0.038509353079369195,0.038509353079369195
Cobalt,"('ecoinvent-3.4-biosphere', '12051b95-831a-49c0-9a70-fbc0e8fb9af9')",Co,6.534525199621613e-06,6.534525199621613e-06,1.0,1.9447495148453946e-12,1.9447495148453946e-12,stoichiometric,Linnaeite,1.727272727272727,1.1286907162982786e-05,1.727272727272727,3.3591127983693174e-12,0.000636842105263158,0.0006255551981001752,0.0455986939380875,0.038509353079369195,0.038509353079369195
Cobalt,"('ecoinvent-3.4-biosphere', '9ce88274-57b6-42ed-a78b-4abef2301865')",Co,6.534525199621613e-06,6.534525199621613e-06,1.0,1.9447495148453946e-12,1.9447495148453946e-12,stoichiometric,Linnaeite,1.727272727272727,1.1286907162982786e-05,1.727272727272727,3.3591127983693174e-12,0.000636842105263158,0.0006255551981001752,0.0455986939380875,0.038509353079369195,0.038509353079369195
Cobalt,"('ecoinvent-3.4-biosphere', 'c58d25ad-30d2-4fac-a857-1fa6f67afe8a')",Co,6.534525199621613e-06,6.534525199621613e-06,1.0,1.9447495148453946e-12,1.9447495148453946e-12,stoichiometric,Linnaeite,1.727272727272727,1.1286907162982786e-05,1.727272727272727,3.3591127983693174e-12,0.000636842105263158,0.0006255551981001752,0.0455986939380875,0.038509353079369195,0.038509353079369195
Cobalt,"('ecoinvent-3.4-biosphere', 'ca04300a-8338-4601-ba7c-66c10a4f6322')",Co,6.534525199621613e-06,6.534525199621613e-06,1.0,1.9447495148453946e-12,1.9447495148453946e-12,stoichiometric,Linnaeite,1.727272727272727,1.1286907162982786e-05,1.727272727272727,3.3591127983693174e-12,0.000636842105263158,0.0006255551981001752,0.0455986939380875,0.038509353079369195,0.038509353079369195
Cobalt,"('ecoinvent-3.4-biosphere', '1e904267-caa3-40e6-a3a0-fc104489770b')",Co,6.534525199621613e-06,6.534525199621613e-06,1.0,1.9447495148453946e-12,1.9447495148453946e-12,stoichiometric,Linnaeite,1.727272727272727,1.1286907162982786e-05,1.727272727272727,3.3591127983693174e-12,0.000636842105263158,0.0006255551981001752,0.0455986939380875,0.038509353079369195,0.038509353079369195
Cobalt,"('ecoinvent-3.4-biosphere', 'f0d1c319-249f-4a89-b0e7-3a5a90a54036')",Co,6.534525199621613e-06,6.534525199621613e-06,1.0,1.9447495148453946e-12,1.9447495148453946e-12,stoichiometric,Linnaeite,1.727272727272727,1.1286907162982786e-05,1.727272727272727,3.3591127983693174e-12,0.000636842105263158,0.0006255551981001752,0.0455986939380875,0.038509353079369195,0.038509353079369195
Cobalt,"('ecoinvent-3.4-biosphere', '74eb3f02-09ec-46ce-8ee8-d67d0900136b')",Co,6.534525199621613e-06,6.534525199621613e-06,1.0,1.9447495148453946e-12,1.9447495148453946e-12,stoichiometric,Linnaeite,1.727272727272727,1.1286907162982786e-05,1.727272727272727,3.3591127983693174e-12,0.000636842105263158,0.0006255551981001752,0.0455986939380875,0.038509353079369195,0.038509353079369195
Cobalt,"('ecoinvent-3.4-biosphere', '9542444c-7c7a-48e2-bc9c-9c7c34fb7b3e')",Co,6.534525199621613e-06,6.534525199621613e-06,1.0,1.9447495148453946e-12,1.9447495148453946e-12,stoichiometric,Linnaeite,1.727272727272727,1.1286907162982786e-05,1.727272727272727,3.3591127983693174e-12,0.000636842105263158,0.0006255551981001752,0.0455986939380875,0.038509353079369195,0.038509353079369195
Cobalt,"('ecoinvent-3.4-biosphere', 'caf066cf-40ce-47a8-ba4c-969fcd6019c7')",Co,6.534525199621613e-06,6.534525199621613e-06,1.0,1.9447495148453946e-12,1.9447495148453946e-12,stoichiometric,Linnaeite,1.727272727272727,1.1286907162982786e-05,1.727272727272727,3.3591127983693174e-12,0.000636842105263158,0.0006255551981001752,0.0455986939380875,0.038509353079369195,0.038509353079369195
Cobalt,"('ecoinvent-3.4-biosphere', 'f0e28a62-ddf9-4c93-af81-676a58c3f2d4')",Co,6.534525199621613e-06,6.534525199621613e-06,1.0,1.9447495148453946e-12,1.9447495148453946e-12,stoichiometric,Linnaeite,1.727272727272727,1.1286907162982786e-05,1.727272727272727,3.3591127983693174e-12,0.000636842105263158,0.0006255551981001752,0.0455986939380875,0.038509353079369195,0.038509353079369195
Cobalt,"('ecoinvent-3.4-biosphere', 'd4291dd5-dae8-47fa-bf06-466fcecbc210')",Co,6.534525199621613e-06,6.534525199621613e-06,1.0,1.9447495148453946e-12,1.9447495148453946e-12,stoichiometric,Linnaeite,1.727272727272727,1.1286907162982786e-05,1.727272727272727,3.3591127983693174e-12,0.000636842105263158,0.0006255551981001752,0.0455986939380875,0.038509353079369195,0.038509353079369195
Antimony,"('ecoinvent-3.4-biosphere', '43b29ad9-26dd-4838-b931-6216e55a0120')",Sb,3.5558308718535735e-06,3.5558308718535735e-06,1.0,2.1834077210692158e-11,2.1834077210692158e-11,stoichiometric,Stibnite,1.3941798941798942,4.957467908642416e-06,1.3941798941798942,3.0440631455118433e-11,0.02711271347248577,0.027107756004577127,0.9,6.131900202958836e-05,6.131900202958836e-05
Antimony,"('ecoinvent-3.4-biosphere', 'fa39136e-1ef6-43c1-af68-104da104568d')",Sb,3.5558308718535735e-06,3.5558308718535735e-06,1.0,2.1834077210692158e-11,2.1834077210692158e-11,stoichiometric,Stibnite,1.3941798941798942,4.957467908642416e-06,1.3941798941798942,3.0440631455118433e-11,0.02711271347248577,0.027107756004577127,0.9,6.131900202958836e-05,6.131900202958836e-05
Antimony,"('ecoinvent-3.4-biosphere', '2b2369a4-26bb-4b18-8479-752fdf7a5e7f')",Sb,3.5558308718535735e-06,3.5558308718535735e-06,1.0,2.1834077210692158e-11,2.1834077210692158e-11,stoichiometric,Stibnite,1.3941798941798942,4.957467908642416e-06,1.3941798941798942,3.0440631455118433e-11,0.02711271347248577,0.027107756004577127,0.9,6.131900202958836e-05,6.131900202958836e-05
Antimony,"('ecoinvent-3.4-biosphere', 'c49fb4cd-eed0-4438-9052-9612473cdbae')",Sb,3.5558308718535735e-06,3.5558308718535735e-06,1.0,2.1834077210692158e-11,2.1834077210692158e-11,stoichiometric,Stibnite,1.3941798941798942,4.957467908642416e-06,1.3941798941798942,3.0440631455118433e-11,0.02711271347248577,0.027107756004577127,0.9,6.131900202958836e-05,6.131900202958836e-05
Antimony,"('ecoinvent-3.4-biosphere', '5df5cb9f-812c-4ce8-ab1c-df6ab4d31900')",Sb,3.5558308718535735e-06,3.5558308718535735e-06,1.0,2.1834077210692158e-11,2.1834077210692158e-11,stoichiometric,Stibnite,1.3941798941798942,4.957467908642416e-06,1.3941798941798942,3.0440631455118433e-11,0.02711271347248577,0.027107756004577127,0.9,6.131900202958836e-05,6.131900202958836e-05
Antimony,"('ecoinvent-3.4-biosphere', 'b2dc8668-86de-4207-b20e-dc81dea63c98')",Sb,3.5558308718535735e-06,3.5558308718535735e-06,1.0,2.1834077210692158e-11,2.1834077210692158e-11,stoichiometric,Stibnite,1.3941798941798942,4.957467908642416e-06,1.3941798941798942,3.0440631455118433e-11,0.02711271347248577,0.027107756004577127,0.9,6.131900202958836e-05,6.131900202958836e-05
Antimony,"('ecoinvent-3.4-biosphere', 'f4cf8d5c-f030-4b55-a3af-e3c20b855ee8')",Sb,3.5558308718535735e-06,3.5558308718535735e-06,1.0,2.1834077210692158e-11,2.1834077210692158e-11,stoichiometric,Stibnite,1.3941798941798942,4.957467908642416e-06,1.3941798941798942,3.0440631455118433e-11,0.02711271347248577,0.027107756004577127,0.9,6.131900202958836e-05,6.131900202958836e-05
Antimony,"('ecoinvent-3.4-biosphere', '7805afa2-d93b-40bb-b841-325b98aec824')",Sb,3.5558308718535735e-06,3.5558308718535735e-06,1.0,2.1834077210692158e-11,2.1834077210692158e-11,stoichiometric,Stibnite,1.3941798941798942,4.957467908642416e-06,1.3941798941798942,3.0440631455118433e-11,0.02711271347248577,0.027107756004577127,0.9,6.131900202958836e-05,6.131900202958836e-05
Antimony,"('ecoinvent-3.4-biosphere', '183f9856-03ab-464d-9366-8ef62077b510')",Sb,3.5558308718535735e-06,3.5558308718535735e-06,1.0,2.1834077210692158e-11,2.1834077210692158e-11,stoichiometric,Stibnite,1.3941798941798942,4.957467908642416e-06,1.3941798941798942,3.0440631455118433e-11,0.02711271347248577,0.027107756004577127,0.9,6.131900202958836e-05,6.131900202958836e-05
Antimony,"('ecoinvent-3.4-biosphere', '83cf77ca-867b-4eef-b0f0-78d71b3d91d5')",Sb,3.5558308718535735e-06,3.5558308718535735e-06,1.0,2.1834077210692158e-11,2.1834077210692158e-11,stoichiometric,Stibnite,1.3941798941798942,4.957467908642416e-06,1.3941798941798942,3.0440631455118433e-11,0.02711271347248577,0.027107756004577127,0.9,6.131900202958836e-05,6.131900202958836e-05
Antimony,"('ecoinvent-3.4-biosphere', '34b96163-a3df-4bc1-8224-e2a9fe01b23f')",Sb,3.5558308718535735e-06,3.5558308718535735e-06,1.0,2.1834077210692158e-11,2.1834077210692158e-11,stoichiometric,Stibnite,1.3941798941798942,4.957467908642416e-06,1.3941798941798942,3.0440631455118433e-11,0.02711271347248577,0.027107756004577127,0.9,6.131900202958836e-05,6.131900202958836e-05
Antimony,"('ecoinvent-3.4-biosphere', '3ea5684a-6d64-4f96-8c09-1d90f997c9d4')",Sb,3.5558308718535735e-06,3.5558308718535735e-06,1.0,2.1834077210692158e-11,2.1834077210692158e-11,stoichiometric,Stibnite,1.3941798941798942,4.957467908642416e-06,1.3941798941798942,3.0440631455118433e-11,0.02711271347248577,0.027107756004577127,0.9,6.131900202958836e-05,6.131900202958836e-05
Antimony,"('ecoinvent-3.4-biosphere', '49803ad0-9ca2-4507-a5ea-f152d16c929d')",Sb,3.5558308718535735e-06,3.5558308718535735e-06,1.0,2.1834077210692158e-11,2.1834077210692158e-11,stoichiometric,Stibnite,1.3941798941798942,4.957467908642416e-06,1.3941798941798942,3.0440631455118433e-11,0.02711271347248577,0.027107756004577127,0.9,6.131900202958836e-05,6.131900202958836e-05
Antimony,"('ecoinvent-3.4-biosphere', '77927dac-dea3-429d-a434-d5a71d92c4f7')",Sb,3.5558308718535735e-06,3.5558308718535735e-06,1.0,2.1834077210692158e-11,2.1834077210692158e-11,stoichiometric,Stibnite,1.3941798941798942,4.957467908642416e-06,1.3941798941798942,3.0440631455118433e-11,0.02711271347248577,0.027107756004577127,0.9,6.131900202958836e-05,6.131900202958836e-05
"Iron, ion","('ecoinvent-3.4-biosphere', '7c335b9c-a403-47a8-bb6d-2e7d3c3a230e')",Fe,3.159281395360754e-06,3.159281395360754e-06,1.0,9.645225823667623e-15,9.645225823667623e-15,stoichiometric,Hematite,1.0,3.159281395360754e-06,1.0,9.645225823667623e-15,0.73,0.7299968407186046,0.95,9.20149369292129e-06,9.20149369292129e-06
"Iron, ion","('ecoinvent-3.4-biosphere', '9b6d6f07-ebc6-447d-a3c0-f2017d77d852')",Fe,3.159281395360754e-06,3.159281395360754e-06,1.0,9.645225823667623e-15,9.645225823667623e-15,stoichiometric,Hematite,1.0,3.159281395360754e-06,1.0,9.645225823667623e-15,0.73,0.7299968407186046,0.95,9.20149369292129e-06,9.20149369292129e-06
"Iron, ion","('ecoinvent-3.4-biosphere', '2c9a7182-37c8-4777-a37a-9a007c3edb2f')",Fe,3.159281395360754e-06,3.159281395360754e-06,1.0,9.645225823667623e-15,9.645225823667623e-15,stoichiometric,Hematite,1.0,3.159281395360754e-06,1.0,9.645225823667623e-15,0.73,0.7299968407186046,0.95,9.20149369292129e-06,9.20149369292129e-06
"Iron, ion","('ecoinvent-3.4-biosphere', 'de444dc0-5964-4501-8367-50ba53bfc6b9')",Fe,3.159281395360754e-06,3.159281395360754e-06,1.0,9.645225823667623e-15,9.645225823667623e-15,stoichiometric,Hematite,1.0,3.159281395360754e-06,1.0,9.645225823667623e-15,0.73,0.7299968407186046,0.95,9.20149369292129e-06,9.20149369292129e-06
"Iron, ion","('ecoinvent-3.4-biosphere', '33fd8342-58e7-45c9-ad92-0951c002c403')",Fe,3.159281395360754e-06,3.159281395360754e-06,1.0,9.645225823667623e-15,9.645225823667623e-15,stoichiometric,Hematite,1.0,3.159281395360754e-06,1.0,9.645225823667623e-15,0.73,0.7299968407186046,0.95,9.20149369292129e-06,9.20149369292129e-06
Phosphate,"('ecoinvent-3.4-biosphere', '1727b41d-377e-43cd-bc01-9eaba946eccb')",P,2.701820346031967e-06,2.701820346031967e-06,0.3261416642975224,5.53572191877536e-15,5.53572191877536e-15,stoichiometric,Apatite,0.3532544378698225,9.54430027562772e-07,0.11521099028734964,1.9555183346206452e-15,0.04784087102177553,0.04783991659174797,0.9,1.6053694200610219e-06,1.6053694200610219e-06
Phosphate,"('ecoinvent-3.4-biosphere', 'c8791f3c-3c4a-4278-91c0-483797d14da2')",P,2.701820346031967e-06,2.701820346031967e-06,0.3261416642975224,5.53572191877536e-15,5.53572191877536e-15,stoichiometric,Apatite,0.3532544378698225,9.54430027562772e-07,0.11521099028734964,1.9555183346206452e-15,0.04784087102177553,0.04783991659174797,0.9,1.6053694200610219e-06,1.6053694200610219e-06
Phosphate,"('ecoinvent-3.4-biosphere', '490b267b-f429-4d9a-ac79-224e37fb4d58')",P,2.701820346031967e-06,2.701820346031967e-06,0.3261416642975224,5.53572191877536e-15,5.53572191877536e-15,stoichiometric,Apatite,0.3532544378698225,9.54430027562772e-07,0.11521099028734964,1.9555183346206452e-15,0.04784087102177553,0.04783991659174797,0.9,1.6053694200610219e-06,1.6053694200610219e-06
Phosphate,"('ecoinvent-3.4-biosphere', '3aaf9017-0d8a-42aa-9a60-cbc39e994e73')",P,2.701820346031967e-06,2.701820346031967e-06,0.3261416642975224,5.53572191877536e-15,5.53572191877536e-15,stoichiometric,Apatite,0.3532544378698225,9.54430027562772e-07,0.11521099028734964,1.9555183346206452e-15,0.04784087102177553,0.04783991659174797,0.9,1.6053694200610219e-06,1.6053694200610219e-06
Phosphate,"('ecoinvent-3.4-biosphere', '329fc7d8-4011-4327-84e4-34ff76f0e42d')",P,2.701820346031967e-06,2.701820346031967e-06,0.3261416642975224,5.53572191877536e-15,5.53572191877536e-15,stoichiometric,Apatite,0.3532544378698225,9.54430027562772e-07,0.11521099028734964,1.9555183346206452e-15,0.04784087102177553,0.04783991659174797,0.9,1.6053694200610219e-06,1.6053694200610219e-06
"Zinc, ion","('ecoinvent-3.4-biosphere', '2195d86f-e4c8-4e86-9f18-b5b065b1df7e')",Zn,2.0889253475866704e-06,2.0889253475866704e-06,1.0,1.0836576745711442e-13,1.0836576745711442e-13,stoichiometric,Sphalerite,1.4901477832512315,3.1128074760835853e-06,1.4901477832512315,1.614810081565375e-13,0.02724561983471074,0.027242507027234658,0.789865871833085,4.3943016651968855e-05,4.3943016651968855e-05
"Zinc, ion","('ecoinvent-3.4-biosphere', '2c7be02c-791f-4fef-b231-b90321bbeb30')",Zn,2.0889253475866704e-06,2.0889253475866704e-06,1.0,1.0836576745711442e-13,1.0836576745711442e-13,stoichiometric,Sphalerite,1.4901477832512315,3.1128074760835853e-06,1.4901477832512315,1.614810081565375e-13,0.02724561983471074,0.027242507027234658,0.789865871833085,4.3943016651968855e-05,4.3943016651968855e-05
"Zinc, ion","('ecoinvent-3.4-biosphere', '7e769b3e-03fb-4b53-be15-85a910dcfea9')",Zn,2.0889253475866704e-06,2.0889253475866704e-06,1.0,1.0836576745711442e-13,1.0836576745711442e-13,stoichiometric,Sphalerite,1.4901477832512315,3.1128074760835853e-06,1.4901477832512315,1.614810081565375e-13,0.02724561983471074,0.027242507027234658,0.789865871833085,4.3943016651968855e-05,4.3943016651968855e-05
"Zinc, ion","('ecoinvent-3.4-biosphere', '541b633c-17a3-4047-bce6-0c0e4fdb7c10')",Zn,2.0889253475866704e-06,2.0889253475866704e-06,1.0,1.0836576745711442e-13,1.0836576745711442e-13,stoichiometric,Sphalerite,1.4901477832512315,3.1128074760835853e-06,1.4901477832512315,1.614810081565375e-13,0.02724561983471074,0.027242507027234658,0.789865871833085,4.3943016651968855e-05,4.3943016651968855e-05
"Zinc, ion","('ecoinvent-3.4-biosphere', 'bdce3a7c-e008-4391-be26-285f71a02453')",Zn,2.0889253475866704e-06,2.0889253475866704e-06,1.0,1.0836576745711442e-13,1.0836576745711442e-13,stoichiometric,Sphalerite,1.4901477832512315,3.1128074760835853e-06,1.4901477832512315,1.614810081565375e-13,0.02724561983471074,0.027242507027234658,0.789865871833085,4.3943016651968855e-05,4.3943016651968855e-05
Aluminium,"('ecoinvent-3.4-biosphere', '7880e65c-0321-4295-ba55-3186ad36e489')",Al,1.4188444960624337e-06,1.4188444960624337e-06,1.0,6.422536676269254e-14,6.422536676269254e-14,stoichiometric,Bauxite (Gibbsite),2.8930041152263373,4.10472296597486e-06,2.8930041152263373,1.8580425034639034e-13,0.08399573257467995,0.08399162785171398,0.95,0.00048278026940942243,0.00048278026940942243
Aluminium,"('ecoinvent-3.4-biosphere', '46e63323-cffd-4c46-829b-5f006b50fa9b')",Al,1.4188444960624337e-06,1.4188444960624337e-06,1.0,6.422536676269254e-14,6.422536676269254e-14,stoichiometric,Bauxite (Gibbsite),2.8930041152263373,4.10472296597486e-06,2.8930041152263373,1.8580425034639034e-13,0.08399573257467995,0.08399162785171398,0.95,0.00048278026940942243,0.00048278026940942243
Aluminium,"('ecoinvent-3.4-biosphere', '39555a26-d28b-425f-993f-e8770ab7d9cf')",Al,1.4188444960624337e-06,1.4188444960624337e-06,1.0,6.422536676269254e-14,6.422536676269254e-14,stoichiometric,Bauxite (Gibbsite),2.8930041152263373,4.10472296597486e-06,2.8930041152263373,1.8580425034639034e-13,0.08399573257467995,0.08399162785171398,0.95,0.00048278026940942243,0.00048278026940942243
Aluminium,"('ecoinvent-3.4-biosphere', 'd96403bf-902e-4b7a-8ffd-32fe09e4017f')",Al,1.4188444960624337e-06,1.4188444960624337e-06,1.0,6.422536676269254e-14,6.422536676269254e-14,stoichiometric,Bauxite (Gibbsite),2.8930041152263373,4.10472296597486e-06,2.8930041152263373,1.8580425034639034e-13,0.08399573257467995,0.08399162785171398,0.95,0.00048278026940942243,0.00048278026940942243
Aluminium,"('ecoinvent-3.4-biosphere', '0ace7678-a181-48e8-8728-d912a8b56c57')",Al,1.4188444960624337e-06,1.4188444960624337e-06,1.0,6.422536676269254e-14,6.422536676269254e-14,stoichiometric,Bauxite (Gibbsite),2.8930041152263373,4.10472296597486e-06,2.8930041152263373,1.8580425034639034e-13,0.08399573257467995,0.08399162785171398,0.95,0.00048278026940942243,0.00048278026940942243
Aluminium,"('ecoinvent-3.4-biosphere', '9c3bd678-1b2f-4b95-a245-d5c8a3fe326b')",Al,1.4188444960624337e-06,1.4188444960624337e-06,1.0,6.422536676269254e-14,6.422536676269254e-14,stoichiometric,Bauxite (Gibbsite),2.8930041152263373,4.10472296597486e-06,2.8930041152263373,1.8580425034639034e-13,0.08399573257467995,0.08399162785171398,0.95,0.00048278026940942243,0.00048278026940942243
Aluminium,"('ecoinvent-3.4-biosphere', '01056d4b-f9b0-4dfc-b8d9-8407c8376efb')",Al,1.4188444960624337e-06,1.4188444960624337e-06,1.0,6.422536676269254e-14,6.422536676269254e-14,stoichiometric,Bauxite (Gibbsite),2.8930041152263373,4.10472296597486e-06,2.8930041152263373,1.8580425034639034e-13,0.08399573257467995,0.08399162785171398,0.95,0.00048278026940942243,0.00048278026940942243
Aluminium,"('ecoinvent-3.4-biosphere', '765546a9-b056-4d27-ad14-2f016511bdcb')",Al,1.4188444960624337e-06,1.4188444960624337e-06,1.0,6.422536676269254e-14,6.422536676269254e-14,stoichiometric,Bauxite (Gibbsite),2.8930041152263373,4.10472296597486e-06,2.8930041152263373,1.8580425034639034e-13,0.08399573257467995,0.08399162785171398,0.95,0.00048278026940942243,0.00048278026940942243
Aluminium,"('ecoinvent-3.4-biosphere', '6f0b8b7c-3888-4174-b7e3-916d42d678ee')",Al,1.4188444960624337e-06,1.4188444960624337e-06,1.0,6.422536676269254e-14,6.422536676269254e-14,stoichiometric,Bauxite (Gibbsite),2.8930041152263373,4.10472296597486e-06,2.8930041152263373,1.8580425034639034e-13,0.08399573257467995,0.08399162785171398,0.95,0.00048278026940942243,0.00048278026940942243
Aluminium,"('ecoinvent-3.4-biosphere', '2e0c9efa-d55c-49db-8be3-0376d5921ff4')",Al,1.4188444960624337e-06,1.4188444960624337e-06,1.0,6.422536676269254e-14,6.422536676269254e-14,stoichiometric,Bauxite (Gibbsite),2.8930041152263373,4.10472296597486e-06,2.8930041152263373,1.8580425034639034e-13,0.08399573257467995,0.08399162785171398,0.95,0.00048278026940942243,0.00048278026940942243
Aluminium,"('ecoinvent-3.4-biosphere', '97e498ec-f323-4ec6-bcc0-d8a4c853bae3')",Al,1.4188444960624337e-06,1.4188444960624337e-06,1.0,6.422536676269254e-14,6.422536676269254e-14,stoichiometric,Bauxite (Gibbsite),2.8930041152263373,4.10472296597486e-06,2.8930041152263373,1.8580425034639034e-13,0.08399573257467995,0.08399162785171398,0.95,0.00048278026940942243,0.00048278026940942243
Aluminium,"('ecoinvent-3.4-biosphere', 'e0401210-0377-4670-84af-12247ca20bed')",Al,1.4188444960624337e-06,1.4188444960624337e-06,1.0,6.422536676269254e-14,6.422536676269254e-14,stoichiometric,Bauxite (Gibbsite),2.8930041152263373,4.10472296597486e-06,2.8930041152263373,1.8580425034639034e-13,0.08399573257467995,0.08399162785171398,0.95,0.00048278026940942243,0.00048278026940942243
Aluminium,"('ecoinvent-3.4-biosphere', 'ff65658c-2d39-44a2-b23e-7ec3c644f064')",Al,1.4188444960624337e-06,1.4188444960624337e-06,1.0,6.422536676269254e-14,6.422536676269254e-14,stoichiometric,Bauxite (Gibbsite),2.8930041152263373,4.10472296597486e-06,2.8930041152263373,1.8580425034639034e-13,0.08399573257467995,0.08399162785171398,0.95,0.00048278026940942243,0.00048278026940942243
Aluminium,"('ecoinvent-3.4-biosphere', '2baa4381-b781-4f5e-90de-508b0fa3fd1f')",Al,1.4188444960624337e-06,1.4188444960624337e-06,1.0,6.422536676269254e-14,6.422536676269254e-14,stoichiometric,Bauxite (Gibbsite),2.8930041152263373,4.10472296597486e-06,2.8930041152263373,1.8580425034639034e-13,0.08399573257467995,0.08399162785171398,0.95,0.00048278026940942243,0.00048278026940942243
"Nickel, ion","('ecoinvent-3.4-biosphere', '9798359e-a3ee-4362-a038-23a188582c6e')",Ni,1.4153010543596384e-06,1.4153010543596384e-06,1.0,9.066741688482605e-14,9.066741688482605e-14,stoichiometric,Pentlandite(sulphides) / Garnierite(laterites),2.9342028985507245,4.152780456023947e-06,2.9342028985507245,2.660365974275635e-13,0.00509049773755656,0.005086344957100536,0.0803628113054402,0.0005030430153349012,0.0005030430153349012
"Nickel, ion","('ecoinvent-3.4-biosphere', '6ec6cdaa-5a01-46d4-b716-1905e56690ea')",Ni,1.4153010543596384e-06,1.4153010543596384e-06,1.0,9.066741688482605e-14,9.066741688482605e-14,stoichiometric,Pentlandite(sulphides) / Garnierite(laterites),2.9342028985507245,4.152780456023947e-06,2.9342028985507245,2.660365974275635e-13,0.00509049773755656,0.005086344957100536,0.0803628113054402,0.0005030430153349012,0.0005030430153349012
"Nickel, ion","('ecoinvent-3.4-biosphere', 'e030108f-2125-4bcb-a73b-ad72130fcca3')",Ni,1.4153010543596384e-06,1.4153010543596384e-06,1.0,9.066741688482605e-14,9.066741688482605e-14,stoichiometric,Pentlandite(sulphides) / Garnierite(laterites),2.9342028985507245,4.152780456023947e-06,2.9342028985507245,2.660365974275635e-13,0.00509049773755656,0.005086344957100536,0.0803628113054402,0.0005030430153349012,0.0005030430153349012
"Nickel, ion","('ecoinvent-3.4-biosphere', '9f69cb8e-51fe-447b-a1ac-4da74de8ebe4')",Ni,1.4153010543596384e-06,1.4153010543596384e-06,1.0,9.066741688482605e-14,9.066741688482605e-14,stoichiometric,Pentlandite(sulphides) / Garnierite(laterites),2.9342028985507245,4.152780456023947e-06,2.9342028985507245,2.660365974275635e-13,0.00509049773755656,0.005086344957100536,0.0803628113054402,0.0005030430153349012,0.0005030430153349012
"Nickel, ion","('ecoinvent-3.4-biosphere', '23cb10a4-6228-4ce4-9fb5-7043bc31faec')",Ni,1.4153010543596384e-06,1.4153010543596384e-06,1.0,9.066741688482605e-14,9.066741688482605e-14,stoichiometric,Pentlandite(sulphides) / Garnierite(laterites),2.9342028985507245,4.152780456023947e-06,2.9342028985507245,2.660365974275635e-13,0.00509049773755656,0.005086344957100536,0.0803628113054402,0.0005030430153349012,0.0005030430153349012
Antimony,"('ecoinvent-3.4-biosphere', '43b29ad9-26dd-4838-b931-6216e55a0120')",Sb,1.1034577840386659e-06,1.1034577840386659e-06,1.0,2.1834077210692158e-11,2.1834077210692158e-11,stoichiometric,Stibnite,1.3941798941798942,1.5384186565830078e-06,1.3941798941798942,3.0440631455118433e-11,0.02711271347248577,0.027111175053829185,0.9,1.90269172708339e-05,1.90269172708339e-05
Antimony,"('ecoinvent-3.4-biosphere', 'fa39136e-1ef6-43c1-af68-104da104568d')",Sb,1.1034577840386659e-06,1.1034577840386659e-06,1.0,2.1834077210692158e-11,2.1834077210692158e-11,stoichiometric,Stibnite,1.3941798941798942,1.5384186565830078e-06,1.3941798941798942,3.0440631455118433e-11,0.02711271347248577,0.027111175053829185,0.9,1.90269172708339e-05,1.90269172708339e-05
Antimony,"('ecoinvent-3.4-biosphere', '2b2369a4-26bb-4b18-8479-752fdf7a5e7f')",Sb,1.1034577840386659e-06,1.1034577840386659e-06,1.0,2.1834077210692158e-11,2.1834077210692158e-11,stoichiometric,Stibnite,1.3941798941798942,1.5384186565830078e-06,1.3941798941798942,3.0440631455118433e-11,0.02711271347248577,0.027111175053829185,0.9,1.90269172708339e-05,1.90269172708339e-05
Antimony,"('ecoinvent-3.4-biosphere', 'c49fb4cd-eed0-4438-9052-9612473cdbae')",Sb,1.1034577840386659e-06,1.1034577840386659e-06,1.0,2.1834077210692158e-11,2.1834077210692158e-11,stoichiometric,Stibnite,1.3941798941798942,1.5384186565830078e-06,1.3941798941798942,3.0440631455118433e-11,0.02711271347248577,0.027111175053829185,0.9,1.90269172708339e-05,1.90269172708339e-05
Antimony,"('ecoinvent-3.4-biosphere', '5df5cb9f-812c-4ce8-ab1c-df6ab4d31900')",Sb,1.1034577840386659e-06,1.1034577840386659e-06,1.0,2.1834077210692158e-11,2.1834077210692158e-11,stoichiometric,Stibnite,1.3941798941798942,1.5384186565830078e-06,1.3941798941798942,3.0440631455118433e-11,0.02711271347248577,0.027111175053829185,0.9,1.90269172708339e-05,1.90269172708339e-05
Antimony,"('ecoinvent-3.4-biosphere', 'b2dc8668-86de-4207-b20e-dc81dea63c98')",Sb,1.1034577840386659e-06,1.1034577840386659e-06,1.0,2.1834077210692158e-11,2.1834077210692158e-11,stoichiometric,Stibnite,1.3941798941798942,1.5384186565830078e-06,1.3941798941798942,3.0440631455118433e-11,0.02711271347248577,0.027111175053829185,0.9,1.90269172708339e-05,1.90269172708339e-05
Antimony,"('ecoinvent-3.4-biosphere', 'f4cf8d5c-f030-4b55-a3af-e3c20b855ee8')",Sb,1.1034577840386659e-06,1.1034577840386659e-06,1.0,2.1834077210692158e-11,2.1834077210692158e-11,stoichiometric,Stibnite,1.3941798941798942,1.5384186565830078e-06,1.3941798941798942,3.0440631455118433e-11,0.02711271347248577,0.027111175053829185,0.9,1.90269172708339e-05,1.90269172708339e-05
Antimony,"('ecoinvent-3.4-biosphere', '7805afa2-d93b-40bb-b841-325b98aec824')",Sb,1.1034577840386659e-06,1.1034577840386659e-06,1.0,2.1834077210692158e-11,2.1834077210692158e-11,stoichiometric,Stibnite,1.3941798941798942,1.5384186565830078e-06,1.3941798941798942,3.0440631455118433e-11,0.02711271347248577,0.027111175053829185,0.9,1.90269172708339e-05,1.90269172708339e-05
Antimony,"('ecoinvent-3.4-biosphere', '183f9856-03ab-464d-9366-8ef62077b510')",Sb,1.1034577840386659e-06,1.1034577840386659e-06,1.0,2.1834077210692158e-11,2.1834077210692158e-11,stoichiometric,Stibnite,1.3941798941798942,1.5384186565830078e-06,1.3941798941798942,3.0440631455118433e-11,0.02711271347248577,0.027111175053829185,0.9,1.90269172708339e-05,1.90269172708339e-05
Antimony,"('ecoinvent-3.4-biosphere', '83cf77ca-867b-4eef-b0f0-78d71b3d91d5')",Sb,1.1034577840386659e-06,1.1034577840386659e-06,1.0,2.1834077210692158e-11,2.1834077210692158e-11,stoichiometric,Stibnite,1.3941798941798942,1.5384186565830078e-06,1.3941798941798942,3.0440631455118433e-11,0.02711271347248577,0.027111175053829185,0.9,1.90269172708339e-05,1.90269172708339e-05
Antimony,"('ecoinvent-3.4-biosphere', '34b96163-a3df-4bc1-8224-e2a9fe01b23f')",Sb,1.1034577840386659e-06,1.1034577840386659e-06,1.0,2.1834077210692158e-11,2.1834077210692158e-11,stoichiometric,Stibnite,1.3941798941798942,1.5384186565830078e-06,1.3941798941798942,3.0440631455118433e-11,0.02711271347248577,0.027111175053829185,0.9,1.90269172708339e-05,1.90269172708339e-05
Antimony,"('ecoinvent-3.4-biosphere', '3ea5684a-6d64-4f96-8c09-1d90f997c9d4')",Sb,1.1034577840386659e-06,1.1034577840386659e-06,1.0,2.1834077210692158e-11,2.1834077210692158e-11,stoichiometric,Stibnite,1.3941798941798942,1.5384186565830078e-06,1.3941798941798942,3.0440631455118433e-11,0.02711271347248577,0.027111175053829185,0.9,1.90269172708339e-05,1.90269172708339e-05
Antimony,"('ecoinvent-3.4-biosphere', '49803ad0-9ca2-4507-a5ea-f152d16c929d')",Sb,1.1034577840386659e-06,1.1034577840386659e-06,1.0,2.1834077210692158e-11,2.1834077210692158e-11,stoichiometric,Stibnite,1.3941798941798942,1.5384186565830078e-06,1.3941798941798942,3.0440631455118433e-11,0.02711271347248577,0.027111175053829185,0.9,1.90269172708339e-05,1.90269172708339e-05
Antimony,"('ecoinvent-3.4-biosphere', '77927dac-dea3-429d-a434-d5a71d92c4f7')",Sb,1.1034577840386659e-06,1.1034577840386659e-06,1.0,2.1834077210692158e-11,2.1834077210692158e-11,stoichiometric,Stibnite,1.3941798941798942,1.5384186565830078e-06,1.3941798941798942,3.0440631455118433e-11,0.02711271347248577,0.027111175053829185,0.9,1.90269172708339e-05,1.90269172708339e-05
"Lithium, ion","('ecoinvent-3.4-biosphere', '09cf7c11-0269-4fc1-a5f3-47121a7882d3')",Li,6.181468117356555e-07,6.181468117356555e-07,1.0,1.5184934529957733e-13,1.5184934529957733e-13,stoichiometric,Spodumene,26.800000000000004,1.6566334554515568e-05,26.800000000000004,4.069562454028673e-12,0.0011194029850746267,0.0011028366505201111,0.95,0.02471887808810731,0.02471887808810731
"Lithium, ion","('ecoinvent-3.4-biosphere', 'cf88e72e-13bc-416c-ac41-7d4b24bda86a')",Li,6.181468117356555e-07,6.181468117356555e-07,1.0,1.5184934529957733e-13,1.5184934529957733e-13,stoichiometric,Spodumene,26.800000000000004,1.6566334554515568e-05,26.800000000000004,4.069562454028673e-12,0.0011194029850746267,0.0011028366505201111,0.95,0.02471887808810731,0.02471887808810731
"Lithium, ion","('ecoinvent-3.4-biosphere', 'e98084d6-88a2-48cf-9ad5-6462fe9cf857')",Li,6.181468117356555e-07,6.181468117356555e-07,1.0,1.5184934529957733e-13,1.5184934529957733e-13,stoichiometric,Spodumene,26.800000000000004,1.6566334554515568e-05,26.800000000000004,4.069562454028673e-12,0.0011194029850746267,0.0011028366505201111,0.95,0.02471887808810731,0.02471887808810731
"Lithium, ion","('ecoinvent-3.4-biosphere', 'c44b0e3b-e65e-4276-aa1f-3db768757b66')",Li,6.181468117356555e-07,6.181468117356555e-07,1.0,1.5184934529957733e-13,1.5184934529957733e-13,stoichiometric,Spodumene,26.800000000000004,1.6566334554515568e-05,26.800000000000004,4.069562454028673e-12,0.0011194029850746267,0.0011028366505201111,0.95,0.02471887808810731,0.02471887808810731
"Lithium, ion","('ecoinvent-3.4-biosphere', 'eb2bfdf1-1881-40e8-bebb-d674b2a79149')",Li,6.181468117356555e-07,6.181468117356555e-07,1.0,1.5184934529957733e-13,1.5184934529957733e-13,stoichiometric,Spodumene,26.800000000000004,1.6566334554515568e-05,26.800000000000004,4.069562454028673e-12,0.0011194029850746267,0.0011028366505201111,0.95,0.02471887808810731,0.02471887808810731
Chromium VI,"('ecoinvent-3.4-biosphere', '81b3321a-c9d8-4104-a974-5460f1bc5029')",Cr,6.014159329658027e-07,6.014159329658027e-07,1.0,3.1278613038877847e-13,3.1278613038877847e-13,stoichiometric,Chromite,2.152027027027027,1.2942633422270822e-06,2.152027027027027,6.73124206275851e-13,0.13754474097331237,0.13754344670997015,0.81,3.5037814391232297e-07,3.5037814391232297e-07
Chromium VI,"('ecoinvent-3.4-biosphere', '7a59e8d5-cd11-4ee7-b1ca-30979d2b0b3a')",Cr,6.014159329658027e-07,6.014159329658027e-07,1.0,3.1278613038877847e-13,3.1278613038877847e-13,stoichiometric,Chromite,2.152027027027027,1.2942633422270822e-06,2.152027027027027,6.73124206275851e-13,0.13754474097331237,0.13754344670997015,0.81,3.5037814391232297e-07,3.5037814391232297e-07
Chromium VI,"('ecoinvent-3.4-biosphere', '81e17d9a-3e0b-414e-9b2e-eca7e5b3bd4a')",Cr,6.014159329658027e-07,6.014159329658027e-07,1.0,3.1278613038877847e-13,3.1278613038877847e-13,stoichiometric,Chromite,2.152027027027027,1.2942633422270822e-06,2.152027027027027,6.73124206275851e-13,0.13754474097331237,0.13754344670997015,0.81,3.5037814391232297e-07,3.5037814391232297e-07
Chromium VI,"('ecoinvent-3.4-biosphere', '68ba2022-830e-45fb-8c85-b35e94754ae9')",Cr,6.014159329658027e-07,6.014159329658027e-07,1.0,3.1278613038877847e-13,3.1278613038877847e-13,stoichiometric,Chromite,2.152027027027027,1.2942633422270822e-06,2.152027027027027,6.73124206275851e-13,0.13754474097331237,0.13754344670997015,0.81,3.5037814391232297e-07,3.5037814391232297e-07
Chromium VI,"('ecoinvent-3.4-biosphere', '8ec83662-7c2b-4452-8acf-95a0bb94233c')",Cr,6.014159329658027e-07,6.014159329658027e-07,1.0,3.1278613038877847e-13,3.1278613038877847e-13,stoichiometric,Chromite,2.152027027027027,1.2942633422270822e-06,2.152027027027027,6.73124206275851e-13,0.13754474097331237,0.13754344670997015,0.81,3.5037814391232297e-07,3.5037814391232297e-07
Chromium VI,"('ecoinvent-3.4-biosphere', 'a9ec0c9b-982a-4329-99ae-dab1f9fb62d3')",Cr,6.014159329658027e-07,6.014159329658027e-07,1.0,3.1278613038877847e-13,3.1278613038877847e-13,stoichiometric,Chromite,2.152027027027027,1.2942633422270822e-06,2.152027027027027,6.73124206275851e-13,0.13754474097331237,0.13754344670997015,0.81,3.5037814391232297e-07,3.5037814391232297e-07
Chromium VI,"('ecoinvent-3.4-biosphere', '8216fc31-15a1-4d33-858f-e09650b14c63')",Cr,6.014159329658027e-07,6.014159329658027e-07,1.0,3.1278613038877847e-13,3.1278613038877847e-13,stoichiometric,Chromite,2.152027027027027,1.2942633422270822e-06,2.152027027027027,6.73124206275851e-13,0.13754474097331237,0.13754344670997015,0.81,3.5037814391232297e-07,3.5037814391232297e-07
Chromium VI,"('ecoinvent-3.4-biosphere', 'c2e854f9-fe22-4fe7-9083-cf6d0a8c7254')",Cr,6.014159329658027e-07,6.014159329658027e-07,1.0,3.1278613038877847e-13,3.1278613038877847e-13,stoichiometric,Chromite,2.152027027027027,1.2942633422270822e-06,2.152027027027027,6.73124206275851e-13,0.13754474097331237,0.13754344670997015,0.81,3.5037814391232297e-07,3.5037814391232297e-07
Chromium VI,"('ecoinvent-3.4-biosphere', 'ef475b50-9cd0-4e7c-9c59-07868fe16e91')",Cr,6.014159329658027e-07,6.014159329658027e-07,1.0,3.1278613038877847e-13,3.1278613038877847e-13,stoichiometric,Chromite,2.152027027027027,1.2942633422270822e-06,2.152027027027027,6.73124206275851e-13,0.13754474097331237,0.13754344670997015,0.81,3.5037814391232297e-07,3.5037814391232297e-07
Chromium VI,"('ecoinvent-3.4-biosphere', '03b279a7-4626-4703-a451-d0650599dbd9')",Cr,6.014159329658027e-07,6.014159329658027e-07,1.0,3.1278613038877847e-13,3.1278613038877847e-13,stoichiometric,Chromite,2.152027027027027,1.2942633422270822e-06,2.152027027027027,6.73124206275851e-13,0.13754474097331237,0.13754344670997015,0.81,3.5037814391232297e-07,3.5037814391232297e-07
Chromium VI,"('ecoinvent-3.4-biosphere', '01285299-c683-4e15-b654-201987a7a738')",Cr,6.014159329658027e-07,6.014159329658027e-07,1.0,3.1278613038877847e-13,3.1278613038877847e-13,stoichiometric,Chromite,2.152027027027027,1.2942633422270822e-06,2.152027027027027,6.73124206275851e-13,0.13754474097331237,0.13754344670997015,0.81,3.5037814391232297e-07,3.5037814391232297e-07
Chromium VI,"('ecoinvent-3.4-biosphere', 'abbd3b09-a7ec-435a-9d01-34cf8581739e')",Cr,6.014159329658027e-07,6.014159329658027e-07,1.0,3.1278613038877847e-13,3.1278613038877847e-13,stoichiometric,Chromite,2.152027027027027,1.2942633422270822e-06,2.152027027027027,6.73124206275851e-13,0.13754474097331237,0.13754344670997015,0.81,3.5037814391232297e-07,3.5037814391232297e-07
Chromium VI,"('ecoinvent-3.4-biosphere', '9bbae55a-35de-4eff-a219-814a9fec5ac2')",Cr,6.014159329658027e-07,6.014159329658027e-07,1.0,3.1278613038877847e-13,3.1278613038877847e-13,stoichiometric,Chromite,2.152027027027027,1.2942633422270822e-06,2.152027027027027,6.73124206275851e-13,0.13754474097331237,0.13754344670997015,0.81,3.5037814391232297e-07,3.5037814391232297e-07
Chromium VI,"('ecoinvent-3.4-biosphere', '58060894-19d9-4855-84d8-58935a5325f8')",Cr,6.014159329658027e-07,6.014159329658027e-07,1.0,3.1278613038877847e-13,3.1278613038877847e-13,stoichiometric,Chromite,2.152027027027027,1.2942633422270822e-06,2.152027027027027,6.73124206275851e-13,0.13754474097331237,0.13754344670997015,0.81,3.5037814391232297e-07,3.5037814391232297e-07
Antimony,"('ecoinvent-3.4-biosphere', '43b29ad9-26dd-4838-b931-6216e55a0120')",Sb,4.299374989734442e-07,4.299374989734442e-07,1.0,2.1834077210692158e-11,2.1834077210692158e-11,stoichiometric,Stibnite,1.3941798941798942,5.994102168227649e-07,1.3941798941798942,3.0440631455118433e-11,0.02711271347248577,0.027112114062268947,0.9,7.413216747996777e-06,7.413216747996777e-06
Antimony,"('ecoinvent-3.4-biosphere', 'fa39136e-1ef6-43c1-af68-104da104568d')",Sb,4.299374989734442e-07,4.299374989734442e-07,1.0,2.1834077210692158e-11,2.1834077210692158e-11,stoichiometric,Stibnite,1.3941798941798942,5.994102168227649e-07,1.3941798941798942,3.0440631455118433e-11,0.02711271347248577,0.027112114062268947,0.9,7.413216747996777e-06,7.413216747996777e-06
Antimony,"('ecoinvent-3.4-biosphere', '2b2369a4-26bb-4b18-8479-752fdf7a5e7f')",Sb,4.299374989734442e-07,4.299374989734442e-07,1.0,2.1834077210692158e-11,2.1834077210692158e-11,stoichiometric,Stibnite,1.3941798941798942,5.994102168227649e-07,1.3941798941798942,3.0440631455118433e-11,0.02711271347248577,0.027112114062268947,0.9,7.413216747996777e-06,7.413216747996777e-06
Antimony,"('ecoinvent-3.4-biosphere', 'c49fb4cd-eed0-4438-9052-9612473cdbae')",Sb,4.299374989734442e-07,4.299374989734442e-07,1.0,2.1834077210692158e-11,2.1834077210692158e-11,stoichiometric,Stibnite,1.3941798941798942,5.994102168227649e-07,1.3941798941798942,3.0440631455118433e-11,0.02711271347248577,0.027112114062268947,0.9,7.413216747996777e-06,7.413216747996777e-06
Antimony,"('ecoinvent-3.4-biosphere', '5df5cb9f-812c-4ce8-ab1c-df6ab4d31900')",Sb,4.299374989734442e-07,4.299374989734442e-07,1.0,2.1834077210692158e-11,2.1834077210692158e-11,stoichiometric,Stibnite,1.3941798941798942,5.994102168227649e-07,1.3941798941798942,3.0440631455118433e-11,0.02711271347248577,0.027112114062268947,0.9,7.413216747996777e-06,7.413216747996777e-06
Antimony,"('ecoinvent-3.4-biosphere', 'b2dc8668-86de-4207-b20e-dc81dea63c98')",Sb,4.299374989734442e-07,4.299374989734442e-07,1.0,2.1834077210692158e-11,2.1834077210692158e-11,stoichiometric,Stibnite,1.3941798941798942,5.994102168227649e-07,1.3941798941798942,3.0440631455118433e-11,0.02711271347248577,0.027112114062268947,0.9,7.413216747996777e-06,7.413216747996777e-06
Antimony,"('ecoinvent-3.4-biosphere', 'f4cf8d5c-f030-4b55-a3af-e3c20b855ee8')",Sb,4.299374989734442e-07,4.299374989734442e-07,1.0,2.1834077210692158e-11,2.1834077210692158e-11,stoichiometric,Stibnite,1.3941798941798942,5.994102168227649e-07,1.3941798941798942,3.0440631455118433e-11,0.02711271347248577,0.027112114062268947,0.9,7.413216747996777e-06,7.413216747996777e-06
Antimony,"('ecoinvent-3.4-biosphere', '7805afa2-d93b-40bb-b841-325b98aec824')",Sb,4.299374989734442e-07,4.299374989734442e-07,1.0,2.1834077210692158e-11,2.1834077210692158e-11,stoichiometric,Stibnite,1.3941798941798942,5.994102168227649e-07,1.3941798941798942,3.0440631455118433e-11,0.02711271347248577,0.027112114062268947,0.9,7.413216747996777e-06,7.413216747996777e-06
Antimony,"('ecoinvent-3.4-biosphere', '183f9856-03ab-464d-9366-8ef62077b510')",Sb,4.299374989734442e-07,4.299374989734442e-07,1.0,2.1834077210692158e-11,2.1834077210692158e-11,stoichiometric,Stibnite,1.3941798941798942,5.994102168227649e-07,1.3941798941798942,3.0440631455118433e-11,0.02711271347248577,0.027112114062268947,0.9,7.413216747996777e-06,7.413216747996777e-06
Antimony,"('ecoinvent-3.4-biosphere', '83cf77ca-867b-4eef-b0f0-78d71b3d91d5')",Sb,4.299374989734442e-07,4.299374989734442e-07,1.0,2.1834077210692158e-11,2.1834077210692158e-11,stoichiometric,Stibnite,1.3941798941798942,5.994102168227649e-07,1.3941798941798942,3.0440631455118433e-11,0.02711271347248577,0.027112114062268947,0.9,7.413216747996777e-06,7.413216747996777e-06
Antimony,"('ecoinvent-3.4-biosphere', '34b96163-a3df-4bc1-8224-e2a9fe01b23f')",Sb,4.299374989734442e-07,4.299374989734442e-07,1.0,2.1834077210692158e-11,2.1834077210692158e-11,stoichiometric,Stibnite,1.3941798941798942,5.994102168227649e-07,1.3941798941798942,3.0440631455118433e-11,0.02711271347248577,0.027112114062268947,0.9,7.413216747996777e-06,7.413216747996777e-06
Antimony,"('ecoinvent-3.4-biosphere', '3ea5684a-6d64-4f96-8c09-1d90f997c9d4')",Sb,4.299374989734442e-07,4.299374989734442e-07,1.0,2.1834077210692158e-11,2.1834077210692158e-11,stoichiometric,Stibnite,1.3941798941798942,5.994102168227649e-07,1.3941798941798942,3.0440631455118433e-11,0.02711271347248577,0.027112114062268947,0.9,7.413216747996777e-06,7.413216747996777e-06
Antimony,"('ecoinvent-3.4-biosphere', '49803ad0-9ca2-4507-a5ea-f152d16c929d')",Sb,4.299374989734442e-07,4.299374989734442e-07,1.0,2.1834077210692158e-11,2.1834077210692158e-11,stoichiometric,Stibnite,1.3941798941798942,5.994102168227649e-07,1.3941798941798942,3.0440631455118433e-11,0.02711271347248577,0.027112114062268947,0.9,7.413216747996777e-06,7.413216747996777e-06
Antimony,"('ecoinvent-3.4-biosphere', '77927dac-dea3-429d-a434-d5a71d92c4f7')",Sb,4.299374989734442e-07,4.299374989734442e-07,1.0,2.1834077210692158e-11,2.1834077210692158e-11,stoichiometric,Stibnite,1.3941798941798942,5.994102168227649e-07,1.3941798941798942,3.0440631455118433e-11,0.02711271347248577,0.027112114062268947,0.9,7.413216747996777e-06,7.413216747996777e-06
Phosphate,"('ecoinvent-3.4-biosphere', '1727b41d-377e-43cd-bc01-9eaba946eccb')",P,3.745477096054786e-07,3.745477096054786e-07,0.3261416642975224,5.53572191877536e-15,5.53572191877536e-15,stoichiometric,Apatite,0.3532544378698225,1.3231064061211288e-07,0.11521099028734964,1.9555183346206452e-15,0.04784087102177553,0.04784073871113492,0.9,2.2254630427599185e-07,2.2254630427599185e-07
Phosphate,"('ecoinvent-3.4-biosphere', 'c8791f3c-3c4a-4278-91c0-483797d14da2')",P,3.745477096054786e-07,3.745477096054786e-07,0.3261416642975224,5.53572191877536e-15,5.53572191877536e-15,stoichiometric,Apatite,0.3532544378698225,1.3231064061211288e-07,0.11521099028734964,1.9555183346206452e-15,0.04784087102177553,0.04784073871113492,0.9,2.2254630427599185e-07,2.2254630427599185e-07
Phosphate,"('ecoinvent-3.4-biosphere', '490b267b-f429-4d9a-ac79-224e37fb4d58')",P,3.745477096054786e-07,3.745477096054786e-07,0.3261416642975224,5.53572191877536e-15,5.53572191877536e-15,stoichiometric,Apatite,0.3532544378698225,1.3231064061211288e-07,0.11521099028734964,1.9555183346206452e-15,0.04784087102177553,0.04784073871113492,0.9,2.2254630427599185e-07,2.2254630427599185e-07
Phosphate,"('ecoinvent-3.4-biosphere', '3aaf9017-0d8a-42aa-9a60-cbc39e994e73')",P,3.745477096054786e-07,3.745477096054786e-07,0.3261416642975224,5.53572191877536e-15,5.53572191877536e-15,stoichiometric,Apatite,0.3532544378698225,1.3231064061211288e-07,0.11521099028734964,1.9555183346206452e-15,0.04784087102177553,0.04784073871113492,0.9,2.2254630427599185e-07,2.2254630427599185e-07
Phosphate,"('ecoinvent-3.4-biosphere', '329fc7d8-4011-4327-84e4-34ff76f0e42d')",P,3.745477096054786e-07,3.745477096054786e-07,0.3261416642975224,5.53572191877536e-15,5.53572191877536e-15,stoichiometric,Apatite,0.3532544378698225,1.3231064061211288e-07,0.11521099028734964,1.9555183346206452e-15,0.04784087102177553,0.04784073871113492,0.9,2.2254630427599185e-07,2.2254630427599185e-07
Molybdenum,"('ecoinvent-3.4-biosphere', '442511cc-a98b-4242-9229-5736cb9a9399')",Mo,1.277470399331859e-07,1.277470399331859e-07,1.0,1.6532043483883647e-13,1.6532043483883647e-13,stoichiometric,Molybdenite,1.6700000000000004,2.133375566884205e-07,1.6700000000000004,2.7608512618085697e-13,0.0001796407185628742,0.00017942738100618576,0.9176761103880936,0.017359599229628406,0.017359599229628406
Molybdenum,"('ecoinvent-3.4-biosphere', '697e8ecf-bdbe-4857-92c9-e01960c91db7')",Mo,1.277470399331859e-07,1.277470399331859e-07,1.0,1.6532043483883647e-13,1.6532043483883647e-13,stoichiometric,Molybdenite,1.6700000000000004,2.133375566884205e-07,1.6700000000000004,2.7608512618085697e-13,0.0001796407185628742,0.00017942738100618576,0.9176761103880936,0.017359599229628406,0.017359599229628406
Molybdenum,"('ecoinvent-3.4-biosphere', '9cf3a683-ed3d-40e9-b039-7653e4fc9e20')",Mo,1.277470399331859e-07,1.277470399331859e-07,1.0,1.6532043483883647e-13,1.6532043483883647e-13,stoichiometric,Molybdenite,1.6700000000000004,2.133375566884205e-07,1.6700000000000004,2.7608512618085697e-13,0.0001796407185628742,0.00017942738100618576,0.9176761103880936,0.017359599229628406,0.017359599229628406
Molybdenum,"('ecoinvent-3.4-biosphere', '7d3f7498-3596-478a-9fa1-72201ef94082')",Mo,1.277470399331859e-07,1.277470399331859e-07,1.0,1.6532043483883647e-13,1.6532043483883647e-13,stoichiometric,Molybdenite,1.6700000000000004,2.133375566884205e-07,1.6700000000000004,2.7608512618085697e-13,0.0001796407185628742,0.00017942738100618576,0.9176761103880936,0.017359599229628406,0.017359599229628406
Molybdenum,"('ecoinvent-3.4-biosphere', '5fa36ce3-aed0-443b-a09d-4cdf25b41995')",Mo,1.277470399331859e-07,1.277470399331859e-07,1.0,1.6532043483883647e-13,1.6532043483883647e-13,stoichiometric,Molybdenite,1.6700000000000004,2.133375566884205e-07,1.6700000000000004,2.7608512618085697e-13,0.0001796407185628742,0.00017942738100618576,0.9176761103880936,0.017359599229628406,0.017359599229628406
Molybdenum,"('ecoinvent-3.4-biosphere', '35b4d818-1019-413b-b99d-d351d8a67ac4')",Mo,1.277470399331859e-07,1.277470399331859e-07,1.0,1.6532043483883647e-13,1.6532043483883647e-13,stoichiometric,Molybdenite,1.6700000000000004,2.133375566884205e-07,1.6700000000000004,2.7608512618085697e-13,0.0001796407185628742,0.00017942738100618576,0.9176761103880936,0.017359599229628406,0.017359599229628406
Molybdenum,"('ecoinvent-3.4-biosphere', 'fdaaef05-0d10-4032-b2e7-85cae3c7bd5c')",Mo,1.277470399331859e-07,1.277470399331859e-07,1.0,1.6532043483883647e-13,1.6532043483883647e-13,stoichiometric,Molybdenite,1.6700000000000004,2.133375566884205e-07,1.6700000000000004,2.7608512618085697e-13,0.0001796407185628742,0.00017942738100618576,0.9176761103880936,0.017359599229628406,0.017359599229628406
Molybdenum,"('ecoinvent-3.4-biosphere', '640e30d2-3158-4a1a-82ef-fd0c72922c9a')",Mo,1.277470399331859e-07,1.277470399331859e-07,1.0,1.6532043483883647e-13,1.6532043483883647e-13,stoichiometric,Molybdenite,1.6700000000000004,2.133375566884205e-07,1.6700000000000004,2.7608512618085697e-13,0.0001796407185628742,0.00017942738100618576,0.9176761103880936,0.017359599229628406,0.017359599229628406
Molybdenum,"('ecoinvent-3.4-biosphere', '163926e2-b4cc-42bb-ba7d-401028140985')",Mo,1.277470399331859e-07,1.277470399331859e-07,1.0,1.6532043483883647e-13,1.6532043483883647e-13,stoichiometric,Molybdenite,1.6700000000000004,2.133375566884205e-07,1.6700000000000004,2.7608512618085697e-13,0.0001796407185628742,0.00017942738100618576,0.9176761103880936,0.017359599229628406,0.017359599229628406
Molybdenum,"('ecoinvent-3.4-biosphere', 'c126f8a0-6bc4-42e6-9220-d6ccfef3f2ed')",Mo,1.277470399331859e-07,1.277470399331859e-07,1.0,1.6532043483883647e-13,1.6532043483883647e-13,stoichiometric,Molybdenite,1.6700000000000004,2.133375566884205e-07,1.6700000000000004,2.7608512618085697e-13,0.0001796407185628742,0.00017942738100618576,0.9176761103880936,0.017359599229628406,0.017359599229628406
Molybdenum,"('ecoinvent-3.4-biosphere', '1f3c2297-d652-468d-82e8-4fd59bf5b5b8')",Mo,1.277470399331859e-07,1.277470399331859e-07,1.0,1.6532043483883647e-13,1.6532043483883647e-13,stoichiometric,Molybdenite,1.6700000000000004,2.133375566884205e-07,1.6700000000000004,2.7608512618085697e-13,0.0001796407185628742,0.00017942738100618576,0.9176761103880936,0.017359599229628406,0.017359599229628406
Molybdenum,"('ecoinvent-3.4-biosphere', '8b531ec0-ca7a-49cd-bef0-56f110112f34')",Mo,1.277470399331859e-07,1.277470399331859e-07,1.0,1.6532043483883647e-13,1.6532043483883647e-13,stoichiometric,Molybdenite,1.6700000000000004,2.133375566884205e-07,1.6700000000000004,2.7608512618085697e-13,0.0001796407185628742,0.00017942738100618576,0.9176761103880936,0.017359599229628406,0.017359599229628406
Molybdenum,"('ecoinvent-3.4-biosphere', 'c26d4716-ce1e-43da-a662-cd9498b1e8bc')",Mo,1.277470399331859e-07,1.277470399331859e-07,1.0,1.6532043483883647e-13,1.6532043483883647e-13,stoichiometric,Molybdenite,1.6700000000000004,2.133375566884205e-07,1.6700000000000004,2.7608512618085697e-13,0.0001796407185628742,0.00017942738100618576,0.9176761103880936,0.017359599229628406,0.017359599229628406
Molybdenum,"('ecoinvent-3.4-biosphere', '3822809c-cc03-469d-ac2a-9f85842f8440')",Mo,1.277470399331859e-07,1.277470399331859e-07,1.0,1.6532043483883647e-13,1.6532043483883647e-13,stoichiometric,Molybdenite,1.6700000000000004,2.133375566884205e-07,1.6700000000000004,2.7608512618085697e-13,0.0001796407185628742,0.00017942738100618576,0.9176761103880936,0.017359599229628406,0.017359599229628406
"Iron, ion","('ecoinvent-3.4-biosphere', '7c335b9c-a403-47a8-bb6d-2e7d3c3a230e')",Fe,1.0466815270328684e-07,1.0466815270328684e-07,1.0,9.645225823667623e-15,9.645225823667623e-15,stoichiometric,Hematite,1.0,1.0466815270328684e-07,1.0,9.645225823667623e-15,0.73,0.7299998953318473,0.95,3.048521460877756e-07,3.048521460877756e-07
"Iron, ion","('ecoinvent-3.4-biosphere', '9b6d6f07-ebc6-447d-a3c0-f2017d77d852')",Fe,1.0466815270328684e-07,1.0466815270328684e-07,1.0,9.645225823667623e-15,9.645225823667623e-15,stoichiometric,Hematite,1.0,1.0466815270328684e-07,1.0,9.645225823667623e-15,0.73,0.7299998953318473,0.95,3.048521460877756e-07,3.048521460877756e-07
"Iron, ion","('ecoinvent-3.4-biosphere', '2c9a7182-37c8-4777-a37a-9a007c3edb2f')",Fe,1.0466815270328684e-07,1.0466815270328684e-07,1.0,9.645225823667623e-15,9.645225823667623e-15,stoichiometric,Hematite,1.0,1.0466815270328684e-07,1.0,9.645225823667623e-15,0.73,0.7299998953318473,0.95,3.048521460877756e-07,3.048521460877756e-07
"Iron, ion","('ecoinvent-3.4-biosphere', 'de444dc0-5964-4501-8367-50ba53bfc6b9')",Fe,1.0466815270328684e-07,1.0466815270328684e-07,1.0,9.645225823667623e-15,9.645225823667623e-15,stoichiometric,Hematite,1.0,1.0466815270328684e-07,1.0,9.645225823667623e-15,0.73,0.7299998953318473,0.95,3.048521460877756e-07,3.048521460877756e-07
"Iron, ion","('ecoinvent-3.4-biosphere', '33fd8342-58e7-45c9-ad92-0951c002c403')",Fe,1.0466815270328684e-07,1.0466815270328684e-07,1.0,9.645225823667623e-15,9.645225823667623e-15,stoichiometric,Hematite,1.0,1.0466815270328684e-07,1.0,9.645225823667623e-15,0.73,0.7299998953318473,0.95,3.048521460877756e-07,3.048521460877756e-07
Antimony,"('ecoinvent-3.4-biosphere', '43b29ad9-26dd-4838-b931-6216e55a0120')",Sb,9.527999624258967e-08,9.527999624258967e-08,1.0,2.1834077210692158e-11,2.1834077210692158e-11,stoichiometric,Stibnite,1.3941798941798942,1.3283745507895437e-07,1.3941798941798942,3.0440631455118433e-11,0.02711271347248577,0.027112580635030692,0.9,1.642848335265591e-06,1.642848335265591e-06
Antimony,"('ecoinvent-3.4-biosphere', 'fa39136e-1ef6-43c1-af68-104da104568d')",Sb,9.527999624258967e-08,9.527999624258967e-08,1.0,2.1834077210692158e-11,2.1834077210692158e-11,stoichiometric,Stibnite,1.3941798941798942,1.3283745507895437e-07,1.3941798941798942,3.0440631455118433e-11,0.02711271347248577,0.027112580635030692,0.9,1.642848335265591e-06,1.642848335265591e-06
Antimony,"('ecoinvent-3.4-biosphere', '2b2369a4-26bb-4b18-8479-752fdf7a5e7f')",Sb,9.527999624258967e-08,9.527999624258967e-08,1.0,2.1834077210692158e-11,2.1834077210692158e-11,stoichiometric,Stibnite,1.3941798941798942,1.3283745507895437e-07,1.3941798941798942,3.0440631455118433e-11,0.02711271347248577,0.027112580635030692,0.9,1.642848335265591e-06,1.642848335265591e-06
Antimony,"('ecoinvent-3.4-biosphere', 'c49fb4cd-eed0-4438-9052-9612473cdbae')",Sb,9.527999624258967e-08,9.527999624258967e-08,1.0,2.1834077210692158e-11,2.1834077210692158e-11,stoichiometric,Stibnite,1.3941798941798942,1.3283745507895437e-07,1.3941798941798942,3.0440631455118433e-11,0.02711271347248577,0.027112580635030692,0.9,1.642848335265591e-06,1.642848335265591e-06
Antimony,"('ecoinvent-3.4-biosphere', '5df5cb9f-812c-4ce8-ab1c-df6ab4d31900')",Sb,9.527999624258967e-08,9.527999624258967e-08,1.0,2.1834077210692158e-11,2.1834077210692158e-11,stoichiometric,Stibnite,1.3941798941798942,1.3283745507895437e-07,1.3941798941798942,3.0440631455118433e-11,0.02711271347248577,0.027112580635030692,0.9,1.642848335265591e-06,1.642848335265591e-06
Antimony,"('ecoinvent-3.4-biosphere', 'b2dc8668-86de-4207-b20e-dc81dea63c98')",Sb,9.527999624258967e-08,9.527999624258967e-08,1.0,2.1834077210692158e-11,2.1834077210692158e-11,stoichiometric,Stibnite,1.3941798941798942,1.3283745507895437e-07,1.3941798941798942,3.0440631455118433e-11,0.02711271347248577,0.027112580635030692,0.9,1.642848335265591e-06,1.642848335265591e-06
Antimony,"('ecoinvent-3.4-biosphere', 'f4cf8d5c-f030-4b55-a3af-e3c20b855ee8')",Sb,9.527999624258967e-08,9.527999624258967e-08,1.0,2.1834077210692158e-11,2.1834077210692158e-11,stoichiometric,Stibnite,1.3941798941798942,1.3283745507895437e-07,1.3941798941798942,3.0440631455118433e-11,0.02711271347248577,0.027112580635030692,0.9,1.642848335265591e-06,1.642848335265591e-06
Antimony,"('ecoinvent-3.4-biosphere', '7805afa2-d93b-40bb-b841-325b98aec824')",Sb,9.527999624258967e-08,9.527999624258967e-08,1.0,2.1834077210692158e-11,2.1834077210692158e-11,stoichiometric,Stibnite,1.3941798941798942,1.3283745507895437e-07,1.3941798941798942,3.0440631455118433e-11,0.02711271347248577,0.027112580635030692,0.9,1.642848335265591e-06,1.642848335265591e-06
Antimony,"('ecoinvent-3.4-biosphere', '183f9856-03ab-464d-9366-8ef62077b510')",Sb,9.527999624258967e-08,9.527999624258967e-08,1.0,2.1834077210692158e-11,2.1834077210692158e-11,stoichiometric,Stibnite,1.3941798941798942,1.3283745507895437e-07,1.3941798941798942,3.0440631455118433e-11,0.02711271347248577,0.027112580635030692,0.9,1.642848335265591e-06,1.642848335265591e-06
Antimony,"('ecoinvent-3.4-biosphere', '83cf77ca-867b-4eef-b0f0-78d71b3d91d5')",Sb,9.527999624258967e-08,9.527999624258967e-08,1.0,2.1834077210692158e-11,2.1834077210692158e-11,stoichiometric,Stibnite,1.3941798941798942,1.3283745507895437e-07,1.3941798941798942,3.0440631455118433e-11,0.02711271347248577,0.027112580635030692,0.9,1.642848335265591e-06,1.642848335265591e-06
Antimony,"('ecoinvent-3.4-biosphere', '34b96163-a3df-4bc1-8224-e2a9fe01b23f')",Sb,9.527999624258967e-08,9.527999624258967e-08,1.0,2.1834077210692158e-11,2.1834077210692158e-11,stoichiometric,Stibnite,1.3941798941798942,1.3283745507895437e-07,1.3941798941798942,3.0440631455118433e-11,0.02711271347248577,0.027112580635030692,0.9,1.642848335265591e-06,1.642848335265591e-06
Antimony,"('ecoinvent-3.4-biosphere', '3ea5684a-6d64-4f96-8c09-1d90f997c9d4')",Sb,9.527999624258967e-08,9.527999624258967e-08,1.0,2.1834077210692158e-11,2.1834077210692158e-11,stoichiometric,Stibnite,1.3941798941798942,1.3283745507895437e-07,1.3941798941798942,3.0440631455118433e-11,0.02711271347248577,0.027112580635030692,0.9,1.642848335265591e-06,1.642848335265591e-06
Antimony,"('ecoinvent-3.4-biosphere', '49803ad0-9ca2-4507-a5ea-f152d16c929d')",Sb,9.527999624258967e-08,9.527999624258967e-08,1.0,2.1834077210692158e-11,2.1834077210692158e-11,stoichiometric,Stibnite,1.3941798941798942,1.3283745507895437e-07,1.3941798941798942,3.0440631455118433e-11,0.02711271347248577,0.027112580635030692,0.9,1.642848335265591e-06,1.642848335265591e-06
Antimony,"('ecoinvent-3.4-biosphere', '77927dac-dea3-429d-a434-d5a71d92c4f7')",Sb,9.527999624258967e-08,9.527999624258967e-08,1.0,2.1834077210692158e-11,2.1834077210692158e-11,stoichiometric,Stibnite,1.3941798941798942,1.3283745507895437e-07,1.3941798941798942,3.0440631455118433e-11,0.02711271347248577,0.027112580635030692,0.9,1.642848335265591e-06,1.642848335265591e-06
Manganese,"('ecoinvent-3.4-biosphere', '6b7fbea6-4a86-40f9-954d-3c9b3611abfd')",Mn,8.246733593925348e-08,8.246733593925348e-08,1.0,6.485008032108113e-14,6.485008032108113e-14,stoichiometric,Pyrolusite,1.5822784810126582,1.304862910431226e-07,1.5822784810126582,1.0261088658398912e-13,0.199712,0.19971186951370895,0.6709603911825677,7.574487851677513e-08,7.574487851677513e-08
Manganese,"('ecoinvent-3.4-biosphere', '44f28e11-061d-44fd-8f25-dc62a9f1fa57')",Mn,8.246733593925348e-08,8.246733593925348e-08,1.0,6.485008032108113e-14,6.485008032108113e-14,stoichiometric,Pyrolusite,1.5822784810126582,1.304862910431226e-07,1.5822784810126582,1.0261088658398912e-13,0.199712,0.19971186951370895,0.6709603911825677,7.574487851677513e-08,7.574487851677513e-08
Manganese,"('ecoinvent-3.4-biosphere', '9c706cff-cb82-4207-a589-95896e04dc08')",Mn,8.246733593925348e-08,8.246733593925348e-08,1.0,6.485008032108113e-14,6.485008032108113e-14,stoichiometric,Pyrolusite,1.5822784810126582,1.304862910431226e-07,1.5822784810126582,1.0261088658398912e-13,0.199712,0.19971186951370895,0.6709603911825677,7.574487851677513e-08,7.574487851677513e-08
Manganese,"('ecoinvent-3.4-biosphere', '9ba8c05d-1593-45a5-8d3b-5c4f3e9fef32')",Mn,8.246733593925348e-08,8.246733593925348e-08,1.0,6.485008032108113e-14,6.485008032108113e-14,stoichiometric,Pyrolusite,1.5822784810126582,1.304862910431226e-07,1.5822784810126582,1.0261088658398912e-13,0.199712,0.19971186951370895,0.6709603911825677,7.574487851677513e-08,7.574487851677513e-08
Manganese,"('ecoinvent-3.4-biosphere', '835d0907-a668-4d92-b6b6-7b56fa343713')",Mn,8.246733593925348e-08,8.246733593925348e-08,1.0,6.485008032108113e-14,6.485008032108113e-14,stoichiometric,Pyrolusite,1.5822784810126582,1.304862910431226e-07,1.5822784810126582,1.0261088658398912e-13,0.199712,0.19971186951370895,0.6709603911825677,7.574487851677513e-08,7.574487851677513e-08
Manganese,"('ecoinvent-3.4-biosphere', '2460f868-54a9-404c-bec8-c809a44ae72c')",Mn,8.246733593925348e-08,8.246733593925348e-08,1.0,6.485008032108113e-14,6.485008032108113e-14,stoichiometric,Pyrolusite,1.5822784810126582,1.304862910431226e-07,1.5822784810126582,1.0261088658398912e-13,0.199712,0.19971186951370895,0.6709603911825677,7.574487851677513e-08,7.574487851677513e-08
Manganese,"('ecoinvent-3.4-biosphere', '10cbd2f7-c41b-4bb4-b636-d8fc15cf0282')",Mn,8.246733593925348e-08,8.246733593925348e-08,1.0,6.485008032108113e-14,6.485008032108113e-14,stoichiometric,Pyrolusite,1.5822784810126582,1.304862910431226e-07,1.5822784810126582,1.0261088658398912e-13,0.199712,0.19971186951370895,0.6709603911825677,7.574487851677513e-08,7.574487851677513e-08
Manganese,"('ecoinvent-3.4-biosphere', '295060ba-3c3d-45e4-99ca-e17b1204b553')",Mn,8.246733593925348e-08,8.246733593925348e-08,1.0,6.485008032108113e-14,6.485008032108113e-14,stoichiometric,Pyrolusite,1.5822784810126582,1.304862910431226e-07,1.5822784810126582,1.0261088658398912e-13,0.199712,0.19971186951370895,0.6709603911825677,7.574487851677513e-08,7.574487851677513e-08
Manganese,"('ecoinvent-3.4-biosphere', 'b0546417-3064-4878-bd6f-2da75cefdf63')",Mn,8.246733593925348e-08,8.246733593925348e-08,1.0,6.485008032108113e-14,6.485008032108113e-14,stoichiometric,Pyrolusite,1.5822784810126582,1.304862910431226e-07,1.5822784810126582,1.0261088658398912e-13,0.199712,0.19971186951370895,0.6709603911825677,7.574487851677513e-08,7.574487851677513e-08
Manganese,"('ecoinvent-3.4-biosphere', 'c91fd4bf-ed70-4e2f-a34f-159773f981b6')",Mn,8.246733593925348e-08,8.246733593925348e-08,1.0,6.485008032108113e-14,6.485008032108113e-14,stoichiometric,Pyrolusite,1.5822784810126582,1.304862910431226e-07,1.5822784810126582,1.0261088658398912e-13,0.199712,0.19971186951370895,0.6709603911825677,7.574487851677513e-08,7.574487851677513e-08
Manganese,"('ecoinvent-3.4-biosphere', '0af26a55-d357-469f-abad-8ced785cb4fb')",Mn,8.246733593925348e-08,8.246733593925348e-08,1.0,6.485008032108113e-14,6.485008032108113e-14,stoichiometric,Pyrolusite,1.5822784810126582,1.304862910431226e-07,1.5822784810126582,1.0261088658398912e-13,0.199712,0.19971186951370895,0.6709603911825677,7.574487851677513e-08,7.574487851677513e-08
Manganese,"('ecoinvent-3.4-biosphere', '42053ffb-9284-49cb-88f9-33ac5c77be4a')",Mn,8.246733593925348e-08,8.246733593925348e-08,1.0,6.485008032108113e-14,6.485008032108113e-14,stoichiometric,Pyrolusite,1.5822784810126582,1.304862910431226e-07,1.5822784810126582,1.0261088658398912e-13,0.199712,0.19971186951370895,0.6709603911825677,7.574487851677513e-08,7.574487851677513e-08
Manganese,"('ecoinvent-3.4-biosphere', 'f532985c-90b7-46fc-aac9-b039b40e22f1')",Mn,8.246733593925348e-08,8.246733593925348e-08,1.0,6.485008032108113e-14,6.485008032108113e-14,stoichiometric,Pyrolusite,1.5822784810126582,1.304862910431226e-07,1.5822784810126582,1.0261088658398912e-13,0.199712,0.19971186951370895,0.6709603911825677,7.574487851677513e-08,7.574487851677513e-08
Manganese,"('ecoinvent-3.4-biosphere', '009a49e8-09a7-4432-9cb9-f2dd18e8f922')",Mn,8.246733593925348e-08,8.246733593925348e-08,1.0,6.485008032108113e-14,6.485008032108113e-14,stoichiometric,Pyrolusite,1.5822784810126582,1.304862910431226e-07,1.5822784810126582,1.0261088658398912e-13,0.199712,0.19971186951370895,0.6709603911825677,7.574487851677513e-08,7.574487851677513e-08
Aluminium,"('ecoinvent-3.4-biosphere', '7880e65c-0321-4295-ba55-3186ad36e489')",Al,8.158586916574836e-08,8.158586916574836e-08,1.0,6.422536676269254e-14,6.422536676269254e-14,stoichiometric,Bauxite (Gibbsite),2.8930041152263373,2.3602825524082756e-07,2.8930041152263373,1.8580425034639034e-13,0.08399573257467995,0.0839954965464247,0.95,2.7759816122823828e-05,2.7759816122823828e-05
Aluminium,"('ecoinvent-3.4-biosphere', '46e63323-cffd-4c46-829b-5f006b50fa9b')",Al,8.158586916574836e-08,8.158586916574836e-08,1.0,6.422536676269254e-14,6.422536676269254e-14,stoichiometric,Bauxite (Gibbsite),2.8930041152263373,2.3602825524082756e-07,2.8930041152263373,1.8580425034639034e-13,0.08399573257467995,0.0839954965464247,0.95,2.7759816122823828e-05,2.7759816122823828e-05
Aluminium,"('ecoinvent-3.4-biosphere', '39555a26-d28b-425f-993f-e8770ab7d9cf')",Al,8.158586916574836e-08,8.158586916574836e-08,1.0,6.422536676269254e-14,6.422536676269254e-14,stoichiometric,Bauxite (Gibbsite),2.8930041152263373,2.3602825524082756e-07,2.8930041152263373,1.8580425034639034e-13,0.08399573257467995,0.0839954965464247,0.95,2.7759816122823828e-05,2.7759816122823828e-05
Aluminium,"('ecoinvent-3.4-biosphere', 'd96403bf-902e-4b7a-8ffd-32fe09e4017f')",Al,8.158586916574836e-08,8.158586916574836e-08,1.0,6.422536676269254e-14,6.422536676269254e-14,stoichiometric,Bauxite (Gibbsite),2.8930041152263373,2.3602825524082756e-07,2.8930041152263373,1.8580425034639034e-13,0.08399573257467995,0.0839954965464247,0.95,2.7759816122823828e-05,2.7759816122823828e-05
Aluminium,"('ecoinvent-3.4-biosphere', '0ace7678-a181-48e8-8728-d912a8b56c57')",Al,8.158586916574836e-08,8.158586916574836e-08,1.0,6.422536676269254e-14,6.422536676269254e-14,stoichiometric,Bauxite (Gibbsite),2.8930041152263373,2.3602825524082756e-07,2.8930041152263373,1.8580425034639034e-13,0.08399573257467995,0.0839954965464247,0.95,2.7759816122823828e-05,2.7759816122823828e-05
Aluminium,"('ecoinvent-3.4-biosphere', '9c3bd678-1b2f-4b95-a245-d5c8a3fe326b')",Al,8.158586916574836e-08,8.158586916574836e-08,1.0,6.422536676269254e-14,6.422536676269254e-14,stoichiometric,Bauxite (Gibbsite),2.8930041152263373,2.3602825524082756e-07,2.8930041152263373,1.8580425034639034e-13,0.08399573257467995,0.0839954965464247,0.95,2.7759816122823828e-05,2.7759816122823828e-05
Aluminium,"('ecoinvent-3.4-biosphere', '01056d4b-f9b0-4dfc-b8d9-8407c8376efb')",Al,8.158586916574836e-08,8.158586916574836e-08,1.0,6.422536676269254e-14,6.422536676269254e-14,stoichiometric,Bauxite (Gibbsite),2.8930041152263373,2.3602825524082756e-07,2.8930041152263373,1.8580425034639034e-13,0.08399573257467995,0.0839954965464247,0.95,2.7759816122823828e-05,2.7759816122823828e-05
Aluminium,"('ecoinvent-3.4-biosphere', '765546a9-b056-4d27-ad14-2f016511bdcb')",Al,8.158586916574836e-08,8.158586916574836e-08,1.0,6.422536676269254e-14,6.422536676269254e-14,stoichiometric,Bauxite (Gibbsite),2.8930041152263373,2.3602825524082756e-07,2.8930041152263373,1.8580425034639034e-13,0.08399573257467995,0.0839954965464247,0.95,2.7759816122823828e-05,2.7759816122823828e-05
Aluminium,"('ecoinvent-3.4-biosphere', '6f0b8b7c-3888-4174-b7e3-916d42d678ee')",Al,8.158586916574836e-08,8.158586916574836e-08,1.0,6.422536676269254e-14,6.422536676269254e-14,stoichiometric,Bauxite (Gibbsite),2.8930041152263373,2.3602825524082756e-07,2.8930041152263373,1.8580425034639034e-13,0.08399573257467995,0.0839954965464247,0.95,2.7759816122823828e-05,2.7759816122823828e-05
Aluminium,"('ecoinvent-3.4-biosphere', '2e0c9efa-d55c-49db-8be3-0376d5921ff4')",Al,8.158586916574836e-08,8.158586916574836e-08,1.0,6.422536676269254e-14,6.422536676269254e-14,stoichiometric,Bauxite (Gibbsite),2.8930041152263373,2.3602825524082756e-07,2.8930041152263373,1.8580425034639034e-13,0.08399573257467995,0.0839954965464247,0.95,2.7759816122823828e-05,2.7759816122823828e-05
Aluminium,"('ecoinvent-3.4-biosphere', '97e498ec-f323-4ec6-bcc0-d8a4c853bae3')",Al,8.158586916574836e-08,8.158586916574836e-08,1.0,6.422536676269254e-14,6.422536676269254e-14,stoichiometric,Bauxite (Gibbsite),2.8930041152263373,2.3602825524082756e-07,2.8930041152263373,1.8580425034639034e-13,0.08399573257467995,0.0839954965464247,0.95,2.7759816122823828e-05,2.7759816122823828e-05
Aluminium,"('ecoinvent-3.4-biosphere', 'e0401210-0377-4670-84af-12247ca20bed')",Al,8.158586916574836e-08,8.158586916574836e-08,1.0,6.422536676269254e-14,6.422536676269254e-14,stoichiometric,Bauxite (Gibbsite),2.8930041152263373,2.3602825524082756e-07,2.8930041152263373,1.8580425034639034e-13,0.08399573257467995,0.0839954965464247,0.95,2.7759816122823828e-05,2.7759816122823828e-05
Aluminium,"('ecoinvent-3.4-biosphere', 'ff65658c-2d39-44a2-b23e-7ec3c644f064')",Al,8.158586916574836e-08,8.158586916574836e-08,1.0,6.422536676269254e-14,6.422536676269254e-14,stoichiometric,Bauxite (Gibbsite),2.8930041152263373,2.3602825524082756e-07,2.8930041152263373,1.8580425034639034e-13,0.08399573257467995,0.0839954965464247,0.95,2.7759816122823828e-05,2.7759816122823828e-05
Aluminium,"('ecoinvent-3.4-biosphere', '2baa4381-b781-4f5e-90de-508b0fa3fd1f')",Al,8.158586916574836e-08,8.158586916574836e-08,1.0,6.422536676269254e-14,6.422536676269254e-14,stoichiometric,Bauxite (Gibbsite),2.8930041152263373,2.3602825524082756e-07,2.8930041152263373,1.8580425034639034e-13,0.08399573257467995,0.0839954965464247,0.95,2.7759816122823828e-05,2.7759816122823828e-05
Antimony,"('ecoinvent-3.4-biosphere', '43b29ad9-26dd-4838-b931-6216e55a0120')",Sb,6.335346181050398e-08,6.335346181050398e-08,1.0,2.1834077210692158e-11,2.1834077210692158e-11,stoichiometric,Stibnite,1.3941798941798942,8.832612268289841e-08,1.3941798941798942,3.0440631455118433e-11,0.02711271347248577,0.027112625146363086,0.9,1.0923594094878515e-06,1.0923594094878515e-06
Antimony,"('ecoinvent-3.4-biosphere', 'fa39136e-1ef6-43c1-af68-104da104568d')",Sb,6.335346181050398e-08,6.335346181050398e-08,1.0,2.1834077210692158e-11,2.1834077210692158e-11,stoichiometric,Stibnite,1.3941798941798942,8.832612268289841e-08,1.3941798941798942,3.0440631455118433e-11,0.02711271347248577,0.027112625146363086,0.9,1.0923594094878515e-06,1.0923594094878515e-06
Antimony,"('ecoinvent-3.4-biosphere', '2b2369a4-26bb-4b18-8479-752fdf7a5e7f')",Sb,6.335346181050398e-08,6.335346181050398e-08,1.0,2.1834077210692158e-11,2.1834077210692158e-11,stoichiometric,Stibnite,1.3941798941798942,8.832612268289841e-08,1.3941798941798942,3.0440631455118433e-11,0.02711271347248577,0.027112625146363086,0.9,1.0923594094878515e-06,1.0923594094878515e-06
Antimony,"('ecoinvent-3.4-biosphere', 'c49fb4cd-eed0-4438-9052-9612473cdbae')",Sb,6.335346181050398e-08,6.335346181050398e-08,1.0,2.1834077210692158e-11,2.1834077210692158e-11,stoichiometric,Stibnite,1.3941798941798942,8.832612268289841e-08,1.3941798941798942,3.0440631455118433e-11,0.02711271347248577,0.027112625146363086,0.9,1.0923594094878515e-06,1.0923594094878515e-06
Antimony,"('ecoinvent-3.4-biosphere', '5df5cb9f-812c-4ce8-ab1c-df6ab4d31900')",Sb,6.335346181050398e-08,6.335346181050398e-08,1.0,2.1834077210692158e-11,2.1834077210692158e-11,stoichiometric,Stibnite,1.3941798941798942,8.832612268289841e-08,1.3941798941798942,3.0440631455118433e-11,0.02711271347248577,0.027112625146363086,0.9,1.0923594094878515e-06,1.0923594094878515e-06
Antimony,"('ecoinvent-3.4-biosphere', 'b2dc8668-86de-4207-b20e-dc81dea63c98')",Sb,6.335346181050398e-08,6.335346181050398e-08,1.0,2.1834077210692158e-11,2.1834077210692158e-11,stoichiometric,Stibnite,1.3941798941798942,8.832612268289841e-08,1.3941798941798942,3.0440631455118433e-11,0.02711271347248577,0.027112625146363086,0.9,1.0923594094878515e-06,1.0923594094878515e-06
Antimony,"('ecoinvent-3.4-biosphere', 'f4cf8d5c-f030-4b55-a3af-e3c20b855ee8')",Sb,6.335346181050398e-08,6.335346181050398e-08,1.0,2.1834077210692158e-11,2.1834077210692158e-11,stoichiometric,Stibnite,1.3941798941798942,8.832612268289841e-08,1.3941798941798942,3.0440631455118433e-11,0.02711271347248577,0.027112625146363086,0.9,1.0923594094878515e-06,1.0923594094878515e-06
Antimony,"('ecoinvent-3.4-biosphere', '7805afa2-d93b-40bb-b841-325b98aec824')",Sb,6.335346181050398e-08,6.335346181050398e-08,1.0,2.1834077210692158e-11,2.1834077210692158e-11,stoichiometric,Stibnite,1.3941798941798942,8.832612268289841e-08,1.3941798941798942,3.0440631455118433e-11,0.02711271347248577,0.027112625146363086,0.9,1.0923594094878515e-06,1.0923594094878515e-06
Antimony,"('ecoinvent-3.4-biosphere', '183f9856-03ab-464d-9366-8ef62077b510')",Sb,6.335346181050398e-08,6.335346181050398e-08,1.0,2.1834077210692158e-11,2.1834077210692158e-11,stoichiometric,Stibnite,1.3941798941798942,8.832612268289841e-08,1.3941798941798942,3.0440631455118433e-11,0.02711271347248577,0.027112625146363086,0.9,1.0923594094878515e-06,1.0923594094878515e-06
Antimony,"('ecoinvent-3.4-biosphere', '83cf77ca-867b-4eef-b0f0-78d71b3d91d5')",Sb,6.335346181050398e-08,6.335346181050398e-08,1.0,2.1834077210692158e-11,2.1834077210692158e-11,stoichiometric,Stibnite,1.3941798941798942,8.832612268289841e-08,1.3941798941798942,3.0440631455118433e-11,0.02711271347248577,0.027112625146363086,0.9,1.0923594094878515e-06,1.0923594094878515e-06
Antimony,"('ecoinvent-3.4-biosphere', '34b96163-a3df-4bc1-8224-e2a9fe01b23f')",Sb,6.335346181050398e-08,6.335346181050398e-08,1.0,2.1834077210692158e-11,2.1834077210692158e-11,stoichiometric,Stibnite,1.3941798941798942,8.832612268289841e-08,1.3941798941798942,3.0440631455118433e-11,0.02711271347248577,0.027112625146363086,0.9,1.0923594094878515e-06,1.0923594094878515e-06
Antimony,"('ecoinvent-3.4-biosphere', '3ea5684a-6d64-4f96-8c09-1d90f997c9d4')",Sb,6.335346181050398e-08,6.335346181050398e-08,1.0,2.1834077210692158e-11,2.1834077210692158e-11,stoichiometric,Stibnite,1.3941798941798942,8.832612268289841e-08,1.3941798941798942,3.0440631455118433e-11,0.02711271347248577,0.027112625146363086,0.9,1.0923594094878515e-06,1.0923594094878515e-06
Antimony,"('ecoinvent-3.4-biosphere', '49803ad0-9ca2-4507-a5ea-f152d16c929d')",Sb,6.335346181050398e-08,6.335346181050398e-08,1.0,2.1834077210692158e-11,2.1834077210692158e-11,stoichiometric,Stibnite,1.3941798941798942,8.832612268289841e-08,1.3941798941798942,3.0440631455118433e-11,0.02711271347248577,0.027112625146363086,0.9,1.0923594094878515e-06,1.0923594094878515e-06
Antimony,"('ecoinvent-3.4-biosphere', '77927dac-dea3-429d-a434-d5a71d92c4f7')",Sb,6.335346181050398e-08,6.335346181050398e-08,1.0,2.1834077210692158e-11,2.1834077210692158e-11,stoichiometric,Stibnite,1.3941798941798942,8.832612268289841e-08,1.3941798941798942,3.0440631455118433e-11,0.02711271347248577,0.027112625146363086,0.9,1.0923594094878515e-06,1.0923594094878515e-06
Chromium VI,"('ecoinvent-3.4-biosphere', '81b3321a-c9d8-4104-a974-5460f1bc5029')",Cr,5.7618802534462825e-08,5.7618802534462825e-08,1.0,3.1278613038877847e-13,3.1278613038877847e-13,stoichiometric,Chromite,2.152027027027027,1.2399722031909737e-07,2.152027027027027,6.73124206275851e-13,0.13754474097331237,0.13754461697609205,0.81,3.3567923375129126e-08,3.3567923375129126e-08
Chromium VI,"('ecoinvent-3.4-biosphere', '7a59e8d5-cd11-4ee7-b1ca-30979d2b0b3a')",Cr,5.7618802534462825e-08,5.7618802534462825e-08,1.0,3.1278613038877847e-13,3.1278613038877847e-13,stoichiometric,Chromite,2.152027027027027,1.2399722031909737e-07,2.152027027027027,6.73124206275851e-13,0.13754474097331237,0.13754461697609205,0.81,3.3567923375129126e-08,3.3567923375129126e-08
Chromium VI,"('ecoinvent-3.4-biosphere', '81e17d9a-3e0b-414e-9b2e-eca7e5b3bd4a')",Cr,5.7618802534462825e-08,5.7618802534462825e-08,1.0,3.1278613038877847e-13,3.1278613038877847e-13,stoichiometric,Chromite,2.152027027027027,1.2399722031909737e-07,2.152027027027027,6.73124206275851e-13,0.13754474097331237,0.13754461697609205,0.81,3.3567923375129126e-08,3.3567923375129126e-08
Chromium VI,"('ecoinvent-3.4-biosphere', '68ba2022-830e-45fb-8c85-b35e94754ae9')",Cr,5.7618802534462825e-08,5.7618802534462825e-08,1.0,3.1278613038877847e-13,3.1278613038877847e-13,stoichiometric,Chromite,2.152027027027027,1.2399722031909737e-07,2.152027027027027,6.73124206275851e-13,0.13754474097331237,0.13754461697609205,0.81,3.3567923375129126e-08,3.3567923375129126e-08
Chromium VI,"('ecoinvent-3.4-biosphere', '8ec83662-7c2b-4452-8acf-95a0bb94233c')",Cr,5.7618802534462825e-08,5.7618802534462825e-08,1.0,3.1278613038877847e-13,3.1278613038877847e-13,stoichiometric,Chromite,2.152027027027027,1.2399722031909737e-07,2.152027027027027,6.73124206275851e-13,0.13754474097331237,0.13754461697609205,0.81,3.3567923375129126e-08,3.3567923375129126e-08
Chromium VI,"('ecoinvent-3.4-biosphere', 'a9ec0c9b-982a-4329-99ae-dab1f9fb62d3')",Cr,5.7618802534462825e-08,5.7618802534462825e-08,1.0,3.1278613038877847e-13,3.1278613038877847e-13,stoichiometric,Chromite,2.152027027027027,1.2399722031909737e-07,2.152027027027027,6.73124206275851e-13,0.13754474097331237,0.13754461697609205,0.81,3.3567923375129126e-08,3.3567923375129126e-08
Chromium VI,"('ecoinvent-3.4-biosphere', '8216fc31-15a1-4d33-858f-e09650b14c63')",Cr,5.7618802534462825e-08,5.7618802534462825e-08,1.0,3.1278613038877847e-13,3.1278613038877847e-13,stoichiometric,Chromite,2.152027027027027,1.2399722031909737e-07,2.152027027027027,6.73124206275851e-13,0.13754474097331237,0.13754461697609205,0.81,3.3567923375129126e-08,3.3567923375129126e-08
Chromium VI,"('ecoinvent-3.4-biosphere', 'c2e854f9-fe22-4fe7-9083-cf6d0a8c7254')",Cr,5.7618802534462825e-08,5.7618802534462825e-08,1.0,3.1278613038877847e-13,3.1278613038877847e-13,stoichiometric,Chromite,2.152027027027027,1.2399722031909737e-07,2.152027027027027,6.73124206275851e-13,0.13754474097331237,0.13754461697609205,0.81,3.3567923375129126e-08,3.3567923375129126e-08
Chromium VI,"('ecoinvent-3.4-biosphere', 'ef475b50-9cd0-4e7c-9c59-07868fe16e91')",Cr,5.7618802534462825e-08,5.7618802534462825e-08,1.0,3.1278613038877847e-13,3.1278613038877847e-13,stoichiometric,Chromite,2.152027027027027,1.2399722031909737e-07,2.152027027027027,6.73124206275851e-13,0.13754474097331237,0.13754461697609205,0.81,3.3567923375129126e-08,3.3567923375129126e-08
Chromium VI,"('ecoinvent-3.4-biosphere', '03b279a7-4626-4703-a451-d0650599dbd9')",Cr,5.7618802534462825e-08,5.7618802534462825e-08,1.0,3.1278613038877847e-13,3.1278613038877847e-13,stoichiometric,Chromite,2.152027027027027,1.2399722031909737e-07,2.152027027027027,6.73124206275851e-13,0.13754474097331237,0.13754461697609205,0.81,3.3567923375129126e-08,3.3567923375129126e-08
Chromium VI,"('ecoinvent-3.4-biosphere', '01285299-c683-4e15-b654-201987a7a738')",Cr,5.7618802534462825e-08,5.7618802534462825e-08,1.0,3.1278613038877847e-13,3.1278613038877847e-13,stoichiometric,Chromite,2.152027027027027,1.2399722031909737e-07,2.152027027027027,6.73124206275851e-13,0.13754474097331237,0.13754461697609205,0.81,3.3567923375129126e-08,3.3567923375129126e-08
Chromium VI,"('ecoinvent-3.4-biosphere', 'abbd3b09-a7ec-435a-9d01-34cf8581739e')",Cr,5.7618802534462825e-08,5.7618802534462825e-08,1.0,3.1278613038877847e-13,3.1278613038877847e-13,stoichiometric,Chromite,2.152027027027027,1.2399722031909737e-07,2.152027027027027,6.73124206275851e-13,0.13754474097331237,0.13754461697609205,0.81,3.3567923375129126e-08,3.3567923375129126e-08
Chromium VI,"('ecoinvent-3.4-biosphere', '9bbae55a-35de-4eff-a219-814a9fec5ac2')",Cr,5.7618802534462825e-08,5.7618802534462825e-08,1.0,3.1278613038877847e-13,3.1278613038877847e-13,stoichiometric,Chromite,2.152027027027027,1.2399722031909737e-07,2.152027027027027,6.73124206275851e-13,0.13754474097331237,0.13754461697609205,0.81,3.3567923375129126e-08,3.3567923375129126e-08
Chromium VI,"('ecoinvent-3.4-biosphere', '58060894-19d9-4855-84d8-58935a5325f8')",Cr,5.7618802534462825e-08,5.7618802534462825e-08,1.0,3.1278613038877847e-13,3.1278613038877847e-13,stoichiometric,Chromite,2.152027027027027,1.2399722031909737e-07,2.152027027027027,6.73124206275851e-13,0.13754474097331237,0.13754461697609205,0.81,3.3567923375129126e-08,3.3567923375129126e-08
Molybdenum,"('ecoinvent-3.4-biosphere', '442511cc-a98b-4242-9229-5736cb9a9399')",Mo,5.691742226026087e-08,5.691742226026087e-08,1.0,1.6532043483883647e-13,1.6532043483883647e-13,stoichiometric,Molybdenite,1.6700000000000004,9.505209517463566e-08,1.6700000000000004,2.7608512618085697e-13,0.0001796407185628742,0.00017954566646769955,0.9176761103880936,0.00772998449867398,0.00772998449867398
Molybdenum,"('ecoinvent-3.4-biosphere', '697e8ecf-bdbe-4857-92c9-e01960c91db7')",Mo,5.691742226026087e-08,5.691742226026087e-08,1.0,1.6532043483883647e-13,1.6532043483883647e-13,stoichiometric,Molybdenite,1.6700000000000004,9.505209517463566e-08,1.6700000000000004,2.7608512618085697e-13,0.0001796407185628742,0.00017954566646769955,0.9176761103880936,0.00772998449867398,0.00772998449867398
Molybdenum,"('ecoinvent-3.4-biosphere', '9cf3a683-ed3d-40e9-b039-7653e4fc9e20')",Mo,5.691742226026087e-08,5.691742226026087e-08,1.0,1.6532043483883647e-13,1.6532043483883647e-13,stoichiometric,Molybdenite,1.6700000000000004,9.505209517463566e-08,1.6700000000000004,2.7608512618085697e-13,0.0001796407185628742,0.00017954566646769955,0.9176761103880936,0.00772998449867398,0.00772998449867398
Molybdenum,"('ecoinvent-3.4-biosphere', '7d3f7498-3596-478a-9fa1-72201ef94082')",Mo,5.691742226026087e-08,5.691742226026087e-08,1.0,1.6532043483883647e-13,1.6532043483883647e-13,stoichiometric,Molybdenite,1.6700000000000004,9.505209517463566e-08,1.6700000000000004,2.7608512618085697e-13,0.0001796407185628742,0.00017954566646769955,0.9176761103880936,0.00772998449867398,0.00772998449867398
Molybdenum,"('ecoinvent-3.4-biosphere', '5fa36ce3-aed0-443b-a09d-4cdf25b41995')",Mo,5.691742226026087e-08,5.691742226026087e-08,1.0,1.6532043483883647e-13,1.6532043483883647e-13,stoichiometric,Molybdenite,1.6700000000000004,9.505209517463566e-08,1.6700000000000004,2.7608512618085697e-13,0.0001796407185628742,0.00017954566646769955,0.9176761103880936,0.00772998449867398,0.00772998449867398
Molybdenum,"('ecoinvent-3.4-biosphere', '35b4d818-1019-413b-b99d-d351d8a67ac4')",Mo,5.691742226026087e-08,5.691742226026087e-08,1.0,1.6532043483883647e-13,1.6532043483883647e-13,stoichiometric,Molybdenite,1.6700000000000004,9.505209517463566e-08,1.6700000000000004,2.7608512618085697e-13,0.0001796407185628742,0.00017954566646769955,0.9176761103880936,0.00772998449867398,0.00772998449867398
Molybdenum,"('ecoinvent-3.4-biosphere', 'fdaaef05-0d10-4032-b2e7-85cae3c7bd5c')",Mo,5.691742226026087e-08,5.691742226026087e-08,1.0,1.6532043483883647e-13,1.6532043483883647e-13,stoichiometric,Molybdenite,1.6700000000000004,9.505209517463566e-08,1.6700000000000004,2.7608512618085697e-13,0.0001796407185628742,0.00017954566646769955,0.9176761103880936,0.00772998449867398,0.00772998449867398
Molybdenum,"('ecoinvent-3.4-biosphere', '640e30d2-3158-4a1a-82ef-fd0c72922c9a')",Mo,5.691742226026087e-08,5.691742226026087e-08,1.0,1.6532043483883647e-13,1.6532043483883647e-13,stoichiometric,Molybdenite,1.6700000000000004,9.505209517463566e-08,1.6700000000000004,2.7608512618085697e-13,0.0001796407185628742,0.00017954566646769955,0.9176761103880936,0.00772998449867398,0.00772998449867398
Molybdenum,"('ecoinvent-3.4-biosphere', '163926e2-b4cc-42bb-ba7d-401028140985')",Mo,5.691742226026087e-08,5.691742226026087e-08,1.0,1.6532043483883647e-13,1.6532043483883647e-13,stoichiometric,Molybdenite,1.6700000000000004,9.505209517463566e-08,1.6700000000000004,2.7608512618085697e-13,0.0001796407185628742,0.00017954566646769955,0.9176761103880936,0.00772998449867398,0.00772998449867398
Molybdenum,"('ecoinvent-3.4-biosphere', 'c126f8a0-6bc4-42e6-9220-d6ccfef3f2ed')",Mo,5.691742226026087e-08,5.691742226026087e-08,1.0,1.6532043483883647e-13,1.6532043483883647e-13,stoichiometric,Molybdenite,1.6700000000000004,9.505209517463566e-08,1.6700000000000004,2.7608512618085697e-13,0.0001796407185628742,0.00017954566646769955,0.9176761103880936,0.00772998449867398,0.00772998449867398
Molybdenum,"('ecoinvent-3.4-biosphere', '1f3c2297-d652-468d-82e8-4fd59bf5b5b8')",Mo,5.691742226026087e-08,5.691742226026087e-08,1.0,1.6532043483883647e-13,1.6532043483883647e-13,stoichiometric,Molybdenite,1.6700000000000004,9.505209517463566e-08,1.6700000000000004,2.7608512618085697e-13,0.0001796407185628742,0.00017954566646769955,0.9176761103880936,0.00772998449867398,0.00772998449867398
Molybdenum,"('ecoinvent-3.4-biosphere', '8b531ec0-ca7a-49cd-bef0-56f110112f34')",Mo,5.691742226026087e-08,5.691742226026087e-08,1.0,1.6532043483883647e-13,1.6532043483883647e-13,stoichiometric,Molybdenite,1.6700000000000004,9.505209517463566e-08,1.6700000000000004,2.7608512618085697e-13,0.0001796407185628742,0.00017954566646769955,0.9176761103880936,0.00772998449867398,0.00772998449867398
Molybdenum,"('ecoinvent-3.4-biosphere', 'c26d4716-ce1e-43da-a662-cd9498b1e8bc')",Mo,5.691742226026087e-08,5.691742226026087e-08,1.0,1.6532043483883647e-13,1.6532043483883647e-13,stoichiometric,Molybdenite,1.6700000000000004,9.505209517463566e-08,1.6700000000000004,2.7608512618085697e-13,0.0001796407185628742,0.00017954566646769955,0.9176761103880936,0.00772998449867398,0.00772998449867398
Molybdenum,"('ecoinvent-3.4-biosphere', '3822809c-cc03-469d-ac2a-9f85842f8440')",Mo,5.691742226026087e-08,5.691742226026087e-08,1.0,1.6532043483883647e-13,1.6532043483883647e-13,stoichiometric,Molybdenite,1.6700000000000004,9.505209517463566e-08,1.6700000000000004,2.7608512618085697e-13,0.0001796407185628742,0.00017954566646769955,0.9176761103880936,0.00772998449867398,0.00772998449867398
"Copper, ion","('ecoinvent-3.4-biosphere', 'd8f9ccf6-fd32-4348-83c0-1cee724af9ae')",Cu,3.6316093851368934e-08,3.6316093851368934e-08,1.0,1.231243333335009e-14,1.231243333335009e-14,stoichiometric,Chalcopyrite,2.8793103448275863,1.0456530470997607e-07,2.8793103448275863,3.545131666671491e-14,0.00201437125748503,0.00201426669218032,0.8086409056778144,0.00027789414634188603,0.00027789414634188603
"Copper, ion","('ecoinvent-3.4-biosphere', '6d9550e2-e670-44c1-bad8-c0c4975ffca7')",Cu,3.6316093851368934e-08,3.6316093851368934e-08,1.0,1.231243333335009e-14,1.231243333335009e-14,stoichiometric,Chalcopyrite,2.8793103448275863,1.0456530470997607e-07,2.8793103448275863,3.545131666671491e-14,0.00201437125748503,0.00201426669218032,0.8086409056778144,0.00027789414634188603,0.00027789414634188603
"Copper, ion","('ecoinvent-3.4-biosphere', '615b1460-6860-4cf6-8678-ad92c03c5e8b')",Cu,3.6316093851368934e-08,3.6316093851368934e-08,1.0,1.231243333335009e-14,1.231243333335009e-14,stoichiometric,Chalcopyrite,2.8793103448275863,1.0456530470997607e-07,2.8793103448275863,3.545131666671491e-14,0.00201437125748503,0.00201426669218032,0.8086409056778144,0.00027789414634188603,0.00027789414634188603
"Copper, ion","('ecoinvent-3.4-biosphere', '40229ebf-9346-4f20-910a-f8ea3bd88d44')",Cu,3.6316093851368934e-08,3.6316093851368934e-08,1.0,1.231243333335009e-14,1.231243333335009e-14,stoichiometric,Chalcopyrite,2.8793103448275863,1.0456530470997607e-07,2.8793103448275863,3.545131666671491e-14,0.00201437125748503,0.00201426669218032,0.8086409056778144,0.00027789414634188603,0.00027789414634188603
"Copper, ion","('ecoinvent-3.4-biosphere', 'c3b659e5-35f1-408c-8cb5-b5f9b295c76e')",Cu,3.6316093851368934e-08,3.6316093851368934e-08,1.0,1.231243333335009e-14,1.231243333335009e-14,stoichiometric,Chalcopyrite,2.8793103448275863,1.0456530470997607e-07,2.8793103448275863,3.545131666671491e-14,0.00201437125748503,0.00201426669218032,0.8086409056778144,0.00027789414634188603,0.00027789414634188603
Lead,"('ecoinvent-3.4-biosphere', '6a903634-c97f-4c49-a7c0-88f0e6ac7a23')",Pb,2.9807671535615635e-08,2.9807671535615635e-08,1.0,1.1855254708054448e-13,1.1855254708054448e-13,stoichiometric,Galena,1.1560975609756097,3.446057636068734e-08,1.1560975609756097,1.370583105272636e-13,0.017732067510548524,0.017732033049972163,0.635111259945265,4.3857798360261115e-07,4.3857798360261115e-07
Lead,"('ecoinvent-3.4-biosphere', 'fe4613d7-1ed8-427d-9b06-c8e8f4f5e1b1')",Pb,2.9807671535615635e-08,2.9807671535615635e-08,1.0,1.1855254708054448e-13,1.1855254708054448e-13,stoichiometric,Galena,1.1560975609756097,3.446057636068734e-08,1.1560975609756097,1.370583105272636e-13,0.017732067510548524,0.017732033049972163,0.635111259945265,4.3857798360261115e-07,4.3857798360261115e-07
Lead,"('ecoinvent-3.4-biosphere', '67652827-017f-4856-8d0a-c97bac4c6562')",Pb,2.9807671535615635e-08,2.9807671535615635e-08,1.0,1.1855254708054448e-13,1.1855254708054448e-13,stoichiometric,Galena,1.1560975609756097,3.446057636068734e-08,1.1560975609756097,1.370583105272636e-13,0.017732067510548524,0.017732033049972163,0.635111259945265,4.3857798360261115e-07,4.3857798360261115e-07
Lead,"('ecoinvent-3.4-biosphere', 'c864aa15-0abc-41ad-9889-348106e485d8')",Pb,2.9807671535615635e-08,2.9807671535615635e-08,1.0,1.1855254708054448e-13,1.1855254708054448e-13,stoichiometric,Galena,1.1560975609756097,3.446057636068734e-08,1.1560975609756097,1.370583105272636e-13,0.017732067510548524,0.017732033049972163,0.635111259945265,4.3857798360261115e-07,4.3857798360261115e-07
Lead,"('ecoinvent-3.4-biosphere', 'e9e856c2-868e-435e-8425-8df1c9297cfc')",Pb,2.9807671535615635e-08,2.9807671535615635e-08,1.0,1.1855254708054448e-13,1.1855254708054448e-13,stoichiometric,Galena,1.1560975609756097,3.446057636068734e-08,1.1560975609756097,1.370583105272636e-13,0.017732067510548524,0.017732033049972163,0.635111259945265,4.3857798360261115e-07,4.3857798360261115e-07
Lead,"('ecoinvent-3.4-biosphere', '739234c8-5359-48b4-983f-9cb170d68c8d')",Pb,2.9807671535615635e-08,2.9807671535615635e-08,1.0,1.1855254708054448e-13,1.1855254708054448e-13,stoichiometric,Galena,1.1560975609756097,3.446057636068734e-08,1.1560975609756097,1.370583105272636e-13,0.017732067510548524,0.017732033049972163,0.635111259945265,4.3857798360261115e-07,4.3857798360261115e-07
Lead,"('ecoinvent-3.4-biosphere', '31c4d160-b21e-41b3-b9c1-3d7a72377653')",Pb,2.9807671535615635e-08,2.9807671535615635e-08,1.0,1.1855254708054448e-13,1.1855254708054448e-13,stoichiometric,Galena,1.1560975609756097,3.446057636068734e-08,1.1560975609756097,1.370583105272636e-13,0.017732067510548524,0.017732033049972163,0.635111259945265,4.3857798360261115e-07,4.3857798360261115e-07
Lead,"('ecoinvent-3.4-biosphere', '0ff15165-d761-48c9-9814-2d1dcdd56857')",Pb,2.9807671535615635e-08,2.9807671535615635e-08,1.0,1.1855254708054448e-13,1.1855254708054448e-13,stoichiometric,Galena,1.1560975609756097,3.446057636068734e-08,1.1560975609756097,1.370583105272636e-13,0.017732067510548524,0.017732033049972163,0.635111259945265,4.3857798360261115e-07,4.3857798360261115e-07
Lead,"('ecoinvent-3.4-biosphere', 'b3ebdcc3-c588-4997-95d2-9785b26b34e1')",Pb,2.9807671535615635e-08,2.9807671535615635e-08,1.0,1.1855254708054448e-13,1.1855254708054448e-13,stoichiometric,Galena,1.1560975609756097,3.446057636068734e-08,1.1560975609756097,1.370583105272636e-13,0.017732067510548524,0.017732033049972163,0.635111259945265,4.3857798360261115e-07,4.3857798360261115e-07
Lead,"('ecoinvent-3.4-biosphere', '8e123669-94d3-41d8-9480-a79211fe7c43')",Pb,2.9807671535615635e-08,2.9807671535615635e-08,1.0,1.1855254708054448e-13,1.1855254708054448e-13,stoichiometric,Galena,1.1560975609756097,3.446057636068734e-08,1.1560975609756097,1.370583105272636e-13,0.017732067510548524,0.017732033049972163,0.635111259945265,4.3857798360261115e-07,4.3857798360261115e-07
Lead,"('ecoinvent-3.4-biosphere', '9ee7f4ab-b826-47ae-8623-e138f944b42e')",Pb,2.9807671535615635e-08,2.9807671535615635e-08,1.0,1.1855254708054448e-13,1.1855254708054448e-13,stoichiometric,Galena,1.1560975609756097,3.446057636068734e-08,1.1560975609756097,1.370583105272636e-13,0.017732067510548524,0.017732033049972163,0.635111259945265,4.3857798360261115e-07,4.3857798360261115e-07
Lead,"('ecoinvent-3.4-biosphere', '2718482b-8399-442e-b89a-52fbcc22d2e6')",Pb,2.9807671535615635e-08,2.9807671535615635e-08,1.0,1.1855254708054448e-13,1.1855254708054448e-13,stoichiometric,Galena,1.1560975609756097,3.446057636068734e-08,1.1560975609756097,1.370583105272636e-13,0.017732067510548524,0.017732033049972163,0.635111259945265,4.3857798360261115e-07,4.3857798360261115e-07
Lead,"('ecoinvent-3.4-biosphere', '837083ce-41cd-49f3-a849-d79564dac238')",Pb,2.9807671535615635e-08,2.9807671535615635e-08,1.0,1.1855254708054448e-13,1.1855254708054448e-13,stoichiometric,Galena,1.1560975609756097,3.446057636068734e-08,1.1560975609756097,1.370583105272636e-13,0.017732067510548524,0.017732033049972163,0.635111259945265,4.3857798360261115e-07,4.3857798360261115e-07
Lead,"('ecoinvent-3.4-biosphere', '4010918f-7fd0-4925-8fbb-8fd7a44a806c')",Pb,2.9807671535615635e-08,2.9807671535615635e-08,1.0,1.1855254708054448e-13,1.1855254708054448e-13,stoichiometric,Galena,1.1560975609756097,3.446057636068734e-08,1.1560975609756097,1.370583105272636e-13,0.017732067510548524,0.017732033049972163,0.635111259945265,4.3857798360261115e-07,4.3857798360261115e-07
Cobalt,"('ecoinvent-3.4-biosphere', '33627701-feca-434d-a192-674a450eaaf7')",Co,2.305045618473105e-08,2.305045618473105e-08,1.0,1.9447495148453946e-12,1.9447495148453946e-12,stoichiometric,Linnaeite,1.727272727272727,3.98144243190809e-08,1.727272727272727,3.3591127983693174e-12,0.000636842105263158,0.0006368022908388389,0.0455986939380875,0.00013399816563821994,0.00013399816563821994
Cobalt,"('ecoinvent-3.4-biosphere', '381a22c9-3722-4378-810d-86958f7b6d32')",Co,2.305045618473105e-08,2.305045618473105e-08,1.0,1.9447495148453946e-12,1.9447495148453946e-12,stoichiometric,Linnaeite,1.727272727272727,3.98144243190809e-08,1.727272727272727,3.3591127983693174e-12,0.000636842105263158,0.0006368022908388389,0.0455986939380875,0.00013399816563821994,0.00013399816563821994
Cobalt,"('ecoinvent-3.4-biosphere', 'b10faa87-2c1d-4f6e-aa65-9f80b376939a')",Co,2.305045618473105e-08,2.305045618473105e-08,1.0,1.9447495148453946e-12,1.9447495148453946e-12,stoichiometric,Linnaeite,1.727272727272727,3.98144243190809e-08,1.727272727272727,3.3591127983693174e-12,0.000636842105263158,0.0006368022908388389,0.0455986939380875,0.00013399816563821994,0.00013399816563821994
Cobalt,"('ecoinvent-3.4-biosphere', '12051b95-831a-49c0-9a70-fbc0e8fb9af9')",Co,2.305045618473105e-08,2.305045618473105e-08,1.0,1.9447495148453946e-12,1.9447495148453946e-12,stoichiometric,Linnaeite,1.727272727272727,3.98144243190809e-08,1.727272727272727,3.3591127983693174e-12,0.000636842105263158,0.0006368022908388389,0.0455986939380875,0.00013399816563821994,0.00013399816563821994
Cobalt,"('ecoinvent-3.4-biosphere', '9ce88274-57b6-42ed-a78b-4abef2301865')",Co,2.305045618473105e-08,2.305045618473105e-08,1.0,1.9447495148453946e-12,1.9447495148453946e-12,stoichiometric,Linnaeite,1.727272727272727,3.98144243190809e-08,1.727272727272727,3.3591127983693174e-12,0.000636842105263158,0.0006368022908388389,0.0455986939380875,0.00013399816563821994,0.00013399816563821994
Cobalt,"('ecoinvent-3.4-biosphere', 'c58d25ad-30d2-4fac-a857-1fa6f67afe8a')",Co,2.305045618473105e-08,2.305045618473105e-08,1.0,1.9447495148453946e-12,1.9447495148453946e-12,stoichiometric,Linnaeite,1.727272727272727,3.98144243190809e-08,1.727272727272727,3.3591127983693174e-12,0.000636842105263158,0.0006368022908388389,0.0455986939380875,0.00013399816563821994,0.00013399816563821994
Cobalt,"('ecoinvent-3.4-biosphere', 'ca04300a-8338-4601-ba7c-66c10a4f6322')",Co,2.305045618473105e-08,2.305045618473105e-08,1.0,1.9447495148453946e-12,1.9447495148453946e-12,stoichiometric,Linnaeite,1.727272727272727,3.98144243190809e-08,1.727272727272727,3.3591127983693174e-12,0.000636842105263158,0.0006368022908388389,0.0455986939380875,0.00013399816563821994,0.00013399816563821994
Cobalt,"('ecoinvent-3.4-biosphere', '1e904267-caa3-40e6-a3a0-fc104489770b')",Co,2.305045618473105e-08,2.305045618473105e-08,1.0,1.9447495148453946e-12,1.9447495148453946e-12,stoichiometric,Linnaeite,1.727272727272727,3.98144243190809e-08,1.727272727272727,3.3591127983693174e-12,0.000636842105263158,0.0006368022908388389,0.0455986939380875,0.00013399816563821994,0.00013399816563821994
Cobalt,"('ecoinvent-3.4-biosphere', 'f0d1c319-249f-4a89-b0e7-3a5a90a54036')",Co,2.305045618473105e-08,2.305045618473105e-08,1.0,1.9447495148453946e-12,1.9447495148453946e-12,stoichiometric,Linnaeite,1.727272727272727,3.98144243190809e-08,1.727272727272727,3.3591127983693174e-12,0.000636842105263158,0.0006368022908388389,0.0455986939380875,0.00013399816563821994,0.00013399816563821994
Cobalt,"('ecoinvent-3.4-biosphere', '74eb3f02-09ec-46ce-8ee8-d67d0900136b')",Co,2.305045618473105e-08,2.305045618473105e-08,1.0,1.9447495148453946e-12,1.9447495148453946e-12,stoichiometric,Linnaeite,1.727272727272727,3.98144243190809e-08,1.727272727272727,3.3591127983693174e-12,0.000636842105263158,0.0006368022908388389,0.0455986939380875,0.00013399816563821994,0.00013399816563821994
Cobalt,"('ecoinvent-3.4-biosphere', '9542444c-7c7a-48e2-bc9c-9c7c34fb7b3e')",Co,2.305045618473105e-08,2.305045618473105e-08,1.0,1.9447495148453946e-12,1.9447495148453946e-12,stoichiometric,Linnaeite,1.727272727272727,3.98144243190809e-08,1.727272727272727,3.3591127983693174e-12,0.000636842105263158,0.0006368022908388389,0.0455986939380875,0.00013399816563821994,0.00013399816563821994
Cobalt,"('ecoinvent-3.4-biosphere', 'caf066cf-40ce-47a8-ba4c-969fcd6019c7')",Co,2.305045618473105e-08,2.305045618473105e-08,1.0,1.9447495148453946e-12,1.9447495148453946e-12,stoichiometric,Linnaeite,1.727272727272727,3.98144243190809e-08,1.727272727272727,3.3591127983693174e-12,0.000636842105263158,0.0006368022908388389,0.0455986939380875,0.00013399816563821994,0.00013399816563821994
Cobalt,"('ecoinvent-3.4-biosphere', 'f0e28a62-ddf9-4c93-af81-676a58c3f2d4')",Co,2.305045618473105e-08,2.305045618473105e-08,1.0,1.9447495148453946e-12,1.9447495148453946e-12,stoichiometric,Linnaeite,1.727272727272727,3.98144243190809e-08,1.727272727272727,3.3591127983693174e-12,0.000636842105263158,0.0006368022908388389,0.0455986939380875,0.00013399816563821994,0.00013399816563821994
Cobalt,"('ecoinvent-3.4-biosphere', 'd4291dd5-dae8-47fa-bf06-466fcecbc210')",Co,2.305045618473105e-08,2.305045618473105e-08,1.0,1.9447495148453946e-12,1.9447495148453946e-12,stoichiometric,Linnaeite,1.727272727272727,3.98144243190809e-08,1.727272727272727,3.3591127983693174e-12,0.000636842105263158,0.0006368022908388389,0.0455986939380875,0.00013399816563821994,0.00013399816563821994
Aluminium,"('ecoinvent-3.4-biosphere', '7880e65c-0321-4295-ba55-3186ad36e489')",Al,2.2163292087140587e-08,2.2163292087140587e-08,1.0,6.422536676269254e-14,6.422536676269254e-14,stoichiometric,Bauxite (Gibbsite),2.8930041152263373,6.411849521506103e-08,2.8930041152263373,1.8580425034639034e-13,0.08399573257467995,0.08399566845618472,0.95,7.541110925143539e-06,7.541110925143539e-06
Aluminium,"('ecoinvent-3.4-biosphere', '46e63323-cffd-4c46-829b-5f006b50fa9b')",Al,2.2163292087140587e-08,2.2163292087140587e-08,1.0,6.422536676269254e-14,6.422536676269254e-14,stoichiometric,Bauxite (Gibbsite),2.8930041152263373,6.411849521506103e-08,2.8930041152263373,1.8580425034639034e-13,0.08399573257467995,0.08399566845618472,0.95,7.541110925143539e-06,7.541110925143539e-06
Aluminium,"('ecoinvent-3.4-biosphere', '39555a26-d28b-425f-993f-e8770ab7d9cf')",Al,2.2163292087140587e-08,2.2163292087140587e-08,1.0,6.422536676269254e-14,6.422536676269254e-14,stoichiometric,Bauxite (Gibbsite),2.8930041152263373,6.411849521506103e-08,2.8930041152263373,1.8580425034639034e-13,0.08399573257467995,0.08399566845618472,0.95,7.541110925143539e-06,7.541110925143539e-06
Aluminium,"('ecoinvent-3.4-biosphere', 'd96403bf-902e-4b7a-8ffd-32fe09e4017f')",Al,2.2163292087140587e-08,2.2163292087140587e-08,1.0,6.422536676269254e-14,6.422536676269254e-14,stoichiometric,Bauxite (Gibbsite),2.8930041152263373,6.411849521506103e-08,2.8930041152263373,1.8580425034639034e-13,0.08399573257467995,0.08399566845618472,0.95,7.541110925143539e-06,7.541110925143539e-06
Aluminium,"('ecoinvent-3.4-biosphere', '0ace7678-a181-48e8-8728-d912a8b56c57')",Al,2.2163292087140587e-08,2.2163292087140587e-08,1.0,6.422536676269254e-14,6.422536676269254e-14,stoichiometric,Bauxite (Gibbsite),2.8930041152263373,6.411849521506103e-08,2.8930041152263373,1.8580425034639034e-13,0.08399573257467995,0.08399566845618472,0.95,7.541110925143539e-06,7.541110925143539e-06
Aluminium,"('ecoinvent-3.4-biosphere', '9c3bd678-1b2f-4b95-a245-d5c8a3fe326b')",Al,2.2163292087140587e-08,2.2163292087140587e-08,1.0,6.422536676269254e-14,6.422536676269254e-14,stoichiometric,Bauxite (Gibbsite),2.8930041152263373,6.411849521506103e-08,2.8930041152263373,1.8580425034639034e-13,0.08399573257467995,0.08399566845618472,0.95,7.541110925143539e-06,7.541110925143539e-06
Aluminium,"('ecoinvent-3.4-biosphere', '01056d4b-f9b0-4dfc-b8d9-8407c8376efb')",Al,2.2163292087140587e-08,2.2163292087140587e-08,1.0,6.422536676269254e-14,6.422536676269254e-14,stoichiometric,Bauxite (Gibbsite),2.8930041152263373,6.411849521506103e-08,2.8930041152263373,1.8580425034639034e-13,0.08399573257467995,0.08399566845618472,0.95,7.541110925143539e-06,7.541110925143539e-06
Aluminium,"('ecoinvent-3.4-biosphere', '765546a9-b056-4d27-ad14-2f016511bdcb')",Al,2.2163292087140587e-08,2.2163292087140587e-08,1.0,6.422536676269254e-14,6.422536676269254e-14,stoichiometric,Bauxite (Gibbsite),2.8930041152263373,6.411849521506103e-08,2.8930041152263373,1.8580425034639034e-13,0.08399573257467995,0.08399566845618472,0.95,7.541110925143539e-06,7.541110925143539e-06
Aluminium,"('ecoinvent-3.4-biosphere', '6f0b8b7c-3888-4174-b7e3-916d42d678ee')",Al,2.2163292087140587e-08,2.2163292087140587e-08,1.0,6.422536676269254e-14,6.422536676269254e-14,stoichiometric,Bauxite (Gibbsite),2.8930041152263373,6.411849521506103e-08,2.8930041152263373,1.8580425034639034e-13,0.08399573257467995,0.08399566845618472,0.95,7.541110925143539e-06,7.541110925143539e-06
Aluminium,"('ecoinvent-3.4-biosphere', '2e0c9efa-d55c-49db-8be3-0376d5921ff4')",Al,2.2163292087140587e-08,2.2163292087140587e-08,1.0,6.422536676269254e-14,6.422536676269254e-14,stoichiometric,Bauxite (Gibbsite),2.8930041152263373,6.411849521506103e-08,2.8930041152263373,1.8580425034639034e-13,0.08399573257467995,0.08399566845618472,0.95,7.541110925143539e-06,7.541110925143539e-06
Aluminium,"('ecoinvent-3.4-biosphere', '97e498ec-f323-4ec6-bcc0-d8a4c853bae3')",Al,2.2163292087140587e-08,2.2163292087140587e-08,1.0,6.422536676269254e-14,6.422536676269254e-14,stoichiometric,Bauxite (Gibbsite),2.8930041152263373,6.411849521506103e-08,2.8930041152263373,1.8580425034639034e-13,0.08399573257467995,0.08399566845618472,0.95,7.541110925143539e-06,7.541110925143539e-06
Aluminium,"('ecoinvent-3.4-biosphere', 'e0401210-0377-4670-84af-12247ca20bed')",Al,2.2163292087140587e-08,2.2163292087140587e-08,1.0,6.422536676269254e-14,6.422536676269254e-14,stoichiometric,Bauxite (Gibbsite),2.8930041152263373,6.411849521506103e-08,2.8930041152263373,1.8580425034639034e-13,0.08399573257467995,0.08399566845618472,0.95,7.541110925143539e-06,7.541110925143539e-06
Aluminium,"('ecoinvent-3.4-biosphere', 'ff65658c-2d39-44a2-b23e-7ec3c644f064')",Al,2.2163292087140587e-08,2.2163292087140587e-08,1.0,6.422536676269254e-14,6.422536676269254e-14,stoichiometric,Bauxite (Gibbsite),2.8930041152263373,6.411849521506103e-08,2.8930041152263373,1.8580425034639034e-13,0.08399573257467995,0.08399566845618472,0.95,7.541110925143539e-06,7.541110925143539e-06
Aluminium,"('ecoinvent-3.4-biosphere', '2baa4381-b781-4f5e-90de-508b0fa3fd1f')",Al,2.2163292087140587e-08,2.2163292087140587e-08,1.0,6.422536676269254e-14,6.422536676269254e-14,stoichiometric,Bauxite (Gibbsite),2.8930041152263373,6.411849521506103e-08,2.8930041152263373,1.8580425034639034e-13,0.08399573257467995,0.08399566845618472,0.95,7.541110925143539e-06,7.541110925143539e-06
Iron,"('ecoinvent-3.4-biosphere', 'e8bd2edd-f937-49f6-9e8b-9f445278775e')",Fe,2.192604442326795e-08,2.192604442326795e-08,1.0,9.645225823667623e-15,9.645225823667623e-15,stoichiometric,Hematite,1.0,2.192604442326795e-08,1.0,9.645225823667623e-15,0.73,0.7299999780739556,0.95,6.386091153197706e-08,6.386091153197706e-08
Iron,"('ecoinvent-3.4-biosphere', 'db364689-e1a3-4629-8835-e6c59d6daf09')",Fe,2.192604442326795e-08,2.192604442326795e-08,1.0,9.645225823667623e-15,9.645225823667623e-15,stoichiometric,Hematite,1.0,2.192604442326795e-08,1.0,9.645225823667623e-15,0.73,0.7299999780739556,0.95,6.386091153197706e-08,6.386091153197706e-08
Iron,"('ecoinvent-3.4-biosphere', 'ce567bdc-76ec-4ca0-be79-8bb796e448b3')",Fe,2.192604442326795e-08,2.192604442326795e-08,1.0,9.645225823667623e-15,9.645225823667623e-15,stoichiometric,Hematite,1.0,2.192604442326795e-08,1.0,9.645225823667623e-15,0.73,0.7299999780739556,0.95,6.386091153197706e-08,6.386091153197706e-08
Iron,"('ecoinvent-3.4-biosphere', '32cd0492-c0cb-4898-a2b1-675eedc5b688')",Fe,2.192604442326795e-08,2.192604442326795e-08,1.0,9.645225823667623e-15,9.645225823667623e-15,stoichiometric,Hematite,1.0,2.192604442326795e-08,1.0,9.645225823667623e-15,0.73,0.7299999780739556,0.95,6.386091153197706e-08,6.386091153197706e-08
Iron,"('ecoinvent-3.4-biosphere', '8dba66e2-0f2e-4038-84ef-1e40b4f573a6')",Fe,2.192604442326795e-08,2.192604442326795e-08,1.0,9.645225823667623e-15,9.645225823667623e-15,stoichiometric,Hematite,1.0,2.192604442326795e-08,1.0,9.645225823667623e-15,0.73,0.7299999780739556,0.95,6.386091153197706e-08,6.386091153197706e-08
Iron,"('ecoinvent-3.4-biosphere', 'c983ad54-12e9-47a5-b747-5e5c448e58e2')",Fe,2.192604442326795e-08,2.192604442326795e-08,1.0,9.645225823667623e-15,9.645225823667623e-15,stoichiometric,Hematite,1.0,2.192604442326795e-08,1.0,9.645225823667623e-15,0.73,0.7299999780739556,0.95,6.386091153197706e-08,6.386091153197706e-08
Iron,"('ecoinvent-3.4-biosphere', '76152de4-9499-48f7-af98-a5d41842484a')",Fe,2.192604442326795e-08,2.192604442326795e-08,1.0,9.645225823667623e-15,9.645225823667623e-15,stoichiometric,Hematite,1.0,2.192604442326795e-08,1.0,9.645225823667623e-15,0.73,0.7299999780739556,0.95,6.386091153197706e-08,6.386091153197706e-08
Iron,"('ecoinvent-3.4-biosphere', '98693cdf-d9fc-43ed-bfe6-78dfe5742d33')",Fe,2.192604442326795e-08,2.192604442326795e-08,1.0,9.645225823667623e-15,9.645225823667623e-15,stoichiometric,Hematite,1.0,2.192604442326795e-08,1.0,9.645225823667623e-15,0.73,0.7299999780739556,0.95,6.386091153197706e-08,6.386091153197706e-08
Iron,"('ecoinvent-3.4-biosphere', '0dc0bbb0-1141-4dff-b6a2-8bd5368e14af')",Fe,2.192604442326795e-08,2.192604442326795e-08,1.0,9.645225823667623e-15,9.645225823667623e-15,stoichiometric,Hematite,1.0,2.192604442326795e-08,1.0,9.645225823667623e-15,0.73,0.7299999780739556,0.95,6.386091153197706e-08,6.386091153197706e-08
Iron,"('ecoinvent-3.4-biosphere', 'e3043a7f-5347-4c7b-89ee-93f11b2f6d9b')",Fe,2.192604442326795e-08,2.192604442326795e-08,1.0,9.645225823667623e-15,9.645225823667623e-15,stoichiometric,Hematite,1.0,2.192604442326795e-08,1.0,9.645225823667623e-15,0.73,0.7299999780739556,0.95,6.386091153197706e-08,6.386091153197706e-08
Chromium,"('ecoinvent-3.4-biosphere', '2a5ed451-12a2-47db-b4dc-fa0bfbc01d79')",Cr,1.8127980480548677e-08,1.8127980480548677e-08,1.0,3.1278613038877847e-13,3.1278613038877847e-13,stoichiometric,Chromite,2.152027027027027,3.9011903939559145e-08,2.152027027027027,6.73124206275851e-13,0.13754474097331237,0.13754470196140844,0.81,1.0561109325356571e-08,1.0561109325356571e-08
Chromium,"('ecoinvent-3.4-biosphere', '591de726-f2c7-43ba-8e22-15fd08acc8dc')",Cr,1.8127980480548677e-08,1.8127980480548677e-08,1.0,3.1278613038877847e-13,3.1278613038877847e-13,stoichiometric,Chromite,2.152027027027027,3.9011903939559145e-08,2.152027027027027,6.73124206275851e-13,0.13754474097331237,0.13754470196140844,0.81,1.0561109325356571e-08,1.0561109325356571e-08
Chromium,"('ecoinvent-3.4-biosphere', '7705f0e1-5b14-44f4-b330-1245b5c7fc08')",Cr,1.8127980480548677e-08,1.8127980480548677e-08,1.0,3.1278613038877847e-13,3.1278613038877847e-13,stoichiometric,Chromite,2.152027027027027,3.9011903939559145e-08,2.152027027027027,6.73124206275851e-13,0.13754474097331237,0.13754470196140844,0.81,1.0561109325356571e-08,1.0561109325356571e-08
Chromium,"('ecoinvent-3.4-biosphere', '4d40d8e3-9bc7-4ab1-ac5c-4f4a76fda8e5')",Cr,1.8127980480548677e-08,1.8127980480548677e-08,1.0,3.1278613038877847e-13,3.1278613038877847e-13,stoichiometric,Chromite,2.152027027027027,3.9011903939559145e-08,2.152027027027027,6.73124206275851e-13,0.13754474097331237,0.13754470196140844,0.81,1.0561109325356571e-08,1.0561109325356571e-08
Chromium,"('ecoinvent-3.4-biosphere', 'e0336c9b-a0ff-4ae3-b8bb-ca1e46bbbc11')",Cr,1.8127980480548677e-08,1.8127980480548677e-08,1.0,3.1278613038877847e-13,3.1278613038877847e-13,stoichiometric,Chromite,2.152027027027027,3.9011903939559145e-08,2.152027027027027,6.73124206275851e-13,0.13754474097331237,0.13754470196140844,0.81,1.0561109325356571e-08,1.0561109325356571e-08
Chromium,"('ecoinvent-3.4-biosphere', 'e65a9c58-21f1-48b6-b738-d05a8f10e5f3')",Cr,1.8127980480548677e-08,1.8127980480548677e-08,1.0,3.1278613038877847e-13,3.1278613038877847e-13,stoichiometric,Chromite,2.152027027027027,3.9011903939559145e-08,2.152027027027027,6.73124206275851e-13,0.13754474097331237,0.13754470196140844,0.81,1.0561109325356571e-08,1.0561109325356571e-08
Chromium,"('ecoinvent-3.4-biosphere', '6b29d83a-c43c-484c-8e73-474a8a22d71e')",Cr,1.8127980480548677e-08,1.8127980480548677e-08,1.0,3.1278613038877847e-13,3.1278613038877847e-13,stoichiometric,Chromite,2.152027027027027,3.9011903939559145e-08,2.152027027027027,6.73124206275851e-13,0.13754474097331237,0.13754470196140844,0.81,1.0561109325356571e-08,1.0561109325356571e-08
Chromium,"('ecoinvent-3.4-biosphere', 'e7881581-21b3-4f5c-bd63-6b0684b5e712')",Cr,1.8127980480548677e-08,1.8127980480548677e-08,1.0,3.1278613038877847e-13,3.1278613038877847e-13,stoichiometric,Chromite,2.152027027027027,3.9011903939559145e-08,2.152027027027027,6.73124206275851e-13,0.13754474097331237,0.13754470196140844,0.81,1.0561109325356571e-08,1.0561109325356571e-08
Chromium,"('ecoinvent-3.4-biosphere', 'e142b577-e934-4085-9a07-3983d4d92afb')",Cr,1.8127980480548677e-08,1.8127980480548677e-08,1.0,3.1278613038877847e-13,3.1278613038877847e-13,stoichiometric,Chromite,2.152027027027027,3.9011903939559145e-08,2.152027027027027,6.73124206275851e-13,0.13754474097331237,0.13754470196140844,0.81,1.0561109325356571e-08,1.0561109325356571e-08
Zinc,"('ecoinvent-3.4-biosphere', 'b88999ec-84fd-462d-9dec-7e20a4636a58')",Zn,1.6136319219146504e-08,1.6136319219146504e-08,1.0,1.0836576745711442e-13,1.0836576745711442e-13,stoichiometric,Sphalerite,1.4901477832512315,2.4045500314245407e-08,1.4901477832512315,1.614810081565375e-13,0.02724561983471074,0.027245595789210427,0.789865871833085,3.394182616134997e-07,3.394182616134997e-07
Zinc,"('ecoinvent-3.4-biosphere', '748f22a9-eba4-4726-bef5-92c7442ce189')",Zn,1.6136319219146504e-08,1.6136319219146504e-08,1.0,1.0836576745711442e-13,1.0836576745711442e-13,stoichiometric,Sphalerite,1.4901477832512315,2.4045500314245407e-08,1.4901477832512315,1.614810081565375e-13,0.02724561983471074,0.027245595789210427,0.789865871833085,3.394182616134997e-07,3.394182616134997e-07
Zinc,"('ecoinvent-3.4-biosphere', '8f871bab-96dc-49d9-bf08-12cdd0715901')",Zn,1.6136319219146504e-08,1.6136319219146504e-08,1.0,1.0836576745711442e-13,1.0836576745711442e-13,stoichiometric,Sphalerite,1.4901477832512315,2.4045500314245407e-08,1.4901477832512315,1.614810081565375e-13,0.02724561983471074,0.027245595789210427,0.789865871833085,3.394182616134997e-07,3.394182616134997e-07
Zinc,"('ecoinvent-3.4-biosphere', '8d226423-1351-4366-b09f-d16c9e38683c')",Zn,1.6136319219146504e-08,1.6136319219146504e-08,1.0,1.0836576745711442e-13,1.0836576745711442e-13,stoichiometric,Sphalerite,1.4901477832512315,2.4045500314245407e-08,1.4901477832512315,1.614810081565375e-13,0.02724561983471074,0.027245595789210427,0.789865871833085,3.394182616134997e-07,3.394182616134997e-07
Zinc,"('ecoinvent-3.4-biosphere', '5ce378a0-b48d-471c-977d-79681521efde')",Zn,1.6136319219146504e-08,1.6136319219146504e-08,1.0,1.0836576745711442e-13,1.0836576745711442e-13,stoichiometric,Sphalerite,1.4901477832512315,2.4045500314245407e-08,1.4901477832512315,1.614810081565375e-13,0.02724561983471074,0.027245595789210427,0.789865871833085,3.394182616134997e-07,3.394182616134997e-07
Zinc,"('ecoinvent-3.4-biosphere', '84aa799e-9d98-4d34-85e0-516d28ab1be9')",Zn,1.6136319219146504e-08,1.6136319219146504e-08,1.0,1.0836576745711442e-13,1.0836576745711442e-13,stoichiometric,Sphalerite,1.4901477832512315,2.4045500314245407e-08,1.4901477832512315,1.614810081565375e-13,0.02724561983471074,0.027245595789210427,0.789865871833085,3.394182616134997e-07,3.394182616134997e-07
Zinc,"('ecoinvent-3.4-biosphere', '87a69874-34f9-4070-a525-aa301ab2634b')",Zn,1.6136319219146504e-08,1.6136319219146504e-08,1.0,1.0836576745711442e-13,1.0836576745711442e-13,stoichiometric,Sphalerite,1.4901477832512315,2.4045500314245407e-08,1.4901477832512315,1.614810081565375e-13,0.02724561983471074,0.027245595789210427,0.789865871833085,3.394182616134997e-07,3.394182616134997e-07
Zinc,"('ecoinvent-3.4-biosphere', '77887584-ddca-4920-952c-3609730e0c13')",Zn,1.6136319219146504e-08,1.6136319219146504e-08,1.0,1.0836576745711442e-13,1.0836576745711442e-13,stoichiometric,Sphalerite,1.4901477832512315,2.4045500314245407e-08,1.4901477832512315,1.614810081565375e-13,0.02724561983471074,0.027245595789210427,0.789865871833085,3.394182616134997e-07,3.394182616134997e-07
Zinc,"('ecoinvent-3.4-biosphere', 'ada3ecfe-8244-4389-bcce-e83ca4f66e09')",Zn,1.6136319219146504e-08,1.6136319219146504e-08,1.0,1.0836576745711442e-13,1.0836576745711442e-13,stoichiometric,Sphalerite,1.4901477832512315,2.4045500314245407e-08,1.4901477832512315,1.614810081565375e-13,0.02724561983471074,0.027245595789210427,0.789865871833085,3.394182616134997e-07,3.394182616134997e-07
Lead,"('ecoinvent-3.4-biosphere', '6a903634-c97f-4c49-a7c0-88f0e6ac7a23')",Pb,1.5692861442309014e-08,1.5692861442309014e-08,1.0,1.1855254708054448e-13,1.1855254708054448e-13,stoichiometric,Galena,1.1560975609756097,1.814247883818164e-08,1.1560975609756097,1.370583105272636e-13,0.017732067510548524,0.017732049368069686,0.635111259945265,2.3089823747744893e-07,2.3089823747744893e-07
Lead,"('ecoinvent-3.4-biosphere', 'fe4613d7-1ed8-427d-9b06-c8e8f4f5e1b1')",Pb,1.5692861442309014e-08,1.5692861442309014e-08,1.0,1.1855254708054448e-13,1.1855254708054448e-13,stoichiometric,Galena,1.1560975609756097,1.814247883818164e-08,1.1560975609756097,1.370583105272636e-13,0.017732067510548524,0.017732049368069686,0.635111259945265,2.3089823747744893e-07,2.3089823747744893e-07
Lead,"('ecoinvent-3.4-biosphere', '67652827-017f-4856-8d0a-c97bac4c6562')",Pb,1.5692861442309014e-08,1.5692861442309014e-08,1.0,1.1855254708054448e-13,1.1855254708054448e-13,stoichiometric,Galena,1.1560975609756097,1.814247883818164e-08,1.1560975609756097,1.370583105272636e-13,0.017732067510548524,0.017732049368069686,0.635111259945265,2.3089823747744893e-07,2.3089823747744893e-07
Lead,"('ecoinvent-3.4-biosphere', 'c864aa15-0abc-41ad-9889-348106e485d8')",Pb,1.5692861442309014e-08,1.5692861442309014e-08,1.0,1.1855254708054448e-13,1.1855254708054448e-13,stoichiometric,Galena,1.1560975609756097,1.814247883818164e-08,1.1560975609756097,1.370583105272636e-13,0.017732067510548524,0.017732049368069686,0.635111259945265,2.3089823747744893e-07,2.3089823747744893e-07
Lead,"('ecoinvent-3.4-biosphere', 'e9e856c2-868e-435e-8425-8df1c9297cfc')",Pb,1.5692861442309014e-08,1.5692861442309014e-08,1.0,1.1855254708054448e-13,1.1855254708054448e-13,stoichiometric,Galena,1.1560975609756097,1.814247883818164e-08,1.1560975609756097,1.370583105272636e-13,0.017732067510548524,0.017732049368069686,0.635111259945265,2.3089823747744893e-07,2.3089823747744893e-07
Lead,"('ecoinvent-3.4-biosphere', '739234c8-5359-48b4-983f-9cb170d68c8d')",Pb,1.5692861442309014e-08,1.5692861442309014e-08,1.0,1.1855254708054448e-13,1.1855254708054448e-13,stoichiometric,Galena,1.1560975609756097,1.814247883818164e-08,1.1560975609756097,1.370583105272636e-13,0.017732067510548524,0.017732049368069686,0.635111259945265,2.3089823747744893e-07,2.3089823747744893e-07
Lead,"('ecoinvent-3.4-biosphere', '31c4d160-b21e-41b3-b9c1-3d7a72377653')",Pb,1.5692861442309014e-08,1.5692861442309014e-08,1.0,1.1855254708054448e-13,1.1855254708054448e-13,stoichiometric,Galena,1.1560975609756097,1.814247883818164e-08,1.1560975609756097,1.370583105272636e-13,0.017732067510548524,0.017732049368069686,0.635111259945265,2.3089823747744893e-07,2.3089823747744893e-07
Lead,"('ecoinvent-3.4-biosphere', '0ff15165-d761-48c9-9814-2d1dcdd56857')",Pb,1.5692861442309014e-08,1.5692861442309014e-08,1.0,1.1855254708054448e-13,1.1855254708054448e-13,stoichiometric,Galena,1.1560975609756097,1.814247883818164e-08,1.1560975609756097,1.370583105272636e-13,0.017732067510548524,0.017732049368069686,0.635111259945265,2.3089823747744893e-07,2.3089823747744893e-07
Lead,"('ecoinvent-3.4-biosphere', 'b3ebdcc3-c588-4997-95d2-9785b26b34e1')",Pb,1.5692861442309014e-08,1.5692861442309014e-08,1.0,1.1855254708054448e-13,1.1855254708054448e-13,stoichiometric,Galena,1.1560975609756097,1.814247883818164e-08,1.1560975609756097,1.370583105272636e-13,0.017732067510548524,0.017732049368069686,0.635111259945265,2.3089823747744893e-07,2.3089823747744893e-07
Lead,"('ecoinvent-3.4-biosphere', '8e123669-94d3-41d8-9480-a79211fe7c43')",Pb,1.5692861442309014e-08,1.5692861442309014e-08,1.0,1.1855254708054448e-13,1.1855254708054448e-13,stoichiometric,Galena,1.1560975609756097,1.814247883818164e-08,1.1560975609756097,1.370583105272636e-13,0.017732067510548524,0.017732049368069686,0.635111259945265,2.3089823747744893e-07,2.3089823747744893e-07
Lead,"('ecoinvent-3.4-biosphere', '9ee7f4ab-b826-47ae-8623-e138f944b42e')",Pb,1.5692861442309014e-08,1.5692861442309014e-08,1.0,1.1855254708054448e-13,1.1855254708054448e-13,stoichiometric,Galena,1.1560975609756097,1.814247883818164e-08,1.1560975609756097,1.370583105272636e-13,0.017732067510548524,0.017732049368069686,0.635111259945265,2.3089823747744893e-07,2.3089823747744893e-07
Lead,"('ecoinvent-3.4-biosphere', '2718482b-8399-442e-b89a-52fbcc22d2e6')",Pb,1.5692861442309014e-08,1.5692861442309014e-08,1.0,1.1855254708054448e-13,1.1855254708054448e-13,stoichiometric,Galena,1.1560975609756097,1.814247883818164e-08,1.1560975609756097,1.370583105272636e-13,0.017732067510548524,0.017732049368069686,0.635111259945265,2.3089823747744893e-07,2.3089823747744893e-07
Lead,"('ecoinvent-3.4-biosphere', '837083ce-41cd-49f3-a849-d79564dac238')",Pb,1.5692861442309014e-08,1.5692861442309014e-08,1.0,1.1855254708054448e-13,1.1855254708054448e-13,stoichiometric,Galena,1.1560975609756097,1.814247883818164e-08,1.1560975609756097,1.370583105272636e-13,0.017732067510548524,0.017732049368069686,0.635111259945265,2.3089823747744893e-07,2.3089823747744893e-07
Lead,"('ecoinvent-3.4-biosphere', '4010918f-7fd0-4925-8fbb-8fd7a44a806c')",Pb,1.5692861442309014e-08,1.5692861442309014e-08,1.0,1.1855254708054448e-13,1.1855254708054448e-13,stoichiometric,Galena,1.1560975609756097,1.814247883818164e-08,1.1560975609756097,1.370583105272636e-13,0.017732067510548524,0.017732049368069686,0.635111259945265,2.3089823747744893e-07,2.3089823747744893e-07
Cobalt,"('ecoinvent-3.4-biosphere', '33627701-feca-434d-a192-674a450eaaf7')",Co,1.4818791763875378e-08,1.4818791763875378e-08,1.0,1.9447495148453946e-12,1.9447495148453946e-12,stoichiometric,Linnaeite,1.727272727272727,2.559609486487565e-08,1.727272727272727,3.3591127983693174e-12,0.000636842105263158,0.0006368165091682931,0.0455986939380875,8.61439311228356e-05,8.61439311228356e-05
Cobalt,"('ecoinvent-3.4-biosphere', '381a22c9-3722-4378-810d-86958f7b6d32')",Co,1.4818791763875378e-08,1.4818791763875378e-08,1.0,1.9447495148453946e-12,1.9447495148453946e-12,stoichiometric,Linnaeite,1.727272727272727,2.559609486487565e-08,1.727272727272727,3.3591127983693174e-12,0.000636842105263158,0.0006368165091682931,0.0455986939380875,8.61439311228356e-05,8.61439311228356e-05
Cobalt,"('ecoinvent-3.4-biosphere', 'b10faa87-2c1d-4f6e-aa65-9f80b376939a')",Co,1.4818791763875378e-08,1.4818791763875378e-08,1.0,1.9447495148453946e-12,1.9447495148453946e-12,stoichiometric,Linnaeite,1.727272727272727,2.559609486487565e-08,1.727272727272727,3.3591127983693174e-12,0.000636842105263158,0.0006368165091682931,0.0455986939380875,8.61439311228356e-05,8.61439311228356e-05
Cobalt,"('ecoinvent-3.4-biosphere', '12051b95-831a-49c0-9a70-fbc0e8fb9af9')",Co,1.4818791763875378e-08,1.4818791763875378e-08,1.0,1.9447495148453946e-12,1.9447495148453946e-12,stoichiometric,Linnaeite,1.727272727272727,2.559609486487565e-08,1.727272727272727,3.3591127983693174e-12,0.000636842105263158,0.0006368165091682931,0.0455986939380875,8.61439311228356e-05,8.61439311228356e-05
Cobalt,"('ecoinvent-3.4-biosphere', '9ce88274-57b6-42ed-a78b-4abef2301865')",Co,1.4818791763875378e-08,1.4818791763875378e-08,1.0,1.9447495148453946e-12,1.9447495148453946e-12,stoichiometric,Linnaeite,1.727272727272727,2.559609486487565e-08,1.727272727272727,3.3591127983693174e-12,0.000636842105263158,0.0006368165091682931,0.0455986939380875,8.61439311228356e-05,8.61439311228356e-05
Cobalt,"('ecoinvent-3.4-biosphere', 'c58d25ad-30d2-4fac-a857-1fa6f67afe8a')",Co,1.4818791763875378e-08,1.4818791763875378e-08,1.0,1.9447495148453946e-12,1.9447495148453946e-12,stoichiometric,Linnaeite,1.727272727272727,2.559609486487565e-08,1.727272727272727,3.3591127983693174e-12,0.000636842105263158,0.0006368165091682931,0.0455986939380875,8.61439311228356e-05,8.61439311228356e-05
Cobalt,"('ecoinvent-3.4-biosphere', 'ca04300a-8338-4601-ba7c-66c10a4f6322')",Co,1.4818791763875378e-08,1.4818791763875378e-08,1.0,1.9447495148453946e-12,1.9447495148453946e-12,stoichiometric,Linnaeite,1.727272727272727,2.559609486487565e-08,1.727272727272727,3.3591127983693174e-12,0.000636842105263158,0.0006368165091682931,0.0455986939380875,8.61439311228356e-05,8.61439311228356e-05
Cobalt,"('ecoinvent-3.4-biosphere', '1e904267-caa3-40e6-a3a0-fc104489770b')",Co,1.4818791763875378e-08,1.4818791763875378e-08,1.0,1.9447495148453946e-12,1.9447495148453946e-12,stoichiometric,Linnaeite,1.727272727272727,2.559609486487565e-08,1.727272727272727,3.3591127983693174e-12,0.000636842105263158,0.0006368165091682931,0.0455986939380875,8.61439311228356e-05,8.61439311228356e-05
Cobalt,"('ecoinvent-3.4-biosphere', 'f0d1c319-249f-4a89-b0e7-3a5a90a54036')",Co,1.4818791763875378e-08,1.4818791763875378e-08,1.0,1.9447495148453946e-12,1.9447495148453946e-12,stoichiometric,Linnaeite,1.727272727272727,2.559609486487565e-08,1.727272727272727,3.3591127983693174e-12,0.000636842105263158,0.0006368165091682931,0.0455986939380875,8.61439311228356e-05,8.61439311228356e-05
Cobalt,"('ecoinvent-3.4-biosphere', '74eb3f02-09ec-46ce-8ee8-d67d0900136b')",Co,1.4818791763875378e-08,1.4818791763875378e-08,1.0,1.9447495148453946e-12,1.9447495148453946e-12,stoichiometric,Linnaeite,1.727272727272727,2.559609486487565e-08,1.727272727272727,3.3591127983693174e-12,0.000636842105263158,0.0006368165091682931,0.0455986939380875,8.61439311228356e-05,8.61439311228356e-05
Cobalt,"('ecoinvent-3.4-biosphere', '9542444c-7c7a-48e2-bc9c-9c7c34fb7b3e')",Co,1.4818791763875378e-08,1.4818791763875378e-08,1.0,1.9447495148453946e-12,1.9447495148453946e-12,stoichiometric,Linnaeite,1.727272727272727,2.559609486487565e-08,1.727272727272727,3.3591127983693174e-12,0.000636842105263158,0.0006368165091682931,0.0455986939380875,8.61439311228356e-05,8.61439311228356e-05
Cobalt,"('ecoinvent-3.4-biosphere', 'caf066cf-40ce-47a8-ba4c-969fcd6019c7')",Co,1.4818791763875378e-08,1.4818791763875378e-08,1.0,1.9447495148453946e-12,1.9447495148453946e-12,stoichiometric,Linnaeite,1.727272727272727,2.559609486487565e-08,1.727272727272727,3.3591127983693174e-12,0.000636842105263158,0.0006368165091682931,0.0455986939380875,8.61439311228356e-05,8.61439311228356e-05
Cobalt,"('ecoinvent-3.4-biosphere', 'f0e28a62-ddf9-4c93-af81-676a58c3f2d4')",Co,1.4818791763875378e-08,1.4818791763875378e-08,1.0,1.9447495148453946e-12,1.9447495148453946e-12,stoichiometric,Linnaeite,1.727272727272727,2.559609486487565e-08,1.727272727272727,3.3591127983693174e-12,0.000636842105263158,0.0006368165091682931,0.0455986939380875,8.61439311228356e-05,8.61439311228356e-05
Cobalt,"('ecoinvent-3.4-biosphere', 'd4291dd5-dae8-47fa-bf06-466fcecbc210')",Co,1.4818791763875378e-08,1.4818791763875378e-08,1.0,1.9447495148453946e-12,1.9447495148453946e-12,stoichiometric,Linnaeite,1.727272727272727,2.559609486487565e-08,1.727272727272727,3.3591127983693174e-12,0.000636842105263158,0.0006368165091682931,0.0455986939380875,8.61439311228356e-05,8.61439311228356e-05
Aluminium,"('ecoinvent-3.4-biosphere', '7880e65c-0321-4295-ba55-3186ad36e489')",Al,1.3390278912931914e-08,1.3390278912931914e-08,1.0,6.422536676269254e-14,6.422536676269254e-14,stoichiometric,Bauxite (Gibbsite),2.8930041152263373,3.8738131999140475e-08,2.8930041152263373,1.8580425034639034e-13,0.08399573257467995,0.08399569383654795,0.95,4.556072184046994e-06,4.556072184046994e-06
Aluminium,"('ecoinvent-3.4-biosphere', '46e63323-cffd-4c46-829b-5f006b50fa9b')",Al,1.3390278912931914e-08,1.3390278912931914e-08,1.0,6.422536676269254e-14,6.422536676269254e-14,stoichiometric,Bauxite (Gibbsite),2.8930041152263373,3.8738131999140475e-08,2.8930041152263373,1.8580425034639034e-13,0.08399573257467995,0.08399569383654795,0.95,4.556072184046994e-06,4.556072184046994e-06
Aluminium,"('ecoinvent-3.4-biosphere', '39555a26-d28b-425f-993f-e8770ab7d9cf')",Al,1.3390278912931914e-08,1.3390278912931914e-08,1.0,6.422536676269254e-14,6.422536676269254e-14,stoichiometric,Bauxite (Gibbsite),2.8930041152263373,3.8738131999140475e-08,2.8930041152263373,1.8580425034639034e-13,0.08399573257467995,0.08399569383654795,0.95,4.556072184046994e-06,4.556072184046994e-06
Aluminium,"('ecoinvent-3.4-biosphere', 'd96403bf-902e-4b7a-8ffd-32fe09e4017f')",Al,1.3390278912931914e-08,1.3390278912931914e-08,1.0,6.422536676269254e-14,6.422536676269254e-14,stoichiometric,Bauxite (Gibbsite),2.8930041152263373,3.8738131999140475e-08,2.8930041152263373,1.8580425034639034e-13,0.08399573257467995,0.08399569383654795,0.95,4.556072184046994e-06,4.556072184046994e-06
Aluminium,"('ecoinvent-3.4-biosphere', '0ace7678-a181-48e8-8728-d912a8b56c57')",Al,1.3390278912931914e-08,1.3390278912931914e-08,1.0,6.422536676269254e-14,6.422536676269254e-14,stoichiometric,Bauxite (Gibbsite),2.8930041152263373,3.8738131999140475e-08,2.8930041152263373,1.8580425034639034e-13,0.08399573257467995,0.08399569383654795,0.95,4.556072184046994e-06,4.556072184046994e-06
Aluminium,"('ecoinvent-3.4-biosphere', '9c3bd678-1b2f-4b95-a245-d5c8a3fe326b')",Al,1.3390278912931914e-08,1.3390278912931914e-08,1.0,6.422536676269254e-14,6.422536676269254e-14,stoichiometric,Bauxite (Gibbsite),2.8930041152263373,3.8738131999140475e-08,2.8930041152263373,1.8580425034639034e-13,0.08399573257467995,0.08399569383654795,0.95,4.556072184046994e-06,4.556072184046994e-06
Aluminium,"('ecoinvent-3.4-biosphere', '01056d4b-f9b0-4dfc-b8d9-8407c8376efb')",Al,1.3390278912931914e-08,1.3390278912931914e-08,1.0,6.422536676269254e-14,6.422536676269254e-14,stoichiometric,Bauxite (Gibbsite),2.8930041152263373,3.8738131999140475e-08,2.8930041152263373,1.8580425034639034e-13,0.08399573257467995,0.08399569383654795,0.95,4.556072184046994e-06,4.556072184046994e-06
Aluminium,"('ecoinvent-3.4-biosphere', '765546a9-b056-4d27-ad14-2f016511bdcb')",Al,1.3390278912931914e-08,1.3390278912931914e-08,1.0,6.422536676269254e-14,6.422536676269254e-14,stoichiometric,Bauxite (Gibbsite),2.8930041152263373,3.8738131999140475e-08,2.8930041152263373,1.8580425034639034e-13,0.08399573257467995,0.08399569383654795,0.95,4.556072184046994e-06,4.556072184046994e-06
Aluminium,"('ecoinvent-3.4-biosphere', '6f0b8b7c-3888-4174-b7e3-916d42d678ee')",Al,1.3390278912931914e-08,1.3390278912931914e-08,1.0,6.422536676269254e-14,6.422536676269254e-14,stoichiometric,Bauxite (Gibbsite),2.8930041152263373,3.8738131999140475e-08,2.8930041152263373,1.8580425034639034e-13,0.08399573257467995,0.08399569383654795,0.95,4.556072184046994e-06,4.556072184046994e-06
Aluminium,"('ecoinvent-3.4-biosphere', '2e0c9efa-d55c-49db-8be3-0376d5921ff4')",Al,1.3390278912931914e-08,1.3390278912931914e-08,1.0,6.422536676269254e-14,6.422536676269254e-14,stoichiometric,Bauxite (Gibbsite),2.8930041152263373,3.8738131999140475e-08,2.8930041152263373,1.8580425034639034e-13,0.08399573257467995,0.08399569383654795,0.95,4.556072184046994e-06,4.556072184046994e-06
Aluminium,"('ecoinvent-3.4-biosphere', '97e498ec-f323-4ec6-bcc0-d8a4c853bae3')",Al,1.3390278912931914e-08,1.3390278912931914e-08,1.0,6.422536676269254e-14,6.422536676269254e-14,stoichiometric,Bauxite (Gibbsite),2.8930041152263373,3.8738131999140475e-08,2.8930041152263373,1.8580425034639034e-13,0.08399573257467995,0.08399569383654795,0.95,4.556072184046994e-06,4.556072184046994e-06
Aluminium,"('ecoinvent-3.4-biosphere', 'e0401210-0377-4670-84af-12247ca20bed')",Al,1.3390278912931914e-08,1.3390278912931914e-08,1.0,6.422536676269254e-14,6.422536676269254e-14,stoichiometric,Bauxite (Gibbsite),2.8930041152263373,3.8738131999140475e-08,2.8930041152263373,1.8580425034639034e-13,0.08399573257467995,0.08399569383654795,0.95,4.556072184046994e-06,4.556072184046994e-06
Aluminium,"('ecoinvent-3.4-biosphere', 'ff65658c-2d39-44a2-b23e-7ec3c644f064')",Al,1.3390278912931914e-08,1.3390278912931914e-08,1.0,6.422536676269254e-14,6.422536676269254e-14,stoichiometric,Bauxite (Gibbsite),2.8930041152263373,3.8738131999140475e-08,2.8930041152263373,1.8580425034639034e-13,0.08399573257467995,0.08399569383654795,0.95,4.556072184046994e-06,4.556072184046994e-06
Aluminium,"('ecoinvent-3.4-biosphere', '2baa4381-b781-4f5e-90de-508b0fa3fd1f')",Al,1.3390278912931914e-08,1.3390278912931914e-08,1.0,6.422536676269254e-14,6.422536676269254e-14,stoichiometric,Bauxite (Gibbsite),2.8930041152263373,3.8738131999140475e-08,2.8930041152263373,1.8580425034639034e-13,0.08399573257467995,0.08399569383654795,0.95,4.556072184046994e-06,4.556072184046994e-06
"Tin, ion","('ecoinvent-3.4-biosphere', '2a992e5e-9f16-47b8-8bcb-733d00bed658')",Sn,9.711904365385579e-09,9.711904365385579e-09,1.0,1.3268575464212294e-13,1.3268575464212294e-13,stoichiometric,Cassiterite,1.26875,1.2321978663582954e-08,1.26875,1.6834505120219348e-13,0.003783251231527093,0.0037832389095484296,0.8632947389802966,8.131610268507873e-06,8.131610268507873e-06
"Tin, ion","('ecoinvent-3.4-biosphere', '3ddb2e36-bc1b-43a5-8ef4-cbcdbeeeea70')",Sn,9.711904365385579e-09,9.711904365385579e-09,1.0,1.3268575464212294e-13,1.3268575464212294e-13,stoichiometric,Cassiterite,1.26875,1.2321978663582954e-08,1.26875,1.6834505120219348e-13,0.003783251231527093,0.0037832389095484296,0.8632947389802966,8.131610268507873e-06,8.131610268507873e-06
"Tin, ion","('ecoinvent-3.4-biosphere', '60a6702f-20ad-444f-a6df-f6374f1e3183')",Sn,9.711904365385579e-09,9.711904365385579e-09,1.0,1.3268575464212294e-13,1.3268575464212294e-13,stoichiometric,Cassiterite,1.26875,1.2321978663582954e-08,1.26875,1.6834505120219348e-13,0.003783251231527093,0.0037832389095484296,0.8632947389802966,8.131610268507873e-06,8.131610268507873e-06
"Tin, ion","('ecoinvent-3.4-biosphere', 'f73177d8-5e57-4f0d-ba34-6889cfdfed40')",Sn,9.711904365385579e-09,9.711904365385579e-09,1.0,1.3268575464212294e-13,1.3268575464212294e-13,stoichiometric,Cassiterite,1.26875,1.2321978663582954e-08,1.26875,1.6834505120219348e-13,0.003783251231527093,0.0037832389095484296,0.8632947389802966,8.131610268507873e-06,8.131610268507873e-06
"Tin, ion","('ecoinvent-3.4-biosphere', 'd5c40848-fc29-47fa-90a4-46db64a45a4e')",Sn,9.711904365385579e-09,9.711904365385579e-09,1.0,1.3268575464212294e-13,1.3268575464212294e-13,stoichiometric,Cassiterite,1.26875,1.2321978663582954e-08,1.26875,1.6834505120219348e-13,0.003783251231527093,0.0037832389095484296,0.8632947389802966,8.131610268507873e-06,8.131610268507873e-06
Manganese,"('ecoinvent-3.4-biosphere', '6b7fbea6-4a86-40f9-954d-3c9b3611abfd')",Mn,7.924957679962621e-09,7.924957679962621e-09,1.0,6.485008032108113e-14,6.485008032108113e-14,stoichiometric,Pyrolusite,1.5822784810126582,1.2539489999940856e-08,1.5822784810126582,1.0261088658398912e-13,0.199712,0.19971198746051,0.6709603911825677,7.278941089185086e-09,7.278941089185086e-09
Manganese,"('ecoinvent-3.4-biosphere', '44f28e11-061d-44fd-8f25-dc62a9f1fa57')",Mn,7.924957679962621e-09,7.924957679962621e-09,1.0,6.485008032108113e-14,6.485008032108113e-14,stoichiometric,Pyrolusite,1.5822784810126582,1.2539489999940856e-08,1.5822784810126582,1.0261088658398912e-13,0.199712,0.19971198746051,0.6709603911825677,7.278941089185086e-09,7.278941089185086e-09
Manganese,"('ecoinvent-3.4-biosphere', '9c706cff-cb82-4207-a589-95896e04dc08')",Mn,7.924957679962621e-09,7.924957679962621e-09,1.0,6.485008032108113e-14,6.485008032108113e-14,stoichiometric,Pyrolusite,1.5822784810126582,1.2539489999940856e-08,1.5822784810126582,1.0261088658398912e-13,0.199712,0.19971198746051,0.6709603911825677,7.278941089185086e-09,7.278941089185086e-09
Manganese,"('ecoinvent-3.4-biosphere', '9ba8c05d-1593-45a5-8d3b-5c4f3e9fef32')",Mn,7.924957679962621e-09,7.924957679962621e-09,1.0,6.485008032108113e-14,6.485008032108113e-14,stoichiometric,Pyrolusite,1.5822784810126582,1.2539489999940856e-08,1.5822784810126582,1.0261088658398912e-13,0.199712,0.19971198746051,0.6709603911825677,7.278941089185086e-09,7.278941089185086e-09
Manganese,"('ecoinvent-3.4-biosphere', '835d0907-a668-4d92-b6b6-7b56fa343713')",Mn,7.924957679962621e-09,7.924957679962621e-09,1.0,6.485008032108113e-14,6.485008032108113e-14,stoichiometric,Pyrolusite,1.5822784810126582,1.2539489999940856e-08,1.5822784810126582,1.0261088658398912e-13,0.199712,0.19971198746051,0.6709603911825677,7.278941089185086e-09,7.278941089185086e-09
Manganese,"('ecoinvent-3.4-biosphere', '2460f868-54a9-404c-bec8-c809a44ae72c')",Mn,7.924957679962621e-09,7.924957679962621e-09,1.0,6.485008032108113e-14,6.485008032108113e-14,stoichiometric,Pyrolusite,1.5822784810126582,1.2539489999940856e-08,1.5822784810126582,1.0261088658398912e-13,0.199712,0.19971198746051,0.6709603911825677,7.278941089185086e-09,7.278941089185086e-09
Manganese,"('ecoinvent-3.4-biosphere', '10cbd2f7-c41b-4bb4-b636-d8fc15cf0282')",Mn,7.924957679962621e-09,7.924957679962621e-09,1.0,6.485008032108113e-14,6.485008032108113e-14,stoichiometric,Pyrolusite,1.5822784810126582,1.2539489999940856e-08,1.5822784810126582,1.0261088658398912e-13,0.199712,0.19971198746051,0.6709603911825677,7.278941089185086e-09,7.278941089185086e-09
Manganese,"('ecoinvent-3.4-biosphere', '295060ba-3c3d-45e4-99ca-e17b1204b553')",Mn,7.924957679962621e-09,7.924957679962621e-09,1.0,6.485008032108113e-14,6.485008032108113e-14,stoichiometric,Pyrolusite,1.5822784810126582,1.2539489999940856e-08,1.5822784810126582,1.0261088658398912e-13,0.199712,0.19971198746051,0.6709603911825677,7.278941089185086e-09,7.278941089185086e-09
Manganese,"('ecoinvent-3.4-biosphere', 'b0546417-3064-4878-bd6f-2da75cefdf63')",Mn,7.924957679962621e-09,7.924957679962621e-09,1.0,6.485008032108113e-14,6.485008032108113e-14,stoichiometric,Pyrolusite,1.5822784810126582,1.2539489999940856e-08,1.5822784810126582,1.0261088658398912e-13,0.199712,0.19971198746051,0.6709603911825677,7.278941089185086e-09,7.278941089185086e-09
Manganese,"('ecoinvent-3.4-biosphere', 'c91fd4bf-ed70-4e2f-a34f-159773f981b6')",Mn,7.924957679962621e-09,7.924957679962621e-09,1.0,6.485008032108113e-14,6.485008032108113e-14,stoichiometric,Pyrolusite,1.5822784810126582,1.2539489999940856e-08,1.5822784810126582,1.0261088658398912e-13,0.199712,0.19971198746051,0.6709603911825677,7.278941089185086e-09,7.278941089185086e-09
Manganese,"('ecoinvent-3.4-biosphere', '0af26a55-d357-469f-abad-8ced785cb4fb')",Mn,7.924957679962621e-09,7.924957679962621e-09,1.0,6.485008032108113e-14,6.485008032108113e-14,stoichiometric,Pyrolusite,1.5822784810126582,1.2539489999940856e-08,1.5822784810126582,1.0261088658398912e-13,0.199712,0.19971198746051,0.6709603911825677,7.278941089185086e-09,7.278941089185086e-09
Manganese,"('ecoinvent-3.4-biosphere', '42053ffb-9284-49cb-88f9-33ac5c77be4a')",Mn,7.924957679962621e-09,7.924957679962621e-09,1.0,6.485008032108113e-14,6.485008032108113e-14,stoichiometric,Pyrolusite,1.5822784810126582,1.2539489999940856e-08,1.5822784810126582,1.0261088658398912e-13,0.199712,0.19971198746051,0.6709603911825677,7.278941089185086e-09,7.278941089185086e-09
Manganese,"('ecoinvent-3.4-biosphere', 'f532985c-90b7-46fc-aac9-b039b40e22f1')",Mn,7.924957679962621e-09,7.924957679962621e-09,1.0,6.485008032108113e-14,6.485008032108113e-14,stoichiometric,Pyrolusite,1.5822784810126582,1.2539489999940856e-08,1.5822784810126582,1.0261088658398912e-13,0.199712,0.19971198746051,0.6709603911825677,7.278941089185086e-09,7.278941089185086e-09
Manganese,"('ecoinvent-3.4-biosphere', '009a49e8-09a7-4432-9cb9-f2dd18e8f922')",Mn,7.924957679962621e-09,7.924957679962621e-09,1.0,6.485008032108113e-14,6.485008032108113e-14,stoichiometric,Pyrolusite,1.5822784810126582,1.2539489999940856e-08,1.5822784810126582,1.0261088658398912e-13,0.199712,0.19971198746051,0.6709603911825677,7.278941089185086e-09,7.278941089185086e-09
"Zinc, ion","('ecoinvent-3.4-biosphere', '2195d86f-e4c8-4e86-9f18-b5b065b1df7e')",Zn,7.519400413217772e-09,7.519400413217772e-09,1.0,1.0836576745711442e-13,1.0836576745711442e-13,stoichiometric,Sphalerite,1.4901477832512315,1.1205017857134856e-08,1.4901477832512315,1.614810081565375e-13,0.02724561983471074,0.027245608629692882,0.789865871833085,1.58166239544376e-07,1.58166239544376e-07
"Zinc, ion","('ecoinvent-3.4-biosphere', '2c7be02c-791f-4fef-b231-b90321bbeb30')",Zn,7.519400413217772e-09,7.519400413217772e-09,1.0,1.0836576745711442e-13,1.0836576745711442e-13,stoichiometric,Sphalerite,1.4901477832512315,1.1205017857134856e-08,1.4901477832512315,1.614810081565375e-13,0.02724561983471074,0.027245608629692882,0.789865871833085,1.58166239544376e-07,1.58166239544376e-07
"Zinc, ion","('ecoinvent-3.4-biosphere', '7e769b3e-03fb-4b53-be15-85a910dcfea9')",Zn,7.519400413217772e-09,7.519400413217772e-09,1.0,1.0836576745711442e-13,1.0836576745711442e-13,stoichiometric,Sphalerite,1.4901477832512315,1.1205017857134856e-08,1.4901477832512315,1.614810081565375e-13,0.02724561983471074,0.027245608629692882,0.789865871833085,1.58166239544376e-07,1.58166239544376e-07
"Zinc, ion","('ecoinvent-3.4-biosphere', '541b633c-17a3-4047-bce6-0c0e4fdb7c10')",Zn,7.519400413217772e-09,7.519400413217772e-09,1.0,1.0836576745711442e-13,1.0836576745711442e-13,stoichiometric,Sphalerite,1.4901477832512315,1.1205017857134856e-08,1.4901477832512315,1.614810081565375e-13,0.02724561983471074,0.027245608629692882,0.789865871833085,1.58166239544376e-07,1.58166239544376e-07
"Zinc, ion","('ecoinvent-3.4-biosphere', 'bdce3a7c-e008-4391-be26-285f71a02453')",Zn,7.519400413217772e-09,7.519400413217772e-09,1.0,1.0836576745711442e-13,1.0836576745711442e-13,stoichiometric,Sphalerite,1.4901477832512315,1.1205017857134856e-08,1.4901477832512315,1.614810081565375e-13,0.02724561983471074,0.027245608629692882,0.789865871833085,1.58166239544376e-07,1.58166239544376e-07
Nickel,"('ecoinvent-3.4-biosphere', 'a72a45ee-395a-4d25-b893-9d183e43e76e')",Ni,7.477388452837547e-09,7.477388452837547e-09,1.0,9.066741688482605e-14,9.066741688482605e-14,stoichiometric,Pentlandite(sulphides) / Garnierite(laterites),2.9342028985507245,2.194017487190565e-08,2.9342028985507245,2.660365974275635e-13,0.00509049773755656,0.005090475797381688,0.0803628113054402,2.6563203212614035e-06,2.6563203212614035e-06
Nickel,"('ecoinvent-3.4-biosphere', 'e43a270f-4f88-4789-a0b8-7aba56677743')",Ni,7.477388452837547e-09,7.477388452837547e-09,1.0,9.066741688482605e-14,9.066741688482605e-14,stoichiometric,Pentlandite(sulphides) / Garnierite(laterites),2.9342028985507245,2.194017487190565e-08,2.9342028985507245,2.660365974275635e-13,0.00509049773755656,0.005090475797381688,0.0803628113054402,2.6563203212614035e-06,2.6563203212614035e-06
Nickel,"('ecoinvent-3.4-biosphere', 'c89873de-cd23-4323-a948-f5cfeebd2fc9')",Ni,7.477388452837547e-09,7.477388452837547e-09,1.0,9.066741688482605e-14,9.066741688482605e-14,stoichiometric,Pentlandite(sulphides) / Garnierite(laterites),2.9342028985507245,2.194017487190565e-08,2.9342028985507245,2.660365974275635e-13,0.00509049773755656,0.005090475797381688,0.0803628113054402,2.6563203212614035e-06,2.6563203212614035e-06
Nickel,"('ecoinvent-3.4-biosphere', '5de1943f-b011-45a0-97d4-ed15eea6a382')",Ni,7.477388452837547e-09,7.477388452837547e-09,1.0,9.066741688482605e-14,9.066741688482605e-14,stoichiometric,Pentlandite(sulphides) / Garnierite(laterites),2.9342028985507245,2.194017487190565e-08,2.9342028985507245,2.660365974275635e-13,0.00509049773755656,0.005090475797381688,0.0803628113054402,2.6563203212614035e-06,2.6563203212614035e-06
Nickel,"('ecoinvent-3.4-biosphere', 'b4580545-243d-48d2-a3a0-2633a4f46fb1')",Ni,7.477388452837547e-09,7.477388452837547e-09,1.0,9.066741688482605e-14,9.066741688482605e-14,stoichiometric,Pentlandite(sulphides) / Garnierite(laterites),2.9342028985507245,2.194017487190565e-08,2.9342028985507245,2.660365974275635e-13,0.00509049773755656,0.005090475797381688,0.0803628113054402,2.6563203212614035e-06,2.6563203212614035e-06
Nickel,"('ecoinvent-3.4-biosphere', 'a5506f4b-113f-4713-95c3-c819dde6e48b')",Ni,7.477388452837547e-09,7.477388452837547e-09,1.0,9.066741688482605e-14,9.066741688482605e-14,stoichiometric,Pentlandite(sulphides) / Garnierite(laterites),2.9342028985507245,2.194017487190565e-08,2.9342028985507245,2.660365974275635e-13,0.00509049773755656,0.005090475797381688,0.0803628113054402,2.6563203212614035e-06,2.6563203212614035e-06
Nickel,"('ecoinvent-3.4-biosphere', 'e8fc62ba-678e-4706-97d2-b79d83e227d5')",Ni,7.477388452837547e-09,7.477388452837547e-09,1.0,9.066741688482605e-14,9.066741688482605e-14,stoichiometric,Pentlandite(sulphides) / Garnierite(laterites),2.9342028985507245,2.194017487190565e-08,2.9342028985507245,2.660365974275635e-13,0.00509049773755656,0.005090475797381688,0.0803628113054402,2.6563203212614035e-06,2.6563203212614035e-06
Nickel,"('ecoinvent-3.4-biosphere', '2bcad3b3-5305-481c-a166-ad5e6eac2675')",Ni,7.477388452837547e-09,7.477388452837547e-09,1.0,9.066741688482605e-14,9.066741688482605e-14,stoichiometric,Pentlandite(sulphides) / Garnierite(laterites),2.9342028985507245,2.194017487190565e-08,2.9342028985507245,2.660365974275635e-13,0.00509049773755656,0.005090475797381688,0.0803628113054402,2.6563203212614035e-06,2.6563203212614035e-06
Nickel,"('ecoinvent-3.4-biosphere', '0545c382-2312-43b6-9ec3-63dbb1438565')",Ni,7.477388452837547e-09,7.477388452837547e-09,1.0,9.066741688482605e-14,9.066741688482605e-14,stoichiometric,Pentlandite(sulphides) / Garnierite(laterites),2.9342028985507245,2.194017487190565e-08,2.9342028985507245,2.660365974275635e-13,0.00509049773755656,0.005090475797381688,0.0803628113054402,2.6563203212614035e-06,2.6563203212614035e-06
Nickel,"('ecoinvent-3.4-biosphere', '56815b4f-6138-4e0b-9fac-c94fd6b102b3')",Ni,7.477388452837547e-09,7.477388452837547e-09,1.0,9.066741688482605e-14,9.066741688482605e-14,stoichiometric,Pentlandite(sulphides) / Garnierite(laterites),2.9342028985507245,2.194017487190565e-08,2.9342028985507245,2.660365974275635e-13,0.00509049773755656,0.005090475797381688,0.0803628113054402,2.6563203212614035e-06,2.6563203212614035e-06
Aluminium,"('ecoinvent-3.4-biosphere', '7880e65c-0321-4295-ba55-3186ad36e489')",Al,6.903198719802243e-09,6.903198719802243e-09,1.0,6.422536676269254e-14,6.422536676269254e-14,stoichiometric,Bauxite (Gibbsite),2.8930041152263373,1.997098230461307e-08,2.8930041152263373,1.8580425034639034e-13,0.08399573257467995,0.08399571260369765,0.95,2.3488283763090716e-06,2.3488283763090716e-06
Aluminium,"('ecoinvent-3.4-biosphere', '46e63323-cffd-4c46-829b-5f006b50fa9b')",Al,6.903198719802243e-09,6.903198719802243e-09,1.0,6.422536676269254e-14,6.422536676269254e-14,stoichiometric,Bauxite (Gibbsite),2.8930041152263373,1.997098230461307e-08,2.8930041152263373,1.8580425034639034e-13,0.08399573257467995,0.08399571260369765,0.95,2.3488283763090716e-06,2.3488283763090716e-06
Aluminium,"('ecoinvent-3.4-biosphere', '39555a26-d28b-425f-993f-e8770ab7d9cf')",Al,6.903198719802243e-09,6.903198719802243e-09,1.0,6.422536676269254e-14,6.422536676269254e-14,stoichiometric,Bauxite (Gibbsite),2.8930041152263373,1.997098230461307e-08,2.8930041152263373,1.8580425034639034e-13,0.08399573257467995,0.08399571260369765,0.95,2.3488283763090716e-06,2.3488283763090716e-06
Aluminium,"('ecoinvent-3.4-biosphere', 'd96403bf-902e-4b7a-8ffd-32fe09e4017f')",Al,6.903198719802243e-09,6.903198719802243e-09,1.0,6.422536676269254e-14,6.422536676269254e-14,stoichiometric,Bauxite (Gibbsite),2.8930041152263373,1.997098230461307e-08,2.8930041152263373,1.8580425034639034e-13,0.08399573257467995,0.08399571260369765,0.95,2.3488283763090716e-06,2.3488283763090716e-06
Aluminium,"('ecoinvent-3.4-biosphere', '0ace7678-a181-48e8-8728-d912a8b56c57')",Al,6.903198719802243e-09,6.903198719802243e-09,1.0,6.422536676269254e-14,6.422536676269254e-14,stoichiometric,Bauxite (Gibbsite),2.8930041152263373,1.997098230461307e-08,2.8930041152263373,1.8580425034639034e-13,0.08399573257467995,0.08399571260369765,0.95,2.3488283763090716e-06,2.3488283763090716e-06
Aluminium,"('ecoinvent-3.4-biosphere', '9c3bd678-1b2f-4b95-a245-d5c8a3fe326b')",Al,6.903198719802243e-09,6.903198719802243e-09,1.0,6.422536676269254e-14,6.422536676269254e-14,stoichiometric,Bauxite (Gibbsite),2.8930041152263373,1.997098230461307e-08,2.8930041152263373,1.8580425034639034e-13,0.08399573257467995,0.08399571260369765,0.95,2.3488283763090716e-06,2.3488283763090716e-06
Aluminium,"('ecoinvent-3.4-biosphere', '01056d4b-f9b0-4dfc-b8d9-8407c8376efb')",Al,6.903198719802243e-09,6.903198719802243e-09,1.0,6.422536676269254e-14,6.422536676269254e-14,stoichiometric,Bauxite (Gibbsite),2.8930041152263373,1.997098230461307e-08,2.8930041152263373,1.8580425034639034e-13,0.08399573257467995,0.08399571260369765,0.95,2.3488283763090716e-06,2.3488283763090716e-06
Aluminium,"('ecoinvent-3.4-biosphere', '765546a9-b056-4d27-ad14-2f016511bdcb')",Al,6.903198719802243e-09,6.903198719802243e-09,1.0,6.422536676269254e-14,6.422536676269254e-14,stoichiometric,Bauxite (Gibbsite),2.8930041152263373,1.997098230461307e-08,2.8930041152263373,1.8580425034639034e-13,0.08399573257467995,0.08399571260369765,0.95,2.3488283763090716e-06,2.3488283763090716e-06
Aluminium,"('ecoinvent-3.4-biosphere', '6f0b8b7c-3888-4174-b7e3-916d42d678ee')",Al,6.903198719802243e-09,6.903198719802243e-09,1.0,6.422536676269254e-14,6.422536676269254e-14,stoichiometric,Bauxite (Gibbsite),2.8930041152263373,1.997098230461307e-08,2.8930041152263373,1.8580425034639034e-13,0.08399573257467995,0.08399571260369765,0.95,2.3488283763090716e-06,2.3488283763090716e-06
Aluminium,"('ecoinvent-3.4-biosphere', '2e0c9efa-d55c-49db-8be3-0376d5921ff4')",Al,6.903198719802243e-09,6.903198719802243e-09,1.0,6.422536676269254e-14,6.422536676269254e-14,stoichiometric,Bauxite (Gibbsite),2.8930041152263373,1.997098230461307e-08,2.8930041152263373,1.8580425034639034e-13,0.08399573257467995,0.08399571260369765,0.95,2.3488283763090716e-06,2.3488283763090716e-06
Aluminium,"('ecoinvent-3.4-biosphere', '97e498ec-f323-4ec6-bcc0-d8a4c853bae3')",Al,6.903198719802243e-09,6.903198719802243e-09,1.0,6.422536676269254e-14,6.422536676269254e-14,stoichiometric,Bauxite (Gibbsite),2.8930041152263373,1.997098230461307e-08,2.8930041152263373,1.8580425034639034e-13,0.08399573257467995,0.08399571260369765,0.95,2.3488283763090716e-06,2.3488283763090716e-06
Aluminium,"('ecoinvent-3.4-biosphere', 'e0401210-0377-4670-84af-12247ca20bed')",Al,6.903198719802243e-09,6.903198719802243e-09,1.0,6.422536676269254e-14,6.422536676269254e-14,stoichiometric,Bauxite (Gibbsite),2.8930041152263373,1.997098230461307e-08,2.8930041152263373,1.8580425034639034e-13,0.08399573257467995,0.08399571260369765,0.95,2.3488283763090716e-06,2.3488283763090716e-06
Aluminium,"('ecoinvent-3.4-biosphere', 'ff65658c-2d39-44a2-b23e-7ec3c644f064')",Al,6.903198719802243e-09,6.903198719802243e-09,1.0,6.422536676269254e-14,6.422536676269254e-14,stoichiometric,Bauxite (Gibbsite),2.8930041152263373,1.997098230461307e-08,2.8930041152263373,1.8580425034639034e-13,0.08399573257467995,0.08399571260369765,0.95,2.3488283763090716e-06,2.3488283763090716e-06
Aluminium,"('ecoinvent-3.4-biosphere', '2baa4381-b781-4f5e-90de-508b0fa3fd1f')",Al,6.903198719802243e-09,6.903198719802243e-09,1.0,6.422536676269254e-14,6.422536676269254e-14,stoichiometric,Bauxite (Gibbsite),2.8930041152263373,1.997098230461307e-08,2.8930041152263373,1.8580425034639034e-13,0.08399573257467995,0.08399571260369765,0.95,2.3488283763090716e-06,2.3488283763090716e-06
"Nickel, ion","('ecoinvent-3.4-biosphere', '9798359e-a3ee-4362-a038-23a188582c6e')",Ni,5.320484341798089e-09,5.320484341798089e-09,1.0,9.066741688482605e-14,9.066741688482605e-14,stoichiometric,Pentlandite(sulphides) / Garnierite(laterites),2.9342028985507245,1.5611380577397696e-08,2.9342028985507245,2.660365974275635e-13,0.00509049773755656,0.005090482126175983,0.0803628113054402,1.890084965215644e-06,1.890084965215644e-06
"Nickel, ion","('ecoinvent-3.4-biosphere', '6ec6cdaa-5a01-46d4-b716-1905e56690ea')",Ni,5.320484341798089e-09,5.320484341798089e-09,1.0,9.066741688482605e-14,9.066741688482605e-14,stoichiometric,Pentlandite(sulphides) / Garnierite(laterites),2.9342028985507245,1.5611380577397696e-08,2.9342028985507245,2.660365974275635e-13,0.00509049773755656,0.005090482126175983,0.0803628113054402,1.890084965215644e-06,1.890084965215644e-06
"Nickel, ion","('ecoinvent-3.4-biosphere', 'e030108f-2125-4bcb-a73b-ad72130fcca3')",Ni,5.320484341798089e-09,5.320484341798089e-09,1.0,9.066741688482605e-14,9.066741688482605e-14,stoichiometric,Pentlandite(sulphides) / Garnierite(laterites),2.9342028985507245,1.5611380577397696e-08,2.9342028985507245,2.660365974275635e-13,0.00509049773755656,0.005090482126175983,0.0803628113054402,1.890084965215644e-06,1.890084965215644e-06
"Nickel, ion","('ecoinvent-3.4-biosphere', '9f69cb8e-51fe-447b-a1ac-4da74de8ebe4')",Ni,5.320484341798089e-09,5.320484341798089e-09,1.0,9.066741688482605e-14,9.066741688482605e-14,stoichiometric,Pentlandite(sulphides) / Garnierite(laterites),2.9342028985507245,1.5611380577397696e-08,2.9342028985507245,2.660365974275635e-13,0.00509049773755656,0.005090482126175983,0.0803628113054402,1.890084965215644e-06,1.890084965215644e-06
"Nickel, ion","('ecoinvent-3.4-biosphere', '23cb10a4-6228-4ce4-9fb5-7043bc31faec')",Ni,5.320484341798089e-09,5.320484341798089e-09,1.0,9.066741688482605e-14,9.066741688482605e-14,stoichiometric,Pentlandite(sulphides) / Garnierite(laterites),2.9342028985507245,1.5611380577397696e-08,2.9342028985507245,2.660365974275635e-13,0.00509049773755656,0.005090482126175983,0.0803628113054402,1.890084965215644e-06,1.890084965215644e-06
Aluminium,"('ecoinvent-3.4-biosphere', '7880e65c-0321-4295-ba55-3186ad36e489')",Al,4.4888405359990675e-09,4.4888405359990675e-09,1.0,6.422536676269254e-14,6.422536676269254e-14,stoichiometric,Bauxite (Gibbsite),2.8930041152263373,1.29862341432401e-08,2.8930041152263373,1.8580425034639034e-13,0.08399573257467995,0.0839957195884458,0.95,1.527337667019768e-06,1.527337667019768e-06
Aluminium,"('ecoinvent-3.4-biosphere', '46e63323-cffd-4c46-829b-5f006b50fa9b')",Al,4.4888405359990675e-09,4.4888405359990675e-09,1.0,6.422536676269254e-14,6.422536676269254e-14,stoichiometric,Bauxite (Gibbsite),2.8930041152263373,1.29862341432401e-08,2.8930041152263373,1.8580425034639034e-13,0.08399573257467995,0.0839957195884458,0.95,1.527337667019768e-06,1.527337667019768e-06
Aluminium,"('ecoinvent-3.4-biosphere', '39555a26-d28b-425f-993f-e8770ab7d9cf')",Al,4.4888405359990675e-09,4.4888405359990675e-09,1.0,6.422536676269254e-14,6.422536676269254e-14,stoichiometric,Bauxite (Gibbsite),2.8930041152263373,1.29862341432401e-08,2.8930041152263373,1.8580425034639034e-13,0.08399573257467995,0.0839957195884458,0.95,1.527337667019768e-06,1.527337667019768e-06
Aluminium,"('ecoinvent-3.4-biosphere', 'd96403bf-902e-4b7a-8ffd-32fe09e4017f')",Al,4.4888405359990675e-09,4.4888405359990675e-09,1.0,6.422536676269254e-14,6.422536676269254e-14,stoichiometric,Bauxite (Gibbsite),2.8930041152263373,1.29862341432401e-08,2.8930041152263373,1.8580425034639034e-13,0.08399573257467995,0.0839957195884458,0.95,1.527337667019768e-06,1.527337667019768e-06
Aluminium,"('ecoinvent-3.4-biosphere', '0ace7678-a181-48e8-8728-d912a8b56c57')",Al,4.4888405359990675e-09,4.4888405359990675e-09,1.0,6.422536676269254e-14,6.422536676269254e-14,stoichiometric,Bauxite (Gibbsite),2.8930041152263373,1.29862341432401e-08,2.8930041152263373,1.8580425034639034e-13,0.08399573257467995,0.0839957195884458,0.95,1.527337667019768e-06,1.527337667019768e-06
Aluminium,"('ecoinvent-3.4-biosphere', '9c3bd678-1b2f-4b95-a245-d5c8a3fe326b')",Al,4.4888405359990675e-09,4.4888405359990675e-09,1.0,6.422536676269254e-14,6.422536676269254e-14,stoichiometric,Bauxite (Gibbsite),2.8930041152263373,1.29862341432401e-08,2.8930041152263373,1.8580425034639034e-13,0.08399573257467995,0.0839957195884458,0.95,1.527337667019768e-06,1.527337667019768e-06
Aluminium,"('ecoinvent-3.4-biosphere', '01056d4b-f9b0-4dfc-b8d9-8407c8376efb')",Al,4.4888405359990675e-09,4.4888405359990675e-09,1.0,6.422536676269254e-14,6.422536676269254e-14,stoichiometric,Bauxite (Gibbsite),2.8930041152263373,1.29862341432401e-08,2.8930041152263373,1.8580425034639034e-13,0.08399573257467995,0.0839957195884458,0.95,1.527337667019768e-06,1.527337667019768e-06
Aluminium,"('ecoinvent-3.4-biosphere', '765546a9-b056-4d27-ad14-2f016511bdcb')",Al,4.4888405359990675e-09,4.4888405359990675e-09,1.0,6.422536676269254e-14,6.422536676269254e-14,stoichiometric,Bauxite (Gibbsite),2.8930041152263373,1.29862341432401e-08,2.8930041152263373,1.8580425034639034e-13,0.08399573257467995,0.0839957195884458,0.95,1.527337667019768e-06,1.527337667019768e-06
Aluminium,"('ecoinvent-3.4-biosphere', '6f0b8b7c-3888-4174-b7e3-916d42d678ee')",Al,4.4888405359990675e-09,4.4888405359990675e-09,1.0,6.422536676269254e-14,6.422536676269254e-14,stoichiometric,Bauxite (Gibbsite),2.8930041152263373,1.29862341432401e-08,2.8930041152263373,1.8580425034639034e-13,0.08399573257467995,0.0839957195884458,0.95,1.527337667019768e-06,1.527337667019768e-06
Aluminium,"('ecoinvent-3.4-biosphere', '2e0c9efa-d55c-49db-8be3-0376d5921ff4')",Al,4.4888405359990675e-09,4.4888405359990675e-09,1.0,6.422536676269254e-14,6.422536676269254e-14,stoichiometric,Bauxite (Gibbsite),2.8930041152263373,1.29862341432401e-08,2.8930041152263373,1.8580425034639034e-13,0.08399573257467995,0.0839957195884458,0.95,1.527337667019768e-06,1.527337667019768e-06
Aluminium,"('ecoinvent-3.4-biosphere', '97e498ec-f323-4ec6-bcc0-d8a4c853bae3')",Al,4.4888405359990675e-09,4.4888405359990675e-09,1.0,6.422536676269254e-14,6.422536676269254e-14,stoichiometric,Bauxite (Gibbsite),2.8930041152263373,1.29862341432401e-08,2.8930041152263373,1.8580425034639034e-13,0.08399573257467995,0.0839957195884458,0.95,1.527337667019768e-06,1.527337667019768e-06
Aluminium,"('ecoinvent-3.4-biosphere', 'e0401210-0377-4670-84af-12247ca20bed')",Al,4.4888405359990675e-09,4.4888405359990675e-09,1.0,6.422536676269254e-14,6.422536676269254e-14,stoichiometric,Bauxite (Gibbsite),2.8930041152263373,1.29862341432401e-08,2.8930041152263373,1.8580425034639034e-13,0.08399573257467995,0.0839957195884458,0.95,1.527337667019768e-06,1.527337667019768e-06
Aluminium,"('ecoinvent-3.4-biosphere', 'ff65658c-2d39-44a2-b23e-7ec3c644f064')",Al,4.4888405359990675e-09,4.4888405359990675e-09,1.0,6.422536676269254e-14,6.422536676269254e-14,stoichiometric,Bauxite (Gibbsite),2.8930041152263373,1.29862341432401e-08,2.8930041152263373,1.8580425034639034e-13,0.08399573257467995,0.0839957195884458,0.95,1.527337667019768e-06,1.527337667019768e-06
Aluminium,"('ecoinvent-3.4-biosphere', '2baa4381-b781-4f5e-90de-508b0fa3fd1f')",Al,4.4888405359990675e-09,4.4888405359990675e-09,1.0,6.422536676269254e-14,6.422536676269254e-14,stoichiometric,Bauxite (Gibbsite),2.8930041152263373,1.29862341432401e-08,2.8930041152263373,1.8580425034639034e-13,0.08399573257467995,0.0839957195884458,0.95,1.527337667019768e-06,1.527337667019768e-06
Aluminium,"('ecoinvent-3.4-biosphere', '7880e65c-0321-4295-ba55-3186ad36e489')",Al,4.440366644458449e-09,4.440366644458449e-09,1.0,6.422536676269254e-14,6.422536676269254e-14,stoichiometric,Bauxite (Gibbsite),2.8930041152263373,1.2845998975532055e-08,2.8930041152263373,1.8580425034639034e-13,0.08399573257467995,0.08399571972868097,0.95,1.510844315568961e-06,1.510844315568961e-06
Aluminium,"('ecoinvent-3.4-biosphere', '46e63323-cffd-4c46-829b-5f006b50fa9b')",Al,4.440366644458449e-09,4.440366644458449e-09,1.0,6.422536676269254e-14,6.422536676269254e-14,stoichiometric,Bauxite (Gibbsite),2.8930041152263373,1.2845998975532055e-08,2.8930041152263373,1.8580425034639034e-13,0.08399573257467995,0.08399571972868097,0.95,1.510844315568961e-06,1.510844315568961e-06
Aluminium,"('ecoinvent-3.4-biosphere', '39555a26-d28b-425f-993f-e8770ab7d9cf')",Al,4.440366644458449e-09,4.440366644458449e-09,1.0,6.422536676269254e-14,6.422536676269254e-14,stoichiometric,Bauxite (Gibbsite),2.8930041152263373,1.2845998975532055e-08,2.8930041152263373,1.8580425034639034e-13,0.08399573257467995,0.08399571972868097,0.95,1.510844315568961e-06,1.510844315568961e-06
Aluminium,"('ecoinvent-3.4-biosphere', 'd96403bf-902e-4b7a-8ffd-32fe09e4017f')",Al,4.440366644458449e-09,4.440366644458449e-09,1.0,6.422536676269254e-14,6.422536676269254e-14,stoichiometric,Bauxite (Gibbsite),2.8930041152263373,1.2845998975532055e-08,2.8930041152263373,1.8580425034639034e-13,0.08399573257467995,0.08399571972868097,0.95,1.510844315568961e-06,1.510844315568961e-06
Aluminium,"('ecoinvent-3.4-biosphere', '0ace7678-a181-48e8-8728-d912a8b56c57')",Al,4.440366644458449e-09,4.440366644458449e-09,1.0,6.422536676269254e-14,6.422536676269254e-14,stoichiometric,Bauxite (Gibbsite),2.8930041152263373,1.2845998975532055e-08,2.8930041152263373,1.8580425034639034e-13,0.08399573257467995,0.08399571972868097,0.95,1.510844315568961e-06,1.510844315568961e-06
Aluminium,"('ecoinvent-3.4-biosphere', '9c3bd678-1b2f-4b95-a245-d5c8a3fe326b')",Al,4.440366644458449e-09,4.440366644458449e-09,1.0,6.422536676269254e-14,6.422536676269254e-14,stoichiometric,Bauxite (Gibbsite),2.8930041152263373,1.2845998975532055e-08,2.8930041152263373,1.8580425034639034e-13,0.08399573257467995,0.08399571972868097,0.95,1.510844315568961e-06,1.510844315568961e-06
Aluminium,"('ecoinvent-3.4-biosphere', '01056d4b-f9b0-4dfc-b8d9-8407c8376efb')",Al,4.440366644458449e-09,4.440366644458449e-09,1.0,6.422536676269254e-14,6.422536676269254e-14,stoichiometric,Bauxite (Gibbsite),2.8930041152263373,1.2845998975532055e-08,2.8930041152263373,1.8580425034639034e-13,0.08399573257467995,0.08399571972868097,0.95,1.510844315568961e-06,1.510844315568961e-06
Aluminium,"('ecoinvent-3.4-biosphere', '765546a9-b056-4d27-ad14-2f016511bdcb')",Al,4.440366644458449e-09,4.440366644458449e-09,1.0,6.422536676269254e-14,6.422536676269254e-14,stoichiometric,Bauxite (Gibbsite),2.8930041152263373,1.2845998975532055e-08,2.8930041152263373,1.8580425034639034e-13,0.08399573257467995,0.08399571972868097,0.95,1.510844315568961e-06,1.510844315568961e-06
Aluminium,"('ecoinvent-3.4-biosphere', '6f0b8b7c-3888-4174-b7e3-916d42d678ee')",Al,4.440366644458449e-09,4.440366644458449e-09,1.0,6.422536676269254e-14,6.422536676269254e-14,stoichiometric,Bauxite (Gibbsite),2.8930041152263373,1.2845998975532055e-08,2.8930041152263373,1.8580425034639034e-13,0.08399573257467995,0.08399571972868097,0.95,1.510844315568961e-06,1.510844315568961e-06
Aluminium,"('ecoinvent-3.4-biosphere', '2e0c9efa-d55c-49db-8be3-0376d5921ff4')",Al,4.440366644458449e-09,4.440366644458449e-09,1.0,6.422536676269254e-14,6.422536676269254e-14,stoichiometric,Bauxite (Gibbsite),2.8930041152263373,1.2845998975532055e-08,2.8930041152263373,1.8580425034639034e-13,0.08399573257467995,0.08399571972868097,0.95,1.510844315568961e-06,1.510844315568961e-06
Aluminium,"('ecoinvent-3.4-biosphere', '97e498ec-f323-4ec6-bcc0-d8a4c853bae3')",Al,4.440366644458449e-09,4.440366644458449e-09,1.0,6.422536676269254e-14,6.422536676269254e-14,stoichiometric,Bauxite (Gibbsite),2.8930041152263373,1.2845998975532055e-08,2.8930041152263373,1.8580425034639034e-13,0.08399573257467995,0.08399571972868097,0.95,1.510844315568961e-06,1.510844315568961e-06
Aluminium,"('ecoinvent-3.4-biosphere', 'e0401210-0377-4670-84af-12247ca20bed')",Al,4.440366644458449e-09,4.440366644458449e-09,1.0,6.422536676269254e-14,6.422536676269254e-14,stoichiometric,Bauxite (Gibbsite),2.8930041152263373,1.2845998975532055e-08,2.8930041152263373,1.8580425034639034e-13,0.08399573257467995,0.08399571972868097,0.95,1.510844315568961e-06,1.510844315568961e-06
Aluminium,"('ecoinvent-3.4-biosphere', 'ff65658c-2d39-44a2-b23e-7ec3c644f064')",Al,4.440366644458449e-09,4.440366644458449e-09,1.0,6.422536676269254e-14,6.422536676269254e-14,stoichiometric,Bauxite (Gibbsite),2.8930041152263373,1.2845998975532055e-08,2.8930041152263373,1.8580425034639034e-13,0.08399573257467995,0.08399571972868097,0.95,1.510844315568961e-06,1.510844315568961e-06
Aluminium,"('ecoinvent-3.4-biosphere', '2baa4381-b781-4f5e-90de-508b0fa3fd1f')",Al,4.440366644458449e-09,4.440366644458449e-09,1.0,6.422536676269254e-14,6.422536676269254e-14,stoichiometric,Bauxite (Gibbsite),2.8930041152263373,1.2845998975532055e-08,2.8930041152263373,1.8580425034639034e-13,0.08399573257467995,0.08399571972868097,0.95,1.510844315568961e-06,1.510844315568961e-06
Molybdenum,"('ecoinvent-3.4-biosphere', '442511cc-a98b-4242-9229-5736cb9a9399')",Mo,2.933909048318437e-09,2.933909048318437e-09,1.0,1.6532043483883647e-13,1.6532043483883647e-13,stoichiometric,Molybdenite,1.6700000000000004,4.899628110691791e-09,1.6700000000000004,2.7608512618085697e-13,0.0001796407185628742,0.0001796358189347635,0.9176761103880936,0.0003982772081888481,0.0003982772081888481
Molybdenum,"('ecoinvent-3.4-biosphere', '697e8ecf-bdbe-4857-92c9-e01960c91db7')",Mo,2.933909048318437e-09,2.933909048318437e-09,1.0,1.6532043483883647e-13,1.6532043483883647e-13,stoichiometric,Molybdenite,1.6700000000000004,4.899628110691791e-09,1.6700000000000004,2.7608512618085697e-13,0.0001796407185628742,0.0001796358189347635,0.9176761103880936,0.0003982772081888481,0.0003982772081888481
Molybdenum,"('ecoinvent-3.4-biosphere', '9cf3a683-ed3d-40e9-b039-7653e4fc9e20')",Mo,2.933909048318437e-09,2.933909048318437e-09,1.0,1.6532043483883647e-13,1.6532043483883647e-13,stoichiometric,Molybdenite,1.6700000000000004,4.899628110691791e-09,1.6700000000000004,2.7608512618085697e-13,0.0001796407185628742,0.0001796358189347635,0.9176761103880936,0.0003982772081888481,0.0003982772081888481
Molybdenum,"('ecoinvent-3.4-biosphere', '7d3f7498-3596-478a-9fa1-72201ef94082')",Mo,2.933909048318437e-09,2.933909048318437e-09,1.0,1.6532043483883647e-13,1.6532043483883647e-13,stoichiometric,Molybdenite,1.6700000000000004,4.899628110691791e-09,1.6700000000000004,2.7608512618085697e-13,0.0001796407185628742,0.0001796358189347635,0.9176761103880936,0.0003982772081888481,0.0003982772081888481
Molybdenum,"('ecoinvent-3.4-biosphere', '5fa36ce3-aed0-443b-a09d-4cdf25b41995')",Mo,2.933909048318437e-09,2.933909048318437e-09,1.0,1.6532043483883647e-13,1.6532043483883647e-13,stoichiometric,Molybdenite,1.6700000000000004,4.899628110691791e-09,1.6700000000000004,2.7608512618085697e-13,0.0001796407185628742,0.0001796358189347635,0.9176761103880936,0.0003982772081888481,0.0003982772081888481
Molybdenum,"('ecoinvent-3.4-biosphere', '35b4d818-1019-413b-b99d-d351d8a67ac4')",Mo,2.933909048318437e-09,2.933909048318437e-09,1.0,1.6532043483883647e-13,1.6532043483883647e-13,stoichiometric,Molybdenite,1.6700000000000004,4.899628110691791e-09,1.6700000000000004,2.7608512618085697e-13,0.0001796407185628742,0.0001796358189347635,0.9176761103880936,0.0003982772081888481,0.0003982772081888481
Molybdenum,"('ecoinvent-3.4-biosphere', 'fdaaef05-0d10-4032-b2e7-85cae3c7bd5c')",Mo,2.933909048318437e-09,2.933909048318437e-09,1.0,1.6532043483883647e-13,1.6532043483883647e-13,stoichiometric,Molybdenite,1.6700000000000004,4.899628110691791e-09,1.6700000000000004,2.7608512618085697e-13,0.0001796407185628742,0.0001796358189347635,0.9176761103880936,0.0003982772081888481,0.0003982772081888481
Molybdenum,"('ecoinvent-3.4-biosphere', '640e30d2-3158-4a1a-82ef-fd0c72922c9a')",Mo,2.933909048318437e-09,2.933909048318437e-09,1.0,1.6532043483883647e-13,1.6532043483883647e-13,stoichiometric,Molybdenite,1.6700000000000004,4.899628110691791e-09,1.6700000000000004,2.7608512618085697e-13,0.0001796407185628742,0.0001796358189347635,0.9176761103880936,0.0003982772081888481,0.0003982772081888481
Molybdenum,"('ecoinvent-3.4-biosphere', '163926e2-b4cc-42bb-ba7d-401028140985')",Mo,2.933909048318437e-09,2.933909048318437e-09,1.0,1.6532043483883647e-13,1.6532043483883647e-13,stoichiometric,Molybdenite,1.6700000000000004,4.899628110691791e-09,1.6700000000000004,2.7608512618085697e-13,0.0001796407185628742,0.0001796358189347635,0.9176761103880936,0.0003982772081888481,0.0003982772081888481
Molybdenum,"('ecoinvent-3.4-biosphere', 'c126f8a0-6bc4-42e6-9220-d6ccfef3f2ed')",Mo,2.933909048318437e-09,2.933909048318437e-09,1.0,1.6532043483883647e-13,1.6532043483883647e-13,stoichiometric,Molybdenite,1.6700000000000004,4.899628110691791e-09,1.6700000000000004,2.7608512618085697e-13,0.0001796407185628742,0.0001796358189347635,0.9176761103880936,0.0003982772081888481,0.0003982772081888481
Molybdenum,"('ecoinvent-3.4-biosphere', '1f3c2297-d652-468d-82e8-4fd59bf5b5b8')",Mo,2.933909048318437e-09,2.933909048318437e-09,1.0,1.6532043483883647e-13,1.6532043483883647e-13,stoichiometric,Molybdenite,1.6700000000000004,4.899628110691791e-09,1.6700000000000004,2.7608512618085697e-13,0.0001796407185628742,0.0001796358189347635,0.9176761103880936,0.0003982772081888481,0.0003982772081888481
Molybdenum,"('ecoinvent-3.4-biosphere', '8b531ec0-ca7a-49cd-bef0-56f110112f34')",Mo,2.933909048318437e-09,2.933909048318437e-09,1.0,1.6532043483883647e-13,1.6532043483883647e-13,stoichiometric,Molybdenite,1.6700000000000004,4.899628110691791e-09,1.6700000000000004,2.7608512618085697e-13,0.0001796407185628742,0.0001796358189347635,0.9176761103880936,0.0003982772081888481,0.0003982772081888481
Molybdenum,"('ecoinvent-3.4-biosphere', 'c26d4716-ce1e-43da-a662-cd9498b1e8bc')",Mo,2.933909048318437e-09,2.933909048318437e-09,1.0,1.6532043483883647e-13,1.6532043483883647e-13,stoichiometric,Molybdenite,1.6700000000000004,4.899628110691791e-09,1.6700000000000004,2.7608512618085697e-13,0.0001796407185628742,0.0001796358189347635,0.9176761103880936,0.0003982772081888481,0.0003982772081888481
Molybdenum,"('ecoinvent-3.4-biosphere', '3822809c-cc03-469d-ac2a-9f85842f8440')",Mo,2.933909048318437e-09,2.933909048318437e-09,1.0,1.6532043483883647e-13,1.6532043483883647e-13,stoichiometric,Molybdenite,1.6700000000000004,4.899628110691791e-09,1.6700000000000004,2.7608512618085697e-13,0.0001796407185628742,0.0001796358189347635,0.9176761103880936,0.0003982772081888481,0.0003982772081888481
Chromium VI,"('ecoinvent-3.4-biosphere', '81b3321a-c9d8-4104-a974-5460f1bc5029')",Cr,2.44358113034819e-09,2.44358113034819e-09,1.0,3.1278613038877847e-13,3.1278613038877847e-13,stoichiometric,Chromite,2.152027027027027,5.258652635242558e-09,2.152027027027027,6.73124206275851e-13,0.13754474097331237,0.13754473571465975,0.81,1.4235962121217691e-09,1.4235962121217691e-09
Chromium VI,"('ecoinvent-3.4-biosphere', '7a59e8d5-cd11-4ee7-b1ca-30979d2b0b3a')",Cr,2.44358113034819e-09,2.44358113034819e-09,1.0,3.1278613038877847e-13,3.1278613038877847e-13,stoichiometric,Chromite,2.152027027027027,5.258652635242558e-09,2.152027027027027,6.73124206275851e-13,0.13754474097331237,0.13754473571465975,0.81,1.4235962121217691e-09,1.4235962121217691e-09
Chromium VI,"('ecoinvent-3.4-biosphere', '81e17d9a-3e0b-414e-9b2e-eca7e5b3bd4a')",Cr,2.44358113034819e-09,2.44358113034819e-09,1.0,3.1278613038877847e-13,3.1278613038877847e-13,stoichiometric,Chromite,2.152027027027027,5.258652635242558e-09,2.152027027027027,6.73124206275851e-13,0.13754474097331237,0.13754473571465975,0.81,1.4235962121217691e-09,1.4235962121217691e-09
Chromium VI,"('ecoinvent-3.4-biosphere', '68ba2022-830e-45fb-8c85-b35e94754ae9')",Cr,2.44358113034819e-09,2.44358113034819e-09,1.0,3.1278613038877847e-13,3.1278613038877847e-13,stoichiometric,Chromite,2.152027027027027,5.258652635242558e-09,2.152027027027027,6.73124206275851e-13,0.13754474097331237,0.13754473571465975,0.81,1.4235962121217691e-09,1.4235962121217691e-09
Chromium VI,"('ecoinvent-3.4-biosphere', '8ec83662-7c2b-4452-8acf-95a0bb94233c')",Cr,2.44358113034819e-09,2.44358113034819e-09,1.0,3.1278613038877847e-13,3.1278613038877847e-13,stoichiometric,Chromite,2.152027027027027,5.258652635242558e-09,2.152027027027027,6.73124206275851e-13,0.13754474097331237,0.13754473571465975,0.81,1.4235962121217691e-09,1.4235962121217691e-09
Chromium VI,"('ecoinvent-3.4-biosphere', 'a9ec0c9b-982a-4329-99ae-dab1f9fb62d3')",Cr,2.44358113034819e-09,2.44358113034819e-09,1.0,3.1278613038877847e-13,3.1278613038877847e-13,stoichiometric,Chromite,2.152027027027027,5.258652635242558e-09,2.152027027027027,6.73124206275851e-13,0.13754474097331237,0.13754473571465975,0.81,1.4235962121217691e-09,1.4235962121217691e-09
Chromium VI,"('ecoinvent-3.4-biosphere', '8216fc31-15a1-4d33-858f-e09650b14c63')",Cr,2.44358113034819e-09,2.44358113034819e-09,1.0,3.1278613038877847e-13,3.1278613038877847e-13,stoichiometric,Chromite,2.152027027027027,5.258652635242558e-09,2.152027027027027,6.73124206275851e-13,0.13754474097331237,0.13754473571465975,0.81,1.4235962121217691e-09,1.4235962121217691e-09
Chromium VI,"('ecoinvent-3.4-biosphere', 'c2e854f9-fe22-4fe7-9083-cf6d0a8c7254')",Cr,2.44358113034819e-09,2.44358113034819e-09,1.0,3.1278613038877847e-13,3.1278613038877847e-13,stoichiometric,Chromite,2.152027027027027,5.258652635242558e-09,2.152027027027027,6.73124206275851e-13,0.13754474097331237,0.13754473571465975,0.81,1.4235962121217691e-09,1.4235962121217691e-09
Chromium VI,"('ecoinvent-3.4-biosphere', 'ef475b50-9cd0-4e7c-9c59-07868fe16e91')",Cr,2.44358113034819e-09,2.44358113034819e-09,1.0,3.1278613038877847e-13,3.1278613038877847e-13,stoichiometric,Chromite,2.152027027027027,5.258652635242558e-09,2.152027027027027,6.73124206275851e-13,0.13754474097331237,0.13754473571465975,0.81,1.4235962121217691e-09,1.4235962121217691e-09
Chromium VI,"('ecoinvent-3.4-biosphere', '03b279a7-4626-4703-a451-d0650599dbd9')",Cr,2.44358113034819e-09,2.44358113034819e-09,1.0,3.1278613038877847e-13,3.1278613038877847e-13,stoichiometric,Chromite,2.152027027027027,5.258652635242558e-09,2.152027027027027,6.73124206275851e-13,0.13754474097331237,0.13754473571465975,0.81,1.4235962121217691e-09,1.4235962121217691e-09
Chromium VI,"('ecoinvent-3.4-biosphere', '01285299-c683-4e15-b654-201987a7a738')",Cr,2.44358113034819e-09,2.44358113034819e-09,1.0,3.1278613038877847e-13,3.1278613038877847e-13,stoichiometric,Chromite,2.152027027027027,5.258652635242558e-09,2.152027027027027,6.73124206275851e-13,0.13754474097331237,0.13754473571465975,0.81,1.4235962121217691e-09,1.4235962121217691e-09
Chromium VI,"('ecoinvent-3.4-biosphere', 'abbd3b09-a7ec-435a-9d01-34cf8581739e')",Cr,2.44358113034819e-09,2.44358113034819e-09,1.0,3.1278613038877847e-13,3.1278613038877847e-13,stoichiometric,Chromite,2.152027027027027,5.258652635242558e-09,2.152027027027027,6.73124206275851e-13,0.13754474097331237,0.13754473571465975,0.81,1.4235962121217691e-09,1.4235962121217691e-09
Chromium VI,"('ecoinvent-3.4-biosphere', '9bbae55a-35de-4eff-a219-814a9fec5ac2')",Cr,2.44358113034819e-09,2.44358113034819e-09,1.0,3.1278613038877847e-13,3.1278613038877847e-13,stoichiometric,Chromite,2.152027027027027,5.258652635242558e-09,2.152027027027027,6.73124206275851e-13,0.13754474097331237,0.13754473571465975,0.81,1.4235962121217691e-09,1.4235962121217691e-09
Chromium VI,"('ecoinvent-3.4-biosphere', '58060894-19d9-4855-84d8-58935a5325f8')",Cr,2.44358113034819e-09,2.44358113034819e-09,1.0,3.1278613038877847e-13,3.1278613038877847e-13,stoichiometric,Chromite,2.152027027027027,5.258652635242558e-09,2.152027027027027,6.73124206275851e-13,0.13754474097331237,0.13754473571465975,0.81,1.4235962121217691e-09,1.4235962121217691e-09
"Iron, ion","('ecoinvent-3.4-biosphere', '7c335b9c-a403-47a8-bb6d-2e7d3c3a230e')",Fe,2.306977114529738e-09,2.306977114529738e-09,1.0,9.645225823667623e-15,9.645225823667623e-15,stoichiometric,Hematite,1.0,2.306977114529738e-09,1.0,9.645225823667623e-15,0.73,0.7299999976930228,0.95,6.719209078351786e-09,6.719209078351786e-09
"Iron, ion","('ecoinvent-3.4-biosphere', '9b6d6f07-ebc6-447d-a3c0-f2017d77d852')",Fe,2.306977114529738e-09,2.306977114529738e-09,1.0,9.645225823667623e-15,9.645225823667623e-15,stoichiometric,Hematite,1.0,2.306977114529738e-09,1.0,9.645225823667623e-15,0.73,0.7299999976930228,0.95,6.719209078351786e-09,6.719209078351786e-09
"Iron, ion","('ecoinvent-3.4-biosphere', '2c9a7182-37c8-4777-a37a-9a007c3edb2f')",Fe,2.306977114529738e-09,2.306977114529738e-09,1.0,9.645225823667623e-15,9.645225823667623e-15,stoichiometric,Hematite,1.0,2.306977114529738e-09,1.0,9.645225823667623e-15,0.73,0.7299999976930228,0.95,6.719209078351786e-09,6.719209078351786e-09
"Iron, ion","('ecoinvent-3.4-biosphere', 'de444dc0-5964-4501-8367-50ba53bfc6b9')",Fe,2.306977114529738e-09,2.306977114529738e-09,1.0,9.645225823667623e-15,9.645225823667623e-15,stoichiometric,Hematite,1.0,2.306977114529738e-09,1.0,9.645225823667623e-15,0.73,0.7299999976930228,0.95,6.719209078351786e-09,6.719209078351786e-09
"Iron, ion","('ecoinvent-3.4-biosphere', '33fd8342-58e7-45c9-ad92-0951c002c403')",Fe,2.306977114529738e-09,2.306977114529738e-09,1.0,9.645225823667623e-15,9.645225823667623e-15,stoichiometric,Hematite,1.0,2.306977114529738e-09,1.0,9.645225823667623e-15,0.73,0.7299999976930228,0.95,6.719209078351786e-09,6.719209078351786e-09
"Zinc, ion","('ecoinvent-3.4-biosphere', '2195d86f-e4c8-4e86-9f18-b5b065b1df7e')",Zn,1.7544313428284435e-09,1.7544313428284435e-09,1.0,1.0836576745711442e-13,1.0836576745711442e-13,stoichiometric,Sphalerite,1.4901477832512315,2.6143619763822865e-09,1.4901477832512315,1.614810081565375e-13,0.02724561983471074,0.027245617220348763,0.789865871833085,3.690344056797478e-08,3.690344056797478e-08
"Zinc, ion","('ecoinvent-3.4-biosphere', '2c7be02c-791f-4fef-b231-b90321bbeb30')",Zn,1.7544313428284435e-09,1.7544313428284435e-09,1.0,1.0836576745711442e-13,1.0836576745711442e-13,stoichiometric,Sphalerite,1.4901477832512315,2.6143619763822865e-09,1.4901477832512315,1.614810081565375e-13,0.02724561983471074,0.027245617220348763,0.789865871833085,3.690344056797478e-08,3.690344056797478e-08
"Zinc, ion","('ecoinvent-3.4-biosphere', '7e769b3e-03fb-4b53-be15-85a910dcfea9')",Zn,1.7544313428284435e-09,1.7544313428284435e-09,1.0,1.0836576745711442e-13,1.0836576745711442e-13,stoichiometric,Sphalerite,1.4901477832512315,2.6143619763822865e-09,1.4901477832512315,1.614810081565375e-13,0.02724561983471074,0.027245617220348763,0.789865871833085,3.690344056797478e-08,3.690344056797478e-08
"Zinc, ion","('ecoinvent-3.4-biosphere', '541b633c-17a3-4047-bce6-0c0e4fdb7c10')",Zn,1.7544313428284435e-09,1.7544313428284435e-09,1.0,1.0836576745711442e-13,1.0836576745711442e-13,stoichiometric,Sphalerite,1.4901477832512315,2.6143619763822865e-09,1.4901477832512315,1.614810081565375e-13,0.02724561983471074,0.027245617220348763,0.789865871833085,3.690344056797478e-08,3.690344056797478e-08
"Zinc, ion","('ecoinvent-3.4-biosphere', 'bdce3a7c-e008-4391-be26-285f71a02453')",Zn,1.7544313428284435e-09,1.7544313428284435e-09,1.0,1.0836576745711442e-13,1.0836576745711442e-13,stoichiometric,Sphalerite,1.4901477832512315,2.6143619763822865e-09,1.4901477832512315,1.614810081565375e-13,0.02724561983471074,0.027245617220348763,0.789865871833085,3.690344056797478e-08,3.690344056797478e-08
Chromium VI,"('ecoinvent-3.4-biosphere', '81b3321a-c9d8-4104-a974-5460f1bc5029')",Cr,1.7164727611019812e-09,1.7164727611019812e-09,1.0,3.1278613038877847e-13,3.1278613038877847e-13,stoichiometric,Chromite,2.152027027027027,3.6938957730471694e-09,2.152027027027027,6.73124206275851e-13,0.13754474097331237,0.1375447372794166,0.81,9.999930352050558e-10,9.999930352050558e-10
Chromium VI,"('ecoinvent-3.4-biosphere', '7a59e8d5-cd11-4ee7-b1ca-30979d2b0b3a')",Cr,1.7164727611019812e-09,1.7164727611019812e-09,1.0,3.1278613038877847e-13,3.1278613038877847e-13,stoichiometric,Chromite,2.152027027027027,3.6938957730471694e-09,2.152027027027027,6.73124206275851e-13,0.13754474097331237,0.1375447372794166,0.81,9.999930352050558e-10,9.999930352050558e-10
Chromium VI,"('ecoinvent-3.4-biosphere', '81e17d9a-3e0b-414e-9b2e-eca7e5b3bd4a')",Cr,1.7164727611019812e-09,1.7164727611019812e-09,1.0,3.1278613038877847e-13,3.1278613038877847e-13,stoichiometric,Chromite,2.152027027027027,3.6938957730471694e-09,2.152027027027027,6.73124206275851e-13,0.13754474097331237,0.1375447372794166,0.81,9.999930352050558e-10,9.999930352050558e-10
Chromium VI,"('ecoinvent-3.4-biosphere', '68ba2022-830e-45fb-8c85-b35e94754ae9')",Cr,1.7164727611019812e-09,1.7164727611019812e-09,1.0,3.1278613038877847e-13,3.1278613038877847e-13,stoichiometric,Chromite,2.152027027027027,3.6938957730471694e-09,2.152027027027027,6.73124206275851e-13,0.13754474097331237,0.1375447372794166,0.81,9.999930352050558e-10,9.999930352050558e-10
Chromium VI,"('ecoinvent-3.4-biosphere', '8ec83662-7c2b-4452-8acf-95a0bb94233c')",Cr,1.7164727611019812e-09,1.7164727611019812e-09,1.0,3.1278613038877847e-13,3.1278613038877847e-13,stoichiometric,Chromite,2.152027027027027,3.6938957730471694e-09,2.152027027027027,6.73124206275851e-13,0.13754474097331237,0.1375447372794166,0.81,9.999930352050558e-10,9.999930352050558e-10
Chromium VI,"('ecoinvent-3.4-biosphere', 'a9ec0c9b-982a-4329-99ae-dab1f9fb62d3')",Cr,1.7164727611019812e-09,1.7164727611019812e-09,1.0,3.1278613038877847e-13,3.1278613038877847e-13,stoichiometric,Chromite,2.152027027027027,3.6938957730471694e-09,2.152027027027027,6.73124206275851e-13,0.13754474097331237,0.1375447372794166,0.81,9.999930352050558e-10,9.999930352050558e-10
Chromium VI,"('ecoinvent-3.4-biosphere', '8216fc31-15a1-4d33-858f-e09650b14c63')",Cr,1.7164727611019812e-09,1.7164727611019812e-09,1.0,3.1278613038877847e-13,3.1278613038877847e-13,stoichiometric,Chromite,2.152027027027027,3.6938957730471694e-09,2.152027027027027,6.73124206275851e-13,0.13754474097331237,0.1375447372794166,0.81,9.999930352050558e-10,9.999930352050558e-10
Chromium VI,"('ecoinvent-3.4-biosphere', 'c2e854f9-fe22-4fe7-9083-cf6d0a8c7254')",Cr,1.7164727611019812e-09,1.7164727611019812e-09,1.0,3.1278613038877847e-13,3.1278613038877847e-13,stoichiometric,Chromite,2.152027027027027,3.6938957730471694e-09,2.152027027027027,6.73124206275851e-13,0.13754474097331237,0.1375447372794166,0.81,9.999930352050558e-10,9.999930352050558e-10
Chromium VI,"('ecoinvent-3.4-biosphere', 'ef475b50-9cd0-4e7c-9c59-07868fe16e91')",Cr,1.7164727611019812e-09,1.7164727611019812e-09,1.0,3.1278613038877847e-13,3.1278613038877847e-13,stoichiometric,Chromite,2.152027027027027,3.6938957730471694e-09,2.152027027027027,6.73124206275851e-13,0.13754474097331237,0.1375447372794166,0.81,9.999930352050558e-10,9.999930352050558e-10
Chromium VI,"('ecoinvent-3.4-biosphere', '03b279a7-4626-4703-a451-d0650599dbd9')",Cr,1.7164727611019812e-09,1.7164727611019812e-09,1.0,3.1278613038877847e-13,3.1278613038877847e-13,stoichiometric,Chromite,2.152027027027027,3.6938957730471694e-09,2.152027027027027,6.73124206275851e-13,0.13754474097331237,0.1375447372794166,0.81,9.999930352050558e-10,9.999930352050558e-10
Chromium VI,"('ecoinvent-3.4-biosphere', '01285299-c683-4e15-b654-201987a7a738')",Cr,1.7164727611019812e-09,1.7164727611019812e-09,1.0,3.1278613038877847e-13,3.1278613038877847e-13,stoichiometric,Chromite,2.152027027027027,3.6938957730471694e-09,2.152027027027027,6.73124206275851e-13,0.13754474097331237,0.1375447372794166,0.81,9.999930352050558e-10,9.999930352050558e-10
Chromium VI,"('ecoinvent-3.4-biosphere', 'abbd3b09-a7ec-435a-9d01-34cf8581739e')",Cr,1.7164727611019812e-09,1.7164727611019812e-09,1.0,3.1278613038877847e-13,3.1278613038877847e-13,stoichiometric,Chromite,2.152027027027027,3.6938957730471694e-09,2.152027027027027,6.73124206275851e-13,0.13754474097331237,0.1375447372794166,0.81,9.999930352050558e-10,9.999930352050558e-10
Chromium VI,"('ecoinvent-3.4-biosphere', '9bbae55a-35de-4eff-a219-814a9fec5ac2')",Cr,1.7164727611019812e-09,1.7164727611019812e-09,1.0,3.1278613038877847e-13,3.1278613038877847e-13,stoichiometric,Chromite,2.152027027027027,3.6938957730471694e-09,2.152027027027027,6.73124206275851e-13,0.13754474097331237,0.1375447372794166,0.81,9.999930352050558e-10,9.999930352050558e-10
Chromium VI,"('ecoinvent-3.4-biosphere', '58060894-19d9-4855-84d8-58935a5325f8')",Cr,1.7164727611019812e-09,1.7164727611019812e-09,1.0,3.1278613038877847e-13,3.1278613038877847e-13,stoichiometric,Chromite,2.152027027027027,3.6938957730471694e-09,2.152027027027027,6.73124206275851e-13,0.13754474097331237,0.1375447372794166,0.81,9.999930352050558e-10,9.999930352050558e-10
Cobalt,"('ecoinvent-3.4-biosphere', '33627701-feca-434d-a192-674a450eaaf7')",Co,1.3788199782401473e-09,1.3788199782401473e-09,1.0,1.9447495148453946e-12,1.9447495148453946e-12,stoichiometric,Linnaeite,1.727272727272727,2.3815981442329815e-09,1.727272727272727,3.3591127983693174e-12,0.000636842105263158,0.0006368397236650137,0.0455986939380875,8.015069996238491e-06,8.015069996238491e-06
Cobalt,"('ecoinvent-3.4-biosphere', '381a22c9-3722-4378-810d-86958f7b6d32')",Co,1.3788199782401473e-09,1.3788199782401473e-09,1.0,1.9447495148453946e-12,1.9447495148453946e-12,stoichiometric,Linnaeite,1.727272727272727,2.3815981442329815e-09,1.727272727272727,3.3591127983693174e-12,0.000636842105263158,0.0006368397236650137,0.0455986939380875,8.015069996238491e-06,8.015069996238491e-06
Cobalt,"('ecoinvent-3.4-biosphere', 'b10faa87-2c1d-4f6e-aa65-9f80b376939a')",Co,1.3788199782401473e-09,1.3788199782401473e-09,1.0,1.9447495148453946e-12,1.9447495148453946e-12,stoichiometric,Linnaeite,1.727272727272727,2.3815981442329815e-09,1.727272727272727,3.3591127983693174e-12,0.000636842105263158,0.0006368397236650137,0.0455986939380875,8.015069996238491e-06,8.015069996238491e-06
Cobalt,"('ecoinvent-3.4-biosphere', '12051b95-831a-49c0-9a70-fbc0e8fb9af9')",Co,1.3788199782401473e-09,1.3788199782401473e-09,1.0,1.9447495148453946e-12,1.9447495148453946e-12,stoichiometric,Linnaeite,1.727272727272727,2.3815981442329815e-09,1.727272727272727,3.3591127983693174e-12,0.000636842105263158,0.0006368397236650137,0.0455986939380875,8.015069996238491e-06,8.015069996238491e-06
Cobalt,"('ecoinvent-3.4-biosphere', '9ce88274-57b6-42ed-a78b-4abef2301865')",Co,1.3788199782401473e-09,1.3788199782401473e-09,1.0,1.9447495148453946e-12,1.9447495148453946e-12,stoichiometric,Linnaeite,1.727272727272727,2.3815981442329815e-09,1.727272727272727,3.3591127983693174e-12,0.000636842105263158,0.0006368397236650137,0.0455986939380875,8.015069996238491e-06,8.015069996238491e-06
Cobalt,"('ecoinvent-3.4-biosphere', 'c58d25ad-30d2-4fac-a857-1fa6f67afe8a')",Co,1.3788199782401473e-09,1.3788199782401473e-09,1.0,1.9447495148453946e-12,1.9447495148453946e-12,stoichiometric,Linnaeite,1.727272727272727,2.3815981442329815e-09,1.727272727272727,3.3591127983693174e-12,0.000636842105263158,0.0006368397236650137,0.0455986939380875,8.015069996238491e-06,8.015069996238491e-06
Cobalt,"('ecoinvent-3.4-biosphere', 'ca04300a-8338-4601-ba7c-66c10a4f6322')",Co,1.3788199782401473e-09,1.3788199782401473e-09,1.0,1.9447495148453946e-12,1.9447495148453946e-12,stoichiometric,Linnaeite,1.727272727272727,2.3815981442329815e-09,1.727272727272727,3.3591127983693174e-12,0.000636842105263158,0.0006368397236650137,0.0455986939380875,8.015069996238491e-06,8.015069996238491e-06
Cobalt,"('ecoinvent-3.4-biosphere', '1e904267-caa3-40e6-a3a0-fc104489770b')",Co,1.3788199782401473e-09,1.3788199782401473e-09,1.0,1.9447495148453946e-12,1.9447495148453946e-12,stoichiometric,Linnaeite,1.727272727272727,2.3815981442329815e-09,1.727272727272727,3.3591127983693174e-12,0.000636842105263158,0.0006368397236650137,0.0455986939380875,8.015069996238491e-06,8.015069996238491e-06
Cobalt,"('ecoinvent-3.4-biosphere', 'f0d1c319-249f-4a89-b0e7-3a5a90a54036')",Co,1.3788199782401473e-09,1.3788199782401473e-09,1.0,1.9447495148453946e-12,1.9447495148453946e-12,stoichiometric,Linnaeite,1.727272727272727,2.3815981442329815e-09,1.727272727272727,3.3591127983693174e-12,0.000636842105263158,0.0006368397236650137,0.0455986939380875,8.015069996238491e-06,8.015069996238491e-06
Cobalt,"('ecoinvent-3.4-biosphere', '74eb3f02-09ec-46ce-8ee8-d67d0900136b')",Co,1.3788199782401473e-09,1.3788199782401473e-09,1.0,1.9447495148453946e-12,1.9447495148453946e-12,stoichiometric,Linnaeite,1.727272727272727,2.3815981442329815e-09,1.727272727272727,3.3591127983693174e-12,0.000636842105263158,0.0006368397236650137,0.0455986939380875,8.015069996238491e-06,8.015069996238491e-06
Cobalt,"('ecoinvent-3.4-biosphere', '9542444c-7c7a-48e2-bc9c-9c7c34fb7b3e')",Co,1.3788199782401473e-09,1.3788199782401473e-09,1.0,1.9447495148453946e-12,1.9447495148453946e-12,stoichiometric,Linnaeite,1.727272727272727,2.3815981442329815e-09,1.727272727272727,3.3591127983693174e-12,0.000636842105263158,0.0006368397236650137,0.0455986939380875,8.015069996238491e-06,8.015069996238491e-06
Cobalt,"('ecoinvent-3.4-biosphere', 'caf066cf-40ce-47a8-ba4c-969fcd6019c7')",Co,1.3788199782401473e-09,1.3788199782401473e-09,1.0,1.9447495148453946e-12,1.9447495148453946e-12,stoichiometric,Linnaeite,1.727272727272727,2.3815981442329815e-09,1.727272727272727,3.3591127983693174e-12,0.000636842105263158,0.0006368397236650137,0.0455986939380875,8.015069996238491e-06,8.015069996238491e-06
Cobalt,"('ecoinvent-3.4-biosphere', 'f0e28a62-ddf9-4c93-af81-676a58c3f2d4')",Co,1.3788199782401473e-09,1.3788199782401473e-09,1.0,1.9447495148453946e-12,1.9447495148453946e-12,stoichiometric,Linnaeite,1.727272727272727,2.3815981442329815e-09,1.727272727272727,3.3591127983693174e-12,0.000636842105263158,0.0006368397236650137,0.0455986939380875,8.015069996238491e-06,8.015069996238491e-06
Cobalt,"('ecoinvent-3.4-biosphere', 'd4291dd5-dae8-47fa-bf06-466fcecbc210')",Co,1.3788199782401473e-09,1.3788199782401473e-09,1.0,1.9447495148453946e-12,1.9447495148453946e-12,stoichiometric,Linnaeite,1.727272727272727,2.3815981442329815e-09,1.727272727272727,3.3591127983693174e-12,0.000636842105263158,0.0006368397236650137,0.0455986939380875,8.015069996238491e-06,8.015069996238491e-06
Iron,"('ecoinvent-3.4-biosphere', 'e8bd2edd-f937-49f6-9e8b-9f445278775e')",Fe,1.3336892577555043e-09,1.3336892577555043e-09,1.0,9.645225823667623e-15,9.645225823667623e-15,stoichiometric,Hematite,1.0,1.3336892577555043e-09,1.0,9.645225823667623e-15,0.73,0.7299999986663107,0.95,3.884449943125854e-09,3.884449943125854e-09
Iron,"('ecoinvent-3.4-biosphere', 'db364689-e1a3-4629-8835-e6c59d6daf09')",Fe,1.3336892577555043e-09,1.3336892577555043e-09,1.0,9.645225823667623e-15,9.645225823667623e-15,stoichiometric,Hematite,1.0,1.3336892577555043e-09,1.0,9.645225823667623e-15,0.73,0.7299999986663107,0.95,3.884449943125854e-09,3.884449943125854e-09
Iron,"('ecoinvent-3.4-biosphere', 'ce567bdc-76ec-4ca0-be79-8bb796e448b3')",Fe,1.3336892577555043e-09,1.3336892577555043e-09,1.0,9.645225823667623e-15,9.645225823667623e-15,stoichiometric,Hematite,1.0,1.3336892577555043e-09,1.0,9.645225823667623e-15,0.73,0.7299999986663107,0.95,3.884449943125854e-09,3.884449943125854e-09
Iron,"('ecoinvent-3.4-biosphere', '32cd0492-c0cb-4898-a2b1-675eedc5b688')",Fe,1.3336892577555043e-09,1.3336892577555043e-09,1.0,9.645225823667623e-15,9.645225823667623e-15,stoichiometric,Hematite,1.0,1.3336892577555043e-09,1.0,9.645225823667623e-15,0.73,0.7299999986663107,0.95,3.884449943125854e-09,3.884449943125854e-09
Iron,"('ecoinvent-3.4-biosphere', '8dba66e2-0f2e-4038-84ef-1e40b4f573a6')",Fe,1.3336892577555043e-09,1.3336892577555043e-09,1.0,9.645225823667623e-15,9.645225823667623e-15,stoichiometric,Hematite,1.0,1.3336892577555043e-09,1.0,9.645225823667623e-15,0.73,0.7299999986663107,0.95,3.884449943125854e-09,3.884449943125854e-09
Iron,"('ecoinvent-3.4-biosphere', 'c983ad54-12e9-47a5-b747-5e5c448e58e2')",Fe,1.3336892577555043e-09,1.3336892577555043e-09,1.0,9.645225823667623e-15,9.645225823667623e-15,stoichiometric,Hematite,1.0,1.3336892577555043e-09,1.0,9.645225823667623e-15,0.73,0.7299999986663107,0.95,3.884449943125854e-09,3.884449943125854e-09
Iron,"('ecoinvent-3.4-biosphere', '76152de4-9499-48f7-af98-a5d41842484a')",Fe,1.3336892577555043e-09,1.3336892577555043e-09,1.0,9.645225823667623e-15,9.645225823667623e-15,stoichiometric,Hematite,1.0,1.3336892577555043e-09,1.0,9.645225823667623e-15,0.73,0.7299999986663107,0.95,3.884449943125854e-09,3.884449943125854e-09
Iron,"('ecoinvent-3.4-biosphere', '98693cdf-d9fc-43ed-bfe6-78dfe5742d33')",Fe,1.3336892577555043e-09,1.3336892577555043e-09,1.0,9.645225823667623e-15,9.645225823667623e-15,stoichiometric,Hematite,1.0,1.3336892577555043e-09,1.0,9.645225823667623e-15,0.73,0.7299999986663107,0.95,3.884449943125854e-09,3.884449943125854e-09
Iron,"('ecoinvent-3.4-biosphere', '0dc0bbb0-1141-4dff-b6a2-8bd5368e14af')",Fe,1.3336892577555043e-09,1.3336892577555043e-09,1.0,9.645225823667623e-15,9.645225823667623e-15,stoichiometric,Hematite,1.0,1.3336892577555043e-09,1.0,9.645225823667623e-15,0.73,0.7299999986663107,0.95,3.884449943125854e-09,3.884449943125854e-09
Iron,"('ecoinvent-3.4-biosphere', 'e3043a7f-5347-4c7b-89ee-93f11b2f6d9b')",Fe,1.3336892577555043e-09,1.3336892577555043e-09,1.0,9.645225823667623e-15,9.645225823667623e-15,stoichiometric,Hematite,1.0,1.3336892577555043e-09,1.0,9.645225823667623e-15,0.73,0.7299999986663107,0.95,3.884449943125854e-09,3.884449943125854e-09
"Silver, ion","('ecoinvent-3.4-biosphere', '6aa8673f-f7e3-4270-93dc-e97b745fced7')",Ag,1.2465219294735637e-09,1.2465219294735637e-09,1.0,1.5701960660375504e-13,1.5701960660375504e-13,stoichiometric,Argentite,1.1478494623655913,1.4308195265731495e-09,1.1478494623655913,1.8023487102097688e-13,3.240843091334895e-06,3.239412271808322e-06,0.9,0.042623417690726945,0.042623417690726945
"Silver, ion","('ecoinvent-3.4-biosphere', '21c257b2-57ce-4a6e-b4bd-40f0f75f310f')",Ag,1.2465219294735637e-09,1.2465219294735637e-09,1.0,1.5701960660375504e-13,1.5701960660375504e-13,stoichiometric,Argentite,1.1478494623655913,1.4308195265731495e-09,1.1478494623655913,1.8023487102097688e-13,3.240843091334895e-06,3.239412271808322e-06,0.9,0.042623417690726945,0.042623417690726945
"Silver, ion","('ecoinvent-3.4-biosphere', 'af9793ba-25a1-4928-a14a-4bcf7d5bd3f7')",Ag,1.2465219294735637e-09,1.2465219294735637e-09,1.0,1.5701960660375504e-13,1.5701960660375504e-13,stoichiometric,Argentite,1.1478494623655913,1.4308195265731495e-09,1.1478494623655913,1.8023487102097688e-13,3.240843091334895e-06,3.239412271808322e-06,0.9,0.042623417690726945,0.042623417690726945
"Silver, ion","('ecoinvent-3.4-biosphere', '94426df9-63b1-4dc6-ad1b-3509e22f1154')",Ag,1.2465219294735637e-09,1.2465219294735637e-09,1.0,1.5701960660375504e-13,1.5701960660375504e-13,stoichiometric,Argentite,1.1478494623655913,1.4308195265731495e-09,1.1478494623655913,1.8023487102097688e-13,3.240843091334895e-06,3.239412271808322e-06,0.9,0.042623417690726945,0.042623417690726945
"Silver, ion","('ecoinvent-3.4-biosphere', '71cfe87c-ab80-421e-adba-afb7d5bd0861')",Ag,1.2465219294735637e-09,1.2465219294735637e-09,1.0,1.5701960660375504e-13,1.5701960660375504e-13,stoichiometric,Argentite,1.1478494623655913,1.4308195265731495e-09,1.1478494623655913,1.8023487102097688e-13,3.240843091334895e-06,3.239412271808322e-06,0.9,0.042623417690726945,0.042623417690726945
Zinc,"('ecoinvent-3.4-biosphere', 'b88999ec-84fd-462d-9dec-7e20a4636a58')",Zn,1.1343568955578166e-09,1.1343568955578166e-09,1.0,1.0836576745711442e-13,1.0836576745711442e-13,stoichiometric,Sphalerite,1.4901477832512315,1.6903594133312292e-09,1.4901477832512315,1.614810081565375e-13,0.02724561983471074,0.027245618144351325,0.789865871833085,2.3860535339811935e-08,2.3860535339811935e-08
Zinc,"('ecoinvent-3.4-biosphere', '748f22a9-eba4-4726-bef5-92c7442ce189')",Zn,1.1343568955578166e-09,1.1343568955578166e-09,1.0,1.0836576745711442e-13,1.0836576745711442e-13,stoichiometric,Sphalerite,1.4901477832512315,1.6903594133312292e-09,1.4901477832512315,1.614810081565375e-13,0.02724561983471074,0.027245618144351325,0.789865871833085,2.3860535339811935e-08,2.3860535339811935e-08
Zinc,"('ecoinvent-3.4-biosphere', '8f871bab-96dc-49d9-bf08-12cdd0715901')",Zn,1.1343568955578166e-09,1.1343568955578166e-09,1.0,1.0836576745711442e-13,1.0836576745711442e-13,stoichiometric,Sphalerite,1.4901477832512315,1.6903594133312292e-09,1.4901477832512315,1.614810081565375e-13,0.02724561983471074,0.027245618144351325,0.789865871833085,2.3860535339811935e-08,2.3860535339811935e-08
Zinc,"('ecoinvent-3.4-biosphere', '8d226423-1351-4366-b09f-d16c9e38683c')",Zn,1.1343568955578166e-09,1.1343568955578166e-09,1.0,1.0836576745711442e-13,1.0836576745711442e-13,stoichiometric,Sphalerite,1.4901477832512315,1.6903594133312292e-09,1.4901477832512315,1.614810081565375e-13,0.02724561983471074,0.027245618144351325,0.789865871833085,2.3860535339811935e-08,2.3860535339811935e-08
Zinc,"('ecoinvent-3.4-biosphere', '5ce378a0-b48d-471c-977d-79681521efde')",Zn,1.1343568955578166e-09,1.1343568955578166e-09,1.0,1.0836576745711442e-13,1.0836576745711442e-13,stoichiometric,Sphalerite,1.4901477832512315,1.6903594133312292e-09,1.4901477832512315,1.614810081565375e-13,0.02724561983471074,0.027245618144351325,0.789865871833085,2.3860535339811935e-08,2.3860535339811935e-08
Zinc,"('ecoinvent-3.4-biosphere', '84aa799e-9d98-4d34-85e0-516d28ab1be9')",Zn,1.1343568955578166e-09,1.1343568955578166e-09,1.0,1.0836576745711442e-13,1.0836576745711442e-13,stoichiometric,Sphalerite,1.4901477832512315,1.6903594133312292e-09,1.4901477832512315,1.614810081565375e-13,0.02724561983471074,0.027245618144351325,0.789865871833085,2.3860535339811935e-08,2.3860535339811935e-08
Zinc,"('ecoinvent-3.4-biosphere', '87a69874-34f9-4070-a525-aa301ab2634b')",Zn,1.1343568955578166e-09,1.1343568955578166e-09,1.0,1.0836576745711442e-13,1.0836576745711442e-13,stoichiometric,Sphalerite,1.4901477832512315,1.6903594133312292e-09,1.4901477832512315,1.614810081565375e-13,0.02724561983471074,0.027245618144351325,0.789865871833085,2.3860535339811935e-08,2.3860535339811935e-08
Zinc,"('ecoinvent-3.4-biosphere', '77887584-ddca-4920-952c-3609730e0c13')",Zn,1.1343568955578166e-09,1.1343568955578166e-09,1.0,1.0836576745711442e-13,1.0836576745711442e-13,stoichiometric,Sphalerite,1.4901477832512315,1.6903594133312292e-09,1.4901477832512315,1.614810081565375e-13,0.02724561983471074,0.027245618144351325,0.789865871833085,2.3860535339811935e-08,2.3860535339811935e-08
Zinc,"('ecoinvent-3.4-biosphere', 'ada3ecfe-8244-4389-bcce-e83ca4f66e09')",Zn,1.1343568955578166e-09,1.1343568955578166e-09,1.0,1.0836576745711442e-13,1.0836576745711442e-13,stoichiometric,Sphalerite,1.4901477832512315,1.6903594133312292e-09,1.4901477832512315,1.614810081565375e-13,0.02724561983471074,0.027245618144351325,0.789865871833085,2.3860535339811935e-08,2.3860535339811935e-08
Iron,"('ecoinvent-3.4-biosphere', 'e8bd2edd-f937-49f6-9e8b-9f445278775e')",Fe,1.1273484703065151e-09,1.1273484703065151e-09,1.0,9.645225823667623e-15,9.645225823667623e-15,stoichiometric,Hematite,1.0,1.1273484703065151e-09,1.0,9.645225823667623e-15,0.73,0.7299999988726515,0.95,3.2834699747887158e-09,3.2834699747887158e-09
Iron,"('ecoinvent-3.4-biosphere', 'db364689-e1a3-4629-8835-e6c59d6daf09')",Fe,1.1273484703065151e-09,1.1273484703065151e-09,1.0,9.645225823667623e-15,9.645225823667623e-15,stoichiometric,Hematite,1.0,1.1273484703065151e-09,1.0,9.645225823667623e-15,0.73,0.7299999988726515,0.95,3.2834699747887158e-09,3.2834699747887158e-09
Iron,"('ecoinvent-3.4-biosphere', 'ce567bdc-76ec-4ca0-be79-8bb796e448b3')",Fe,1.1273484703065151e-09,1.1273484703065151e-09,1.0,9.645225823667623e-15,9.645225823667623e-15,stoichiometric,Hematite,1.0,1.1273484703065151e-09,1.0,9.645225823667623e-15,0.73,0.7299999988726515,0.95,3.2834699747887158e-09,3.2834699747887158e-09
Iron,"('ecoinvent-3.4-biosphere', '32cd0492-c0cb-4898-a2b1-675eedc5b688')",Fe,1.1273484703065151e-09,1.1273484703065151e-09,1.0,9.645225823667623e-15,9.645225823667623e-15,stoichiometric,Hematite,1.0,1.1273484703065151e-09,1.0,9.645225823667623e-15,0.73,0.7299999988726515,0.95,3.2834699747887158e-09,3.2834699747887158e-09
Iron,"('ecoinvent-3.4-biosphere', '8dba66e2-0f2e-4038-84ef-1e40b4f573a6')",Fe,1.1273484703065151e-09,1.1273484703065151e-09,1.0,9.645225823667623e-15,9.645225823667623e-15,stoichiometric,Hematite,1.0,1.1273484703065151e-09,1.0,9.645225823667623e-15,0.73,0.7299999988726515,0.95,3.2834699747887158e-09,3.2834699747887158e-09
Iron,"('ecoinvent-3.4-biosphere', 'c983ad54-12e9-47a5-b747-5e5c448e58e2')",Fe,1.1273484703065151e-09,1.1273484703065151e-09,1.0,9.645225823667623e-15,9.645225823667623e-15,stoichiometric,Hematite,1.0,1.1273484703065151e-09,1.0,9.645225823667623e-15,0.73,0.7299999988726515,0.95,3.2834699747887158e-09,3.2834699747887158e-09
Iron,"('ecoinvent-3.4-biosphere', '76152de4-9499-48f7-af98-a5d41842484a')",Fe,1.1273484703065151e-09,1.1273484703065151e-09,1.0,9.645225823667623e-15,9.645225823667623e-15,stoichiometric,Hematite,1.0,1.1273484703065151e-09,1.0,9.645225823667623e-15,0.73,0.7299999988726515,0.95,3.2834699747887158e-09,3.2834699747887158e-09
Iron,"('ecoinvent-3.4-biosphere', '98693cdf-d9fc-43ed-bfe6-78dfe5742d33')",Fe,1.1273484703065151e-09,1.1273484703065151e-09,1.0,9.645225823667623e-15,9.645225823667623e-15,stoichiometric,Hematite,1.0,1.1273484703065151e-09,1.0,9.645225823667623e-15,0.73,0.7299999988726515,0.95,3.2834699747887158e-09,3.2834699747887158e-09
Iron,"('ecoinvent-3.4-biosphere', '0dc0bbb0-1141-4dff-b6a2-8bd5368e14af')",Fe,1.1273484703065151e-09,1.1273484703065151e-09,1.0,9.645225823667623e-15,9.645225823667623e-15,stoichiometric,Hematite,1.0,1.1273484703065151e-09,1.0,9.645225823667623e-15,0.73,0.7299999988726515,0.95,3.2834699747887158e-09,3.2834699747887158e-09
Iron,"('ecoinvent-3.4-biosphere', 'e3043a7f-5347-4c7b-89ee-93f11b2f6d9b')",Fe,1.1273484703065151e-09,1.1273484703065151e-09,1.0,9.645225823667623e-15,9.645225823667623e-15,stoichiometric,Hematite,1.0,1.1273484703065151e-09,1.0,9.645225823667623e-15,0.73,0.7299999988726515,0.95,3.2834699747887158e-09,3.2834699747887158e-09
Aluminium,"('ecoinvent-3.4-biosphere', '7880e65c-0321-4295-ba55-3186ad36e489')",Al,1.1269518760934508e-09,1.1269518760934508e-09,1.0,6.422536676269254e-14,6.422536676269254e-14,stoichiometric,Bauxite (Gibbsite),2.8930041152263373,3.2602764152003945e-09,2.8930041152263373,1.8580425034639034e-13,0.08399573257467995,0.08399572931440354,0.95,3.834477798587261e-07,3.834477798587261e-07
Aluminium,"('ecoinvent-3.4-biosphere', '46e63323-cffd-4c46-829b-5f006b50fa9b')",Al,1.1269518760934508e-09,1.1269518760934508e-09,1.0,6.422536676269254e-14,6.422536676269254e-14,stoichiometric,Bauxite (Gibbsite),2.8930041152263373,3.2602764152003945e-09,2.8930041152263373,1.8580425034639034e-13,0.08399573257467995,0.08399572931440354,0.95,3.834477798587261e-07,3.834477798587261e-07
Aluminium,"('ecoinvent-3.4-biosphere', '39555a26-d28b-425f-993f-e8770ab7d9cf')",Al,1.1269518760934508e-09,1.1269518760934508e-09,1.0,6.422536676269254e-14,6.422536676269254e-14,stoichiometric,Bauxite (Gibbsite),2.8930041152263373,3.2602764152003945e-09,2.8930041152263373,1.8580425034639034e-13,0.08399573257467995,0.08399572931440354,0.95,3.834477798587261e-07,3.834477798587261e-07
Aluminium,"('ecoinvent-3.4-biosphere', 'd96403bf-902e-4b7a-8ffd-32fe09e4017f')",Al,1.1269518760934508e-09,1.1269518760934508e-09,1.0,6.422536676269254e-14,6.422536676269254e-14,stoichiometric,Bauxite (Gibbsite),2.8930041152263373,3.2602764152003945e-09,2.8930041152263373,1.8580425034639034e-13,0.08399573257467995,0.08399572931440354,0.95,3.834477798587261e-07,3.834477798587261e-07
Aluminium,"('ecoinvent-3.4-biosphere', '0ace7678-a181-48e8-8728-d912a8b56c57')",Al,1.1269518760934508e-09,1.1269518760934508e-09,1.0,6.422536676269254e-14,6.422536676269254e-14,stoichiometric,Bauxite (Gibbsite),2.8930041152263373,3.2602764152003945e-09,2.8930041152263373,1.8580425034639034e-13,0.08399573257467995,0.08399572931440354,0.95,3.834477798587261e-07,3.834477798587261e-07
Aluminium,"('ecoinvent-3.4-biosphere', '9c3bd678-1b2f-4b95-a245-d5c8a3fe326b')",Al,1.1269518760934508e-09,1.1269518760934508e-09,1.0,6.422536676269254e-14,6.422536676269254e-14,stoichiometric,Bauxite (Gibbsite),2.8930041152263373,3.2602764152003945e-09,2.8930041152263373,1.8580425034639034e-13,0.08399573257467995,0.08399572931440354,0.95,3.834477798587261e-07,3.834477798587261e-07
Aluminium,"('ecoinvent-3.4-biosphere', '01056d4b-f9b0-4dfc-b8d9-8407c8376efb')",Al,1.1269518760934508e-09,1.1269518760934508e-09,1.0,6.422536676269254e-14,6.422536676269254e-14,stoichiometric,Bauxite (Gibbsite),2.8930041152263373,3.2602764152003945e-09,2.8930041152263373,1.8580425034639034e-13,0.08399573257467995,0.08399572931440354,0.95,3.834477798587261e-07,3.834477798587261e-07
Aluminium,"('ecoinvent-3.4-biosphere', '765546a9-b056-4d27-ad14-2f016511bdcb')",Al,1.1269518760934508e-09,1.1269518760934508e-09,1.0,6.422536676269254e-14,6.422536676269254e-14,stoichiometric,Bauxite (Gibbsite),2.8930041152263373,3.2602764152003945e-09,2.8930041152263373,1.8580425034639034e-13,0.08399573257467995,0.08399572931440354,0.95,3.834477798587261e-07,3.834477798587261e-07
Aluminium,"('ecoinvent-3.4-biosphere', '6f0b8b7c-3888-4174-b7e3-916d42d678ee')",Al,1.1269518760934508e-09,1.1269518760934508e-09,1.0,6.422536676269254e-14,6.422536676269254e-14,stoichiometric,Bauxite (Gibbsite),2.8930041152263373,3.2602764152003945e-09,2.8930041152263373,1.8580425034639034e-13,0.08399573257467995,0.08399572931440354,0.95,3.834477798587261e-07,3.834477798587261e-07
Aluminium,"('ecoinvent-3.4-biosphere', '2e0c9efa-d55c-49db-8be3-0376d5921ff4')",Al,1.1269518760934508e-09,1.1269518760934508e-09,1.0,6.422536676269254e-14,6.422536676269254e-14,stoichiometric,Bauxite (Gibbsite),2.8930041152263373,3.2602764152003945e-09,2.8930041152263373,1.8580425034639034e-13,0.08399573257467995,0.08399572931440354,0.95,3.834477798587261e-07,3.834477798587261e-07
Aluminium,"('ecoinvent-3.4-biosphere', '97e498ec-f323-4ec6-bcc0-d8a4c853bae3')",Al,1.1269518760934508e-09,1.1269518760934508e-09,1.0,6.422536676269254e-14,6.422536676269254e-14,stoichiometric,Bauxite (Gibbsite),2.8930041152263373,3.2602764152003945e-09,2.8930041152263373,1.8580425034639034e-13,0.08399573257467995,0.08399572931440354,0.95,3.834477798587261e-07,3.834477798587261e-07
Aluminium,"('ecoinvent-3.4-biosphere', 'e0401210-0377-4670-84af-12247ca20bed')",Al,1.1269518760934508e-09,1.1269518760934508e-09,1.0,6.422536676269254e-14,6.422536676269254e-14,stoichiometric,Bauxite (Gibbsite),2.8930041152263373,3.2602764152003945e-09,2.8930041152263373,1.8580425034639034e-13,0.08399573257467995,0.08399572931440354,0.95,3.834477798587261e-07,3.834477798587261e-07
Aluminium,"('ecoinvent-3.4-biosphere', 'ff65658c-2d39-44a2-b23e-7ec3c644f064')",Al,1.1269518760934508e-09,1.1269518760934508e-09,1.0,6.422536676269254e-14,6.422536676269254e-14,stoichiometric,Bauxite (Gibbsite),2.8930041152263373,3.2602764152003945e-09,2.8930041152263373,1.8580425034639034e-13,0.08399573257467995,0.08399572931440354,0.95,3.834477798587261e-07,3.834477798587261e-07
Aluminium,"('ecoinvent-3.4-biosphere', '2baa4381-b781-4f5e-90de-508b0fa3fd1f')",Al,1.1269518760934508e-09,1.1269518760934508e-09,1.0,6.422536676269254e-14,6.422536676269254e-14,stoichiometric,Bauxite (Gibbsite),2.8930041152263373,3.2602764152003945e-09,2.8930041152263373,1.8580425034639034e-13,0.08399573257467995,0.08399572931440354,0.95,3.834477798587261e-07,3.834477798587261e-07
"Zinc, ion","('ecoinvent-3.4-biosphere', '2195d86f-e4c8-4e86-9f18-b5b065b1df7e')",Zn,1.0423604898803078e-09,1.0423604898803078e-09,1.0,1.0836576745711442e-13,1.0836576745711442e-13,stoichiometric,Sphalerite,1.4901477832512315,1.5532711733438086e-09,1.4901477832512315,1.614810081565375e-13,0.02724561983471074,0.027245618281439565,0.789865871833085,2.1925444380848164e-08,2.1925444380848164e-08
"Zinc, ion","('ecoinvent-3.4-biosphere', '2c7be02c-791f-4fef-b231-b90321bbeb30')",Zn,1.0423604898803078e-09,1.0423604898803078e-09,1.0,1.0836576745711442e-13,1.0836576745711442e-13,stoichiometric,Sphalerite,1.4901477832512315,1.5532711733438086e-09,1.4901477832512315,1.614810081565375e-13,0.02724561983471074,0.027245618281439565,0.789865871833085,2.1925444380848164e-08,2.1925444380848164e-08
"Zinc, ion","('ecoinvent-3.4-biosphere', '7e769b3e-03fb-4b53-be15-85a910dcfea9')",Zn,1.0423604898803078e-09,1.0423604898803078e-09,1.0,1.0836576745711442e-13,1.0836576745711442e-13,stoichiometric,Sphalerite,1.4901477832512315,1.5532711733438086e-09,1.4901477832512315,1.614810081565375e-13,0.02724561983471074,0.027245618281439565,0.789865871833085,2.1925444380848164e-08,2.1925444380848164e-08
"Zinc, ion","('ecoinvent-3.4-biosphere', '541b633c-17a3-4047-bce6-0c0e4fdb7c10')",Zn,1.0423604898803078e-09,1.0423604898803078e-09,1.0,1.0836576745711442e-13,1.0836576745711442e-13,stoichiometric,Sphalerite,1.4901477832512315,1.5532711733438086e-09,1.4901477832512315,1.614810081565375e-13,0.02724561983471074,0.027245618281439565,0.789865871833085,2.1925444380848164e-08,2.1925444380848164e-08
"Zinc, ion","('ecoinvent-3.4-biosphere', 'bdce3a7c-e008-4391-be26-285f71a02453')",Zn,1.0423604898803078e-09,1.0423604898803078e-09,1.0,1.0836576745711442e-13,1.0836576745711442e-13,stoichiometric,Sphalerite,1.4901477832512315,1.5532711733438086e-09,1.4901477832512315,1.614810081565375e-13,0.02724561983471074,0.027245618281439565,0.789865871833085,2.1925444380848164e-08,2.1925444380848164e-08
Manganese,"('ecoinvent-3.4-biosphere', '6b7fbea6-4a86-40f9-954d-3c9b3611abfd')",Mn,1.0160006453512017e-09,1.0160006453512017e-09,1.0,6.485008032108113e-14,6.485008032108113e-14,stoichiometric,Pyrolusite,1.5822784810126582,1.6075959578341799e-09,1.5822784810126582,1.0261088658398912e-13,0.199712,0.19971199839240406,0.6709603911825677,9.33179619107268e-10,9.33179619107268e-10
Manganese,"('ecoinvent-3.4-biosphere', '44f28e11-061d-44fd-8f25-dc62a9f1fa57')",Mn,1.0160006453512017e-09,1.0160006453512017e-09,1.0,6.485008032108113e-14,6.485008032108113e-14,stoichiometric,Pyrolusite,1.5822784810126582,1.6075959578341799e-09,1.5822784810126582,1.0261088658398912e-13,0.199712,0.19971199839240406,0.6709603911825677,9.33179619107268e-10,9.33179619107268e-10
Manganese,"('ecoinvent-3.4-biosphere', '9c706cff-cb82-4207-a589-95896e04dc08')",Mn,1.0160006453512017e-09,1.0160006453512017e-09,1.0,6.485008032108113e-14,6.485008032108113e-14,stoichiometric,Pyrolusite,1.5822784810126582,1.6075959578341799e-09,1.5822784810126582,1.0261088658398912e-13,0.199712,0.19971199839240406,0.6709603911825677,9.33179619107268e-10,9.33179619107268e-10
Manganese,"('ecoinvent-3.4-biosphere', '9ba8c05d-1593-45a5-8d3b-5c4f3e9fef32')",Mn,1.0160006453512017e-09,1.0160006453512017e-09,1.0,6.485008032108113e-14,6.485008032108113e-14,stoichiometric,Pyrolusite,1.5822784810126582,1.6075959578341799e-09,1.5822784810126582,1.0261088658398912e-13,0.199712,0.19971199839240406,0.6709603911825677,9.33179619107268e-10,9.33179619107268e-10
Manganese,"('ecoinvent-3.4-biosphere', '835d0907-a668-4d92-b6b6-7b56fa343713')",Mn,1.0160006453512017e-09,1.0160006453512017e-09,1.0,6.485008032108113e-14,6.485008032108113e-14,stoichiometric,Pyrolusite,1.5822784810126582,1.6075959578341799e-09,1.5822784810126582,1.0261088658398912e-13,0.199712,0.19971199839240406,0.6709603911825677,9.33179619107268e-10,9.33179619107268e-10
Manganese,"('ecoinvent-3.4-biosphere', '2460f868-54a9-404c-bec8-c809a44ae72c')",Mn,1.0160006453512017e-09,1.0160006453512017e-09,1.0,6.485008032108113e-14,6.485008032108113e-14,stoichiometric,Pyrolusite,1.5822784810126582,1.6075959578341799e-09,1.5822784810126582,1.0261088658398912e-13,0.199712,0.19971199839240406,0.6709603911825677,9.33179619107268e-10,9.33179619107268e-10
Manganese,"('ecoinvent-3.4-biosphere', '10cbd2f7-c41b-4bb4-b636-d8fc15cf0282')",Mn,1.0160006453512017e-09,1.0160006453512017e-09,1.0,6.485008032108113e-14,6.485008032108113e-14,stoichiometric,Pyrolusite,1.5822784810126582,1.6075959578341799e-09,1.5822784810126582,1.0261088658398912e-13,0.199712,0.19971199839240406,0.6709603911825677,9.33179619107268e-10,9.33179619107268e-10
Manganese,"('ecoinvent-3.4-biosphere', '295060ba-3c3d-45e4-99ca-e17b1204b553')",Mn,1.0160006453512017e-09,1.0160006453512017e-09,1.0,6.485008032108113e-14,6.485008032108113e-14,stoichiometric,Pyrolusite,1.5822784810126582,1.6075959578341799e-09,1.5822784810126582,1.0261088658398912e-13,0.199712,0.19971199839240406,0.6709603911825677,9.33179619107268e-10,9.33179619107268e-10
Manganese,"('ecoinvent-3.4-biosphere', 'b0546417-3064-4878-bd6f-2da75cefdf63')",Mn,1.0160006453512017e-09,1.0160006453512017e-09,1.0,6.485008032108113e-14,6.485008032108113e-14,stoichiometric,Pyrolusite,1.5822784810126582,1.6075959578341799e-09,1.5822784810126582,1.0261088658398912e-13,0.199712,0.19971199839240406,0.6709603911825677,9.33179619107268e-10,9.33179619107268e-10
Manganese,"('ecoinvent-3.4-biosphere', 'c91fd4bf-ed70-4e2f-a34f-159773f981b6')",Mn,1.0160006453512017e-09,1.0160006453512017e-09,1.0,6.485008032108113e-14,6.485008032108113e-14,stoichiometric,Pyrolusite,1.5822784810126582,1.6075959578341799e-09,1.5822784810126582,1.0261088658398912e-13,0.199712,0.19971199839240406,0.6709603911825677,9.33179619107268e-10,9.33179619107268e-10
Manganese,"('ecoinvent-3.4-biosphere', '0af26a55-d357-469f-abad-8ced785cb4fb')",Mn,1.0160006453512017e-09,1.0160006453512017e-09,1.0,6.485008032108113e-14,6.485008032108113e-14,stoichiometric,Pyrolusite,1.5822784810126582,1.6075959578341799e-09,1.5822784810126582,1.0261088658398912e-13,0.199712,0.19971199839240406,0.6709603911825677,9.33179619107268e-10,9.33179619107268e-10
Manganese,"('ecoinvent-3.4-biosphere', '42053ffb-9284-49cb-88f9-33ac5c77be4a')",Mn,1.0160006453512017e-09,1.0160006453512017e-09,1.0,6.485008032108113e-14,6.485008032108113e-14,stoichiometric,Pyrolusite,1.5822784810126582,1.6075959578341799e-09,1.5822784810126582,1.0261088658398912e-13,0.199712,0.19971199839240406,0.6709603911825677,9.33179619107268e-10,9.33179619107268e-10
Manganese,"('ecoinvent-3.4-biosphere', 'f532985c-90b7-46fc-aac9-b039b40e22f1')",Mn,1.0160006453512017e-09,1.0160006453512017e-09,1.0,6.485008032108113e-14,6.485008032108113e-14,stoichiometric,Pyrolusite,1.5822784810126582,1.6075959578341799e-09,1.5822784810126582,1.0261088658398912e-13,0.199712,0.19971199839240406,0.6709603911825677,9.33179619107268e-10,9.33179619107268e-10
Manganese,"('ecoinvent-3.4-biosphere', '009a49e8-09a7-4432-9cb9-f2dd18e8f922')",Mn,1.0160006453512017e-09,1.0160006453512017e-09,1.0,6.485008032108113e-14,6.485008032108113e-14,stoichiometric,Pyrolusite,1.5822784810126582,1.6075959578341799e-09,1.5822784810126582,1.0261088658398912e-13,0.199712,0.19971199839240406,0.6709603911825677,9.33179619107268e-10,9.33179619107268e-10
Antimony,"('ecoinvent-3.4-biosphere', '43b29ad9-26dd-4838-b931-6216e55a0120')",Sb,9.306075561611062e-10,9.306075561611062e-10,1.0,2.1834077210692158e-11,2.1834077210692158e-11,stoichiometric,Stibnite,1.3941798941798942,1.297434344171701e-09,1.3941798941798942,3.0440631455118433e-11,0.02711271347248577,0.027112712175051425,0.9,1.6045775466199868e-08,1.6045775466199868e-08
Antimony,"('ecoinvent-3.4-biosphere', 'fa39136e-1ef6-43c1-af68-104da104568d')",Sb,9.306075561611062e-10,9.306075561611062e-10,1.0,2.1834077210692158e-11,2.1834077210692158e-11,stoichiometric,Stibnite,1.3941798941798942,1.297434344171701e-09,1.3941798941798942,3.0440631455118433e-11,0.02711271347248577,0.027112712175051425,0.9,1.6045775466199868e-08,1.6045775466199868e-08
Antimony,"('ecoinvent-3.4-biosphere', '2b2369a4-26bb-4b18-8479-752fdf7a5e7f')",Sb,9.306075561611062e-10,9.306075561611062e-10,1.0,2.1834077210692158e-11,2.1834077210692158e-11,stoichiometric,Stibnite,1.3941798941798942,1.297434344171701e-09,1.3941798941798942,3.0440631455118433e-11,0.02711271347248577,0.027112712175051425,0.9,1.6045775466199868e-08,1.6045775466199868e-08
Antimony,"('ecoinvent-3.4-biosphere', 'c49fb4cd-eed0-4438-9052-9612473cdbae')",Sb,9.306075561611062e-10,9.306075561611062e-10,1.0,2.1834077210692158e-11,2.1834077210692158e-11,stoichiometric,Stibnite,1.3941798941798942,1.297434344171701e-09,1.3941798941798942,3.0440631455118433e-11,0.02711271347248577,0.027112712175051425,0.9,1.6045775466199868e-08,1.6045775466199868e-08
Antimony,"('ecoinvent-3.4-biosphere', '5df5cb9f-812c-4ce8-ab1c-df6ab4d31900')",Sb,9.306075561611062e-10,9.306075561611062e-10,1.0,2.1834077210692158e-11,2.1834077210692158e-11,stoichiometric,Stibnite,1.3941798941798942,1.297434344171701e-09,1.3941798941798942,3.0440631455118433e-11,0.02711271347248577,0.027112712175051425,0.9,1.6045775466199868e-08,1.6045775466199868e-08
Antimony,"('ecoinvent-3.4-biosphere', 'b2dc8668-86de-4207-b20e-dc81dea63c98')",Sb,9.306075561611062e-10,9.306075561611062e-10,1.0,2.1834077210692158e-11,2.1834077210692158e-11,stoichiometric,Stibnite,1.3941798941798942,1.297434344171701e-09,1.3941798941798942,3.0440631455118433e-11,0.02711271347248577,0.027112712175051425,0.9,1.6045775466199868e-08,1.6045775466199868e-08
Antimony,"('ecoinvent-3.4-biosphere', 'f4cf8d5c-f030-4b55-a3af-e3c20b855ee8')",Sb,9.306075561611062e-10,9.306075561611062e-10,1.0,2.1834077210692158e-11,2.1834077210692158e-11,stoichiometric,Stibnite,1.3941798941798942,1.297434344171701e-09,1.3941798941798942,3.0440631455118433e-11,0.02711271347248577,0.027112712175051425,0.9,1.6045775466199868e-08,1.6045775466199868e-08
Antimony,"('ecoinvent-3.4-biosphere', '7805afa2-d93b-40bb-b841-325b98aec824')",Sb,9.306075561611062e-10,9.306075561611062e-10,1.0,2.1834077210692158e-11,2.1834077210692158e-11,stoichiometric,Stibnite,1.3941798941798942,1.297434344171701e-09,1.3941798941798942,3.0440631455118433e-11,0.02711271347248577,0.027112712175051425,0.9,1.6045775466199868e-08,1.6045775466199868e-08
Antimony,"('ecoinvent-3.4-biosphere', '183f9856-03ab-464d-9366-8ef62077b510')",Sb,9.306075561611062e-10,9.306075561611062e-10,1.0,2.1834077210692158e-11,2.1834077210692158e-11,stoichiometric,Stibnite,1.3941798941798942,1.297434344171701e-09,1.3941798941798942,3.0440631455118433e-11,0.02711271347248577,0.027112712175051425,0.9,1.6045775466199868e-08,1.6045775466199868e-08
Antimony,"('ecoinvent-3.4-biosphere', '83cf77ca-867b-4eef-b0f0-78d71b3d91d5')",Sb,9.306075561611062e-10,9.306075561611062e-10,1.0,2.1834077210692158e-11,2.1834077210692158e-11,stoichiometric,Stibnite,1.3941798941798942,1.297434344171701e-09,1.3941798941798942,3.0440631455118433e-11,0.02711271347248577,0.027112712175051425,0.9,1.6045775466199868e-08,1.6045775466199868e-08
Antimony,"('ecoinvent-3.4-biosphere', '34b96163-a3df-4bc1-8224-e2a9fe01b23f')",Sb,9.306075561611062e-10,9.306075561611062e-10,1.0,2.1834077210692158e-11,2.1834077210692158e-11,stoichiometric,Stibnite,1.3941798941798942,1.297434344171701e-09,1.3941798941798942,3.0440631455118433e-11,0.02711271347248577,0.027112712175051425,0.9,1.6045775466199868e-08,1.6045775466199868e-08
Antimony,"('ecoinvent-3.4-biosphere', '3ea5684a-6d64-4f96-8c09-1d90f997c9d4')",Sb,9.306075561611062e-10,9.306075561611062e-10,1.0,2.1834077210692158e-11,2.1834077210692158e-11,stoichiometric,Stibnite,1.3941798941798942,1.297434344171701e-09,1.3941798941798942,3.0440631455118433e-11,0.02711271347248577,0.027112712175051425,0.9,1.6045775466199868e-08,1.6045775466199868e-08
Antimony,"('ecoinvent-3.4-biosphere', '49803ad0-9ca2-4507-a5ea-f152d16c929d')",Sb,9.306075561611062e-10,9.306075561611062e-10,1.0,2.1834077210692158e-11,2.1834077210692158e-11,stoichiometric,Stibnite,1.3941798941798942,1.297434344171701e-09,1.3941798941798942,3.0440631455118433e-11,0.02711271347248577,0.027112712175051425,0.9,1.6045775466199868e-08,1.6045775466199868e-08
Antimony,"('ecoinvent-3.4-biosphere', '77927dac-dea3-429d-a434-d5a71d92c4f7')",Sb,9.306075561611062e-10,9.306075561611062e-10,1.0,2.1834077210692158e-11,2.1834077210692158e-11,stoichiometric,Stibnite,1.3941798941798942,1.297434344171701e-09,1.3941798941798942,3.0440631455118433e-11,0.02711271347248577,0.027112712175051425,0.9,1.6045775466199868e-08,1.6045775466199868e-08
Zinc,"('ecoinvent-3.4-biosphere', 'b88999ec-84fd-462d-9dec-7e20a4636a58')",Zn,9.162106616692684e-10,9.162106616692684e-10,1.0,1.0836576745711442e-13,1.0836576745711442e-13,stoichiometric,Sphalerite,1.4901477832512315,1.3652892864776045e-09,1.4901477832512315,1.614810081565375e-13,0.02724561983471074,0.027245618469421452,0.789865871833085,1.9271955970710452e-08,1.9271955970710452e-08
Zinc,"('ecoinvent-3.4-biosphere', '748f22a9-eba4-4726-bef5-92c7442ce189')",Zn,9.162106616692684e-10,9.162106616692684e-10,1.0,1.0836576745711442e-13,1.0836576745711442e-13,stoichiometric,Sphalerite,1.4901477832512315,1.3652892864776045e-09,1.4901477832512315,1.614810081565375e-13,0.02724561983471074,0.027245618469421452,0.789865871833085,1.9271955970710452e-08,1.9271955970710452e-08
Zinc,"('ecoinvent-3.4-biosphere', '8f871bab-96dc-49d9-bf08-12cdd0715901')",Zn,9.162106616692684e-10,9.162106616692684e-10,1.0,1.0836576745711442e-13,1.0836576745711442e-13,stoichiometric,Sphalerite,1.4901477832512315,1.3652892864776045e-09,1.4901477832512315,1.614810081565375e-13,0.02724561983471074,0.027245618469421452,0.789865871833085,1.9271955970710452e-08,1.9271955970710452e-08
Zinc,"('ecoinvent-3.4-biosphere', '8d226423-1351-4366-b09f-d16c9e38683c')",Zn,9.162106616692684e-10,9.162106616692684e-10,1.0,1.0836576745711442e-13,1.0836576745711442e-13,stoichiometric,Sphalerite,1.4901477832512315,1.3652892864776045e-09,1.4901477832512315,1.614810081565375e-13,0.02724561983471074,0.027245618469421452,0.789865871833085,1.9271955970710452e-08,1.9271955970710452e-08
Zinc,"('ecoinvent-3.4-biosphere', '5ce378a0-b48d-471c-977d-79681521efde')",Zn,9.162106616692684e-10,9.162106616692684e-10,1.0,1.0836576745711442e-13,1.0836576745711442e-13,stoichiometric,Sphalerite,1.4901477832512315,1.3652892864776045e-09,1.4901477832512315,1.614810081565375e-13,0.02724561983471074,0.027245618469421452,0.789865871833085,1.9271955970710452e-08,1.9271955970710452e-08
Zinc,"('ecoinvent-3.4-biosphere', '84aa799e-9d98-4d34-85e0-516d28ab1be9')",Zn,9.162106616692684e-10,9.162106616692684e-10,1.0,1.0836576745711442e-13,1.0836576745711442e-13,stoichiometric,Sphalerite,1.4901477832512315,1.3652892864776045e-09,1.4901477832512315,1.614810081565375e-13,0.02724561983471074,0.027245618469421452,0.789865871833085,1.9271955970710452e-08,1.9271955970710452e-08
Zinc,"('ecoinvent-3.4-biosphere', '87a69874-34f9-4070-a525-aa301ab2634b')",Zn,9.162106616692684e-10,9.162106616692684e-10,1.0,1.0836576745711442e-13,1.0836576745711442e-13,stoichiometric,Sphalerite,1.4901477832512315,1.3652892864776045e-09,1.4901477832512315,1.614810081565375e-13,0.02724561983471074,0.027245618469421452,0.789865871833085,1.9271955970710452e-08,1.9271955970710452e-08
Zinc,"('ecoinvent-3.4-biosphere', '77887584-ddca-4920-952c-3609730e0c13')",Zn,9.162106616692684e-10,9.162106616692684e-10,1.0,1.0836576745711442e-13,1.0836576745711442e-13,stoichiometric,Sphalerite,1.4901477832512315,1.3652892864776045e-09,1.4901477832512315,1.614810081565375e-13,0.02724561983471074,0.027245618469421452,0.789865871833085,1.9271955970710452e-08,1.9271955970710452e-08
Zinc,"('ecoinvent-3.4-biosphere', 'ada3ecfe-8244-4389-bcce-e83ca4f66e09')",Zn,9.162106616692684e-10,9.162106616692684e-10,1.0,1.0836576745711442e-13,1.0836576745711442e-13,stoichiometric,Sphalerite,1.4901477832512315,1.3652892864776045e-09,1.4901477832512315,1.614810081565375e-13,0.02724561983471074,0.027245618469421452,0.789865871833085,1.9271955970710452e-08,1.9271955970710452e-08
Cobalt,"('ecoinvent-3.4-biosphere', '33627701-feca-434d-a192-674a450eaaf7')",Co,8.764035352571517e-10,8.764035352571517e-10,1.0,1.9447495148453946e-12,1.9447495148453946e-12,stoichiometric,Linnaeite,1.727272727272727,1.51378792453508e-09,1.727272727272727,3.3591127983693174e-12,0.000636842105263158,0.0006368405914752334,0.0455986939380875,5.0945218945209525e-06,5.0945218945209525e-06
Cobalt,"('ecoinvent-3.4-biosphere', '381a22c9-3722-4378-810d-86958f7b6d32')",Co,8.764035352571517e-10,8.764035352571517e-10,1.0,1.9447495148453946e-12,1.9447495148453946e-12,stoichiometric,Linnaeite,1.727272727272727,1.51378792453508e-09,1.727272727272727,3.3591127983693174e-12,0.000636842105263158,0.0006368405914752334,0.0455986939380875,5.0945218945209525e-06,5.0945218945209525e-06
Cobalt,"('ecoinvent-3.4-biosphere', 'b10faa87-2c1d-4f6e-aa65-9f80b376939a')",Co,8.764035352571517e-10,8.764035352571517e-10,1.0,1.9447495148453946e-12,1.9447495148453946e-12,stoichiometric,Linnaeite,1.727272727272727,1.51378792453508e-09,1.727272727272727,3.3591127983693174e-12,0.000636842105263158,0.0006368405914752334,0.0455986939380875,5.0945218945209525e-06,5.0945218945209525e-06
Cobalt,"('ecoinvent-3.4-biosphere', '12051b95-831a-49c0-9a70-fbc0e8fb9af9')",Co,8.764035352571517e-10,8.764035352571517e-10,1.0,1.9447495148453946e-12,1.9447495148453946e-12,stoichiometric,Linnaeite,1.727272727272727,1.51378792453508e-09,1.727272727272727,3.3591127983693174e-12,0.000636842105263158,0.0006368405914752334,0.0455986939380875,5.0945218945209525e-06,5.0945218945209525e-06
Cobalt,"('ecoinvent-3.4-biosphere', '9ce88274-57b6-42ed-a78b-4abef2301865')",Co,8.764035352571517e-10,8.764035352571517e-10,1.0,1.9447495148453946e-12,1.9447495148453946e-12,stoichiometric,Linnaeite,1.727272727272727,1.51378792453508e-09,1.727272727272727,3.3591127983693174e-12,0.000636842105263158,0.0006368405914752334,0.0455986939380875,5.0945218945209525e-06,5.0945218945209525e-06
Cobalt,"('ecoinvent-3.4-biosphere', 'c58d25ad-30d2-4fac-a857-1fa6f67afe8a')",Co,8.764035352571517e-10,8.764035352571517e-10,1.0,1.9447495148453946e-12,1.9447495148453946e-12,stoichiometric,Linnaeite,1.727272727272727,1.51378792453508e-09,1.727272727272727,3.3591127983693174e-12,0.000636842105263158,0.0006368405914752334,0.0455986939380875,5.0945218945209525e-06,5.0945218945209525e-06
Cobalt,"('ecoinvent-3.4-biosphere', 'ca04300a-8338-4601-ba7c-66c10a4f6322')",Co,8.764035352571517e-10,8.764035352571517e-10,1.0,1.9447495148453946e-12,1.9447495148453946e-12,stoichiometric,Linnaeite,1.727272727272727,1.51378792453508e-09,1.727272727272727,3.3591127983693174e-12,0.000636842105263158,0.0006368405914752334,0.0455986939380875,5.0945218945209525e-06,5.0945218945209525e-06
Cobalt,"('ecoinvent-3.4-biosphere', '1e904267-caa3-40e6-a3a0-fc104489770b')",Co,8.764035352571517e-10,8.764035352571517e-10,1.0,1.9447495148453946e-12,1.9447495148453946e-12,stoichiometric,Linnaeite,1.727272727272727,1.51378792453508e-09,1.727272727272727,3.3591127983693174e-12,0.000636842105263158,0.0006368405914752334,0.0455986939380875,5.0945218945209525e-06,5.0945218945209525e-06
Cobalt,"('ecoinvent-3.4-biosphere', 'f0d1c319-249f-4a89-b0e7-3a5a90a54036')",Co,8.764035352571517e-10,8.764035352571517e-10,1.0,1.9447495148453946e-12,1.9447495148453946e-12,stoichiometric,Linnaeite,1.727272727272727,1.51378792453508e-09,1.727272727272727,3.3591127983693174e-12,0.000636842105263158,0.0006368405914752334,0.0455986939380875,5.0945218945209525e-06,5.0945218945209525e-06
Cobalt,"('ecoinvent-3.4-biosphere', '74eb3f02-09ec-46ce-8ee8-d67d0900136b')",Co,8.764035352571517e-10,8.764035352571517e-10,1.0,1.9447495148453946e-12,1.9447495148453946e-12,stoichiometric,Linnaeite,1.727272727272727,1.51378792453508e-09,1.727272727272727,3.3591127983693174e-12,0.000636842105263158,0.0006368405914752334,0.0455986939380875,5.0945218945209525e-06,5.0945218945209525e-06
Cobalt,"('ecoinvent-3.4-biosphere', '9542444c-7c7a-48e2-bc9c-9c7c34fb7b3e')",Co,8.764035352571517e-10,8.764035352571517e-10,1.0,1.9447495148453946e-12,1.9447495148453946e-12,stoichiometric,Linnaeite,1.727272727272727,1.51378792453508e-09,1.727272727272727,3.3591127983693174e-12,0.000636842105263158,0.0006368405914752334,0.0455986939380875,5.0945218945209525e-06,5.0945218945209525e-06
Cobalt,"('ecoinvent-3.4-biosphere', 'caf066cf-40ce-47a8-ba4c-969fcd6019c7')",Co,8.764035352571517e-10,8.764035352571517e-10,1.0,1.9447495148453946e-12,1.9447495148453946e-12,stoichiometric,Linnaeite,1.727272727272727,1.51378792453508e-09,1.727272727272727,3.3591127983693174e-12,0.000636842105263158,0.0006368405914752334,0.0455986939380875,5.0945218945209525e-06,5.0945218945209525e-06
Cobalt,"('ecoinvent-3.4-biosphere', 'f0e28a62-ddf9-4c93-af81-676a58c3f2d4')",Co,8.764035352571517e-10,8.764035352571517e-10,1.0,1.9447495148453946e-12,1.9447495148453946e-12,stoichiometric,Linnaeite,1.727272727272727,1.51378792453508e-09,1.727272727272727,3.3591127983693174e-12,0.000636842105263158,0.0006368405914752334,0.0455986939380875,5.0945218945209525e-06,5.0945218945209525e-06
Cobalt,"('ecoinvent-3.4-biosphere', 'd4291dd5-dae8-47fa-bf06-466fcecbc210')",Co,8.764035352571517e-10,8.764035352571517e-10,1.0,1.9447495148453946e-12,1.9447495148453946e-12,stoichiometric,Linnaeite,1.727272727272727,1.51378792453508e-09,1.727272727272727,3.3591127983693174e-12,0.000636842105263158,0.0006368405914752334,0.0455986939380875,5.0945218945209525e-06,5.0945218945209525e-06
Iron,"('ecoinvent-3.4-biosphere', 'e8bd2edd-f937-49f6-9e8b-9f445278775e')",Fe,8.613439037610252e-10,8.613439037610252e-10,1.0,9.645225823667623e-15,9.645225823667623e-15,stoichiometric,Hematite,1.0,8.613439037610252e-10,1.0,9.645225823667623e-15,0.73,0.7299999991386561,0.95,2.5087155634521135e-09,2.5087155634521135e-09
Iron,"('ecoinvent-3.4-biosphere', 'db364689-e1a3-4629-8835-e6c59d6daf09')",Fe,8.613439037610252e-10,8.613439037610252e-10,1.0,9.645225823667623e-15,9.645225823667623e-15,stoichiometric,Hematite,1.0,8.613439037610252e-10,1.0,9.645225823667623e-15,0.73,0.7299999991386561,0.95,2.5087155634521135e-09,2.5087155634521135e-09
Iron,"('ecoinvent-3.4-biosphere', 'ce567bdc-76ec-4ca0-be79-8bb796e448b3')",Fe,8.613439037610252e-10,8.613439037610252e-10,1.0,9.645225823667623e-15,9.645225823667623e-15,stoichiometric,Hematite,1.0,8.613439037610252e-10,1.0,9.645225823667623e-15,0.73,0.7299999991386561,0.95,2.5087155634521135e-09,2.5087155634521135e-09
Iron,"('ecoinvent-3.4-biosphere', '32cd0492-c0cb-4898-a2b1-675eedc5b688')",Fe,8.613439037610252e-10,8.613439037610252e-10,1.0,9.645225823667623e-15,9.645225823667623e-15,stoichiometric,Hematite,1.0,8.613439037610252e-10,1.0,9.645225823667623e-15,0.73,0.7299999991386561,0.95,2.5087155634521135e-09,2.5087155634521135e-09
Iron,"('ecoinvent-3.4-biosphere', '8dba66e2-0f2e-4038-84ef-1e40b4f573a6')",Fe,8.613439037610252e-10,8.613439037610252e-10,1.0,9.645225823667623e-15,9.645225823667623e-15,stoichiometric,Hematite,1.0,8.613439037610252e-10,1.0,9.645225823667623e-15,0.73,0.7299999991386561,0.95,2.5087155634521135e-09,2.5087155634521135e-09
Iron,"('ecoinvent-3.4-biosphere', 'c983ad54-12e9-47a5-b747-5e5c448e58e2')",Fe,8.613439037610252e-10,8.613439037610252e-10,1.0,9.645225823667623e-15,9.645225823667623e-15,stoichiometric,Hematite,1.0,8.613439037610252e-10,1.0,9.645225823667623e-15,0.73,0.7299999991386561,0.95,2.5087155634521135e-09,2.5087155634521135e-09
Iron,"('ecoinvent-3.4-biosphere', '76152de4-9499-48f7-af98-a5d41842484a')",Fe,8.613439037610252e-10,8.613439037610252e-10,1.0,9.645225823667623e-15,9.645225823667623e-15,stoichiometric,Hematite,1.0,8.613439037610252e-10,1.0,9.645225823667623e-15,0.73,0.7299999991386561,0.95,2.5087155634521135e-09,2.5087155634521135e-09
Iron,"('ecoinvent-3.4-biosphere', '98693cdf-d9fc-43ed-bfe6-78dfe5742d33')",Fe,8.613439037610252e-10,8.613439037610252e-10,1.0,9.645225823667623e-15,9.645225823667623e-15,stoichiometric,Hematite,1.0,8.613439037610252e-10,1.0,9.645225823667623e-15,0.73,0.7299999991386561,0.95,2.5087155634521135e-09,2.5087155634521135e-09
Iron,"('ecoinvent-3.4-biosphere', '0dc0bbb0-1141-4dff-b6a2-8bd5368e14af')",Fe,8.613439037610252e-10,8.613439037610252e-10,1.0,9.645225823667623e-15,9.645225823667623e-15,stoichiometric,Hematite,1.0,8.613439037610252e-10,1.0,9.645225823667623e-15,0.73,0.7299999991386561,0.95,2.5087155634521135e-09,2.5087155634521135e-09
Iron,"('ecoinvent-3.4-biosphere', 'e3043a7f-5347-4c7b-89ee-93f11b2f6d9b')",Fe,8.613439037610252e-10,8.613439037610252e-10,1.0,9.645225823667623e-15,9.645225823667623e-15,stoichiometric,Hematite,1.0,8.613439037610252e-10,1.0,9.645225823667623e-15,0.73,0.7299999991386561,0.95,2.5087155634521135e-09,2.5087155634521135e-09
Aluminium,"('ecoinvent-3.4-biosphere', '7880e65c-0321-4295-ba55-3186ad36e489')",Al,8.332548883558549e-10,8.332548883558549e-10,1.0,6.422536676269254e-14,6.422536676269254e-14,stoichiometric,Bauxite (Gibbsite),2.8930041152263373,2.4106098210459507e-09,2.8930041152263373,1.8580425034639034e-13,0.08399573257467995,0.08399573016407012,0.95,2.83516749770977e-07,2.83516749770977e-07
Aluminium,"('ecoinvent-3.4-biosphere', '46e63323-cffd-4c46-829b-5f006b50fa9b')",Al,8.332548883558549e-10,8.332548883558549e-10,1.0,6.422536676269254e-14,6.422536676269254e-14,stoichiometric,Bauxite (Gibbsite),2.8930041152263373,2.4106098210459507e-09,2.8930041152263373,1.8580425034639034e-13,0.08399573257467995,0.08399573016407012,0.95,2.83516749770977e-07,2.83516749770977e-07
Aluminium,"('ecoinvent-3.4-biosphere', '39555a26-d28b-425f-993f-e8770ab7d9cf')",Al,8.332548883558549e-10,8.332548883558549e-10,1.0,6.422536676269254e-14,6.422536676269254e-14,stoichiometric,Bauxite (Gibbsite),2.8930041152263373,2.4106098210459507e-09,2.8930041152263373,1.8580425034639034e-13,0.08399573257467995,0.08399573016407012,0.95,2.83516749770977e-07,2.83516749770977e-07
Aluminium,"('ecoinvent-3.4-biosphere', 'd96403bf-902e-4b7a-8ffd-32fe09e4017f')",Al,8.332548883558549e-10,8.332548883558549e-10,1.0,6.422536676269254e-14,6.422536676269254e-14,stoichiometric,Bauxite (Gibbsite),2.8930041152263373,2.4106098210459507e-09,2.8930041152263373,1.8580425034639034e-13,0.08399573257467995,0.08399573016407012,0.95,2.83516749770977e-07,2.83516749770977e-07
Aluminium,"('ecoinvent-3.4-biosphere', '0ace7678-a181-48e8-8728-d912a8b56c57')",Al,8.332548883558549e-10,8.332548883558549e-10,1.0,6.422536676269254e-14,6.422536676269254e-14,stoichiometric,Bauxite (Gibbsite),2.8930041152263373,2.4106098210459507e-09,2.8930041152263373,1.8580425034639034e-13,0.08399573257467995,0.08399573016407012,0.95,2.83516749770977e-07,2.83516749770977e-07
Aluminium,"('ecoinvent-3.4-biosphere', '9c3bd678-1b2f-4b95-a245-d5c8a3fe326b')",Al,8.332548883558549e-10,8.332548883558549e-10,1.0,6.422536676269254e-14,6.422536676269254e-14,stoichiometric,Bauxite (Gibbsite),2.8930041152263373,2.4106098210459507e-09,2.8930041152263373,1.8580425034639034e-13,0.08399573257467995,0.08399573016407012,0.95,2.83516749770977e-07,2.83516749770977e-07
Aluminium,"('ecoinvent-3.4-biosphere', '01056d4b-f9b0-4dfc-b8d9-8407c8376efb')",Al,8.332548883558549e-10,8.332548883558549e-10,1.0,6.422536676269254e-14,6.422536676269254e-14,stoichiometric,Bauxite (Gibbsite),2.8930041152263373,2.4106098210459507e-09,2.8930041152263373,1.8580425034639034e-13,0.08399573257467995,0.08399573016407012,0.95,2.83516749770977e-07,2.83516749770977e-07
Aluminium,"('ecoinvent-3.4-biosphere', '765546a9-b056-4d27-ad14-2f016511bdcb')",Al,8.332548883558549e-10,8.332548883558549e-10,1.0,6.422536676269254e-14,6.422536676269254e-14,stoichiometric,Bauxite (Gibbsite),2.8930041152263373,2.4106098210459507e-09,2.8930041152263373,1.8580425034639034e-13,0.08399573257467995,0.08399573016407012,0.95,2.83516749770977e-07,2.83516749770977e-07
Aluminium,"('ecoinvent-3.4-biosphere', '6f0b8b7c-3888-4174-b7e3-916d42d678ee')",Al,8.332548883558549e-10,8.332548883558549e-10,1.0,6.422536676269254e-14,6.422536676269254e-14,stoichiometric,Bauxite (Gibbsite),2.8930041152263373,2.4106098210459507e-09,2.8930041152263373,1.8580425034639034e-13,0.08399573257467995,0.08399573016407012,0.95,2.83516749770977e-07,2.83516749770977e-07
Aluminium,"('ecoinvent-3.4-biosphere', '2e0c9efa-d55c-49db-8be3-0376d5921ff4')",Al,8.332548883558549e-10,8.332548883558549e-10,1.0,6.422536676269254e-14,6.422536676269254e-14,stoichiometric,Bauxite (Gibbsite),2.8930041152263373,2.4106098210459507e-09,2.8930041152263373,1.8580425034639034e-13,0.08399573257467995,0.08399573016407012,0.95,2.83516749770977e-07,2.83516749770977e-07
Aluminium,"('ecoinvent-3.4-biosphere', '97e498ec-f323-4ec6-bcc0-d8a4c853bae3')",Al,8.332548883558549e-10,8.332548883558549e-10,1.0,6.422536676269254e-14,6.422536676269254e-14,stoichiometric,Bauxite (Gibbsite),2.8930041152263373,2.4106098210459507e-09,2.8930041152263373,1.8580425034639034e-13,0.08399573257467995,0.08399573016407012,0.95,2.83516749770977e-07,2.83516749770977e-07
Aluminium,"('ecoinvent-3.4-biosphere', 'e0401210-0377-4670-84af-12247ca20bed')",Al,8.332548883558549e-10,8.332548883558549e-10,1.0,6.422536676269254e-14,6.422536676269254e-14,stoichiometric,Bauxite (Gibbsite),2.8930041152263373,2.4106098210459507e-09,2.8930041152263373,1.8580425034639034e-13,0.08399573257467995,0.08399573016407012,0.95,2.83516749770977e-07,2.83516749770977e-07
Aluminium,"('ecoinvent-3.4-biosphere', 'ff65658c-2d39-44a2-b23e-7ec3c644f064')",Al,8.332548883558549e-10,8.332548883558549e-10,1.0,6.422536676269254e-14,6.422536676269254e-14,stoichiometric,Bauxite (Gibbsite),2.8930041152263373,2.4106098210459507e-09,2.8930041152263373,1.8580425034639034e-13,0.08399573257467995,0.08399573016407012,0.95,2.83516749770977e-07,2.83516749770977e-07
Aluminium,"('ecoinvent-3.4-biosphere', '2baa4381-b781-4f5e-90de-508b0fa3fd1f')",Al,8.332548883558549e-10,8.332548883558549e-10,1.0,6.422536676269254e-14,6.422536676269254e-14,stoichiometric,Bauxite (Gibbsite),2.8930041152263373,2.4106098210459507e-09,2.8930041152263373,1.8580425034639034e-13,0.08399573257467995,0.08399573016407012,0.95,2.83516749770977e-07,2.83516749770977e-07
Manganese,"('ecoinvent-3.4-biosphere', '6b7fbea6-4a86-40f9-954d-3c9b3611abfd')",Mn,8.288758895143545e-10,8.288758895143545e-10,1.0,6.485008032108113e-14,6.485008032108113e-14,stoichiometric,Pyrolusite,1.5822784810126582,1.3115124834087888e-09,1.5822784810126582,1.0261088658398912e-13,0.199712,0.19971199868848752,0.6709603911825677,7.613086561284941e-10,7.613086561284941e-10
Manganese,"('ecoinvent-3.4-biosphere', '44f28e11-061d-44fd-8f25-dc62a9f1fa57')",Mn,8.288758895143545e-10,8.288758895143545e-10,1.0,6.485008032108113e-14,6.485008032108113e-14,stoichiometric,Pyrolusite,1.5822784810126582,1.3115124834087888e-09,1.5822784810126582,1.0261088658398912e-13,0.199712,0.19971199868848752,0.6709603911825677,7.613086561284941e-10,7.613086561284941e-10
Manganese,"('ecoinvent-3.4-biosphere', '9c706cff-cb82-4207-a589-95896e04dc08')",Mn,8.288758895143545e-10,8.288758895143545e-10,1.0,6.485008032108113e-14,6.485008032108113e-14,stoichiometric,Pyrolusite,1.5822784810126582,1.3115124834087888e-09,1.5822784810126582,1.0261088658398912e-13,0.199712,0.19971199868848752,0.6709603911825677,7.613086561284941e-10,7.613086561284941e-10
Manganese,"('ecoinvent-3.4-biosphere', '9ba8c05d-1593-45a5-8d3b-5c4f3e9fef32')",Mn,8.288758895143545e-10,8.288758895143545e-10,1.0,6.485008032108113e-14,6.485008032108113e-14,stoichiometric,Pyrolusite,1.5822784810126582,1.3115124834087888e-09,1.5822784810126582,1.0261088658398912e-13,0.199712,0.19971199868848752,0.6709603911825677,7.613086561284941e-10,7.613086561284941e-10
Manganese,"('ecoinvent-3.4-biosphere', '835d0907-a668-4d92-b6b6-7b56fa343713')",Mn,8.288758895143545e-10,8.288758895143545e-10,1.0,6.485008032108113e-14,6.485008032108113e-14,stoichiometric,Pyrolusite,1.5822784810126582,1.3115124834087888e-09,1.5822784810126582,1.0261088658398912e-13,0.199712,0.19971199868848752,0.6709603911825677,7.613086561284941e-10,7.613086561284941e-10
Manganese,"('ecoinvent-3.4-biosphere', '2460f868-54a9-404c-bec8-c809a44ae72c')",Mn,8.288758895143545e-10,8.288758895143545e-10,1.0,6.485008032108113e-14,6.485008032108113e-14,stoichiometric,Pyrolusite,1.5822784810126582,1.3115124834087888e-09,1.5822784810126582,1.0261088658398912e-13,0.199712,0.19971199868848752,0.6709603911825677,7.613086561284941e-10,7.613086561284941e-10
Manganese,"('ecoinvent-3.4-biosphere', '10cbd2f7-c41b-4bb4-b636-d8fc15cf0282')",Mn,8.288758895143545e-10,8.288758895143545e-10,1.0,6.485008032108113e-14,6.485008032108113e-14,stoichiometric,Pyrolusite,1.5822784810126582,1.3115124834087888e-09,1.5822784810126582,1.0261088658398912e-13,0.199712,0.19971199868848752,0.6709603911825677,7.613086561284941e-10,7.613086561284941e-10
Manganese,"('ecoinvent-3.4-biosphere', '295060ba-3c3d-45e4-99ca-e17b1204b553')",Mn,8.288758895143545e-10,8.288758895143545e-10,1.0,6.485008032108113e-14,6.485008032108113e-14,stoichiometric,Pyrolusite,1.5822784810126582,1.3115124834087888e-09,1.5822784810126582,1.0261088658398912e-13,0.199712,0.19971199868848752,0.6709603911825677,7.613086561284941e-10,7.613086561284941e-10
Manganese,"('ecoinvent-3.4-biosphere', 'b0546417-3064-4878-bd6f-2da75cefdf63')",Mn,8.288758895143545e-10,8.288758895143545e-10,1.0,6.485008032108113e-14,6.485008032108113e-14,stoichiometric,Pyrolusite,1.5822784810126582,1.3115124834087888e-09,1.5822784810126582,1.0261088658398912e-13,0.199712,0.19971199868848752,0.6709603911825677,7.613086561284941e-10,7.613086561284941e-10
Manganese,"('ecoinvent-3.4-biosphere', 'c91fd4bf-ed70-4e2f-a34f-159773f981b6')",Mn,8.288758895143545e-10,8.288758895143545e-10,1.0,6.485008032108113e-14,6.485008032108113e-14,stoichiometric,Pyrolusite,1.5822784810126582,1.3115124834087888e-09,1.5822784810126582,1.0261088658398912e-13,0.199712,0.19971199868848752,0.6709603911825677,7.613086561284941e-10,7.613086561284941e-10
Manganese,"('ecoinvent-3.4-biosphere', '0af26a55-d357-469f-abad-8ced785cb4fb')",Mn,8.288758895143545e-10,8.288758895143545e-10,1.0,6.485008032108113e-14,6.485008032108113e-14,stoichiometric,Pyrolusite,1.5822784810126582,1.3115124834087888e-09,1.5822784810126582,1.0261088658398912e-13,0.199712,0.19971199868848752,0.6709603911825677,7.613086561284941e-10,7.613086561284941e-10
Manganese,"('ecoinvent-3.4-biosphere', '42053ffb-9284-49cb-88f9-33ac5c77be4a')",Mn,8.288758895143545e-10,8.288758895143545e-10,1.0,6.485008032108113e-14,6.485008032108113e-14,stoichiometric,Pyrolusite,1.5822784810126582,1.3115124834087888e-09,1.5822784810126582,1.0261088658398912e-13,0.199712,0.19971199868848752,0.6709603911825677,7.613086561284941e-10,7.613086561284941e-10
Manganese,"('ecoinvent-3.4-biosphere', 'f532985c-90b7-46fc-aac9-b039b40e22f1')",Mn,8.288758895143545e-10,8.288758895143545e-10,1.0,6.485008032108113e-14,6.485008032108113e-14,stoichiometric,Pyrolusite,1.5822784810126582,1.3115124834087888e-09,1.5822784810126582,1.0261088658398912e-13,0.199712,0.19971199868848752,0.6709603911825677,7.613086561284941e-10,7.613086561284941e-10
Manganese,"('ecoinvent-3.4-biosphere', '009a49e8-09a7-4432-9cb9-f2dd18e8f922')",Mn,8.288758895143545e-10,8.288758895143545e-10,1.0,6.485008032108113e-14,6.485008032108113e-14,stoichiometric,Pyrolusite,1.5822784810126582,1.3115124834087888e-09,1.5822784810126582,1.0261088658398912e-13,0.199712,0.19971199868848752,0.6709603911825677,7.613086561284941e-10,7.613086561284941e-10
Antimony,"('ecoinvent-3.4-biosphere', '43b29ad9-26dd-4838-b931-6216e55a0120')",Sb,8.212093570258105e-10,8.212093570258105e-10,1.0,2.1834077210692158e-11,2.1834077210692158e-11,stoichiometric,Stibnite,1.3941798941798942,1.1449135744777835e-09,1.3941798941798942,3.0440631455118433e-11,0.02711271347248577,0.027112712327572196,0.9,1.415950350444184e-08,1.415950350444184e-08
Antimony,"('ecoinvent-3.4-biosphere', 'fa39136e-1ef6-43c1-af68-104da104568d')",Sb,8.212093570258105e-10,8.212093570258105e-10,1.0,2.1834077210692158e-11,2.1834077210692158e-11,stoichiometric,Stibnite,1.3941798941798942,1.1449135744777835e-09,1.3941798941798942,3.0440631455118433e-11,0.02711271347248577,0.027112712327572196,0.9,1.415950350444184e-08,1.415950350444184e-08
Antimony,"('ecoinvent-3.4-biosphere', '2b2369a4-26bb-4b18-8479-752fdf7a5e7f')",Sb,8.212093570258105e-10,8.212093570258105e-10,1.0,2.1834077210692158e-11,2.1834077210692158e-11,stoichiometric,Stibnite,1.3941798941798942,1.1449135744777835e-09,1.3941798941798942,3.0440631455118433e-11,0.02711271347248577,0.027112712327572196,0.9,1.415950350444184e-08,1.415950350444184e-08
Antimony,"('ecoinvent-3.4-biosphere', 'c49fb4cd-eed0-4438-9052-9612473cdbae')",Sb,8.212093570258105e-10,8.212093570258105e-10,1.0,2.1834077210692158e-11,2.1834077210692158e-11,stoichiometric,Stibnite,1.3941798941798942,1.1449135744777835e-09,1.3941798941798942,3.0440631455118433e-11,0.02711271347248577,0.027112712327572196,0.9,1.415950350444184e-08,1.415950350444184e-08
Antimony,"('ecoinvent-3.4-biosphere', '5df5cb9f-812c-4ce8-ab1c-df6ab4d31900')",Sb,8.212093570258105e-10,8.212093570258105e-10,1.0,2.1834077210692158e-11,2.1834077210692158e-11,stoichiometric,Stibnite,1.3941798941798942,1.1449135744777835e-09,1.3941798941798942,3.0440631455118433e-11,0.02711271347248577,0.027112712327572196,0.9,1.415950350444184e-08,1.415950350444184e-08
Antimony,"('ecoinvent-3.4-biosphere', 'b2dc8668-86de-4207-b20e-dc81dea63c98')",Sb,8.212093570258105e-10,8.212093570258105e-10,1.0,2.1834077210692158e-11,2.1834077210692158e-11,stoichiometric,Stibnite,1.3941798941798942,1.1449135744777835e-09,1.3941798941798942,3.0440631455118433e-11,0.02711271347248577,0.027112712327572196,0.9,1.415950350444184e-08,1.415950350444184e-08
Antimony,"('ecoinvent-3.4-biosphere', 'f4cf8d5c-f030-4b55-a3af-e3c20b855ee8')",Sb,8.212093570258105e-10,8.212093570258105e-10,1.0,2.1834077210692158e-11,2.1834077210692158e-11,stoichiometric,Stibnite,1.3941798941798942,1.1449135744777835e-09,1.3941798941798942,3.0440631455118433e-11,0.02711271347248577,0.027112712327572196,0.9,1.415950350444184e-08,1.415950350444184e-08
Antimony,"('ecoinvent-3.4-biosphere', '7805afa2-d93b-40bb-b841-325b98aec824')",Sb,8.212093570258105e-10,8.212093570258105e-10,1.0,2.1834077210692158e-11,2.1834077210692158e-11,stoichiometric,Stibnite,1.3941798941798942,1.1449135744777835e-09,1.3941798941798942,3.0440631455118433e-11,0.02711271347248577,0.027112712327572196,0.9,1.415950350444184e-08,1.415950350444184e-08
Antimony,"('ecoinvent-3.4-biosphere', '183f9856-03ab-464d-9366-8ef62077b510')",Sb,8.212093570258105e-10,8.212093570258105e-10,1.0,2.1834077210692158e-11,2.1834077210692158e-11,stoichiometric,Stibnite,1.3941798941798942,1.1449135744777835e-09,1.3941798941798942,3.0440631455118433e-11,0.02711271347248577,0.027112712327572196,0.9,1.415950350444184e-08,1.415950350444184e-08
Antimony,"('ecoinvent-3.4-biosphere', '83cf77ca-867b-4eef-b0f0-78d71b3d91d5')",Sb,8.212093570258105e-10,8.212093570258105e-10,1.0,2.1834077210692158e-11,2.1834077210692158e-11,stoichiometric,Stibnite,1.3941798941798942,1.1449135744777835e-09,1.3941798941798942,3.0440631455118433e-11,0.02711271347248577,0.027112712327572196,0.9,1.415950350444184e-08,1.415950350444184e-08
Antimony,"('ecoinvent-3.4-biosphere', '34b96163-a3df-4bc1-8224-e2a9fe01b23f')",Sb,8.212093570258105e-10,8.212093570258105e-10,1.0,2.1834077210692158e-11,2.1834077210692158e-11,stoichiometric,Stibnite,1.3941798941798942,1.1449135744777835e-09,1.3941798941798942,3.0440631455118433e-11,0.02711271347248577,0.027112712327572196,0.9,1.415950350444184e-08,1.415950350444184e-08
Antimony,"('ecoinvent-3.4-biosphere', '3ea5684a-6d64-4f96-8c09-1d90f997c9d4')",Sb,8.212093570258105e-10,8.212093570258105e-10,1.0,2.1834077210692158e-11,2.1834077210692158e-11,stoichiometric,Stibnite,1.3941798941798942,1.1449135744777835e-09,1.3941798941798942,3.0440631455118433e-11,0.02711271347248577,0.027112712327572196,0.9,1.415950350444184e-08,1.415950350444184e-08
Antimony,"('ecoinvent-3.4-biosphere', '49803ad0-9ca2-4507-a5ea-f152d16c929d')",Sb,8.212093570258105e-10,8.212093570258105e-10,1.0,2.1834077210692158e-11,2.1834077210692158e-11,stoichiometric,Stibnite,1.3941798941798942,1.1449135744777835e-09,1.3941798941798942,3.0440631455118433e-11,0.02711271347248577,0.027112712327572196,0.9,1.415950350444184e-08,1.415950350444184e-08
Antimony,"('ecoinvent-3.4-biosphere', '77927dac-dea3-429d-a434-d5a71d92c4f7')",Sb,8.212093570258105e-10,8.212093570258105e-10,1.0,2.1834077210692158e-11,2.1834077210692158e-11,stoichiometric,Stibnite,1.3941798941798942,1.1449135744777835e-09,1.3941798941798942,3.0440631455118433e-11,0.02711271347248577,0.027112712327572196,0.9,1.415950350444184e-08,1.415950350444184e-08
"Chromium, ion","('ecoinvent-3.4-biosphere', 'd9c23a8d-e7bf-4f70-8d22-b9ad8a653204')",Cr,7.71129348110886e-10,7.71129348110886e-10,1.0,3.1278613038877847e-13,3.1278613038877847e-13,stoichiometric,Chromite,2.152027027027027,1.6594911984683595e-09,2.152027027027027,6.73124206275851e-13,0.13754474097331237,0.13754473931382116,0.81,4.4924916751880883e-10,4.4924916751880883e-10
"Chromium, ion","('ecoinvent-3.4-biosphere', 'd98f0ec0-bf19-4c90-a457-a8593dec497f')",Cr,7.71129348110886e-10,7.71129348110886e-10,1.0,3.1278613038877847e-13,3.1278613038877847e-13,stoichiometric,Chromite,2.152027027027027,1.6594911984683595e-09,2.152027027027027,6.73124206275851e-13,0.13754474097331237,0.13754473931382116,0.81,4.4924916751880883e-10,4.4924916751880883e-10
"Chromium, ion","('ecoinvent-3.4-biosphere', '30f484ee-dec4-47ae-8e92-d00d4b93fe05')",Cr,7.71129348110886e-10,7.71129348110886e-10,1.0,3.1278613038877847e-13,3.1278613038877847e-13,stoichiometric,Chromite,2.152027027027027,1.6594911984683595e-09,2.152027027027027,6.73124206275851e-13,0.13754474097331237,0.13754473931382116,0.81,4.4924916751880883e-10,4.4924916751880883e-10
"Chromium, ion","('ecoinvent-3.4-biosphere', '1c87de06-e58f-4684-a54c-d29f1a251a87')",Cr,7.71129348110886e-10,7.71129348110886e-10,1.0,3.1278613038877847e-13,3.1278613038877847e-13,stoichiometric,Chromite,2.152027027027027,1.6594911984683595e-09,2.152027027027027,6.73124206275851e-13,0.13754474097331237,0.13754473931382116,0.81,4.4924916751880883e-10,4.4924916751880883e-10
"Chromium, ion","('ecoinvent-3.4-biosphere', 'e34d3da4-a3d5-41be-84b5-458afe32c990')",Cr,7.71129348110886e-10,7.71129348110886e-10,1.0,3.1278613038877847e-13,3.1278613038877847e-13,stoichiometric,Chromite,2.152027027027027,1.6594911984683595e-09,2.152027027027027,6.73124206275851e-13,0.13754474097331237,0.13754473931382116,0.81,4.4924916751880883e-10,4.4924916751880883e-10
Molybdenum,"('ecoinvent-3.4-biosphere', '442511cc-a98b-4242-9229-5736cb9a9399')",Mo,6.571315772771111e-10,6.571315772771111e-10,1.0,1.6532043483883647e-13,1.6532043483883647e-13,stoichiometric,Molybdenite,1.6700000000000004,1.0974097340527758e-09,1.6700000000000004,2.7608512618085697e-13,0.0001796407185628742,0.00017963962115314015,0.9176761103880936,8.920371656510937e-05,8.920371656510937e-05
Molybdenum,"('ecoinvent-3.4-biosphere', '697e8ecf-bdbe-4857-92c9-e01960c91db7')",Mo,6.571315772771111e-10,6.571315772771111e-10,1.0,1.6532043483883647e-13,1.6532043483883647e-13,stoichiometric,Molybdenite,1.6700000000000004,1.0974097340527758e-09,1.6700000000000004,2.7608512618085697e-13,0.0001796407185628742,0.00017963962115314015,0.9176761103880936,8.920371656510937e-05,8.920371656510937e-05
Molybdenum,"('ecoinvent-3.4-biosphere', '9cf3a683-ed3d-40e9-b039-7653e4fc9e20')",Mo,6.571315772771111e-10,6.571315772771111e-10,1.0,1.6532043483883647e-13,1.6532043483883647e-13,stoichiometric,Molybdenite,1.6700000000000004,1.0974097340527758e-09,1.6700000000000004,2.7608512618085697e-13,0.0001796407185628742,0.00017963962115314015,0.9176761103880936,8.920371656510937e-05,8.920371656510937e-05
Molybdenum,"('ecoinvent-3.4-biosphere', '7d3f7498-3596-478a-9fa1-72201ef94082')",Mo,6.571315772771111e-10,6.571315772771111e-10,1.0,1.6532043483883647e-13,1.6532043483883647e-13,stoichiometric,Molybdenite,1.6700000000000004,1.0974097340527758e-09,1.6700000000000004,2.7608512618085697e-13,0.0001796407185628742,0.00017963962115314015,0.9176761103880936,8.920371656510937e-05,8.920371656510937e-05
Molybdenum,"('ecoinvent-3.4-biosphere', '5fa36ce3-aed0-443b-a09d-4cdf25b41995')",Mo,6.571315772771111e-10,6.571315772771111e-10,1.0,1.6532043483883647e-13,1.6532043483883647e-13,stoichiometric,Molybdenite,1.6700000000000004,1.0974097340527758e-09,1.6700000000000004,2.7608512618085697e-13,0.0001796407185628742,0.00017963962115314015,0.9176761103880936,8.920371656510937e-05,8.920371656510937e-05
Molybdenum,"('ecoinvent-3.4-biosphere', '35b4d818-1019-413b-b99d-d351d8a67ac4')",Mo,6.571315772771111e-10,6.571315772771111e-10,1.0,1.6532043483883647e-13,1.6532043483883647e-13,stoichiometric,Molybdenite,1.6700000000000004,1.0974097340527758e-09,1.6700000000000004,2.7608512618085697e-13,0.0001796407185628742,0.00017963962115314015,0.9176761103880936,8.920371656510937e-05,8.920371656510937e-05
Molybdenum,"('ecoinvent-3.4-biosphere', 'fdaaef05-0d10-4032-b2e7-85cae3c7bd5c')",Mo,6.571315772771111e-10,6.571315772771111e-10,1.0,1.6532043483883647e-13,1.6532043483883647e-13,stoichiometric,Molybdenite,1.6700000000000004,1.0974097340527758e-09,1.6700000000000004,2.7608512618085697e-13,0.0001796407185628742,0.00017963962115314015,0.9176761103880936,8.920371656510937e-05,8.920371656510937e-05
Molybdenum,"('ecoinvent-3.4-biosphere', '640e30d2-3158-4a1a-82ef-fd0c72922c9a')",Mo,6.571315772771111e-10,6.571315772771111e-10,1.0,1.6532043483883647e-13,1.6532043483883647e-13,stoichiometric,Molybdenite,1.6700000000000004,1.0974097340527758e-09,1.6700000000000004,2.7608512618085697e-13,0.0001796407185628742,0.00017963962115314015,0.9176761103880936,8.920371656510937e-05,8.920371656510937e-05
Molybdenum,"('ecoinvent-3.4-biosphere', '163926e2-b4cc-42bb-ba7d-401028140985')",Mo,6.571315772771111e-10,6.571315772771111e-10,1.0,1.6532043483883647e-13,1.6532043483883647e-13,stoichiometric,Molybdenite,1.6700000000000004,1.0974097340527758e-09,1.6700000000000004,2.7608512618085697e-13,0.0001796407185628742,0.00017963962115314015,0.9176761103880936,8.920371656510937e-05,8.920371656510937e-05
Molybdenum,"('ecoinvent-3.4-biosphere', 'c126f8a0-6bc4-42e6-9220-d6ccfef3f2ed')",Mo,6.571315772771111e-10,6.571315772771111e-10,1.0,1.6532043483883647e-13,1.6532043483883647e-13,stoichiometric,Molybdenite,1.6700000000000004,1.0974097340527758e-09,1.6700000000000004,2.7608512618085697e-13,0.0001796407185628742,0.00017963962115314015,0.9176761103880936,8.920371656510937e-05,8.920371656510937e-05
Molybdenum,"('ecoinvent-3.4-biosphere', '1f3c2297-d652-468d-82e8-4fd59bf5b5b8')",Mo,6.571315772771111e-10,6.571315772771111e-10,1.0,1.6532043483883647e-13,1.6532043483883647e-13,stoichiometric,Molybdenite,1.6700000000000004,1.0974097340527758e-09,1.6700000000000004,2.7608512618085697e-13,0.0001796407185628742,0.00017963962115314015,0.9176761103880936,8.920371656510937e-05,8.920371656510937e-05
Molybdenum,"('ecoinvent-3.4-biosphere', '8b531ec0-ca7a-49cd-bef0-56f110112f34')",Mo,6.571315772771111e-10,6.571315772771111e-10,1.0,1.6532043483883647e-13,1.6532043483883647e-13,stoichiometric,Molybdenite,1.6700000000000004,1.0974097340527758e-09,1.6700000000000004,2.7608512618085697e-13,0.0001796407185628742,0.00017963962115314015,0.9176761103880936,8.920371656510937e-05,8.920371656510937e-05
Molybdenum,"('ecoinvent-3.4-biosphere', 'c26d4716-ce1e-43da-a662-cd9498b1e8bc')",Mo,6.571315772771111e-10,6.571315772771111e-10,1.0,1.6532043483883647e-13,1.6532043483883647e-13,stoichiometric,Molybdenite,1.6700000000000004,1.0974097340527758e-09,1.6700000000000004,2.7608512618085697e-13,0.0001796407185628742,0.00017963962115314015,0.9176761103880936,8.920371656510937e-05,8.920371656510937e-05
Molybdenum,"('ecoinvent-3.4-biosphere', '3822809c-cc03-469d-ac2a-9f85842f8440')",Mo,6.571315772771111e-10,6.571315772771111e-10,1.0,1.6532043483883647e-13,1.6532043483883647e-13,stoichiometric,Molybdenite,1.6700000000000004,1.0974097340527758e-09,1.6700000000000004,2.7608512618085697e-13,0.0001796407185628742,0.00017963962115314015,0.9176761103880936,8.920371656510937e-05,8.920371656510937e-05
"Iron, ion","('ecoinvent-3.4-biosphere', '7c335b9c-a403-47a8-bb6d-2e7d3c3a230e')",Fe,5.76339455717126e-10,5.76339455717126e-10,1.0,9.645225823667623e-15,9.645225823667623e-15,stoichiometric,Hematite,1.0,5.76339455717126e-10,1.0,9.645225823667623e-15,0.73,0.7299999994236606,0.95,1.6786230903540691e-09,1.6786230903540691e-09
"Iron, ion","('ecoinvent-3.4-biosphere', '9b6d6f07-ebc6-447d-a3c0-f2017d77d852')",Fe,5.76339455717126e-10,5.76339455717126e-10,1.0,9.645225823667623e-15,9.645225823667623e-15,stoichiometric,Hematite,1.0,5.76339455717126e-10,1.0,9.645225823667623e-15,0.73,0.7299999994236606,0.95,1.6786230903540691e-09,1.6786230903540691e-09
"Iron, ion","('ecoinvent-3.4-biosphere', '2c9a7182-37c8-4777-a37a-9a007c3edb2f')",Fe,5.76339455717126e-10,5.76339455717126e-10,1.0,9.645225823667623e-15,9.645225823667623e-15,stoichiometric,Hematite,1.0,5.76339455717126e-10,1.0,9.645225823667623e-15,0.73,0.7299999994236606,0.95,1.6786230903540691e-09,1.6786230903540691e-09
"Iron, ion","('ecoinvent-3.4-biosphere', 'de444dc0-5964-4501-8367-50ba53bfc6b9')",Fe,5.76339455717126e-10,5.76339455717126e-10,1.0,9.645225823667623e-15,9.645225823667623e-15,stoichiometric,Hematite,1.0,5.76339455717126e-10,1.0,9.645225823667623e-15,0.73,0.7299999994236606,0.95,1.6786230903540691e-09,1.6786230903540691e-09
"Iron, ion","('ecoinvent-3.4-biosphere', '33fd8342-58e7-45c9-ad92-0951c002c403')",Fe,5.76339455717126e-10,5.76339455717126e-10,1.0,9.645225823667623e-15,9.645225823667623e-15,stoichiometric,Hematite,1.0,5.76339455717126e-10,1.0,9.645225823667623e-15,0.73,0.7299999994236606,0.95,1.6786230903540691e-09,1.6786230903540691e-09
Nickel,"('ecoinvent-3.4-biosphere', 'a72a45ee-395a-4d25-b893-9d183e43e76e')",Ni,5.722096308184417e-10,5.722096308184417e-10,1.0,9.066741688482605e-14,9.066741688482605e-14,stoichiometric,Pentlandite(sulphides) / Garnierite(laterites),2.9342028985507245,1.6789791573261115e-09,2.9342028985507245,2.660365974275635e-13,0.00509049773755656,0.005090496058577403,0.0803628113054402,2.03275273548171e-07,2.03275273548171e-07
Nickel,"('ecoinvent-3.4-biosphere', 'e43a270f-4f88-4789-a0b8-7aba56677743')",Ni,5.722096308184417e-10,5.722096308184417e-10,1.0,9.066741688482605e-14,9.066741688482605e-14,stoichiometric,Pentlandite(sulphides) / Garnierite(laterites),2.9342028985507245,1.6789791573261115e-09,2.9342028985507245,2.660365974275635e-13,0.00509049773755656,0.005090496058577403,0.0803628113054402,2.03275273548171e-07,2.03275273548171e-07
Nickel,"('ecoinvent-3.4-biosphere', 'c89873de-cd23-4323-a948-f5cfeebd2fc9')",Ni,5.722096308184417e-10,5.722096308184417e-10,1.0,9.066741688482605e-14,9.066741688482605e-14,stoichiometric,Pentlandite(sulphides) / Garnierite(laterites),2.9342028985507245,1.6789791573261115e-09,2.9342028985507245,2.660365974275635e-13,0.00509049773755656,0.005090496058577403,0.0803628113054402,2.03275273548171e-07,2.03275273548171e-07
Nickel,"('ecoinvent-3.4-biosphere', '5de1943f-b011-45a0-97d4-ed15eea6a382')",Ni,5.722096308184417e-10,5.722096308184417e-10,1.0,9.066741688482605e-14,9.066741688482605e-14,stoichiometric,Pentlandite(sulphides) / Garnierite(laterites),2.9342028985507245,1.6789791573261115e-09,2.9342028985507245,2.660365974275635e-13,0.00509049773755656,0.005090496058577403,0.0803628113054402,2.03275273548171e-07,2.03275273548171e-07
Nickel,"('ecoinvent-3.4-biosphere', 'b4580545-243d-48d2-a3a0-2633a4f46fb1')",Ni,5.722096308184417e-10,5.722096308184417e-10,1.0,9.066741688482605e-14,9.066741688482605e-14,stoichiometric,Pentlandite(sulphides) / Garnierite(laterites),2.9342028985507245,1.6789791573261115e-09,2.9342028985507245,2.660365974275635e-13,0.00509049773755656,0.005090496058577403,0.0803628113054402,2.03275273548171e-07,2.03275273548171e-07
Nickel,"('ecoinvent-3.4-biosphere', 'a5506f4b-113f-4713-95c3-c819dde6e48b')",Ni,5.722096308184417e-10,5.722096308184417e-10,1.0,9.066741688482605e-14,9.066741688482605e-14,stoichiometric,Pentlandite(sulphides) / Garnierite(laterites),2.9342028985507245,1.6789791573261115e-09,2.9342028985507245,2.660365974275635e-13,0.00509049773755656,0.005090496058577403,0.0803628113054402,2.03275273548171e-07,2.03275273548171e-07
Nickel,"('ecoinvent-3.4-biosphere', 'e8fc62ba-678e-4706-97d2-b79d83e227d5')",Ni,5.722096308184417e-10,5.722096308184417e-10,1.0,9.066741688482605e-14,9.066741688482605e-14,stoichiometric,Pentlandite(sulphides) / Garnierite(laterites),2.9342028985507245,1.6789791573261115e-09,2.9342028985507245,2.660365974275635e-13,0.00509049773755656,0.005090496058577403,0.0803628113054402,2.03275273548171e-07,2.03275273548171e-07
Nickel,"('ecoinvent-3.4-biosphere', '2bcad3b3-5305-481c-a166-ad5e6eac2675')",Ni,5.722096308184417e-10,5.722096308184417e-10,1.0,9.066741688482605e-14,9.066741688482605e-14,stoichiometric,Pentlandite(sulphides) / Garnierite(laterites),2.9342028985507245,1.6789791573261115e-09,2.9342028985507245,2.660365974275635e-13,0.00509049773755656,0.005090496058577403,0.0803628113054402,2.03275273548171e-07,2.03275273548171e-07
Nickel,"('ecoinvent-3.4-biosphere', '0545c382-2312-43b6-9ec3-63dbb1438565')",Ni,5.722096308184417e-10,5.722096308184417e-10,1.0,9.066741688482605e-14,9.066741688482605e-14,stoichiometric,Pentlandite(sulphides) / Garnierite(laterites),2.9342028985507245,1.6789791573261115e-09,2.9342028985507245,2.660365974275635e-13,0.00509049773755656,0.005090496058577403,0.0803628113054402,2.03275273548171e-07,2.03275273548171e-07
Nickel,"('ecoinvent-3.4-biosphere', '56815b4f-6138-4e0b-9fac-c94fd6b102b3')",Ni,5.722096308184417e-10,5.722096308184417e-10,1.0,9.066741688482605e-14,9.066741688482605e-14,stoichiometric,Pentlandite(sulphides) / Garnierite(laterites),2.9342028985507245,1.6789791573261115e-09,2.9342028985507245,2.660365974275635e-13,0.00509049773755656,0.005090496058577403,0.0803628113054402,2.03275273548171e-07,2.03275273548171e-07
"Silver, ion","('ecoinvent-3.4-biosphere', '6aa8673f-f7e3-4270-93dc-e97b745fced7')",Ag,5.511391213993538e-10,5.511391213993538e-10,1.0,1.5701960660375504e-13,1.5701960660375504e-13,stoichiometric,Argentite,1.1478494623655913,6.326247441868926e-10,1.1478494623655913,1.8023487102097688e-13,3.240843091334895e-06,3.240210466590708e-06,0.9,0.018841291702514664,0.018841291702514664
"Silver, ion","('ecoinvent-3.4-biosphere', '21c257b2-57ce-4a6e-b4bd-40f0f75f310f')",Ag,5.511391213993538e-10,5.511391213993538e-10,1.0,1.5701960660375504e-13,1.5701960660375504e-13,stoichiometric,Argentite,1.1478494623655913,6.326247441868926e-10,1.1478494623655913,1.8023487102097688e-13,3.240843091334895e-06,3.240210466590708e-06,0.9,0.018841291702514664,0.018841291702514664
"Silver, ion","('ecoinvent-3.4-biosphere', 'af9793ba-25a1-4928-a14a-4bcf7d5bd3f7')",Ag,5.511391213993538e-10,5.511391213993538e-10,1.0,1.5701960660375504e-13,1.5701960660375504e-13,stoichiometric,Argentite,1.1478494623655913,6.326247441868926e-10,1.1478494623655913,1.8023487102097688e-13,3.240843091334895e-06,3.240210466590708e-06,0.9,0.018841291702514664,0.018841291702514664
"Silver, ion","('ecoinvent-3.4-biosphere', '94426df9-63b1-4dc6-ad1b-3509e22f1154')",Ag,5.511391213993538e-10,5.511391213993538e-10,1.0,1.5701960660375504e-13,1.5701960660375504e-13,stoichiometric,Argentite,1.1478494623655913,6.326247441868926e-10,1.1478494623655913,1.8023487102097688e-13,3.240843091334895e-06,3.240210466590708e-06,0.9,0.018841291702514664,0.018841291702514664
"Silver, ion","('ecoinvent-3.4-biosphere', '71cfe87c-ab80-421e-adba-afb7d5bd0861')",Ag,5.511391213993538e-10,5.511391213993538e-10,1.0,1.5701960660375504e-13,1.5701960660375504e-13,stoichiometric,Argentite,1.1478494623655913,6.326247441868926e-10,1.1478494623655913,1.8023487102097688e-13,3.240843091334895e-06,3.240210466590708e-06,0.9,0.018841291702514664,0.018841291702514664
Lead,"('ecoinvent-3.4-biosphere', '6a903634-c97f-4c49-a7c0-88f0e6ac7a23')",Pb,4.724927322763017e-10,4.724927322763017e-10,1.0,1.1855254708054448e-13,1.1855254708054448e-13,stoichiometric,Galena,1.1560975609756097,5.462476953633341e-10,1.1560975609756097,1.370583105272636e-13,0.017732067510548524,0.017732066964300828,0.635111259945265,6.9520561977717794e-09,6.9520561977717794e-09
Lead,"('ecoinvent-3.4-biosphere', 'fe4613d7-1ed8-427d-9b06-c8e8f4f5e1b1')",Pb,4.724927322763017e-10,4.724927322763017e-10,1.0,1.1855254708054448e-13,1.1855254708054448e-13,stoichiometric,Galena,1.1560975609756097,5.462476953633341e-10,1.1560975609756097,1.370583105272636e-13,0.017732067510548524,0.017732066964300828,0.635111259945265,6.9520561977717794e-09,6.9520561977717794e-09
Lead,"('ecoinvent-3.4-biosphere', '67652827-017f-4856-8d0a-c97bac4c6562')",Pb,4.724927322763017e-10,4.724927322763017e-10,1.0,1.1855254708054448e-13,1.1855254708054448e-13,stoichiometric,Galena,1.1560975609756097,5.462476953633341e-10,1.1560975609756097,1.370583105272636e-13,0.017732067510548524,0.017732066964300828,0.635111259945265,6.9520561977717794e-09,6.9520561977717794e-09
Lead,"('ecoinvent-3.4-biosphere', 'c864aa15-0abc-41ad-9889-348106e485d8')",Pb,4.724927322763017e-10,4.724927322763017e-10,1.0,1.1855254708054448e-13,1.1855254708054448e-13,stoichiometric,Galena,1.1560975609756097,5.462476953633341e-10,1.1560975609756097,1.370583105272636e-13,0.017732067510548524,0.017732066964300828,0.635111259945265,6.9520561977717794e-09,6.9520561977717794e-09
Lead,"('ecoinvent-3.4-biosphere', 'e9e856c2-868e-435e-8425-8df1c9297cfc')",Pb,4.724927322763017e-10,4.724927322763017e-10,1.0,1.1855254708054448e-13,1.1855254708054448e-13,stoichiometric,Galena,1.1560975609756097,5.462476953633341e-10,1.1560975609756097,1.370583105272636e-13,0.017732067510548524,0.017732066964300828,0.635111259945265,6.9520561977717794e-09,6.9520561977717794e-09
Lead,"('ecoinvent-3.4-biosphere', '739234c8-5359-48b4-983f-9cb170d68c8d')",Pb,4.724927322763017e-10,4.724927322763017e-10,1.0,1.1855254708054448e-13,1.1855254708054448e-13,stoichiometric,Galena,1.1560975609756097,5.462476953633341e-10,1.1560975609756097,1.370583105272636e-13,0.017732067510548524,0.017732066964300828,0.635111259945265,6.9520561977717794e-09,6.9520561977717794e-09
Lead,"('ecoinvent-3.4-biosphere', '31c4d160-b21e-41b3-b9c1-3d7a72377653')",Pb,4.724927322763017e-10,4.724927322763017e-10,1.0,1.1855254708054448e-13,1.1855254708054448e-13,stoichiometric,Galena,1.1560975609756097,5.462476953633341e-10,1.1560975609756097,1.370583105272636e-13,0.017732067510548524,0.017732066964300828,0.635111259945265,6.9520561977717794e-09,6.9520561977717794e-09
Lead,"('ecoinvent-3.4-biosphere', '0ff15165-d761-48c9-9814-2d1dcdd56857')",Pb,4.724927322763017e-10,4.724927322763017e-10,1.0,1.1855254708054448e-13,1.1855254708054448e-13,stoichiometric,Galena,1.1560975609756097,5.462476953633341e-10,1.1560975609756097,1.370583105272636e-13,0.017732067510548524,0.017732066964300828,0.635111259945265,6.9520561977717794e-09,6.9520561977717794e-09
Lead,"('ecoinvent-3.4-biosphere', 'b3ebdcc3-c588-4997-95d2-9785b26b34e1')",Pb,4.724927322763017e-10,4.724927322763017e-10,1.0,1.1855254708054448e-13,1.1855254708054448e-13,stoichiometric,Galena,1.1560975609756097,5.462476953633341e-10,1.1560975609756097,1.370583105272636e-13,0.017732067510548524,0.017732066964300828,0.635111259945265,6.9520561977717794e-09,6.9520561977717794e-09
Lead,"('ecoinvent-3.4-biosphere', '8e123669-94d3-41d8-9480-a79211fe7c43')",Pb,4.724927322763017e-10,4.724927322763017e-10,1.0,1.1855254708054448e-13,1.1855254708054448e-13,stoichiometric,Galena,1.1560975609756097,5.462476953633341e-10,1.1560975609756097,1.370583105272636e-13,0.017732067510548524,0.017732066964300828,0.635111259945265,6.9520561977717794e-09,6.9520561977717794e-09
Lead,"('ecoinvent-3.4-biosphere', '9ee7f4ab-b826-47ae-8623-e138f944b42e')",Pb,4.724927322763017e-10,4.724927322763017e-10,1.0,1.1855254708054448e-13,1.1855254708054448e-13,stoichiometric,Galena,1.1560975609756097,5.462476953633341e-10,1.1560975609756097,1.370583105272636e-13,0.017732067510548524,0.017732066964300828,0.635111259945265,6.9520561977717794e-09,6.9520561977717794e-09
Lead,"('ecoinvent-3.4-biosphere', '2718482b-8399-442e-b89a-52fbcc22d2e6')",Pb,4.724927322763017e-10,4.724927322763017e-10,1.0,1.1855254708054448e-13,1.1855254708054448e-13,stoichiometric,Galena,1.1560975609756097,5.462476953633341e-10,1.1560975609756097,1.370583105272636e-13,0.017732067510548524,0.017732066964300828,0.635111259945265,6.9520561977717794e-09,6.9520561977717794e-09
Lead,"('ecoinvent-3.4-biosphere', '837083ce-41cd-49f3-a849-d79564dac238')",Pb,4.724927322763017e-10,4.724927322763017e-10,1.0,1.1855254708054448e-13,1.1855254708054448e-13,stoichiometric,Galena,1.1560975609756097,5.462476953633341e-10,1.1560975609756097,1.370583105272636e-13,0.017732067510548524,0.017732066964300828,0.635111259945265,6.9520561977717794e-09,6.9520561977717794e-09
Lead,"('ecoinvent-3.4-biosphere', '4010918f-7fd0-4925-8fbb-8fd7a44a806c')",Pb,4.724927322763017e-10,4.724927322763017e-10,1.0,1.1855254708054448e-13,1.1855254708054448e-13,stoichiometric,Galena,1.1560975609756097,5.462476953633341e-10,1.1560975609756097,1.370583105272636e-13,0.017732067510548524,0.017732066964300828,0.635111259945265,6.9520561977717794e-09,6.9520561977717794e-09
Uranium,"('ecoinvent-3.4-biosphere', '55fb6174-72e0-4a5e-9eb5-8d5780acffd1')",U,4.4875150638663606e-10,4.4875150638663606e-10,1.0,9.154438878304105e-12,9.154438878304105e-12,stoichiometric,Uraninite,0.954954954954955,4.285374745674182e-10,0.954954954954955,8.742076766668785e-12,0.0034870754716981134,0.0034870750431606388,0.75,3.938840236198408e-06,3.938840236198408e-06
Uranium,"('ecoinvent-3.4-biosphere', '2e518059-747c-4ff1-8da3-17134c547ac2')",U,4.4875150638663606e-10,4.4875150638663606e-10,1.0,9.154438878304105e-12,9.154438878304105e-12,stoichiometric,Uraninite,0.954954954954955,4.285374745674182e-10,0.954954954954955,8.742076766668785e-12,0.0034870754716981134,0.0034870750431606388,0.75,3.938840236198408e-06,3.938840236198408e-06
Uranium,"('ecoinvent-3.4-biosphere', '595f08d9-6304-497e-bb7d-48b6d2d8bff3')",U,4.4875150638663606e-10,4.4875150638663606e-10,1.0,9.154438878304105e-12,9.154438878304105e-12,stoichiometric,Uraninite,0.954954954954955,4.285374745674182e-10,0.954954954954955,8.742076766668785e-12,0.0034870754716981134,0.0034870750431606388,0.75,3.938840236198408e-06,3.938840236198408e-06
Uranium,"('ecoinvent-3.4-biosphere', '52317c31-7bdc-47de-9c23-ecf55127de75')",U,4.4875150638663606e-10,4.4875150638663606e-10,1.0,9.154438878304105e-12,9.154438878304105e-12,stoichiometric,Uraninite,0.954954954954955,4.285374745674182e-10,0.954954954954955,8.742076766668785e-12,0.0034870754716981134,0.0034870750431606388,0.75,3.938840236198408e-06,3.938840236198408e-06
Uranium,"('ecoinvent-3.4-biosphere', '347de5bf-3551-4022-8371-258e830b5a09')",U,4.4875150638663606e-10,4.4875150638663606e-10,1.0,9.154438878304105e-12,9.154438878304105e-12,stoichiometric,Uraninite,0.954954954954955,4.285374745674182e-10,0.954954954954955,8.742076766668785e-12,0.0034870754716981134,0.0034870750431606388,0.75,3.938840236198408e-06,3.938840236198408e-06
Copper,"('ecoinvent-3.4-biosphere', '7e66a41c-d311-4949-bdd8-eef09cdcfa47')",Cu,4.446872001750454e-10,4.446872001750454e-10,1.0,1.231243333335009e-14,1.231243333335009e-14,stoichiometric,Chalcopyrite,2.8793103448275863,1.2803924556764239e-09,2.8793103448275863,3.545131666671491e-14,0.00201437125748503,0.002014369977092574,0.8086409056778144,3.4026400990514527e-06,3.4026400990514527e-06
Copper,"('ecoinvent-3.4-biosphere', 'e336eee7-148a-4d1c-8027-780cbfafa12b')",Cu,4.446872001750454e-10,4.446872001750454e-10,1.0,1.231243333335009e-14,1.231243333335009e-14,stoichiometric,Chalcopyrite,2.8793103448275863,1.2803924556764239e-09,2.8793103448275863,3.545131666671491e-14,0.00201437125748503,0.002014369977092574,0.8086409056778144,3.4026400990514527e-06,3.4026400990514527e-06
Copper,"('ecoinvent-3.4-biosphere', '44d3e792-7c9e-48ab-9de9-acfa2e097f26')",Cu,4.446872001750454e-10,4.446872001750454e-10,1.0,1.231243333335009e-14,1.231243333335009e-14,stoichiometric,Chalcopyrite,2.8793103448275863,1.2803924556764239e-09,2.8793103448275863,3.545131666671491e-14,0.00201437125748503,0.002014369977092574,0.8086409056778144,3.4026400990514527e-06,3.4026400990514527e-06
Copper,"('ecoinvent-3.4-biosphere', '88cde01c-df69-40bb-9b14-6eac71bea5b8')",Cu,4.446872001750454e-10,4.446872001750454e-10,1.0,1.231243333335009e-14,1.231243333335009e-14,stoichiometric,Chalcopyrite,2.8793103448275863,1.2803924556764239e-09,2.8793103448275863,3.545131666671491e-14,0.00201437125748503,0.002014369977092574,0.8086409056778144,3.4026400990514527e-06,3.4026400990514527e-06
Copper,"('ecoinvent-3.4-biosphere', 'ec8144d6-d123-43b1-9c17-a295422a0498')",Cu,4.446872001750454e-10,4.446872001750454e-10,1.0,1.231243333335009e-14,1.231243333335009e-14,stoichiometric,Chalcopyrite,2.8793103448275863,1.2803924556764239e-09,2.8793103448275863,3.545131666671491e-14,0.00201437125748503,0.002014369977092574,0.8086409056778144,3.4026400990514527e-06,3.4026400990514527e-06
Copper,"('ecoinvent-3.4-biosphere', 'fd153f15-1d16-410a-91fa-04d205e36c43')",Cu,4.446872001750454e-10,4.446872001750454e-10,1.0,1.231243333335009e-14,1.231243333335009e-14,stoichiometric,Chalcopyrite,2.8793103448275863,1.2803924556764239e-09,2.8793103448275863,3.545131666671491e-14,0.00201437125748503,0.002014369977092574,0.8086409056778144,3.4026400990514527e-06,3.4026400990514527e-06
Copper,"('ecoinvent-3.4-biosphere', '3573a5af-88f8-4f74-ade7-cd269cbc4e66')",Cu,4.446872001750454e-10,4.446872001750454e-10,1.0,1.231243333335009e-14,1.231243333335009e-14,stoichiometric,Chalcopyrite,2.8793103448275863,1.2803924556764239e-09,2.8793103448275863,3.545131666671491e-14,0.00201437125748503,0.002014369977092574,0.8086409056778144,3.4026400990514527e-06,3.4026400990514527e-06
Copper,"('ecoinvent-3.4-biosphere', '237ca6bc-2f0a-4416-a0e3-bd512f038f2e')",Cu,4.446872001750454e-10,4.446872001750454e-10,1.0,1.231243333335009e-14,1.231243333335009e-14,stoichiometric,Chalcopyrite,2.8793103448275863,1.2803924556764239e-09,2.8793103448275863,3.545131666671491e-14,0.00201437125748503,0.002014369977092574,0.8086409056778144,3.4026400990514527e-06,3.4026400990514527e-06
Copper,"('ecoinvent-3.4-biosphere', '0a5e8a67-f9ae-48b3-bfa7-e9d37c30a191')",Cu,4.446872001750454e-10,4.446872001750454e-10,1.0,1.231243333335009e-14,1.231243333335009e-14,stoichiometric,Chalcopyrite,2.8793103448275863,1.2803924556764239e-09,2.8793103448275863,3.545131666671491e-14,0.00201437125748503,0.002014369977092574,0.8086409056778144,3.4026400990514527e-06,3.4026400990514527e-06
Iron,"('ecoinvent-3.4-biosphere', 'e8bd2edd-f937-49f6-9e8b-9f445278775e')",Fe,4.428072265525809e-10,4.428072265525809e-10,1.0,9.645225823667623e-15,9.645225823667623e-15,stoichiometric,Hematite,1.0,4.428072265525809e-10,1.0,9.645225823667623e-15,0.73,0.7299999995571927,0.95,1.289702666049681e-09,1.289702666049681e-09
Iron,"('ecoinvent-3.4-biosphere', 'db364689-e1a3-4629-8835-e6c59d6daf09')",Fe,4.428072265525809e-10,4.428072265525809e-10,1.0,9.645225823667623e-15,9.645225823667623e-15,stoichiometric,Hematite,1.0,4.428072265525809e-10,1.0,9.645225823667623e-15,0.73,0.7299999995571927,0.95,1.289702666049681e-09,1.289702666049681e-09
Iron,"('ecoinvent-3.4-biosphere', 'ce567bdc-76ec-4ca0-be79-8bb796e448b3')",Fe,4.428072265525809e-10,4.428072265525809e-10,1.0,9.645225823667623e-15,9.645225823667623e-15,stoichiometric,Hematite,1.0,4.428072265525809e-10,1.0,9.645225823667623e-15,0.73,0.7299999995571927,0.95,1.289702666049681e-09,1.289702666049681e-09
Iron,"('ecoinvent-3.4-biosphere', '32cd0492-c0cb-4898-a2b1-675eedc5b688')",Fe,4.428072265525809e-10,4.428072265525809e-10,1.0,9.645225823667623e-15,9.645225823667623e-15,stoichiometric,Hematite,1.0,4.428072265525809e-10,1.0,9.645225823667623e-15,0.73,0.7299999995571927,0.95,1.289702666049681e-09,1.289702666049681e-09
Iron,"('ecoinvent-3.4-biosphere', '8dba66e2-0f2e-4038-84ef-1e40b4f573a6')",Fe,4.428072265525809e-10,4.428072265525809e-10,1.0,9.645225823667623e-15,9.645225823667623e-15,stoichiometric,Hematite,1.0,4.428072265525809e-10,1.0,9.645225823667623e-15,0.73,0.7299999995571927,0.95,1.289702666049681e-09,1.289702666049681e-09
Iron,"('ecoinvent-3.4-biosphere', 'c983ad54-12e9-47a5-b747-5e5c448e58e2')",Fe,4.428072265525809e-10,4.428072265525809e-10,1.0,9.645225823667623e-15,9.645225823667623e-15,stoichiometric,Hematite,1.0,4.428072265525809e-10,1.0,9.645225823667623e-15,0.73,0.7299999995571927,0.95,1.289702666049681e-09,1.289702666049681e-09
Iron,"('ecoinvent-3.4-biosphere', '76152de4-9499-48f7-af98-a5d41842484a')",Fe,4.428072265525809e-10,4.428072265525809e-10,1.0,9.645225823667623e-15,9.645225823667623e-15,stoichiometric,Hematite,1.0,4.428072265525809e-10,1.0,9.645225823667623e-15,0.73,0.7299999995571927,0.95,1.289702666049681e-09,1.289702666049681e-09
Iron,"('ecoinvent-3.4-biosphere', '98693cdf-d9fc-43ed-bfe6-78dfe5742d33')",Fe,4.428072265525809e-10,4.428072265525809e-10,1.0,9.645225823667623e-15,9.645225823667623e-15,stoichiometric,Hematite,1.0,4.428072265525809e-10,1.0,9.645225823667623e-15,0.73,0.7299999995571927,0.95,1.289702666049681e-09,1.289702666049681e-09
Iron,"('ecoinvent-3.4-biosphere', '0dc0bbb0-1141-4dff-b6a2-8bd5368e14af')",Fe,4.428072265525809e-10,4.428072265525809e-10,1.0,9.645225823667623e-15,9.645225823667623e-15,stoichiometric,Hematite,1.0,4.428072265525809e-10,1.0,9.645225823667623e-15,0.73,0.7299999995571927,0.95,1.289702666049681e-09,1.289702666049681e-09
Iron,"('ecoinvent-3.4-biosphere', 'e3043a7f-5347-4c7b-89ee-93f11b2f6d9b')",Fe,4.428072265525809e-10,4.428072265525809e-10,1.0,9.645225823667623e-15,9.645225823667623e-15,stoichiometric,Hematite,1.0,4.428072265525809e-10,1.0,9.645225823667623e-15,0.73,0.7299999995571927,0.95,1.289702666049681e-09,1.289702666049681e-09
"Zinc, ion","('ecoinvent-3.4-biosphere', '2195d86f-e4c8-4e86-9f18-b5b065b1df7e')",Zn,3.607409920892376e-10,3.607409920892376e-10,1.0,1.0836576745711442e-13,1.0836576745711442e-13,stoichiometric,Sphalerite,1.4901477832512315,5.375573896896275e-10,1.4901477832512315,1.614810081565375e-13,0.02724561983471074,0.02724561929715335,0.789865871833085,7.58797543647673e-09,7.58797543647673e-09
"Zinc, ion","('ecoinvent-3.4-biosphere', '2c7be02c-791f-4fef-b231-b90321bbeb30')",Zn,3.607409920892376e-10,3.607409920892376e-10,1.0,1.0836576745711442e-13,1.0836576745711442e-13,stoichiometric,Sphalerite,1.4901477832512315,5.375573896896275e-10,1.4901477832512315,1.614810081565375e-13,0.02724561983471074,0.02724561929715335,0.789865871833085,7.58797543647673e-09,7.58797543647673e-09
"Zinc, ion","('ecoinvent-3.4-biosphere', '7e769b3e-03fb-4b53-be15-85a910dcfea9')",Zn,3.607409920892376e-10,3.607409920892376e-10,1.0,1.0836576745711442e-13,1.0836576745711442e-13,stoichiometric,Sphalerite,1.4901477832512315,5.375573896896275e-10,1.4901477832512315,1.614810081565375e-13,0.02724561983471074,0.02724561929715335,0.789865871833085,7.58797543647673e-09,7.58797543647673e-09
"Zinc, ion","('ecoinvent-3.4-biosphere', '541b633c-17a3-4047-bce6-0c0e4fdb7c10')",Zn,3.607409920892376e-10,3.607409920892376e-10,1.0,1.0836576745711442e-13,1.0836576745711442e-13,stoichiometric,Sphalerite,1.4901477832512315,5.375573896896275e-10,1.4901477832512315,1.614810081565375e-13,0.02724561983471074,0.02724561929715335,0.789865871833085,7.58797543647673e-09,7.58797543647673e-09
"Zinc, ion","('ecoinvent-3.4-biosphere', 'bdce3a7c-e008-4391-be26-285f71a02453')",Zn,3.607409920892376e-10,3.607409920892376e-10,1.0,1.0836576745711442e-13,1.0836576745711442e-13,stoichiometric,Sphalerite,1.4901477832512315,5.375573896896275e-10,1.4901477832512315,1.614810081565375e-13,0.02724561983471074,0.02724561929715335,0.789865871833085,7.58797543647673e-09,7.58797543647673e-09
Molybdenum,"('ecoinvent-3.4-biosphere', '442511cc-a98b-4242-9229-5736cb9a9399')",Mo,3.2568101268142466e-10,3.2568101268142466e-10,1.0,1.6532043483883647e-13,1.6532043483883647e-13,stoichiometric,Molybdenite,1.6700000000000004,5.438872911779793e-10,1.6700000000000004,2.7608512618085697e-13,0.0001796407185628742,0.000179640174675583,0.9176761103880936,4.421012887352888e-05,4.421012887352888e-05
Molybdenum,"('ecoinvent-3.4-biosphere', '697e8ecf-bdbe-4857-92c9-e01960c91db7')",Mo,3.2568101268142466e-10,3.2568101268142466e-10,1.0,1.6532043483883647e-13,1.6532043483883647e-13,stoichiometric,Molybdenite,1.6700000000000004,5.438872911779793e-10,1.6700000000000004,2.7608512618085697e-13,0.0001796407185628742,0.000179640174675583,0.9176761103880936,4.421012887352888e-05,4.421012887352888e-05
Molybdenum,"('ecoinvent-3.4-biosphere', '9cf3a683-ed3d-40e9-b039-7653e4fc9e20')",Mo,3.2568101268142466e-10,3.2568101268142466e-10,1.0,1.6532043483883647e-13,1.6532043483883647e-13,stoichiometric,Molybdenite,1.6700000000000004,5.438872911779793e-10,1.6700000000000004,2.7608512618085697e-13,0.0001796407185628742,0.000179640174675583,0.9176761103880936,4.421012887352888e-05,4.421012887352888e-05
Molybdenum,"('ecoinvent-3.4-biosphere', '7d3f7498-3596-478a-9fa1-72201ef94082')",Mo,3.2568101268142466e-10,3.2568101268142466e-10,1.0,1.6532043483883647e-13,1.6532043483883647e-13,stoichiometric,Molybdenite,1.6700000000000004,5.438872911779793e-10,1.6700000000000004,2.7608512618085697e-13,0.0001796407185628742,0.000179640174675583,0.9176761103880936,4.421012887352888e-05,4.421012887352888e-05
Molybdenum,"('ecoinvent-3.4-biosphere', '5fa36ce3-aed0-443b-a09d-4cdf25b41995')",Mo,3.2568101268142466e-10,3.2568101268142466e-10,1.0,1.6532043483883647e-13,1.6532043483883647e-13,stoichiometric,Molybdenite,1.6700000000000004,5.438872911779793e-10,1.6700000000000004,2.7608512618085697e-13,0.0001796407185628742,0.000179640174675583,0.9176761103880936,4.421012887352888e-05,4.421012887352888e-05
Molybdenum,"('ecoinvent-3.4-biosphere', '35b4d818-1019-413b-b99d-d351d8a67ac4')",Mo,3.2568101268142466e-10,3.2568101268142466e-10,1.0,1.6532043483883647e-13,1.6532043483883647e-13,stoichiometric,Molybdenite,1.6700000000000004,5.438872911779793e-10,1.6700000000000004,2.7608512618085697e-13,0.0001796407185628742,0.000179640174675583,0.9176761103880936,4.421012887352888e-05,4.421012887352888e-05
Molybdenum,"('ecoinvent-3.4-biosphere', 'fdaaef05-0d10-4032-b2e7-85cae3c7bd5c')",Mo,3.2568101268142466e-10,3.2568101268142466e-10,1.0,1.6532043483883647e-13,1.6532043483883647e-13,stoichiometric,Molybdenite,1.6700000000000004,5.438872911779793e-10,1.6700000000000004,2.7608512618085697e-13,0.0001796407185628742,0.000179640174675583,0.9176761103880936,4.421012887352888e-05,4.421012887352888e-05
Molybdenum,"('ecoinvent-3.4-biosphere', '640e30d2-3158-4a1a-82ef-fd0c72922c9a')",Mo,3.2568101268142466e-10,3.2568101268142466e-10,1.0,1.6532043483883647e-13,1.6532043483883647e-13,stoichiometric,Molybdenite,1.6700000000000004,5.438872911779793e-10,1.6700000000000004,2.7608512618085697e-13,0.0001796407185628742,0.000179640174675583,0.9176761103880936,4.421012887352888e-05,4.421012887352888e-05
Molybdenum,"('ecoinvent-3.4-biosphere', '163926e2-b4cc-42bb-ba7d-401028140985')",Mo,3.2568101268142466e-10,3.2568101268142466e-10,1.0,1.6532043483883647e-13,1.6532043483883647e-13,stoichiometric,Molybdenite,1.6700000000000004,5.438872911779793e-10,1.6700000000000004,2.7608512618085697e-13,0.0001796407185628742,0.000179640174675583,0.9176761103880936,4.421012887352888e-05,4.421012887352888e-05
Molybdenum,"('ecoinvent-3.4-biosphere', 'c126f8a0-6bc4-42e6-9220-d6ccfef3f2ed')",Mo,3.2568101268142466e-10,3.2568101268142466e-10,1.0,1.6532043483883647e-13,1.6532043483883647e-13,stoichiometric,Molybdenite,1.6700000000000004,5.438872911779793e-10,1.6700000000000004,2.7608512618085697e-13,0.0001796407185628742,0.000179640174675583,0.9176761103880936,4.421012887352888e-05,4.421012887352888e-05
Molybdenum,"('ecoinvent-3.4-biosphere', '1f3c2297-d652-468d-82e8-4fd59bf5b5b8')",Mo,3.2568101268142466e-10,3.2568101268142466e-10,1.0,1.6532043483883647e-13,1.6532043483883647e-13,stoichiometric,Molybdenite,1.6700000000000004,5.438872911779793e-10,1.6700000000000004,2.7608512618085697e-13,0.0001796407185628742,0.000179640174675583,0.9176761103880936,4.421012887352888e-05,4.421012887352888e-05
Molybdenum,"('ecoinvent-3.4-biosphere', '8b531ec0-ca7a-49cd-bef0-56f110112f34')",Mo,3.2568101268142466e-10,3.2568101268142466e-10,1.0,1.6532043483883647e-13,1.6532043483883647e-13,stoichiometric,Molybdenite,1.6700000000000004,5.438872911779793e-10,1.6700000000000004,2.7608512618085697e-13,0.0001796407185628742,0.000179640174675583,0.9176761103880936,4.421012887352888e-05,4.421012887352888e-05
Molybdenum,"('ecoinvent-3.4-biosphere', 'c26d4716-ce1e-43da-a662-cd9498b1e8bc')",Mo,3.2568101268142466e-10,3.2568101268142466e-10,1.0,1.6532043483883647e-13,1.6532043483883647e-13,stoichiometric,Molybdenite,1.6700000000000004,5.438872911779793e-10,1.6700000000000004,2.7608512618085697e-13,0.0001796407185628742,0.000179640174675583,0.9176761103880936,4.421012887352888e-05,4.421012887352888e-05
Molybdenum,"('ecoinvent-3.4-biosphere', '3822809c-cc03-469d-ac2a-9f85842f8440')",Mo,3.2568101268142466e-10,3.2568101268142466e-10,1.0,1.6532043483883647e-13,1.6532043483883647e-13,stoichiometric,Molybdenite,1.6700000000000004,5.438872911779793e-10,1.6700000000000004,2.7608512618085697e-13,0.0001796407185628742,0.000179640174675583,0.9176761103880936,4.421012887352888e-05,4.421012887352888e-05
Lead,"('ecoinvent-3.4-biosphere', '6a903634-c97f-4c49-a7c0-88f0e6ac7a23')",Pb,3.051965358551261e-10,3.051965358551261e-10,1.0,1.1855254708054448e-13,1.1855254708054448e-13,stoichiometric,Galena,1.1560975609756097,3.5283697072031647e-10,1.1560975609756097,1.370583105272636e-13,0.017732067510548524,0.017732067157711553,0.635111259945265,4.4905313334819425e-09,4.4905313334819425e-09
Lead,"('ecoinvent-3.4-biosphere', 'fe4613d7-1ed8-427d-9b06-c8e8f4f5e1b1')",Pb,3.051965358551261e-10,3.051965358551261e-10,1.0,1.1855254708054448e-13,1.1855254708054448e-13,stoichiometric,Galena,1.1560975609756097,3.5283697072031647e-10,1.1560975609756097,1.370583105272636e-13,0.017732067510548524,0.017732067157711553,0.635111259945265,4.4905313334819425e-09,4.4905313334819425e-09
Lead,"('ecoinvent-3.4-biosphere', '67652827-017f-4856-8d0a-c97bac4c6562')",Pb,3.051965358551261e-10,3.051965358551261e-10,1.0,1.1855254708054448e-13,1.1855254708054448e-13,stoichiometric,Galena,1.1560975609756097,3.5283697072031647e-10,1.1560975609756097,1.370583105272636e-13,0.017732067510548524,0.017732067157711553,0.635111259945265,4.4905313334819425e-09,4.4905313334819425e-09
Lead,"('ecoinvent-3.4-biosphere', 'c864aa15-0abc-41ad-9889-348106e485d8')",Pb,3.051965358551261e-10,3.051965358551261e-10,1.0,1.1855254708054448e-13,1.1855254708054448e-13,stoichiometric,Galena,1.1560975609756097,3.5283697072031647e-10,1.1560975609756097,1.370583105272636e-13,0.017732067510548524,0.017732067157711553,0.635111259945265,4.4905313334819425e-09,4.4905313334819425e-09
Lead,"('ecoinvent-3.4-biosphere', 'e9e856c2-868e-435e-8425-8df1c9297cfc')",Pb,3.051965358551261e-10,3.051965358551261e-10,1.0,1.1855254708054448e-13,1.1855254708054448e-13,stoichiometric,Galena,1.1560975609756097,3.5283697072031647e-10,1.1560975609756097,1.370583105272636e-13,0.017732067510548524,0.017732067157711553,0.635111259945265,4.4905313334819425e-09,4.4905313334819425e-09
Lead,"('ecoinvent-3.4-biosphere', '739234c8-5359-48b4-983f-9cb170d68c8d')",Pb,3.051965358551261e-10,3.051965358551261e-10,1.0,1.1855254708054448e-13,1.1855254708054448e-13,stoichiometric,Galena,1.1560975609756097,3.5283697072031647e-10,1.1560975609756097,1.370583105272636e-13,0.017732067510548524,0.017732067157711553,0.635111259945265,4.4905313334819425e-09,4.4905313334819425e-09
Lead,"('ecoinvent-3.4-biosphere', '31c4d160-b21e-41b3-b9c1-3d7a72377653')",Pb,3.051965358551261e-10,3.051965358551261e-10,1.0,1.1855254708054448e-13,1.1855254708054448e-13,stoichiometric,Galena,1.1560975609756097,3.5283697072031647e-10,1.1560975609756097,1.370583105272636e-13,0.017732067510548524,0.017732067157711553,0.635111259945265,4.4905313334819425e-09,4.4905313334819425e-09
Lead,"('ecoinvent-3.4-biosphere', '0ff15165-d761-48c9-9814-2d1dcdd56857')",Pb,3.051965358551261e-10,3.051965358551261e-10,1.0,1.1855254708054448e-13,1.1855254708054448e-13,stoichiometric,Galena,1.1560975609756097,3.5283697072031647e-10,1.1560975609756097,1.370583105272636e-13,0.017732067510548524,0.017732067157711553,0.635111259945265,4.4905313334819425e-09,4.4905313334819425e-09
Lead,"('ecoinvent-3.4-biosphere', 'b3ebdcc3-c588-4997-95d2-9785b26b34e1')",Pb,3.051965358551261e-10,3.051965358551261e-10,1.0,1.1855254708054448e-13,1.1855254708054448e-13,stoichiometric,Galena,1.1560975609756097,3.5283697072031647e-10,1.1560975609756097,1.370583105272636e-13,0.017732067510548524,0.017732067157711553,0.635111259945265,4.4905313334819425e-09,4.4905313334819425e-09
Lead,"('ecoinvent-3.4-biosphere', '8e123669-94d3-41d8-9480-a79211fe7c43')",Pb,3.051965358551261e-10,3.051965358551261e-10,1.0,1.1855254708054448e-13,1.1855254708054448e-13,stoichiometric,Galena,1.1560975609756097,3.5283697072031647e-10,1.1560975609756097,1.370583105272636e-13,0.017732067510548524,0.017732067157711553,0.635111259945265,4.4905313334819425e-09,4.4905313334819425e-09
Lead,"('ecoinvent-3.4-biosphere', '9ee7f4ab-b826-47ae-8623-e138f944b42e')",Pb,3.051965358551261e-10,3.051965358551261e-10,1.0,1.1855254708054448e-13,1.1855254708054448e-13,stoichiometric,Galena,1.1560975609756097,3.5283697072031647e-10,1.1560975609756097,1.370583105272636e-13,0.017732067510548524,0.017732067157711553,0.635111259945265,4.4905313334819425e-09,4.4905313334819425e-09
Lead,"('ecoinvent-3.4-biosphere', '2718482b-8399-442e-b89a-52fbcc22d2e6')",Pb,3.051965358551261e-10,3.051965358551261e-10,1.0,1.1855254708054448e-13,1.1855254708054448e-13,stoichiometric,Galena,1.1560975609756097,3.5283697072031647e-10,1.1560975609756097,1.370583105272636e-13,0.017732067510548524,0.017732067157711553,0.635111259945265,4.4905313334819425e-09,4.4905313334819425e-09
Lead,"('ecoinvent-3.4-biosphere', '837083ce-41cd-49f3-a849-d79564dac238')",Pb,3.051965358551261e-10,3.051965358551261e-10,1.0,1.1855254708054448e-13,1.1855254708054448e-13,stoichiometric,Galena,1.1560975609756097,3.5283697072031647e-10,1.1560975609756097,1.370583105272636e-13,0.017732067510548524,0.017732067157711553,0.635111259945265,4.4905313334819425e-09,4.4905313334819425e-09
Lead,"('ecoinvent-3.4-biosphere', '4010918f-7fd0-4925-8fbb-8fd7a44a806c')",Pb,3.051965358551261e-10,3.051965358551261e-10,1.0,1.1855254708054448e-13,1.1855254708054448e-13,stoichiometric,Galena,1.1560975609756097,3.5283697072031647e-10,1.1560975609756097,1.370583105272636e-13,0.017732067510548524,0.017732067157711553,0.635111259945265,4.4905313334819425e-09,4.4905313334819425e-09
Lead,"('ecoinvent-3.4-biosphere', '6a903634-c97f-4c49-a7c0-88f0e6ac7a23')",Pb,2.8966767275999467e-10,2.8966767275999467e-10,1.0,1.1855254708054448e-13,1.1855254708054448e-13,stoichiometric,Galena,1.1560975609756097,3.348840899713109e-10,1.1560975609756097,1.370583105272636e-13,0.017732067510548524,0.017732067175664435,0.635111259945265,4.262046378126074e-09,4.262046378126074e-09
Lead,"('ecoinvent-3.4-biosphere', 'fe4613d7-1ed8-427d-9b06-c8e8f4f5e1b1')",Pb,2.8966767275999467e-10,2.8966767275999467e-10,1.0,1.1855254708054448e-13,1.1855254708054448e-13,stoichiometric,Galena,1.1560975609756097,3.348840899713109e-10,1.1560975609756097,1.370583105272636e-13,0.017732067510548524,0.017732067175664435,0.635111259945265,4.262046378126074e-09,4.262046378126074e-09
Lead,"('ecoinvent-3.4-biosphere', '67652827-017f-4856-8d0a-c97bac4c6562')",Pb,2.8966767275999467e-10,2.8966767275999467e-10,1.0,1.1855254708054448e-13,1.1855254708054448e-13,stoichiometric,Galena,1.1560975609756097,3.348840899713109e-10,1.1560975609756097,1.370583105272636e-13,0.017732067510548524,0.017732067175664435,0.635111259945265,4.262046378126074e-09,4.262046378126074e-09
Lead,"('ecoinvent-3.4-biosphere', 'c864aa15-0abc-41ad-9889-348106e485d8')",Pb,2.8966767275999467e-10,2.8966767275999467e-10,1.0,1.1855254708054448e-13,1.1855254708054448e-13,stoichiometric,Galena,1.1560975609756097,3.348840899713109e-10,1.1560975609756097,1.370583105272636e-13,0.017732067510548524,0.017732067175664435,0.635111259945265,4.262046378126074e-09,4.262046378126074e-09
Lead,"('ecoinvent-3.4-biosphere', 'e9e856c2-868e-435e-8425-8df1c9297cfc')",Pb,2.8966767275999467e-10,2.8966767275999467e-10,1.0,1.1855254708054448e-13,1.1855254708054448e-13,stoichiometric,Galena,1.1560975609756097,3.348840899713109e-10,1.1560975609756097,1.370583105272636e-13,0.017732067510548524,0.017732067175664435,0.635111259945265,4.262046378126074e-09,4.262046378126074e-09
Lead,"('ecoinvent-3.4-biosphere', '739234c8-5359-48b4-983f-9cb170d68c8d')",Pb,2.8966767275999467e-10,2.8966767275999467e-10,1.0,1.1855254708054448e-13,1.1855254708054448e-13,stoichiometric,Galena,1.1560975609756097,3.348840899713109e-10,1.1560975609756097,1.370583105272636e-13,0.017732067510548524,0.017732067175664435,0.635111259945265,4.262046378126074e-09,4.262046378126074e-09
Lead,"('ecoinvent-3.4-biosphere', '31c4d160-b21e-41b3-b9c1-3d7a72377653')",Pb,2.8966767275999467e-10,2.8966767275999467e-10,1.0,1.1855254708054448e-13,1.1855254708054448e-13,stoichiometric,Galena,1.1560975609756097,3.348840899713109e-10,1.1560975609756097,1.370583105272636e-13,0.017732067510548524,0.017732067175664435,0.635111259945265,4.262046378126074e-09,4.262046378126074e-09
Lead,"('ecoinvent-3.4-biosphere', '0ff15165-d761-48c9-9814-2d1dcdd56857')",Pb,2.8966767275999467e-10,2.8966767275999467e-10,1.0,1.1855254708054448e-13,1.1855254708054448e-13,stoichiometric,Galena,1.1560975609756097,3.348840899713109e-10,1.1560975609756097,1.370583105272636e-13,0.017732067510548524,0.017732067175664435,0.635111259945265,4.262046378126074e-09,4.262046378126074e-09
Lead,"('ecoinvent-3.4-biosphere', 'b3ebdcc3-c588-4997-95d2-9785b26b34e1')",Pb,2.8966767275999467e-10,2.8966767275999467e-10,1.0,1.1855254708054448e-13,1.1855254708054448e-13,stoichiometric,Galena,1.1560975609756097,3.348840899713109e-10,1.1560975609756097,1.370583105272636e-13,0.017732067510548524,0.017732067175664435,0.635111259945265,4.262046378126074e-09,4.262046378126074e-09
Lead,"('ecoinvent-3.4-biosphere', '8e123669-94d3-41d8-9480-a79211fe7c43')",Pb,2.8966767275999467e-10,2.8966767275999467e-10,1.0,1.1855254708054448e-13,1.1855254708054448e-13,stoichiometric,Galena,1.1560975609756097,3.348840899713109e-10,1.1560975609756097,1.370583105272636e-13,0.017732067510548524,0.017732067175664435,0.635111259945265,4.262046378126074e-09,4.262046378126074e-09
Lead,"('ecoinvent-3.4-biosphere', '9ee7f4ab-b826-47ae-8623-e138f944b42e')",Pb,2.8966767275999467e-10,2.8966767275999467e-10,1.0,1.1855254708054448e-13,1.1855254708054448e-13,stoichiometric,Galena,1.1560975609756097,3.348840899713109e-10,1.1560975609756097,1.370583105272636e-13,0.017732067510548524,0.017732067175664435,0.635111259945265,4.262046378126074e-09,4.262046378126074e-09
Lead,"('ecoinvent-3.4-biosphere', '2718482b-8399-442e-b89a-52fbcc22d2e6')",Pb,2.8966767275999467e-10,2.8966767275999467e-10,1.0,1.1855254708054448e-13,1.1855254708054448e-13,stoichiometric,Galena,1.1560975609756097,3.348840899713109e-10,1.1560975609756097,1.370583105272636e-13,0.017732067510548524,0.017732067175664435,0.635111259945265,4.262046378126074e-09,4.262046378126074e-09
Lead,"('ecoinvent-3.4-biosphere', '837083ce-41cd-49f3-a849-d79564dac238')",Pb,2.8966767275999467e-10,2.8966767275999467e-10,1.0,1.1855254708054448e-13,1.1855254708054448e-13,stoichiometric,Galena,1.1560975609756097,3.348840899713109e-10,1.1560975609756097,1.370583105272636e-13,0.017732067510548524,0.017732067175664435,0.635111259945265,4.262046378126074e-09,4.262046378126074e-09
Lead,"('ecoinvent-3.4-biosphere', '4010918f-7fd0-4925-8fbb-8fd7a44a806c')",Pb,2.8966767275999467e-10,2.8966767275999467e-10,1.0,1.1855254708054448e-13,1.1855254708054448e-13,stoichiometric,Galena,1.1560975609756097,3.348840899713109e-10,1.1560975609756097,1.370583105272636e-13,0.017732067510548524,0.017732067175664435,0.635111259945265,4.262046378126074e-09,4.262046378126074e-09
Manganese,"('ecoinvent-3.4-biosphere', '6b7fbea6-4a86-40f9-954d-3c9b3611abfd')",Mn,2.76328601312673e-10,2.76328601312673e-10,1.0,6.485008032108113e-14,6.485008032108113e-14,stoichiometric,Pyrolusite,1.5822784810126582,4.372287995453687e-10,1.5822784810126582,1.0261088658398912e-13,0.199712,0.1997119995627712,0.6709603911825677,2.53803249369342e-10,2.53803249369342e-10
Manganese,"('ecoinvent-3.4-biosphere', '44f28e11-061d-44fd-8f25-dc62a9f1fa57')",Mn,2.76328601312673e-10,2.76328601312673e-10,1.0,6.485008032108113e-14,6.485008032108113e-14,stoichiometric,Pyrolusite,1.5822784810126582,4.372287995453687e-10,1.5822784810126582,1.0261088658398912e-13,0.199712,0.1997119995627712,0.6709603911825677,2.53803249369342e-10,2.53803249369342e-10
Manganese,"('ecoinvent-3.4-biosphere', '9c706cff-cb82-4207-a589-95896e04dc08')",Mn,2.76328601312673e-10,2.76328601312673e-10,1.0,6.485008032108113e-14,6.485008032108113e-14,stoichiometric,Pyrolusite,1.5822784810126582,4.372287995453687e-10,1.5822784810126582,1.0261088658398912e-13,0.199712,0.1997119995627712,0.6709603911825677,2.53803249369342e-10,2.53803249369342e-10
Manganese,"('ecoinvent-3.4-biosphere', '9ba8c05d-1593-45a5-8d3b-5c4f3e9fef32')",Mn,2.76328601312673e-10,2.76328601312673e-10,1.0,6.485008032108113e-14,6.485008032108113e-14,stoichiometric,Pyrolusite,1.5822784810126582,4.372287995453687e-10,1.5822784810126582,1.0261088658398912e-13,0.199712,0.1997119995627712,0.6709603911825677,2.53803249369342e-10,2.53803249369342e-10
Manganese,"('ecoinvent-3.4-biosphere', '835d0907-a668-4d92-b6b6-7b56fa343713')",Mn,2.76328601312673e-10,2.76328601312673e-10,1.0,6.485008032108113e-14,6.485008032108113e-14,stoichiometric,Pyrolusite,1.5822784810126582,4.372287995453687e-10,1.5822784810126582,1.0261088658398912e-13,0.199712,0.1997119995627712,0.6709603911825677,2.53803249369342e-10,2.53803249369342e-10
Manganese,"('ecoinvent-3.4-biosphere', '2460f868-54a9-404c-bec8-c809a44ae72c')",Mn,2.76328601312673e-10,2.76328601312673e-10,1.0,6.485008032108113e-14,6.485008032108113e-14,stoichiometric,Pyrolusite,1.5822784810126582,4.372287995453687e-10,1.5822784810126582,1.0261088658398912e-13,0.199712,0.1997119995627712,0.6709603911825677,2.53803249369342e-10,2.53803249369342e-10
Manganese,"('ecoinvent-3.4-biosphere', '10cbd2f7-c41b-4bb4-b636-d8fc15cf0282')",Mn,2.76328601312673e-10,2.76328601312673e-10,1.0,6.485008032108113e-14,6.485008032108113e-14,stoichiometric,Pyrolusite,1.5822784810126582,4.372287995453687e-10,1.5822784810126582,1.0261088658398912e-13,0.199712,0.1997119995627712,0.6709603911825677,2.53803249369342e-10,2.53803249369342e-10
Manganese,"('ecoinvent-3.4-biosphere', '295060ba-3c3d-45e4-99ca-e17b1204b553')",Mn,2.76328601312673e-10,2.76328601312673e-10,1.0,6.485008032108113e-14,6.485008032108113e-14,stoichiometric,Pyrolusite,1.5822784810126582,4.372287995453687e-10,1.5822784810126582,1.0261088658398912e-13,0.199712,0.1997119995627712,0.6709603911825677,2.53803249369342e-10,2.53803249369342e-10
Manganese,"('ecoinvent-3.4-biosphere', 'b0546417-3064-4878-bd6f-2da75cefdf63')",Mn,2.76328601312673e-10,2.76328601312673e-10,1.0,6.485008032108113e-14,6.485008032108113e-14,stoichiometric,Pyrolusite,1.5822784810126582,4.372287995453687e-10,1.5822784810126582,1.0261088658398912e-13,0.199712,0.1997119995627712,0.6709603911825677,2.53803249369342e-10,2.53803249369342e-10
Manganese,"('ecoinvent-3.4-biosphere', 'c91fd4bf-ed70-4e2f-a34f-159773f981b6')",Mn,2.76328601312673e-10,2.76328601312673e-10,1.0,6.485008032108113e-14,6.485008032108113e-14,stoichiometric,Pyrolusite,1.5822784810126582,4.372287995453687e-10,1.5822784810126582,1.0261088658398912e-13,0.199712,0.1997119995627712,0.6709603911825677,2.53803249369342e-10,2.53803249369342e-10
Manganese,"('ecoinvent-3.4-biosphere', '0af26a55-d357-469f-abad-8ced785cb4fb')",Mn,2.76328601312673e-10,2.76328601312673e-10,1.0,6.485008032108113e-14,6.485008032108113e-14,stoichiometric,Pyrolusite,1.5822784810126582,4.372287995453687e-10,1.5822784810126582,1.0261088658398912e-13,0.199712,0.1997119995627712,0.6709603911825677,2.53803249369342e-10,2.53803249369342e-10
Manganese,"('ecoinvent-3.4-biosphere', '42053ffb-9284-49cb-88f9-33ac5c77be4a')",Mn,2.76328601312673e-10,2.76328601312673e-10,1.0,6.485008032108113e-14,6.485008032108113e-14,stoichiometric,Pyrolusite,1.5822784810126582,4.372287995453687e-10,1.5822784810126582,1.0261088658398912e-13,0.199712,0.1997119995627712,0.6709603911825677,2.53803249369342e-10,2.53803249369342e-10
Manganese,"('ecoinvent-3.4-biosphere', 'f532985c-90b7-46fc-aac9-b039b40e22f1')",Mn,2.76328601312673e-10,2.76328601312673e-10,1.0,6.485008032108113e-14,6.485008032108113e-14,stoichiometric,Pyrolusite,1.5822784810126582,4.372287995453687e-10,1.5822784810126582,1.0261088658398912e-13,0.199712,0.1997119995627712,0.6709603911825677,2.53803249369342e-10,2.53803249369342e-10
Manganese,"('ecoinvent-3.4-biosphere', '009a49e8-09a7-4432-9cb9-f2dd18e8f922')",Mn,2.76328601312673e-10,2.76328601312673e-10,1.0,6.485008032108113e-14,6.485008032108113e-14,stoichiometric,Pyrolusite,1.5822784810126582,4.372287995453687e-10,1.5822784810126582,1.0261088658398912e-13,0.199712,0.1997119995627712,0.6709603911825677,2.53803249369342e-10,2.53803249369342e-10
"Nickel, ion","('ecoinvent-3.4-biosphere', '9798359e-a3ee-4362-a038-23a188582c6e')",Ni,2.691474674802826e-10,2.691474674802826e-10,1.0,9.066741688482605e-14,9.066741688482605e-14,stoichiometric,Pentlandite(sulphides) / Garnierite(laterites),2.9342028985507245,7.89733279218232e-10,2.9342028985507245,2.660365974275635e-13,0.00509049773755656,0.005090496947823281,0.0803628113054402,9.561359467281535e-08,9.561359467281535e-08
"Nickel, ion","('ecoinvent-3.4-biosphere', '6ec6cdaa-5a01-46d4-b716-1905e56690ea')",Ni,2.691474674802826e-10,2.691474674802826e-10,1.0,9.066741688482605e-14,9.066741688482605e-14,stoichiometric,Pentlandite(sulphides) / Garnierite(laterites),2.9342028985507245,7.89733279218232e-10,2.9342028985507245,2.660365974275635e-13,0.00509049773755656,0.005090496947823281,0.0803628113054402,9.561359467281535e-08,9.561359467281535e-08
"Nickel, ion","('ecoinvent-3.4-biosphere', 'e030108f-2125-4bcb-a73b-ad72130fcca3')",Ni,2.691474674802826e-10,2.691474674802826e-10,1.0,9.066741688482605e-14,9.066741688482605e-14,stoichiometric,Pentlandite(sulphides) / Garnierite(laterites),2.9342028985507245,7.89733279218232e-10,2.9342028985507245,2.660365974275635e-13,0.00509049773755656,0.005090496947823281,0.0803628113054402,9.561359467281535e-08,9.561359467281535e-08
"Nickel, ion","('ecoinvent-3.4-biosphere', '9f69cb8e-51fe-447b-a1ac-4da74de8ebe4')",Ni,2.691474674802826e-10,2.691474674802826e-10,1.0,9.066741688482605e-14,9.066741688482605e-14,stoichiometric,Pentlandite(sulphides) / Garnierite(laterites),2.9342028985507245,7.89733279218232e-10,2.9342028985507245,2.660365974275635e-13,0.00509049773755656,0.005090496947823281,0.0803628113054402,9.561359467281535e-08,9.561359467281535e-08
"Nickel, ion","('ecoinvent-3.4-biosphere', '23cb10a4-6228-4ce4-9fb5-7043bc31faec')",Ni,2.691474674802826e-10,2.691474674802826e-10,1.0,9.066741688482605e-14,9.066741688482605e-14,stoichiometric,Pentlandite(sulphides) / Garnierite(laterites),2.9342028985507245,7.89733279218232e-10,2.9342028985507245,2.660365974275635e-13,0.00509049773755656,0.005090496947823281,0.0803628113054402,9.561359467281535e-08,9.561359467281535e-08
Iron,"('ecoinvent-3.4-biosphere', 'e8bd2edd-f937-49f6-9e8b-9f445278775e')",Fe,2.6393344276622396e-10,2.6393344276622396e-10,1.0,9.645225823667623e-15,9.645225823667623e-15,stoichiometric,Hematite,1.0,2.6393344276622396e-10,1.0,9.645225823667623e-15,0.73,0.7299999997360666,0.95,7.687219522611231e-10,7.687219522611231e-10
Iron,"('ecoinvent-3.4-biosphere', 'db364689-e1a3-4629-8835-e6c59d6daf09')",Fe,2.6393344276622396e-10,2.6393344276622396e-10,1.0,9.645225823667623e-15,9.645225823667623e-15,stoichiometric,Hematite,1.0,2.6393344276622396e-10,1.0,9.645225823667623e-15,0.73,0.7299999997360666,0.95,7.687219522611231e-10,7.687219522611231e-10
Iron,"('ecoinvent-3.4-biosphere', 'ce567bdc-76ec-4ca0-be79-8bb796e448b3')",Fe,2.6393344276622396e-10,2.6393344276622396e-10,1.0,9.645225823667623e-15,9.645225823667623e-15,stoichiometric,Hematite,1.0,2.6393344276622396e-10,1.0,9.645225823667623e-15,0.73,0.7299999997360666,0.95,7.687219522611231e-10,7.687219522611231e-10
Iron,"('ecoinvent-3.4-biosphere', '32cd0492-c0cb-4898-a2b1-675eedc5b688')",Fe,2.6393344276622396e-10,2.6393344276622396e-10,1.0,9.645225823667623e-15,9.645225823667623e-15,stoichiometric,Hematite,1.0,2.6393344276622396e-10,1.0,9.645225823667623e-15,0.73,0.7299999997360666,0.95,7.687219522611231e-10,7.687219522611231e-10
Iron,"('ecoinvent-3.4-biosphere', '8dba66e2-0f2e-4038-84ef-1e40b4f573a6')",Fe,2.6393344276622396e-10,2.6393344276622396e-10,1.0,9.645225823667623e-15,9.645225823667623e-15,stoichiometric,Hematite,1.0,2.6393344276622396e-10,1.0,9.645225823667623e-15,0.73,0.7299999997360666,0.95,7.687219522611231e-10,7.687219522611231e-10
Iron,"('ecoinvent-3.4-biosphere', 'c983ad54-12e9-47a5-b747-5e5c448e58e2')",Fe,2.6393344276622396e-10,2.6393344276622396e-10,1.0,9.645225823667623e-15,9.645225823667623e-15,stoichiometric,Hematite,1.0,2.6393344276622396e-10,1.0,9.645225823667623e-15,0.73,0.7299999997360666,0.95,7.687219522611231e-10,7.687219522611231e-10
Iron,"('ecoinvent-3.4-biosphere', '76152de4-9499-48f7-af98-a5d41842484a')",Fe,2.6393344276622396e-10,2.6393344276622396e-10,1.0,9.645225823667623e-15,9.645225823667623e-15,stoichiometric,Hematite,1.0,2.6393344276622396e-10,1.0,9.645225823667623e-15,0.73,0.7299999997360666,0.95,7.687219522611231e-10,7.687219522611231e-10
Iron,"('ecoinvent-3.4-biosphere', '98693cdf-d9fc-43ed-bfe6-78dfe5742d33')",Fe,2.6393344276622396e-10,2.6393344276622396e-10,1.0,9.645225823667623e-15,9.645225823667623e-15,stoichiometric,Hematite,1.0,2.6393344276622396e-10,1.0,9.645225823667623e-15,0.73,0.7299999997360666,0.95,7.687219522611231e-10,7.687219522611231e-10
Iron,"('ecoinvent-3.4-biosphere', '0dc0bbb0-1141-4dff-b6a2-8bd5368e14af')",Fe,2.6393344276622396e-10,2.6393344276622396e-10,1.0,9.645225823667623e-15,9.645225823667623e-15,stoichiometric,Hematite,1.0,2.6393344276622396e-10,1.0,9.645225823667623e-15,0.73,0.7299999997360666,0.95,7.687219522611231e-10,7.687219522611231e-10
Iron,"('ecoinvent-3.4-biosphere', 'e3043a7f-5347-4c7b-89ee-93f11b2f6d9b')",Fe,2.6393344276622396e-10,2.6393344276622396e-10,1.0,9.645225823667623e-15,9.645225823667623e-15,stoichiometric,Hematite,1.0,2.6393344276622396e-10,1.0,9.645225823667623e-15,0.73,0.7299999997360666,0.95,7.687219522611231e-10,7.687219522611231e-10
Zinc,"('ecoinvent-3.4-biosphere', 'b88999ec-84fd-462d-9dec-7e20a4636a58')",Zn,2.469477971383637e-10,2.469477971383637e-10,1.0,1.0836576745711442e-13,1.0836576745711442e-13,stoichiometric,Sphalerite,1.4901477832512315,3.6798871248450747e-10,1.4901477832512315,1.614810081565375e-13,0.02724561983471074,0.027245619466722028,0.789865871833085,5.194401870068812e-09,5.194401870068812e-09
Zinc,"('ecoinvent-3.4-biosphere', '748f22a9-eba4-4726-bef5-92c7442ce189')",Zn,2.469477971383637e-10,2.469477971383637e-10,1.0,1.0836576745711442e-13,1.0836576745711442e-13,stoichiometric,Sphalerite,1.4901477832512315,3.6798871248450747e-10,1.4901477832512315,1.614810081565375e-13,0.02724561983471074,0.027245619466722028,0.789865871833085,5.194401870068812e-09,5.194401870068812e-09
Zinc,"('ecoinvent-3.4-biosphere', '8f871bab-96dc-49d9-bf08-12cdd0715901')",Zn,2.469477971383637e-10,2.469477971383637e-10,1.0,1.0836576745711442e-13,1.0836576745711442e-13,stoichiometric,Sphalerite,1.4901477832512315,3.6798871248450747e-10,1.4901477832512315,1.614810081565375e-13,0.02724561983471074,0.027245619466722028,0.789865871833085,5.194401870068812e-09,5.194401870068812e-09
Zinc,"('ecoinvent-3.4-biosphere', '8d226423-1351-4366-b09f-d16c9e38683c')",Zn,2.469477971383637e-10,2.469477971383637e-10,1.0,1.0836576745711442e-13,1.0836576745711442e-13,stoichiometric,Sphalerite,1.4901477832512315,3.6798871248450747e-10,1.4901477832512315,1.614810081565375e-13,0.02724561983471074,0.027245619466722028,0.789865871833085,5.194401870068812e-09,5.194401870068812e-09
Zinc,"('ecoinvent-3.4-biosphere', '5ce378a0-b48d-471c-977d-79681521efde')",Zn,2.469477971383637e-10,2.469477971383637e-10,1.0,1.0836576745711442e-13,1.0836576745711442e-13,stoichiometric,Sphalerite,1.4901477832512315,3.6798871248450747e-10,1.4901477832512315,1.614810081565375e-13,0.02724561983471074,0.027245619466722028,0.789865871833085,5.194401870068812e-09,5.194401870068812e-09
Zinc,"('ecoinvent-3.4-biosphere', '84aa799e-9d98-4d34-85e0-516d28ab1be9')",Zn,2.469477971383637e-10,2.469477971383637e-10,1.0,1.0836576745711442e-13,1.0836576745711442e-13,stoichiometric,Sphalerite,1.4901477832512315,3.6798871248450747e-10,1.4901477832512315,1.614810081565375e-13,0.02724561983471074,0.027245619466722028,0.789865871833085,5.194401870068812e-09,5.194401870068812e-09
Zinc,"('ecoinvent-3.4-biosphere', '87a69874-34f9-4070-a525-aa301ab2634b')",Zn,2.469477971383637e-10,2.469477971383637e-10,1.0,1.0836576745711442e-13,1.0836576745711442e-13,stoichiometric,Sphalerite,1.4901477832512315,3.6798871248450747e-10,1.4901477832512315,1.614810081565375e-13,0.02724561983471074,0.027245619466722028,0.789865871833085,5.194401870068812e-09,5.194401870068812e-09
Zinc,"('ecoinvent-3.4-biosphere', '77887584-ddca-4920-952c-3609730e0c13')",Zn,2.469477971383637e-10,2.469477971383637e-10,1.0,1.0836576745711442e-13,1.0836576745711442e-13,stoichiometric,Sphalerite,1.4901477832512315,3.6798871248450747e-10,1.4901477832512315,1.614810081565375e-13,0.02724561983471074,0.027245619466722028,0.789865871833085,5.194401870068812e-09,5.194401870068812e-09
Zinc,"('ecoinvent-3.4-biosphere', 'ada3ecfe-8244-4389-bcce-e83ca4f66e09')",Zn,2.469477971383637e-10,2.469477971383637e-10,1.0,1.0836576745711442e-13,1.0836576745711442e-13,stoichiometric,Sphalerite,1.4901477832512315,3.6798871248450747e-10,1.4901477832512315,1.614810081565375e-13,0.02724561983471074,0.027245619466722028,0.789865871833085,5.194401870068812e-09,5.194401870068812e-09
Chromium VI,"('ecoinvent-3.4-biosphere', '81b3321a-c9d8-4104-a974-5460f1bc5029')",Cr,2.276092031062447e-10,2.276092031062447e-10,1.0,3.1278613038877847e-13,3.1278613038877847e-13,stoichiometric,Chromite,2.152027027027027,4.898211566847225e-10,2.152027027027027,6.73124206275851e-13,0.13754474097331237,0.13754474048349122,0.81,1.326019409001801e-10,1.326019409001801e-10
Chromium VI,"('ecoinvent-3.4-biosphere', '7a59e8d5-cd11-4ee7-b1ca-30979d2b0b3a')",Cr,2.276092031062447e-10,2.276092031062447e-10,1.0,3.1278613038877847e-13,3.1278613038877847e-13,stoichiometric,Chromite,2.152027027027027,4.898211566847225e-10,2.152027027027027,6.73124206275851e-13,0.13754474097331237,0.13754474048349122,0.81,1.326019409001801e-10,1.326019409001801e-10
Chromium VI,"('ecoinvent-3.4-biosphere', '81e17d9a-3e0b-414e-9b2e-eca7e5b3bd4a')",Cr,2.276092031062447e-10,2.276092031062447e-10,1.0,3.1278613038877847e-13,3.1278613038877847e-13,stoichiometric,Chromite,2.152027027027027,4.898211566847225e-10,2.152027027027027,6.73124206275851e-13,0.13754474097331237,0.13754474048349122,0.81,1.326019409001801e-10,1.326019409001801e-10
Chromium VI,"('ecoinvent-3.4-biosphere', '68ba2022-830e-45fb-8c85-b35e94754ae9')",Cr,2.276092031062447e-10,2.276092031062447e-10,1.0,3.1278613038877847e-13,3.1278613038877847e-13,stoichiometric,Chromite,2.152027027027027,4.898211566847225e-10,2.152027027027027,6.73124206275851e-13,0.13754474097331237,0.13754474048349122,0.81,1.326019409001801e-10,1.326019409001801e-10
Chromium VI,"('ecoinvent-3.4-biosphere', '8ec83662-7c2b-4452-8acf-95a0bb94233c')",Cr,2.276092031062447e-10,2.276092031062447e-10,1.0,3.1278613038877847e-13,3.1278613038877847e-13,stoichiometric,Chromite,2.152027027027027,4.898211566847225e-10,2.152027027027027,6.73124206275851e-13,0.13754474097331237,0.13754474048349122,0.81,1.326019409001801e-10,1.326019409001801e-10
Chromium VI,"('ecoinvent-3.4-biosphere', 'a9ec0c9b-982a-4329-99ae-dab1f9fb62d3')",Cr,2.276092031062447e-10,2.276092031062447e-10,1.0,3.1278613038877847e-13,3.1278613038877847e-13,stoichiometric,Chromite,2.152027027027027,4.898211566847225e-10,2.152027027027027,6.73124206275851e-13,0.13754474097331237,0.13754474048349122,0.81,1.326019409001801e-10,1.326019409001801e-10
Chromium VI,"('ecoinvent-3.4-biosphere', '8216fc31-15a1-4d33-858f-e09650b14c63')",Cr,2.276092031062447e-10,2.276092031062447e-10,1.0,3.1278613038877847e-13,3.1278613038877847e-13,stoichiometric,Chromite,2.152027027027027,4.898211566847225e-10,2.152027027027027,6.73124206275851e-13,0.13754474097331237,0.13754474048349122,0.81,1.326019409001801e-10,1.326019409001801e-10
Chromium VI,"('ecoinvent-3.4-biosphere', 'c2e854f9-fe22-4fe7-9083-cf6d0a8c7254')",Cr,2.276092031062447e-10,2.276092031062447e-10,1.0,3.1278613038877847e-13,3.1278613038877847e-13,stoichiometric,Chromite,2.152027027027027,4.898211566847225e-10,2.152027027027027,6.73124206275851e-13,0.13754474097331237,0.13754474048349122,0.81,1.326019409001801e-10,1.326019409001801e-10
Chromium VI,"('ecoinvent-3.4-biosphere', 'ef475b50-9cd0-4e7c-9c59-07868fe16e91')",Cr,2.276092031062447e-10,2.276092031062447e-10,1.0,3.1278613038877847e-13,3.1278613038877847e-13,stoichiometric,Chromite,2.152027027027027,4.898211566847225e-10,2.152027027027027,6.73124206275851e-13,0.13754474097331237,0.13754474048349122,0.81,1.326019409001801e-10,1.326019409001801e-10
Chromium VI,"('ecoinvent-3.4-biosphere', '03b279a7-4626-4703-a451-d0650599dbd9')",Cr,2.276092031062447e-10,2.276092031062447e-10,1.0,3.1278613038877847e-13,3.1278613038877847e-13,stoichiometric,Chromite,2.152027027027027,4.898211566847225e-10,2.152027027027027,6.73124206275851e-13,0.13754474097331237,0.13754474048349122,0.81,1.326019409001801e-10,1.326019409001801e-10
Chromium VI,"('ecoinvent-3.4-biosphere', '01285299-c683-4e15-b654-201987a7a738')",Cr,2.276092031062447e-10,2.276092031062447e-10,1.0,3.1278613038877847e-13,3.1278613038877847e-13,stoichiometric,Chromite,2.152027027027027,4.898211566847225e-10,2.152027027027027,6.73124206275851e-13,0.13754474097331237,0.13754474048349122,0.81,1.326019409001801e-10,1.326019409001801e-10
Chromium VI,"('ecoinvent-3.4-biosphere', 'abbd3b09-a7ec-435a-9d01-34cf8581739e')",Cr,2.276092031062447e-10,2.276092031062447e-10,1.0,3.1278613038877847e-13,3.1278613038877847e-13,stoichiometric,Chromite,2.152027027027027,4.898211566847225e-10,2.152027027027027,6.73124206275851e-13,0.13754474097331237,0.13754474048349122,0.81,1.326019409001801e-10,1.326019409001801e-10
Chromium VI,"('ecoinvent-3.4-biosphere', '9bbae55a-35de-4eff-a219-814a9fec5ac2')",Cr,2.276092031062447e-10,2.276092031062447e-10,1.0,3.1278613038877847e-13,3.1278613038877847e-13,stoichiometric,Chromite,2.152027027027027,4.898211566847225e-10,2.152027027027027,6.73124206275851e-13,0.13754474097331237,0.13754474048349122,0.81,1.326019409001801e-10,1.326019409001801e-10
Chromium VI,"('ecoinvent-3.4-biosphere', '58060894-19d9-4855-84d8-58935a5325f8')",Cr,2.276092031062447e-10,2.276092031062447e-10,1.0,3.1278613038877847e-13,3.1278613038877847e-13,stoichiometric,Chromite,2.152027027027027,4.898211566847225e-10,2.152027027027027,6.73124206275851e-13,0.13754474097331237,0.13754474048349122,0.81,1.326019409001801e-10,1.326019409001801e-10
Antimony,"('ecoinvent-3.4-biosphere', '43b29ad9-26dd-4838-b931-6216e55a0120')",Sb,2.1159797474297386e-10,2.1159797474297386e-10,1.0,2.1834077210692158e-11,2.1834077210692158e-11,stoichiometric,Stibnite,1.3941798941798942,2.950056420358392e-10,1.3941798941798942,3.0440631455118433e-11,0.02711271347248577,0.027112713177480128,0.9,3.64842611621401e-09,3.64842611621401e-09
Antimony,"('ecoinvent-3.4-biosphere', 'fa39136e-1ef6-43c1-af68-104da104568d')",Sb,2.1159797474297386e-10,2.1159797474297386e-10,1.0,2.1834077210692158e-11,2.1834077210692158e-11,stoichiometric,Stibnite,1.3941798941798942,2.950056420358392e-10,1.3941798941798942,3.0440631455118433e-11,0.02711271347248577,0.027112713177480128,0.9,3.64842611621401e-09,3.64842611621401e-09
Antimony,"('ecoinvent-3.4-biosphere', '2b2369a4-26bb-4b18-8479-752fdf7a5e7f')",Sb,2.1159797474297386e-10,2.1159797474297386e-10,1.0,2.1834077210692158e-11,2.1834077210692158e-11,stoichiometric,Stibnite,1.3941798941798942,2.950056420358392e-10,1.3941798941798942,3.0440631455118433e-11,0.02711271347248577,0.027112713177480128,0.9,3.64842611621401e-09,3.64842611621401e-09
Antimony,"('ecoinvent-3.4-biosphere', 'c49fb4cd-eed0-4438-9052-9612473cdbae')",Sb,2.1159797474297386e-10,2.1159797474297386e-10,1.0,2.1834077210692158e-11,2.1834077210692158e-11,stoichiometric,Stibnite,1.3941798941798942,2.950056420358392e-10,1.3941798941798942,3.0440631455118433e-11,0.02711271347248577,0.027112713177480128,0.9,3.64842611621401e-09,3.64842611621401e-09
Antimony,"('ecoinvent-3.4-biosphere', '5df5cb9f-812c-4ce8-ab1c-df6ab4d31900')",Sb,2.1159797474297386e-10,2.1159797474297386e-10,1.0,2.1834077210692158e-11,2.1834077210692158e-11,stoichiometric,Stibnite,1.3941798941798942,2.950056420358392e-10,1.3941798941798942,3.0440631455118433e-11,0.02711271347248577,0.027112713177480128,0.9,3.64842611621401e-09,3.64842611621401e-09
Antimony,"('ecoinvent-3.4-biosphere', 'b2dc8668-86de-4207-b20e-dc81dea63c98')",Sb,2.1159797474297386e-10,2.1159797474297386e-10,1.0,2.1834077210692158e-11,2.1834077210692158e-11,stoichiometric,Stibnite,1.3941798941798942,2.950056420358392e-10,1.3941798941798942,3.0440631455118433e-11,0.02711271347248577,0.027112713177480128,0.9,3.64842611621401e-09,3.64842611621401e-09
Antimony,"('ecoinvent-3.4-biosphere', 'f4cf8d5c-f030-4b55-a3af-e3c20b855ee8')",Sb,2.1159797474297386e-10,2.1159797474297386e-10,1.0,2.1834077210692158e-11,2.1834077210692158e-11,stoichiometric,Stibnite,1.3941798941798942,2.950056420358392e-10,1.3941798941798942,3.0440631455118433e-11,0.02711271347248577,0.027112713177480128,0.9,3.64842611621401e-09,3.64842611621401e-09
Antimony,"('ecoinvent-3.4-biosphere', '7805afa2-d93b-40bb-b841-325b98aec824')",Sb,2.1159797474297386e-10,2.1159797474297386e-10,1.0,2.1834077210692158e-11,2.1834077210692158e-11,stoichiometric,Stibnite,1.3941798941798942,2.950056420358392e-10,1.3941798941798942,3.0440631455118433e-11,0.02711271347248577,0.027112713177480128,0.9,3.64842611621401e-09,3.64842611621401e-09
Antimony,"('ecoinvent-3.4-biosphere', '183f9856-03ab-464d-9366-8ef62077b510')",Sb,2.1159797474297386e-10,2.1159797474297386e-10,1.0,2.1834077210692158e-11,2.1834077210692158e-11,stoichiometric,Stibnite,1.3941798941798942,2.950056420358392e-10,1.3941798941798942,3.0440631455118433e-11,0.02711271347248577,0.027112713177480128,0.9,3.64842611621401e-09,3.64842611621401e-09
Antimony,"('ecoinvent-3.4-biosphere', '83cf77ca-867b-4eef-b0f0-78d71b3d91d5')",Sb,2.1159797474297386e-10,2.1159797474297386e-10,1.0,2.1834077210692158e-11,2.1834077210692158e-11,stoichiometric,Stibnite,1.3941798941798942,2.950056420358392e-10,1.3941798941798942,3.0440631455118433e-11,0.02711271347248577,0.027112713177480128,0.9,3.64842611621401e-09,3.64842611621401e-09
Antimony,"('ecoinvent-3.4-biosphere', '34b96163-a3df-4bc1-8224-e2a9fe01b23f')",Sb,2.1159797474297386e-10,2.1159797474297386e-10,1.0,2.1834077210692158e-11,2.1834077210692158e-11,stoichiometric,Stibnite,1.3941798941798942,2.950056420358392e-10,1.3941798941798942,3.0440631455118433e-11,0.02711271347248577,0.027112713177480128,0.9,3.64842611621401e-09,3.64842611621401e-09
Antimony,"('ecoinvent-3.4-biosphere', '3ea5684a-6d64-4f96-8c09-1d90f997c9d4')",Sb,2.1159797474297386e-10,2.1159797474297386e-10,1.0,2.1834077210692158e-11,2.1834077210692158e-11,stoichiometric,Stibnite,1.3941798941798942,2.950056420358392e-10,1.3941798941798942,3.0440631455118433e-11,0.02711271347248577,0.027112713177480128,0.9,3.64842611621401e-09,3.64842611621401e-09
Antimony,"('ecoinvent-3.4-biosphere', '49803ad0-9ca2-4507-a5ea-f152d16c929d')",Sb,2.1159797474297386e-10,2.1159797474297386e-10,1.0,2.1834077210692158e-11,2.1834077210692158e-11,stoichiometric,Stibnite,1.3941798941798942,2.950056420358392e-10,1.3941798941798942,3.0440631455118433e-11,0.02711271347248577,0.027112713177480128,0.9,3.64842611621401e-09,3.64842611621401e-09
Antimony,"('ecoinvent-3.4-biosphere', '77927dac-dea3-429d-a434-d5a71d92c4f7')",Sb,2.1159797474297386e-10,2.1159797474297386e-10,1.0,2.1834077210692158e-11,2.1834077210692158e-11,stoichiometric,Stibnite,1.3941798941798942,2.950056420358392e-10,1.3941798941798942,3.0440631455118433e-11,0.02711271347248577,0.027112713177480128,0.9,3.64842611621401e-09,3.64842611621401e-09
Chromium,"('ecoinvent-3.4-biosphere', '2a5ed451-12a2-47db-b4dc-fa0bfbc01d79')",Cr,2.1139659681839786e-10,2.1139659681839786e-10,1.0,3.1278613038877847e-13,3.1278613038877847e-13,stoichiometric,Chromite,2.152027027027027,4.5493118977472783e-10,2.152027027027027,6.73124206275851e-13,0.13754474097331237,0.1375447405183812,0.81,1.2315670363909552e-10,1.2315670363909552e-10
Chromium,"('ecoinvent-3.4-biosphere', '591de726-f2c7-43ba-8e22-15fd08acc8dc')",Cr,2.1139659681839786e-10,2.1139659681839786e-10,1.0,3.1278613038877847e-13,3.1278613038877847e-13,stoichiometric,Chromite,2.152027027027027,4.5493118977472783e-10,2.152027027027027,6.73124206275851e-13,0.13754474097331237,0.1375447405183812,0.81,1.2315670363909552e-10,1.2315670363909552e-10
Chromium,"('ecoinvent-3.4-biosphere', '7705f0e1-5b14-44f4-b330-1245b5c7fc08')",Cr,2.1139659681839786e-10,2.1139659681839786e-10,1.0,3.1278613038877847e-13,3.1278613038877847e-13,stoichiometric,Chromite,2.152027027027027,4.5493118977472783e-10,2.152027027027027,6.73124206275851e-13,0.13754474097331237,0.1375447405183812,0.81,1.2315670363909552e-10,1.2315670363909552e-10
Chromium,"('ecoinvent-3.4-biosphere', '4d40d8e3-9bc7-4ab1-ac5c-4f4a76fda8e5')",Cr,2.1139659681839786e-10,2.1139659681839786e-10,1.0,3.1278613038877847e-13,3.1278613038877847e-13,stoichiometric,Chromite,2.152027027027027,4.5493118977472783e-10,2.152027027027027,6.73124206275851e-13,0.13754474097331237,0.1375447405183812,0.81,1.2315670363909552e-10,1.2315670363909552e-10
Chromium,"('ecoinvent-3.4-biosphere', 'e0336c9b-a0ff-4ae3-b8bb-ca1e46bbbc11')",Cr,2.1139659681839786e-10,2.1139659681839786e-10,1.0,3.1278613038877847e-13,3.1278613038877847e-13,stoichiometric,Chromite,2.152027027027027,4.5493118977472783e-10,2.152027027027027,6.73124206275851e-13,0.13754474097331237,0.1375447405183812,0.81,1.2315670363909552e-10,1.2315670363909552e-10
Chromium,"('ecoinvent-3.4-biosphere', 'e65a9c58-21f1-48b6-b738-d05a8f10e5f3')",Cr,2.1139659681839786e-10,2.1139659681839786e-10,1.0,3.1278613038877847e-13,3.1278613038877847e-13,stoichiometric,Chromite,2.152027027027027,4.5493118977472783e-10,2.152027027027027,6.73124206275851e-13,0.13754474097331237,0.1375447405183812,0.81,1.2315670363909552e-10,1.2315670363909552e-10
Chromium,"('ecoinvent-3.4-biosphere', '6b29d83a-c43c-484c-8e73-474a8a22d71e')",Cr,2.1139659681839786e-10,2.1139659681839786e-10,1.0,3.1278613038877847e-13,3.1278613038877847e-13,stoichiometric,Chromite,2.152027027027027,4.5493118977472783e-10,2.152027027027027,6.73124206275851e-13,0.13754474097331237,0.1375447405183812,0.81,1.2315670363909552e-10,1.2315670363909552e-10
Chromium,"('ecoinvent-3.4-biosphere', 'e7881581-21b3-4f5c-bd63-6b0684b5e712')",Cr,2.1139659681839786e-10,2.1139659681839786e-10,1.0,3.1278613038877847e-13,3.1278613038877847e-13,stoichiometric,Chromite,2.152027027027027,4.5493118977472783e-10,2.152027027027027,6.73124206275851e-13,0.13754474097331237,0.1375447405183812,0.81,1.2315670363909552e-10,1.2315670363909552e-10
Chromium,"('ecoinvent-3.4-biosphere', 'e142b577-e934-4085-9a07-3983d4d92afb')",Cr,2.1139659681839786e-10,2.1139659681839786e-10,1.0,3.1278613038877847e-13,3.1278613038877847e-13,stoichiometric,Chromite,2.152027027027027,4.5493118977472783e-10,2.152027027027027,6.73124206275851e-13,0.13754474097331237,0.1375447405183812,0.81,1.2315670363909552e-10,1.2315670363909552e-10
Chromium,"('ecoinvent-3.4-biosphere', '2a5ed451-12a2-47db-b4dc-fa0bfbc01d79')",Cr,2.08958429979365e-10,2.08958429979365e-10,1.0,3.1278613038877847e-13,3.1278613038877847e-13,stoichiometric,Chromite,2.152027027027027,4.496841888407281e-10,2.152027027027027,6.73124206275851e-13,0.13754474097331237,0.1375447405236282,0.81,1.217362532936268e-10,1.217362532936268e-10
Chromium,"('ecoinvent-3.4-biosphere', '591de726-f2c7-43ba-8e22-15fd08acc8dc')",Cr,2.08958429979365e-10,2.08958429979365e-10,1.0,3.1278613038877847e-13,3.1278613038877847e-13,stoichiometric,Chromite,2.152027027027027,4.496841888407281e-10,2.152027027027027,6.73124206275851e-13,0.13754474097331237,0.1375447405236282,0.81,1.217362532936268e-10,1.217362532936268e-10
Chromium,"('ecoinvent-3.4-biosphere', '7705f0e1-5b14-44f4-b330-1245b5c7fc08')",Cr,2.08958429979365e-10,2.08958429979365e-10,1.0,3.1278613038877847e-13,3.1278613038877847e-13,stoichiometric,Chromite,2.152027027027027,4.496841888407281e-10,2.152027027027027,6.73124206275851e-13,0.13754474097331237,0.1375447405236282,0.81,1.217362532936268e-10,1.217362532936268e-10
Chromium,"('ecoinvent-3.4-biosphere', '4d40d8e3-9bc7-4ab1-ac5c-4f4a76fda8e5')",Cr,2.08958429979365e-10,2.08958429979365e-10,1.0,3.1278613038877847e-13,3.1278613038877847e-13,stoichiometric,Chromite,2.152027027027027,4.496841888407281e-10,2.152027027027027,6.73124206275851e-13,0.13754474097331237,0.1375447405236282,0.81,1.217362532936268e-10,1.217362532936268e-10
Chromium,"('ecoinvent-3.4-biosphere', 'e0336c9b-a0ff-4ae3-b8bb-ca1e46bbbc11')",Cr,2.08958429979365e-10,2.08958429979365e-10,1.0,3.1278613038877847e-13,3.1278613038877847e-13,stoichiometric,Chromite,2.152027027027027,4.496841888407281e-10,2.152027027027027,6.73124206275851e-13,0.13754474097331237,0.1375447405236282,0.81,1.217362532936268e-10,1.217362532936268e-10
Chromium,"('ecoinvent-3.4-biosphere', 'e65a9c58-21f1-48b6-b738-d05a8f10e5f3')",Cr,2.08958429979365e-10,2.08958429979365e-10,1.0,3.1278613038877847e-13,3.1278613038877847e-13,stoichiometric,Chromite,2.152027027027027,4.496841888407281e-10,2.152027027027027,6.73124206275851e-13,0.13754474097331237,0.1375447405236282,0.81,1.217362532936268e-10,1.217362532936268e-10
Chromium,"('ecoinvent-3.4-biosphere', '6b29d83a-c43c-484c-8e73-474a8a22d71e')",Cr,2.08958429979365e-10,2.08958429979365e-10,1.0,3.1278613038877847e-13,3.1278613038877847e-13,stoichiometric,Chromite,2.152027027027027,4.496841888407281e-10,2.152027027027027,6.73124206275851e-13,0.13754474097331237,0.1375447405236282,0.81,1.217362532936268e-10,1.217362532936268e-10
Chromium,"('ecoinvent-3.4-biosphere', 'e7881581-21b3-4f5c-bd63-6b0684b5e712')",Cr,2.08958429979365e-10,2.08958429979365e-10,1.0,3.1278613038877847e-13,3.1278613038877847e-13,stoichiometric,Chromite,2.152027027027027,4.496841888407281e-10,2.152027027027027,6.73124206275851e-13,0.13754474097331237,0.1375447405236282,0.81,1.217362532936268e-10,1.217362532936268e-10
Chromium,"('ecoinvent-3.4-biosphere', 'e142b577-e934-4085-9a07-3983d4d92afb')",Cr,2.08958429979365e-10,2.08958429979365e-10,1.0,3.1278613038877847e-13,3.1278613038877847e-13,stoichiometric,Chromite,2.152027027027027,4.496841888407281e-10,2.152027027027027,6.73124206275851e-13,0.13754474097331237,0.1375447405236282,0.81,1.217362532936268e-10,1.217362532936268e-10
Lead,"('ecoinvent-3.4-biosphere', '6a903634-c97f-4c49-a7c0-88f0e6ac7a23')",Pb,2.01021399495999e-10,2.01021399495999e-10,1.0,1.1855254708054448e-13,1.1855254708054448e-13,stoichiometric,Galena,1.1560975609756097,2.324003496612281e-10,1.1560975609756097,1.370583105272636e-13,0.017732067510548524,0.017732067278148175,0.635111259945265,2.9577420140206477e-09,2.9577420140206477e-09
Lead,"('ecoinvent-3.4-biosphere', 'fe4613d7-1ed8-427d-9b06-c8e8f4f5e1b1')",Pb,2.01021399495999e-10,2.01021399495999e-10,1.0,1.1855254708054448e-13,1.1855254708054448e-13,stoichiometric,Galena,1.1560975609756097,2.324003496612281e-10,1.1560975609756097,1.370583105272636e-13,0.017732067510548524,0.017732067278148175,0.635111259945265,2.9577420140206477e-09,2.9577420140206477e-09
Lead,"('ecoinvent-3.4-biosphere', '67652827-017f-4856-8d0a-c97bac4c6562')",Pb,2.01021399495999e-10,2.01021399495999e-10,1.0,1.1855254708054448e-13,1.1855254708054448e-13,stoichiometric,Galena,1.1560975609756097,2.324003496612281e-10,1.1560975609756097,1.370583105272636e-13,0.017732067510548524,0.017732067278148175,0.635111259945265,2.9577420140206477e-09,2.9577420140206477e-09
Lead,"('ecoinvent-3.4-biosphere', 'c864aa15-0abc-41ad-9889-348106e485d8')",Pb,2.01021399495999e-10,2.01021399495999e-10,1.0,1.1855254708054448e-13,1.1855254708054448e-13,stoichiometric,Galena,1.1560975609756097,2.324003496612281e-10,1.1560975609756097,1.370583105272636e-13,0.017732067510548524,0.017732067278148175,0.635111259945265,2.9577420140206477e-09,2.9577420140206477e-09
Lead,"('ecoinvent-3.4-biosphere', 'e9e856c2-868e-435e-8425-8df1c9297cfc')",Pb,2.01021399495999e-10,2.01021399495999e-10,1.0,1.1855254708054448e-13,1.1855254708054448e-13,stoichiometric,Galena,1.1560975609756097,2.324003496612281e-10,1.1560975609756097,1.370583105272636e-13,0.017732067510548524,0.017732067278148175,0.635111259945265,2.9577420140206477e-09,2.9577420140206477e-09
Lead,"('ecoinvent-3.4-biosphere', '739234c8-5359-48b4-983f-9cb170d68c8d')",Pb,2.01021399495999e-10,2.01021399495999e-10,1.0,1.1855254708054448e-13,1.1855254708054448e-13,stoichiometric,Galena,1.1560975609756097,2.324003496612281e-10,1.1560975609756097,1.370583105272636e-13,0.017732067510548524,0.017732067278148175,0.635111259945265,2.9577420140206477e-09,2.9577420140206477e-09
Lead,"('ecoinvent-3.4-biosphere', '31c4d160-b21e-41b3-b9c1-3d7a72377653')",Pb,2.01021399495999e-10,2.01021399495999e-10,1.0,1.1855254708054448e-13,1.1855254708054448e-13,stoichiometric,Galena,1.1560975609756097,2.324003496612281e-10,1.1560975609756097,1.370583105272636e-13,0.017732067510548524,0.017732067278148175,0.635111259945265,2.9577420140206477e-09,2.9577420140206477e-09
Lead,"('ecoinvent-3.4-biosphere', '0ff15165-d761-48c9-9814-2d1dcdd56857')",Pb,2.01021399495999e-10,2.01021399495999e-10,1.0,1.1855254708054448e-13,1.1855254708054448e-13,stoichiometric,Galena,1.1560975609756097,2.324003496612281e-10,1.1560975609756097,1.370583105272636e-13,0.017732067510548524,0.017732067278148175,0.635111259945265,2.9577420140206477e-09,2.9577420140206477e-09
Lead,"('ecoinvent-3.4-biosphere', 'b3ebdcc3-c588-4997-95d2-9785b26b34e1')",Pb,2.01021399495999e-10,2.01021399495999e-10,1.0,1.1855254708054448e-13,1.1855254708054448e-13,stoichiometric,Galena,1.1560975609756097,2.324003496612281e-10,1.1560975609756097,1.370583105272636e-13,0.017732067510548524,0.017732067278148175,0.635111259945265,2.9577420140206477e-09,2.9577420140206477e-09
Lead,"('ecoinvent-3.4-biosphere', '8e123669-94d3-41d8-9480-a79211fe7c43')",Pb,2.01021399495999e-10,2.01021399495999e-10,1.0,1.1855254708054448e-13,1.1855254708054448e-13,stoichiometric,Galena,1.1560975609756097,2.324003496612281e-10,1.1560975609756097,1.370583105272636e-13,0.017732067510548524,0.017732067278148175,0.635111259945265,2.9577420140206477e-09,2.9577420140206477e-09
Lead,"('ecoinvent-3.4-biosphere', '9ee7f4ab-b826-47ae-8623-e138f944b42e')",Pb,2.01021399495999e-10,2.01021399495999e-10,1.0,1.1855254708054448e-13,1.1855254708054448e-13,stoichiometric,Galena,1.1560975609756097,2.324003496612281e-10,1.1560975609756097,1.370583105272636e-13,0.017732067510548524,0.017732067278148175,0.635111259945265,2.9577420140206477e-09,2.9577420140206477e-09
Lead,"('ecoinvent-3.4-biosphere', '2718482b-8399-442e-b89a-52fbcc22d2e6')",Pb,2.01021399495999e-10,2.01021399495999e-10,1.0,1.1855254708054448e-13,1.1855254708054448e-13,stoichiometric,Galena,1.1560975609756097,2.324003496612281e-10,1.1560975609756097,1.370583105272636e-13,0.017732067510548524,0.017732067278148175,0.635111259945265,2.9577420140206477e-09,2.9577420140206477e-09
Lead,"('ecoinvent-3.4-biosphere', '837083ce-41cd-49f3-a849-d79564dac238')",Pb,2.01021399495999e-10,2.01021399495999e-10,1.0,1.1855254708054448e-13,1.1855254708054448e-13,stoichiometric,Galena,1.1560975609756097,2.324003496612281e-10,1.1560975609756097,1.370583105272636e-13,0.017732067510548524,0.017732067278148175,0.635111259945265,2.9577420140206477e-09,2.9577420140206477e-09
Lead,"('ecoinvent-3.4-biosphere', '4010918f-7fd0-4925-8fbb-8fd7a44a806c')",Pb,2.01021399495999e-10,2.01021399495999e-10,1.0,1.1855254708054448e-13,1.1855254708054448e-13,stoichiometric,Galena,1.1560975609756097,2.324003496612281e-10,1.1560975609756097,1.370583105272636e-13,0.017732067510548524,0.017732067278148175,0.635111259945265,2.9577420140206477e-09,2.9577420140206477e-09
Tin,"('ecoinvent-3.4-biosphere', '85a764f2-a810-4b20-bc86-a45604262fda')",Sn,1.8962068743401932e-10,1.8962068743401932e-10,1.0,1.3268575464212294e-13,1.3268575464212294e-13,stoichiometric,Cassiterite,1.26875,2.40581247181912e-10,1.26875,1.6834505120219348e-13,0.003783251231527093,0.003783250990945846,0.8632947389802966,1.587657273551491e-07,1.587657273551491e-07
Tin,"('ecoinvent-3.4-biosphere', '8a422b03-1055-4bc8-b439-27bf8d7eef57')",Sn,1.8962068743401932e-10,1.8962068743401932e-10,1.0,1.3268575464212294e-13,1.3268575464212294e-13,stoichiometric,Cassiterite,1.26875,2.40581247181912e-10,1.26875,1.6834505120219348e-13,0.003783251231527093,0.003783250990945846,0.8632947389802966,1.587657273551491e-07,1.587657273551491e-07
Tin,"('ecoinvent-3.4-biosphere', '168c970b-91c9-4427-a3a0-6686ad6cc2c4')",Sn,1.8962068743401932e-10,1.8962068743401932e-10,1.0,1.3268575464212294e-13,1.3268575464212294e-13,stoichiometric,Cassiterite,1.26875,2.40581247181912e-10,1.26875,1.6834505120219348e-13,0.003783251231527093,0.003783250990945846,0.8632947389802966,1.587657273551491e-07,1.587657273551491e-07
Tin,"('ecoinvent-3.4-biosphere', '19b6e569-85a4-4ea9-a590-d61a21e3c846')",Sn,1.8962068743401932e-10,1.8962068743401932e-10,1.0,1.3268575464212294e-13,1.3268575464212294e-13,stoichiometric,Cassiterite,1.26875,2.40581247181912e-10,1.26875,1.6834505120219348e-13,0.003783251231527093,0.003783250990945846,0.8632947389802966,1.587657273551491e-07,1.587657273551491e-07
Tin,"('ecoinvent-3.4-biosphere', 'c67e3ba8-ddce-4931-b4b0-f4f9a56ccf40')",Sn,1.8962068743401932e-10,1.8962068743401932e-10,1.0,1.3268575464212294e-13,1.3268575464212294e-13,stoichiometric,Cassiterite,1.26875,2.40581247181912e-10,1.26875,1.6834505120219348e-13,0.003783251231527093,0.003783250990945846,0.8632947389802966,1.587657273551491e-07,1.587657273551491e-07
Tin,"('ecoinvent-3.4-biosphere', '2a7b68ff-f12a-44c6-8b31-71ec91d29889')",Sn,1.8962068743401932e-10,1.8962068743401932e-10,1.0,1.3268575464212294e-13,1.3268575464212294e-13,stoichiometric,Cassiterite,1.26875,2.40581247181912e-10,1.26875,1.6834505120219348e-13,0.003783251231527093,0.003783250990945846,0.8632947389802966,1.587657273551491e-07,1.587657273551491e-07
Tin,"('ecoinvent-3.4-biosphere', '6366d4ec-5ffc-4488-be51-0c239cdf535d')",Sn,1.8962068743401932e-10,1.8962068743401932e-10,1.0,1.3268575464212294e-13,1.3268575464212294e-13,stoichiometric,Cassiterite,1.26875,2.40581247181912e-10,1.26875,1.6834505120219348e-13,0.003783251231527093,0.003783250990945846,0.8632947389802966,1.587657273551491e-07,1.587657273551491e-07
Tin,"('ecoinvent-3.4-biosphere', 'e070bd24-fd16-4963-8f4d-78bb4c402400')",Sn,1.8962068743401932e-10,1.8962068743401932e-10,1.0,1.3268575464212294e-13,1.3268575464212294e-13,stoichiometric,Cassiterite,1.26875,2.40581247181912e-10,1.26875,1.6834505120219348e-13,0.003783251231527093,0.003783250990945846,0.8632947389802966,1.587657273551491e-07,1.587657273551491e-07
Tin,"('ecoinvent-3.4-biosphere', 'f563b90e-a300-4403-b278-d2fdcd73e5a7')",Sn,1.8962068743401932e-10,1.8962068743401932e-10,1.0,1.3268575464212294e-13,1.3268575464212294e-13,stoichiometric,Cassiterite,1.26875,2.40581247181912e-10,1.26875,1.6834505120219348e-13,0.003783251231527093,0.003783250990945846,0.8632947389802966,1.587657273551491e-07,1.587657273551491e-07
Manganese,"('ecoinvent-3.4-biosphere', '6b7fbea6-4a86-40f9-954d-3c9b3611abfd')",Mn,1.79342315268661e-10,1.79342315268661e-10,1.0,6.485008032108113e-14,6.485008032108113e-14,stoichiometric,Pyrolusite,1.5822784810126582,2.837694861845902e-10,1.5822784810126582,1.0261088658398912e-13,0.199712,0.19971199971623052,0.6709603911825677,1.647229021567151e-10,1.647229021567151e-10
Manganese,"('ecoinvent-3.4-biosphere', '44f28e11-061d-44fd-8f25-dc62a9f1fa57')",Mn,1.79342315268661e-10,1.79342315268661e-10,1.0,6.485008032108113e-14,6.485008032108113e-14,stoichiometric,Pyrolusite,1.5822784810126582,2.837694861845902e-10,1.5822784810126582,1.0261088658398912e-13,0.199712,0.19971199971623052,0.6709603911825677,1.647229021567151e-10,1.647229021567151e-10
Manganese,"('ecoinvent-3.4-biosphere', '9c706cff-cb82-4207-a589-95896e04dc08')",Mn,1.79342315268661e-10,1.79342315268661e-10,1.0,6.485008032108113e-14,6.485008032108113e-14,stoichiometric,Pyrolusite,1.5822784810126582,2.837694861845902e-10,1.5822784810126582,1.0261088658398912e-13,0.199712,0.19971199971623052,0.6709603911825677,1.647229021567151e-10,1.647229021567151e-10
Manganese,"('ecoinvent-3.4-biosphere', '9ba8c05d-1593-45a5-8d3b-5c4f3e9fef32')",Mn,1.79342315268661e-10,1.79342315268661e-10,1.0,6.485008032108113e-14,6.485008032108113e-14,stoichiometric,Pyrolusite,1.5822784810126582,2.837694861845902e-10,1.5822784810126582,1.0261088658398912e-13,0.199712,0.19971199971623052,0.6709603911825677,1.647229021567151e-10,1.647229021567151e-10
Manganese,"('ecoinvent-3.4-biosphere', '835d0907-a668-4d92-b6b6-7b56fa343713')",Mn,1.79342315268661e-10,1.79342315268661e-10,1.0,6.485008032108113e-14,6.485008032108113e-14,stoichiometric,Pyrolusite,1.5822784810126582,2.837694861845902e-10,1.5822784810126582,1.0261088658398912e-13,0.199712,0.19971199971623052,0.6709603911825677,1.647229021567151e-10,1.647229021567151e-10
Manganese,"('ecoinvent-3.4-biosphere', '2460f868-54a9-404c-bec8-c809a44ae72c')",Mn,1.79342315268661e-10,1.79342315268661e-10,1.0,6.485008032108113e-14,6.485008032108113e-14,stoichiometric,Pyrolusite,1.5822784810126582,2.837694861845902e-10,1.5822784810126582,1.0261088658398912e-13,0.199712,0.19971199971623052,0.6709603911825677,1.647229021567151e-10,1.647229021567151e-10
Manganese,"('ecoinvent-3.4-biosphere', '10cbd2f7-c41b-4bb4-b636-d8fc15cf0282')",Mn,1.79342315268661e-10,1.79342315268661e-10,1.0,6.485008032108113e-14,6.485008032108113e-14,stoichiometric,Pyrolusite,1.5822784810126582,2.837694861845902e-10,1.5822784810126582,1.0261088658398912e-13,0.199712,0.19971199971623052,0.6709603911825677,1.647229021567151e-10,1.647229021567151e-10
Manganese,"('ecoinvent-3.4-biosphere', '295060ba-3c3d-45e4-99ca-e17b1204b553')",Mn,1.79342315268661e-10,1.79342315268661e-10,1.0,6.485008032108113e-14,6.485008032108113e-14,stoichiometric,Pyrolusite,1.5822784810126582,2.837694861845902e-10,1.5822784810126582,1.0261088658398912e-13,0.199712,0.19971199971623052,0.6709603911825677,1.647229021567151e-10,1.647229021567151e-10
Manganese,"('ecoinvent-3.4-biosphere', 'b0546417-3064-4878-bd6f-2da75cefdf63')",Mn,1.79342315268661e-10,1.79342315268661e-10,1.0,6.485008032108113e-14,6.485008032108113e-14,stoichiometric,Pyrolusite,1.5822784810126582,2.837694861845902e-10,1.5822784810126582,1.0261088658398912e-13,0.199712,0.19971199971623052,0.6709603911825677,1.647229021567151e-10,1.647229021567151e-10
Manganese,"('ecoinvent-3.4-biosphere', 'c91fd4bf-ed70-4e2f-a34f-159773f981b6')",Mn,1.79342315268661e-10,1.79342315268661e-10,1.0,6.485008032108113e-14,6.485008032108113e-14,stoichiometric,Pyrolusite,1.5822784810126582,2.837694861845902e-10,1.5822784810126582,1.0261088658398912e-13,0.199712,0.19971199971623052,0.6709603911825677,1.647229021567151e-10,1.647229021567151e-10
Manganese,"('ecoinvent-3.4-biosphere', '0af26a55-d357-469f-abad-8ced785cb4fb')",Mn,1.79342315268661e-10,1.79342315268661e-10,1.0,6.485008032108113e-14,6.485008032108113e-14,stoichiometric,Pyrolusite,1.5822784810126582,2.837694861845902e-10,1.5822784810126582,1.0261088658398912e-13,0.199712,0.19971199971623052,0.6709603911825677,1.647229021567151e-10,1.647229021567151e-10
Manganese,"('ecoinvent-3.4-biosphere', '42053ffb-9284-49cb-88f9-33ac5c77be4a')",Mn,1.79342315268661e-10,1.79342315268661e-10,1.0,6.485008032108113e-14,6.485008032108113e-14,stoichiometric,Pyrolusite,1.5822784810126582,2.837694861845902e-10,1.5822784810126582,1.0261088658398912e-13,0.199712,0.19971199971623052,0.6709603911825677,1.647229021567151e-10,1.647229021567151e-10
Manganese,"('ecoinvent-3.4-biosphere', 'f532985c-90b7-46fc-aac9-b039b40e22f1')",Mn,1.79342315268661e-10,1.79342315268661e-10,1.0,6.485008032108113e-14,6.485008032108113e-14,stoichiometric,Pyrolusite,1.5822784810126582,2.837694861845902e-10,1.5822784810126582,1.0261088658398912e-13,0.199712,0.19971199971623052,0.6709603911825677,1.647229021567151e-10,1.647229021567151e-10
Manganese,"('ecoinvent-3.4-biosphere', '009a49e8-09a7-4432-9cb9-f2dd18e8f922')",Mn,1.79342315268661e-10,1.79342315268661e-10,1.0,6.485008032108113e-14,6.485008032108113e-14,stoichiometric,Pyrolusite,1.5822784810126582,2.837694861845902e-10,1.5822784810126582,1.0261088658398912e-13,0.199712,0.19971199971623052,0.6709603911825677,1.647229021567151e-10,1.647229021567151e-10
Cobalt,"('ecoinvent-3.4-biosphere', '33627701-feca-434d-a192-674a450eaaf7')",Co,1.679088927099452e-10,1.679088927099452e-10,1.0,1.9447495148453946e-12,1.9447495148453946e-12,stoichiometric,Linnaeite,1.727272727272727,2.900244510444508e-10,1.727272727272727,3.3591127983693174e-12,0.000636842105263158,0.0006368418152387069,0.0455986939380875,9.760506574739447e-07,9.760506574739447e-07
Cobalt,"('ecoinvent-3.4-biosphere', '381a22c9-3722-4378-810d-86958f7b6d32')",Co,1.679088927099452e-10,1.679088927099452e-10,1.0,1.9447495148453946e-12,1.9447495148453946e-12,stoichiometric,Linnaeite,1.727272727272727,2.900244510444508e-10,1.727272727272727,3.3591127983693174e-12,0.000636842105263158,0.0006368418152387069,0.0455986939380875,9.760506574739447e-07,9.760506574739447e-07
Cobalt,"('ecoinvent-3.4-biosphere', 'b10faa87-2c1d-4f6e-aa65-9f80b376939a')",Co,1.679088927099452e-10,1.679088927099452e-10,1.0,1.9447495148453946e-12,1.9447495148453946e-12,stoichiometric,Linnaeite,1.727272727272727,2.900244510444508e-10,1.727272727272727,3.3591127983693174e-12,0.000636842105263158,0.0006368418152387069,0.0455986939380875,9.760506574739447e-07,9.760506574739447e-07
Cobalt,"('ecoinvent-3.4-biosphere', '12051b95-831a-49c0-9a70-fbc0e8fb9af9')",Co,1.679088927099452e-10,1.679088927099452e-10,1.0,1.9447495148453946e-12,1.9447495148453946e-12,stoichiometric,Linnaeite,1.727272727272727,2.900244510444508e-10,1.727272727272727,3.3591127983693174e-12,0.000636842105263158,0.0006368418152387069,0.0455986939380875,9.760506574739447e-07,9.760506574739447e-07
Cobalt,"('ecoinvent-3.4-biosphere', '9ce88274-57b6-42ed-a78b-4abef2301865')",Co,1.679088927099452e-10,1.679088927099452e-10,1.0,1.9447495148453946e-12,1.9447495148453946e-12,stoichiometric,Linnaeite,1.727272727272727,2.900244510444508e-10,1.727272727272727,3.3591127983693174e-12,0.000636842105263158,0.0006368418152387069,0.0455986939380875,9.760506574739447e-07,9.760506574739447e-07
Cobalt,"('ecoinvent-3.4-biosphere', 'c58d25ad-30d2-4fac-a857-1fa6f67afe8a')",Co,1.679088927099452e-10,1.679088927099452e-10,1.0,1.9447495148453946e-12,1.9447495148453946e-12,stoichiometric,Linnaeite,1.727272727272727,2.900244510444508e-10,1.727272727272727,3.3591127983693174e-12,0.000636842105263158,0.0006368418152387069,0.0455986939380875,9.760506574739447e-07,9.760506574739447e-07
Cobalt,"('ecoinvent-3.4-biosphere', 'ca04300a-8338-4601-ba7c-66c10a4f6322')",Co,1.679088927099452e-10,1.679088927099452e-10,1.0,1.9447495148453946e-12,1.9447495148453946e-12,stoichiometric,Linnaeite,1.727272727272727,2.900244510444508e-10,1.727272727272727,3.3591127983693174e-12,0.000636842105263158,0.0006368418152387069,0.0455986939380875,9.760506574739447e-07,9.760506574739447e-07
Cobalt,"('ecoinvent-3.4-biosphere', '1e904267-caa3-40e6-a3a0-fc104489770b')",Co,1.679088927099452e-10,1.679088927099452e-10,1.0,1.9447495148453946e-12,1.9447495148453946e-12,stoichiometric,Linnaeite,1.727272727272727,2.900244510444508e-10,1.727272727272727,3.3591127983693174e-12,0.000636842105263158,0.0006368418152387069,0.0455986939380875,9.760506574739447e-07,9.760506574739447e-07
Cobalt,"('ecoinvent-3.4-biosphere', 'f0d1c319-249f-4a89-b0e7-3a5a90a54036')",Co,1.679088927099452e-10,1.679088927099452e-10,1.0,1.9447495148453946e-12,1.9447495148453946e-12,stoichiometric,Linnaeite,1.727272727272727,2.900244510444508e-10,1.727272727272727,3.3591127983693174e-12,0.000636842105263158,0.0006368418152387069,0.0455986939380875,9.760506574739447e-07,9.760506574739447e-07
Cobalt,"('ecoinvent-3.4-biosphere', '74eb3f02-09ec-46ce-8ee8-d67d0900136b')",Co,1.679088927099452e-10,1.679088927099452e-10,1.0,1.9447495148453946e-12,1.9447495148453946e-12,stoichiometric,Linnaeite,1.727272727272727,2.900244510444508e-10,1.727272727272727,3.3591127983693174e-12,0.000636842105263158,0.0006368418152387069,0.0455986939380875,9.760506574739447e-07,9.760506574739447e-07
Cobalt,"('ecoinvent-3.4-biosphere', '9542444c-7c7a-48e2-bc9c-9c7c34fb7b3e')",Co,1.679088927099452e-10,1.679088927099452e-10,1.0,1.9447495148453946e-12,1.9447495148453946e-12,stoichiometric,Linnaeite,1.727272727272727,2.900244510444508e-10,1.727272727272727,3.3591127983693174e-12,0.000636842105263158,0.0006368418152387069,0.0455986939380875,9.760506574739447e-07,9.760506574739447e-07
Cobalt,"('ecoinvent-3.4-biosphere', 'caf066cf-40ce-47a8-ba4c-969fcd6019c7')",Co,1.679088927099452e-10,1.679088927099452e-10,1.0,1.9447495148453946e-12,1.9447495148453946e-12,stoichiometric,Linnaeite,1.727272727272727,2.900244510444508e-10,1.727272727272727,3.3591127983693174e-12,0.000636842105263158,0.0006368418152387069,0.0455986939380875,9.760506574739447e-07,9.760506574739447e-07
Cobalt,"('ecoinvent-3.4-biosphere', 'f0e28a62-ddf9-4c93-af81-676a58c3f2d4')",Co,1.679088927099452e-10,1.679088927099452e-10,1.0,1.9447495148453946e-12,1.9447495148453946e-12,stoichiometric,Linnaeite,1.727272727272727,2.900244510444508e-10,1.727272727272727,3.3591127983693174e-12,0.000636842105263158,0.0006368418152387069,0.0455986939380875,9.760506574739447e-07,9.760506574739447e-07
Cobalt,"('ecoinvent-3.4-biosphere', 'd4291dd5-dae8-47fa-bf06-466fcecbc210')",Co,1.679088927099452e-10,1.679088927099452e-10,1.0,1.9447495148453946e-12,1.9447495148453946e-12,stoichiometric,Linnaeite,1.727272727272727,2.900244510444508e-10,1.727272727272727,3.3591127983693174e-12,0.000636842105263158,0.0006368418152387069,0.0455986939380875,9.760506574739447e-07,9.760506574739447e-07
Cobalt,"('ecoinvent-3.4-biosphere', '33627701-feca-434d-a192-674a450eaaf7')",Co,1.6320870464758572e-10,1.6320870464758572e-10,1.0,1.9447495148453946e-12,1.9447495148453946e-12,stoichiometric,Linnaeite,1.727272727272727,2.819059443912844e-10,1.727272727272727,3.3591127983693174e-12,0.000636842105263158,0.0006368418233572135,0.0455986939380875,9.487285602432024e-07,9.487285602432024e-07
Cobalt,"('ecoinvent-3.4-biosphere', '381a22c9-3722-4378-810d-86958f7b6d32')",Co,1.6320870464758572e-10,1.6320870464758572e-10,1.0,1.9447495148453946e-12,1.9447495148453946e-12,stoichiometric,Linnaeite,1.727272727272727,2.819059443912844e-10,1.727272727272727,3.3591127983693174e-12,0.000636842105263158,0.0006368418233572135,0.0455986939380875,9.487285602432024e-07,9.487285602432024e-07
Cobalt,"('ecoinvent-3.4-biosphere', 'b10faa87-2c1d-4f6e-aa65-9f80b376939a')",Co,1.6320870464758572e-10,1.6320870464758572e-10,1.0,1.9447495148453946e-12,1.9447495148453946e-12,stoichiometric,Linnaeite,1.727272727272727,2.819059443912844e-10,1.727272727272727,3.3591127983693174e-12,0.000636842105263158,0.0006368418233572135,0.0455986939380875,9.487285602432024e-07,9.487285602432024e-07
Cobalt,"('ecoinvent-3.4-biosphere', '12051b95-831a-49c0-9a70-fbc0e8fb9af9')",Co,1.6320870464758572e-10,1.6320870464758572e-10,1.0,1.9447495148453946e-12,1.9447495148453946e-12,stoichiometric,Linnaeite,1.727272727272727,2.819059443912844e-10,1.727272727272727,3.3591127983693174e-12,0.000636842105263158,0.0006368418233572135,0.0455986939380875,9.487285602432024e-07,9.487285602432024e-07
Cobalt,"('ecoinvent-3.4-biosphere', '9ce88274-57b6-42ed-a78b-4abef2301865')",Co,1.6320870464758572e-10,1.6320870464758572e-10,1.0,1.9447495148453946e-12,1.9447495148453946e-12,stoichiometric,Linnaeite,1.727272727272727,2.819059443912844e-10,1.727272727272727,3.3591127983693174e-12,0.000636842105263158,0.0006368418233572135,0.0455986939380875,9.487285602432024e-07,9.487285602432024e-07
Cobalt,"('ecoinvent-3.4-biosphere', 'c58d25ad-30d2-4fac-a857-1fa6f67afe8a')",Co,1.6320870464758572e-10,1.6320870464758572e-10,1.0,1.9447495148453946e-12,1.9447495148453946e-12,stoichiometric,Linnaeite,1.727272727272727,2.819059443912844e-10,1.727272727272727,3.3591127983693174e-12,0.000636842105263158,0.0006368418233572135,0.0455986939380875,9.487285602432024e-07,9.487285602432024e-07
Cobalt,"('ecoinvent-3.4-biosphere', 'ca04300a-8338-4601-ba7c-66c10a4f6322')",Co,1.6320870464758572e-10,1.6320870464758572e-10,1.0,1.9447495148453946e-12,1.9447495148453946e-12,stoichiometric,Linnaeite,1.727272727272727,2.819059443912844e-10,1.727272727272727,3.3591127983693174e-12,0.000636842105263158,0.0006368418233572135,0.0455986939380875,9.487285602432024e-07,9.487285602432024e-07
Cobalt,"('ecoinvent-3.4-biosphere', '1e904267-caa3-40e6-a3a0-fc104489770b')",Co,1.6320870464758572e-10,1.6320870464758572e-10,1.0,1.9447495148453946e-12,1.9447495148453946e-12,stoichiometric,Linnaeite,1.727272727272727,2.819059443912844e-10,1.727272727272727,3.3591127983693174e-12,0.000636842105263158,0.0006368418233572135,0.0455986939380875,9.487285602432024e-07,9.487285602432024e-07
Cobalt,"('ecoinvent-3.4-biosphere', 'f0d1c319-249f-4a89-b0e7-3a5a90a54036')",Co,1.6320870464758572e-10,1.6320870464758572e-10,1.0,1.9447495148453946e-12,1.9447495148453946e-12,stoichiometric,Linnaeite,1.727272727272727,2.819059443912844e-10,1.727272727272727,3.3591127983693174e-12,0.000636842105263158,0.0006368418233572135,0.0455986939380875,9.487285602432024e-07,9.487285602432024e-07
Cobalt,"('ecoinvent-3.4-biosphere', '74eb3f02-09ec-46ce-8ee8-d67d0900136b')",Co,1.6320870464758572e-10,1.6320870464758572e-10,1.0,1.9447495148453946e-12,1.9447495148453946e-12,stoichiometric,Linnaeite,1.727272727272727,2.819059443912844e-10,1.727272727272727,3.3591127983693174e-12,0.000636842105263158,0.0006368418233572135,0.0455986939380875,9.487285602432024e-07,9.487285602432024e-07
Cobalt,"('ecoinvent-3.4-biosphere', '9542444c-7c7a-48e2-bc9c-9c7c34fb7b3e')",Co,1.6320870464758572e-10,1.6320870464758572e-10,1.0,1.9447495148453946e-12,1.9447495148453946e-12,stoichiometric,Linnaeite,1.727272727272727,2.819059443912844e-10,1.727272727272727,3.3591127983693174e-12,0.000636842105263158,0.0006368418233572135,0.0455986939380875,9.487285602432024e-07,9.487285602432024e-07
Cobalt,"('ecoinvent-3.4-biosphere', 'caf066cf-40ce-47a8-ba4c-969fcd6019c7')",Co,1.6320870464758572e-10,1.6320870464758572e-10,1.0,1.9447495148453946e-12,1.9447495148453946e-12,stoichiometric,Linnaeite,1.727272727272727,2.819059443912844e-10,1.727272727272727,3.3591127983693174e-12,0.000636842105263158,0.0006368418233572135,0.0455986939380875,9.487285602432024e-07,9.487285602432024e-07
Cobalt,"('ecoinvent-3.4-biosphere', 'f0e28a62-ddf9-4c93-af81-676a58c3f2d4')",Co,1.6320870464758572e-10,1.6320870464758572e-10,1.0,1.9447495148453946e-12,1.9447495148453946e-12,stoichiometric,Linnaeite,1.727272727272727,2.819059443912844e-10,1.727272727272727,3.3591127983693174e-12,0.000636842105263158,0.0006368418233572135,0.0455986939380875,9.487285602432024e-07,9.487285602432024e-07
Cobalt,"('ecoinvent-3.4-biosphere', 'd4291dd5-dae8-47fa-bf06-466fcecbc210')",Co,1.6320870464758572e-10,1.6320870464758572e-10,1.0,1.9447495148453946e-12,1.9447495148453946e-12,stoichiometric,Linnaeite,1.727272727272727,2.819059443912844e-10,1.727272727272727,3.3591127983693174e-12,0.000636842105263158,0.0006368418233572135,0.0455986939380875,9.487285602432024e-07,9.487285602432024e-07
Phosphate,"('ecoinvent-3.4-biosphere', '1727b41d-377e-43cd-bc01-9eaba946eccb')",P,1.5751868788938192e-10,1.5751868788938192e-10,0.3261416642975224,5.53572191877536e-15,5.53572191877536e-15,stoichiometric,Apatite,0.3532544378698225,5.564417554435563e-11,0.11521099028734964,1.9555183346206452e-15,0.04784087102177553,0.047840870966131356,0.9,9.359326748861191e-11,9.359326748861191e-11
Phosphate,"('ecoinvent-3.4-biosphere', 'c8791f3c-3c4a-4278-91c0-483797d14da2')",P,1.5751868788938192e-10,1.5751868788938192e-10,0.3261416642975224,5.53572191877536e-15,5.53572191877536e-15,stoichiometric,Apatite,0.3532544378698225,5.564417554435563e-11,0.11521099028734964,1.9555183346206452e-15,0.04784087102177553,0.047840870966131356,0.9,9.359326748861191e-11,9.359326748861191e-11
Phosphate,"('ecoinvent-3.4-biosphere', '490b267b-f429-4d9a-ac79-224e37fb4d58')",P,1.5751868788938192e-10,1.5751868788938192e-10,0.3261416642975224,5.53572191877536e-15,5.53572191877536e-15,stoichiometric,Apatite,0.3532544378698225,5.564417554435563e-11,0.11521099028734964,1.9555183346206452e-15,0.04784087102177553,0.047840870966131356,0.9,9.359326748861191e-11,9.359326748861191e-11
Phosphate,"('ecoinvent-3.4-biosphere', '3aaf9017-0d8a-42aa-9a60-cbc39e994e73')",P,1.5751868788938192e-10,1.5751868788938192e-10,0.3261416642975224,5.53572191877536e-15,5.53572191877536e-15,stoichiometric,Apatite,0.3532544378698225,5.564417554435563e-11,0.11521099028734964,1.9555183346206452e-15,0.04784087102177553,0.047840870966131356,0.9,9.359326748861191e-11,9.359326748861191e-11
Phosphate,"('ecoinvent-3.4-biosphere', '329fc7d8-4011-4327-84e4-34ff76f0e42d')",P,1.5751868788938192e-10,1.5751868788938192e-10,0.3261416642975224,5.53572191877536e-15,5.53572191877536e-15,stoichiometric,Apatite,0.3532544378698225,5.564417554435563e-11,0.11521099028734964,1.9555183346206452e-15,0.04784087102177553,0.047840870966131356,0.9,9.359326748861191e-11,9.359326748861191e-11
Manganese,"('ecoinvent-3.4-biosphere', '6b7fbea6-4a86-40f9-954d-3c9b3611abfd')",Mn,1.5673755396818833e-10,1.5673755396818833e-10,1.0,6.485008032108113e-14,6.485008032108113e-14,stoichiometric,Pyrolusite,1.5822784810126582,2.4800245881042455e-10,1.5822784810126582,1.0261088658398912e-13,0.199712,0.19971199975199755,0.6709603911825677,1.4396082970250037e-10,1.4396082970250037e-10
Manganese,"('ecoinvent-3.4-biosphere', '44f28e11-061d-44fd-8f25-dc62a9f1fa57')",Mn,1.5673755396818833e-10,1.5673755396818833e-10,1.0,6.485008032108113e-14,6.485008032108113e-14,stoichiometric,Pyrolusite,1.5822784810126582,2.4800245881042455e-10,1.5822784810126582,1.0261088658398912e-13,0.199712,0.19971199975199755,0.6709603911825677,1.4396082970250037e-10,1.4396082970250037e-10
Manganese,"('ecoinvent-3.4-biosphere', '9c706cff-cb82-4207-a589-95896e04dc08')",Mn,1.5673755396818833e-10,1.5673755396818833e-10,1.0,6.485008032108113e-14,6.485008032108113e-14,stoichiometric,Pyrolusite,1.5822784810126582,2.4800245881042455e-10,1.5822784810126582,1.0261088658398912e-13,0.199712,0.19971199975199755,0.6709603911825677,1.4396082970250037e-10,1.4396082970250037e-10
Manganese,"('ecoinvent-3.4-biosphere', '9ba8c05d-1593-45a5-8d3b-5c4f3e9fef32')",Mn,1.5673755396818833e-10,1.5673755396818833e-10,1.0,6.485008032108113e-14,6.485008032108113e-14,stoichiometric,Pyrolusite,1.5822784810126582,2.4800245881042455e-10,1.5822784810126582,1.0261088658398912e-13,0.199712,0.19971199975199755,0.6709603911825677,1.4396082970250037e-10,1.4396082970250037e-10
Manganese,"('ecoinvent-3.4-biosphere', '835d0907-a668-4d92-b6b6-7b56fa343713')",Mn,1.5673755396818833e-10,1.5673755396818833e-10,1.0,6.485008032108113e-14,6.485008032108113e-14,stoichiometric,Pyrolusite,1.5822784810126582,2.4800245881042455e-10,1.5822784810126582,1.0261088658398912e-13,0.199712,0.19971199975199755,0.6709603911825677,1.4396082970250037e-10,1.4396082970250037e-10
Manganese,"('ecoinvent-3.4-biosphere', '2460f868-54a9-404c-bec8-c809a44ae72c')",Mn,1.5673755396818833e-10,1.5673755396818833e-10,1.0,6.485008032108113e-14,6.485008032108113e-14,stoichiometric,Pyrolusite,1.5822784810126582,2.4800245881042455e-10,1.5822784810126582,1.0261088658398912e-13,0.199712,0.19971199975199755,0.6709603911825677,1.4396082970250037e-10,1.4396082970250037e-10
Manganese,"('ecoinvent-3.4-biosphere', '10cbd2f7-c41b-4bb4-b636-d8fc15cf0282')",Mn,1.5673755396818833e-10,1.5673755396818833e-10,1.0,6.485008032108113e-14,6.485008032108113e-14,stoichiometric,Pyrolusite,1.5822784810126582,2.4800245881042455e-10,1.5822784810126582,1.0261088658398912e-13,0.199712,0.19971199975199755,0.6709603911825677,1.4396082970250037e-10,1.4396082970250037e-10
Manganese,"('ecoinvent-3.4-biosphere', '295060ba-3c3d-45e4-99ca-e17b1204b553')",Mn,1.5673755396818833e-10,1.5673755396818833e-10,1.0,6.485008032108113e-14,6.485008032108113e-14,stoichiometric,Pyrolusite,1.5822784810126582,2.4800245881042455e-10,1.5822784810126582,1.0261088658398912e-13,0.199712,0.19971199975199755,0.6709603911825677,1.4396082970250037e-10,1.4396082970250037e-10
Manganese,"('ecoinvent-3.4-biosphere', 'b0546417-3064-4878-bd6f-2da75cefdf63')",Mn,1.5673755396818833e-10,1.5673755396818833e-10,1.0,6.485008032108113e-14,6.485008032108113e-14,stoichiometric,Pyrolusite,1.5822784810126582,2.4800245881042455e-10,1.5822784810126582,1.0261088658398912e-13,0.199712,0.19971199975199755,0.6709603911825677,1.4396082970250037e-10,1.4396082970250037e-10
Manganese,"('ecoinvent-3.4-biosphere', 'c91fd4bf-ed70-4e2f-a34f-159773f981b6')",Mn,1.5673755396818833e-10,1.5673755396818833e-10,1.0,6.485008032108113e-14,6.485008032108113e-14,stoichiometric,Pyrolusite,1.5822784810126582,2.4800245881042455e-10,1.5822784810126582,1.0261088658398912e-13,0.199712,0.19971199975199755,0.6709603911825677,1.4396082970250037e-10,1.4396082970250037e-10
Manganese,"('ecoinvent-3.4-biosphere', '0af26a55-d357-469f-abad-8ced785cb4fb')",Mn,1.5673755396818833e-10,1.5673755396818833e-10,1.0,6.485008032108113e-14,6.485008032108113e-14,stoichiometric,Pyrolusite,1.5822784810126582,2.4800245881042455e-10,1.5822784810126582,1.0261088658398912e-13,0.199712,0.19971199975199755,0.6709603911825677,1.4396082970250037e-10,1.4396082970250037e-10
Manganese,"('ecoinvent-3.4-biosphere', '42053ffb-9284-49cb-88f9-33ac5c77be4a')",Mn,1.5673755396818833e-10,1.5673755396818833e-10,1.0,6.485008032108113e-14,6.485008032108113e-14,stoichiometric,Pyrolusite,1.5822784810126582,2.4800245881042455e-10,1.5822784810126582,1.0261088658398912e-13,0.199712,0.19971199975199755,0.6709603911825677,1.4396082970250037e-10,1.4396082970250037e-10
Manganese,"('ecoinvent-3.4-biosphere', 'f532985c-90b7-46fc-aac9-b039b40e22f1')",Mn,1.5673755396818833e-10,1.5673755396818833e-10,1.0,6.485008032108113e-14,6.485008032108113e-14,stoichiometric,Pyrolusite,1.5822784810126582,2.4800245881042455e-10,1.5822784810126582,1.0261088658398912e-13,0.199712,0.19971199975199755,0.6709603911825677,1.4396082970250037e-10,1.4396082970250037e-10
Manganese,"('ecoinvent-3.4-biosphere', '009a49e8-09a7-4432-9cb9-f2dd18e8f922')",Mn,1.5673755396818833e-10,1.5673755396818833e-10,1.0,6.485008032108113e-14,6.485008032108113e-14,stoichiometric,Pyrolusite,1.5822784810126582,2.4800245881042455e-10,1.5822784810126582,1.0261088658398912e-13,0.199712,0.19971199975199755,0.6709603911825677,1.4396082970250037e-10,1.4396082970250037e-10
Zinc,"('ecoinvent-3.4-biosphere', 'b88999ec-84fd-462d-9dec-7e20a4636a58')",Zn,1.5515781995948637e-10,1.5515781995948637e-10,1.0,1.0836576745711442e-13,1.0836576745711442e-13,stoichiometric,Sphalerite,1.4901477832512315,2.312080814667223e-10,1.4901477832512315,1.614810081565375e-13,0.02724561983471074,0.02724561960350266,0.789865871833085,3.2636544085678753e-09,3.2636544085678753e-09
Zinc,"('ecoinvent-3.4-biosphere', '748f22a9-eba4-4726-bef5-92c7442ce189')",Zn,1.5515781995948637e-10,1.5515781995948637e-10,1.0,1.0836576745711442e-13,1.0836576745711442e-13,stoichiometric,Sphalerite,1.4901477832512315,2.312080814667223e-10,1.4901477832512315,1.614810081565375e-13,0.02724561983471074,0.02724561960350266,0.789865871833085,3.2636544085678753e-09,3.2636544085678753e-09
Zinc,"('ecoinvent-3.4-biosphere', '8f871bab-96dc-49d9-bf08-12cdd0715901')",Zn,1.5515781995948637e-10,1.5515781995948637e-10,1.0,1.0836576745711442e-13,1.0836576745711442e-13,stoichiometric,Sphalerite,1.4901477832512315,2.312080814667223e-10,1.4901477832512315,1.614810081565375e-13,0.02724561983471074,0.02724561960350266,0.789865871833085,3.2636544085678753e-09,3.2636544085678753e-09
Zinc,"('ecoinvent-3.4-biosphere', '8d226423-1351-4366-b09f-d16c9e38683c')",Zn,1.5515781995948637e-10,1.5515781995948637e-10,1.0,1.0836576745711442e-13,1.0836576745711442e-13,stoichiometric,Sphalerite,1.4901477832512315,2.312080814667223e-10,1.4901477832512315,1.614810081565375e-13,0.02724561983471074,0.02724561960350266,0.789865871833085,3.2636544085678753e-09,3.2636544085678753e-09
Zinc,"('ecoinvent-3.4-biosphere', '5ce378a0-b48d-471c-977d-79681521efde')",Zn,1.5515781995948637e-10,1.5515781995948637e-10,1.0,1.0836576745711442e-13,1.0836576745711442e-13,stoichiometric,Sphalerite,1.4901477832512315,2.312080814667223e-10,1.4901477832512315,1.614810081565375e-13,0.02724561983471074,0.02724561960350266,0.789865871833085,3.2636544085678753e-09,3.2636544085678753e-09
Zinc,"('ecoinvent-3.4-biosphere', '84aa799e-9d98-4d34-85e0-516d28ab1be9')",Zn,1.5515781995948637e-10,1.5515781995948637e-10,1.0,1.0836576745711442e-13,1.0836576745711442e-13,stoichiometric,Sphalerite,1.4901477832512315,2.312080814667223e-10,1.4901477832512315,1.614810081565375e-13,0.02724561983471074,0.02724561960350266,0.789865871833085,3.2636544085678753e-09,3.2636544085678753e-09
Zinc,"('ecoinvent-3.4-biosphere', '87a69874-34f9-4070-a525-aa301ab2634b')",Zn,1.5515781995948637e-10,1.5515781995948637e-10,1.0,1.0836576745711442e-13,1.0836576745711442e-13,stoichiometric,Sphalerite,1.4901477832512315,2.312080814667223e-10,1.4901477832512315,1.614810081565375e-13,0.02724561983471074,0.02724561960350266,0.789865871833085,3.2636544085678753e-09,3.2636544085678753e-09
Zinc,"('ecoinvent-3.4-biosphere', '77887584-ddca-4920-952c-3609730e0c13')",Zn,1.5515781995948637e-10,1.5515781995948637e-10,1.0,1.0836576745711442e-13,1.0836576745711442e-13,stoichiometric,Sphalerite,1.4901477832512315,2.312080814667223e-10,1.4901477832512315,1.614810081565375e-13,0.02724561983471074,0.02724561960350266,0.789865871833085,3.2636544085678753e-09,3.2636544085678753e-09
Zinc,"('ecoinvent-3.4-biosphere', 'ada3ecfe-8244-4389-bcce-e83ca4f66e09')",Zn,1.5515781995948637e-10,1.5515781995948637e-10,1.0,1.0836576745711442e-13,1.0836576745711442e-13,stoichiometric,Sphalerite,1.4901477832512315,2.312080814667223e-10,1.4901477832512315,1.614810081565375e-13,0.02724561983471074,0.02724561960350266,0.789865871833085,3.2636544085678753e-09,3.2636544085678753e-09
"Nickel, ion","('ecoinvent-3.4-biosphere', '9798359e-a3ee-4362-a038-23a188582c6e')",Ni,1.5268404510474998e-10,1.5268404510474998e-10,1.0,9.066741688482605e-14,9.066741688482605e-14,stoichiometric,Pentlandite(sulphides) / Garnierite(laterites),2.9342028985507245,4.480059677088069e-10,2.9342028985507245,2.660365974275635e-13,0.00509049773755656,0.005090497289550593,0.0803628113054402,5.424041312605723e-08,5.424041312605723e-08
"Nickel, ion","('ecoinvent-3.4-biosphere', '6ec6cdaa-5a01-46d4-b716-1905e56690ea')",Ni,1.5268404510474998e-10,1.5268404510474998e-10,1.0,9.066741688482605e-14,9.066741688482605e-14,stoichiometric,Pentlandite(sulphides) / Garnierite(laterites),2.9342028985507245,4.480059677088069e-10,2.9342028985507245,2.660365974275635e-13,0.00509049773755656,0.005090497289550593,0.0803628113054402,5.424041312605723e-08,5.424041312605723e-08
"Nickel, ion","('ecoinvent-3.4-biosphere', 'e030108f-2125-4bcb-a73b-ad72130fcca3')",Ni,1.5268404510474998e-10,1.5268404510474998e-10,1.0,9.066741688482605e-14,9.066741688482605e-14,stoichiometric,Pentlandite(sulphides) / Garnierite(laterites),2.9342028985507245,4.480059677088069e-10,2.9342028985507245,2.660365974275635e-13,0.00509049773755656,0.005090497289550593,0.0803628113054402,5.424041312605723e-08,5.424041312605723e-08
"Nickel, ion","('ecoinvent-3.4-biosphere', '9f69cb8e-51fe-447b-a1ac-4da74de8ebe4')",Ni,1.5268404510474998e-10,1.5268404510474998e-10,1.0,9.066741688482605e-14,9.066741688482605e-14,stoichiometric,Pentlandite(sulphides) / Garnierite(laterites),2.9342028985507245,4.480059677088069e-10,2.9342028985507245,2.660365974275635e-13,0.00509049773755656,0.005090497289550593,0.0803628113054402,5.424041312605723e-08,5.424041312605723e-08
"Nickel, ion","('ecoinvent-3.4-biosphere', '23cb10a4-6228-4ce4-9fb5-7043bc31faec')",Ni,1.5268404510474998e-10,1.5268404510474998e-10,1.0,9.066741688482605e-14,9.066741688482605e-14,stoichiometric,Pentlandite(sulphides) / Garnierite(laterites),2.9342028985507245,4.480059677088069e-10,2.9342028985507245,2.660365974275635e-13,0.00509049773755656,0.005090497289550593,0.0803628113054402,5.424041312605723e-08,5.424041312605723e-08
Copper,"('ecoinvent-3.4-biosphere', '7e66a41c-d311-4949-bdd8-eef09cdcfa47')",Cu,1.343833503614111e-10,1.343833503614111e-10,1.0,1.231243333335009e-14,1.231243333335009e-14,stoichiometric,Chalcopyrite,2.8793103448275863,3.8693137086820094e-10,2.8793103448275863,3.545131666671491e-14,0.00201437125748503,0.002014370870553659,0.8086409056778144,1.0282688556746647e-06,1.0282688556746647e-06
Copper,"('ecoinvent-3.4-biosphere', 'e336eee7-148a-4d1c-8027-780cbfafa12b')",Cu,1.343833503614111e-10,1.343833503614111e-10,1.0,1.231243333335009e-14,1.231243333335009e-14,stoichiometric,Chalcopyrite,2.8793103448275863,3.8693137086820094e-10,2.8793103448275863,3.545131666671491e-14,0.00201437125748503,0.002014370870553659,0.8086409056778144,1.0282688556746647e-06,1.0282688556746647e-06
Copper,"('ecoinvent-3.4-biosphere', '44d3e792-7c9e-48ab-9de9-acfa2e097f26')",Cu,1.343833503614111e-10,1.343833503614111e-10,1.0,1.231243333335009e-14,1.231243333335009e-14,stoichiometric,Chalcopyrite,2.8793103448275863,3.8693137086820094e-10,2.8793103448275863,3.545131666671491e-14,0.00201437125748503,0.002014370870553659,0.8086409056778144,1.0282688556746647e-06,1.0282688556746647e-06
Copper,"('ecoinvent-3.4-biosphere', '88cde01c-df69-40bb-9b14-6eac71bea5b8')",Cu,1.343833503614111e-10,1.343833503614111e-10,1.0,1.231243333335009e-14,1.231243333335009e-14,stoichiometric,Chalcopyrite,2.8793103448275863,3.8693137086820094e-10,2.8793103448275863,3.545131666671491e-14,0.00201437125748503,0.002014370870553659,0.8086409056778144,1.0282688556746647e-06,1.0282688556746647e-06
Copper,"('ecoinvent-3.4-biosphere', 'ec8144d6-d123-43b1-9c17-a295422a0498')",Cu,1.343833503614111e-10,1.343833503614111e-10,1.0,1.231243333335009e-14,1.231243333335009e-14,stoichiometric,Chalcopyrite,2.8793103448275863,3.8693137086820094e-10,2.8793103448275863,3.545131666671491e-14,0.00201437125748503,0.002014370870553659,0.8086409056778144,1.0282688556746647e-06,1.0282688556746647e-06
Copper,"('ecoinvent-3.4-biosphere', 'fd153f15-1d16-410a-91fa-04d205e36c43')",Cu,1.343833503614111e-10,1.343833503614111e-10,1.0,1.231243333335009e-14,1.231243333335009e-14,stoichiometric,Chalcopyrite,2.8793103448275863,3.8693137086820094e-10,2.8793103448275863,3.545131666671491e-14,0.00201437125748503,0.002014370870553659,0.8086409056778144,1.0282688556746647e-06,1.0282688556746647e-06
Copper,"('ecoinvent-3.4-biosphere', '3573a5af-88f8-4f74-ade7-cd269cbc4e66')",Cu,1.343833503614111e-10,1.343833503614111e-10,1.0,1.231243333335009e-14,1.231243333335009e-14,stoichiometric,Chalcopyrite,2.8793103448275863,3.8693137086820094e-10,2.8793103448275863,3.545131666671491e-14,0.00201437125748503,0.002014370870553659,0.8086409056778144,1.0282688556746647e-06,1.0282688556746647e-06
Copper,"('ecoinvent-3.4-biosphere', '237ca6bc-2f0a-4416-a0e3-bd512f038f2e')",Cu,1.343833503614111e-10,1.343833503614111e-10,1.0,1.231243333335009e-14,1.231243333335009e-14,stoichiometric,Chalcopyrite,2.8793103448275863,3.8693137086820094e-10,2.8793103448275863,3.545131666671491e-14,0.00201437125748503,0.002014370870553659,0.8086409056778144,1.0282688556746647e-06,1.0282688556746647e-06
Copper,"('ecoinvent-3.4-biosphere', '0a5e8a67-f9ae-48b3-bfa7-e9d37c30a191')",Cu,1.343833503614111e-10,1.343833503614111e-10,1.0,1.231243333335009e-14,1.231243333335009e-14,stoichiometric,Chalcopyrite,2.8793103448275863,3.8693137086820094e-10,2.8793103448275863,3.545131666671491e-14,0.00201437125748503,0.002014370870553659,0.8086409056778144,1.0282688556746647e-06,1.0282688556746647e-06
Phosphorus,"('ecoinvent-3.4-biosphere', 'b6e2f7f4-6b2e-4b3e-be1f-67626cb8205d')",P,1.3007276929626868e-10,1.3007276929626868e-10,1.0,1.6973366253890836e-14,1.6973366253890836e-14,stoichiometric,Apatite,0.3532544378698225,4.59487829999245e-11,0.3532544378698225,5.995916954776823e-15,0.04784087102177553,0.047840870975826746,0.9,7.728579929732447e-11,7.728579929732447e-11
Phosphorus,"('ecoinvent-3.4-biosphere', 'ea4e9316-5080-4b3b-bbf3-1949f6d7577a')",P,1.3007276929626868e-10,1.3007276929626868e-10,1.0,1.6973366253890836e-14,1.6973366253890836e-14,stoichiometric,Apatite,0.3532544378698225,4.59487829999245e-11,0.3532544378698225,5.995916954776823e-15,0.04784087102177553,0.047840870975826746,0.9,7.728579929732447e-11,7.728579929732447e-11
Phosphorus,"('ecoinvent-3.4-biosphere', '76b09afe-52b9-4ecc-b97a-00b49ad8ed1a')",P,1.3007276929626868e-10,1.3007276929626868e-10,1.0,1.6973366253890836e-14,1.6973366253890836e-14,stoichiometric,Apatite,0.3532544378698225,4.59487829999245e-11,0.3532544378698225,5.995916954776823e-15,0.04784087102177553,0.047840870975826746,0.9,7.728579929732447e-11,7.728579929732447e-11
Phosphorus,"('ecoinvent-3.4-biosphere', 'b1fca66f-8e83-469a-a7b5-018e14d5d545')",P,1.3007276929626868e-10,1.3007276929626868e-10,1.0,1.6973366253890836e-14,1.6973366253890836e-14,stoichiometric,Apatite,0.3532544378698225,4.59487829999245e-11,0.3532544378698225,5.995916954776823e-15,0.04784087102177553,0.047840870975826746,0.9,7.728579929732447e-11,7.728579929732447e-11
Phosphorus,"('ecoinvent-3.4-biosphere', 'f5e7e615-4160-4df9-b39b-7463eaed77c7')",P,1.3007276929626868e-10,1.3007276929626868e-10,1.0,1.6973366253890836e-14,1.6973366253890836e-14,stoichiometric,Apatite,0.3532544378698225,4.59487829999245e-11,0.3532544378698225,5.995916954776823e-15,0.04784087102177553,0.047840870975826746,0.9,7.728579929732447e-11,7.728579929732447e-11
Phosphorus,"('ecoinvent-3.4-biosphere', 'c89a0749-40a5-4c9c-8770-c4295ea34977')",P,1.3007276929626868e-10,1.3007276929626868e-10,1.0,1.6973366253890836e-14,1.6973366253890836e-14,stoichiometric,Apatite,0.3532544378698225,4.59487829999245e-11,0.3532544378698225,5.995916954776823e-15,0.04784087102177553,0.047840870975826746,0.9,7.728579929732447e-11,7.728579929732447e-11
Phosphorus,"('ecoinvent-3.4-biosphere', '8b0a4a41-c65c-4d94-b10c-94ddb98abdd2')",P,1.3007276929626868e-10,1.3007276929626868e-10,1.0,1.6973366253890836e-14,1.6973366253890836e-14,stoichiometric,Apatite,0.3532544378698225,4.59487829999245e-11,0.3532544378698225,5.995916954776823e-15,0.04784087102177553,0.047840870975826746,0.9,7.728579929732447e-11,7.728579929732447e-11
Phosphorus,"('ecoinvent-3.4-biosphere', '2d4b8ec1-8d53-4e62-8a11-ebc45909b02e')",P,1.3007276929626868e-10,1.3007276929626868e-10,1.0,1.6973366253890836e-14,1.6973366253890836e-14,stoichiometric,Apatite,0.3532544378698225,4.59487829999245e-11,0.3532544378698225,5.995916954776823e-15,0.04784087102177553,0.047840870975826746,0.9,7.728579929732447e-11,7.728579929732447e-11
Phosphorus,"('ecoinvent-3.4-biosphere', 'b2631209-8374-431e-b7d5-56c96c6b6d79')",P,1.3007276929626868e-10,1.3007276929626868e-10,1.0,1.6973366253890836e-14,1.6973366253890836e-14,stoichiometric,Apatite,0.3532544378698225,4.59487829999245e-11,0.3532544378698225,5.995916954776823e-15,0.04784087102177553,0.047840870975826746,0.9,7.728579929732447e-11,7.728579929732447e-11
Phosphorus,"('ecoinvent-3.4-biosphere', '2f8952b0-c90c-4e3d-b546-52b862fc8f11')",P,1.3007276929626868e-10,1.3007276929626868e-10,1.0,1.6973366253890836e-14,1.6973366253890836e-14,stoichiometric,Apatite,0.3532544378698225,4.59487829999245e-11,0.3532544378698225,5.995916954776823e-15,0.04784087102177553,0.047840870975826746,0.9,7.728579929732447e-11,7.728579929732447e-11
Phosphorus,"('ecoinvent-3.4-biosphere', '198ce8e3-f05a-4bec-9f7f-325347453326')",P,1.3007276929626868e-10,1.3007276929626868e-10,1.0,1.6973366253890836e-14,1.6973366253890836e-14,stoichiometric,Apatite,0.3532544378698225,4.59487829999245e-11,0.3532544378698225,5.995916954776823e-15,0.04784087102177553,0.047840870975826746,0.9,7.728579929732447e-11,7.728579929732447e-11
Phosphorus,"('ecoinvent-3.4-biosphere', '62f3d964-9b53-4d01-9ee0-04112dcfc6d2')",P,1.3007276929626868e-10,1.3007276929626868e-10,1.0,1.6973366253890836e-14,1.6973366253890836e-14,stoichiometric,Apatite,0.3532544378698225,4.59487829999245e-11,0.3532544378698225,5.995916954776823e-15,0.04784087102177553,0.047840870975826746,0.9,7.728579929732447e-11,7.728579929732447e-11
Phosphorus,"('ecoinvent-3.4-biosphere', 'e2d35af7-9806-46ff-9b75-b124a48fa5a1')",P,1.3007276929626868e-10,1.3007276929626868e-10,1.0,1.6973366253890836e-14,1.6973366253890836e-14,stoichiometric,Apatite,0.3532544378698225,4.59487829999245e-11,0.3532544378698225,5.995916954776823e-15,0.04784087102177553,0.047840870975826746,0.9,7.728579929732447e-11,7.728579929732447e-11
Phosphorus,"('ecoinvent-3.4-biosphere', 'd761f94e-517d-41cf-89fa-17dc72f7a69b')",P,1.3007276929626868e-10,1.3007276929626868e-10,1.0,1.6973366253890836e-14,1.6973366253890836e-14,stoichiometric,Apatite,0.3532544378698225,4.59487829999245e-11,0.3532544378698225,5.995916954776823e-15,0.04784087102177553,0.047840870975826746,0.9,7.728579929732447e-11,7.728579929732447e-11
Zinc,"('ecoinvent-3.4-biosphere', 'b88999ec-84fd-462d-9dec-7e20a4636a58')",Zn,1.182301726293104e-10,1.182301726293104e-10,1.0,1.0836576745711442e-13,1.0836576745711442e-13,stoichiometric,Sphalerite,1.4901477832512315,1.7618042965697733e-10,1.4901477832512315,1.614810081565375e-13,0.02724561983471074,0.02724561965853031,0.789865871833085,2.4869028163509125e-09,2.4869028163509125e-09
Zinc,"('ecoinvent-3.4-biosphere', '748f22a9-eba4-4726-bef5-92c7442ce189')",Zn,1.182301726293104e-10,1.182301726293104e-10,1.0,1.0836576745711442e-13,1.0836576745711442e-13,stoichiometric,Sphalerite,1.4901477832512315,1.7618042965697733e-10,1.4901477832512315,1.614810081565375e-13,0.02724561983471074,0.02724561965853031,0.789865871833085,2.4869028163509125e-09,2.4869028163509125e-09
Zinc,"('ecoinvent-3.4-biosphere', '8f871bab-96dc-49d9-bf08-12cdd0715901')",Zn,1.182301726293104e-10,1.182301726293104e-10,1.0,1.0836576745711442e-13,1.0836576745711442e-13,stoichiometric,Sphalerite,1.4901477832512315,1.7618042965697733e-10,1.4901477832512315,1.614810081565375e-13,0.02724561983471074,0.02724561965853031,0.789865871833085,2.4869028163509125e-09,2.4869028163509125e-09
Zinc,"('ecoinvent-3.4-biosphere', '8d226423-1351-4366-b09f-d16c9e38683c')",Zn,1.182301726293104e-10,1.182301726293104e-10,1.0,1.0836576745711442e-13,1.0836576745711442e-13,stoichiometric,Sphalerite,1.4901477832512315,1.7618042965697733e-10,1.4901477832512315,1.614810081565375e-13,0.02724561983471074,0.02724561965853031,0.789865871833085,2.4869028163509125e-09,2.4869028163509125e-09
Zinc,"('ecoinvent-3.4-biosphere', '5ce378a0-b48d-471c-977d-79681521efde')",Zn,1.182301726293104e-10,1.182301726293104e-10,1.0,1.0836576745711442e-13,1.0836576745711442e-13,stoichiometric,Sphalerite,1.4901477832512315,1.7618042965697733e-10,1.4901477832512315,1.614810081565375e-13,0.02724561983471074,0.02724561965853031,0.789865871833085,2.4869028163509125e-09,2.4869028163509125e-09
Zinc,"('ecoinvent-3.4-biosphere', '84aa799e-9d98-4d34-85e0-516d28ab1be9')",Zn,1.182301726293104e-10,1.182301726293104e-10,1.0,1.0836576745711442e-13,1.0836576745711442e-13,stoichiometric,Sphalerite,1.4901477832512315,1.7618042965697733e-10,1.4901477832512315,1.614810081565375e-13,0.02724561983471074,0.02724561965853031,0.789865871833085,2.4869028163509125e-09,2.4869028163509125e-09
Zinc,"('ecoinvent-3.4-biosphere', '87a69874-34f9-4070-a525-aa301ab2634b')",Zn,1.182301726293104e-10,1.182301726293104e-10,1.0,1.0836576745711442e-13,1.0836576745711442e-13,stoichiometric,Sphalerite,1.4901477832512315,1.7618042965697733e-10,1.4901477832512315,1.614810081565375e-13,0.02724561983471074,0.02724561965853031,0.789865871833085,2.4869028163509125e-09,2.4869028163509125e-09
Zinc,"('ecoinvent-3.4-biosphere', '77887584-ddca-4920-952c-3609730e0c13')",Zn,1.182301726293104e-10,1.182301726293104e-10,1.0,1.0836576745711442e-13,1.0836576745711442e-13,stoichiometric,Sphalerite,1.4901477832512315,1.7618042965697733e-10,1.4901477832512315,1.614810081565375e-13,0.02724561983471074,0.02724561965853031,0.789865871833085,2.4869028163509125e-09,2.4869028163509125e-09
Zinc,"('ecoinvent-3.4-biosphere', 'ada3ecfe-8244-4389-bcce-e83ca4f66e09')",Zn,1.182301726293104e-10,1.182301726293104e-10,1.0,1.0836576745711442e-13,1.0836576745711442e-13,stoichiometric,Sphalerite,1.4901477832512315,1.7618042965697733e-10,1.4901477832512315,1.614810081565375e-13,0.02724561983471074,0.02724561965853031,0.789865871833085,2.4869028163509125e-09,2.4869028163509125e-09
Lead,"('ecoinvent-3.4-biosphere', '6a903634-c97f-4c49-a7c0-88f0e6ac7a23')",Pb,1.1419509057440714e-10,1.1419509057440714e-10,1.0,1.1855254708054448e-13,1.1855254708054448e-13,stoichiometric,Galena,1.1560975609756097,1.3202066568846094e-10,1.1560975609756097,1.370583105272636e-13,0.017732067510548524,0.01773206737852786,0.635111259945265,1.6802169174639399e-09,1.6802169174639399e-09
Lead,"('ecoinvent-3.4-biosphere', 'fe4613d7-1ed8-427d-9b06-c8e8f4f5e1b1')",Pb,1.1419509057440714e-10,1.1419509057440714e-10,1.0,1.1855254708054448e-13,1.1855254708054448e-13,stoichiometric,Galena,1.1560975609756097,1.3202066568846094e-10,1.1560975609756097,1.370583105272636e-13,0.017732067510548524,0.01773206737852786,0.635111259945265,1.6802169174639399e-09,1.6802169174639399e-09
Lead,"('ecoinvent-3.4-biosphere', '67652827-017f-4856-8d0a-c97bac4c6562')",Pb,1.1419509057440714e-10,1.1419509057440714e-10,1.0,1.1855254708054448e-13,1.1855254708054448e-13,stoichiometric,Galena,1.1560975609756097,1.3202066568846094e-10,1.1560975609756097,1.370583105272636e-13,0.017732067510548524,0.01773206737852786,0.635111259945265,1.6802169174639399e-09,1.6802169174639399e-09
Lead,"('ecoinvent-3.4-biosphere', 'c864aa15-0abc-41ad-9889-348106e485d8')",Pb,1.1419509057440714e-10,1.1419509057440714e-10,1.0,1.1855254708054448e-13,1.1855254708054448e-13,stoichiometric,Galena,1.1560975609756097,1.3202066568846094e-10,1.1560975609756097,1.370583105272636e-13,0.017732067510548524,0.01773206737852786,0.635111259945265,1.6802169174639399e-09,1.6802169174639399e-09
Lead,"('ecoinvent-3.4-biosphere', 'e9e856c2-868e-435e-8425-8df1c9297cfc')",Pb,1.1419509057440714e-10,1.1419509057440714e-10,1.0,1.1855254708054448e-13,1.1855254708054448e-13,stoichiometric,Galena,1.1560975609756097,1.3202066568846094e-10,1.1560975609756097,1.370583105272636e-13,0.017732067510548524,0.01773206737852786,0.635111259945265,1.6802169174639399e-09,1.6802169174639399e-09
Lead,"('ecoinvent-3.4-biosphere', '739234c8-5359-48b4-983f-9cb170d68c8d')",Pb,1.1419509057440714e-10,1.1419509057440714e-10,1.0,1.1855254708054448e-13,1.1855254708054448e-13,stoichiometric,Galena,1.1560975609756097,1.3202066568846094e-10,1.1560975609756097,1.370583105272636e-13,0.017732067510548524,0.01773206737852786,0.635111259945265,1.6802169174639399e-09,1.6802169174639399e-09
Lead,"('ecoinvent-3.4-biosphere', '31c4d160-b21e-41b3-b9c1-3d7a72377653')",Pb,1.1419509057440714e-10,1.1419509057440714e-10,1.0,1.1855254708054448e-13,1.1855254708054448e-13,stoichiometric,Galena,1.1560975609756097,1.3202066568846094e-10,1.1560975609756097,1.370583105272636e-13,0.017732067510548524,0.01773206737852786,0.635111259945265,1.6802169174639399e-09,1.6802169174639399e-09
Lead,"('ecoinvent-3.4-biosphere', '0ff15165-d761-48c9-9814-2d1dcdd56857')",Pb,1.1419509057440714e-10,1.1419509057440714e-10,1.0,1.1855254708054448e-13,1.1855254708054448e-13,stoichiometric,Galena,1.1560975609756097,1.3202066568846094e-10,1.1560975609756097,1.370583105272636e-13,0.017732067510548524,0.01773206737852786,0.635111259945265,1.6802169174639399e-09,1.6802169174639399e-09
Lead,"('ecoinvent-3.4-biosphere', 'b3ebdcc3-c588-4997-95d2-9785b26b34e1')",Pb,1.1419509057440714e-10,1.1419509057440714e-10,1.0,1.1855254708054448e-13,1.1855254708054448e-13,stoichiometric,Galena,1.1560975609756097,1.3202066568846094e-10,1.1560975609756097,1.370583105272636e-13,0.017732067510548524,0.01773206737852786,0.635111259945265,1.6802169174639399e-09,1.6802169174639399e-09
Lead,"('ecoinvent-3.4-biosphere', '8e123669-94d3-41d8-9480-a79211fe7c43')",Pb,1.1419509057440714e-10,1.1419509057440714e-10,1.0,1.1855254708054448e-13,1.1855254708054448e-13,stoichiometric,Galena,1.1560975609756097,1.3202066568846094e-10,1.1560975609756097,1.370583105272636e-13,0.017732067510548524,0.01773206737852786,0.635111259945265,1.6802169174639399e-09,1.6802169174639399e-09
Lead,"('ecoinvent-3.4-biosphere', '9ee7f4ab-b826-47ae-8623-e138f944b42e')",Pb,1.1419509057440714e-10,1.1419509057440714e-10,1.0,1.1855254708054448e-13,1.1855254708054448e-13,stoichiometric,Galena,1.1560975609756097,1.3202066568846094e-10,1.1560975609756097,1.370583105272636e-13,0.017732067510548524,0.01773206737852786,0.635111259945265,1.6802169174639399e-09,1.6802169174639399e-09
Lead,"('ecoinvent-3.4-biosphere', '2718482b-8399-442e-b89a-52fbcc22d2e6')",Pb,1.1419509057440714e-10,1.1419509057440714e-10,1.0,1.1855254708054448e-13,1.1855254708054448e-13,stoichiometric,Galena,1.1560975609756097,1.3202066568846094e-10,1.1560975609756097,1.370583105272636e-13,0.017732067510548524,0.01773206737852786,0.635111259945265,1.6802169174639399e-09,1.6802169174639399e-09
Lead,"('ecoinvent-3.4-biosphere', '837083ce-41cd-49f3-a849-d79564dac238')",Pb,1.1419509057440714e-10,1.1419509057440714e-10,1.0,1.1855254708054448e-13,1.1855254708054448e-13,stoichiometric,Galena,1.1560975609756097,1.3202066568846094e-10,1.1560975609756097,1.370583105272636e-13,0.017732067510548524,0.01773206737852786,0.635111259945265,1.6802169174639399e-09,1.6802169174639399e-09
Lead,"('ecoinvent-3.4-biosphere', '4010918f-7fd0-4925-8fbb-8fd7a44a806c')",Pb,1.1419509057440714e-10,1.1419509057440714e-10,1.0,1.1855254708054448e-13,1.1855254708054448e-13,stoichiometric,Galena,1.1560975609756097,1.3202066568846094e-10,1.1560975609756097,1.370583105272636e-13,0.017732067510548524,0.01773206737852786,0.635111259945265,1.6802169174639399e-09,1.6802169174639399e-09
"Chromium, ion","('ecoinvent-3.4-biosphere', 'd9c23a8d-e7bf-4f70-8d22-b9ad8a653204')",Cr,1.124818048930123e-10,1.124818048930123e-10,1.0,3.1278613038877847e-13,3.1278613038877847e-13,stoichiometric,Chromite,2.152027027027027,2.420638841785434e-10,2.152027027027027,6.73124206275851e-13,0.13754474097331237,0.13754474073124848,0.81,6.553032402655597e-11,6.553032402655597e-11
"Chromium, ion","('ecoinvent-3.4-biosphere', 'd98f0ec0-bf19-4c90-a457-a8593dec497f')",Cr,1.124818048930123e-10,1.124818048930123e-10,1.0,3.1278613038877847e-13,3.1278613038877847e-13,stoichiometric,Chromite,2.152027027027027,2.420638841785434e-10,2.152027027027027,6.73124206275851e-13,0.13754474097331237,0.13754474073124848,0.81,6.553032402655597e-11,6.553032402655597e-11
"Chromium, ion","('ecoinvent-3.4-biosphere', '30f484ee-dec4-47ae-8e92-d00d4b93fe05')",Cr,1.124818048930123e-10,1.124818048930123e-10,1.0,3.1278613038877847e-13,3.1278613038877847e-13,stoichiometric,Chromite,2.152027027027027,2.420638841785434e-10,2.152027027027027,6.73124206275851e-13,0.13754474097331237,0.13754474073124848,0.81,6.553032402655597e-11,6.553032402655597e-11
"Chromium, ion","('ecoinvent-3.4-biosphere', '1c87de06-e58f-4684-a54c-d29f1a251a87')",Cr,1.124818048930123e-10,1.124818048930123e-10,1.0,3.1278613038877847e-13,3.1278613038877847e-13,stoichiometric,Chromite,2.152027027027027,2.420638841785434e-10,2.152027027027027,6.73124206275851e-13,0.13754474097331237,0.13754474073124848,0.81,6.553032402655597e-11,6.553032402655597e-11
"Chromium, ion","('ecoinvent-3.4-biosphere', 'e34d3da4-a3d5-41be-84b5-458afe32c990')",Cr,1.124818048930123e-10,1.124818048930123e-10,1.0,3.1278613038877847e-13,3.1278613038877847e-13,stoichiometric,Chromite,2.152027027027027,2.420638841785434e-10,2.152027027027027,6.73124206275851e-13,0.13754474097331237,0.13754474073124848,0.81,6.553032402655597e-11,6.553032402655597e-11
Chromium,"('ecoinvent-3.4-biosphere', '2a5ed451-12a2-47db-b4dc-fa0bfbc01d79')",Cr,1.0812589732140712e-10,1.0812589732140712e-10,1.0,3.1278613038877847e-13,3.1278613038877847e-13,stoichiometric,Chromite,2.152027027027027,2.3268985335721736e-10,2.152027027027027,6.73124206275851e-13,0.13754474097331237,0.13754474074062253,0.81,6.299261955029671e-11,6.299261955029671e-11
Chromium,"('ecoinvent-3.4-biosphere', '591de726-f2c7-43ba-8e22-15fd08acc8dc')",Cr,1.0812589732140712e-10,1.0812589732140712e-10,1.0,3.1278613038877847e-13,3.1278613038877847e-13,stoichiometric,Chromite,2.152027027027027,2.3268985335721736e-10,2.152027027027027,6.73124206275851e-13,0.13754474097331237,0.13754474074062253,0.81,6.299261955029671e-11,6.299261955029671e-11
Chromium,"('ecoinvent-3.4-biosphere', '7705f0e1-5b14-44f4-b330-1245b5c7fc08')",Cr,1.0812589732140712e-10,1.0812589732140712e-10,1.0,3.1278613038877847e-13,3.1278613038877847e-13,stoichiometric,Chromite,2.152027027027027,2.3268985335721736e-10,2.152027027027027,6.73124206275851e-13,0.13754474097331237,0.13754474074062253,0.81,6.299261955029671e-11,6.299261955029671e-11
Chromium,"('ecoinvent-3.4-biosphere', '4d40d8e3-9bc7-4ab1-ac5c-4f4a76fda8e5')",Cr,1.0812589732140712e-10,1.0812589732140712e-10,1.0,3.1278613038877847e-13,3.1278613038877847e-13,stoichiometric,Chromite,2.152027027027027,2.3268985335721736e-10,2.152027027027027,6.73124206275851e-13,0.13754474097331237,0.13754474074062253,0.81,6.299261955029671e-11,6.299261955029671e-11
Chromium,"('ecoinvent-3.4-biosphere', 'e0336c9b-a0ff-4ae3-b8bb-ca1e46bbbc11')",Cr,1.0812589732140712e-10,1.0812589732140712e-10,1.0,3.1278613038877847e-13,3.1278613038877847e-13,stoichiometric,Chromite,2.152027027027027,2.3268985335721736e-10,2.152027027027027,6.73124206275851e-13,0.13754474097331237,0.13754474074062253,0.81,6.299261955029671e-11,6.299261955029671e-11
Chromium,"('ecoinvent-3.4-biosphere', 'e65a9c58-21f1-48b6-b738-d05a8f10e5f3')",Cr,1.0812589732140712e-10,1.0812589732140712e-10,1.0,3.1278613038877847e-13,3.1278613038877847e-13,stoichiometric,Chromite,2.152027027027027,2.3268985335721736e-10,2.152027027027027,6.73124206275851e-13,0.13754474097331237,0.13754474074062253,0.81,6.299261955029671e-11,6.299261955029671e-11
Chromium,"('ecoinvent-3.4-biosphere', '6b29d83a-c43c-484c-8e73-474a8a22d71e')",Cr,1.0812589732140712e-10,1.0812589732140712e-10,1.0,3.1278613038877847e-13,3.1278613038877847e-13,stoichiometric,Chromite,2.152027027027027,2.3268985335721736e-10,2.152027027027027,6.73124206275851e-13,0.13754474097331237,0.13754474074062253,0.81,6.299261955029671e-11,6.299261955029671e-11
Chromium,"('ecoinvent-3.4-biosphere', 'e7881581-21b3-4f5c-bd63-6b0684b5e712')",Cr,1.0812589732140712e-10,1.0812589732140712e-10,1.0,3.1278613038877847e-13,3.1278613038877847e-13,stoichiometric,Chromite,2.152027027027027,2.3268985335721736e-10,2.152027027027027,6.73124206275851e-13,0.13754474097331237,0.13754474074062253,0.81,6.299261955029671e-11,6.299261955029671e-11
Chromium,"('ecoinvent-3.4-biosphere', 'e142b577-e934-4085-9a07-3983d4d92afb')",Cr,1.0812589732140712e-10,1.0812589732140712e-10,1.0,3.1278613038877847e-13,3.1278613038877847e-13,stoichiometric,Chromite,2.152027027027027,2.3268985335721736e-10,2.152027027027027,6.73124206275851e-13,0.13754474097331237,0.13754474074062253,0.81,6.299261955029671e-11,6.299261955029671e-11
Manganese,"('ecoinvent-3.4-biosphere', '6b7fbea6-4a86-40f9-954d-3c9b3611abfd')",Mn,8.383647998444959e-11,8.383647998444959e-11,1.0,6.485008032108113e-14,6.485008032108113e-14,stoichiometric,Pyrolusite,1.5822784810126582,1.3265265820324303e-10,1.5822784810126582,1.0261088658398912e-13,0.199712,0.19971199986734733,0.6709603911825677,7.700241420601246e-11,7.700241420601246e-11
Manganese,"('ecoinvent-3.4-biosphere', '44f28e11-061d-44fd-8f25-dc62a9f1fa57')",Mn,8.383647998444959e-11,8.383647998444959e-11,1.0,6.485008032108113e-14,6.485008032108113e-14,stoichiometric,Pyrolusite,1.5822784810126582,1.3265265820324303e-10,1.5822784810126582,1.0261088658398912e-13,0.199712,0.19971199986734733,0.6709603911825677,7.700241420601246e-11,7.700241420601246e-11
Manganese,"('ecoinvent-3.4-biosphere', '9c706cff-cb82-4207-a589-95896e04dc08')",Mn,8.383647998444959e-11,8.383647998444959e-11,1.0,6.485008032108113e-14,6.485008032108113e-14,stoichiometric,Pyrolusite,1.5822784810126582,1.3265265820324303e-10,1.5822784810126582,1.0261088658398912e-13,0.199712,0.19971199986734733,0.6709603911825677,7.700241420601246e-11,7.700241420601246e-11
Manganese,"('ecoinvent-3.4-biosphere', '9ba8c05d-1593-45a5-8d3b-5c4f3e9fef32')",Mn,8.383647998444959e-11,8.383647998444959e-11,1.0,6.485008032108113e-14,6.485008032108113e-14,stoichiometric,Pyrolusite,1.5822784810126582,1.3265265820324303e-10,1.5822784810126582,1.0261088658398912e-13,0.199712,0.19971199986734733,0.6709603911825677,7.700241420601246e-11,7.700241420601246e-11
Manganese,"('ecoinvent-3.4-biosphere', '835d0907-a668-4d92-b6b6-7b56fa343713')",Mn,8.383647998444959e-11,8.383647998444959e-11,1.0,6.485008032108113e-14,6.485008032108113e-14,stoichiometric,Pyrolusite,1.5822784810126582,1.3265265820324303e-10,1.5822784810126582,1.0261088658398912e-13,0.199712,0.19971199986734733,0.6709603911825677,7.700241420601246e-11,7.700241420601246e-11
Manganese,"('ecoinvent-3.4-biosphere', '2460f868-54a9-404c-bec8-c809a44ae72c')",Mn,8.383647998444959e-11,8.383647998444959e-11,1.0,6.485008032108113e-14,6.485008032108113e-14,stoichiometric,Pyrolusite,1.5822784810126582,1.3265265820324303e-10,1.5822784810126582,1.0261088658398912e-13,0.199712,0.19971199986734733,0.6709603911825677,7.700241420601246e-11,7.700241420601246e-11
Manganese,"('ecoinvent-3.4-biosphere', '10cbd2f7-c41b-4bb4-b636-d8fc15cf0282')",Mn,8.383647998444959e-11,8.383647998444959e-11,1.0,6.485008032108113e-14,6.485008032108113e-14,stoichiometric,Pyrolusite,1.5822784810126582,1.3265265820324303e-10,1.5822784810126582,1.0261088658398912e-13,0.199712,0.19971199986734733,0.6709603911825677,7.700241420601246e-11,7.700241420601246e-11
Manganese,"('ecoinvent-3.4-biosphere', '295060ba-3c3d-45e4-99ca-e17b1204b553')",Mn,8.383647998444959e-11,8.383647998444959e-11,1.0,6.485008032108113e-14,6.485008032108113e-14,stoichiometric,Pyrolusite,1.5822784810126582,1.3265265820324303e-10,1.5822784810126582,1.0261088658398912e-13,0.199712,0.19971199986734733,0.6709603911825677,7.700241420601246e-11,7.700241420601246e-11
Manganese,"('ecoinvent-3.4-biosphere', 'b0546417-3064-4878-bd6f-2da75cefdf63')",Mn,8.383647998444959e-11,8.383647998444959e-11,1.0,6.485008032108113e-14,6.485008032108113e-14,stoichiometric,Pyrolusite,1.5822784810126582,1.3265265820324303e-10,1.5822784810126582,1.0261088658398912e-13,0.199712,0.19971199986734733,0.6709603911825677,7.700241420601246e-11,7.700241420601246e-11
Manganese,"('ecoinvent-3.4-biosphere', 'c91fd4bf-ed70-4e2f-a34f-159773f981b6')",Mn,8.383647998444959e-11,8.383647998444959e-11,1.0,6.485008032108113e-14,6.485008032108113e-14,stoichiometric,Pyrolusite,1.5822784810126582,1.3265265820324303e-10,1.5822784810126582,1.0261088658398912e-13,0.199712,0.19971199986734733,0.6709603911825677,7.700241420601246e-11,7.700241420601246e-11
Manganese,"('ecoinvent-3.4-biosphere', '0af26a55-d357-469f-abad-8ced785cb4fb')",Mn,8.383647998444959e-11,8.383647998444959e-11,1.0,6.485008032108113e-14,6.485008032108113e-14,stoichiometric,Pyrolusite,1.5822784810126582,1.3265265820324303e-10,1.5822784810126582,1.0261088658398912e-13,0.199712,0.19971199986734733,0.6709603911825677,7.700241420601246e-11,7.700241420601246e-11
Manganese,"('ecoinvent-3.4-biosphere', '42053ffb-9284-49cb-88f9-33ac5c77be4a')",Mn,8.383647998444959e-11,8.383647998444959e-11,1.0,6.485008032108113e-14,6.485008032108113e-14,stoichiometric,Pyrolusite,1.5822784810126582,1.3265265820324303e-10,1.5822784810126582,1.0261088658398912e-13,0.199712,0.19971199986734733,0.6709603911825677,7.700241420601246e-11,7.700241420601246e-11
Manganese,"('ecoinvent-3.4-biosphere', 'f532985c-90b7-46fc-aac9-b039b40e22f1')",Mn,8.383647998444959e-11,8.383647998444959e-11,1.0,6.485008032108113e-14,6.485008032108113e-14,stoichiometric,Pyrolusite,1.5822784810126582,1.3265265820324303e-10,1.5822784810126582,1.0261088658398912e-13,0.199712,0.19971199986734733,0.6709603911825677,7.700241420601246e-11,7.700241420601246e-11
Manganese,"('ecoinvent-3.4-biosphere', '009a49e8-09a7-4432-9cb9-f2dd18e8f922')",Mn,8.383647998444959e-11,8.383647998444959e-11,1.0,6.485008032108113e-14,6.485008032108113e-14,stoichiometric,Pyrolusite,1.5822784810126582,1.3265265820324303e-10,1.5822784810126582,1.0261088658398912e-13,0.199712,0.19971199986734733,0.6709603911825677,7.700241420601246e-11,7.700241420601246e-11
"Silver, ion","('ecoinvent-3.4-biosphere', '6aa8673f-f7e3-4270-93dc-e97b745fced7')",Ag,8.235913608026018e-11,8.235913608026018e-11,1.0,1.5701960660375504e-13,1.5701960660375504e-13,stoichiometric,Argentite,1.1478494623655913,9.453589007062121e-11,1.1478494623655913,1.8023487102097688e-13,3.240843091334895e-06,3.2407485554448242e-06,0.9,0.0028151031849447863,0.0028151031849447863
"Silver, ion","('ecoinvent-3.4-biosphere', '21c257b2-57ce-4a6e-b4bd-40f0f75f310f')",Ag,8.235913608026018e-11,8.235913608026018e-11,1.0,1.5701960660375504e-13,1.5701960660375504e-13,stoichiometric,Argentite,1.1478494623655913,9.453589007062121e-11,1.1478494623655913,1.8023487102097688e-13,3.240843091334895e-06,3.2407485554448242e-06,0.9,0.0028151031849447863,0.0028151031849447863
"Silver, ion","('ecoinvent-3.4-biosphere', 'af9793ba-25a1-4928-a14a-4bcf7d5bd3f7')",Ag,8.235913608026018e-11,8.235913608026018e-11,1.0,1.5701960660375504e-13,1.5701960660375504e-13,stoichiometric,Argentite,1.1478494623655913,9.453589007062121e-11,1.1478494623655913,1.8023487102097688e-13,3.240843091334895e-06,3.2407485554448242e-06,0.9,0.0028151031849447863,0.0028151031849447863
"Silver, ion","('ecoinvent-3.4-biosphere', '94426df9-63b1-4dc6-ad1b-3509e22f1154')",Ag,8.235913608026018e-11,8.235913608026018e-11,1.0,1.5701960660375504e-13,1.5701960660375504e-13,stoichiometric,Argentite,1.1478494623655913,9.453589007062121e-11,1.1478494623655913,1.8023487102097688e-13,3.240843091334895e-06,3.2407485554448242e-06,0.9,0.0028151031849447863,0.0028151031849447863
"Silver, ion","('ecoinvent-3.4-biosphere', '71cfe87c-ab80-421e-adba-afb7d5bd0861')",Ag,8.235913608026018e-11,8.235913608026018e-11,1.0,1.5701960660375504e-13,1.5701960660375504e-13,stoichiometric,Argentite,1.1478494623655913,9.453589007062121e-11,1.1478494623655913,1.8023487102097688e-13,3.240843091334895e-06,3.2407485554448242e-06,0.9,0.0028151031849447863,0.0028151031849447863
Manganese,"('ecoinvent-3.4-biosphere', '6b7fbea6-4a86-40f9-954d-3c9b3611abfd')",Mn,7.71615745820334e-11,7.71615745820334e-11,1.0,6.485008032108113e-14,6.485008032108113e-14,stoichiometric,Pyrolusite,1.5822784810126582,1.2209109902220474e-10,1.5822784810126582,1.0261088658398912e-13,0.199712,0.1997119998779089,0.6709603911825677,7.087162917297779e-11,7.087162917297779e-11
Manganese,"('ecoinvent-3.4-biosphere', '44f28e11-061d-44fd-8f25-dc62a9f1fa57')",Mn,7.71615745820334e-11,7.71615745820334e-11,1.0,6.485008032108113e-14,6.485008032108113e-14,stoichiometric,Pyrolusite,1.5822784810126582,1.2209109902220474e-10,1.5822784810126582,1.0261088658398912e-13,0.199712,0.1997119998779089,0.6709603911825677,7.087162917297779e-11,7.087162917297779e-11
Manganese,"('ecoinvent-3.4-biosphere', '9c706cff-cb82-4207-a589-95896e04dc08')",Mn,7.71615745820334e-11,7.71615745820334e-11,1.0,6.485008032108113e-14,6.485008032108113e-14,stoichiometric,Pyrolusite,1.5822784810126582,1.2209109902220474e-10,1.5822784810126582,1.0261088658398912e-13,0.199712,0.1997119998779089,0.6709603911825677,7.087162917297779e-11,7.087162917297779e-11
Manganese,"('ecoinvent-3.4-biosphere', '9ba8c05d-1593-45a5-8d3b-5c4f3e9fef32')",Mn,7.71615745820334e-11,7.71615745820334e-11,1.0,6.485008032108113e-14,6.485008032108113e-14,stoichiometric,Pyrolusite,1.5822784810126582,1.2209109902220474e-10,1.5822784810126582,1.0261088658398912e-13,0.199712,0.1997119998779089,0.6709603911825677,7.087162917297779e-11,7.087162917297779e-11
Manganese,"('ecoinvent-3.4-biosphere', '835d0907-a668-4d92-b6b6-7b56fa343713')",Mn,7.71615745820334e-11,7.71615745820334e-11,1.0,6.485008032108113e-14,6.485008032108113e-14,stoichiometric,Pyrolusite,1.5822784810126582,1.2209109902220474e-10,1.5822784810126582,1.0261088658398912e-13,0.199712,0.1997119998779089,0.6709603911825677,7.087162917297779e-11,7.087162917297779e-11
Manganese,"('ecoinvent-3.4-biosphere', '2460f868-54a9-404c-bec8-c809a44ae72c')",Mn,7.71615745820334e-11,7.71615745820334e-11,1.0,6.485008032108113e-14,6.485008032108113e-14,stoichiometric,Pyrolusite,1.5822784810126582,1.2209109902220474e-10,1.5822784810126582,1.0261088658398912e-13,0.199712,0.1997119998779089,0.6709603911825677,7.087162917297779e-11,7.087162917297779e-11
Manganese,"('ecoinvent-3.4-biosphere', '10cbd2f7-c41b-4bb4-b636-d8fc15cf0282')",Mn,7.71615745820334e-11,7.71615745820334e-11,1.0,6.485008032108113e-14,6.485008032108113e-14,stoichiometric,Pyrolusite,1.5822784810126582,1.2209109902220474e-10,1.5822784810126582,1.0261088658398912e-13,0.199712,0.1997119998779089,0.6709603911825677,7.087162917297779e-11,7.087162917297779e-11
Manganese,"('ecoinvent-3.4-biosphere', '295060ba-3c3d-45e4-99ca-e17b1204b553')",Mn,7.71615745820334e-11,7.71615745820334e-11,1.0,6.485008032108113e-14,6.485008032108113e-14,stoichiometric,Pyrolusite,1.5822784810126582,1.2209109902220474e-10,1.5822784810126582,1.0261088658398912e-13,0.199712,0.1997119998779089,0.6709603911825677,7.087162917297779e-11,7.087162917297779e-11
Manganese,"('ecoinvent-3.4-biosphere', 'b0546417-3064-4878-bd6f-2da75cefdf63')",Mn,7.71615745820334e-11,7.71615745820334e-11,1.0,6.485008032108113e-14,6.485008032108113e-14,stoichiometric,Pyrolusite,1.5822784810126582,1.2209109902220474e-10,1.5822784810126582,1.0261088658398912e-13,0.199712,0.1997119998779089,0.6709603911825677,7.087162917297779e-11,7.087162917297779e-11
Manganese,"('ecoinvent-3.4-biosphere', 'c91fd4bf-ed70-4e2f-a34f-159773f981b6')",Mn,7.71615745820334e-11,7.71615745820334e-11,1.0,6.485008032108113e-14,6.485008032108113e-14,stoichiometric,Pyrolusite,1.5822784810126582,1.2209109902220474e-10,1.5822784810126582,1.0261088658398912e-13,0.199712,0.1997119998779089,0.6709603911825677,7.087162917297779e-11,7.087162917297779e-11
Manganese,"('ecoinvent-3.4-biosphere', '0af26a55-d357-469f-abad-8ced785cb4fb')",Mn,7.71615745820334e-11,7.71615745820334e-11,1.0,6.485008032108113e-14,6.485008032108113e-14,stoichiometric,Pyrolusite,1.5822784810126582,1.2209109902220474e-10,1.5822784810126582,1.0261088658398912e-13,0.199712,0.1997119998779089,0.6709603911825677,7.087162917297779e-11,7.087162917297779e-11
Manganese,"('ecoinvent-3.4-biosphere', '42053ffb-9284-49cb-88f9-33ac5c77be4a')",Mn,7.71615745820334e-11,7.71615745820334e-11,1.0,6.485008032108113e-14,6.485008032108113e-14,stoichiometric,Pyrolusite,1.5822784810126582,1.2209109902220474e-10,1.5822784810126582,1.0261088658398912e-13,0.199712,0.1997119998779089,0.6709603911825677,7.087162917297779e-11,7.087162917297779e-11
Manganese,"('ecoinvent-3.4-biosphere', 'f532985c-90b7-46fc-aac9-b039b40e22f1')",Mn,7.71615745820334e-11,7.71615745820334e-11,1.0,6.485008032108113e-14,6.485008032108113e-14,stoichiometric,Pyrolusite,1.5822784810126582,1.2209109902220474e-10,1.5822784810126582,1.0261088658398912e-13,0.199712,0.1997119998779089,0.6709603911825677,7.087162917297779e-11,7.087162917297779e-11
Manganese,"('ecoinvent-3.4-biosphere', '009a49e8-09a7-4432-9cb9-f2dd18e8f922')",Mn,7.71615745820334e-11,7.71615745820334e-11,1.0,6.485008032108113e-14,6.485008032108113e-14,stoichiometric,Pyrolusite,1.5822784810126582,1.2209109902220474e-10,1.5822784810126582,1.0261088658398912e-13,0.199712,0.1997119998779089,0.6709603911825677,7.087162917297779e-11,7.087162917297779e-11
Zinc,"('ecoinvent-3.4-biosphere', 'b88999ec-84fd-462d-9dec-7e20a4636a58')",Zn,7.478640651862054e-11,7.478640651862054e-11,1.0,1.0836576745711442e-13,1.0836576745711442e-13,stoichiometric,Sphalerite,1.4901477832512315,1.1144279789104786e-10,1.4901477832512315,1.614810081565375e-13,0.02724561983471074,0.02724561972326794,0.789865871833085,1.5730872054960386e-09,1.5730872054960386e-09
Zinc,"('ecoinvent-3.4-biosphere', '748f22a9-eba4-4726-bef5-92c7442ce189')",Zn,7.478640651862054e-11,7.478640651862054e-11,1.0,1.0836576745711442e-13,1.0836576745711442e-13,stoichiometric,Sphalerite,1.4901477832512315,1.1144279789104786e-10,1.4901477832512315,1.614810081565375e-13,0.02724561983471074,0.02724561972326794,0.789865871833085,1.5730872054960386e-09,1.5730872054960386e-09
Zinc,"('ecoinvent-3.4-biosphere', '8f871bab-96dc-49d9-bf08-12cdd0715901')",Zn,7.478640651862054e-11,7.478640651862054e-11,1.0,1.0836576745711442e-13,1.0836576745711442e-13,stoichiometric,Sphalerite,1.4901477832512315,1.1144279789104786e-10,1.4901477832512315,1.614810081565375e-13,0.02724561983471074,0.02724561972326794,0.789865871833085,1.5730872054960386e-09,1.5730872054960386e-09
Zinc,"('ecoinvent-3.4-biosphere', '8d226423-1351-4366-b09f-d16c9e38683c')",Zn,7.478640651862054e-11,7.478640651862054e-11,1.0,1.0836576745711442e-13,1.0836576745711442e-13,stoichiometric,Sphalerite,1.4901477832512315,1.1144279789104786e-10,1.4901477832512315,1.614810081565375e-13,0.02724561983471074,0.02724561972326794,0.789865871833085,1.5730872054960386e-09,1.5730872054960386e-09
Zinc,"('ecoinvent-3.4-biosphere', '5ce378a0-b48d-471c-977d-79681521efde')",Zn,7.478640651862054e-11,7.478640651862054e-11,1.0,1.0836576745711442e-13,1.0836576745711442e-13,stoichiometric,Sphalerite,1.4901477832512315,1.1144279789104786e-10,1.4901477832512315,1.614810081565375e-13,0.02724561983471074,0.02724561972326794,0.789865871833085,1.5730872054960386e-09,1.5730872054960386e-09
Zinc,"('ecoinvent-3.4-biosphere', '84aa799e-9d98-4d34-85e0-516d28ab1be9')",Zn,7.478640651862054e-11,7.478640651862054e-11,1.0,1.0836576745711442e-13,1.0836576745711442e-13,stoichiometric,Sphalerite,1.4901477832512315,1.1144279789104786e-10,1.4901477832512315,1.614810081565375e-13,0.02724561983471074,0.02724561972326794,0.789865871833085,1.5730872054960386e-09,1.5730872054960386e-09
Zinc,"('ecoinvent-3.4-biosphere', '87a69874-34f9-4070-a525-aa301ab2634b')",Zn,7.478640651862054e-11,7.478640651862054e-11,1.0,1.0836576745711442e-13,1.0836576745711442e-13,stoichiometric,Sphalerite,1.4901477832512315,1.1144279789104786e-10,1.4901477832512315,1.614810081565375e-13,0.02724561983471074,0.02724561972326794,0.789865871833085,1.5730872054960386e-09,1.5730872054960386e-09
Zinc,"('ecoinvent-3.4-biosphere', '77887584-ddca-4920-952c-3609730e0c13')",Zn,7.478640651862054e-11,7.478640651862054e-11,1.0,1.0836576745711442e-13,1.0836576745711442e-13,stoichiometric,Sphalerite,1.4901477832512315,1.1144279789104786e-10,1.4901477832512315,1.614810081565375e-13,0.02724561983471074,0.02724561972326794,0.789865871833085,1.5730872054960386e-09,1.5730872054960386e-09
Zinc,"('ecoinvent-3.4-biosphere', 'ada3ecfe-8244-4389-bcce-e83ca4f66e09')",Zn,7.478640651862054e-11,7.478640651862054e-11,1.0,1.0836576745711442e-13,1.0836576745711442e-13,stoichiometric,Sphalerite,1.4901477832512315,1.1144279789104786e-10,1.4901477832512315,1.614810081565375e-13,0.02724561983471074,0.02724561972326794,0.789865871833085,1.5730872054960386e-09,1.5730872054960386e-09
Tin,"('ecoinvent-3.4-biosphere', '85a764f2-a810-4b20-bc86-a45604262fda')",Sn,6.854852790158699e-11,6.854852790158699e-11,1.0,1.3268575464212294e-13,1.3268575464212294e-13,stoichiometric,Cassiterite,1.26875,8.697094477513849e-11,1.26875,1.6834505120219348e-13,0.003783251231527093,0.0037832511445561484,0.8632947389802966,5.7394319008300794e-08,5.7394319008300794e-08
Tin,"('ecoinvent-3.4-biosphere', '8a422b03-1055-4bc8-b439-27bf8d7eef57')",Sn,6.854852790158699e-11,6.854852790158699e-11,1.0,1.3268575464212294e-13,1.3268575464212294e-13,stoichiometric,Cassiterite,1.26875,8.697094477513849e-11,1.26875,1.6834505120219348e-13,0.003783251231527093,0.0037832511445561484,0.8632947389802966,5.7394319008300794e-08,5.7394319008300794e-08
Tin,"('ecoinvent-3.4-biosphere', '168c970b-91c9-4427-a3a0-6686ad6cc2c4')",Sn,6.854852790158699e-11,6.854852790158699e-11,1.0,1.3268575464212294e-13,1.3268575464212294e-13,stoichiometric,Cassiterite,1.26875,8.697094477513849e-11,1.26875,1.6834505120219348e-13,0.003783251231527093,0.0037832511445561484,0.8632947389802966,5.7394319008300794e-08,5.7394319008300794e-08
Tin,"('ecoinvent-3.4-biosphere', '19b6e569-85a4-4ea9-a590-d61a21e3c846')",Sn,6.854852790158699e-11,6.854852790158699e-11,1.0,1.3268575464212294e-13,1.3268575464212294e-13,stoichiometric,Cassiterite,1.26875,8.697094477513849e-11,1.26875,1.6834505120219348e-13,0.003783251231527093,0.0037832511445561484,0.8632947389802966,5.7394319008300794e-08,5.7394319008300794e-08
Tin,"('ecoinvent-3.4-biosphere', 'c67e3ba8-ddce-4931-b4b0-f4f9a56ccf40')",Sn,6.854852790158699e-11,6.854852790158699e-11,1.0,1.3268575464212294e-13,1.3268575464212294e-13,stoichiometric,Cassiterite,1.26875,8.697094477513849e-11,1.26875,1.6834505120219348e-13,0.003783251231527093,0.0037832511445561484,0.8632947389802966,5.7394319008300794e-08,5.7394319008300794e-08
Tin,"('ecoinvent-3.4-biosphere', '2a7b68ff-f12a-44c6-8b31-71ec91d29889')",Sn,6.854852790158699e-11,6.854852790158699e-11,1.0,1.3268575464212294e-13,1.3268575464212294e-13,stoichiometric,Cassiterite,1.26875,8.697094477513849e-11,1.26875,1.6834505120219348e-13,0.003783251231527093,0.0037832511445561484,0.8632947389802966,5.7394319008300794e-08,5.7394319008300794e-08
Tin,"('ecoinvent-3.4-biosphere', '6366d4ec-5ffc-4488-be51-0c239cdf535d')",Sn,6.854852790158699e-11,6.854852790158699e-11,1.0,1.3268575464212294e-13,1.3268575464212294e-13,stoichiometric,Cassiterite,1.26875,8.697094477513849e-11,1.26875,1.6834505120219348e-13,0.003783251231527093,0.0037832511445561484,0.8632947389802966,5.7394319008300794e-08,5.7394319008300794e-08
Tin,"('ecoinvent-3.4-biosphere', 'e070bd24-fd16-4963-8f4d-78bb4c402400')",Sn,6.854852790158699e-11,6.854852790158699e-11,1.0,1.3268575464212294e-13,1.3268575464212294e-13,stoichiometric,Cassiterite,1.26875,8.697094477513849e-11,1.26875,1.6834505120219348e-13,0.003783251231527093,0.0037832511445561484,0.8632947389802966,5.7394319008300794e-08,5.7394319008300794e-08
Tin,"('ecoinvent-3.4-biosphere', 'f563b90e-a300-4403-b278-d2fdcd73e5a7')",Sn,6.854852790158699e-11,6.854852790158699e-11,1.0,1.3268575464212294e-13,1.3268575464212294e-13,stoichiometric,Cassiterite,1.26875,8.697094477513849e-11,1.26875,1.6834505120219348e-13,0.003783251231527093,0.0037832511445561484,0.8632947389802966,5.7394319008300794e-08,5.7394319008300794e-08
Phosphorus,"('ecoinvent-3.4-biosphere', 'b6e2f7f4-6b2e-4b3e-be1f-67626cb8205d')",P,5.910390164201e-11,5.910390164201e-11,1.0,1.6973366253890836e-14,1.6973366253890836e-14,stoichiometric,Apatite,0.3532544378698225,2.087871555046152e-11,0.3532544378698225,5.995916954776823e-15,0.04784087102177553,0.04784087100089682,0.9,3.511797353217868e-11,3.511797353217868e-11
Phosphorus,"('ecoinvent-3.4-biosphere', 'ea4e9316-5080-4b3b-bbf3-1949f6d7577a')",P,5.910390164201e-11,5.910390164201e-11,1.0,1.6973366253890836e-14,1.6973366253890836e-14,stoichiometric,Apatite,0.3532544378698225,2.087871555046152e-11,0.3532544378698225,5.995916954776823e-15,0.04784087102177553,0.04784087100089682,0.9,3.511797353217868e-11,3.511797353217868e-11
Phosphorus,"('ecoinvent-3.4-biosphere', '76b09afe-52b9-4ecc-b97a-00b49ad8ed1a')",P,5.910390164201e-11,5.910390164201e-11,1.0,1.6973366253890836e-14,1.6973366253890836e-14,stoichiometric,Apatite,0.3532544378698225,2.087871555046152e-11,0.3532544378698225,5.995916954776823e-15,0.04784087102177553,0.04784087100089682,0.9,3.511797353217868e-11,3.511797353217868e-11
Phosphorus,"('ecoinvent-3.4-biosphere', 'b1fca66f-8e83-469a-a7b5-018e14d5d545')",P,5.910390164201e-11,5.910390164201e-11,1.0,1.6973366253890836e-14,1.6973366253890836e-14,stoichiometric,Apatite,0.3532544378698225,2.087871555046152e-11,0.3532544378698225,5.995916954776823e-15,0.04784087102177553,0.04784087100089682,0.9,3.511797353217868e-11,3.511797353217868e-11
Phosphorus,"('ecoinvent-3.4-biosphere', 'f5e7e615-4160-4df9-b39b-7463eaed77c7')",P,5.910390164201e-11,5.910390164201e-11,1.0,1.6973366253890836e-14,1.6973366253890836e-14,stoichiometric,Apatite,0.3532544378698225,2.087871555046152e-11,0.3532544378698225,5.995916954776823e-15,0.04784087102177553,0.04784087100089682,0.9,3.511797353217868e-11,3.511797353217868e-11
Phosphorus,"('ecoinvent-3.4-biosphere', 'c89a0749-40a5-4c9c-8770-c4295ea34977')",P,5.910390164201e-11,5.910390164201e-11,1.0,1.6973366253890836e-14,1.6973366253890836e-14,stoichiometric,Apatite,0.3532544378698225,2.087871555046152e-11,0.3532544378698225,5.995916954776823e-15,0.04784087102177553,0.04784087100089682,0.9,3.511797353217868e-11,3.511797353217868e-11
Phosphorus,"('ecoinvent-3.4-biosphere', '8b0a4a41-c65c-4d94-b10c-94ddb98abdd2')",P,5.910390164201e-11,5.910390164201e-11,1.0,1.6973366253890836e-14,1.6973366253890836e-14,stoichiometric,Apatite,0.3532544378698225,2.087871555046152e-11,0.3532544378698225,5.995916954776823e-15,0.04784087102177553,0.04784087100089682,0.9,3.511797353217868e-11,3.511797353217868e-11
Phosphorus,"('ecoinvent-3.4-biosphere', '2d4b8ec1-8d53-4e62-8a11-ebc45909b02e')",P,5.910390164201e-11,5.910390164201e-11,1.0,1.6973366253890836e-14,1.6973366253890836e-14,stoichiometric,Apatite,0.3532544378698225,2.087871555046152e-11,0.3532544378698225,5.995916954776823e-15,0.04784087102177553,0.04784087100089682,0.9,3.511797353217868e-11,3.511797353217868e-11
Phosphorus,"('ecoinvent-3.4-biosphere', 'b2631209-8374-431e-b7d5-56c96c6b6d79')",P,5.910390164201e-11,5.910390164201e-11,1.0,1.6973366253890836e-14,1.6973366253890836e-14,stoichiometric,Apatite,0.3532544378698225,2.087871555046152e-11,0.3532544378698225,5.995916954776823e-15,0.04784087102177553,0.04784087100089682,0.9,3.511797353217868e-11,3.511797353217868e-11
Phosphorus,"('ecoinvent-3.4-biosphere', '2f8952b0-c90c-4e3d-b546-52b862fc8f11')",P,5.910390164201e-11,5.910390164201e-11,1.0,1.6973366253890836e-14,1.6973366253890836e-14,stoichiometric,Apatite,0.3532544378698225,2.087871555046152e-11,0.3532544378698225,5.995916954776823e-15,0.04784087102177553,0.04784087100089682,0.9,3.511797353217868e-11,3.511797353217868e-11
Phosphorus,"('ecoinvent-3.4-biosphere', '198ce8e3-f05a-4bec-9f7f-325347453326')",P,5.910390164201e-11,5.910390164201e-11,1.0,1.6973366253890836e-14,1.6973366253890836e-14,stoichiometric,Apatite,0.3532544378698225,2.087871555046152e-11,0.3532544378698225,5.995916954776823e-15,0.04784087102177553,0.04784087100089682,0.9,3.511797353217868e-11,3.511797353217868e-11
Phosphorus,"('ecoinvent-3.4-biosphere', '62f3d964-9b53-4d01-9ee0-04112dcfc6d2')",P,5.910390164201e-11,5.910390164201e-11,1.0,1.6973366253890836e-14,1.6973366253890836e-14,stoichiometric,Apatite,0.3532544378698225,2.087871555046152e-11,0.3532544378698225,5.995916954776823e-15,0.04784087102177553,0.04784087100089682,0.9,3.511797353217868e-11,3.511797353217868e-11
Phosphorus,"('ecoinvent-3.4-biosphere', 'e2d35af7-9806-46ff-9b75-b124a48fa5a1')",P,5.910390164201e-11,5.910390164201e-11,1.0,1.6973366253890836e-14,1.6973366253890836e-14,stoichiometric,Apatite,0.3532544378698225,2.087871555046152e-11,0.3532544378698225,5.995916954776823e-15,0.04784087102177553,0.04784087100089682,0.9,3.511797353217868e-11,3.511797353217868e-11
Phosphorus,"('ecoinvent-3.4-biosphere', 'd761f94e-517d-41cf-89fa-17dc72f7a69b')",P,5.910390164201e-11,5.910390164201e-11,1.0,1.6973366253890836e-14,1.6973366253890836e-14,stoichiometric,Apatite,0.3532544378698225,2.087871555046152e-11,0.3532544378698225,5.995916954776823e-15,0.04784087102177553,0.04784087100089682,0.9,3.511797353217868e-11,3.511797353217868e-11
"Tin, ion","('ecoinvent-3.4-biosphere', '2a992e5e-9f16-47b8-8bcb-733d00bed658')",Sn,5.528077195106704e-11,5.528077195106704e-11,1.0,1.3268575464212294e-13,1.3268575464212294e-13,stoichiometric,Cassiterite,1.26875,7.013747941291631e-11,1.26875,1.6834505120219348e-13,0.003783251231527093,0.0037832511613896135,0.8632947389802966,4.6285528422661966e-08,4.6285528422661966e-08
"Tin, ion","('ecoinvent-3.4-biosphere', '3ddb2e36-bc1b-43a5-8ef4-cbcdbeeeea70')",Sn,5.528077195106704e-11,5.528077195106704e-11,1.0,1.3268575464212294e-13,1.3268575464212294e-13,stoichiometric,Cassiterite,1.26875,7.013747941291631e-11,1.26875,1.6834505120219348e-13,0.003783251231527093,0.0037832511613896135,0.8632947389802966,4.6285528422661966e-08,4.6285528422661966e-08
"Tin, ion","('ecoinvent-3.4-biosphere', '60a6702f-20ad-444f-a6df-f6374f1e3183')",Sn,5.528077195106704e-11,5.528077195106704e-11,1.0,1.3268575464212294e-13,1.3268575464212294e-13,stoichiometric,Cassiterite,1.26875,7.013747941291631e-11,1.26875,1.6834505120219348e-13,0.003783251231527093,0.0037832511613896135,0.8632947389802966,4.6285528422661966e-08,4.6285528422661966e-08
"Tin, ion","('ecoinvent-3.4-biosphere', 'f73177d8-5e57-4f0d-ba34-6889cfdfed40')",Sn,5.528077195106704e-11,5.528077195106704e-11,1.0,1.3268575464212294e-13,1.3268575464212294e-13,stoichiometric,Cassiterite,1.26875,7.013747941291631e-11,1.26875,1.6834505120219348e-13,0.003783251231527093,0.0037832511613896135,0.8632947389802966,4.6285528422661966e-08,4.6285528422661966e-08
"Tin, ion","('ecoinvent-3.4-biosphere', 'd5c40848-fc29-47fa-90a4-46db64a45a4e')",Sn,5.528077195106704e-11,5.528077195106704e-11,1.0,1.3268575464212294e-13,1.3268575464212294e-13,stoichiometric,Cassiterite,1.26875,7.013747941291631e-11,1.26875,1.6834505120219348e-13,0.003783251231527093,0.0037832511613896135,0.8632947389802966,4.6285528422661966e-08,4.6285528422661966e-08
"Copper, ion","('ecoinvent-3.4-biosphere', 'd8f9ccf6-fd32-4348-83c0-1cee724af9ae')",Cu,5.4760897631924326e-11,5.4760897631924326e-11,1.0,1.231243333335009e-14,1.231243333335009e-14,stoichiometric,Chalcopyrite,2.8793103448275863,1.5767361904364418e-10,2.8793103448275863,3.545131666671491e-14,0.00201437125748503,0.002014371099811411,0.8086409056778144,4.19017003640111e-07,4.19017003640111e-07
"Copper, ion","('ecoinvent-3.4-biosphere', '6d9550e2-e670-44c1-bad8-c0c4975ffca7')",Cu,5.4760897631924326e-11,5.4760897631924326e-11,1.0,1.231243333335009e-14,1.231243333335009e-14,stoichiometric,Chalcopyrite,2.8793103448275863,1.5767361904364418e-10,2.8793103448275863,3.545131666671491e-14,0.00201437125748503,0.002014371099811411,0.8086409056778144,4.19017003640111e-07,4.19017003640111e-07
"Copper, ion","('ecoinvent-3.4-biosphere', '615b1460-6860-4cf6-8678-ad92c03c5e8b')",Cu,5.4760897631924326e-11,5.4760897631924326e-11,1.0,1.231243333335009e-14,1.231243333335009e-14,stoichiometric,Chalcopyrite,2.8793103448275863,1.5767361904364418e-10,2.8793103448275863,3.545131666671491e-14,0.00201437125748503,0.002014371099811411,0.8086409056778144,4.19017003640111e-07,4.19017003640111e-07
"Copper, ion","('ecoinvent-3.4-biosphere', '40229ebf-9346-4f20-910a-f8ea3bd88d44')",Cu,5.4760897631924326e-11,5.4760897631924326e-11,1.0,1.231243333335009e-14,1.231243333335009e-14,stoichiometric,Chalcopyrite,2.8793103448275863,1.5767361904364418e-10,2.8793103448275863,3.545131666671491e-14,0.00201437125748503,0.002014371099811411,0.8086409056778144,4.19017003640111e-07,4.19017003640111e-07
"Copper, ion","('ecoinvent-3.4-biosphere', 'c3b659e5-35f1-408c-8cb5-b5f9b295c76e')",Cu,5.4760897631924326e-11,5.4760897631924326e-11,1.0,1.231243333335009e-14,1.231243333335009e-14,stoichiometric,Chalcopyrite,2.8793103448275863,1.5767361904364418e-10,2.8793103448275863,3.545131666671491e-14,0.00201437125748503,0.002014371099811411,0.8086409056778144,4.19017003640111e-07,4.19017003640111e-07
"Chromium, ion","('ecoinvent-3.4-biosphere', 'd9c23a8d-e7bf-4f70-8d22-b9ad8a653204')",Cr,5.324829831602382e-11,5.324829831602382e-11,1.0,3.1278613038877847e-13,3.1278613038877847e-13,stoichiometric,Chromite,2.152027027027027,1.14591777119281e-10,2.152027027027027,6.73124206275851e-13,0.13754474097331237,0.1375447408587206,0.81,3.102171414211472e-11,3.102171414211472e-11
"Chromium, ion","('ecoinvent-3.4-biosphere', 'd98f0ec0-bf19-4c90-a457-a8593dec497f')",Cr,5.324829831602382e-11,5.324829831602382e-11,1.0,3.1278613038877847e-13,3.1278613038877847e-13,stoichiometric,Chromite,2.152027027027027,1.14591777119281e-10,2.152027027027027,6.73124206275851e-13,0.13754474097331237,0.1375447408587206,0.81,3.102171414211472e-11,3.102171414211472e-11
"Chromium, ion","('ecoinvent-3.4-biosphere', '30f484ee-dec4-47ae-8e92-d00d4b93fe05')",Cr,5.324829831602382e-11,5.324829831602382e-11,1.0,3.1278613038877847e-13,3.1278613038877847e-13,stoichiometric,Chromite,2.152027027027027,1.14591777119281e-10,2.152027027027027,6.73124206275851e-13,0.13754474097331237,0.1375447408587206,0.81,3.102171414211472e-11,3.102171414211472e-11
"Chromium, ion","('ecoinvent-3.4-biosphere', '1c87de06-e58f-4684-a54c-d29f1a251a87')",Cr,5.324829831602382e-11,5.324829831602382e-11,1.0,3.1278613038877847e-13,3.1278613038877847e-13,stoichiometric,Chromite,2.152027027027027,1.14591777119281e-10,2.152027027027027,6.73124206275851e-13,0.13754474097331237,0.1375447408587206,0.81,3.102171414211472e-11,3.102171414211472e-11
"Chromium, ion","('ecoinvent-3.4-biosphere', 'e34d3da4-a3d5-41be-84b5-458afe32c990')",Cr,5.324829831602382e-11,5.324829831602382e-11,1.0,3.1278613038877847e-13,3.1278613038877847e-13,stoichiometric,Chromite,2.152027027027027,1.14591777119281e-10,2.152027027027027,6.73124206275851e-13,0.13754474097331237,0.1375447408587206,0.81,3.102171414211472e-11,3.102171414211472e-11
Chromium,"('ecoinvent-3.4-biosphere', '2a5ed451-12a2-47db-b4dc-fa0bfbc01d79')",Cr,4.983701726494839e-11,4.983701726494839e-11,1.0,3.1278613038877847e-13,3.1278613038877847e-13,stoichiometric,Chromite,2.152027027027027,1.0725060810058151e-10,2.152027027027027,6.73124206275851e-13,0.13754474097331237,0.13754474086606178,0.81,2.903434076952665e-11,2.903434076952665e-11
Chromium,"('ecoinvent-3.4-biosphere', '591de726-f2c7-43ba-8e22-15fd08acc8dc')",Cr,4.983701726494839e-11,4.983701726494839e-11,1.0,3.1278613038877847e-13,3.1278613038877847e-13,stoichiometric,Chromite,2.152027027027027,1.0725060810058151e-10,2.152027027027027,6.73124206275851e-13,0.13754474097331237,0.13754474086606178,0.81,2.903434076952665e-11,2.903434076952665e-11
Chromium,"('ecoinvent-3.4-biosphere', '7705f0e1-5b14-44f4-b330-1245b5c7fc08')",Cr,4.983701726494839e-11,4.983701726494839e-11,1.0,3.1278613038877847e-13,3.1278613038877847e-13,stoichiometric,Chromite,2.152027027027027,1.0725060810058151e-10,2.152027027027027,6.73124206275851e-13,0.13754474097331237,0.13754474086606178,0.81,2.903434076952665e-11,2.903434076952665e-11
Chromium,"('ecoinvent-3.4-biosphere', '4d40d8e3-9bc7-4ab1-ac5c-4f4a76fda8e5')",Cr,4.983701726494839e-11,4.983701726494839e-11,1.0,3.1278613038877847e-13,3.1278613038877847e-13,stoichiometric,Chromite,2.152027027027027,1.0725060810058151e-10,2.152027027027027,6.73124206275851e-13,0.13754474097331237,0.13754474086606178,0.81,2.903434076952665e-11,2.903434076952665e-11
Chromium,"('ecoinvent-3.4-biosphere', 'e0336c9b-a0ff-4ae3-b8bb-ca1e46bbbc11')",Cr,4.983701726494839e-11,4.983701726494839e-11,1.0,3.1278613038877847e-13,3.1278613038877847e-13,stoichiometric,Chromite,2.152027027027027,1.0725060810058151e-10,2.152027027027027,6.73124206275851e-13,0.13754474097331237,0.13754474086606178,0.81,2.903434076952665e-11,2.903434076952665e-11
Chromium,"('ecoinvent-3.4-biosphere', 'e65a9c58-21f1-48b6-b738-d05a8f10e5f3')",Cr,4.983701726494839e-11,4.983701726494839e-11,1.0,3.1278613038877847e-13,3.1278613038877847e-13,stoichiometric,Chromite,2.152027027027027,1.0725060810058151e-10,2.152027027027027,6.73124206275851e-13,0.13754474097331237,0.13754474086606178,0.81,2.903434076952665e-11,2.903434076952665e-11
Chromium,"('ecoinvent-3.4-biosphere', '6b29d83a-c43c-484c-8e73-474a8a22d71e')",Cr,4.983701726494839e-11,4.983701726494839e-11,1.0,3.1278613038877847e-13,3.1278613038877847e-13,stoichiometric,Chromite,2.152027027027027,1.0725060810058151e-10,2.152027027027027,6.73124206275851e-13,0.13754474097331237,0.13754474086606178,0.81,2.903434076952665e-11,2.903434076952665e-11
Chromium,"('ecoinvent-3.4-biosphere', 'e7881581-21b3-4f5c-bd63-6b0684b5e712')",Cr,4.983701726494839e-11,4.983701726494839e-11,1.0,3.1278613038877847e-13,3.1278613038877847e-13,stoichiometric,Chromite,2.152027027027027,1.0725060810058151e-10,2.152027027027027,6.73124206275851e-13,0.13754474097331237,0.13754474086606178,0.81,2.903434076952665e-11,2.903434076952665e-11
Chromium,"('ecoinvent-3.4-biosphere', 'e142b577-e934-4085-9a07-3983d4d92afb')",Cr,4.983701726494839e-11,4.983701726494839e-11,1.0,3.1278613038877847e-13,3.1278613038877847e-13,stoichiometric,Chromite,2.152027027027027,1.0725060810058151e-10,2.152027027027027,6.73124206275851e-13,0.13754474097331237,0.13754474086606178,0.81,2.903434076952665e-11,2.903434076952665e-11
Antimony,"('ecoinvent-3.4-biosphere', '43b29ad9-26dd-4838-b931-6216e55a0120')",Sb,4.933296675113823e-11,4.933296675113823e-11,1.0,2.1834077210692158e-11,2.1834077210692158e-11,stoichiometric,Stibnite,1.3941798941798942,6.877903036468213e-11,1.3941798941798942,3.0440631455118433e-11,0.02711271347248577,0.02711271340370674,0.9,8.50610866037429e-10,8.50610866037429e-10
Antimony,"('ecoinvent-3.4-biosphere', 'fa39136e-1ef6-43c1-af68-104da104568d')",Sb,4.933296675113823e-11,4.933296675113823e-11,1.0,2.1834077210692158e-11,2.1834077210692158e-11,stoichiometric,Stibnite,1.3941798941798942,6.877903036468213e-11,1.3941798941798942,3.0440631455118433e-11,0.02711271347248577,0.02711271340370674,0.9,8.50610866037429e-10,8.50610866037429e-10
Antimony,"('ecoinvent-3.4-biosphere', '2b2369a4-26bb-4b18-8479-752fdf7a5e7f')",Sb,4.933296675113823e-11,4.933296675113823e-11,1.0,2.1834077210692158e-11,2.1834077210692158e-11,stoichiometric,Stibnite,1.3941798941798942,6.877903036468213e-11,1.3941798941798942,3.0440631455118433e-11,0.02711271347248577,0.02711271340370674,0.9,8.50610866037429e-10,8.50610866037429e-10
Antimony,"('ecoinvent-3.4-biosphere', 'c49fb4cd-eed0-4438-9052-9612473cdbae')",Sb,4.933296675113823e-11,4.933296675113823e-11,1.0,2.1834077210692158e-11,2.1834077210692158e-11,stoichiometric,Stibnite,1.3941798941798942,6.877903036468213e-11,1.3941798941798942,3.0440631455118433e-11,0.02711271347248577,0.02711271340370674,0.9,8.50610866037429e-10,8.50610866037429e-10
Antimony,"('ecoinvent-3.4-biosphere', '5df5cb9f-812c-4ce8-ab1c-df6ab4d31900')",Sb,4.933296675113823e-11,4.933296675113823e-11,1.0,2.1834077210692158e-11,2.1834077210692158e-11,stoichiometric,Stibnite,1.3941798941798942,6.877903036468213e-11,1.3941798941798942,3.0440631455118433e-11,0.02711271347248577,0.02711271340370674,0.9,8.50610866037429e-10,8.50610866037429e-10
Antimony,"('ecoinvent-3.4-biosphere', 'b2dc8668-86de-4207-b20e-dc81dea63c98')",Sb,4.933296675113823e-11,4.933296675113823e-11,1.0,2.1834077210692158e-11,2.1834077210692158e-11,stoichiometric,Stibnite,1.3941798941798942,6.877903036468213e-11,1.3941798941798942,3.0440631455118433e-11,0.02711271347248577,0.02711271340370674,0.9,8.50610866037429e-10,8.50610866037429e-10
Antimony,"('ecoinvent-3.4-biosphere', 'f4cf8d5c-f030-4b55-a3af-e3c20b855ee8')",Sb,4.933296675113823e-11,4.933296675113823e-11,1.0,2.1834077210692158e-11,2.1834077210692158e-11,stoichiometric,Stibnite,1.3941798941798942,6.877903036468213e-11,1.3941798941798942,3.0440631455118433e-11,0.02711271347248577,0.02711271340370674,0.9,8.50610866037429e-10,8.50610866037429e-10
Antimony,"('ecoinvent-3.4-biosphere', '7805afa2-d93b-40bb-b841-325b98aec824')",Sb,4.933296675113823e-11,4.933296675113823e-11,1.0,2.1834077210692158e-11,2.1834077210692158e-11,stoichiometric,Stibnite,1.3941798941798942,6.877903036468213e-11,1.3941798941798942,3.0440631455118433e-11,0.02711271347248577,0.02711271340370674,0.9,8.50610866037429e-10,8.50610866037429e-10
Antimony,"('ecoinvent-3.4-biosphere', '183f9856-03ab-464d-9366-8ef62077b510')",Sb,4.933296675113823e-11,4.933296675113823e-11,1.0,2.1834077210692158e-11,2.1834077210692158e-11,stoichiometric,Stibnite,1.3941798941798942,6.877903036468213e-11,1.3941798941798942,3.0440631455118433e-11,0.02711271347248577,0.02711271340370674,0.9,8.50610866037429e-10,8.50610866037429e-10
Antimony,"('ecoinvent-3.4-biosphere', '83cf77ca-867b-4eef-b0f0-78d71b3d91d5')",Sb,4.933296675113823e-11,4.933296675113823e-11,1.0,2.1834077210692158e-11,2.1834077210692158e-11,stoichiometric,Stibnite,1.3941798941798942,6.877903036468213e-11,1.3941798941798942,3.0440631455118433e-11,0.02711271347248577,0.02711271340370674,0.9,8.50610866037429e-10,8.50610866037429e-10
Antimony,"('ecoinvent-3.4-biosphere', '34b96163-a3df-4bc1-8224-e2a9fe01b23f')",Sb,4.933296675113823e-11,4.933296675113823e-11,1.0,2.1834077210692158e-11,2.1834077210692158e-11,stoichiometric,Stibnite,1.3941798941798942,6.877903036468213e-11,1.3941798941798942,3.0440631455118433e-11,0.02711271347248577,0.02711271340370674,0.9,8.50610866037429e-10,8.50610866037429e-10
Antimony,"('ecoinvent-3.4-biosphere', '3ea5684a-6d64-4f96-8c09-1d90f997c9d4')",Sb,4.933296675113823e-11,4.933296675113823e-11,1.0,2.1834077210692158e-11,2.1834077210692158e-11,stoichiometric,Stibnite,1.3941798941798942,6.877903036468213e-11,1.3941798941798942,3.0440631455118433e-11,0.02711271347248577,0.02711271340370674,0.9,8.50610866037429e-10,8.50610866037429e-10
Antimony,"('ecoinvent-3.4-biosphere', '49803ad0-9ca2-4507-a5ea-f152d16c929d')",Sb,4.933296675113823e-11,4.933296675113823e-11,1.0,2.1834077210692158e-11,2.1834077210692158e-11,stoichiometric,Stibnite,1.3941798941798942,6.877903036468213e-11,1.3941798941798942,3.0440631455118433e-11,0.02711271347248577,0.02711271340370674,0.9,8.50610866037429e-10,8.50610866037429e-10
Antimony,"('ecoinvent-3.4-biosphere', '77927dac-dea3-429d-a434-d5a71d92c4f7')",Sb,4.933296675113823e-11,4.933296675113823e-11,1.0,2.1834077210692158e-11,2.1834077210692158e-11,stoichiometric,Stibnite,1.3941798941798942,6.877903036468213e-11,1.3941798941798942,3.0440631455118433e-11,0.02711271347248577,0.02711271340370674,0.9,8.50610866037429e-10,8.50610866037429e-10
Lead,"('ecoinvent-3.4-biosphere', '6a903634-c97f-4c49-a7c0-88f0e6ac7a23')",Pb,4.768251943646219e-11,4.768251943646219e-11,1.0,1.1855254708054448e-13,1.1855254708054448e-13,stoichiometric,Galena,1.1560975609756097,5.512564442166604e-11,1.1560975609756097,1.370583105272636e-13,0.017732067510548524,0.01773206745542288,0.635111259945265,7.015798010662315e-10,7.015798010662315e-10
Lead,"('ecoinvent-3.4-biosphere', 'fe4613d7-1ed8-427d-9b06-c8e8f4f5e1b1')",Pb,4.768251943646219e-11,4.768251943646219e-11,1.0,1.1855254708054448e-13,1.1855254708054448e-13,stoichiometric,Galena,1.1560975609756097,5.512564442166604e-11,1.1560975609756097,1.370583105272636e-13,0.017732067510548524,0.01773206745542288,0.635111259945265,7.015798010662315e-10,7.015798010662315e-10
Lead,"('ecoinvent-3.4-biosphere', '67652827-017f-4856-8d0a-c97bac4c6562')",Pb,4.768251943646219e-11,4.768251943646219e-11,1.0,1.1855254708054448e-13,1.1855254708054448e-13,stoichiometric,Galena,1.1560975609756097,5.512564442166604e-11,1.1560975609756097,1.370583105272636e-13,0.017732067510548524,0.01773206745542288,0.635111259945265,7.015798010662315e-10,7.015798010662315e-10
Lead,"('ecoinvent-3.4-biosphere', 'c864aa15-0abc-41ad-9889-348106e485d8')",Pb,4.768251943646219e-11,4.768251943646219e-11,1.0,1.1855254708054448e-13,1.1855254708054448e-13,stoichiometric,Galena,1.1560975609756097,5.512564442166604e-11,1.1560975609756097,1.370583105272636e-13,0.017732067510548524,0.01773206745542288,0.635111259945265,7.015798010662315e-10,7.015798010662315e-10
Lead,"('ecoinvent-3.4-biosphere', 'e9e856c2-868e-435e-8425-8df1c9297cfc')",Pb,4.768251943646219e-11,4.768251943646219e-11,1.0,1.1855254708054448e-13,1.1855254708054448e-13,stoichiometric,Galena,1.1560975609756097,5.512564442166604e-11,1.1560975609756097,1.370583105272636e-13,0.017732067510548524,0.01773206745542288,0.635111259945265,7.015798010662315e-10,7.015798010662315e-10
Lead,"('ecoinvent-3.4-biosphere', '739234c8-5359-48b4-983f-9cb170d68c8d')",Pb,4.768251943646219e-11,4.768251943646219e-11,1.0,1.1855254708054448e-13,1.1855254708054448e-13,stoichiometric,Galena,1.1560975609756097,5.512564442166604e-11,1.1560975609756097,1.370583105272636e-13,0.017732067510548524,0.01773206745542288,0.635111259945265,7.015798010662315e-10,7.015798010662315e-10
Lead,"('ecoinvent-3.4-biosphere', '31c4d160-b21e-41b3-b9c1-3d7a72377653')",Pb,4.768251943646219e-11,4.768251943646219e-11,1.0,1.1855254708054448e-13,1.1855254708054448e-13,stoichiometric,Galena,1.1560975609756097,5.512564442166604e-11,1.1560975609756097,1.370583105272636e-13,0.017732067510548524,0.01773206745542288,0.635111259945265,7.015798010662315e-10,7.015798010662315e-10
Lead,"('ecoinvent-3.4-biosphere', '0ff15165-d761-48c9-9814-2d1dcdd56857')",Pb,4.768251943646219e-11,4.768251943646219e-11,1.0,1.1855254708054448e-13,1.1855254708054448e-13,stoichiometric,Galena,1.1560975609756097,5.512564442166604e-11,1.1560975609756097,1.370583105272636e-13,0.017732067510548524,0.01773206745542288,0.635111259945265,7.015798010662315e-10,7.015798010662315e-10
Lead,"('ecoinvent-3.4-biosphere', 'b3ebdcc3-c588-4997-95d2-9785b26b34e1')",Pb,4.768251943646219e-11,4.768251943646219e-11,1.0,1.1855254708054448e-13,1.1855254708054448e-13,stoichiometric,Galena,1.1560975609756097,5.512564442166604e-11,1.1560975609756097,1.370583105272636e-13,0.017732067510548524,0.01773206745542288,0.635111259945265,7.015798010662315e-10,7.015798010662315e-10
Lead,"('ecoinvent-3.4-biosphere', '8e123669-94d3-41d8-9480-a79211fe7c43')",Pb,4.768251943646219e-11,4.768251943646219e-11,1.0,1.1855254708054448e-13,1.1855254708054448e-13,stoichiometric,Galena,1.1560975609756097,5.512564442166604e-11,1.1560975609756097,1.370583105272636e-13,0.017732067510548524,0.01773206745542288,0.635111259945265,7.015798010662315e-10,7.015798010662315e-10
Lead,"('ecoinvent-3.4-biosphere', '9ee7f4ab-b826-47ae-8623-e138f944b42e')",Pb,4.768251943646219e-11,4.768251943646219e-11,1.0,1.1855254708054448e-13,1.1855254708054448e-13,stoichiometric,Galena,1.1560975609756097,5.512564442166604e-11,1.1560975609756097,1.370583105272636e-13,0.017732067510548524,0.01773206745542288,0.635111259945265,7.015798010662315e-10,7.015798010662315e-10
Lead,"('ecoinvent-3.4-biosphere', '2718482b-8399-442e-b89a-52fbcc22d2e6')",Pb,4.768251943646219e-11,4.768251943646219e-11,1.0,1.1855254708054448e-13,1.1855254708054448e-13,stoichiometric,Galena,1.1560975609756097,5.512564442166604e-11,1.1560975609756097,1.370583105272636e-13,0.017732067510548524,0.01773206745542288,0.635111259945265,7.015798010662315e-10,7.015798010662315e-10
Lead,"('ecoinvent-3.4-biosphere', '837083ce-41cd-49f3-a849-d79564dac238')",Pb,4.768251943646219e-11,4.768251943646219e-11,1.0,1.1855254708054448e-13,1.1855254708054448e-13,stoichiometric,Galena,1.1560975609756097,5.512564442166604e-11,1.1560975609756097,1.370583105272636e-13,0.017732067510548524,0.01773206745542288,0.635111259945265,7.015798010662315e-10,7.015798010662315e-10
Lead,"('ecoinvent-3.4-biosphere', '4010918f-7fd0-4925-8fbb-8fd7a44a806c')",Pb,4.768251943646219e-11,4.768251943646219e-11,1.0,1.1855254708054448e-13,1.1855254708054448e-13,stoichiometric,Galena,1.1560975609756097,5.512564442166604e-11,1.1560975609756097,1.370583105272636e-13,0.017732067510548524,0.01773206745542288,0.635111259945265,7.015798010662315e-10,7.015798010662315e-10
Molybdenum,"('ecoinvent-3.4-biosphere', '442511cc-a98b-4242-9229-5736cb9a9399')",Mo,4.233408693285728e-11,4.233408693285728e-11,1.0,1.6532043483883647e-13,1.6532043483883647e-13,stoichiometric,Molybdenite,1.6700000000000004,7.069792517787168e-11,1.6700000000000004,2.7608512618085697e-13,0.0001796407185628742,0.000179640647864949,0.9176761103880936,5.746694497359719e-06,5.746694497359719e-06
Molybdenum,"('ecoinvent-3.4-biosphere', '697e8ecf-bdbe-4857-92c9-e01960c91db7')",Mo,4.233408693285728e-11,4.233408693285728e-11,1.0,1.6532043483883647e-13,1.6532043483883647e-13,stoichiometric,Molybdenite,1.6700000000000004,7.069792517787168e-11,1.6700000000000004,2.7608512618085697e-13,0.0001796407185628742,0.000179640647864949,0.9176761103880936,5.746694497359719e-06,5.746694497359719e-06
Molybdenum,"('ecoinvent-3.4-biosphere', '9cf3a683-ed3d-40e9-b039-7653e4fc9e20')",Mo,4.233408693285728e-11,4.233408693285728e-11,1.0,1.6532043483883647e-13,1.6532043483883647e-13,stoichiometric,Molybdenite,1.6700000000000004,7.069792517787168e-11,1.6700000000000004,2.7608512618085697e-13,0.0001796407185628742,0.000179640647864949,0.9176761103880936,5.746694497359719e-06,5.746694497359719e-06
Molybdenum,"('ecoinvent-3.4-biosphere', '7d3f7498-3596-478a-9fa1-72201ef94082')",Mo,4.233408693285728e-11,4.233408693285728e-11,1.0,1.6532043483883647e-13,1.6532043483883647e-13,stoichiometric,Molybdenite,1.6700000000000004,7.069792517787168e-11,1.6700000000000004,2.7608512618085697e-13,0.0001796407185628742,0.000179640647864949,0.9176761103880936,5.746694497359719e-06,5.746694497359719e-06
Molybdenum,"('ecoinvent-3.4-biosphere', '5fa36ce3-aed0-443b-a09d-4cdf25b41995')",Mo,4.233408693285728e-11,4.233408693285728e-11,1.0,1.6532043483883647e-13,1.6532043483883647e-13,stoichiometric,Molybdenite,1.6700000000000004,7.069792517787168e-11,1.6700000000000004,2.7608512618085697e-13,0.0001796407185628742,0.000179640647864949,0.9176761103880936,5.746694497359719e-06,5.746694497359719e-06
Molybdenum,"('ecoinvent-3.4-biosphere', '35b4d818-1019-413b-b99d-d351d8a67ac4')",Mo,4.233408693285728e-11,4.233408693285728e-11,1.0,1.6532043483883647e-13,1.6532043483883647e-13,stoichiometric,Molybdenite,1.6700000000000004,7.069792517787168e-11,1.6700000000000004,2.7608512618085697e-13,0.0001796407185628742,0.000179640647864949,0.9176761103880936,5.746694497359719e-06,5.746694497359719e-06
Molybdenum,"('ecoinvent-3.4-biosphere', 'fdaaef05-0d10-4032-b2e7-85cae3c7bd5c')",Mo,4.233408693285728e-11,4.233408693285728e-11,1.0,1.6532043483883647e-13,1.6532043483883647e-13,stoichiometric,Molybdenite,1.6700000000000004,7.069792517787168e-11,1.6700000000000004,2.7608512618085697e-13,0.0001796407185628742,0.000179640647864949,0.9176761103880936,5.746694497359719e-06,5.746694497359719e-06
Molybdenum,"('ecoinvent-3.4-biosphere', '640e30d2-3158-4a1a-82ef-fd0c72922c9a')",Mo,4.233408693285728e-11,4.233408693285728e-11,1.0,1.6532043483883647e-13,1.6532043483883647e-13,stoichiometric,Molybdenite,1.6700000000000004,7.069792517787168e-11,1.6700000000000004,2.7608512618085697e-13,0.0001796407185628742,0.000179640647864949,0.9176761103880936,5.746694497359719e-06,5.746694497359719e-06
Molybdenum,"('ecoinvent-3.4-biosphere', '163926e2-b4cc-42bb-ba7d-401028140985')",Mo,4.233408693285728e-11,4.233408693285728e-11,1.0,1.6532043483883647e-13,1.6532043483883647e-13,stoichiometric,Molybdenite,1.6700000000000004,7.069792517787168e-11,1.6700000000000004,2.7608512618085697e-13,0.0001796407185628742,0.000179640647864949,0.9176761103880936,5.746694497359719e-06,5.746694497359719e-06
Molybdenum,"('ecoinvent-3.4-biosphere', 'c126f8a0-6bc4-42e6-9220-d6ccfef3f2ed')",Mo,4.233408693285728e-11,4.233408693285728e-11,1.0,1.6532043483883647e-13,1.6532043483883647e-13,stoichiometric,Molybdenite,1.6700000000000004,7.069792517787168e-11,1.6700000000000004,2.7608512618085697e-13,0.0001796407185628742,0.000179640647864949,0.9176761103880936,5.746694497359719e-06,5.746694497359719e-06
Molybdenum,"('ecoinvent-3.4-biosphere', '1f3c2297-d652-468d-82e8-4fd59bf5b5b8')",Mo,4.233408693285728e-11,4.233408693285728e-11,1.0,1.6532043483883647e-13,1.6532043483883647e-13,stoichiometric,Molybdenite,1.6700000000000004,7.069792517787168e-11,1.6700000000000004,2.7608512618085697e-13,0.0001796407185628742,0.000179640647864949,0.9176761103880936,5.746694497359719e-06,5.746694497359719e-06
Molybdenum,"('ecoinvent-3.4-biosphere', '8b531ec0-ca7a-49cd-bef0-56f110112f34')",Mo,4.233408693285728e-11,4.233408693285728e-11,1.0,1.6532043483883647e-13,1.6532043483883647e-13,stoichiometric,Molybdenite,1.6700000000000004,7.069792517787168e-11,1.6700000000000004,2.7608512618085697e-13,0.0001796407185628742,0.000179640647864949,0.9176761103880936,5.746694497359719e-06,5.746694497359719e-06
Molybdenum,"('ecoinvent-3.4-biosphere', 'c26d4716-ce1e-43da-a662-cd9498b1e8bc')",Mo,4.233408693285728e-11,4.233408693285728e-11,1.0,1.6532043483883647e-13,1.6532043483883647e-13,stoichiometric,Molybdenite,1.6700000000000004,7.069792517787168e-11,1.6700000000000004,2.7608512618085697e-13,0.0001796407185628742,0.000179640647864949,0.9176761103880936,5.746694497359719e-06,5.746694497359719e-06
Molybdenum,"('ecoinvent-3.4-biosphere', '3822809c-cc03-469d-ac2a-9f85842f8440')",Mo,4.233408693285728e-11,4.233408693285728e-11,1.0,1.6532043483883647e-13,1.6532043483883647e-13,stoichiometric,Molybdenite,1.6700000000000004,7.069792517787168e-11,1.6700000000000004,2.7608512618085697e-13,0.0001796407185628742,0.000179640647864949,0.9176761103880936,5.746694497359719e-06,5.746694497359719e-06
Phosphorus,"('ecoinvent-3.4-biosphere', 'b6e2f7f4-6b2e-4b3e-be1f-67626cb8205d')",P,4.1019116637893536e-11,4.1019116637893536e-11,1.0,1.6973366253890836e-14,1.6973366253890836e-14,stoichiometric,Apatite,0.3532544378698225,1.4490184989835766e-11,0.3532544378698225,5.995916954776823e-15,0.04784087102177553,0.047840871007285346,0.9,2.437239493411735e-11,2.437239493411735e-11
Phosphorus,"('ecoinvent-3.4-biosphere', 'ea4e9316-5080-4b3b-bbf3-1949f6d7577a')",P,4.1019116637893536e-11,4.1019116637893536e-11,1.0,1.6973366253890836e-14,1.6973366253890836e-14,stoichiometric,Apatite,0.3532544378698225,1.4490184989835766e-11,0.3532544378698225,5.995916954776823e-15,0.04784087102177553,0.047840871007285346,0.9,2.437239493411735e-11,2.437239493411735e-11
Phosphorus,"('ecoinvent-3.4-biosphere', '76b09afe-52b9-4ecc-b97a-00b49ad8ed1a')",P,4.1019116637893536e-11,4.1019116637893536e-11,1.0,1.6973366253890836e-14,1.6973366253890836e-14,stoichiometric,Apatite,0.3532544378698225,1.4490184989835766e-11,0.3532544378698225,5.995916954776823e-15,0.04784087102177553,0.047840871007285346,0.9,2.437239493411735e-11,2.437239493411735e-11
Phosphorus,"('ecoinvent-3.4-biosphere', 'b1fca66f-8e83-469a-a7b5-018e14d5d545')",P,4.1019116637893536e-11,4.1019116637893536e-11,1.0,1.6973366253890836e-14,1.6973366253890836e-14,stoichiometric,Apatite,0.3532544378698225,1.4490184989835766e-11,0.3532544378698225,5.995916954776823e-15,0.04784087102177553,0.047840871007285346,0.9,2.437239493411735e-11,2.437239493411735e-11
Phosphorus,"('ecoinvent-3.4-biosphere', 'f5e7e615-4160-4df9-b39b-7463eaed77c7')",P,4.1019116637893536e-11,4.1019116637893536e-11,1.0,1.6973366253890836e-14,1.6973366253890836e-14,stoichiometric,Apatite,0.3532544378698225,1.4490184989835766e-11,0.3532544378698225,5.995916954776823e-15,0.04784087102177553,0.047840871007285346,0.9,2.437239493411735e-11,2.437239493411735e-11
Phosphorus,"('ecoinvent-3.4-biosphere', 'c89a0749-40a5-4c9c-8770-c4295ea34977')",P,4.1019116637893536e-11,4.1019116637893536e-11,1.0,1.6973366253890836e-14,1.6973366253890836e-14,stoichiometric,Apatite,0.3532544378698225,1.4490184989835766e-11,0.3532544378698225,5.995916954776823e-15,0.04784087102177553,0.047840871007285346,0.9,2.437239493411735e-11,2.437239493411735e-11
Phosphorus,"('ecoinvent-3.4-biosphere', '8b0a4a41-c65c-4d94-b10c-94ddb98abdd2')",P,4.1019116637893536e-11,4.1019116637893536e-11,1.0,1.6973366253890836e-14,1.6973366253890836e-14,stoichiometric,Apatite,0.3532544378698225,1.4490184989835766e-11,0.3532544378698225,5.995916954776823e-15,0.04784087102177553,0.047840871007285346,0.9,2.437239493411735e-11,2.437239493411735e-11
Phosphorus,"('ecoinvent-3.4-biosphere', '2d4b8ec1-8d53-4e62-8a11-ebc45909b02e')",P,4.1019116637893536e-11,4.1019116637893536e-11,1.0,1.6973366253890836e-14,1.6973366253890836e-14,stoichiometric,Apatite,0.3532544378698225,1.4490184989835766e-11,0.3532544378698225,5.995916954776823e-15,0.04784087102177553,0.047840871007285346,0.9,2.437239493411735e-11,2.437239493411735e-11
Phosphorus,"('ecoinvent-3.4-biosphere', 'b2631209-8374-431e-b7d5-56c96c6b6d79')",P,4.1019116637893536e-11,4.1019116637893536e-11,1.0,1.6973366253890836e-14,1.6973366253890836e-14,stoichiometric,Apatite,0.3532544378698225,1.4490184989835766e-11,0.3532544378698225,5.995916954776823e-15,0.04784087102177553,0.047840871007285346,0.9,2.437239493411735e-11,2.437239493411735e-11
Phosphorus,"('ecoinvent-3.4-biosphere', '2f8952b0-c90c-4e3d-b546-52b862fc8f11')",P,4.1019116637893536e-11,4.1019116637893536e-11,1.0,1.6973366253890836e-14,1.6973366253890836e-14,stoichiometric,Apatite,0.3532544378698225,1.4490184989835766e-11,0.3532544378698225,5.995916954776823e-15,0.04784087102177553,0.047840871007285346,0.9,2.437239493411735e-11,2.437239493411735e-11
Phosphorus,"('ecoinvent-3.4-biosphere', '198ce8e3-f05a-4bec-9f7f-325347453326')",P,4.1019116637893536e-11,4.1019116637893536e-11,1.0,1.6973366253890836e-14,1.6973366253890836e-14,stoichiometric,Apatite,0.3532544378698225,1.4490184989835766e-11,0.3532544378698225,5.995916954776823e-15,0.04784087102177553,0.047840871007285346,0.9,2.437239493411735e-11,2.437239493411735e-11
Phosphorus,"('ecoinvent-3.4-biosphere', '62f3d964-9b53-4d01-9ee0-04112dcfc6d2')",P,4.1019116637893536e-11,4.1019116637893536e-11,1.0,1.6973366253890836e-14,1.6973366253890836e-14,stoichiometric,Apatite,0.3532544378698225,1.4490184989835766e-11,0.3532544378698225,5.995916954776823e-15,0.04784087102177553,0.047840871007285346,0.9,2.437239493411735e-11,2.437239493411735e-11
Phosphorus,"('ecoinvent-3.4-biosphere', 'e2d35af7-9806-46ff-9b75-b124a48fa5a1')",P,4.1019116637893536e-11,4.1019116637893536e-11,1.0,1.6973366253890836e-14,1.6973366253890836e-14,stoichiometric,Apatite,0.3532544378698225,1.4490184989835766e-11,0.3532544378698225,5.995916954776823e-15,0.04784087102177553,0.047840871007285346,0.9,2.437239493411735e-11,2.437239493411735e-11
Phosphorus,"('ecoinvent-3.4-biosphere', 'd761f94e-517d-41cf-89fa-17dc72f7a69b')",P,4.1019116637893536e-11,4.1019116637893536e-11,1.0,1.6973366253890836e-14,1.6973366253890836e-14,stoichiometric,Apatite,0.3532544378698225,1.4490184989835766e-11,0.3532544378698225,5.995916954776823e-15,0.04784087102177553,0.047840871007285346,0.9,2.437239493411735e-11,2.437239493411735e-11
Nickel,"('ecoinvent-3.4-biosphere', 'a72a45ee-395a-4d25-b893-9d183e43e76e')",Ni,3.945057691608997e-11,3.945057691608997e-11,1.0,9.066741688482605e-14,9.066741688482605e-14,stoichiometric,Pentlandite(sulphides) / Garnierite(laterites),2.9342028985507245,1.157559971366895e-10,2.9342028985507245,2.660365974275635e-13,0.00509049773755656,0.0050904976218005635,0.0803628113054402,1.4014667865653158e-08,1.4014667865653158e-08
Nickel,"('ecoinvent-3.4-biosphere', 'e43a270f-4f88-4789-a0b8-7aba56677743')",Ni,3.945057691608997e-11,3.945057691608997e-11,1.0,9.066741688482605e-14,9.066741688482605e-14,stoichiometric,Pentlandite(sulphides) / Garnierite(laterites),2.9342028985507245,1.157559971366895e-10,2.9342028985507245,2.660365974275635e-13,0.00509049773755656,0.0050904976218005635,0.0803628113054402,1.4014667865653158e-08,1.4014667865653158e-08
Nickel,"('ecoinvent-3.4-biosphere', 'c89873de-cd23-4323-a948-f5cfeebd2fc9')",Ni,3.945057691608997e-11,3.945057691608997e-11,1.0,9.066741688482605e-14,9.066741688482605e-14,stoichiometric,Pentlandite(sulphides) / Garnierite(laterites),2.9342028985507245,1.157559971366895e-10,2.9342028985507245,2.660365974275635e-13,0.00509049773755656,0.0050904976218005635,0.0803628113054402,1.4014667865653158e-08,1.4014667865653158e-08
Nickel,"('ecoinvent-3.4-biosphere', '5de1943f-b011-45a0-97d4-ed15eea6a382')",Ni,3.945057691608997e-11,3.945057691608997e-11,1.0,9.066741688482605e-14,9.066741688482605e-14,stoichiometric,Pentlandite(sulphides) / Garnierite(laterites),2.9342028985507245,1.157559971366895e-10,2.9342028985507245,2.660365974275635e-13,0.00509049773755656,0.0050904976218005635,0.0803628113054402,1.4014667865653158e-08,1.4014667865653158e-08
Nickel,"('ecoinvent-3.4-biosphere', 'b4580545-243d-48d2-a3a0-2633a4f46fb1')",Ni,3.945057691608997e-11,3.945057691608997e-11,1.0,9.066741688482605e-14,9.066741688482605e-14,stoichiometric,Pentlandite(sulphides) / Garnierite(laterites),2.9342028985507245,1.157559971366895e-10,2.9342028985507245,2.660365974275635e-13,0.00509049773755656,0.0050904976218005635,0.0803628113054402,1.4014667865653158e-08,1.4014667865653158e-08
Nickel,"('ecoinvent-3.4-biosphere', 'a5506f4b-113f-4713-95c3-c819dde6e48b')",Ni,3.945057691608997e-11,3.945057691608997e-11,1.0,9.066741688482605e-14,9.066741688482605e-14,stoichiometric,Pentlandite(sulphides) / Garnierite(laterites),2.9342028985507245,1.157559971366895e-10,2.9342028985507245,2.660365974275635e-13,0.00509049773755656,0.0050904976218005635,0.0803628113054402,1.4014667865653158e-08,1.4014667865653158e-08
Nickel,"('ecoinvent-3.4-biosphere', 'e8fc62ba-678e-4706-97d2-b79d83e227d5')",Ni,3.945057691608997e-11,3.945057691608997e-11,1.0,9.066741688482605e-14,9.066741688482605e-14,stoichiometric,Pentlandite(sulphides) / Garnierite(laterites),2.9342028985507245,1.157559971366895e-10,2.9342028985507245,2.660365974275635e-13,0.00509049773755656,0.0050904976218005635,0.0803628113054402,1.4014667865653158e-08,1.4014667865653158e-08
Nickel,"('ecoinvent-3.4-biosphere', '2bcad3b3-5305-481c-a166-ad5e6eac2675')",Ni,3.945057691608997e-11,3.945057691608997e-11,1.0,9.066741688482605e-14,9.066741688482605e-14,stoichiometric,Pentlandite(sulphides) / Garnierite(laterites),2.9342028985507245,1.157559971366895e-10,2.9342028985507245,2.660365974275635e-13,0.00509049773755656,0.0050904976218005635,0.0803628113054402,1.4014667865653158e-08,1.4014667865653158e-08
Nickel,"('ecoinvent-3.4-biosphere', '0545c382-2312-43b6-9ec3-63dbb1438565')",Ni,3.945057691608997e-11,3.945057691608997e-11,1.0,9.066741688482605e-14,9.066741688482605e-14,stoichiometric,Pentlandite(sulphides) / Garnierite(laterites),2.9342028985507245,1.157559971366895e-10,2.9342028985507245,2.660365974275635e-13,0.00509049773755656,0.0050904976218005635,0.0803628113054402,1.4014667865653158e-08,1.4014667865653158e-08
Nickel,"('ecoinvent-3.4-biosphere', '56815b4f-6138-4e0b-9fac-c94fd6b102b3')",Ni,3.945057691608997e-11,3.945057691608997e-11,1.0,9.066741688482605e-14,9.066741688482605e-14,stoichiometric,Pentlandite(sulphides) / Garnierite(laterites),2.9342028985507245,1.157559971366895e-10,2.9342028985507245,2.660365974275635e-13,0.00509049773755656,0.0050904976218005635,0.0803628113054402,1.4014667865653158e-08,1.4014667865653158e-08
Phosphorus,"('ecoinvent-3.4-biosphere', 'b6e2f7f4-6b2e-4b3e-be1f-67626cb8205d')",P,3.140635467009243e-11,3.140635467009243e-11,1.0,1.6973366253890836e-14,1.6973366253890836e-14,stoichiometric,Apatite,0.3532544378698225,1.1094434164523776e-11,0.3532544378698225,5.995916954776823e-15,0.04784087102177553,0.0478408710106811,0.9,1.8660862774876703e-11,1.8660862774876703e-11
Phosphorus,"('ecoinvent-3.4-biosphere', 'ea4e9316-5080-4b3b-bbf3-1949f6d7577a')",P,3.140635467009243e-11,3.140635467009243e-11,1.0,1.6973366253890836e-14,1.6973366253890836e-14,stoichiometric,Apatite,0.3532544378698225,1.1094434164523776e-11,0.3532544378698225,5.995916954776823e-15,0.04784087102177553,0.0478408710106811,0.9,1.8660862774876703e-11,1.8660862774876703e-11
Phosphorus,"('ecoinvent-3.4-biosphere', '76b09afe-52b9-4ecc-b97a-00b49ad8ed1a')",P,3.140635467009243e-11,3.140635467009243e-11,1.0,1.6973366253890836e-14,1.6973366253890836e-14,stoichiometric,Apatite,0.3532544378698225,1.1094434164523776e-11,0.3532544378698225,5.995916954776823e-15,0.04784087102177553,0.0478408710106811,0.9,1.8660862774876703e-11,1.8660862774876703e-11
Phosphorus,"('ecoinvent-3.4-biosphere', 'b1fca66f-8e83-469a-a7b5-018e14d5d545')",P,3.140635467009243e-11,3.140635467009243e-11,1.0,1.6973366253890836e-14,1.6973366253890836e-14,stoichiometric,Apatite,0.3532544378698225,1.1094434164523776e-11,0.3532544378698225,5.995916954776823e-15,0.04784087102177553,0.0478408710106811,0.9,1.8660862774876703e-11,1.8660862774876703e-11
Phosphorus,"('ecoinvent-3.4-biosphere', 'f5e7e615-4160-4df9-b39b-7463eaed77c7')",P,3.140635467009243e-11,3.140635467009243e-11,1.0,1.6973366253890836e-14,1.6973366253890836e-14,stoichiometric,Apatite,0.3532544378698225,1.1094434164523776e-11,0.3532544378698225,5.995916954776823e-15,0.04784087102177553,0.0478408710106811,0.9,1.8660862774876703e-11,1.8660862774876703e-11
Phosphorus,"('ecoinvent-3.4-biosphere', 'c89a0749-40a5-4c9c-8770-c4295ea34977')",P,3.140635467009243e-11,3.140635467009243e-11,1.0,1.6973366253890836e-14,1.6973366253890836e-14,stoichiometric,Apatite,0.3532544378698225,1.1094434164523776e-11,0.3532544378698225,5.995916954776823e-15,0.04784087102177553,0.0478408710106811,0.9,1.8660862774876703e-11,1.8660862774876703e-11
Phosphorus,"('ecoinvent-3.4-biosphere', '8b0a4a41-c65c-4d94-b10c-94ddb98abdd2')",P,3.140635467009243e-11,3.140635467009243e-11,1.0,1.6973366253890836e-14,1.6973366253890836e-14,stoichiometric,Apatite,0.3532544378698225,1.1094434164523776e-11,0.3532544378698225,5.995916954776823e-15,0.04784087102177553,0.0478408710106811,0.9,1.8660862774876703e-11,1.8660862774876703e-11
Phosphorus,"('ecoinvent-3.4-biosphere', '2d4b8ec1-8d53-4e62-8a11-ebc45909b02e')",P,3.140635467009243e-11,3.140635467009243e-11,1.0,1.6973366253890836e-14,1.6973366253890836e-14,stoichiometric,Apatite,0.3532544378698225,1.1094434164523776e-11,0.3532544378698225,5.995916954776823e-15,0.04784087102177553,0.0478408710106811,0.9,1.8660862774876703e-11,1.8660862774876703e-11
Phosphorus,"('ecoinvent-3.4-biosphere', 'b2631209-8374-431e-b7d5-56c96c6b6d79')",P,3.140635467009243e-11,3.140635467009243e-11,1.0,1.6973366253890836e-14,1.6973366253890836e-14,stoichiometric,Apatite,0.3532544378698225,1.1094434164523776e-11,0.3532544378698225,5.995916954776823e-15,0.04784087102177553,0.0478408710106811,0.9,1.8660862774876703e-11,1.8660862774876703e-11
Phosphorus,"('ecoinvent-3.4-biosphere', '2f8952b0-c90c-4e3d-b546-52b862fc8f11')",P,3.140635467009243e-11,3.140635467009243e-11,1.0,1.6973366253890836e-14,1.6973366253890836e-14,stoichiometric,Apatite,0.3532544378698225,1.1094434164523776e-11,0.3532544378698225,5.995916954776823e-15,0.04784087102177553,0.0478408710106811,0.9,1.8660862774876703e-11,1.8660862774876703e-11
Phosphorus,"('ecoinvent-3.4-biosphere', '198ce8e3-f05a-4bec-9f7f-325347453326')",P,3.140635467009243e-11,3.140635467009243e-11,1.0,1.6973366253890836e-14,1.6973366253890836e-14,stoichiometric,Apatite,0.3532544378698225,1.1094434164523776e-11,0.3532544378698225,5.995916954776823e-15,0.04784087102177553,0.0478408710106811,0.9,1.8660862774876703e-11,1.8660862774876703e-11
Phosphorus,"('ecoinvent-3.4-biosphere', '62f3d964-9b53-4d01-9ee0-04112dcfc6d2')",P,3.140635467009243e-11,3.140635467009243e-11,1.0,1.6973366253890836e-14,1.6973366253890836e-14,stoichiometric,Apatite,0.3532544378698225,1.1094434164523776e-11,0.3532544378698225,5.995916954776823e-15,0.04784087102177553,0.0478408710106811,0.9,1.8660862774876703e-11,1.8660862774876703e-11
Phosphorus,"('ecoinvent-3.4-biosphere', 'e2d35af7-9806-46ff-9b75-b124a48fa5a1')",P,3.140635467009243e-11,3.140635467009243e-11,1.0,1.6973366253890836e-14,1.6973366253890836e-14,stoichiometric,Apatite,0.3532544378698225,1.1094434164523776e-11,0.3532544378698225,5.995916954776823e-15,0.04784087102177553,0.0478408710106811,0.9,1.8660862774876703e-11,1.8660862774876703e-11
Phosphorus,"('ecoinvent-3.4-biosphere', 'd761f94e-517d-41cf-89fa-17dc72f7a69b')",P,3.140635467009243e-11,3.140635467009243e-11,1.0,1.6973366253890836e-14,1.6973366253890836e-14,stoichiometric,Apatite,0.3532544378698225,1.1094434164523776e-11,0.3532544378698225,5.995916954776823e-15,0.04784087102177553,0.0478408710106811,0.9,1.8660862774876703e-11,1.8660862774876703e-11
Molybdenum,"('ecoinvent-3.4-biosphere', '442511cc-a98b-4242-9229-5736cb9a9399')",Mo,3.092635049701398e-11,3.092635049701398e-11,1.0,1.6532043483883647e-13,1.6532043483883647e-13,stoichiometric,Molybdenite,1.6700000000000004,5.164700533001336e-11,1.6700000000000004,2.7608512618085697e-13,0.0001796407185628742,0.00017964066691586886,0.9176761103880936,4.198139824718586e-06,4.198139824718586e-06
Molybdenum,"('ecoinvent-3.4-biosphere', '697e8ecf-bdbe-4857-92c9-e01960c91db7')",Mo,3.092635049701398e-11,3.092635049701398e-11,1.0,1.6532043483883647e-13,1.6532043483883647e-13,stoichiometric,Molybdenite,1.6700000000000004,5.164700533001336e-11,1.6700000000000004,2.7608512618085697e-13,0.0001796407185628742,0.00017964066691586886,0.9176761103880936,4.198139824718586e-06,4.198139824718586e-06
Molybdenum,"('ecoinvent-3.4-biosphere', '9cf3a683-ed3d-40e9-b039-7653e4fc9e20')",Mo,3.092635049701398e-11,3.092635049701398e-11,1.0,1.6532043483883647e-13,1.6532043483883647e-13,stoichiometric,Molybdenite,1.6700000000000004,5.164700533001336e-11,1.6700000000000004,2.7608512618085697e-13,0.0001796407185628742,0.00017964066691586886,0.9176761103880936,4.198139824718586e-06,4.198139824718586e-06
Molybdenum,"('ecoinvent-3.4-biosphere', '7d3f7498-3596-478a-9fa1-72201ef94082')",Mo,3.092635049701398e-11,3.092635049701398e-11,1.0,1.6532043483883647e-13,1.6532043483883647e-13,stoichiometric,Molybdenite,1.6700000000000004,5.164700533001336e-11,1.6700000000000004,2.7608512618085697e-13,0.0001796407185628742,0.00017964066691586886,0.9176761103880936,4.198139824718586e-06,4.198139824718586e-06
Molybdenum,"('ecoinvent-3.4-biosphere', '5fa36ce3-aed0-443b-a09d-4cdf25b41995')",Mo,3.092635049701398e-11,3.092635049701398e-11,1.0,1.6532043483883647e-13,1.6532043483883647e-13,stoichiometric,Molybdenite,1.6700000000000004,5.164700533001336e-11,1.6700000000000004,2.7608512618085697e-13,0.0001796407185628742,0.00017964066691586886,0.9176761103880936,4.198139824718586e-06,4.198139824718586e-06
Molybdenum,"('ecoinvent-3.4-biosphere', '35b4d818-1019-413b-b99d-d351d8a67ac4')",Mo,3.092635049701398e-11,3.092635049701398e-11,1.0,1.6532043483883647e-13,1.6532043483883647e-13,stoichiometric,Molybdenite,1.6700000000000004,5.164700533001336e-11,1.6700000000000004,2.7608512618085697e-13,0.0001796407185628742,0.00017964066691586886,0.9176761103880936,4.198139824718586e-06,4.198139824718586e-06
Molybdenum,"('ecoinvent-3.4-biosphere', 'fdaaef05-0d10-4032-b2e7-85cae3c7bd5c')",Mo,3.092635049701398e-11,3.092635049701398e-11,1.0,1.6532043483883647e-13,1.6532043483883647e-13,stoichiometric,Molybdenite,1.6700000000000004,5.164700533001336e-11,1.6700000000000004,2.7608512618085697e-13,0.0001796407185628742,0.00017964066691586886,0.9176761103880936,4.198139824718586e-06,4.198139824718586e-06
Molybdenum,"('ecoinvent-3.4-biosphere', '640e30d2-3158-4a1a-82ef-fd0c72922c9a')",Mo,3.092635049701398e-11,3.092635049701398e-11,1.0,1.6532043483883647e-13,1.6532043483883647e-13,stoichiometric,Molybdenite,1.6700000000000004,5.164700533001336e-11,1.6700000000000004,2.7608512618085697e-13,0.0001796407185628742,0.00017964066691586886,0.9176761103880936,4.198139824718586e-06,4.198139824718586e-06
Molybdenum,"('ecoinvent-3.4-biosphere', '163926e2-b4cc-42bb-ba7d-401028140985')",Mo,3.092635049701398e-11,3.092635049701398e-11,1.0,1.6532043483883647e-13,1.6532043483883647e-13,stoichiometric,Molybdenite,1.6700000000000004,5.164700533001336e-11,1.6700000000000004,2.7608512618085697e-13,0.0001796407185628742,0.00017964066691586886,0.9176761103880936,4.198139824718586e-06,4.198139824718586e-06
Molybdenum,"('ecoinvent-3.4-biosphere', 'c126f8a0-6bc4-42e6-9220-d6ccfef3f2ed')",Mo,3.092635049701398e-11,3.092635049701398e-11,1.0,1.6532043483883647e-13,1.6532043483883647e-13,stoichiometric,Molybdenite,1.6700000000000004,5.164700533001336e-11,1.6700000000000004,2.7608512618085697e-13,0.0001796407185628742,0.00017964066691586886,0.9176761103880936,4.198139824718586e-06,4.198139824718586e-06
Molybdenum,"('ecoinvent-3.4-biosphere', '1f3c2297-d652-468d-82e8-4fd59bf5b5b8')",Mo,3.092635049701398e-11,3.092635049701398e-11,1.0,1.6532043483883647e-13,1.6532043483883647e-13,stoichiometric,Molybdenite,1.6700000000000004,5.164700533001336e-11,1.6700000000000004,2.7608512618085697e-13,0.0001796407185628742,0.00017964066691586886,0.9176761103880936,4.198139824718586e-06,4.198139824718586e-06
Molybdenum,"('ecoinvent-3.4-biosphere', '8b531ec0-ca7a-49cd-bef0-56f110112f34')",Mo,3.092635049701398e-11,3.092635049701398e-11,1.0,1.6532043483883647e-13,1.6532043483883647e-13,stoichiometric,Molybdenite,1.6700000000000004,5.164700533001336e-11,1.6700000000000004,2.7608512618085697e-13,0.0001796407185628742,0.00017964066691586886,0.9176761103880936,4.198139824718586e-06,4.198139824718586e-06
Molybdenum,"('ecoinvent-3.4-biosphere', 'c26d4716-ce1e-43da-a662-cd9498b1e8bc')",Mo,3.092635049701398e-11,3.092635049701398e-11,1.0,1.6532043483883647e-13,1.6532043483883647e-13,stoichiometric,Molybdenite,1.6700000000000004,5.164700533001336e-11,1.6700000000000004,2.7608512618085697e-13,0.0001796407185628742,0.00017964066691586886,0.9176761103880936,4.198139824718586e-06,4.198139824718586e-06
Molybdenum,"('ecoinvent-3.4-biosphere', '3822809c-cc03-469d-ac2a-9f85842f8440')",Mo,3.092635049701398e-11,3.092635049701398e-11,1.0,1.6532043483883647e-13,1.6532043483883647e-13,stoichiometric,Molybdenite,1.6700000000000004,5.164700533001336e-11,1.6700000000000004,2.7608512618085697e-13,0.0001796407185628742,0.00017964066691586886,0.9176761103880936,4.198139824718586e-06,4.198139824718586e-06
Lead,"('ecoinvent-3.4-biosphere', '6a903634-c97f-4c49-a7c0-88f0e6ac7a23')",Pb,3.0282338561504356e-11,3.0282338561504356e-11,1.0,1.1855254708054448e-13,1.1855254708054448e-13,stoichiometric,Galena,1.1560975609756097,3.500933775159284e-11,1.1560975609756097,1.370583105272636e-13,0.017732067510548524,0.017732067475539185,0.635111259945265,4.4556159333838635e-10,4.4556159333838635e-10
Lead,"('ecoinvent-3.4-biosphere', 'fe4613d7-1ed8-427d-9b06-c8e8f4f5e1b1')",Pb,3.0282338561504356e-11,3.0282338561504356e-11,1.0,1.1855254708054448e-13,1.1855254708054448e-13,stoichiometric,Galena,1.1560975609756097,3.500933775159284e-11,1.1560975609756097,1.370583105272636e-13,0.017732067510548524,0.017732067475539185,0.635111259945265,4.4556159333838635e-10,4.4556159333838635e-10
Lead,"('ecoinvent-3.4-biosphere', '67652827-017f-4856-8d0a-c97bac4c6562')",Pb,3.0282338561504356e-11,3.0282338561504356e-11,1.0,1.1855254708054448e-13,1.1855254708054448e-13,stoichiometric,Galena,1.1560975609756097,3.500933775159284e-11,1.1560975609756097,1.370583105272636e-13,0.017732067510548524,0.017732067475539185,0.635111259945265,4.4556159333838635e-10,4.4556159333838635e-10
Lead,"('ecoinvent-3.4-biosphere', 'c864aa15-0abc-41ad-9889-348106e485d8')",Pb,3.0282338561504356e-11,3.0282338561504356e-11,1.0,1.1855254708054448e-13,1.1855254708054448e-13,stoichiometric,Galena,1.1560975609756097,3.500933775159284e-11,1.1560975609756097,1.370583105272636e-13,0.017732067510548524,0.017732067475539185,0.635111259945265,4.4556159333838635e-10,4.4556159333838635e-10
Lead,"('ecoinvent-3.4-biosphere', 'e9e856c2-868e-435e-8425-8df1c9297cfc')",Pb,3.0282338561504356e-11,3.0282338561504356e-11,1.0,1.1855254708054448e-13,1.1855254708054448e-13,stoichiometric,Galena,1.1560975609756097,3.500933775159284e-11,1.1560975609756097,1.370583105272636e-13,0.017732067510548524,0.017732067475539185,0.635111259945265,4.4556159333838635e-10,4.4556159333838635e-10
Lead,"('ecoinvent-3.4-biosphere', '739234c8-5359-48b4-983f-9cb170d68c8d')",Pb,3.0282338561504356e-11,3.0282338561504356e-11,1.0,1.1855254708054448e-13,1.1855254708054448e-13,stoichiometric,Galena,1.1560975609756097,3.500933775159284e-11,1.1560975609756097,1.370583105272636e-13,0.017732067510548524,0.017732067475539185,0.635111259945265,4.4556159333838635e-10,4.4556159333838635e-10
Lead,"('ecoinvent-3.4-biosphere', '31c4d160-b21e-41b3-b9c1-3d7a72377653')",Pb,3.0282338561504356e-11,3.0282338561504356e-11,1.0,1.1855254708054448e-13,1.1855254708054448e-13,stoichiometric,Galena,1.1560975609756097,3.500933775159284e-11,1.1560975609756097,1.370583105272636e-13,0.017732067510548524,0.017732067475539185,0.635111259945265,4.4556159333838635e-10,4.4556159333838635e-10
Lead,"('ecoinvent-3.4-biosphere', '0ff15165-d761-48c9-9814-2d1dcdd56857')",Pb,3.0282338561504356e-11,3.0282338561504356e-11,1.0,1.1855254708054448e-13,1.1855254708054448e-13,stoichiometric,Galena,1.1560975609756097,3.500933775159284e-11,1.1560975609756097,1.370583105272636e-13,0.017732067510548524,0.017732067475539185,0.635111259945265,4.4556159333838635e-10,4.4556159333838635e-10
Lead,"('ecoinvent-3.4-biosphere', 'b3ebdcc3-c588-4997-95d2-9785b26b34e1')",Pb,3.0282338561504356e-11,3.0282338561504356e-11,1.0,1.1855254708054448e-13,1.1855254708054448e-13,stoichiometric,Galena,1.1560975609756097,3.500933775159284e-11,1.1560975609756097,1.370583105272636e-13,0.017732067510548524,0.017732067475539185,0.635111259945265,4.4556159333838635e-10,4.4556159333838635e-10
Lead,"('ecoinvent-3.4-biosphere', '8e123669-94d3-41d8-9480-a79211fe7c43')",Pb,3.0282338561504356e-11,3.0282338561504356e-11,1.0,1.1855254708054448e-13,1.1855254708054448e-13,stoichiometric,Galena,1.1560975609756097,3.500933775159284e-11,1.1560975609756097,1.370583105272636e-13,0.017732067510548524,0.017732067475539185,0.635111259945265,4.4556159333838635e-10,4.4556159333838635e-10
Lead,"('ecoinvent-3.4-biosphere', '9ee7f4ab-b826-47ae-8623-e138f944b42e')",Pb,3.0282338561504356e-11,3.0282338561504356e-11,1.0,1.1855254708054448e-13,1.1855254708054448e-13,stoichiometric,Galena,1.1560975609756097,3.500933775159284e-11,1.1560975609756097,1.370583105272636e-13,0.017732067510548524,0.017732067475539185,0.635111259945265,4.4556159333838635e-10,4.4556159333838635e-10
Lead,"('ecoinvent-3.4-biosphere', '2718482b-8399-442e-b89a-52fbcc22d2e6')",Pb,3.0282338561504356e-11,3.0282338561504356e-11,1.0,1.1855254708054448e-13,1.1855254708054448e-13,stoichiometric,Galena,1.1560975609756097,3.500933775159284e-11,1.1560975609756097,1.370583105272636e-13,0.017732067510548524,0.017732067475539185,0.635111259945265,4.4556159333838635e-10,4.4556159333838635e-10
Lead,"('ecoinvent-3.4-biosphere', '837083ce-41cd-49f3-a849-d79564dac238')",Pb,3.0282338561504356e-11,3.0282338561504356e-11,1.0,1.1855254708054448e-13,1.1855254708054448e-13,stoichiometric,Galena,1.1560975609756097,3.500933775159284e-11,1.1560975609756097,1.370583105272636e-13,0.017732067510548524,0.017732067475539185,0.635111259945265,4.4556159333838635e-10,4.4556159333838635e-10
Lead,"('ecoinvent-3.4-biosphere', '4010918f-7fd0-4925-8fbb-8fd7a44a806c')",Pb,3.0282338561504356e-11,3.0282338561504356e-11,1.0,1.1855254708054448e-13,1.1855254708054448e-13,stoichiometric,Galena,1.1560975609756097,3.500933775159284e-11,1.1560975609756097,1.370583105272636e-13,0.017732067510548524,0.017732067475539185,0.635111259945265,4.4556159333838635e-10,4.4556159333838635e-10
Cobalt,"('ecoinvent-3.4-biosphere', '33627701-feca-434d-a192-674a450eaaf7')",Co,2.8477181510929282e-11,2.8477181510929282e-11,1.0,1.9447495148453946e-12,1.9447495148453946e-12,stoichiometric,Linnaeite,1.727272727272727,4.91878589734233e-11,1.727272727272727,3.3591127983693174e-12,0.000636842105263158,0.000636842056075299,0.0455986939380875,1.6553711751673357e-07,1.6553711751673357e-07
Cobalt,"('ecoinvent-3.4-biosphere', '381a22c9-3722-4378-810d-86958f7b6d32')",Co,2.8477181510929282e-11,2.8477181510929282e-11,1.0,1.9447495148453946e-12,1.9447495148453946e-12,stoichiometric,Linnaeite,1.727272727272727,4.91878589734233e-11,1.727272727272727,3.3591127983693174e-12,0.000636842105263158,0.000636842056075299,0.0455986939380875,1.6553711751673357e-07,1.6553711751673357e-07
Cobalt,"('ecoinvent-3.4-biosphere', 'b10faa87-2c1d-4f6e-aa65-9f80b376939a')",Co,2.8477181510929282e-11,2.8477181510929282e-11,1.0,1.9447495148453946e-12,1.9447495148453946e-12,stoichiometric,Linnaeite,1.727272727272727,4.91878589734233e-11,1.727272727272727,3.3591127983693174e-12,0.000636842105263158,0.000636842056075299,0.0455986939380875,1.6553711751673357e-07,1.6553711751673357e-07
Cobalt,"('ecoinvent-3.4-biosphere', '12051b95-831a-49c0-9a70-fbc0e8fb9af9')",Co,2.8477181510929282e-11,2.8477181510929282e-11,1.0,1.9447495148453946e-12,1.9447495148453946e-12,stoichiometric,Linnaeite,1.727272727272727,4.91878589734233e-11,1.727272727272727,3.3591127983693174e-12,0.000636842105263158,0.000636842056075299,0.0455986939380875,1.6553711751673357e-07,1.6553711751673357e-07
Cobalt,"('ecoinvent-3.4-biosphere', '9ce88274-57b6-42ed-a78b-4abef2301865')",Co,2.8477181510929282e-11,2.8477181510929282e-11,1.0,1.9447495148453946e-12,1.9447495148453946e-12,stoichiometric,Linnaeite,1.727272727272727,4.91878589734233e-11,1.727272727272727,3.3591127983693174e-12,0.000636842105263158,0.000636842056075299,0.0455986939380875,1.6553711751673357e-07,1.6553711751673357e-07
Cobalt,"('ecoinvent-3.4-biosphere', 'c58d25ad-30d2-4fac-a857-1fa6f67afe8a')",Co,2.8477181510929282e-11,2.8477181510929282e-11,1.0,1.9447495148453946e-12,1.9447495148453946e-12,stoichiometric,Linnaeite,1.727272727272727,4.91878589734233e-11,1.727272727272727,3.3591127983693174e-12,0.000636842105263158,0.000636842056075299,0.0455986939380875,1.6553711751673357e-07,1.6553711751673357e-07
Cobalt,"('ecoinvent-3.4-biosphere', 'ca04300a-8338-4601-ba7c-66c10a4f6322')",Co,2.8477181510929282e-11,2.8477181510929282e-11,1.0,1.9447495148453946e-12,1.9447495148453946e-12,stoichiometric,Linnaeite,1.727272727272727,4.91878589734233e-11,1.727272727272727,3.3591127983693174e-12,0.000636842105263158,0.000636842056075299,0.0455986939380875,1.6553711751673357e-07,1.6553711751673357e-07
Cobalt,"('ecoinvent-3.4-biosphere', '1e904267-caa3-40e6-a3a0-fc104489770b')",Co,2.8477181510929282e-11,2.8477181510929282e-11,1.0,1.9447495148453946e-12,1.9447495148453946e-12,stoichiometric,Linnaeite,1.727272727272727,4.91878589734233e-11,1.727272727272727,3.3591127983693174e-12,0.000636842105263158,0.000636842056075299,0.0455986939380875,1.6553711751673357e-07,1.6553711751673357e-07
Cobalt,"('ecoinvent-3.4-biosphere', 'f0d1c319-249f-4a89-b0e7-3a5a90a54036')",Co,2.8477181510929282e-11,2.8477181510929282e-11,1.0,1.9447495148453946e-12,1.9447495148453946e-12,stoichiometric,Linnaeite,1.727272727272727,4.91878589734233e-11,1.727272727272727,3.3591127983693174e-12,0.000636842105263158,0.000636842056075299,0.0455986939380875,1.6553711751673357e-07,1.6553711751673357e-07
Cobalt,"('ecoinvent-3.4-biosphere', '74eb3f02-09ec-46ce-8ee8-d67d0900136b')",Co,2.8477181510929282e-11,2.8477181510929282e-11,1.0,1.9447495148453946e-12,1.9447495148453946e-12,stoichiometric,Linnaeite,1.727272727272727,4.91878589734233e-11,1.727272727272727,3.3591127983693174e-12,0.000636842105263158,0.000636842056075299,0.0455986939380875,1.6553711751673357e-07,1.6553711751673357e-07
Cobalt,"('ecoinvent-3.4-biosphere', '9542444c-7c7a-48e2-bc9c-9c7c34fb7b3e')",Co,2.8477181510929282e-11,2.8477181510929282e-11,1.0,1.9447495148453946e-12,1.9447495148453946e-12,stoichiometric,Linnaeite,1.727272727272727,4.91878589734233e-11,1.727272727272727,3.3591127983693174e-12,0.000636842105263158,0.000636842056075299,0.0455986939380875,1.6553711751673357e-07,1.6553711751673357e-07
Cobalt,"('ecoinvent-3.4-biosphere', 'caf066cf-40ce-47a8-ba4c-969fcd6019c7')",Co,2.8477181510929282e-11,2.8477181510929282e-11,1.0,1.9447495148453946e-12,1.9447495148453946e-12,stoichiometric,Linnaeite,1.727272727272727,4.91878589734233e-11,1.727272727272727,3.3591127983693174e-12,0.000636842105263158,0.000636842056075299,0.0455986939380875,1.6553711751673357e-07,1.6553711751673357e-07
Cobalt,"('ecoinvent-3.4-biosphere', 'f0e28a62-ddf9-4c93-af81-676a58c3f2d4')",Co,2.8477181510929282e-11,2.8477181510929282e-11,1.0,1.9447495148453946e-12,1.9447495148453946e-12,stoichiometric,Linnaeite,1.727272727272727,4.91878589734233e-11,1.727272727272727,3.3591127983693174e-12,0.000636842105263158,0.000636842056075299,0.0455986939380875,1.6553711751673357e-07,1.6553711751673357e-07
Cobalt,"('ecoinvent-3.4-biosphere', 'd4291dd5-dae8-47fa-bf06-466fcecbc210')",Co,2.8477181510929282e-11,2.8477181510929282e-11,1.0,1.9447495148453946e-12,1.9447495148453946e-12,stoichiometric,Linnaeite,1.727272727272727,4.91878589734233e-11,1.727272727272727,3.3591127983693174e-12,0.000636842105263158,0.000636842056075299,0.0455986939380875,1.6553711751673357e-07,1.6553711751673357e-07
Cobalt,"('ecoinvent-3.4-biosphere', '33627701-feca-434d-a192-674a450eaaf7')",Co,2.8111078769274004e-11,2.8111078769274004e-11,1.0,1.9447495148453946e-12,1.9447495148453946e-12,stoichiometric,Linnaeite,1.727272727272727,4.8555499692382366e-11,1.727272727272727,3.3591127983693174e-12,0.000636842105263158,0.0006368420567076583,0.0455986939380875,1.6340904814720675e-07,1.6340904814720675e-07
Cobalt,"('ecoinvent-3.4-biosphere', '381a22c9-3722-4378-810d-86958f7b6d32')",Co,2.8111078769274004e-11,2.8111078769274004e-11,1.0,1.9447495148453946e-12,1.9447495148453946e-12,stoichiometric,Linnaeite,1.727272727272727,4.8555499692382366e-11,1.727272727272727,3.3591127983693174e-12,0.000636842105263158,0.0006368420567076583,0.0455986939380875,1.6340904814720675e-07,1.6340904814720675e-07
Cobalt,"('ecoinvent-3.4-biosphere', 'b10faa87-2c1d-4f6e-aa65-9f80b376939a')",Co,2.8111078769274004e-11,2.8111078769274004e-11,1.0,1.9447495148453946e-12,1.9447495148453946e-12,stoichiometric,Linnaeite,1.727272727272727,4.8555499692382366e-11,1.727272727272727,3.3591127983693174e-12,0.000636842105263158,0.0006368420567076583,0.0455986939380875,1.6340904814720675e-07,1.6340904814720675e-07
Cobalt,"('ecoinvent-3.4-biosphere', '12051b95-831a-49c0-9a70-fbc0e8fb9af9')",Co,2.8111078769274004e-11,2.8111078769274004e-11,1.0,1.9447495148453946e-12,1.9447495148453946e-12,stoichiometric,Linnaeite,1.727272727272727,4.8555499692382366e-11,1.727272727272727,3.3591127983693174e-12,0.000636842105263158,0.0006368420567076583,0.0455986939380875,1.6340904814720675e-07,1.6340904814720675e-07
Cobalt,"('ecoinvent-3.4-biosphere', '9ce88274-57b6-42ed-a78b-4abef2301865')",Co,2.8111078769274004e-11,2.8111078769274004e-11,1.0,1.9447495148453946e-12,1.9447495148453946e-12,stoichiometric,Linnaeite,1.727272727272727,4.8555499692382366e-11,1.727272727272727,3.3591127983693174e-12,0.000636842105263158,0.0006368420567076583,0.0455986939380875,1.6340904814720675e-07,1.6340904814720675e-07
Cobalt,"('ecoinvent-3.4-biosphere', 'c58d25ad-30d2-4fac-a857-1fa6f67afe8a')",Co,2.8111078769274004e-11,2.8111078769274004e-11,1.0,1.9447495148453946e-12,1.9447495148453946e-12,stoichiometric,Linnaeite,1.727272727272727,4.8555499692382366e-11,1.727272727272727,3.3591127983693174e-12,0.000636842105263158,0.0006368420567076583,0.0455986939380875,1.6340904814720675e-07,1.6340904814720675e-07
Cobalt,"('ecoinvent-3.4-biosphere', 'ca04300a-8338-4601-ba7c-66c10a4f6322')",Co,2.8111078769274004e-11,2.8111078769274004e-11,1.0,1.9447495148453946e-12,1.9447495148453946e-12,stoichiometric,Linnaeite,1.727272727272727,4.8555499692382366e-11,1.727272727272727,3.3591127983693174e-12,0.000636842105263158,0.0006368420567076583,0.0455986939380875,1.6340904814720675e-07,1.6340904814720675e-07
Cobalt,"('ecoinvent-3.4-biosphere', '1e904267-caa3-40e6-a3a0-fc104489770b')",Co,2.8111078769274004e-11,2.8111078769274004e-11,1.0,1.9447495148453946e-12,1.9447495148453946e-12,stoichiometric,Linnaeite,1.727272727272727,4.8555499692382366e-11,1.727272727272727,3.3591127983693174e-12,0.000636842105263158,0.0006368420567076583,0.0455986939380875,1.6340904814720675e-07,1.6340904814720675e-07
Cobalt,"('ecoinvent-3.4-biosphere', 'f0d1c319-249f-4a89-b0e7-3a5a90a54036')",Co,2.8111078769274004e-11,2.8111078769274004e-11,1.0,1.9447495148453946e-12,1.9447495148453946e-12,stoichiometric,Linnaeite,1.727272727272727,4.8555499692382366e-11,1.727272727272727,3.3591127983693174e-12,0.000636842105263158,0.0006368420567076583,0.0455986939380875,1.6340904814720675e-07,1.6340904814720675e-07
Cobalt,"('ecoinvent-3.4-biosphere', '74eb3f02-09ec-46ce-8ee8-d67d0900136b')",Co,2.8111078769274004e-11,2.8111078769274004e-11,1.0,1.9447495148453946e-12,1.9447495148453946e-12,stoichiometric,Linnaeite,1.727272727272727,4.8555499692382366e-11,1.727272727272727,3.3591127983693174e-12,0.000636842105263158,0.0006368420567076583,0.0455986939380875,1.6340904814720675e-07,1.6340904814720675e-07
Cobalt,"('ecoinvent-3.4-biosphere', '9542444c-7c7a-48e2-bc9c-9c7c34fb7b3e')",Co,2.8111078769274004e-11,2.8111078769274004e-11,1.0,1.9447495148453946e-12,1.9447495148453946e-12,stoichiometric,Linnaeite,1.727272727272727,4.8555499692382366e-11,1.727272727272727,3.3591127983693174e-12,0.000636842105263158,0.0006368420567076583,0.0455986939380875,1.6340904814720675e-07,1.6340904814720675e-07
Cobalt,"('ecoinvent-3.4-biosphere', 'caf066cf-40ce-47a8-ba4c-969fcd6019c7')",Co,2.8111078769274004e-11,2.8111078769274004e-11,1.0,1.9447495148453946e-12,1.9447495148453946e-12,stoichiometric,Linnaeite,1.727272727272727,4.8555499692382366e-11,1.727272727272727,3.3591127983693174e-12,0.000636842105263158,0.0006368420567076583,0.0455986939380875,1.6340904814720675e-07,1.6340904814720675e-07
Cobalt,"('ecoinvent-3.4-biosphere', 'f0e28a62-ddf9-4c93-af81-676a58c3f2d4')",Co,2.8111078769274004e-11,2.8111078769274004e-11,1.0,1.9447495148453946e-12,1.9447495148453946e-12,stoichiometric,Linnaeite,1.727272727272727,4.8555499692382366e-11,1.727272727272727,3.3591127983693174e-12,0.000636842105263158,0.0006368420567076583,0.0455986939380875,1.6340904814720675e-07,1.6340904814720675e-07
Cobalt,"('ecoinvent-3.4-biosphere', 'd4291dd5-dae8-47fa-bf06-466fcecbc210')",Co,2.8111078769274004e-11,2.8111078769274004e-11,1.0,1.9447495148453946e-12,1.9447495148453946e-12,stoichiometric,Linnaeite,1.727272727272727,4.8555499692382366e-11,1.727272727272727,3.3591127983693174e-12,0.000636842105263158,0.0006368420567076583,0.0455986939380875,1.6340904814720675e-07,1.6340904814720675e-07
Lead,"('ecoinvent-3.4-biosphere', '6a903634-c97f-4c49-a7c0-88f0e6ac7a23')",Pb,2.3684891276595036e-11,2.3684891276595036e-11,1.0,1.1855254708054448e-13,1.1855254708054448e-13,stoichiometric,Galena,1.1560975609756097,2.7382045036844015e-11,1.1560975609756097,1.370583105272636e-13,0.017732067510548524,0.01773206748316648,0.635111259945265,3.4848887536568823e-10,3.4848887536568823e-10
Lead,"('ecoinvent-3.4-biosphere', 'fe4613d7-1ed8-427d-9b06-c8e8f4f5e1b1')",Pb,2.3684891276595036e-11,2.3684891276595036e-11,1.0,1.1855254708054448e-13,1.1855254708054448e-13,stoichiometric,Galena,1.1560975609756097,2.7382045036844015e-11,1.1560975609756097,1.370583105272636e-13,0.017732067510548524,0.01773206748316648,0.635111259945265,3.4848887536568823e-10,3.4848887536568823e-10
Lead,"('ecoinvent-3.4-biosphere', '67652827-017f-4856-8d0a-c97bac4c6562')",Pb,2.3684891276595036e-11,2.3684891276595036e-11,1.0,1.1855254708054448e-13,1.1855254708054448e-13,stoichiometric,Galena,1.1560975609756097,2.7382045036844015e-11,1.1560975609756097,1.370583105272636e-13,0.017732067510548524,0.01773206748316648,0.635111259945265,3.4848887536568823e-10,3.4848887536568823e-10
Lead,"('ecoinvent-3.4-biosphere', 'c864aa15-0abc-41ad-9889-348106e485d8')",Pb,2.3684891276595036e-11,2.3684891276595036e-11,1.0,1.1855254708054448e-13,1.1855254708054448e-13,stoichiometric,Galena,1.1560975609756097,2.7382045036844015e-11,1.1560975609756097,1.370583105272636e-13,0.017732067510548524,0.01773206748316648,0.635111259945265,3.4848887536568823e-10,3.4848887536568823e-10
Lead,"('ecoinvent-3.4-biosphere', 'e9e856c2-868e-435e-8425-8df1c9297cfc')",Pb,2.3684891276595036e-11,2.3684891276595036e-11,1.0,1.1855254708054448e-13,1.1855254708054448e-13,stoichiometric,Galena,1.1560975609756097,2.7382045036844015e-11,1.1560975609756097,1.370583105272636e-13,0.017732067510548524,0.01773206748316648,0.635111259945265,3.4848887536568823e-10,3.4848887536568823e-10
Lead,"('ecoinvent-3.4-biosphere', '739234c8-5359-48b4-983f-9cb170d68c8d')",Pb,2.3684891276595036e-11,2.3684891276595036e-11,1.0,1.1855254708054448e-13,1.1855254708054448e-13,stoichiometric,Galena,1.1560975609756097,2.7382045036844015e-11,1.1560975609756097,1.370583105272636e-13,0.017732067510548524,0.01773206748316648,0.635111259945265,3.4848887536568823e-10,3.4848887536568823e-10
Lead,"('ecoinvent-3.4-biosphere', '31c4d160-b21e-41b3-b9c1-3d7a72377653')",Pb,2.3684891276595036e-11,2.3684891276595036e-11,1.0,1.1855254708054448e-13,1.1855254708054448e-13,stoichiometric,Galena,1.1560975609756097,2.7382045036844015e-11,1.1560975609756097,1.370583105272636e-13,0.017732067510548524,0.01773206748316648,0.635111259945265,3.4848887536568823e-10,3.4848887536568823e-10
Lead,"('ecoinvent-3.4-biosphere', '0ff15165-d761-48c9-9814-2d1dcdd56857')",Pb,2.3684891276595036e-11,2.3684891276595036e-11,1.0,1.1855254708054448e-13,1.1855254708054448e-13,stoichiometric,Galena,1.1560975609756097,2.7382045036844015e-11,1.1560975609756097,1.370583105272636e-13,0.017732067510548524,0.01773206748316648,0.635111259945265,3.4848887536568823e-10,3.4848887536568823e-10
Lead,"('ecoinvent-3.4-biosphere', 'b3ebdcc3-c588-4997-95d2-9785b26b34e1')",Pb,2.3684891276595036e-11,2.3684891276595036e-11,1.0,1.1855254708054448e-13,1.1855254708054448e-13,stoichiometric,Galena,1.1560975609756097,2.7382045036844015e-11,1.1560975609756097,1.370583105272636e-13,0.017732067510548524,0.01773206748316648,0.635111259945265,3.4848887536568823e-10,3.4848887536568823e-10
Lead,"('ecoinvent-3.4-biosphere', '8e123669-94d3-41d8-9480-a79211fe7c43')",Pb,2.3684891276595036e-11,2.3684891276595036e-11,1.0,1.1855254708054448e-13,1.1855254708054448e-13,stoichiometric,Galena,1.1560975609756097,2.7382045036844015e-11,1.1560975609756097,1.370583105272636e-13,0.017732067510548524,0.01773206748316648,0.635111259945265,3.4848887536568823e-10,3.4848887536568823e-10
Lead,"('ecoinvent-3.4-biosphere', '9ee7f4ab-b826-47ae-8623-e138f944b42e')",Pb,2.3684891276595036e-11,2.3684891276595036e-11,1.0,1.1855254708054448e-13,1.1855254708054448e-13,stoichiometric,Galena,1.1560975609756097,2.7382045036844015e-11,1.1560975609756097,1.370583105272636e-13,0.017732067510548524,0.01773206748316648,0.635111259945265,3.4848887536568823e-10,3.4848887536568823e-10
Lead,"('ecoinvent-3.4-biosphere', '2718482b-8399-442e-b89a-52fbcc22d2e6')",Pb,2.3684891276595036e-11,2.3684891276595036e-11,1.0,1.1855254708054448e-13,1.1855254708054448e-13,stoichiometric,Galena,1.1560975609756097,2.7382045036844015e-11,1.1560975609756097,1.370583105272636e-13,0.017732067510548524,0.01773206748316648,0.635111259945265,3.4848887536568823e-10,3.4848887536568823e-10
Lead,"('ecoinvent-3.4-biosphere', '837083ce-41cd-49f3-a849-d79564dac238')",Pb,2.3684891276595036e-11,2.3684891276595036e-11,1.0,1.1855254708054448e-13,1.1855254708054448e-13,stoichiometric,Galena,1.1560975609756097,2.7382045036844015e-11,1.1560975609756097,1.370583105272636e-13,0.017732067510548524,0.01773206748316648,0.635111259945265,3.4848887536568823e-10,3.4848887536568823e-10
Lead,"('ecoinvent-3.4-biosphere', '4010918f-7fd0-4925-8fbb-8fd7a44a806c')",Pb,2.3684891276595036e-11,2.3684891276595036e-11,1.0,1.1855254708054448e-13,1.1855254708054448e-13,stoichiometric,Galena,1.1560975609756097,2.7382045036844015e-11,1.1560975609756097,1.370583105272636e-13,0.017732067510548524,0.01773206748316648,0.635111259945265,3.4848887536568823e-10,3.4848887536568823e-10
Aluminium,"('ecoinvent-3.4-biosphere', '7880e65c-0321-4295-ba55-3186ad36e489')",Al,2.352467611612602e-11,2.352467611612602e-11,1.0,6.422536676269254e-14,6.422536676269254e-14,stoichiometric,Bauxite (Gibbsite),2.8930041152263373,6.80569848133193e-11,2.8930041152263373,1.8580425034639034e-13,0.08399573257467995,0.08399573250662296,0.95,8.004319511004539e-09,8.004319511004539e-09
Aluminium,"('ecoinvent-3.4-biosphere', '46e63323-cffd-4c46-829b-5f006b50fa9b')",Al,2.352467611612602e-11,2.352467611612602e-11,1.0,6.422536676269254e-14,6.422536676269254e-14,stoichiometric,Bauxite (Gibbsite),2.8930041152263373,6.80569848133193e-11,2.8930041152263373,1.8580425034639034e-13,0.08399573257467995,0.08399573250662296,0.95,8.004319511004539e-09,8.004319511004539e-09
Aluminium,"('ecoinvent-3.4-biosphere', '39555a26-d28b-425f-993f-e8770ab7d9cf')",Al,2.352467611612602e-11,2.352467611612602e-11,1.0,6.422536676269254e-14,6.422536676269254e-14,stoichiometric,Bauxite (Gibbsite),2.8930041152263373,6.80569848133193e-11,2.8930041152263373,1.8580425034639034e-13,0.08399573257467995,0.08399573250662296,0.95,8.004319511004539e-09,8.004319511004539e-09
Aluminium,"('ecoinvent-3.4-biosphere', 'd96403bf-902e-4b7a-8ffd-32fe09e4017f')",Al,2.352467611612602e-11,2.352467611612602e-11,1.0,6.422536676269254e-14,6.422536676269254e-14,stoichiometric,Bauxite (Gibbsite),2.8930041152263373,6.80569848133193e-11,2.8930041152263373,1.8580425034639034e-13,0.08399573257467995,0.08399573250662296,0.95,8.004319511004539e-09,8.004319511004539e-09
Aluminium,"('ecoinvent-3.4-biosphere', '0ace7678-a181-48e8-8728-d912a8b56c57')",Al,2.352467611612602e-11,2.352467611612602e-11,1.0,6.422536676269254e-14,6.422536676269254e-14,stoichiometric,Bauxite (Gibbsite),2.8930041152263373,6.80569848133193e-11,2.8930041152263373,1.8580425034639034e-13,0.08399573257467995,0.08399573250662296,0.95,8.004319511004539e-09,8.004319511004539e-09
Aluminium,"('ecoinvent-3.4-biosphere', '9c3bd678-1b2f-4b95-a245-d5c8a3fe326b')",Al,2.352467611612602e-11,2.352467611612602e-11,1.0,6.422536676269254e-14,6.422536676269254e-14,stoichiometric,Bauxite (Gibbsite),2.8930041152263373,6.80569848133193e-11,2.8930041152263373,1.8580425034639034e-13,0.08399573257467995,0.08399573250662296,0.95,8.004319511004539e-09,8.004319511004539e-09
Aluminium,"('ecoinvent-3.4-biosphere', '01056d4b-f9b0-4dfc-b8d9-8407c8376efb')",Al,2.352467611612602e-11,2.352467611612602e-11,1.0,6.422536676269254e-14,6.422536676269254e-14,stoichiometric,Bauxite (Gibbsite),2.8930041152263373,6.80569848133193e-11,2.8930041152263373,1.8580425034639034e-13,0.08399573257467995,0.08399573250662296,0.95,8.004319511004539e-09,8.004319511004539e-09
Aluminium,"('ecoinvent-3.4-biosphere', '765546a9-b056-4d27-ad14-2f016511bdcb')",Al,2.352467611612602e-11,2.352467611612602e-11,1.0,6.422536676269254e-14,6.422536676269254e-14,stoichiometric,Bauxite (Gibbsite),2.8930041152263373,6.80569848133193e-11,2.8930041152263373,1.8580425034639034e-13,0.08399573257467995,0.08399573250662296,0.95,8.004319511004539e-09,8.004319511004539e-09
Aluminium,"('ecoinvent-3.4-biosphere', '6f0b8b7c-3888-4174-b7e3-916d42d678ee')",Al,2.352467611612602e-11,2.352467611612602e-11,1.0,6.422536676269254e-14,6.422536676269254e-14,stoichiometric,Bauxite (Gibbsite),2.8930041152263373,6.80569848133193e-11,2.8930041152263373,1.8580425034639034e-13,0.08399573257467995,0.08399573250662296,0.95,8.004319511004539e-09,8.004319511004539e-09
Aluminium,"('ecoinvent-3.4-biosphere', '2e0c9efa-d55c-49db-8be3-0376d5921ff4')",Al,2.352467611612602e-11,2.352467611612602e-11,1.0,6.422536676269254e-14,6.422536676269254e-14,stoichiometric,Bauxite (Gibbsite),2.8930041152263373,6.80569848133193e-11,2.8930041152263373,1.8580425034639034e-13,0.08399573257467995,0.08399573250662296,0.95,8.004319511004539e-09,8.004319511004539e-09
Aluminium,"('ecoinvent-3.4-biosphere', '97e498ec-f323-4ec6-bcc0-d8a4c853bae3')",Al,2.352467611612602e-11,2.352467611612602e-11,1.0,6.422536676269254e-14,6.422536676269254e-14,stoichiometric,Bauxite (Gibbsite),2.8930041152263373,6.80569848133193e-11,2.8930041152263373,1.8580425034639034e-13,0.08399573257467995,0.08399573250662296,0.95,8.004319511004539e-09,8.004319511004539e-09
Aluminium,"('ecoinvent-3.4-biosphere', 'e0401210-0377-4670-84af-12247ca20bed')",Al,2.352467611612602e-11,2.352467611612602e-11,1.0,6.422536676269254e-14,6.422536676269254e-14,stoichiometric,Bauxite (Gibbsite),2.8930041152263373,6.80569848133193e-11,2.8930041152263373,1.8580425034639034e-13,0.08399573257467995,0.08399573250662296,0.95,8.004319511004539e-09,8.004319511004539e-09
Aluminium,"('ecoinvent-3.4-biosphere', 'ff65658c-2d39-44a2-b23e-7ec3c644f064')",Al,2.352467611612602e-11,2.352467611612602e-11,1.0,6.422536676269254e-14,6.422536676269254e-14,stoichiometric,Bauxite (Gibbsite),2.8930041152263373,6.80569848133193e-11,2.8930041152263373,1.8580425034639034e-13,0.08399573257467995,0.08399573250662296,0.95,8.004319511004539e-09,8.004319511004539e-09
Aluminium,"('ecoinvent-3.4-biosphere', '2baa4381-b781-4f5e-90de-508b0fa3fd1f')",Al,2.352467611612602e-11,2.352467611612602e-11,1.0,6.422536676269254e-14,6.422536676269254e-14,stoichiometric,Bauxite (Gibbsite),2.8930041152263373,6.80569848133193e-11,2.8930041152263373,1.8580425034639034e-13,0.08399573257467995,0.08399573250662296,0.95,8.004319511004539e-09,8.004319511004539e-09
Chromium VI,"('ecoinvent-3.4-biosphere', '81b3321a-c9d8-4104-a974-5460f1bc5029')",Cr,2.3393552049325948e-11,2.3393552049325948e-11,1.0,3.1278613038877847e-13,3.1278613038877847e-13,stoichiometric,Chromite,2.152027027027027,5.034355626831294e-11,2.152027027027027,6.73124206275851e-13,0.13754474097331237,0.1375447409229688,0.81,1.3628763693960581e-11,1.3628763693960581e-11
Chromium VI,"('ecoinvent-3.4-biosphere', '7a59e8d5-cd11-4ee7-b1ca-30979d2b0b3a')",Cr,2.3393552049325948e-11,2.3393552049325948e-11,1.0,3.1278613038877847e-13,3.1278613038877847e-13,stoichiometric,Chromite,2.152027027027027,5.034355626831294e-11,2.152027027027027,6.73124206275851e-13,0.13754474097331237,0.1375447409229688,0.81,1.3628763693960581e-11,1.3628763693960581e-11
Chromium VI,"('ecoinvent-3.4-biosphere', '81e17d9a-3e0b-414e-9b2e-eca7e5b3bd4a')",Cr,2.3393552049325948e-11,2.3393552049325948e-11,1.0,3.1278613038877847e-13,3.1278613038877847e-13,stoichiometric,Chromite,2.152027027027027,5.034355626831294e-11,2.152027027027027,6.73124206275851e-13,0.13754474097331237,0.1375447409229688,0.81,1.3628763693960581e-11,1.3628763693960581e-11
Chromium VI,"('ecoinvent-3.4-biosphere', '68ba2022-830e-45fb-8c85-b35e94754ae9')",Cr,2.3393552049325948e-11,2.3393552049325948e-11,1.0,3.1278613038877847e-13,3.1278613038877847e-13,stoichiometric,Chromite,2.152027027027027,5.034355626831294e-11,2.152027027027027,6.73124206275851e-13,0.13754474097331237,0.1375447409229688,0.81,1.3628763693960581e-11,1.3628763693960581e-11
Chromium VI,"('ecoinvent-3.4-biosphere', '8ec83662-7c2b-4452-8acf-95a0bb94233c')",Cr,2.3393552049325948e-11,2.3393552049325948e-11,1.0,3.1278613038877847e-13,3.1278613038877847e-13,stoichiometric,Chromite,2.152027027027027,5.034355626831294e-11,2.152027027027027,6.73124206275851e-13,0.13754474097331237,0.1375447409229688,0.81,1.3628763693960581e-11,1.3628763693960581e-11
Chromium VI,"('ecoinvent-3.4-biosphere', 'a9ec0c9b-982a-4329-99ae-dab1f9fb62d3')",Cr,2.3393552049325948e-11,2.3393552049325948e-11,1.0,3.1278613038877847e-13,3.1278613038877847e-13,stoichiometric,Chromite,2.152027027027027,5.034355626831294e-11,2.152027027027027,6.73124206275851e-13,0.13754474097331237,0.1375447409229688,0.81,1.3628763693960581e-11,1.3628763693960581e-11
Chromium VI,"('ecoinvent-3.4-biosphere', '8216fc31-15a1-4d33-858f-e09650b14c63')",Cr,2.3393552049325948e-11,2.3393552049325948e-11,1.0,3.1278613038877847e-13,3.1278613038877847e-13,stoichiometric,Chromite,2.152027027027027,5.034355626831294e-11,2.152027027027027,6.73124206275851e-13,0.13754474097331237,0.1375447409229688,0.81,1.3628763693960581e-11,1.3628763693960581e-11
Chromium VI,"('ecoinvent-3.4-biosphere', 'c2e854f9-fe22-4fe7-9083-cf6d0a8c7254')",Cr,2.3393552049325948e-11,2.3393552049325948e-11,1.0,3.1278613038877847e-13,3.1278613038877847e-13,stoichiometric,Chromite,2.152027027027027,5.034355626831294e-11,2.152027027027027,6.73124206275851e-13,0.13754474097331237,0.1375447409229688,0.81,1.3628763693960581e-11,1.3628763693960581e-11
Chromium VI,"('ecoinvent-3.4-biosphere', 'ef475b50-9cd0-4e7c-9c59-07868fe16e91')",Cr,2.3393552049325948e-11,2.3393552049325948e-11,1.0,3.1278613038877847e-13,3.1278613038877847e-13,stoichiometric,Chromite,2.152027027027027,5.034355626831294e-11,2.152027027027027,6.73124206275851e-13,0.13754474097331237,0.1375447409229688,0.81,1.3628763693960581e-11,1.3628763693960581e-11
Chromium VI,"('ecoinvent-3.4-biosphere', '03b279a7-4626-4703-a451-d0650599dbd9')",Cr,2.3393552049325948e-11,2.3393552049325948e-11,1.0,3.1278613038877847e-13,3.1278613038877847e-13,stoichiometric,Chromite,2.152027027027027,5.034355626831294e-11,2.152027027027027,6.73124206275851e-13,0.13754474097331237,0.1375447409229688,0.81,1.3628763693960581e-11,1.3628763693960581e-11
Chromium VI,"('ecoinvent-3.4-biosphere', '01285299-c683-4e15-b654-201987a7a738')",Cr,2.3393552049325948e-11,2.3393552049325948e-11,1.0,3.1278613038877847e-13,3.1278613038877847e-13,stoichiometric,Chromite,2.152027027027027,5.034355626831294e-11,2.152027027027027,6.73124206275851e-13,0.13754474097331237,0.1375447409229688,0.81,1.3628763693960581e-11,1.3628763693960581e-11
Chromium VI,"('ecoinvent-3.4-biosphere', 'abbd3b09-a7ec-435a-9d01-34cf8581739e')",Cr,2.3393552049325948e-11,2.3393552049325948e-11,1.0,3.1278613038877847e-13,3.1278613038877847e-13,stoichiometric,Chromite,2.152027027027027,5.034355626831294e-11,2.152027027027027,6.73124206275851e-13,0.13754474097331237,0.1375447409229688,0.81,1.3628763693960581e-11,1.3628763693960581e-11
Chromium VI,"('ecoinvent-3.4-biosphere', '9bbae55a-35de-4eff-a219-814a9fec5ac2')",Cr,2.3393552049325948e-11,2.3393552049325948e-11,1.0,3.1278613038877847e-13,3.1278613038877847e-13,stoichiometric,Chromite,2.152027027027027,5.034355626831294e-11,2.152027027027027,6.73124206275851e-13,0.13754474097331237,0.1375447409229688,0.81,1.3628763693960581e-11,1.3628763693960581e-11
Chromium VI,"('ecoinvent-3.4-biosphere', '58060894-19d9-4855-84d8-58935a5325f8')",Cr,2.3393552049325948e-11,2.3393552049325948e-11,1.0,3.1278613038877847e-13,3.1278613038877847e-13,stoichiometric,Chromite,2.152027027027027,5.034355626831294e-11,2.152027027027027,6.73124206275851e-13,0.13754474097331237,0.1375447409229688,0.81,1.3628763693960581e-11,1.3628763693960581e-11
Glyphosate,"('ecoinvent-3.4-biosphere', 'bd02a7ec-dcb5-4609-bc96-cc7a96601ce2')",P,2.2351744105861648e-11,2.2351744105861648e-11,0.1832022239309162,3.1095584453067654e-15,3.1095584453067654e-15,stoichiometric,Apatite,0.3532544378698225,7.895852799526276e-12,0.06471699863121715,1.0984653206202006e-15,0.04784087102177553,0.04784087101387968,0.9,1.3280819411100988e-11,1.3280819411100988e-11
Glyphosate,"('ecoinvent-3.4-biosphere', 'b4f9a201-2a20-4f41-a572-eabc98c75e1b')",P,2.2351744105861648e-11,2.2351744105861648e-11,0.1832022239309162,3.1095584453067654e-15,3.1095584453067654e-15,stoichiometric,Apatite,0.3532544378698225,7.895852799526276e-12,0.06471699863121715,1.0984653206202006e-15,0.04784087102177553,0.04784087101387968,0.9,1.3280819411100988e-11,1.3280819411100988e-11
Glyphosate,"('ecoinvent-3.4-biosphere', 'e157e3dd-88b9-4256-ab2e-ff82e7b8d088')",P,2.2351744105861648e-11,2.2351744105861648e-11,0.1832022239309162,3.1095584453067654e-15,3.1095584453067654e-15,stoichiometric,Apatite,0.3532544378698225,7.895852799526276e-12,0.06471699863121715,1.0984653206202006e-15,0.04784087102177553,0.04784087101387968,0.9,1.3280819411100988e-11,1.3280819411100988e-11
Glyphosate,"('ecoinvent-3.4-biosphere', '3850d44e-8919-47bc-9c0a-51ccc4ec9d9f')",P,2.2351744105861648e-11,2.2351744105861648e-11,0.1832022239309162,3.1095584453067654e-15,3.1095584453067654e-15,stoichiometric,Apatite,0.3532544378698225,7.895852799526276e-12,0.06471699863121715,1.0984653206202006e-15,0.04784087102177553,0.04784087101387968,0.9,1.3280819411100988e-11,1.3280819411100988e-11
Glyphosate,"('ecoinvent-3.4-biosphere', '17955b10-4c04-4fff-91e7-cf89ef1a7cca')",P,2.2351744105861648e-11,2.2351744105861648e-11,0.1832022239309162,3.1095584453067654e-15,3.1095584453067654e-15,stoichiometric,Apatite,0.3532544378698225,7.895852799526276e-12,0.06471699863121715,1.0984653206202006e-15,0.04784087102177553,0.04784087101387968,0.9,1.3280819411100988e-11,1.3280819411100988e-11
Phosphate,"('ecoinvent-3.4-biosphere', '1727b41d-377e-43cd-bc01-9eaba946eccb')",P,2.195831701160321e-11,2.195831701160321e-11,0.3261416642975224,5.53572191877536e-15,5.53572191877536e-15,stoichiometric,Apatite,0.3532544378698225,7.756872932501253e-12,0.11521099028734964,1.9555183346206452e-15,0.04784087102177553,0.04784087101401866,0.9,1.304709563020652e-11,1.304709563020652e-11
Phosphate,"('ecoinvent-3.4-biosphere', 'c8791f3c-3c4a-4278-91c0-483797d14da2')",P,2.195831701160321e-11,2.195831701160321e-11,0.3261416642975224,5.53572191877536e-15,5.53572191877536e-15,stoichiometric,Apatite,0.3532544378698225,7.756872932501253e-12,0.11521099028734964,1.9555183346206452e-15,0.04784087102177553,0.04784087101401866,0.9,1.304709563020652e-11,1.304709563020652e-11
Phosphate,"('ecoinvent-3.4-biosphere', '490b267b-f429-4d9a-ac79-224e37fb4d58')",P,2.195831701160321e-11,2.195831701160321e-11,0.3261416642975224,5.53572191877536e-15,5.53572191877536e-15,stoichiometric,Apatite,0.3532544378698225,7.756872932501253e-12,0.11521099028734964,1.9555183346206452e-15,0.04784087102177553,0.04784087101401866,0.9,1.304709563020652e-11,1.304709563020652e-11
Phosphate,"('ecoinvent-3.4-biosphere', '3aaf9017-0d8a-42aa-9a60-cbc39e994e73')",P,2.195831701160321e-11,2.195831701160321e-11,0.3261416642975224,5.53572191877536e-15,5.53572191877536e-15,stoichiometric,Apatite,0.3532544378698225,7.756872932501253e-12,0.11521099028734964,1.9555183346206452e-15,0.04784087102177553,0.04784087101401866,0.9,1.304709563020652e-11,1.304709563020652e-11
Phosphate,"('ecoinvent-3.4-biosphere', '329fc7d8-4011-4327-84e4-34ff76f0e42d')",P,2.195831701160321e-11,2.195831701160321e-11,0.3261416642975224,5.53572191877536e-15,5.53572191877536e-15,stoichiometric,Apatite,0.3532544378698225,7.756872932501253e-12,0.11521099028734964,1.9555183346206452e-15,0.04784087102177553,0.04784087101401866,0.9,1.304709563020652e-11,1.304709563020652e-11
Chromium VI,"('ecoinvent-3.4-biosphere', '81b3321a-c9d8-4104-a974-5460f1bc5029')",Cr,2.167814817931873e-11,2.167814817931873e-11,1.0,3.1278613038877847e-13,3.1278613038877847e-13,stoichiometric,Chromite,2.152027027027027,4.665196077779065e-11,2.152027027027027,6.73124206275851e-13,0.13754474097331237,0.1375447409266604,0.81,1.2629372776942563e-11,1.2629372776942563e-11
Chromium VI,"('ecoinvent-3.4-biosphere', '7a59e8d5-cd11-4ee7-b1ca-30979d2b0b3a')",Cr,2.167814817931873e-11,2.167814817931873e-11,1.0,3.1278613038877847e-13,3.1278613038877847e-13,stoichiometric,Chromite,2.152027027027027,4.665196077779065e-11,2.152027027027027,6.73124206275851e-13,0.13754474097331237,0.1375447409266604,0.81,1.2629372776942563e-11,1.2629372776942563e-11
Chromium VI,"('ecoinvent-3.4-biosphere', '81e17d9a-3e0b-414e-9b2e-eca7e5b3bd4a')",Cr,2.167814817931873e-11,2.167814817931873e-11,1.0,3.1278613038877847e-13,3.1278613038877847e-13,stoichiometric,Chromite,2.152027027027027,4.665196077779065e-11,2.152027027027027,6.73124206275851e-13,0.13754474097331237,0.1375447409266604,0.81,1.2629372776942563e-11,1.2629372776942563e-11
Chromium VI,"('ecoinvent-3.4-biosphere', '68ba2022-830e-45fb-8c85-b35e94754ae9')",Cr,2.167814817931873e-11,2.167814817931873e-11,1.0,3.1278613038877847e-13,3.1278613038877847e-13,stoichiometric,Chromite,2.152027027027027,4.665196077779065e-11,2.152027027027027,6.73124206275851e-13,0.13754474097331237,0.1375447409266604,0.81,1.2629372776942563e-11,1.2629372776942563e-11
Chromium VI,"('ecoinvent-3.4-biosphere', '8ec83662-7c2b-4452-8acf-95a0bb94233c')",Cr,2.167814817931873e-11,2.167814817931873e-11,1.0,3.1278613038877847e-13,3.1278613038877847e-13,stoichiometric,Chromite,2.152027027027027,4.665196077779065e-11,2.152027027027027,6.73124206275851e-13,0.13754474097331237,0.1375447409266604,0.81,1.2629372776942563e-11,1.2629372776942563e-11
Chromium VI,"('ecoinvent-3.4-biosphere', 'a9ec0c9b-982a-4329-99ae-dab1f9fb62d3')",Cr,2.167814817931873e-11,2.167814817931873e-11,1.0,3.1278613038877847e-13,3.1278613038877847e-13,stoichiometric,Chromite,2.152027027027027,4.665196077779065e-11,2.152027027027027,6.73124206275851e-13,0.13754474097331237,0.1375447409266604,0.81,1.2629372776942563e-11,1.2629372776942563e-11
Chromium VI,"('ecoinvent-3.4-biosphere', '8216fc31-15a1-4d33-858f-e09650b14c63')",Cr,2.167814817931873e-11,2.167814817931873e-11,1.0,3.1278613038877847e-13,3.1278613038877847e-13,stoichiometric,Chromite,2.152027027027027,4.665196077779065e-11,2.152027027027027,6.73124206275851e-13,0.13754474097331237,0.1375447409266604,0.81,1.2629372776942563e-11,1.2629372776942563e-11
Chromium VI,"('ecoinvent-3.4-biosphere', 'c2e854f9-fe22-4fe7-9083-cf6d0a8c7254')",Cr,2.167814817931873e-11,2.167814817931873e-11,1.0,3.1278613038877847e-13,3.1278613038877847e-13,stoichiometric,Chromite,2.152027027027027,4.665196077779065e-11,2.152027027027027,6.73124206275851e-13,0.13754474097331237,0.1375447409266604,0.81,1.2629372776942563e-11,1.2629372776942563e-11
Chromium VI,"('ecoinvent-3.4-biosphere', 'ef475b50-9cd0-4e7c-9c59-07868fe16e91')",Cr,2.167814817931873e-11,2.167814817931873e-11,1.0,3.1278613038877847e-13,3.1278613038877847e-13,stoichiometric,Chromite,2.152027027027027,4.665196077779065e-11,2.152027027027027,6.73124206275851e-13,0.13754474097331237,0.1375447409266604,0.81,1.2629372776942563e-11,1.2629372776942563e-11
Chromium VI,"('ecoinvent-3.4-biosphere', '03b279a7-4626-4703-a451-d0650599dbd9')",Cr,2.167814817931873e-11,2.167814817931873e-11,1.0,3.1278613038877847e-13,3.1278613038877847e-13,stoichiometric,Chromite,2.152027027027027,4.665196077779065e-11,2.152027027027027,6.73124206275851e-13,0.13754474097331237,0.1375447409266604,0.81,1.2629372776942563e-11,1.2629372776942563e-11
Chromium VI,"('ecoinvent-3.4-biosphere', '01285299-c683-4e15-b654-201987a7a738')",Cr,2.167814817931873e-11,2.167814817931873e-11,1.0,3.1278613038877847e-13,3.1278613038877847e-13,stoichiometric,Chromite,2.152027027027027,4.665196077779065e-11,2.152027027027027,6.73124206275851e-13,0.13754474097331237,0.1375447409266604,0.81,1.2629372776942563e-11,1.2629372776942563e-11
Chromium VI,"('ecoinvent-3.4-biosphere', 'abbd3b09-a7ec-435a-9d01-34cf8581739e')",Cr,2.167814817931873e-11,2.167814817931873e-11,1.0,3.1278613038877847e-13,3.1278613038877847e-13,stoichiometric,Chromite,2.152027027027027,4.665196077779065e-11,2.152027027027027,6.73124206275851e-13,0.13754474097331237,0.1375447409266604,0.81,1.2629372776942563e-11,1.2629372776942563e-11
Chromium VI,"('ecoinvent-3.4-biosphere', '9bbae55a-35de-4eff-a219-814a9fec5ac2')",Cr,2.167814817931873e-11,2.167814817931873e-11,1.0,3.1278613038877847e-13,3.1278613038877847e-13,stoichiometric,Chromite,2.152027027027027,4.665196077779065e-11,2.152027027027027,6.73124206275851e-13,0.13754474097331237,0.1375447409266604,0.81,1.2629372776942563e-11,1.2629372776942563e-11
Chromium VI,"('ecoinvent-3.4-biosphere', '58060894-19d9-4855-84d8-58935a5325f8')",Cr,2.167814817931873e-11,2.167814817931873e-11,1.0,3.1278613038877847e-13,3.1278613038877847e-13,stoichiometric,Chromite,2.152027027027027,4.665196077779065e-11,2.152027027027027,6.73124206275851e-13,0.13754474097331237,0.1375447409266604,0.81,1.2629372776942563e-11,1.2629372776942563e-11
"Chromium, ion","('ecoinvent-3.4-biosphere', 'd9c23a8d-e7bf-4f70-8d22-b9ad8a653204')",Cr,2.1011035761915933e-11,2.1011035761915933e-11,1.0,3.1278613038877847e-13,3.1278613038877847e-13,stoichiometric,Chromite,2.152027027027027,4.5216316825474494e-11,2.152027027027027,6.73124206275851e-13,0.13754474097331237,0.13754474092809604,0.81,1.2240758431993053e-11,1.2240758431993053e-11
"Chromium, ion","('ecoinvent-3.4-biosphere', 'd98f0ec0-bf19-4c90-a457-a8593dec497f')",Cr,2.1011035761915933e-11,2.1011035761915933e-11,1.0,3.1278613038877847e-13,3.1278613038877847e-13,stoichiometric,Chromite,2.152027027027027,4.5216316825474494e-11,2.152027027027027,6.73124206275851e-13,0.13754474097331237,0.13754474092809604,0.81,1.2240758431993053e-11,1.2240758431993053e-11
"Chromium, ion","('ecoinvent-3.4-biosphere', '30f484ee-dec4-47ae-8e92-d00d4b93fe05')",Cr,2.1011035761915933e-11,2.1011035761915933e-11,1.0,3.1278613038877847e-13,3.1278613038877847e-13,stoichiometric,Chromite,2.152027027027027,4.5216316825474494e-11,2.152027027027027,6.73124206275851e-13,0.13754474097331237,0.13754474092809604,0.81,1.2240758431993053e-11,1.2240758431993053e-11
"Chromium, ion","('ecoinvent-3.4-biosphere', '1c87de06-e58f-4684-a54c-d29f1a251a87')",Cr,2.1011035761915933e-11,2.1011035761915933e-11,1.0,3.1278613038877847e-13,3.1278613038877847e-13,stoichiometric,Chromite,2.152027027027027,4.5216316825474494e-11,2.152027027027027,6.73124206275851e-13,0.13754474097331237,0.13754474092809604,0.81,1.2240758431993053e-11,1.2240758431993053e-11
"Chromium, ion","('ecoinvent-3.4-biosphere', 'e34d3da4-a3d5-41be-84b5-458afe32c990')",Cr,2.1011035761915933e-11,2.1011035761915933e-11,1.0,3.1278613038877847e-13,3.1278613038877847e-13,stoichiometric,Chromite,2.152027027027027,4.5216316825474494e-11,2.152027027027027,6.73124206275851e-13,0.13754474097331237,0.13754474092809604,0.81,1.2240758431993053e-11,1.2240758431993053e-11
Manganese,"('ecoinvent-3.4-biosphere', '6b7fbea6-4a86-40f9-954d-3c9b3611abfd')",Mn,2.0784240427648767e-11,2.0784240427648767e-11,1.0,6.485008032108113e-14,6.485008032108113e-14,stoichiometric,Pyrolusite,1.5822784810126582,3.2886456372861974e-11,1.5822784810126582,1.0261088658398912e-13,0.199712,0.19971199996711356,0.6709603911825677,1.9089957538329333e-11,1.9089957538329333e-11
Manganese,"('ecoinvent-3.4-biosphere', '44f28e11-061d-44fd-8f25-dc62a9f1fa57')",Mn,2.0784240427648767e-11,2.0784240427648767e-11,1.0,6.485008032108113e-14,6.485008032108113e-14,stoichiometric,Pyrolusite,1.5822784810126582,3.2886456372861974e-11,1.5822784810126582,1.0261088658398912e-13,0.199712,0.19971199996711356,0.6709603911825677,1.9089957538329333e-11,1.9089957538329333e-11
Manganese,"('ecoinvent-3.4-biosphere', '9c706cff-cb82-4207-a589-95896e04dc08')",Mn,2.0784240427648767e-11,2.0784240427648767e-11,1.0,6.485008032108113e-14,6.485008032108113e-14,stoichiometric,Pyrolusite,1.5822784810126582,3.2886456372861974e-11,1.5822784810126582,1.0261088658398912e-13,0.199712,0.19971199996711356,0.6709603911825677,1.9089957538329333e-11,1.9089957538329333e-11
Manganese,"('ecoinvent-3.4-biosphere', '9ba8c05d-1593-45a5-8d3b-5c4f3e9fef32')",Mn,2.0784240427648767e-11,2.0784240427648767e-11,1.0,6.485008032108113e-14,6.485008032108113e-14,stoichiometric,Pyrolusite,1.5822784810126582,3.2886456372861974e-11,1.5822784810126582,1.0261088658398912e-13,0.199712,0.19971199996711356,0.6709603911825677,1.9089957538329333e-11,1.9089957538329333e-11
Manganese,"('ecoinvent-3.4-biosphere', '835d0907-a668-4d92-b6b6-7b56fa343713')",Mn,2.0784240427648767e-11,2.0784240427648767e-11,1.0,6.485008032108113e-14,6.485008032108113e-14,stoichiometric,Pyrolusite,1.5822784810126582,3.2886456372861974e-11,1.5822784810126582,1.0261088658398912e-13,0.199712,0.19971199996711356,0.6709603911825677,1.9089957538329333e-11,1.9089957538329333e-11
Manganese,"('ecoinvent-3.4-biosphere', '2460f868-54a9-404c-bec8-c809a44ae72c')",Mn,2.0784240427648767e-11,2.0784240427648767e-11,1.0,6.485008032108113e-14,6.485008032108113e-14,stoichiometric,Pyrolusite,1.5822784810126582,3.2886456372861974e-11,1.5822784810126582,1.0261088658398912e-13,0.199712,0.19971199996711356,0.6709603911825677,1.9089957538329333e-11,1.9089957538329333e-11
Manganese,"('ecoinvent-3.4-biosphere', '10cbd2f7-c41b-4bb4-b636-d8fc15cf0282')",Mn,2.0784240427648767e-11,2.0784240427648767e-11,1.0,6.485008032108113e-14,6.485008032108113e-14,stoichiometric,Pyrolusite,1.5822784810126582,3.2886456372861974e-11,1.5822784810126582,1.0261088658398912e-13,0.199712,0.19971199996711356,0.6709603911825677,1.9089957538329333e-11,1.9089957538329333e-11
Manganese,"('ecoinvent-3.4-biosphere', '295060ba-3c3d-45e4-99ca-e17b1204b553')",Mn,2.0784240427648767e-11,2.0784240427648767e-11,1.0,6.485008032108113e-14,6.485008032108113e-14,stoichiometric,Pyrolusite,1.5822784810126582,3.2886456372861974e-11,1.5822784810126582,1.0261088658398912e-13,0.199712,0.19971199996711356,0.6709603911825677,1.9089957538329333e-11,1.9089957538329333e-11
Manganese,"('ecoinvent-3.4-biosphere', 'b0546417-3064-4878-bd6f-2da75cefdf63')",Mn,2.0784240427648767e-11,2.0784240427648767e-11,1.0,6.485008032108113e-14,6.485008032108113e-14,stoichiometric,Pyrolusite,1.5822784810126582,3.2886456372861974e-11,1.5822784810126582,1.0261088658398912e-13,0.199712,0.19971199996711356,0.6709603911825677,1.9089957538329333e-11,1.9089957538329333e-11
Manganese,"('ecoinvent-3.4-biosphere', 'c91fd4bf-ed70-4e2f-a34f-159773f981b6')",Mn,2.0784240427648767e-11,2.0784240427648767e-11,1.0,6.485008032108113e-14,6.485008032108113e-14,stoichiometric,Pyrolusite,1.5822784810126582,3.2886456372861974e-11,1.5822784810126582,1.0261088658398912e-13,0.199712,0.19971199996711356,0.6709603911825677,1.9089957538329333e-11,1.9089957538329333e-11
Manganese,"('ecoinvent-3.4-biosphere', '0af26a55-d357-469f-abad-8ced785cb4fb')",Mn,2.0784240427648767e-11,2.0784240427648767e-11,1.0,6.485008032108113e-14,6.485008032108113e-14,stoichiometric,Pyrolusite,1.5822784810126582,3.2886456372861974e-11,1.5822784810126582,1.0261088658398912e-13,0.199712,0.19971199996711356,0.6709603911825677,1.9089957538329333e-11,1.9089957538329333e-11
Manganese,"('ecoinvent-3.4-biosphere', '42053ffb-9284-49cb-88f9-33ac5c77be4a')",Mn,2.0784240427648767e-11,2.0784240427648767e-11,1.0,6.485008032108113e-14,6.485008032108113e-14,stoichiometric,Pyrolusite,1.5822784810126582,3.2886456372861974e-11,1.5822784810126582,1.0261088658398912e-13,0.199712,0.19971199996711356,0.6709603911825677,1.9089957538329333e-11,1.9089957538329333e-11
Manganese,"('ecoinvent-3.4-biosphere', 'f532985c-90b7-46fc-aac9-b039b40e22f1')",Mn,2.0784240427648767e-11,2.0784240427648767e-11,1.0,6.485008032108113e-14,6.485008032108113e-14,stoichiometric,Pyrolusite,1.5822784810126582,3.2886456372861974e-11,1.5822784810126582,1.0261088658398912e-13,0.199712,0.19971199996711356,0.6709603911825677,1.9089957538329333e-11,1.9089957538329333e-11
Manganese,"('ecoinvent-3.4-biosphere', '009a49e8-09a7-4432-9cb9-f2dd18e8f922')",Mn,2.0784240427648767e-11,2.0784240427648767e-11,1.0,6.485008032108113e-14,6.485008032108113e-14,stoichiometric,Pyrolusite,1.5822784810126582,3.2886456372861974e-11,1.5822784810126582,1.0261088658398912e-13,0.199712,0.19971199996711356,0.6709603911825677,1.9089957538329333e-11,1.9089957538329333e-11
Iron,"('ecoinvent-3.4-biosphere', 'e8bd2edd-f937-49f6-9e8b-9f445278775e')",Fe,1.867962331320013e-11,1.867962331320013e-11,1.0,9.645225823667623e-15,9.645225823667623e-15,stoichiometric,Hematite,1.0,1.867962331320013e-11,1.0,9.645225823667623e-15,0.73,0.7299999999813204,0.95,5.4405617982917195e-11,5.4405617982917195e-11
Iron,"('ecoinvent-3.4-biosphere', 'db364689-e1a3-4629-8835-e6c59d6daf09')",Fe,1.867962331320013e-11,1.867962331320013e-11,1.0,9.645225823667623e-15,9.645225823667623e-15,stoichiometric,Hematite,1.0,1.867962331320013e-11,1.0,9.645225823667623e-15,0.73,0.7299999999813204,0.95,5.4405617982917195e-11,5.4405617982917195e-11
Iron,"('ecoinvent-3.4-biosphere', 'ce567bdc-76ec-4ca0-be79-8bb796e448b3')",Fe,1.867962331320013e-11,1.867962331320013e-11,1.0,9.645225823667623e-15,9.645225823667623e-15,stoichiometric,Hematite,1.0,1.867962331320013e-11,1.0,9.645225823667623e-15,0.73,0.7299999999813204,0.95,5.4405617982917195e-11,5.4405617982917195e-11
Iron,"('ecoinvent-3.4-biosphere', '32cd0492-c0cb-4898-a2b1-675eedc5b688')",Fe,1.867962331320013e-11,1.867962331320013e-11,1.0,9.645225823667623e-15,9.645225823667623e-15,stoichiometric,Hematite,1.0,1.867962331320013e-11,1.0,9.645225823667623e-15,0.73,0.7299999999813204,0.95,5.4405617982917195e-11,5.4405617982917195e-11
Iron,"('ecoinvent-3.4-biosphere', '8dba66e2-0f2e-4038-84ef-1e40b4f573a6')",Fe,1.867962331320013e-11,1.867962331320013e-11,1.0,9.645225823667623e-15,9.645225823667623e-15,stoichiometric,Hematite,1.0,1.867962331320013e-11,1.0,9.645225823667623e-15,0.73,0.7299999999813204,0.95,5.4405617982917195e-11,5.4405617982917195e-11
Iron,"('ecoinvent-3.4-biosphere', 'c983ad54-12e9-47a5-b747-5e5c448e58e2')",Fe,1.867962331320013e-11,1.867962331320013e-11,1.0,9.645225823667623e-15,9.645225823667623e-15,stoichiometric,Hematite,1.0,1.867962331320013e-11,1.0,9.645225823667623e-15,0.73,0.7299999999813204,0.95,5.4405617982917195e-11,5.4405617982917195e-11
Iron,"('ecoinvent-3.4-biosphere', '76152de4-9499-48f7-af98-a5d41842484a')",Fe,1.867962331320013e-11,1.867962331320013e-11,1.0,9.645225823667623e-15,9.645225823667623e-15,stoichiometric,Hematite,1.0,1.867962331320013e-11,1.0,9.645225823667623e-15,0.73,0.7299999999813204,0.95,5.4405617982917195e-11,5.4405617982917195e-11
Iron,"('ecoinvent-3.4-biosphere', '98693cdf-d9fc-43ed-bfe6-78dfe5742d33')",Fe,1.867962331320013e-11,1.867962331320013e-11,1.0,9.645225823667623e-15,9.645225823667623e-15,stoichiometric,Hematite,1.0,1.867962331320013e-11,1.0,9.645225823667623e-15,0.73,0.7299999999813204,0.95,5.4405617982917195e-11,5.4405617982917195e-11
Iron,"('ecoinvent-3.4-biosphere', '0dc0bbb0-1141-4dff-b6a2-8bd5368e14af')",Fe,1.867962331320013e-11,1.867962331320013e-11,1.0,9.645225823667623e-15,9.645225823667623e-15,stoichiometric,Hematite,1.0,1.867962331320013e-11,1.0,9.645225823667623e-15,0.73,0.7299999999813204,0.95,5.4405617982917195e-11,5.4405617982917195e-11
Iron,"('ecoinvent-3.4-biosphere', 'e3043a7f-5347-4c7b-89ee-93f11b2f6d9b')",Fe,1.867962331320013e-11,1.867962331320013e-11,1.0,9.645225823667623e-15,9.645225823667623e-15,stoichiometric,Hematite,1.0,1.867962331320013e-11,1.0,9.645225823667623e-15,0.73,0.7299999999813204,0.95,5.4405617982917195e-11,5.4405617982917195e-11
Chromium VI,"('ecoinvent-3.4-biosphere', '81b3321a-c9d8-4104-a974-5460f1bc5029')",Cr,1.844658297187145e-11,1.844658297187145e-11,1.0,3.1278613038877847e-13,3.1278613038877847e-13,stoichiometric,Chromite,2.152027027027027,3.9697545111763895e-11,2.152027027027027,6.73124206275851e-13,0.13754474097331237,0.13754474093361482,0.81,1.0746710188092944e-11,1.0746710188092944e-11
Chromium VI,"('ecoinvent-3.4-biosphere', '7a59e8d5-cd11-4ee7-b1ca-30979d2b0b3a')",Cr,1.844658297187145e-11,1.844658297187145e-11,1.0,3.1278613038877847e-13,3.1278613038877847e-13,stoichiometric,Chromite,2.152027027027027,3.9697545111763895e-11,2.152027027027027,6.73124206275851e-13,0.13754474097331237,0.13754474093361482,0.81,1.0746710188092944e-11,1.0746710188092944e-11
Chromium VI,"('ecoinvent-3.4-biosphere', '81e17d9a-3e0b-414e-9b2e-eca7e5b3bd4a')",Cr,1.844658297187145e-11,1.844658297187145e-11,1.0,3.1278613038877847e-13,3.1278613038877847e-13,stoichiometric,Chromite,2.152027027027027,3.9697545111763895e-11,2.152027027027027,6.73124206275851e-13,0.13754474097331237,0.13754474093361482,0.81,1.0746710188092944e-11,1.0746710188092944e-11
Chromium VI,"('ecoinvent-3.4-biosphere', '68ba2022-830e-45fb-8c85-b35e94754ae9')",Cr,1.844658297187145e-11,1.844658297187145e-11,1.0,3.1278613038877847e-13,3.1278613038877847e-13,stoichiometric,Chromite,2.152027027027027,3.9697545111763895e-11,2.152027027027027,6.73124206275851e-13,0.13754474097331237,0.13754474093361482,0.81,1.0746710188092944e-11,1.0746710188092944e-11
Chromium VI,"('ecoinvent-3.4-biosphere', '8ec83662-7c2b-4452-8acf-95a0bb94233c')",Cr,1.844658297187145e-11,1.844658297187145e-11,1.0,3.1278613038877847e-13,3.1278613038877847e-13,stoichiometric,Chromite,2.152027027027027,3.9697545111763895e-11,2.152027027027027,6.73124206275851e-13,0.13754474097331237,0.13754474093361482,0.81,1.0746710188092944e-11,1.0746710188092944e-11
Chromium VI,"('ecoinvent-3.4-biosphere', 'a9ec0c9b-982a-4329-99ae-dab1f9fb62d3')",Cr,1.844658297187145e-11,1.844658297187145e-11,1.0,3.1278613038877847e-13,3.1278613038877847e-13,stoichiometric,Chromite,2.152027027027027,3.9697545111763895e-11,2.152027027027027,6.73124206275851e-13,0.13754474097331237,0.13754474093361482,0.81,1.0746710188092944e-11,1.0746710188092944e-11
Chromium VI,"('ecoinvent-3.4-biosphere', '8216fc31-15a1-4d33-858f-e09650b14c63')",Cr,1.844658297187145e-11,1.844658297187145e-11,1.0,3.1278613038877847e-13,3.1278613038877847e-13,stoichiometric,Chromite,2.152027027027027,3.9697545111763895e-11,2.152027027027027,6.73124206275851e-13,0.13754474097331237,0.13754474093361482,0.81,1.0746710188092944e-11,1.0746710188092944e-11
Chromium VI,"('ecoinvent-3.4-biosphere', 'c2e854f9-fe22-4fe7-9083-cf6d0a8c7254')",Cr,1.844658297187145e-11,1.844658297187145e-11,1.0,3.1278613038877847e-13,3.1278613038877847e-13,stoichiometric,Chromite,2.152027027027027,3.9697545111763895e-11,2.152027027027027,6.73124206275851e-13,0.13754474097331237,0.13754474093361482,0.81,1.0746710188092944e-11,1.0746710188092944e-11
Chromium VI,"('ecoinvent-3.4-biosphere', 'ef475b50-9cd0-4e7c-9c59-07868fe16e91')",Cr,1.844658297187145e-11,1.844658297187145e-11,1.0,3.1278613038877847e-13,3.1278613038877847e-13,stoichiometric,Chromite,2.152027027027027,3.9697545111763895e-11,2.152027027027027,6.73124206275851e-13,0.13754474097331237,0.13754474093361482,0.81,1.0746710188092944e-11,1.0746710188092944e-11
Chromium VI,"('ecoinvent-3.4-biosphere', '03b279a7-4626-4703-a451-d0650599dbd9')",Cr,1.844658297187145e-11,1.844658297187145e-11,1.0,3.1278613038877847e-13,3.1278613038877847e-13,stoichiometric,Chromite,2.152027027027027,3.9697545111763895e-11,2.152027027027027,6.73124206275851e-13,0.13754474097331237,0.13754474093361482,0.81,1.0746710188092944e-11,1.0746710188092944e-11
Chromium VI,"('ecoinvent-3.4-biosphere', '01285299-c683-4e15-b654-201987a7a738')",Cr,1.844658297187145e-11,1.844658297187145e-11,1.0,3.1278613038877847e-13,3.1278613038877847e-13,stoichiometric,Chromite,2.152027027027027,3.9697545111763895e-11,2.152027027027027,6.73124206275851e-13,0.13754474097331237,0.13754474093361482,0.81,1.0746710188092944e-11,1.0746710188092944e-11
Chromium VI,"('ecoinvent-3.4-biosphere', 'abbd3b09-a7ec-435a-9d01-34cf8581739e')",Cr,1.844658297187145e-11,1.844658297187145e-11,1.0,3.1278613038877847e-13,3.1278613038877847e-13,stoichiometric,Chromite,2.152027027027027,3.9697545111763895e-11,2.152027027027027,6.73124206275851e-13,0.13754474097331237,0.13754474093361482,0.81,1.0746710188092944e-11,1.0746710188092944e-11
Chromium VI,"('ecoinvent-3.4-biosphere', '9bbae55a-35de-4eff-a219-814a9fec5ac2')",Cr,1.844658297187145e-11,1.844658297187145e-11,1.0,3.1278613038877847e-13,3.1278613038877847e-13,stoichiometric,Chromite,2.152027027027027,3.9697545111763895e-11,2.152027027027027,6.73124206275851e-13,0.13754474097331237,0.13754474093361482,0.81,1.0746710188092944e-11,1.0746710188092944e-11
Chromium VI,"('ecoinvent-3.4-biosphere', '58060894-19d9-4855-84d8-58935a5325f8')",Cr,1.844658297187145e-11,1.844658297187145e-11,1.0,3.1278613038877847e-13,3.1278613038877847e-13,stoichiometric,Chromite,2.152027027027027,3.9697545111763895e-11,2.152027027027027,6.73124206275851e-13,0.13754474097331237,0.13754474093361482,0.81,1.0746710188092944e-11,1.0746710188092944e-11
Nickel,"('ecoinvent-3.4-biosphere', 'a72a45ee-395a-4d25-b893-9d183e43e76e')",Ni,1.7893001865688157e-11,1.7893001865688157e-11,1.0,9.066741688482605e-14,9.066741688482605e-14,stoichiometric,Pentlandite(sulphides) / Garnierite(laterites),2.9342028985507245,5.250169793807571e-11,2.9342028985507245,2.660365974275635e-13,0.00509049773755656,0.005090497685054862,0.0803628113054402,6.3564229082248834e-09,6.3564229082248834e-09
Nickel,"('ecoinvent-3.4-biosphere', 'e43a270f-4f88-4789-a0b8-7aba56677743')",Ni,1.7893001865688157e-11,1.7893001865688157e-11,1.0,9.066741688482605e-14,9.066741688482605e-14,stoichiometric,Pentlandite(sulphides) / Garnierite(laterites),2.9342028985507245,5.250169793807571e-11,2.9342028985507245,2.660365974275635e-13,0.00509049773755656,0.005090497685054862,0.0803628113054402,6.3564229082248834e-09,6.3564229082248834e-09
Nickel,"('ecoinvent-3.4-biosphere', 'c89873de-cd23-4323-a948-f5cfeebd2fc9')",Ni,1.7893001865688157e-11,1.7893001865688157e-11,1.0,9.066741688482605e-14,9.066741688482605e-14,stoichiometric,Pentlandite(sulphides) / Garnierite(laterites),2.9342028985507245,5.250169793807571e-11,2.9342028985507245,2.660365974275635e-13,0.00509049773755656,0.005090497685054862,0.0803628113054402,6.3564229082248834e-09,6.3564229082248834e-09
Nickel,"('ecoinvent-3.4-biosphere', '5de1943f-b011-45a0-97d4-ed15eea6a382')",Ni,1.7893001865688157e-11,1.7893001865688157e-11,1.0,9.066741688482605e-14,9.066741688482605e-14,stoichiometric,Pentlandite(sulphides) / Garnierite(laterites),2.9342028985507245,5.250169793807571e-11,2.9342028985507245,2.660365974275635e-13,0.00509049773755656,0.005090497685054862,0.0803628113054402,6.3564229082248834e-09,6.3564229082248834e-09
Nickel,"('ecoinvent-3.4-biosphere', 'b4580545-243d-48d2-a3a0-2633a4f46fb1')",Ni,1.7893001865688157e-11,1.7893001865688157e-11,1.0,9.066741688482605e-14,9.066741688482605e-14,stoichiometric,Pentlandite(sulphides) / Garnierite(laterites),2.9342028985507245,5.250169793807571e-11,2.9342028985507245,2.660365974275635e-13,0.00509049773755656,0.005090497685054862,0.0803628113054402,6.3564229082248834e-09,6.3564229082248834e-09
Nickel,"('ecoinvent-3.4-biosphere', 'a5506f4b-113f-4713-95c3-c819dde6e48b')",Ni,1.7893001865688157e-11,1.7893001865688157e-11,1.0,9.066741688482605e-14,9.066741688482605e-14,stoichiometric,Pentlandite(sulphides) / Garnierite(laterites),2.9342028985507245,5.250169793807571e-11,2.9342028985507245,2.660365974275635e-13,0.00509049773755656,0.005090497685054862,0.0803628113054402,6.3564229082248834e-09,6.3564229082248834e-09
Nickel,"('ecoinvent-3.4-biosphere', 'e8fc62ba-678e-4706-97d2-b79d83e227d5')",Ni,1.7893001865688157e-11,1.7893001865688157e-11,1.0,9.066741688482605e-14,9.066741688482605e-14,stoichiometric,Pentlandite(sulphides) / Garnierite(laterites),2.9342028985507245,5.250169793807571e-11,2.9342028985507245,2.660365974275635e-13,0.00509049773755656,0.005090497685054862,0.0803628113054402,6.3564229082248834e-09,6.3564229082248834e-09
Nickel,"('ecoinvent-3.4-biosphere', '2bcad3b3-5305-481c-a166-ad5e6eac2675')",Ni,1.7893001865688157e-11,1.7893001865688157e-11,1.0,9.066741688482605e-14,9.066741688482605e-14,stoichiometric,Pentlandite(sulphides) / Garnierite(laterites),2.9342028985507245,5.250169793807571e-11,2.9342028985507245,2.660365974275635e-13,0.00509049773755656,0.005090497685054862,0.0803628113054402,6.3564229082248834e-09,6.3564229082248834e-09
Nickel,"('ecoinvent-3.4-biosphere', '0545c382-2312-43b6-9ec3-63dbb1438565')",Ni,1.7893001865688157e-11,1.7893001865688157e-11,1.0,9.066741688482605e-14,9.066741688482605e-14,stoichiometric,Pentlandite(sulphides) / Garnierite(laterites),2.9342028985507245,5.250169793807571e-11,2.9342028985507245,2.660365974275635e-13,0.00509049773755656,0.005090497685054862,0.0803628113054402,6.3564229082248834e-09,6.3564229082248834e-09
Nickel,"('ecoinvent-3.4-biosphere', '56815b4f-6138-4e0b-9fac-c94fd6b102b3')",Ni,1.7893001865688157e-11,1.7893001865688157e-11,1.0,9.066741688482605e-14,9.066741688482605e-14,stoichiometric,Pentlandite(sulphides) / Garnierite(laterites),2.9342028985507245,5.250169793807571e-11,2.9342028985507245,2.660365974275635e-13,0.00509049773755656,0.005090497685054862,0.0803628113054402,6.3564229082248834e-09,6.3564229082248834e-09
Copper,"('ecoinvent-3.4-biosphere', '7e66a41c-d311-4949-bdd8-eef09cdcfa47')",Cu,1.7425984742406943e-11,1.7425984742406943e-11,1.0,1.231243333335009e-14,1.231243333335009e-14,stoichiometric,Chalcopyrite,2.8793103448275863,5.017481813761999e-11,2.8793103448275863,3.545131666671491e-14,0.00201437125748503,0.0020143712073102116,0.8086409056778144,1.3333927977832672e-07,1.3333927977832672e-07
Copper,"('ecoinvent-3.4-biosphere', 'e336eee7-148a-4d1c-8027-780cbfafa12b')",Cu,1.7425984742406943e-11,1.7425984742406943e-11,1.0,1.231243333335009e-14,1.231243333335009e-14,stoichiometric,Chalcopyrite,2.8793103448275863,5.017481813761999e-11,2.8793103448275863,3.545131666671491e-14,0.00201437125748503,0.0020143712073102116,0.8086409056778144,1.3333927977832672e-07,1.3333927977832672e-07
Copper,"('ecoinvent-3.4-biosphere', '44d3e792-7c9e-48ab-9de9-acfa2e097f26')",Cu,1.7425984742406943e-11,1.7425984742406943e-11,1.0,1.231243333335009e-14,1.231243333335009e-14,stoichiometric,Chalcopyrite,2.8793103448275863,5.017481813761999e-11,2.8793103448275863,3.545131666671491e-14,0.00201437125748503,0.0020143712073102116,0.8086409056778144,1.3333927977832672e-07,1.3333927977832672e-07
Copper,"('ecoinvent-3.4-biosphere', '88cde01c-df69-40bb-9b14-6eac71bea5b8')",Cu,1.7425984742406943e-11,1.7425984742406943e-11,1.0,1.231243333335009e-14,1.231243333335009e-14,stoichiometric,Chalcopyrite,2.8793103448275863,5.017481813761999e-11,2.8793103448275863,3.545131666671491e-14,0.00201437125748503,0.0020143712073102116,0.8086409056778144,1.3333927977832672e-07,1.3333927977832672e-07
Copper,"('ecoinvent-3.4-biosphere', 'ec8144d6-d123-43b1-9c17-a295422a0498')",Cu,1.7425984742406943e-11,1.7425984742406943e-11,1.0,1.231243333335009e-14,1.231243333335009e-14,stoichiometric,Chalcopyrite,2.8793103448275863,5.017481813761999e-11,2.8793103448275863,3.545131666671491e-14,0.00201437125748503,0.0020143712073102116,0.8086409056778144,1.3333927977832672e-07,1.3333927977832672e-07
Copper,"('ecoinvent-3.4-biosphere', 'fd153f15-1d16-410a-91fa-04d205e36c43')",Cu,1.7425984742406943e-11,1.7425984742406943e-11,1.0,1.231243333335009e-14,1.231243333335009e-14,stoichiometric,Chalcopyrite,2.8793103448275863,5.017481813761999e-11,2.8793103448275863,3.545131666671491e-14,0.00201437125748503,0.0020143712073102116,0.8086409056778144,1.3333927977832672e-07,1.3333927977832672e-07
Copper,"('ecoinvent-3.4-biosphere', '3573a5af-88f8-4f74-ade7-cd269cbc4e66')",Cu,1.7425984742406943e-11,1.7425984742406943e-11,1.0,1.231243333335009e-14,1.231243333335009e-14,stoichiometric,Chalcopyrite,2.8793103448275863,5.017481813761999e-11,2.8793103448275863,3.545131666671491e-14,0.00201437125748503,0.0020143712073102116,0.8086409056778144,1.3333927977832672e-07,1.3333927977832672e-07
Copper,"('ecoinvent-3.4-biosphere', '237ca6bc-2f0a-4416-a0e3-bd512f038f2e')",Cu,1.7425984742406943e-11,1.7425984742406943e-11,1.0,1.231243333335009e-14,1.231243333335009e-14,stoichiometric,Chalcopyrite,2.8793103448275863,5.017481813761999e-11,2.8793103448275863,3.545131666671491e-14,0.00201437125748503,0.0020143712073102116,0.8086409056778144,1.3333927977832672e-07,1.3333927977832672e-07
Copper,"('ecoinvent-3.4-biosphere', '0a5e8a67-f9ae-48b3-bfa7-e9d37c30a191')",Cu,1.7425984742406943e-11,1.7425984742406943e-11,1.0,1.231243333335009e-14,1.231243333335009e-14,stoichiometric,Chalcopyrite,2.8793103448275863,5.017481813761999e-11,2.8793103448275863,3.545131666671491e-14,0.00201437125748503,0.0020143712073102116,0.8086409056778144,1.3333927977832672e-07,1.3333927977832672e-07
Aluminium,"('ecoinvent-3.4-biosphere', '7880e65c-0321-4295-ba55-3186ad36e489')",Al,1.5380255700662373e-11,1.5380255700662373e-11,1.0,6.422536676269254e-14,6.422536676269254e-14,stoichiometric,Bauxite (Gibbsite),2.8930041152263373,4.449514303524958e-11,2.8930041152263373,1.8580425034639034e-13,0.08399573257467995,0.0839957325301848,0.95,5.233159736997723e-09,5.233159736997723e-09
Aluminium,"('ecoinvent-3.4-biosphere', '46e63323-cffd-4c46-829b-5f006b50fa9b')",Al,1.5380255700662373e-11,1.5380255700662373e-11,1.0,6.422536676269254e-14,6.422536676269254e-14,stoichiometric,Bauxite (Gibbsite),2.8930041152263373,4.449514303524958e-11,2.8930041152263373,1.8580425034639034e-13,0.08399573257467995,0.0839957325301848,0.95,5.233159736997723e-09,5.233159736997723e-09
Aluminium,"('ecoinvent-3.4-biosphere', '39555a26-d28b-425f-993f-e8770ab7d9cf')",Al,1.5380255700662373e-11,1.5380255700662373e-11,1.0,6.422536676269254e-14,6.422536676269254e-14,stoichiometric,Bauxite (Gibbsite),2.8930041152263373,4.449514303524958e-11,2.8930041152263373,1.8580425034639034e-13,0.08399573257467995,0.0839957325301848,0.95,5.233159736997723e-09,5.233159736997723e-09
Aluminium,"('ecoinvent-3.4-biosphere', 'd96403bf-902e-4b7a-8ffd-32fe09e4017f')",Al,1.5380255700662373e-11,1.5380255700662373e-11,1.0,6.422536676269254e-14,6.422536676269254e-14,stoichiometric,Bauxite (Gibbsite),2.8930041152263373,4.449514303524958e-11,2.8930041152263373,1.8580425034639034e-13,0.08399573257467995,0.0839957325301848,0.95,5.233159736997723e-09,5.233159736997723e-09
Aluminium,"('ecoinvent-3.4-biosphere', '0ace7678-a181-48e8-8728-d912a8b56c57')",Al,1.5380255700662373e-11,1.5380255700662373e-11,1.0,6.422536676269254e-14,6.422536676269254e-14,stoichiometric,Bauxite (Gibbsite),2.8930041152263373,4.449514303524958e-11,2.8930041152263373,1.8580425034639034e-13,0.08399573257467995,0.0839957325301848,0.95,5.233159736997723e-09,5.233159736997723e-09
Aluminium,"('ecoinvent-3.4-biosphere', '9c3bd678-1b2f-4b95-a245-d5c8a3fe326b')",Al,1.5380255700662373e-11,1.5380255700662373e-11,1.0,6.422536676269254e-14,6.422536676269254e-14,stoichiometric,Bauxite (Gibbsite),2.8930041152263373,4.449514303524958e-11,2.8930041152263373,1.8580425034639034e-13,0.08399573257467995,0.0839957325301848,0.95,5.233159736997723e-09,5.233159736997723e-09
Aluminium,"('ecoinvent-3.4-biosphere', '01056d4b-f9b0-4dfc-b8d9-8407c8376efb')",Al,1.5380255700662373e-11,1.5380255700662373e-11,1.0,6.422536676269254e-14,6.422536676269254e-14,stoichiometric,Bauxite (Gibbsite),2.8930041152263373,4.449514303524958e-11,2.8930041152263373,1.8580425034639034e-13,0.08399573257467995,0.0839957325301848,0.95,5.233159736997723e-09,5.233159736997723e-09
Aluminium,"('ecoinvent-3.4-biosphere', '765546a9-b056-4d27-ad14-2f016511bdcb')",Al,1.5380255700662373e-11,1.5380255700662373e-11,1.0,6.422536676269254e-14,6.422536676269254e-14,stoichiometric,Bauxite (Gibbsite),2.8930041152263373,4.449514303524958e-11,2.8930041152263373,1.8580425034639034e-13,0.08399573257467995,0.0839957325301848,0.95,5.233159736997723e-09,5.233159736997723e-09
Aluminium,"('ecoinvent-3.4-biosphere', '6f0b8b7c-3888-4174-b7e3-916d42d678ee')",Al,1.5380255700662373e-11,1.5380255700662373e-11,1.0,6.422536676269254e-14,6.422536676269254e-14,stoichiometric,Bauxite (Gibbsite),2.8930041152263373,4.449514303524958e-11,2.8930041152263373,1.8580425034639034e-13,0.08399573257467995,0.0839957325301848,0.95,5.233159736997723e-09,5.233159736997723e-09
Aluminium,"('ecoinvent-3.4-biosphere', '2e0c9efa-d55c-49db-8be3-0376d5921ff4')",Al,1.5380255700662373e-11,1.5380255700662373e-11,1.0,6.422536676269254e-14,6.422536676269254e-14,stoichiometric,Bauxite (Gibbsite),2.8930041152263373,4.449514303524958e-11,2.8930041152263373,1.8580425034639034e-13,0.08399573257467995,0.0839957325301848,0.95,5.233159736997723e-09,5.233159736997723e-09
Aluminium,"('ecoinvent-3.4-biosphere', '97e498ec-f323-4ec6-bcc0-d8a4c853bae3')",Al,1.5380255700662373e-11,1.5380255700662373e-11,1.0,6.422536676269254e-14,6.422536676269254e-14,stoichiometric,Bauxite (Gibbsite),2.8930041152263373,4.449514303524958e-11,2.8930041152263373,1.8580425034639034e-13,0.08399573257467995,0.0839957325301848,0.95,5.233159736997723e-09,5.233159736997723e-09
Aluminium,"('ecoinvent-3.4-biosphere', 'e0401210-0377-4670-84af-12247ca20bed')",Al,1.5380255700662373e-11,1.5380255700662373e-11,1.0,6.422536676269254e-14,6.422536676269254e-14,stoichiometric,Bauxite (Gibbsite),2.8930041152263373,4.449514303524958e-11,2.8930041152263373,1.8580425034639034e-13,0.08399573257467995,0.0839957325301848,0.95,5.233159736997723e-09,5.233159736997723e-09
Aluminium,"('ecoinvent-3.4-biosphere', 'ff65658c-2d39-44a2-b23e-7ec3c644f064')",Al,1.5380255700662373e-11,1.5380255700662373e-11,1.0,6.422536676269254e-14,6.422536676269254e-14,stoichiometric,Bauxite (Gibbsite),2.8930041152263373,4.449514303524958e-11,2.8930041152263373,1.8580425034639034e-13,0.08399573257467995,0.0839957325301848,0.95,5.233159736997723e-09,5.233159736997723e-09
Aluminium,"('ecoinvent-3.4-biosphere', '2baa4381-b781-4f5e-90de-508b0fa3fd1f')",Al,1.5380255700662373e-11,1.5380255700662373e-11,1.0,6.422536676269254e-14,6.422536676269254e-14,stoichiometric,Bauxite (Gibbsite),2.8930041152263373,4.449514303524958e-11,2.8930041152263373,1.8580425034639034e-13,0.08399573257467995,0.0839957325301848,0.95,5.233159736997723e-09,5.233159736997723e-09
Cobalt,"('ecoinvent-3.4-biosphere', '33627701-feca-434d-a192-674a450eaaf7')",Co,1.4963422258383853e-11,1.4963422258383853e-11,1.0,1.9447495148453946e-12,1.9447495148453946e-12,stoichiometric,Linnaeite,1.727272727272727,2.5845911173572104e-11,1.727272727272727,3.3591127983693174e-12,0.000636842105263158,0.0006368420794172469,0.0455986939380875,8.698211370152013e-08,8.698211370152013e-08
Cobalt,"('ecoinvent-3.4-biosphere', '381a22c9-3722-4378-810d-86958f7b6d32')",Co,1.4963422258383853e-11,1.4963422258383853e-11,1.0,1.9447495148453946e-12,1.9447495148453946e-12,stoichiometric,Linnaeite,1.727272727272727,2.5845911173572104e-11,1.727272727272727,3.3591127983693174e-12,0.000636842105263158,0.0006368420794172469,0.0455986939380875,8.698211370152013e-08,8.698211370152013e-08
Cobalt,"('ecoinvent-3.4-biosphere', 'b10faa87-2c1d-4f6e-aa65-9f80b376939a')",Co,1.4963422258383853e-11,1.4963422258383853e-11,1.0,1.9447495148453946e-12,1.9447495148453946e-12,stoichiometric,Linnaeite,1.727272727272727,2.5845911173572104e-11,1.727272727272727,3.3591127983693174e-12,0.000636842105263158,0.0006368420794172469,0.0455986939380875,8.698211370152013e-08,8.698211370152013e-08
Cobalt,"('ecoinvent-3.4-biosphere', '12051b95-831a-49c0-9a70-fbc0e8fb9af9')",Co,1.4963422258383853e-11,1.4963422258383853e-11,1.0,1.9447495148453946e-12,1.9447495148453946e-12,stoichiometric,Linnaeite,1.727272727272727,2.5845911173572104e-11,1.727272727272727,3.3591127983693174e-12,0.000636842105263158,0.0006368420794172469,0.0455986939380875,8.698211370152013e-08,8.698211370152013e-08
Cobalt,"('ecoinvent-3.4-biosphere', '9ce88274-57b6-42ed-a78b-4abef2301865')",Co,1.4963422258383853e-11,1.4963422258383853e-11,1.0,1.9447495148453946e-12,1.9447495148453946e-12,stoichiometric,Linnaeite,1.727272727272727,2.5845911173572104e-11,1.727272727272727,3.3591127983693174e-12,0.000636842105263158,0.0006368420794172469,0.0455986939380875,8.698211370152013e-08,8.698211370152013e-08
Cobalt,"('ecoinvent-3.4-biosphere', 'c58d25ad-30d2-4fac-a857-1fa6f67afe8a')",Co,1.4963422258383853e-11,1.4963422258383853e-11,1.0,1.9447495148453946e-12,1.9447495148453946e-12,stoichiometric,Linnaeite,1.727272727272727,2.5845911173572104e-11,1.727272727272727,3.3591127983693174e-12,0.000636842105263158,0.0006368420794172469,0.0455986939380875,8.698211370152013e-08,8.698211370152013e-08
Cobalt,"('ecoinvent-3.4-biosphere', 'ca04300a-8338-4601-ba7c-66c10a4f6322')",Co,1.4963422258383853e-11,1.4963422258383853e-11,1.0,1.9447495148453946e-12,1.9447495148453946e-12,stoichiometric,Linnaeite,1.727272727272727,2.5845911173572104e-11,1.727272727272727,3.3591127983693174e-12,0.000636842105263158,0.0006368420794172469,0.0455986939380875,8.698211370152013e-08,8.698211370152013e-08
Cobalt,"('ecoinvent-3.4-biosphere', '1e904267-caa3-40e6-a3a0-fc104489770b')",Co,1.4963422258383853e-11,1.4963422258383853e-11,1.0,1.9447495148453946e-12,1.9447495148453946e-12,stoichiometric,Linnaeite,1.727272727272727,2.5845911173572104e-11,1.727272727272727,3.3591127983693174e-12,0.000636842105263158,0.0006368420794172469,0.0455986939380875,8.698211370152013e-08,8.698211370152013e-08
Cobalt,"('ecoinvent-3.4-biosphere', 'f0d1c319-249f-4a89-b0e7-3a5a90a54036')",Co,1.4963422258383853e-11,1.4963422258383853e-11,1.0,1.9447495148453946e-12,1.9447495148453946e-12,stoichiometric,Linnaeite,1.727272727272727,2.5845911173572104e-11,1.727272727272727,3.3591127983693174e-12,0.000636842105263158,0.0006368420794172469,0.0455986939380875,8.698211370152013e-08,8.698211370152013e-08
Cobalt,"('ecoinvent-3.4-biosphere', '74eb3f02-09ec-46ce-8ee8-d67d0900136b')",Co,1.4963422258383853e-11,1.4963422258383853e-11,1.0,1.9447495148453946e-12,1.9447495148453946e-12,stoichiometric,Linnaeite,1.727272727272727,2.5845911173572104e-11,1.727272727272727,3.3591127983693174e-12,0.000636842105263158,0.0006368420794172469,0.0455986939380875,8.698211370152013e-08,8.698211370152013e-08
Cobalt,"('ecoinvent-3.4-biosphere', '9542444c-7c7a-48e2-bc9c-9c7c34fb7b3e')",Co,1.4963422258383853e-11,1.4963422258383853e-11,1.0,1.9447495148453946e-12,1.9447495148453946e-12,stoichiometric,Linnaeite,1.727272727272727,2.5845911173572104e-11,1.727272727272727,3.3591127983693174e-12,0.000636842105263158,0.0006368420794172469,0.0455986939380875,8.698211370152013e-08,8.698211370152013e-08
Cobalt,"('ecoinvent-3.4-biosphere', 'caf066cf-40ce-47a8-ba4c-969fcd6019c7')",Co,1.4963422258383853e-11,1.4963422258383853e-11,1.0,1.9447495148453946e-12,1.9447495148453946e-12,stoichiometric,Linnaeite,1.727272727272727,2.5845911173572104e-11,1.727272727272727,3.3591127983693174e-12,0.000636842105263158,0.0006368420794172469,0.0455986939380875,8.698211370152013e-08,8.698211370152013e-08
Cobalt,"('ecoinvent-3.4-biosphere', 'f0e28a62-ddf9-4c93-af81-676a58c3f2d4')",Co,1.4963422258383853e-11,1.4963422258383853e-11,1.0,1.9447495148453946e-12,1.9447495148453946e-12,stoichiometric,Linnaeite,1.727272727272727,2.5845911173572104e-11,1.727272727272727,3.3591127983693174e-12,0.000636842105263158,0.0006368420794172469,0.0455986939380875,8.698211370152013e-08,8.698211370152013e-08
Cobalt,"('ecoinvent-3.4-biosphere', 'd4291dd5-dae8-47fa-bf06-466fcecbc210')",Co,1.4963422258383853e-11,1.4963422258383853e-11,1.0,1.9447495148453946e-12,1.9447495148453946e-12,stoichiometric,Linnaeite,1.727272727272727,2.5845911173572104e-11,1.727272727272727,3.3591127983693174e-12,0.000636842105263158,0.0006368420794172469,0.0455986939380875,8.698211370152013e-08,8.698211370152013e-08
"Copper, ion","('ecoinvent-3.4-biosphere', 'd8f9ccf6-fd32-4348-83c0-1cee724af9ae')",Cu,1.4558050971470055e-11,1.4558050971470055e-11,1.0,1.231243333335009e-14,1.231243333335009e-14,stoichiometric,Chalcopyrite,2.8793103448275863,4.191714676268102e-11,2.8793103448275863,3.545131666671491e-14,0.00201437125748503,0.002014371215567883,0.8086409056778144,1.113946916865033e-07,1.113946916865033e-07
"Copper, ion","('ecoinvent-3.4-biosphere', '6d9550e2-e670-44c1-bad8-c0c4975ffca7')",Cu,1.4558050971470055e-11,1.4558050971470055e-11,1.0,1.231243333335009e-14,1.231243333335009e-14,stoichiometric,Chalcopyrite,2.8793103448275863,4.191714676268102e-11,2.8793103448275863,3.545131666671491e-14,0.00201437125748503,0.002014371215567883,0.8086409056778144,1.113946916865033e-07,1.113946916865033e-07
"Copper, ion","('ecoinvent-3.4-biosphere', '615b1460-6860-4cf6-8678-ad92c03c5e8b')",Cu,1.4558050971470055e-11,1.4558050971470055e-11,1.0,1.231243333335009e-14,1.231243333335009e-14,stoichiometric,Chalcopyrite,2.8793103448275863,4.191714676268102e-11,2.8793103448275863,3.545131666671491e-14,0.00201437125748503,0.002014371215567883,0.8086409056778144,1.113946916865033e-07,1.113946916865033e-07
"Copper, ion","('ecoinvent-3.4-biosphere', '40229ebf-9346-4f20-910a-f8ea3bd88d44')",Cu,1.4558050971470055e-11,1.4558050971470055e-11,1.0,1.231243333335009e-14,1.231243333335009e-14,stoichiometric,Chalcopyrite,2.8793103448275863,4.191714676268102e-11,2.8793103448275863,3.545131666671491e-14,0.00201437125748503,0.002014371215567883,0.8086409056778144,1.113946916865033e-07,1.113946916865033e-07
"Copper, ion","('ecoinvent-3.4-biosphere', 'c3b659e5-35f1-408c-8cb5-b5f9b295c76e')",Cu,1.4558050971470055e-11,1.4558050971470055e-11,1.0,1.231243333335009e-14,1.231243333335009e-14,stoichiometric,Chalcopyrite,2.8793103448275863,4.191714676268102e-11,2.8793103448275863,3.545131666671491e-14,0.00201437125748503,0.002014371215567883,0.8086409056778144,1.113946916865033e-07,1.113946916865033e-07
Molybdenum,"('ecoinvent-3.4-biosphere', '442511cc-a98b-4242-9229-5736cb9a9399')",Mo,1.4387270723565871e-11,1.4387270723565871e-11,1.0,1.6532043483883647e-13,1.6532043483883647e-13,stoichiometric,Molybdenite,1.6700000000000004,2.402674210835501e-11,1.6700000000000004,2.7608512618085697e-13,0.0001796407185628742,0.0001796406945361321,0.9176761103880936,1.953016952440132e-06,1.953016952440132e-06
Molybdenum,"('ecoinvent-3.4-biosphere', '697e8ecf-bdbe-4857-92c9-e01960c91db7')",Mo,1.4387270723565871e-11,1.4387270723565871e-11,1.0,1.6532043483883647e-13,1.6532043483883647e-13,stoichiometric,Molybdenite,1.6700000000000004,2.402674210835501e-11,1.6700000000000004,2.7608512618085697e-13,0.0001796407185628742,0.0001796406945361321,0.9176761103880936,1.953016952440132e-06,1.953016952440132e-06
Molybdenum,"('ecoinvent-3.4-biosphere', '9cf3a683-ed3d-40e9-b039-7653e4fc9e20')",Mo,1.4387270723565871e-11,1.4387270723565871e-11,1.0,1.6532043483883647e-13,1.6532043483883647e-13,stoichiometric,Molybdenite,1.6700000000000004,2.402674210835501e-11,1.6700000000000004,2.7608512618085697e-13,0.0001796407185628742,0.0001796406945361321,0.9176761103880936,1.953016952440132e-06,1.953016952440132e-06
Molybdenum,"('ecoinvent-3.4-biosphere', '7d3f7498-3596-478a-9fa1-72201ef94082')",Mo,1.4387270723565871e-11,1.4387270723565871e-11,1.0,1.6532043483883647e-13,1.6532043483883647e-13,stoichiometric,Molybdenite,1.6700000000000004,2.402674210835501e-11,1.6700000000000004,2.7608512618085697e-13,0.0001796407185628742,0.0001796406945361321,0.9176761103880936,1.953016952440132e-06,1.953016952440132e-06
Molybdenum,"('ecoinvent-3.4-biosphere', '5fa36ce3-aed0-443b-a09d-4cdf25b41995')",Mo,1.4387270723565871e-11,1.4387270723565871e-11,1.0,1.6532043483883647e-13,1.6532043483883647e-13,stoichiometric,Molybdenite,1.6700000000000004,2.402674210835501e-11,1.6700000000000004,2.7608512618085697e-13,0.0001796407185628742,0.0001796406945361321,0.9176761103880936,1.953016952440132e-06,1.953016952440132e-06
Molybdenum,"('ecoinvent-3.4-biosphere', '35b4d818-1019-413b-b99d-d351d8a67ac4')",Mo,1.4387270723565871e-11,1.4387270723565871e-11,1.0,1.6532043483883647e-13,1.6532043483883647e-13,stoichiometric,Molybdenite,1.6700000000000004,2.402674210835501e-11,1.6700000000000004,2.7608512618085697e-13,0.0001796407185628742,0.0001796406945361321,0.9176761103880936,1.953016952440132e-06,1.953016952440132e-06
Molybdenum,"('ecoinvent-3.4-biosphere', 'fdaaef05-0d10-4032-b2e7-85cae3c7bd5c')",Mo,1.4387270723565871e-11,1.4387270723565871e-11,1.0,1.6532043483883647e-13,1.6532043483883647e-13,stoichiometric,Molybdenite,1.6700000000000004,2.402674210835501e-11,1.6700000000000004,2.7608512618085697e-13,0.0001796407185628742,0.0001796406945361321,0.9176761103880936,1.953016952440132e-06,1.953016952440132e-06
Molybdenum,"('ecoinvent-3.4-biosphere', '640e30d2-3158-4a1a-82ef-fd0c72922c9a')",Mo,1.4387270723565871e-11,1.4387270723565871e-11,1.0,1.6532043483883647e-13,1.6532043483883647e-13,stoichiometric,Molybdenite,1.6700000000000004,2.402674210835501e-11,1.6700000000000004,2.7608512618085697e-13,0.0001796407185628742,0.0001796406945361321,0.9176761103880936,1.953016952440132e-06,1.953016952440132e-06
Molybdenum,"('ecoinvent-3.4-biosphere', '163926e2-b4cc-42bb-ba7d-401028140985')",Mo,1.4387270723565871e-11,1.4387270723565871e-11,1.0,1.6532043483883647e-13,1.6532043483883647e-13,stoichiometric,Molybdenite,1.6700000000000004,2.402674210835501e-11,1.6700000000000004,2.7608512618085697e-13,0.0001796407185628742,0.0001796406945361321,0.9176761103880936,1.953016952440132e-06,1.953016952440132e-06
Molybdenum,"('ecoinvent-3.4-biosphere', 'c126f8a0-6bc4-42e6-9220-d6ccfef3f2ed')",Mo,1.4387270723565871e-11,1.4387270723565871e-11,1.0,1.6532043483883647e-13,1.6532043483883647e-13,stoichiometric,Molybdenite,1.6700000000000004,2.402674210835501e-11,1.6700000000000004,2.7608512618085697e-13,0.0001796407185628742,0.0001796406945361321,0.9176761103880936,1.953016952440132e-06,1.953016952440132e-06
Molybdenum,"('ecoinvent-3.4-biosphere', '1f3c2297-d652-468d-82e8-4fd59bf5b5b8')",Mo,1.4387270723565871e-11,1.4387270723565871e-11,1.0,1.6532043483883647e-13,1.6532043483883647e-13,stoichiometric,Molybdenite,1.6700000000000004,2.402674210835501e-11,1.6700000000000004,2.7608512618085697e-13,0.0001796407185628742,0.0001796406945361321,0.9176761103880936,1.953016952440132e-06,1.953016952440132e-06
Molybdenum,"('ecoinvent-3.4-biosphere', '8b531ec0-ca7a-49cd-bef0-56f110112f34')",Mo,1.4387270723565871e-11,1.4387270723565871e-11,1.0,1.6532043483883647e-13,1.6532043483883647e-13,stoichiometric,Molybdenite,1.6700000000000004,2.402674210835501e-11,1.6700000000000004,2.7608512618085697e-13,0.0001796407185628742,0.0001796406945361321,0.9176761103880936,1.953016952440132e-06,1.953016952440132e-06
Molybdenum,"('ecoinvent-3.4-biosphere', 'c26d4716-ce1e-43da-a662-cd9498b1e8bc')",Mo,1.4387270723565871e-11,1.4387270723565871e-11,1.0,1.6532043483883647e-13,1.6532043483883647e-13,stoichiometric,Molybdenite,1.6700000000000004,2.402674210835501e-11,1.6700000000000004,2.7608512618085697e-13,0.0001796407185628742,0.0001796406945361321,0.9176761103880936,1.953016952440132e-06,1.953016952440132e-06
Molybdenum,"('ecoinvent-3.4-biosphere', '3822809c-cc03-469d-ac2a-9f85842f8440')",Mo,1.4387270723565871e-11,1.4387270723565871e-11,1.0,1.6532043483883647e-13,1.6532043483883647e-13,stoichiometric,Molybdenite,1.6700000000000004,2.402674210835501e-11,1.6700000000000004,2.7608512618085697e-13,0.0001796407185628742,0.0001796406945361321,0.9176761103880936,1.953016952440132e-06,1.953016952440132e-06
Mancozeb,"('ecoinvent-3.4-biosphere', '4f6390e3-bca5-4d3b-aead-7d63f2534440')",Mn,1.3384638455900301e-11,4.478521957012703e-12,0.10153021622620588,6.584242677286185e-15,1.9677855459297162e-14,stoichiometric,Pyrolusite,1.5822784810126582,7.0862689193238976e-12,0.16064907630728778,1.0418105502035103e-14,0.199712,0.19971199999291372,0.6709603911825677,4.113505266477876e-12,4.113505266477876e-12
Mancozeb,"('ecoinvent-3.4-biosphere', '4f6390e3-bca5-4d3b-aead-7d63f2534440')",Zn,1.3384638455900301e-11,8.9061164988876e-12,0.12082794307891331,1.3093612782010977e-14,1.9677855459297162e-14,stoichiometric,Sphalerite,1.4901477832512315,1.3271429758194576e-11,0.18005149153384867,1.951141806186365e-14,0.02724561983471074,0.02724561982143931,0.789865871833085,1.8733545297653527e-10,1.8733545297653527e-10
"Silver, ion","('ecoinvent-3.4-biosphere', '6aa8673f-f7e3-4270-93dc-e97b745fced7')",Ag,1.2259407322922734e-11,1.2259407322922734e-11,1.0,1.5701960660375504e-13,1.5701960660375504e-13,stoichiometric,Argentite,1.1478494623655913,1.4071954104537653e-11,1.1478494623655913,1.8023487102097688e-13,3.240843091334895e-06,3.2408290193807903e-06,0.9,0.00041902687990173125,0.00041902687990173125
"Silver, ion","('ecoinvent-3.4-biosphere', '21c257b2-57ce-4a6e-b4bd-40f0f75f310f')",Ag,1.2259407322922734e-11,1.2259407322922734e-11,1.0,1.5701960660375504e-13,1.5701960660375504e-13,stoichiometric,Argentite,1.1478494623655913,1.4071954104537653e-11,1.1478494623655913,1.8023487102097688e-13,3.240843091334895e-06,3.2408290193807903e-06,0.9,0.00041902687990173125,0.00041902687990173125
"Silver, ion","('ecoinvent-3.4-biosphere', 'af9793ba-25a1-4928-a14a-4bcf7d5bd3f7')",Ag,1.2259407322922734e-11,1.2259407322922734e-11,1.0,1.5701960660375504e-13,1.5701960660375504e-13,stoichiometric,Argentite,1.1478494623655913,1.4071954104537653e-11,1.1478494623655913,1.8023487102097688e-13,3.240843091334895e-06,3.2408290193807903e-06,0.9,0.00041902687990173125,0.00041902687990173125
"Silver, ion","('ecoinvent-3.4-biosphere', '94426df9-63b1-4dc6-ad1b-3509e22f1154')",Ag,1.2259407322922734e-11,1.2259407322922734e-11,1.0,1.5701960660375504e-13,1.5701960660375504e-13,stoichiometric,Argentite,1.1478494623655913,1.4071954104537653e-11,1.1478494623655913,1.8023487102097688e-13,3.240843091334895e-06,3.2408290193807903e-06,0.9,0.00041902687990173125,0.00041902687990173125
"Silver, ion","('ecoinvent-3.4-biosphere', '71cfe87c-ab80-421e-adba-afb7d5bd0861')",Ag,1.2259407322922734e-11,1.2259407322922734e-11,1.0,1.5701960660375504e-13,1.5701960660375504e-13,stoichiometric,Argentite,1.1478494623655913,1.4071954104537653e-11,1.1478494623655913,1.8023487102097688e-13,3.240843091334895e-06,3.2408290193807903e-06,0.9,0.00041902687990173125,0.00041902687990173125
"Tin, ion","('ecoinvent-3.4-biosphere', '2a992e5e-9f16-47b8-8bcb-733d00bed658')",Sn,1.2046926801820093e-11,1.2046926801820093e-11,1.0,1.3268575464212294e-13,1.3268575464212294e-13,stoichiometric,Cassiterite,1.26875,1.5284538379809242e-11,1.26875,1.6834505120219348e-13,0.003783251231527093,0.0037832512162425547,0.8632947389802966,1.0086646146554397e-08,1.0086646146554397e-08
"Tin, ion","('ecoinvent-3.4-biosphere', '3ddb2e36-bc1b-43a5-8ef4-cbcdbeeeea70')",Sn,1.2046926801820093e-11,1.2046926801820093e-11,1.0,1.3268575464212294e-13,1.3268575464212294e-13,stoichiometric,Cassiterite,1.26875,1.5284538379809242e-11,1.26875,1.6834505120219348e-13,0.003783251231527093,0.0037832512162425547,0.8632947389802966,1.0086646146554397e-08,1.0086646146554397e-08
"Tin, ion","('ecoinvent-3.4-biosphere', '60a6702f-20ad-444f-a6df-f6374f1e3183')",Sn,1.2046926801820093e-11,1.2046926801820093e-11,1.0,1.3268575464212294e-13,1.3268575464212294e-13,stoichiometric,Cassiterite,1.26875,1.5284538379809242e-11,1.26875,1.6834505120219348e-13,0.003783251231527093,0.0037832512162425547,0.8632947389802966,1.0086646146554397e-08,1.0086646146554397e-08
"Tin, ion","('ecoinvent-3.4-biosphere', 'f73177d8-5e57-4f0d-ba34-6889cfdfed40')",Sn,1.2046926801820093e-11,1.2046926801820093e-11,1.0,1.3268575464212294e-13,1.3268575464212294e-13,stoichiometric,Cassiterite,1.26875,1.5284538379809242e-11,1.26875,1.6834505120219348e-13,0.003783251231527093,0.0037832512162425547,0.8632947389802966,1.0086646146554397e-08,1.0086646146554397e-08
"Tin, ion","('ecoinvent-3.4-biosphere', 'd5c40848-fc29-47fa-90a4-46db64a45a4e')",Sn,1.2046926801820093e-11,1.2046926801820093e-11,1.0,1.3268575464212294e-13,1.3268575464212294e-13,stoichiometric,Cassiterite,1.26875,1.5284538379809242e-11,1.26875,1.6834505120219348e-13,0.003783251231527093,0.0037832512162425547,0.8632947389802966,1.0086646146554397e-08,1.0086646146554397e-08
"Tin, ion","('ecoinvent-3.4-biosphere', '2a992e5e-9f16-47b8-8bcb-733d00bed658')",Sn,1.1815839162942283e-11,1.1815839162942283e-11,1.0,1.3268575464212294e-13,1.3268575464212294e-13,stoichiometric,Cassiterite,1.26875,1.4991345937983022e-11,1.26875,1.6834505120219348e-13,0.003783251231527093,0.0037832512165357473,0.8632947389802966,9.893170402049639e-09,9.893170402049639e-09
"Tin, ion","('ecoinvent-3.4-biosphere', '3ddb2e36-bc1b-43a5-8ef4-cbcdbeeeea70')",Sn,1.1815839162942283e-11,1.1815839162942283e-11,1.0,1.3268575464212294e-13,1.3268575464212294e-13,stoichiometric,Cassiterite,1.26875,1.4991345937983022e-11,1.26875,1.6834505120219348e-13,0.003783251231527093,0.0037832512165357473,0.8632947389802966,9.893170402049639e-09,9.893170402049639e-09
"Tin, ion","('ecoinvent-3.4-biosphere', '60a6702f-20ad-444f-a6df-f6374f1e3183')",Sn,1.1815839162942283e-11,1.1815839162942283e-11,1.0,1.3268575464212294e-13,1.3268575464212294e-13,stoichiometric,Cassiterite,1.26875,1.4991345937983022e-11,1.26875,1.6834505120219348e-13,0.003783251231527093,0.0037832512165357473,0.8632947389802966,9.893170402049639e-09,9.893170402049639e-09
"Tin, ion","('ecoinvent-3.4-biosphere', 'f73177d8-5e57-4f0d-ba34-6889cfdfed40')",Sn,1.1815839162942283e-11,1.1815839162942283e-11,1.0,1.3268575464212294e-13,1.3268575464212294e-13,stoichiometric,Cassiterite,1.26875,1.4991345937983022e-11,1.26875,1.6834505120219348e-13,0.003783251231527093,0.0037832512165357473,0.8632947389802966,9.893170402049639e-09,9.893170402049639e-09
"Tin, ion","('ecoinvent-3.4-biosphere', 'd5c40848-fc29-47fa-90a4-46db64a45a4e')",Sn,1.1815839162942283e-11,1.1815839162942283e-11,1.0,1.3268575464212294e-13,1.3268575464212294e-13,stoichiometric,Cassiterite,1.26875,1.4991345937983022e-11,1.26875,1.6834505120219348e-13,0.003783251231527093,0.0037832512165357473,0.8632947389802966,9.893170402049639e-09,9.893170402049639e-09
Copper,"('ecoinvent-3.4-biosphere', '7e66a41c-d311-4949-bdd8-eef09cdcfa47')",Cu,1.1209036602658683e-11,1.1209036602658683e-11,1.0,1.231243333335009e-14,1.231243333335009e-14,stoichiometric,Chalcopyrite,2.8793103448275863,3.227429504558621e-11,2.8793103448275863,3.545131666671491e-14,0.00201437125748503,0.0020143712252107347,0.8086409056778144,8.576881773862707e-08,8.576881773862707e-08
Copper,"('ecoinvent-3.4-biosphere', 'e336eee7-148a-4d1c-8027-780cbfafa12b')",Cu,1.1209036602658683e-11,1.1209036602658683e-11,1.0,1.231243333335009e-14,1.231243333335009e-14,stoichiometric,Chalcopyrite,2.8793103448275863,3.227429504558621e-11,2.8793103448275863,3.545131666671491e-14,0.00201437125748503,0.0020143712252107347,0.8086409056778144,8.576881773862707e-08,8.576881773862707e-08
Copper,"('ecoinvent-3.4-biosphere', '44d3e792-7c9e-48ab-9de9-acfa2e097f26')",Cu,1.1209036602658683e-11,1.1209036602658683e-11,1.0,1.231243333335009e-14,1.231243333335009e-14,stoichiometric,Chalcopyrite,2.8793103448275863,3.227429504558621e-11,2.8793103448275863,3.545131666671491e-14,0.00201437125748503,0.0020143712252107347,0.8086409056778144,8.576881773862707e-08,8.576881773862707e-08
Copper,"('ecoinvent-3.4-biosphere', '88cde01c-df69-40bb-9b14-6eac71bea5b8')",Cu,1.1209036602658683e-11,1.1209036602658683e-11,1.0,1.231243333335009e-14,1.231243333335009e-14,stoichiometric,Chalcopyrite,2.8793103448275863,3.227429504558621e-11,2.8793103448275863,3.545131666671491e-14,0.00201437125748503,0.0020143712252107347,0.8086409056778144,8.576881773862707e-08,8.576881773862707e-08
Copper,"('ecoinvent-3.4-biosphere', 'ec8144d6-d123-43b1-9c17-a295422a0498')",Cu,1.1209036602658683e-11,1.1209036602658683e-11,1.0,1.231243333335009e-14,1.231243333335009e-14,stoichiometric,Chalcopyrite,2.8793103448275863,3.227429504558621e-11,2.8793103448275863,3.545131666671491e-14,0.00201437125748503,0.0020143712252107347,0.8086409056778144,8.576881773862707e-08,8.576881773862707e-08
Copper,"('ecoinvent-3.4-biosphere', 'fd153f15-1d16-410a-91fa-04d205e36c43')",Cu,1.1209036602658683e-11,1.1209036602658683e-11,1.0,1.231243333335009e-14,1.231243333335009e-14,stoichiometric,Chalcopyrite,2.8793103448275863,3.227429504558621e-11,2.8793103448275863,3.545131666671491e-14,0.00201437125748503,0.0020143712252107347,0.8086409056778144,8.576881773862707e-08,8.576881773862707e-08
Copper,"('ecoinvent-3.4-biosphere', '3573a5af-88f8-4f74-ade7-cd269cbc4e66')",Cu,1.1209036602658683e-11,1.1209036602658683e-11,1.0,1.231243333335009e-14,1.231243333335009e-14,stoichiometric,Chalcopyrite,2.8793103448275863,3.227429504558621e-11,2.8793103448275863,3.545131666671491e-14,0.00201437125748503,0.0020143712252107347,0.8086409056778144,8.576881773862707e-08,8.576881773862707e-08
Copper,"('ecoinvent-3.4-biosphere', '237ca6bc-2f0a-4416-a0e3-bd512f038f2e')",Cu,1.1209036602658683e-11,1.1209036602658683e-11,1.0,1.231243333335009e-14,1.231243333335009e-14,stoichiometric,Chalcopyrite,2.8793103448275863,3.227429504558621e-11,2.8793103448275863,3.545131666671491e-14,0.00201437125748503,0.0020143712252107347,0.8086409056778144,8.576881773862707e-08,8.576881773862707e-08
Copper,"('ecoinvent-3.4-biosphere', '0a5e8a67-f9ae-48b3-bfa7-e9d37c30a191')",Cu,1.1209036602658683e-11,1.1209036602658683e-11,1.0,1.231243333335009e-14,1.231243333335009e-14,stoichiometric,Chalcopyrite,2.8793103448275863,3.227429504558621e-11,2.8793103448275863,3.545131666671491e-14,0.00201437125748503,0.0020143712252107347,0.8086409056778144,8.576881773862707e-08,8.576881773862707e-08
"Copper, ion","('ecoinvent-3.4-biosphere', 'd8f9ccf6-fd32-4348-83c0-1cee724af9ae')",Cu,1.0313789826200795e-11,1.0313789826200795e-11,1.0,1.231243333335009e-14,1.231243333335009e-14,stoichiometric,Chalcopyrite,2.8793103448275863,2.9696601740957465e-11,2.8793103448275863,3.545131666671491e-14,0.00201437125748503,0.002014371227788428,0.8086409056778144,7.891867416327845e-08,7.891867416327845e-08
"Copper, ion","('ecoinvent-3.4-biosphere', '6d9550e2-e670-44c1-bad8-c0c4975ffca7')",Cu,1.0313789826200795e-11,1.0313789826200795e-11,1.0,1.231243333335009e-14,1.231243333335009e-14,stoichiometric,Chalcopyrite,2.8793103448275863,2.9696601740957465e-11,2.8793103448275863,3.545131666671491e-14,0.00201437125748503,0.002014371227788428,0.8086409056778144,7.891867416327845e-08,7.891867416327845e-08
"Copper, ion","('ecoinvent-3.4-biosphere', '615b1460-6860-4cf6-8678-ad92c03c5e8b')",Cu,1.0313789826200795e-11,1.0313789826200795e-11,1.0,1.231243333335009e-14,1.231243333335009e-14,stoichiometric,Chalcopyrite,2.8793103448275863,2.9696601740957465e-11,2.8793103448275863,3.545131666671491e-14,0.00201437125748503,0.002014371227788428,0.8086409056778144,7.891867416327845e-08,7.891867416327845e-08
"Copper, ion","('ecoinvent-3.4-biosphere', '40229ebf-9346-4f20-910a-f8ea3bd88d44')",Cu,1.0313789826200795e-11,1.0313789826200795e-11,1.0,1.231243333335009e-14,1.231243333335009e-14,stoichiometric,Chalcopyrite,2.8793103448275863,2.9696601740957465e-11,2.8793103448275863,3.545131666671491e-14,0.00201437125748503,0.002014371227788428,0.8086409056778144,7.891867416327845e-08,7.891867416327845e-08
"Copper, ion","('ecoinvent-3.4-biosphere', 'c3b659e5-35f1-408c-8cb5-b5f9b295c76e')",Cu,1.0313789826200795e-11,1.0313789826200795e-11,1.0,1.231243333335009e-14,1.231243333335009e-14,stoichiometric,Chalcopyrite,2.8793103448275863,2.9696601740957465e-11,2.8793103448275863,3.545131666671491e-14,0.00201437125748503,0.002014371227788428,0.8086409056778144,7.891867416327845e-08,7.891867416327845e-08
Chromium,"('ecoinvent-3.4-biosphere', '2a5ed451-12a2-47db-b4dc-fa0bfbc01d79')",Cr,8.446257806334163e-12,8.446257806334163e-12,1.0,3.1278613038877847e-13,3.1278613038877847e-13,stoichiometric,Chromite,2.152027027027027,1.817657507646913e-11,2.152027027027027,6.73124206275851e-13,0.13754474097331237,0.1375447409551358,0.81,4.9206680679507866e-12,4.9206680679507866e-12
Chromium,"('ecoinvent-3.4-biosphere', '591de726-f2c7-43ba-8e22-15fd08acc8dc')",Cr,8.446257806334163e-12,8.446257806334163e-12,1.0,3.1278613038877847e-13,3.1278613038877847e-13,stoichiometric,Chromite,2.152027027027027,1.817657507646913e-11,2.152027027027027,6.73124206275851e-13,0.13754474097331237,0.1375447409551358,0.81,4.9206680679507866e-12,4.9206680679507866e-12
Chromium,"('ecoinvent-3.4-biosphere', '7705f0e1-5b14-44f4-b330-1245b5c7fc08')",Cr,8.446257806334163e-12,8.446257806334163e-12,1.0,3.1278613038877847e-13,3.1278613038877847e-13,stoichiometric,Chromite,2.152027027027027,1.817657507646913e-11,2.152027027027027,6.73124206275851e-13,0.13754474097331237,0.1375447409551358,0.81,4.9206680679507866e-12,4.9206680679507866e-12
Chromium,"('ecoinvent-3.4-biosphere', '4d40d8e3-9bc7-4ab1-ac5c-4f4a76fda8e5')",Cr,8.446257806334163e-12,8.446257806334163e-12,1.0,3.1278613038877847e-13,3.1278613038877847e-13,stoichiometric,Chromite,2.152027027027027,1.817657507646913e-11,2.152027027027027,6.73124206275851e-13,0.13754474097331237,0.1375447409551358,0.81,4.9206680679507866e-12,4.9206680679507866e-12
Chromium,"('ecoinvent-3.4-biosphere', 'e0336c9b-a0ff-4ae3-b8bb-ca1e46bbbc11')",Cr,8.446257806334163e-12,8.446257806334163e-12,1.0,3.1278613038877847e-13,3.1278613038877847e-13,stoichiometric,Chromite,2.152027027027027,1.817657507646913e-11,2.152027027027027,6.73124206275851e-13,0.13754474097331237,0.1375447409551358,0.81,4.9206680679507866e-12,4.9206680679507866e-12
Chromium,"('ecoinvent-3.4-biosphere', 'e65a9c58-21f1-48b6-b738-d05a8f10e5f3')",Cr,8.446257806334163e-12,8.446257806334163e-12,1.0,3.1278613038877847e-13,3.1278613038877847e-13,stoichiometric,Chromite,2.152027027027027,1.817657507646913e-11,2.152027027027027,6.73124206275851e-13,0.13754474097331237,0.1375447409551358,0.81,4.9206680679507866e-12,4.9206680679507866e-12
Chromium,"('ecoinvent-3.4-biosphere', '6b29d83a-c43c-484c-8e73-474a8a22d71e')",Cr,8.446257806334163e-12,8.446257806334163e-12,1.0,3.1278613038877847e-13,3.1278613038877847e-13,stoichiometric,Chromite,2.152027027027027,1.817657507646913e-11,2.152027027027027,6.73124206275851e-13,0.13754474097331237,0.1375447409551358,0.81,4.9206680679507866e-12,4.9206680679507866e-12
Chromium,"('ecoinvent-3.4-biosphere', 'e7881581-21b3-4f5c-bd63-6b0684b5e712')",Cr,8.446257806334163e-12,8.446257806334163e-12,1.0,3.1278613038877847e-13,3.1278613038877847e-13,stoichiometric,Chromite,2.152027027027027,1.817657507646913e-11,2.152027027027027,6.73124206275851e-13,0.13754474097331237,0.1375447409551358,0.81,4.9206680679507866e-12,4.9206680679507866e-12
Chromium,"('ecoinvent-3.4-biosphere', 'e142b577-e934-4085-9a07-3983d4d92afb')",Cr,8.446257806334163e-12,8.446257806334163e-12,1.0,3.1278613038877847e-13,3.1278613038877847e-13,stoichiometric,Chromite,2.152027027027027,1.817657507646913e-11,2.152027027027027,6.73124206275851e-13,0.13754474097331237,0.1375447409551358,0.81,4.9206680679507866e-12,4.9206680679507866e-12
Copper,"('ecoinvent-3.4-biosphere', '7e66a41c-d311-4949-bdd8-eef09cdcfa47')",Cu,8.024841116659999e-12,8.024841116659999e-12,1.0,1.231243333335009e-14,1.231243333335009e-14,stoichiometric,Chalcopyrite,2.8793103448275863,2.3106008042796894e-11,2.8793103448275863,3.545131666671491e-14,0.00201437125748503,0.002014371234379022,0.8086409056778144,6.140395854899913e-08,6.140395854899913e-08
Copper,"('ecoinvent-3.4-biosphere', 'e336eee7-148a-4d1c-8027-780cbfafa12b')",Cu,8.024841116659999e-12,8.024841116659999e-12,1.0,1.231243333335009e-14,1.231243333335009e-14,stoichiometric,Chalcopyrite,2.8793103448275863,2.3106008042796894e-11,2.8793103448275863,3.545131666671491e-14,0.00201437125748503,0.002014371234379022,0.8086409056778144,6.140395854899913e-08,6.140395854899913e-08
Copper,"('ecoinvent-3.4-biosphere', '44d3e792-7c9e-48ab-9de9-acfa2e097f26')",Cu,8.024841116659999e-12,8.024841116659999e-12,1.0,1.231243333335009e-14,1.231243333335009e-14,stoichiometric,Chalcopyrite,2.8793103448275863,2.3106008042796894e-11,2.8793103448275863,3.545131666671491e-14,0.00201437125748503,0.002014371234379022,0.8086409056778144,6.140395854899913e-08,6.140395854899913e-08
Copper,"('ecoinvent-3.4-biosphere', '88cde01c-df69-40bb-9b14-6eac71bea5b8')",Cu,8.024841116659999e-12,8.024841116659999e-12,1.0,1.231243333335009e-14,1.231243333335009e-14,stoichiometric,Chalcopyrite,2.8793103448275863,2.3106008042796894e-11,2.8793103448275863,3.545131666671491e-14,0.00201437125748503,0.002014371234379022,0.8086409056778144,6.140395854899913e-08,6.140395854899913e-08
Copper,"('ecoinvent-3.4-biosphere', 'ec8144d6-d123-43b1-9c17-a295422a0498')",Cu,8.024841116659999e-12,8.024841116659999e-12,1.0,1.231243333335009e-14,1.231243333335009e-14,stoichiometric,Chalcopyrite,2.8793103448275863,2.3106008042796894e-11,2.8793103448275863,3.545131666671491e-14,0.00201437125748503,0.002014371234379022,0.8086409056778144,6.140395854899913e-08,6.140395854899913e-08
Copper,"('ecoinvent-3.4-biosphere', 'fd153f15-1d16-410a-91fa-04d205e36c43')",Cu,8.024841116659999e-12,8.024841116659999e-12,1.0,1.231243333335009e-14,1.231243333335009e-14,stoichiometric,Chalcopyrite,2.8793103448275863,2.3106008042796894e-11,2.8793103448275863,3.545131666671491e-14,0.00201437125748503,0.002014371234379022,0.8086409056778144,6.140395854899913e-08,6.140395854899913e-08
Copper,"('ecoinvent-3.4-biosphere', '3573a5af-88f8-4f74-ade7-cd269cbc4e66')",Cu,8.024841116659999e-12,8.024841116659999e-12,1.0,1.231243333335009e-14,1.231243333335009e-14,stoichiometric,Chalcopyrite,2.8793103448275863,2.3106008042796894e-11,2.8793103448275863,3.545131666671491e-14,0.00201437125748503,0.002014371234379022,0.8086409056778144,6.140395854899913e-08,6.140395854899913e-08
Copper,"('ecoinvent-3.4-biosphere', '237ca6bc-2f0a-4416-a0e3-bd512f038f2e')",Cu,8.024841116659999e-12,8.024841116659999e-12,1.0,1.231243333335009e-14,1.231243333335009e-14,stoichiometric,Chalcopyrite,2.8793103448275863,2.3106008042796894e-11,2.8793103448275863,3.545131666671491e-14,0.00201437125748503,0.002014371234379022,0.8086409056778144,6.140395854899913e-08,6.140395854899913e-08
Copper,"('ecoinvent-3.4-biosphere', '0a5e8a67-f9ae-48b3-bfa7-e9d37c30a191')",Cu,8.024841116659999e-12,8.024841116659999e-12,1.0,1.231243333335009e-14,1.231243333335009e-14,stoichiometric,Chalcopyrite,2.8793103448275863,2.3106008042796894e-11,2.8793103448275863,3.545131666671491e-14,0.00201437125748503,0.002014371234379022,0.8086409056778144,6.140395854899913e-08,6.140395854899913e-08
Lead,"('ecoinvent-3.4-biosphere', '6a903634-c97f-4c49-a7c0-88f0e6ac7a23')",Pb,7.257456933440225e-12,7.257456933440225e-12,1.0,1.1855254708054448e-13,1.1855254708054448e-13,stoichiometric,Galena,1.1560975609756097,8.390328259635772e-12,1.1560975609756097,1.370583105272636e-13,0.017732067510548524,0.017732067502158198,0.635111259945265,1.0678224367827146e-10,1.0678224367827146e-10
Lead,"('ecoinvent-3.4-biosphere', 'fe4613d7-1ed8-427d-9b06-c8e8f4f5e1b1')",Pb,7.257456933440225e-12,7.257456933440225e-12,1.0,1.1855254708054448e-13,1.1855254708054448e-13,stoichiometric,Galena,1.1560975609756097,8.390328259635772e-12,1.1560975609756097,1.370583105272636e-13,0.017732067510548524,0.017732067502158198,0.635111259945265,1.0678224367827146e-10,1.0678224367827146e-10
Lead,"('ecoinvent-3.4-biosphere', '67652827-017f-4856-8d0a-c97bac4c6562')",Pb,7.257456933440225e-12,7.257456933440225e-12,1.0,1.1855254708054448e-13,1.1855254708054448e-13,stoichiometric,Galena,1.1560975609756097,8.390328259635772e-12,1.1560975609756097,1.370583105272636e-13,0.017732067510548524,0.017732067502158198,0.635111259945265,1.0678224367827146e-10,1.0678224367827146e-10
Lead,"('ecoinvent-3.4-biosphere', 'c864aa15-0abc-41ad-9889-348106e485d8')",Pb,7.257456933440225e-12,7.257456933440225e-12,1.0,1.1855254708054448e-13,1.1855254708054448e-13,stoichiometric,Galena,1.1560975609756097,8.390328259635772e-12,1.1560975609756097,1.370583105272636e-13,0.017732067510548524,0.017732067502158198,0.635111259945265,1.0678224367827146e-10,1.0678224367827146e-10
Lead,"('ecoinvent-3.4-biosphere', 'e9e856c2-868e-435e-8425-8df1c9297cfc')",Pb,7.257456933440225e-12,7.257456933440225e-12,1.0,1.1855254708054448e-13,1.1855254708054448e-13,stoichiometric,Galena,1.1560975609756097,8.390328259635772e-12,1.1560975609756097,1.370583105272636e-13,0.017732067510548524,0.017732067502158198,0.635111259945265,1.0678224367827146e-10,1.0678224367827146e-10
Lead,"('ecoinvent-3.4-biosphere', '739234c8-5359-48b4-983f-9cb170d68c8d')",Pb,7.257456933440225e-12,7.257456933440225e-12,1.0,1.1855254708054448e-13,1.1855254708054448e-13,stoichiometric,Galena,1.1560975609756097,8.390328259635772e-12,1.1560975609756097,1.370583105272636e-13,0.017732067510548524,0.017732067502158198,0.635111259945265,1.0678224367827146e-10,1.0678224367827146e-10
Lead,"('ecoinvent-3.4-biosphere', '31c4d160-b21e-41b3-b9c1-3d7a72377653')",Pb,7.257456933440225e-12,7.257456933440225e-12,1.0,1.1855254708054448e-13,1.1855254708054448e-13,stoichiometric,Galena,1.1560975609756097,8.390328259635772e-12,1.1560975609756097,1.370583105272636e-13,0.017732067510548524,0.017732067502158198,0.635111259945265,1.0678224367827146e-10,1.0678224367827146e-10
Lead,"('ecoinvent-3.4-biosphere', '0ff15165-d761-48c9-9814-2d1dcdd56857')",Pb,7.257456933440225e-12,7.257456933440225e-12,1.0,1.1855254708054448e-13,1.1855254708054448e-13,stoichiometric,Galena,1.1560975609756097,8.390328259635772e-12,1.1560975609756097,1.370583105272636e-13,0.017732067510548524,0.017732067502158198,0.635111259945265,1.0678224367827146e-10,1.0678224367827146e-10
Lead,"('ecoinvent-3.4-biosphere', 'b3ebdcc3-c588-4997-95d2-9785b26b34e1')",Pb,7.257456933440225e-12,7.257456933440225e-12,1.0,1.1855254708054448e-13,1.1855254708054448e-13,stoichiometric,Galena,1.1560975609756097,8.390328259635772e-12,1.1560975609756097,1.370583105272636e-13,0.017732067510548524,0.017732067502158198,0.635111259945265,1.0678224367827146e-10,1.0678224367827146e-10
Lead,"('ecoinvent-3.4-biosphere', '8e123669-94d3-41d8-9480-a79211fe7c43')",Pb,7.257456933440225e-12,7.257456933440225e-12,1.0,1.1855254708054448e-13,1.1855254708054448e-13,stoichiometric,Galena,1.1560975609756097,8.390328259635772e-12,1.1560975609756097,1.370583105272636e-13,0.017732067510548524,0.017732067502158198,0.635111259945265,1.0678224367827146e-10,1.0678224367827146e-10
Lead,"('ecoinvent-3.4-biosphere', '9ee7f4ab-b826-47ae-8623-e138f944b42e')",Pb,7.257456933440225e-12,7.257456933440225e-12,1.0,1.1855254708054448e-13,1.1855254708054448e-13,stoichiometric,Galena,1.1560975609756097,8.390328259635772e-12,1.1560975609756097,1.370583105272636e-13,0.017732067510548524,0.017732067502158198,0.635111259945265,1.0678224367827146e-10,1.0678224367827146e-10
Lead,"('ecoinvent-3.4-biosphere', '2718482b-8399-442e-b89a-52fbcc22d2e6')",Pb,7.257456933440225e-12,7.257456933440225e-12,1.0,1.1855254708054448e-13,1.1855254708054448e-13,stoichiometric,Galena,1.1560975609756097,8.390328259635772e-12,1.1560975609756097,1.370583105272636e-13,0.017732067510548524,0.017732067502158198,0.635111259945265,1.0678224367827146e-10,1.0678224367827146e-10
Lead,"('ecoinvent-3.4-biosphere', '837083ce-41cd-49f3-a849-d79564dac238')",Pb,7.257456933440225e-12,7.257456933440225e-12,1.0,1.1855254708054448e-13,1.1855254708054448e-13,stoichiometric,Galena,1.1560975609756097,8.390328259635772e-12,1.1560975609756097,1.370583105272636e-13,0.017732067510548524,0.017732067502158198,0.635111259945265,1.0678224367827146e-10,1.0678224367827146e-10
Lead,"('ecoinvent-3.4-biosphere', '4010918f-7fd0-4925-8fbb-8fd7a44a806c')",Pb,7.257456933440225e-12,7.257456933440225e-12,1.0,1.1855254708054448e-13,1.1855254708054448e-13,stoichiometric,Galena,1.1560975609756097,8.390328259635772e-12,1.1560975609756097,1.370583105272636e-13,0.017732067510548524,0.017732067502158198,0.635111259945265,1.0678224367827146e-10,1.0678224367827146e-10
"Iron, ion","('ecoinvent-3.4-biosphere', '7c335b9c-a403-47a8-bb6d-2e7d3c3a230e')",Fe,5.398685255437765e-12,5.398685255437765e-12,1.0,9.645225823667623e-15,9.645225823667623e-15,stoichiometric,Hematite,1.0,5.398685255437765e-12,1.0,9.645225823667623e-15,0.73,0.7299999999946013,0.95,1.572418383112653e-11,1.572418383112653e-11
"Iron, ion","('ecoinvent-3.4-biosphere', '9b6d6f07-ebc6-447d-a3c0-f2017d77d852')",Fe,5.398685255437765e-12,5.398685255437765e-12,1.0,9.645225823667623e-15,9.645225823667623e-15,stoichiometric,Hematite,1.0,5.398685255437765e-12,1.0,9.645225823667623e-15,0.73,0.7299999999946013,0.95,1.572418383112653e-11,1.572418383112653e-11
"Iron, ion","('ecoinvent-3.4-biosphere', '2c9a7182-37c8-4777-a37a-9a007c3edb2f')",Fe,5.398685255437765e-12,5.398685255437765e-12,1.0,9.645225823667623e-15,9.645225823667623e-15,stoichiometric,Hematite,1.0,5.398685255437765e-12,1.0,9.645225823667623e-15,0.73,0.7299999999946013,0.95,1.572418383112653e-11,1.572418383112653e-11
"Iron, ion","('ecoinvent-3.4-biosphere', 'de444dc0-5964-4501-8367-50ba53bfc6b9')",Fe,5.398685255437765e-12,5.398685255437765e-12,1.0,9.645225823667623e-15,9.645225823667623e-15,stoichiometric,Hematite,1.0,5.398685255437765e-12,1.0,9.645225823667623e-15,0.73,0.7299999999946013,0.95,1.572418383112653e-11,1.572418383112653e-11
"Iron, ion","('ecoinvent-3.4-biosphere', '33fd8342-58e7-45c9-ad92-0951c002c403')",Fe,5.398685255437765e-12,5.398685255437765e-12,1.0,9.645225823667623e-15,9.645225823667623e-15,stoichiometric,Hematite,1.0,5.398685255437765e-12,1.0,9.645225823667623e-15,0.73,0.7299999999946013,0.95,1.572418383112653e-11,1.572418383112653e-11
Phosphorus,"('ecoinvent-3.4-biosphere', 'b6e2f7f4-6b2e-4b3e-be1f-67626cb8205d')",P,4.742839728665389e-12,4.742839728665389e-12,1.0,1.6973366253890836e-14,1.6973366253890836e-14,stoichiometric,Apatite,0.3532544378698225,1.6754291822563537e-12,0.3532544378698225,5.995916954776823e-15,0.04784087102177553,0.0478408710201001,0.9,2.818204310148406e-12,2.818204310148406e-12
Phosphorus,"('ecoinvent-3.4-biosphere', 'ea4e9316-5080-4b3b-bbf3-1949f6d7577a')",P,4.742839728665389e-12,4.742839728665389e-12,1.0,1.6973366253890836e-14,1.6973366253890836e-14,stoichiometric,Apatite,0.3532544378698225,1.6754291822563537e-12,0.3532544378698225,5.995916954776823e-15,0.04784087102177553,0.0478408710201001,0.9,2.818204310148406e-12,2.818204310148406e-12
Phosphorus,"('ecoinvent-3.4-biosphere', '76b09afe-52b9-4ecc-b97a-00b49ad8ed1a')",P,4.742839728665389e-12,4.742839728665389e-12,1.0,1.6973366253890836e-14,1.6973366253890836e-14,stoichiometric,Apatite,0.3532544378698225,1.6754291822563537e-12,0.3532544378698225,5.995916954776823e-15,0.04784087102177553,0.0478408710201001,0.9,2.818204310148406e-12,2.818204310148406e-12
Phosphorus,"('ecoinvent-3.4-biosphere', 'b1fca66f-8e83-469a-a7b5-018e14d5d545')",P,4.742839728665389e-12,4.742839728665389e-12,1.0,1.6973366253890836e-14,1.6973366253890836e-14,stoichiometric,Apatite,0.3532544378698225,1.6754291822563537e-12,0.3532544378698225,5.995916954776823e-15,0.04784087102177553,0.0478408710201001,0.9,2.818204310148406e-12,2.818204310148406e-12
Phosphorus,"('ecoinvent-3.4-biosphere', 'f5e7e615-4160-4df9-b39b-7463eaed77c7')",P,4.742839728665389e-12,4.742839728665389e-12,1.0,1.6973366253890836e-14,1.6973366253890836e-14,stoichiometric,Apatite,0.3532544378698225,1.6754291822563537e-12,0.3532544378698225,5.995916954776823e-15,0.04784087102177553,0.0478408710201001,0.9,2.818204310148406e-12,2.818204310148406e-12
Phosphorus,"('ecoinvent-3.4-biosphere', 'c89a0749-40a5-4c9c-8770-c4295ea34977')",P,4.742839728665389e-12,4.742839728665389e-12,1.0,1.6973366253890836e-14,1.6973366253890836e-14,stoichiometric,Apatite,0.3532544378698225,1.6754291822563537e-12,0.3532544378698225,5.995916954776823e-15,0.04784087102177553,0.0478408710201001,0.9,2.818204310148406e-12,2.818204310148406e-12
Phosphorus,"('ecoinvent-3.4-biosphere', '8b0a4a41-c65c-4d94-b10c-94ddb98abdd2')",P,4.742839728665389e-12,4.742839728665389e-12,1.0,1.6973366253890836e-14,1.6973366253890836e-14,stoichiometric,Apatite,0.3532544378698225,1.6754291822563537e-12,0.3532544378698225,5.995916954776823e-15,0.04784087102177553,0.0478408710201001,0.9,2.818204310148406e-12,2.818204310148406e-12
Phosphorus,"('ecoinvent-3.4-biosphere', '2d4b8ec1-8d53-4e62-8a11-ebc45909b02e')",P,4.742839728665389e-12,4.742839728665389e-12,1.0,1.6973366253890836e-14,1.6973366253890836e-14,stoichiometric,Apatite,0.3532544378698225,1.6754291822563537e-12,0.3532544378698225,5.995916954776823e-15,0.04784087102177553,0.0478408710201001,0.9,2.818204310148406e-12,2.818204310148406e-12
Phosphorus,"('ecoinvent-3.4-biosphere', 'b2631209-8374-431e-b7d5-56c96c6b6d79')",P,4.742839728665389e-12,4.742839728665389e-12,1.0,1.6973366253890836e-14,1.6973366253890836e-14,stoichiometric,Apatite,0.3532544378698225,1.6754291822563537e-12,0.3532544378698225,5.995916954776823e-15,0.04784087102177553,0.0478408710201001,0.9,2.818204310148406e-12,2.818204310148406e-12
Phosphorus,"('ecoinvent-3.4-biosphere', '2f8952b0-c90c-4e3d-b546-52b862fc8f11')",P,4.742839728665389e-12,4.742839728665389e-12,1.0,1.6973366253890836e-14,1.6973366253890836e-14,stoichiometric,Apatite,0.3532544378698225,1.6754291822563537e-12,0.3532544378698225,5.995916954776823e-15,0.04784087102177553,0.0478408710201001,0.9,2.818204310148406e-12,2.818204310148406e-12
Phosphorus,"('ecoinvent-3.4-biosphere', '198ce8e3-f05a-4bec-9f7f-325347453326')",P,4.742839728665389e-12,4.742839728665389e-12,1.0,1.6973366253890836e-14,1.6973366253890836e-14,stoichiometric,Apatite,0.3532544378698225,1.6754291822563537e-12,0.3532544378698225,5.995916954776823e-15,0.04784087102177553,0.0478408710201001,0.9,2.818204310148406e-12,2.818204310148406e-12
Phosphorus,"('ecoinvent-3.4-biosphere', '62f3d964-9b53-4d01-9ee0-04112dcfc6d2')",P,4.742839728665389e-12,4.742839728665389e-12,1.0,1.6973366253890836e-14,1.6973366253890836e-14,stoichiometric,Apatite,0.3532544378698225,1.6754291822563537e-12,0.3532544378698225,5.995916954776823e-15,0.04784087102177553,0.0478408710201001,0.9,2.818204310148406e-12,2.818204310148406e-12
Phosphorus,"('ecoinvent-3.4-biosphere', 'e2d35af7-9806-46ff-9b75-b124a48fa5a1')",P,4.742839728665389e-12,4.742839728665389e-12,1.0,1.6973366253890836e-14,1.6973366253890836e-14,stoichiometric,Apatite,0.3532544378698225,1.6754291822563537e-12,0.3532544378698225,5.995916954776823e-15,0.04784087102177553,0.0478408710201001,0.9,2.818204310148406e-12,2.818204310148406e-12
Phosphorus,"('ecoinvent-3.4-biosphere', 'd761f94e-517d-41cf-89fa-17dc72f7a69b')",P,4.742839728665389e-12,4.742839728665389e-12,1.0,1.6973366253890836e-14,1.6973366253890836e-14,stoichiometric,Apatite,0.3532544378698225,1.6754291822563537e-12,0.3532544378698225,5.995916954776823e-15,0.04784087102177553,0.0478408710201001,0.9,2.818204310148406e-12,2.818204310148406e-12
Nickel,"('ecoinvent-3.4-biosphere', 'a72a45ee-395a-4d25-b893-9d183e43e76e')",Ni,4.62379982443912e-12,4.62379982443912e-12,1.0,9.066741688482605e-14,9.066741688482605e-14,stoichiometric,Pentlandite(sulphides) / Garnierite(laterites),2.9342028985507245,1.3567166847187598e-11,2.9342028985507245,2.660365974275635e-13,0.00509049773755656,0.005090497723989394,0.0803628113054402,1.6425891204159492e-09,1.6425891204159492e-09
Nickel,"('ecoinvent-3.4-biosphere', 'e43a270f-4f88-4789-a0b8-7aba56677743')",Ni,4.62379982443912e-12,4.62379982443912e-12,1.0,9.066741688482605e-14,9.066741688482605e-14,stoichiometric,Pentlandite(sulphides) / Garnierite(laterites),2.9342028985507245,1.3567166847187598e-11,2.9342028985507245,2.660365974275635e-13,0.00509049773755656,0.005090497723989394,0.0803628113054402,1.6425891204159492e-09,1.6425891204159492e-09
Nickel,"('ecoinvent-3.4-biosphere', 'c89873de-cd23-4323-a948-f5cfeebd2fc9')",Ni,4.62379982443912e-12,4.62379982443912e-12,1.0,9.066741688482605e-14,9.066741688482605e-14,stoichiometric,Pentlandite(sulphides) / Garnierite(laterites),2.9342028985507245,1.3567166847187598e-11,2.9342028985507245,2.660365974275635e-13,0.00509049773755656,0.005090497723989394,0.0803628113054402,1.6425891204159492e-09,1.6425891204159492e-09
Nickel,"('ecoinvent-3.4-biosphere', '5de1943f-b011-45a0-97d4-ed15eea6a382')",Ni,4.62379982443912e-12,4.62379982443912e-12,1.0,9.066741688482605e-14,9.066741688482605e-14,stoichiometric,Pentlandite(sulphides) / Garnierite(laterites),2.9342028985507245,1.3567166847187598e-11,2.9342028985507245,2.660365974275635e-13,0.00509049773755656,0.005090497723989394,0.0803628113054402,1.6425891204159492e-09,1.6425891204159492e-09
Nickel,"('ecoinvent-3.4-biosphere', 'b4580545-243d-48d2-a3a0-2633a4f46fb1')",Ni,4.62379982443912e-12,4.62379982443912e-12,1.0,9.066741688482605e-14,9.066741688482605e-14,stoichiometric,Pentlandite(sulphides) / Garnierite(laterites),2.9342028985507245,1.3567166847187598e-11,2.9342028985507245,2.660365974275635e-13,0.00509049773755656,0.005090497723989394,0.0803628113054402,1.6425891204159492e-09,1.6425891204159492e-09
Nickel,"('ecoinvent-3.4-biosphere', 'a5506f4b-113f-4713-95c3-c819dde6e48b')",Ni,4.62379982443912e-12,4.62379982443912e-12,1.0,9.066741688482605e-14,9.066741688482605e-14,stoichiometric,Pentlandite(sulphides) / Garnierite(laterites),2.9342028985507245,1.3567166847187598e-11,2.9342028985507245,2.660365974275635e-13,0.00509049773755656,0.005090497723989394,0.0803628113054402,1.6425891204159492e-09,1.6425891204159492e-09
Nickel,"('ecoinvent-3.4-biosphere', 'e8fc62ba-678e-4706-97d2-b79d83e227d5')",Ni,4.62379982443912e-12,4.62379982443912e-12,1.0,9.066741688482605e-14,9.066741688482605e-14,stoichiometric,Pentlandite(sulphides) / Garnierite(laterites),2.9342028985507245,1.3567166847187598e-11,2.9342028985507245,2.660365974275635e-13,0.00509049773755656,0.005090497723989394,0.0803628113054402,1.6425891204159492e-09,1.6425891204159492e-09
Nickel,"('ecoinvent-3.4-biosphere', '2bcad3b3-5305-481c-a166-ad5e6eac2675')",Ni,4.62379982443912e-12,4.62379982443912e-12,1.0,9.066741688482605e-14,9.066741688482605e-14,stoichiometric,Pentlandite(sulphides) / Garnierite(laterites),2.9342028985507245,1.3567166847187598e-11,2.9342028985507245,2.660365974275635e-13,0.00509049773755656,0.005090497723989394,0.0803628113054402,1.6425891204159492e-09,1.6425891204159492e-09
Nickel,"('ecoinvent-3.4-biosphere', '0545c382-2312-43b6-9ec3-63dbb1438565')",Ni,4.62379982443912e-12,4.62379982443912e-12,1.0,9.066741688482605e-14,9.066741688482605e-14,stoichiometric,Pentlandite(sulphides) / Garnierite(laterites),2.9342028985507245,1.3567166847187598e-11,2.9342028985507245,2.660365974275635e-13,0.00509049773755656,0.005090497723989394,0.0803628113054402,1.6425891204159492e-09,1.6425891204159492e-09
Nickel,"('ecoinvent-3.4-biosphere', '56815b4f-6138-4e0b-9fac-c94fd6b102b3')",Ni,4.62379982443912e-12,4.62379982443912e-12,1.0,9.066741688482605e-14,9.066741688482605e-14,stoichiometric,Pentlandite(sulphides) / Garnierite(laterites),2.9342028985507245,1.3567166847187598e-11,2.9342028985507245,2.660365974275635e-13,0.00509049773755656,0.005090497723989394,0.0803628113054402,1.6425891204159492e-09,1.6425891204159492e-09
Iron,"('ecoinvent-3.4-biosphere', 'e8bd2edd-f937-49f6-9e8b-9f445278775e')",Fe,4.390661176543985e-12,4.390661176543985e-12,1.0,9.645225823667623e-15,9.645225823667623e-15,stoichiometric,Hematite,1.0,4.390661176543985e-12,1.0,9.645225823667623e-15,0.73,0.7299999999956093,0.95,1.2788317067165112e-11,1.2788317067165112e-11
Iron,"('ecoinvent-3.4-biosphere', 'db364689-e1a3-4629-8835-e6c59d6daf09')",Fe,4.390661176543985e-12,4.390661176543985e-12,1.0,9.645225823667623e-15,9.645225823667623e-15,stoichiometric,Hematite,1.0,4.390661176543985e-12,1.0,9.645225823667623e-15,0.73,0.7299999999956093,0.95,1.2788317067165112e-11,1.2788317067165112e-11
Iron,"('ecoinvent-3.4-biosphere', 'ce567bdc-76ec-4ca0-be79-8bb796e448b3')",Fe,4.390661176543985e-12,4.390661176543985e-12,1.0,9.645225823667623e-15,9.645225823667623e-15,stoichiometric,Hematite,1.0,4.390661176543985e-12,1.0,9.645225823667623e-15,0.73,0.7299999999956093,0.95,1.2788317067165112e-11,1.2788317067165112e-11
Iron,"('ecoinvent-3.4-biosphere', '32cd0492-c0cb-4898-a2b1-675eedc5b688')",Fe,4.390661176543985e-12,4.390661176543985e-12,1.0,9.645225823667623e-15,9.645225823667623e-15,stoichiometric,Hematite,1.0,4.390661176543985e-12,1.0,9.645225823667623e-15,0.73,0.7299999999956093,0.95,1.2788317067165112e-11,1.2788317067165112e-11
Iron,"('ecoinvent-3.4-biosphere', '8dba66e2-0f2e-4038-84ef-1e40b4f573a6')",Fe,4.390661176543985e-12,4.390661176543985e-12,1.0,9.645225823667623e-15,9.645225823667623e-15,stoichiometric,Hematite,1.0,4.390661176543985e-12,1.0,9.645225823667623e-15,0.73,0.7299999999956093,0.95,1.2788317067165112e-11,1.2788317067165112e-11
Iron,"('ecoinvent-3.4-biosphere', 'c983ad54-12e9-47a5-b747-5e5c448e58e2')",Fe,4.390661176543985e-12,4.390661176543985e-12,1.0,9.645225823667623e-15,9.645225823667623e-15,stoichiometric,Hematite,1.0,4.390661176543985e-12,1.0,9.645225823667623e-15,0.73,0.7299999999956093,0.95,1.2788317067165112e-11,1.2788317067165112e-11
Iron,"('ecoinvent-3.4-biosphere', '76152de4-9499-48f7-af98-a5d41842484a')",Fe,4.390661176543985e-12,4.390661176543985e-12,1.0,9.645225823667623e-15,9.645225823667623e-15,stoichiometric,Hematite,1.0,4.390661176543985e-12,1.0,9.645225823667623e-15,0.73,0.7299999999956093,0.95,1.2788317067165112e-11,1.2788317067165112e-11
Iron,"('ecoinvent-3.4-biosphere', '98693cdf-d9fc-43ed-bfe6-78dfe5742d33')",Fe,4.390661176543985e-12,4.390661176543985e-12,1.0,9.645225823667623e-15,9.645225823667623e-15,stoichiometric,Hematite,1.0,4.390661176543985e-12,1.0,9.645225823667623e-15,0.73,0.7299999999956093,0.95,1.2788317067165112e-11,1.2788317067165112e-11
Iron,"('ecoinvent-3.4-biosphere', '0dc0bbb0-1141-4dff-b6a2-8bd5368e14af')",Fe,4.390661176543985e-12,4.390661176543985e-12,1.0,9.645225823667623e-15,9.645225823667623e-15,stoichiometric,Hematite,1.0,4.390661176543985e-12,1.0,9.645225823667623e-15,0.73,0.7299999999956093,0.95,1.2788317067165112e-11,1.2788317067165112e-11
Iron,"('ecoinvent-3.4-biosphere', 'e3043a7f-5347-4c7b-89ee-93f11b2f6d9b')",Fe,4.390661176543985e-12,4.390661176543985e-12,1.0,9.645225823667623e-15,9.645225823667623e-15,stoichiometric,Hematite,1.0,4.390661176543985e-12,1.0,9.645225823667623e-15,0.73,0.7299999999956093,0.95,1.2788317067165112e-11,1.2788317067165112e-11
Manganese,"('ecoinvent-3.4-biosphere', '6b7fbea6-4a86-40f9-954d-3c9b3611abfd')",Mn,3.740493490908512e-12,3.740493490908512e-12,1.0,6.485008032108113e-14,6.485008032108113e-14,stoichiometric,Pyrolusite,1.5822784810126582,5.9185023590324565e-12,1.5822784810126582,1.0261088658398912e-13,0.199712,0.19971199999408148,0.6709603911825677,3.435575627573891e-12,3.435575627573891e-12
Manganese,"('ecoinvent-3.4-biosphere', '44f28e11-061d-44fd-8f25-dc62a9f1fa57')",Mn,3.740493490908512e-12,3.740493490908512e-12,1.0,6.485008032108113e-14,6.485008032108113e-14,stoichiometric,Pyrolusite,1.5822784810126582,5.9185023590324565e-12,1.5822784810126582,1.0261088658398912e-13,0.199712,0.19971199999408148,0.6709603911825677,3.435575627573891e-12,3.435575627573891e-12
Manganese,"('ecoinvent-3.4-biosphere', '9c706cff-cb82-4207-a589-95896e04dc08')",Mn,3.740493490908512e-12,3.740493490908512e-12,1.0,6.485008032108113e-14,6.485008032108113e-14,stoichiometric,Pyrolusite,1.5822784810126582,5.9185023590324565e-12,1.5822784810126582,1.0261088658398912e-13,0.199712,0.19971199999408148,0.6709603911825677,3.435575627573891e-12,3.435575627573891e-12
Manganese,"('ecoinvent-3.4-biosphere', '9ba8c05d-1593-45a5-8d3b-5c4f3e9fef32')",Mn,3.740493490908512e-12,3.740493490908512e-12,1.0,6.485008032108113e-14,6.485008032108113e-14,stoichiometric,Pyrolusite,1.5822784810126582,5.9185023590324565e-12,1.5822784810126582,1.0261088658398912e-13,0.199712,0.19971199999408148,0.6709603911825677,3.435575627573891e-12,3.435575627573891e-12
Manganese,"('ecoinvent-3.4-biosphere', '835d0907-a668-4d92-b6b6-7b56fa343713')",Mn,3.740493490908512e-12,3.740493490908512e-12,1.0,6.485008032108113e-14,6.485008032108113e-14,stoichiometric,Pyrolusite,1.5822784810126582,5.9185023590324565e-12,1.5822784810126582,1.0261088658398912e-13,0.199712,0.19971199999408148,0.6709603911825677,3.435575627573891e-12,3.435575627573891e-12
Manganese,"('ecoinvent-3.4-biosphere', '2460f868-54a9-404c-bec8-c809a44ae72c')",Mn,3.740493490908512e-12,3.740493490908512e-12,1.0,6.485008032108113e-14,6.485008032108113e-14,stoichiometric,Pyrolusite,1.5822784810126582,5.9185023590324565e-12,1.5822784810126582,1.0261088658398912e-13,0.199712,0.19971199999408148,0.6709603911825677,3.435575627573891e-12,3.435575627573891e-12
Manganese,"('ecoinvent-3.4-biosphere', '10cbd2f7-c41b-4bb4-b636-d8fc15cf0282')",Mn,3.740493490908512e-12,3.740493490908512e-12,1.0,6.485008032108113e-14,6.485008032108113e-14,stoichiometric,Pyrolusite,1.5822784810126582,5.9185023590324565e-12,1.5822784810126582,1.0261088658398912e-13,0.199712,0.19971199999408148,0.6709603911825677,3.435575627573891e-12,3.435575627573891e-12
Manganese,"('ecoinvent-3.4-biosphere', '295060ba-3c3d-45e4-99ca-e17b1204b553')",Mn,3.740493490908512e-12,3.740493490908512e-12,1.0,6.485008032108113e-14,6.485008032108113e-14,stoichiometric,Pyrolusite,1.5822784810126582,5.9185023590324565e-12,1.5822784810126582,1.0261088658398912e-13,0.199712,0.19971199999408148,0.6709603911825677,3.435575627573891e-12,3.435575627573891e-12
Manganese,"('ecoinvent-3.4-biosphere', 'b0546417-3064-4878-bd6f-2da75cefdf63')",Mn,3.740493490908512e-12,3.740493490908512e-12,1.0,6.485008032108113e-14,6.485008032108113e-14,stoichiometric,Pyrolusite,1.5822784810126582,5.9185023590324565e-12,1.5822784810126582,1.0261088658398912e-13,0.199712,0.19971199999408148,0.6709603911825677,3.435575627573891e-12,3.435575627573891e-12
Manganese,"('ecoinvent-3.4-biosphere', 'c91fd4bf-ed70-4e2f-a34f-159773f981b6')",Mn,3.740493490908512e-12,3.740493490908512e-12,1.0,6.485008032108113e-14,6.485008032108113e-14,stoichiometric,Pyrolusite,1.5822784810126582,5.9185023590324565e-12,1.5822784810126582,1.0261088658398912e-13,0.199712,0.19971199999408148,0.6709603911825677,3.435575627573891e-12,3.435575627573891e-12
Manganese,"('ecoinvent-3.4-biosphere', '0af26a55-d357-469f-abad-8ced785cb4fb')",Mn,3.740493490908512e-12,3.740493490908512e-12,1.0,6.485008032108113e-14,6.485008032108113e-14,stoichiometric,Pyrolusite,1.5822784810126582,5.9185023590324565e-12,1.5822784810126582,1.0261088658398912e-13,0.199712,0.19971199999408148,0.6709603911825677,3.435575627573891e-12,3.435575627573891e-12
Manganese,"('ecoinvent-3.4-biosphere', '42053ffb-9284-49cb-88f9-33ac5c77be4a')",Mn,3.740493490908512e-12,3.740493490908512e-12,1.0,6.485008032108113e-14,6.485008032108113e-14,stoichiometric,Pyrolusite,1.5822784810126582,5.9185023590324565e-12,1.5822784810126582,1.0261088658398912e-13,0.199712,0.19971199999408148,0.6709603911825677,3.435575627573891e-12,3.435575627573891e-12
Manganese,"('ecoinvent-3.4-biosphere', 'f532985c-90b7-46fc-aac9-b039b40e22f1')",Mn,3.740493490908512e-12,3.740493490908512e-12,1.0,6.485008032108113e-14,6.485008032108113e-14,stoichiometric,Pyrolusite,1.5822784810126582,5.9185023590324565e-12,1.5822784810126582,1.0261088658398912e-13,0.199712,0.19971199999408148,0.6709603911825677,3.435575627573891e-12,3.435575627573891e-12
Manganese,"('ecoinvent-3.4-biosphere', '009a49e8-09a7-4432-9cb9-f2dd18e8f922')",Mn,3.740493490908512e-12,3.740493490908512e-12,1.0,6.485008032108113e-14,6.485008032108113e-14,stoichiometric,Pyrolusite,1.5822784810126582,5.9185023590324565e-12,1.5822784810126582,1.0261088658398912e-13,0.199712,0.19971199999408148,0.6709603911825677,3.435575627573891e-12,3.435575627573891e-12
Dichromate,"('ecoinvent-3.4-biosphere', 'b6ecaa32-6ab5-4060-b641-45a2bf7beded')",Cr,3.2504457515564644e-12,3.2504457515564644e-12,0.48146673457104494,1.5059611681739826e-13,1.5059611681739826e-13,stoichiometric,Chromite,2.152027027027027,6.995047107234689e-12,1.0361294254113367,3.2408691355636045e-13,0.13754474097331237,0.13754474096631733,0.81,1.8936592799491596e-12,1.8936592799491596e-12
Dichromate,"('ecoinvent-3.4-biosphere', '1ad3b0dc-fce4-416b-9851-f29d12cce55a')",Cr,3.2504457515564644e-12,3.2504457515564644e-12,0.48146673457104494,1.5059611681739826e-13,1.5059611681739826e-13,stoichiometric,Chromite,2.152027027027027,6.995047107234689e-12,1.0361294254113367,3.2408691355636045e-13,0.13754474097331237,0.13754474096631733,0.81,1.8936592799491596e-12,1.8936592799491596e-12
Dichromate,"('ecoinvent-3.4-biosphere', 'd26099e9-c6bc-4d7f-a0bd-29c884965ba5')",Cr,3.2504457515564644e-12,3.2504457515564644e-12,0.48146673457104494,1.5059611681739826e-13,1.5059611681739826e-13,stoichiometric,Chromite,2.152027027027027,6.995047107234689e-12,1.0361294254113367,3.2408691355636045e-13,0.13754474097331237,0.13754474096631733,0.81,1.8936592799491596e-12,1.8936592799491596e-12
Dichromate,"('ecoinvent-3.4-biosphere', '3b8a6f65-384b-4086-a817-b0c77555b78a')",Cr,3.2504457515564644e-12,3.2504457515564644e-12,0.48146673457104494,1.5059611681739826e-13,1.5059611681739826e-13,stoichiometric,Chromite,2.152027027027027,6.995047107234689e-12,1.0361294254113367,3.2408691355636045e-13,0.13754474097331237,0.13754474096631733,0.81,1.8936592799491596e-12,1.8936592799491596e-12
Dichromate,"('ecoinvent-3.4-biosphere', 'ff5b7e31-3118-40f5-9b82-f65018442d77')",Cr,3.2504457515564644e-12,3.2504457515564644e-12,0.48146673457104494,1.5059611681739826e-13,1.5059611681739826e-13,stoichiometric,Chromite,2.152027027027027,6.995047107234689e-12,1.0361294254113367,3.2408691355636045e-13,0.13754474097331237,0.13754474096631733,0.81,1.8936592799491596e-12,1.8936592799491596e-12
Nickel,"('ecoinvent-3.4-biosphere', 'a72a45ee-395a-4d25-b893-9d183e43e76e')",Ni,3.08084277038755e-12,3.08084277038755e-12,1.0,9.066741688482605e-14,9.066741688482605e-14,stoichiometric,Pentlandite(sulphides) / Garnierite(laterites),2.9342028985507245,9.039817786850194e-12,2.9342028985507245,2.660365974275635e-13,0.00509049773755656,0.005090497728516743,0.0803628113054402,1.0944632904936816e-09,1.0944632904936816e-09
Nickel,"('ecoinvent-3.4-biosphere', 'e43a270f-4f88-4789-a0b8-7aba56677743')",Ni,3.08084277038755e-12,3.08084277038755e-12,1.0,9.066741688482605e-14,9.066741688482605e-14,stoichiometric,Pentlandite(sulphides) / Garnierite(laterites),2.9342028985507245,9.039817786850194e-12,2.9342028985507245,2.660365974275635e-13,0.00509049773755656,0.005090497728516743,0.0803628113054402,1.0944632904936816e-09,1.0944632904936816e-09
Nickel,"('ecoinvent-3.4-biosphere', 'c89873de-cd23-4323-a948-f5cfeebd2fc9')",Ni,3.08084277038755e-12,3.08084277038755e-12,1.0,9.066741688482605e-14,9.066741688482605e-14,stoichiometric,Pentlandite(sulphides) / Garnierite(laterites),2.9342028985507245,9.039817786850194e-12,2.9342028985507245,2.660365974275635e-13,0.00509049773755656,0.005090497728516743,0.0803628113054402,1.0944632904936816e-09,1.0944632904936816e-09
Nickel,"('ecoinvent-3.4-biosphere', '5de1943f-b011-45a0-97d4-ed15eea6a382')",Ni,3.08084277038755e-12,3.08084277038755e-12,1.0,9.066741688482605e-14,9.066741688482605e-14,stoichiometric,Pentlandite(sulphides) / Garnierite(laterites),2.9342028985507245,9.039817786850194e-12,2.9342028985507245,2.660365974275635e-13,0.00509049773755656,0.005090497728516743,0.0803628113054402,1.0944632904936816e-09,1.0944632904936816e-09
Nickel,"('ecoinvent-3.4-biosphere', 'b4580545-243d-48d2-a3a0-2633a4f46fb1')",Ni,3.08084277038755e-12,3.08084277038755e-12,1.0,9.066741688482605e-14,9.066741688482605e-14,stoichiometric,Pentlandite(sulphides) / Garnierite(laterites),2.9342028985507245,9.039817786850194e-12,2.9342028985507245,2.660365974275635e-13,0.00509049773755656,0.005090497728516743,0.0803628113054402,1.0944632904936816e-09,1.0944632904936816e-09
Nickel,"('ecoinvent-3.4-biosphere', 'a5506f4b-113f-4713-95c3-c819dde6e48b')",Ni,3.08084277038755e-12,3.08084277038755e-12,1.0,9.066741688482605e-14,9.066741688482605e-14,stoichiometric,Pentlandite(sulphides) / Garnierite(laterites),2.9342028985507245,9.039817786850194e-12,2.9342028985507245,2.660365974275635e-13,0.00509049773755656,0.005090497728516743,0.0803628113054402,1.0944632904936816e-09,1.0944632904936816e-09
Nickel,"('ecoinvent-3.4-biosphere', 'e8fc62ba-678e-4706-97d2-b79d83e227d5')",Ni,3.08084277038755e-12,3.08084277038755e-12,1.0,9.066741688482605e-14,9.066741688482605e-14,stoichiometric,Pentlandite(sulphides) / Garnierite(laterites),2.9342028985507245,9.039817786850194e-12,2.9342028985507245,2.660365974275635e-13,0.00509049773755656,0.005090497728516743,0.0803628113054402,1.0944632904936816e-09,1.0944632904936816e-09
Nickel,"('ecoinvent-3.4-biosphere', '2bcad3b3-5305-481c-a166-ad5e6eac2675')",Ni,3.08084277038755e-12,3.08084277038755e-12,1.0,9.066741688482605e-14,9.066741688482605e-14,stoichiometric,Pentlandite(sulphides) / Garnierite(laterites),2.9342028985507245,9.039817786850194e-12,2.9342028985507245,2.660365974275635e-13,0.00509049773755656,0.005090497728516743,0.0803628113054402,1.0944632904936816e-09,1.0944632904936816e-09
Nickel,"('ecoinvent-3.4-biosphere', '0545c382-2312-43b6-9ec3-63dbb1438565')",Ni,3.08084277038755e-12,3.08084277038755e-12,1.0,9.066741688482605e-14,9.066741688482605e-14,stoichiometric,Pentlandite(sulphides) / Garnierite(laterites),2.9342028985507245,9.039817786850194e-12,2.9342028985507245,2.660365974275635e-13,0.00509049773755656,0.005090497728516743,0.0803628113054402,1.0944632904936816e-09,1.0944632904936816e-09
Nickel,"('ecoinvent-3.4-biosphere', '56815b4f-6138-4e0b-9fac-c94fd6b102b3')",Ni,3.08084277038755e-12,3.08084277038755e-12,1.0,9.066741688482605e-14,9.066741688482605e-14,stoichiometric,Pentlandite(sulphides) / Garnierite(laterites),2.9342028985507245,9.039817786850194e-12,2.9342028985507245,2.660365974275635e-13,0.00509049773755656,0.005090497728516743,0.0803628113054402,1.0944632904936816e-09,1.0944632904936816e-09
Phosphorus,"('ecoinvent-3.4-biosphere', 'b6e2f7f4-6b2e-4b3e-be1f-67626cb8205d')",P,3.0655314921485618e-12,3.0655314921485618e-12,1.0,1.6973366253890836e-14,1.6973366253890836e-14,stoichiometric,Apatite,0.3532544378698225,1.0829126040311784e-12,0.3532544378698225,5.995916954776823e-15,0.04784087102177553,0.04784087102069262,0.9,1.8214298127082558e-12,1.8214298127082558e-12
Phosphorus,"('ecoinvent-3.4-biosphere', 'ea4e9316-5080-4b3b-bbf3-1949f6d7577a')",P,3.0655314921485618e-12,3.0655314921485618e-12,1.0,1.6973366253890836e-14,1.6973366253890836e-14,stoichiometric,Apatite,0.3532544378698225,1.0829126040311784e-12,0.3532544378698225,5.995916954776823e-15,0.04784087102177553,0.04784087102069262,0.9,1.8214298127082558e-12,1.8214298127082558e-12
Phosphorus,"('ecoinvent-3.4-biosphere', '76b09afe-52b9-4ecc-b97a-00b49ad8ed1a')",P,3.0655314921485618e-12,3.0655314921485618e-12,1.0,1.6973366253890836e-14,1.6973366253890836e-14,stoichiometric,Apatite,0.3532544378698225,1.0829126040311784e-12,0.3532544378698225,5.995916954776823e-15,0.04784087102177553,0.04784087102069262,0.9,1.8214298127082558e-12,1.8214298127082558e-12
Phosphorus,"('ecoinvent-3.4-biosphere', 'b1fca66f-8e83-469a-a7b5-018e14d5d545')",P,3.0655314921485618e-12,3.0655314921485618e-12,1.0,1.6973366253890836e-14,1.6973366253890836e-14,stoichiometric,Apatite,0.3532544378698225,1.0829126040311784e-12,0.3532544378698225,5.995916954776823e-15,0.04784087102177553,0.04784087102069262,0.9,1.8214298127082558e-12,1.8214298127082558e-12
Phosphorus,"('ecoinvent-3.4-biosphere', 'f5e7e615-4160-4df9-b39b-7463eaed77c7')",P,3.0655314921485618e-12,3.0655314921485618e-12,1.0,1.6973366253890836e-14,1.6973366253890836e-14,stoichiometric,Apatite,0.3532544378698225,1.0829126040311784e-12,0.3532544378698225,5.995916954776823e-15,0.04784087102177553,0.04784087102069262,0.9,1.8214298127082558e-12,1.8214298127082558e-12
Phosphorus,"('ecoinvent-3.4-biosphere', 'c89a0749-40a5-4c9c-8770-c4295ea34977')",P,3.0655314921485618e-12,3.0655314921485618e-12,1.0,1.6973366253890836e-14,1.6973366253890836e-14,stoichiometric,Apatite,0.3532544378698225,1.0829126040311784e-12,0.3532544378698225,5.995916954776823e-15,0.04784087102177553,0.04784087102069262,0.9,1.8214298127082558e-12,1.8214298127082558e-12
Phosphorus,"('ecoinvent-3.4-biosphere', '8b0a4a41-c65c-4d94-b10c-94ddb98abdd2')",P,3.0655314921485618e-12,3.0655314921485618e-12,1.0,1.6973366253890836e-14,1.6973366253890836e-14,stoichiometric,Apatite,0.3532544378698225,1.0829126040311784e-12,0.3532544378698225,5.995916954776823e-15,0.04784087102177553,0.04784087102069262,0.9,1.8214298127082558e-12,1.8214298127082558e-12
Phosphorus,"('ecoinvent-3.4-biosphere', '2d4b8ec1-8d53-4e62-8a11-ebc45909b02e')",P,3.0655314921485618e-12,3.0655314921485618e-12,1.0,1.6973366253890836e-14,1.6973366253890836e-14,stoichiometric,Apatite,0.3532544378698225,1.0829126040311784e-12,0.3532544378698225,5.995916954776823e-15,0.04784087102177553,0.04784087102069262,0.9,1.8214298127082558e-12,1.8214298127082558e-12
Phosphorus,"('ecoinvent-3.4-biosphere', 'b2631209-8374-431e-b7d5-56c96c6b6d79')",P,3.0655314921485618e-12,3.0655314921485618e-12,1.0,1.6973366253890836e-14,1.6973366253890836e-14,stoichiometric,Apatite,0.3532544378698225,1.0829126040311784e-12,0.3532544378698225,5.995916954776823e-15,0.04784087102177553,0.04784087102069262,0.9,1.8214298127082558e-12,1.8214298127082558e-12
Phosphorus,"('ecoinvent-3.4-biosphere', '2f8952b0-c90c-4e3d-b546-52b862fc8f11')",P,3.0655314921485618e-12,3.0655314921485618e-12,1.0,1.6973366253890836e-14,1.6973366253890836e-14,stoichiometric,Apatite,0.3532544378698225,1.0829126040311784e-12,0.3532544378698225,5.995916954776823e-15,0.04784087102177553,0.04784087102069262,0.9,1.8214298127082558e-12,1.8214298127082558e-12
Phosphorus,"('ecoinvent-3.4-biosphere', '198ce8e3-f05a-4bec-9f7f-325347453326')",P,3.0655314921485618e-12,3.0655314921485618e-12,1.0,1.6973366253890836e-14,1.6973366253890836e-14,stoichiometric,Apatite,0.3532544378698225,1.0829126040311784e-12,0.3532544378698225,5.995916954776823e-15,0.04784087102177553,0.04784087102069262,0.9,1.8214298127082558e-12,1.8214298127082558e-12
Phosphorus,"('ecoinvent-3.4-biosphere', '62f3d964-9b53-4d01-9ee0-04112dcfc6d2')",P,3.0655314921485618e-12,3.0655314921485618e-12,1.0,1.6973366253890836e-14,1.6973366253890836e-14,stoichiometric,Apatite,0.3532544378698225,1.0829126040311784e-12,0.3532544378698225,5.995916954776823e-15,0.04784087102177553,0.04784087102069262,0.9,1.8214298127082558e-12,1.8214298127082558e-12
Phosphorus,"('ecoinvent-3.4-biosphere', 'e2d35af7-9806-46ff-9b75-b124a48fa5a1')",P,3.0655314921485618e-12,3.0655314921485618e-12,1.0,1.6973366253890836e-14,1.6973366253890836e-14,stoichiometric,Apatite,0.3532544378698225,1.0829126040311784e-12,0.3532544378698225,5.995916954776823e-15,0.04784087102177553,0.04784087102069262,0.9,1.8214298127082558e-12,1.8214298127082558e-12
Phosphorus,"('ecoinvent-3.4-biosphere', 'd761f94e-517d-41cf-89fa-17dc72f7a69b')",P,3.0655314921485618e-12,3.0655314921485618e-12,1.0,1.6973366253890836e-14,1.6973366253890836e-14,stoichiometric,Apatite,0.3532544378698225,1.0829126040311784e-12,0.3532544378698225,5.995916954776823e-15,0.04784087102177553,0.04784087102069262,0.9,1.8214298127082558e-12,1.8214298127082558e-12
Tin,"('ecoinvent-3.4-biosphere', '85a764f2-a810-4b20-bc86-a45604262fda')",Sn,2.9731138787048017e-12,2.9731138787048017e-12,1.0,1.3268575464212294e-13,1.3268575464212294e-13,stoichiometric,Cassiterite,1.26875,3.772138233606718e-12,1.26875,1.6834505120219348e-13,0.003783251231527093,0.0037832512277549547,0.8632947389802966,2.4892842025768095e-09,2.4892842025768095e-09
Tin,"('ecoinvent-3.4-biosphere', '8a422b03-1055-4bc8-b439-27bf8d7eef57')",Sn,2.9731138787048017e-12,2.9731138787048017e-12,1.0,1.3268575464212294e-13,1.3268575464212294e-13,stoichiometric,Cassiterite,1.26875,3.772138233606718e-12,1.26875,1.6834505120219348e-13,0.003783251231527093,0.0037832512277549547,0.8632947389802966,2.4892842025768095e-09,2.4892842025768095e-09
Tin,"('ecoinvent-3.4-biosphere', '168c970b-91c9-4427-a3a0-6686ad6cc2c4')",Sn,2.9731138787048017e-12,2.9731138787048017e-12,1.0,1.3268575464212294e-13,1.3268575464212294e-13,stoichiometric,Cassiterite,1.26875,3.772138233606718e-12,1.26875,1.6834505120219348e-13,0.003783251231527093,0.0037832512277549547,0.8632947389802966,2.4892842025768095e-09,2.4892842025768095e-09
Tin,"('ecoinvent-3.4-biosphere', '19b6e569-85a4-4ea9-a590-d61a21e3c846')",Sn,2.9731138787048017e-12,2.9731138787048017e-12,1.0,1.3268575464212294e-13,1.3268575464212294e-13,stoichiometric,Cassiterite,1.26875,3.772138233606718e-12,1.26875,1.6834505120219348e-13,0.003783251231527093,0.0037832512277549547,0.8632947389802966,2.4892842025768095e-09,2.4892842025768095e-09
Tin,"('ecoinvent-3.4-biosphere', 'c67e3ba8-ddce-4931-b4b0-f4f9a56ccf40')",Sn,2.9731138787048017e-12,2.9731138787048017e-12,1.0,1.3268575464212294e-13,1.3268575464212294e-13,stoichiometric,Cassiterite,1.26875,3.772138233606718e-12,1.26875,1.6834505120219348e-13,0.003783251231527093,0.0037832512277549547,0.8632947389802966,2.4892842025768095e-09,2.4892842025768095e-09
Tin,"('ecoinvent-3.4-biosphere', '2a7b68ff-f12a-44c6-8b31-71ec91d29889')",Sn,2.9731138787048017e-12,2.9731138787048017e-12,1.0,1.3268575464212294e-13,1.3268575464212294e-13,stoichiometric,Cassiterite,1.26875,3.772138233606718e-12,1.26875,1.6834505120219348e-13,0.003783251231527093,0.0037832512277549547,0.8632947389802966,2.4892842025768095e-09,2.4892842025768095e-09
Tin,"('ecoinvent-3.4-biosphere', '6366d4ec-5ffc-4488-be51-0c239cdf535d')",Sn,2.9731138787048017e-12,2.9731138787048017e-12,1.0,1.3268575464212294e-13,1.3268575464212294e-13,stoichiometric,Cassiterite,1.26875,3.772138233606718e-12,1.26875,1.6834505120219348e-13,0.003783251231527093,0.0037832512277549547,0.8632947389802966,2.4892842025768095e-09,2.4892842025768095e-09
Tin,"('ecoinvent-3.4-biosphere', 'e070bd24-fd16-4963-8f4d-78bb4c402400')",Sn,2.9731138787048017e-12,2.9731138787048017e-12,1.0,1.3268575464212294e-13,1.3268575464212294e-13,stoichiometric,Cassiterite,1.26875,3.772138233606718e-12,1.26875,1.6834505120219348e-13,0.003783251231527093,0.0037832512277549547,0.8632947389802966,2.4892842025768095e-09,2.4892842025768095e-09
Tin,"('ecoinvent-3.4-biosphere', 'f563b90e-a300-4403-b278-d2fdcd73e5a7')",Sn,2.9731138787048017e-12,2.9731138787048017e-12,1.0,1.3268575464212294e-13,1.3268575464212294e-13,stoichiometric,Cassiterite,1.26875,3.772138233606718e-12,1.26875,1.6834505120219348e-13,0.003783251231527093,0.0037832512277549547,0.8632947389802966,2.4892842025768095e-09,2.4892842025768095e-09
Lead,"('ecoinvent-3.4-biosphere', '6a903634-c97f-4c49-a7c0-88f0e6ac7a23')",Pb,2.872932020363126e-12,2.872932020363126e-12,1.0,1.1855254708054448e-13,1.1855254708054448e-13,stoichiometric,Galena,1.1560975609756097,3.3213897015905404e-12,1.1560975609756097,1.370583105272636e-13,0.017732067510548524,0.017732067507227136,0.635111259945265,4.2270270443176386e-11,4.2270270443176386e-11
Lead,"('ecoinvent-3.4-biosphere', 'fe4613d7-1ed8-427d-9b06-c8e8f4f5e1b1')",Pb,2.872932020363126e-12,2.872932020363126e-12,1.0,1.1855254708054448e-13,1.1855254708054448e-13,stoichiometric,Galena,1.1560975609756097,3.3213897015905404e-12,1.1560975609756097,1.370583105272636e-13,0.017732067510548524,0.017732067507227136,0.635111259945265,4.2270270443176386e-11,4.2270270443176386e-11
Lead,"('ecoinvent-3.4-biosphere', '67652827-017f-4856-8d0a-c97bac4c6562')",Pb,2.872932020363126e-12,2.872932020363126e-12,1.0,1.1855254708054448e-13,1.1855254708054448e-13,stoichiometric,Galena,1.1560975609756097,3.3213897015905404e-12,1.1560975609756097,1.370583105272636e-13,0.017732067510548524,0.017732067507227136,0.635111259945265,4.2270270443176386e-11,4.2270270443176386e-11
Lead,"('ecoinvent-3.4-biosphere', 'c864aa15-0abc-41ad-9889-348106e485d8')",Pb,2.872932020363126e-12,2.872932020363126e-12,1.0,1.1855254708054448e-13,1.1855254708054448e-13,stoichiometric,Galena,1.1560975609756097,3.3213897015905404e-12,1.1560975609756097,1.370583105272636e-13,0.017732067510548524,0.017732067507227136,0.635111259945265,4.2270270443176386e-11,4.2270270443176386e-11
Lead,"('ecoinvent-3.4-biosphere', 'e9e856c2-868e-435e-8425-8df1c9297cfc')",Pb,2.872932020363126e-12,2.872932020363126e-12,1.0,1.1855254708054448e-13,1.1855254708054448e-13,stoichiometric,Galena,1.1560975609756097,3.3213897015905404e-12,1.1560975609756097,1.370583105272636e-13,0.017732067510548524,0.017732067507227136,0.635111259945265,4.2270270443176386e-11,4.2270270443176386e-11
Lead,"('ecoinvent-3.4-biosphere', '739234c8-5359-48b4-983f-9cb170d68c8d')",Pb,2.872932020363126e-12,2.872932020363126e-12,1.0,1.1855254708054448e-13,1.1855254708054448e-13,stoichiometric,Galena,1.1560975609756097,3.3213897015905404e-12,1.1560975609756097,1.370583105272636e-13,0.017732067510548524,0.017732067507227136,0.635111259945265,4.2270270443176386e-11,4.2270270443176386e-11
Lead,"('ecoinvent-3.4-biosphere', '31c4d160-b21e-41b3-b9c1-3d7a72377653')",Pb,2.872932020363126e-12,2.872932020363126e-12,1.0,1.1855254708054448e-13,1.1855254708054448e-13,stoichiometric,Galena,1.1560975609756097,3.3213897015905404e-12,1.1560975609756097,1.370583105272636e-13,0.017732067510548524,0.017732067507227136,0.635111259945265,4.2270270443176386e-11,4.2270270443176386e-11
Lead,"('ecoinvent-3.4-biosphere', '0ff15165-d761-48c9-9814-2d1dcdd56857')",Pb,2.872932020363126e-12,2.872932020363126e-12,1.0,1.1855254708054448e-13,1.1855254708054448e-13,stoichiometric,Galena,1.1560975609756097,3.3213897015905404e-12,1.1560975609756097,1.370583105272636e-13,0.017732067510548524,0.017732067507227136,0.635111259945265,4.2270270443176386e-11,4.2270270443176386e-11
Lead,"('ecoinvent-3.4-biosphere', 'b3ebdcc3-c588-4997-95d2-9785b26b34e1')",Pb,2.872932020363126e-12,2.872932020363126e-12,1.0,1.1855254708054448e-13,1.1855254708054448e-13,stoichiometric,Galena,1.1560975609756097,3.3213897015905404e-12,1.1560975609756097,1.370583105272636e-13,0.017732067510548524,0.017732067507227136,0.635111259945265,4.2270270443176386e-11,4.2270270443176386e-11
Lead,"('ecoinvent-3.4-biosphere', '8e123669-94d3-41d8-9480-a79211fe7c43')",Pb,2.872932020363126e-12,2.872932020363126e-12,1.0,1.1855254708054448e-13,1.1855254708054448e-13,stoichiometric,Galena,1.1560975609756097,3.3213897015905404e-12,1.1560975609756097,1.370583105272636e-13,0.017732067510548524,0.017732067507227136,0.635111259945265,4.2270270443176386e-11,4.2270270443176386e-11
Lead,"('ecoinvent-3.4-biosphere', '9ee7f4ab-b826-47ae-8623-e138f944b42e')",Pb,2.872932020363126e-12,2.872932020363126e-12,1.0,1.1855254708054448e-13,1.1855254708054448e-13,stoichiometric,Galena,1.1560975609756097,3.3213897015905404e-12,1.1560975609756097,1.370583105272636e-13,0.017732067510548524,0.017732067507227136,0.635111259945265,4.2270270443176386e-11,4.2270270443176386e-11
Lead,"('ecoinvent-3.4-biosphere', '2718482b-8399-442e-b89a-52fbcc22d2e6')",Pb,2.872932020363126e-12,2.872932020363126e-12,1.0,1.1855254708054448e-13,1.1855254708054448e-13,stoichiometric,Galena,1.1560975609756097,3.3213897015905404e-12,1.1560975609756097,1.370583105272636e-13,0.017732067510548524,0.017732067507227136,0.635111259945265,4.2270270443176386e-11,4.2270270443176386e-11
Lead,"('ecoinvent-3.4-biosphere', '837083ce-41cd-49f3-a849-d79564dac238')",Pb,2.872932020363126e-12,2.872932020363126e-12,1.0,1.1855254708054448e-13,1.1855254708054448e-13,stoichiometric,Galena,1.1560975609756097,3.3213897015905404e-12,1.1560975609756097,1.370583105272636e-13,0.017732067510548524,0.017732067507227136,0.635111259945265,4.2270270443176386e-11,4.2270270443176386e-11
Lead,"('ecoinvent-3.4-biosphere', '4010918f-7fd0-4925-8fbb-8fd7a44a806c')",Pb,2.872932020363126e-12,2.872932020363126e-12,1.0,1.1855254708054448e-13,1.1855254708054448e-13,stoichiometric,Galena,1.1560975609756097,3.3213897015905404e-12,1.1560975609756097,1.370583105272636e-13,0.017732067510548524,0.017732067507227136,0.635111259945265,4.2270270443176386e-11,4.2270270443176386e-11
Silver,"('ecoinvent-3.4-biosphere', '35df5fe0-c90d-43b4-a35a-3d97022114d2')",Ag,2.526952781192308e-12,2.526952781192308e-12,1.0,1.5701960660375504e-13,1.5701960660375504e-13,stoichiometric,Argentite,1.1478494623655913,2.900561391314826e-12,1.1478494623655913,1.8023487102097688e-13,3.240843091334895e-06,3.2408401907735036e-06,0.9,8.637089536508652e-05,8.637089536508652e-05
Silver,"('ecoinvent-3.4-biosphere', 'ebb88ef4-50ab-4e3b-9251-c5fcdf6b4768')",Ag,2.526952781192308e-12,2.526952781192308e-12,1.0,1.5701960660375504e-13,1.5701960660375504e-13,stoichiometric,Argentite,1.1478494623655913,2.900561391314826e-12,1.1478494623655913,1.8023487102097688e-13,3.240843091334895e-06,3.2408401907735036e-06,0.9,8.637089536508652e-05,8.637089536508652e-05
Silver,"('ecoinvent-3.4-biosphere', '0ed1b1a1-e56d-4860-bac7-d76a39bde930')",Ag,2.526952781192308e-12,2.526952781192308e-12,1.0,1.5701960660375504e-13,1.5701960660375504e-13,stoichiometric,Argentite,1.1478494623655913,2.900561391314826e-12,1.1478494623655913,1.8023487102097688e-13,3.240843091334895e-06,3.2408401907735036e-06,0.9,8.637089536508652e-05,8.637089536508652e-05
Silver,"('ecoinvent-3.4-biosphere', '7da45a0b-0dcf-413c-8de0-44d8ebca9e6e')",Ag,2.526952781192308e-12,2.526952781192308e-12,1.0,1.5701960660375504e-13,1.5701960660375504e-13,stoichiometric,Argentite,1.1478494623655913,2.900561391314826e-12,1.1478494623655913,1.8023487102097688e-13,3.240843091334895e-06,3.2408401907735036e-06,0.9,8.637089536508652e-05,8.637089536508652e-05
Silver,"('ecoinvent-3.4-biosphere', 'c6462d84-caa9-425a-a923-45238690c6f3')",Ag,2.526952781192308e-12,2.526952781192308e-12,1.0,1.5701960660375504e-13,1.5701960660375504e-13,stoichiometric,Argentite,1.1478494623655913,2.900561391314826e-12,1.1478494623655913,1.8023487102097688e-13,3.240843091334895e-06,3.2408401907735036e-06,0.9,8.637089536508652e-05,8.637089536508652e-05
Silver,"('ecoinvent-3.4-biosphere', 'fce0b9ae-53c8-4ab0-9e7a-7f5c2ed2c856')",Ag,2.526952781192308e-12,2.526952781192308e-12,1.0,1.5701960660375504e-13,1.5701960660375504e-13,stoichiometric,Argentite,1.1478494623655913,2.900561391314826e-12,1.1478494623655913,1.8023487102097688e-13,3.240843091334895e-06,3.2408401907735036e-06,0.9,8.637089536508652e-05,8.637089536508652e-05
Silver,"('ecoinvent-3.4-biosphere', '6e8a87bf-baea-4cd9-a967-932e750968d1')",Ag,2.526952781192308e-12,2.526952781192308e-12,1.0,1.5701960660375504e-13,1.5701960660375504e-13,stoichiometric,Argentite,1.1478494623655913,2.900561391314826e-12,1.1478494623655913,1.8023487102097688e-13,3.240843091334895e-06,3.2408401907735036e-06,0.9,8.637089536508652e-05,8.637089536508652e-05
Silver,"('ecoinvent-3.4-biosphere', '16316600-f12a-410b-8726-3faee64de60a')",Ag,2.526952781192308e-12,2.526952781192308e-12,1.0,1.5701960660375504e-13,1.5701960660375504e-13,stoichiometric,Argentite,1.1478494623655913,2.900561391314826e-12,1.1478494623655913,1.8023487102097688e-13,3.240843091334895e-06,3.2408401907735036e-06,0.9,8.637089536508652e-05,8.637089536508652e-05
Silver,"('ecoinvent-3.4-biosphere', '48dbf4b1-0b2a-4bf5-a190-2d7fc465bda4')",Ag,2.526952781192308e-12,2.526952781192308e-12,1.0,1.5701960660375504e-13,1.5701960660375504e-13,stoichiometric,Argentite,1.1478494623655913,2.900561391314826e-12,1.1478494623655913,1.8023487102097688e-13,3.240843091334895e-06,3.2408401907735036e-06,0.9,8.637089536508652e-05,8.637089536508652e-05
Cobalt,"('ecoinvent-3.4-biosphere', '33627701-feca-434d-a192-674a450eaaf7')",Co,2.088856895938263e-12,2.088856895938263e-12,1.0,1.9447495148453946e-12,1.9447495148453946e-12,stoichiometric,Linnaeite,1.727272727272727,3.608025547529727e-12,1.727272727272727,3.3591127983693174e-12,0.000636842105263158,0.0006368421016551324,0.0455986939380875,1.214254967321412e-08,1.214254967321412e-08
Cobalt,"('ecoinvent-3.4-biosphere', '381a22c9-3722-4378-810d-86958f7b6d32')",Co,2.088856895938263e-12,2.088856895938263e-12,1.0,1.9447495148453946e-12,1.9447495148453946e-12,stoichiometric,Linnaeite,1.727272727272727,3.608025547529727e-12,1.727272727272727,3.3591127983693174e-12,0.000636842105263158,0.0006368421016551324,0.0455986939380875,1.214254967321412e-08,1.214254967321412e-08
Cobalt,"('ecoinvent-3.4-biosphere', 'b10faa87-2c1d-4f6e-aa65-9f80b376939a')",Co,2.088856895938263e-12,2.088856895938263e-12,1.0,1.9447495148453946e-12,1.9447495148453946e-12,stoichiometric,Linnaeite,1.727272727272727,3.608025547529727e-12,1.727272727272727,3.3591127983693174e-12,0.000636842105263158,0.0006368421016551324,0.0455986939380875,1.214254967321412e-08,1.214254967321412e-08
Cobalt,"('ecoinvent-3.4-biosphere', '12051b95-831a-49c0-9a70-fbc0e8fb9af9')",Co,2.088856895938263e-12,2.088856895938263e-12,1.0,1.9447495148453946e-12,1.9447495148453946e-12,stoichiometric,Linnaeite,1.727272727272727,3.608025547529727e-12,1.727272727272727,3.3591127983693174e-12,0.000636842105263158,0.0006368421016551324,0.0455986939380875,1.214254967321412e-08,1.214254967321412e-08
Cobalt,"('ecoinvent-3.4-biosphere', '9ce88274-57b6-42ed-a78b-4abef2301865')",Co,2.088856895938263e-12,2.088856895938263e-12,1.0,1.9447495148453946e-12,1.9447495148453946e-12,stoichiometric,Linnaeite,1.727272727272727,3.608025547529727e-12,1.727272727272727,3.3591127983693174e-12,0.000636842105263158,0.0006368421016551324,0.0455986939380875,1.214254967321412e-08,1.214254967321412e-08
Cobalt,"('ecoinvent-3.4-biosphere', 'c58d25ad-30d2-4fac-a857-1fa6f67afe8a')",Co,2.088856895938263e-12,2.088856895938263e-12,1.0,1.9447495148453946e-12,1.9447495148453946e-12,stoichiometric,Linnaeite,1.727272727272727,3.608025547529727e-12,1.727272727272727,3.3591127983693174e-12,0.000636842105263158,0.0006368421016551324,0.0455986939380875,1.214254967321412e-08,1.214254967321412e-08
Cobalt,"('ecoinvent-3.4-biosphere', 'ca04300a-8338-4601-ba7c-66c10a4f6322')",Co,2.088856895938263e-12,2.088856895938263e-12,1.0,1.9447495148453946e-12,1.9447495148453946e-12,stoichiometric,Linnaeite,1.727272727272727,3.608025547529727e-12,1.727272727272727,3.3591127983693174e-12,0.000636842105263158,0.0006368421016551324,0.0455986939380875,1.214254967321412e-08,1.214254967321412e-08
Cobalt,"('ecoinvent-3.4-biosphere', '1e904267-caa3-40e6-a3a0-fc104489770b')",Co,2.088856895938263e-12,2.088856895938263e-12,1.0,1.9447495148453946e-12,1.9447495148453946e-12,stoichiometric,Linnaeite,1.727272727272727,3.608025547529727e-12,1.727272727272727,3.3591127983693174e-12,0.000636842105263158,0.0006368421016551324,0.0455986939380875,1.214254967321412e-08,1.214254967321412e-08
Cobalt,"('ecoinvent-3.4-biosphere', 'f0d1c319-249f-4a89-b0e7-3a5a90a54036')",Co,2.088856895938263e-12,2.088856895938263e-12,1.0,1.9447495148453946e-12,1.9447495148453946e-12,stoichiometric,Linnaeite,1.727272727272727,3.608025547529727e-12,1.727272727272727,3.3591127983693174e-12,0.000636842105263158,0.0006368421016551324,0.0455986939380875,1.214254967321412e-08,1.214254967321412e-08
Cobalt,"('ecoinvent-3.4-biosphere', '74eb3f02-09ec-46ce-8ee8-d67d0900136b')",Co,2.088856895938263e-12,2.088856895938263e-12,1.0,1.9447495148453946e-12,1.9447495148453946e-12,stoichiometric,Linnaeite,1.727272727272727,3.608025547529727e-12,1.727272727272727,3.3591127983693174e-12,0.000636842105263158,0.0006368421016551324,0.0455986939380875,1.214254967321412e-08,1.214254967321412e-08
Cobalt,"('ecoinvent-3.4-biosphere', '9542444c-7c7a-48e2-bc9c-9c7c34fb7b3e')",Co,2.088856895938263e-12,2.088856895938263e-12,1.0,1.9447495148453946e-12,1.9447495148453946e-12,stoichiometric,Linnaeite,1.727272727272727,3.608025547529727e-12,1.727272727272727,3.3591127983693174e-12,0.000636842105263158,0.0006368421016551324,0.0455986939380875,1.214254967321412e-08,1.214254967321412e-08
Cobalt,"('ecoinvent-3.4-biosphere', 'caf066cf-40ce-47a8-ba4c-969fcd6019c7')",Co,2.088856895938263e-12,2.088856895938263e-12,1.0,1.9447495148453946e-12,1.9447495148453946e-12,stoichiometric,Linnaeite,1.727272727272727,3.608025547529727e-12,1.727272727272727,3.3591127983693174e-12,0.000636842105263158,0.0006368421016551324,0.0455986939380875,1.214254967321412e-08,1.214254967321412e-08
Cobalt,"('ecoinvent-3.4-biosphere', 'f0e28a62-ddf9-4c93-af81-676a58c3f2d4')",Co,2.088856895938263e-12,2.088856895938263e-12,1.0,1.9447495148453946e-12,1.9447495148453946e-12,stoichiometric,Linnaeite,1.727272727272727,3.608025547529727e-12,1.727272727272727,3.3591127983693174e-12,0.000636842105263158,0.0006368421016551324,0.0455986939380875,1.214254967321412e-08,1.214254967321412e-08
Cobalt,"('ecoinvent-3.4-biosphere', 'd4291dd5-dae8-47fa-bf06-466fcecbc210')",Co,2.088856895938263e-12,2.088856895938263e-12,1.0,1.9447495148453946e-12,1.9447495148453946e-12,stoichiometric,Linnaeite,1.727272727272727,3.608025547529727e-12,1.727272727272727,3.3591127983693174e-12,0.000636842105263158,0.0006368421016551324,0.0455986939380875,1.214254967321412e-08,1.214254967321412e-08
"Nickel, ion","('ecoinvent-3.4-biosphere', '9798359e-a3ee-4362-a038-23a188582c6e')",Ni,1.937619222301516e-12,1.937619222301516e-12,1.0,9.066741688482605e-14,9.066741688482605e-14,stoichiometric,Pentlandite(sulphides) / Garnierite(laterites),2.9342028985507245,5.685367938364709e-12,2.9342028985507245,2.660365974275635e-13,0.00509049773755656,0.005090497731871192,0.0803628113054402,6.883353309646336e-10,6.883353309646336e-10
"Nickel, ion","('ecoinvent-3.4-biosphere', '6ec6cdaa-5a01-46d4-b716-1905e56690ea')",Ni,1.937619222301516e-12,1.937619222301516e-12,1.0,9.066741688482605e-14,9.066741688482605e-14,stoichiometric,Pentlandite(sulphides) / Garnierite(laterites),2.9342028985507245,5.685367938364709e-12,2.9342028985507245,2.660365974275635e-13,0.00509049773755656,0.005090497731871192,0.0803628113054402,6.883353309646336e-10,6.883353309646336e-10
"Nickel, ion","('ecoinvent-3.4-biosphere', 'e030108f-2125-4bcb-a73b-ad72130fcca3')",Ni,1.937619222301516e-12,1.937619222301516e-12,1.0,9.066741688482605e-14,9.066741688482605e-14,stoichiometric,Pentlandite(sulphides) / Garnierite(laterites),2.9342028985507245,5.685367938364709e-12,2.9342028985507245,2.660365974275635e-13,0.00509049773755656,0.005090497731871192,0.0803628113054402,6.883353309646336e-10,6.883353309646336e-10
"Nickel, ion","('ecoinvent-3.4-biosphere', '9f69cb8e-51fe-447b-a1ac-4da74de8ebe4')",Ni,1.937619222301516e-12,1.937619222301516e-12,1.0,9.066741688482605e-14,9.066741688482605e-14,stoichiometric,Pentlandite(sulphides) / Garnierite(laterites),2.9342028985507245,5.685367938364709e-12,2.9342028985507245,2.660365974275635e-13,0.00509049773755656,0.005090497731871192,0.0803628113054402,6.883353309646336e-10,6.883353309646336e-10
"Nickel, ion","('ecoinvent-3.4-biosphere', '23cb10a4-6228-4ce4-9fb5-7043bc31faec')",Ni,1.937619222301516e-12,1.937619222301516e-12,1.0,9.066741688482605e-14,9.066741688482605e-14,stoichiometric,Pentlandite(sulphides) / Garnierite(laterites),2.9342028985507245,5.685367938364709e-12,2.9342028985507245,2.660365974275635e-13,0.00509049773755656,0.005090497731871192,0.0803628113054402,6.883353309646336e-10,6.883353309646336e-10
Copper,"('ecoinvent-3.4-biosphere', '7e66a41c-d311-4949-bdd8-eef09cdcfa47')",Cu,1.9225173812893517e-12,1.9225173812893517e-12,1.0,1.231243333335009e-14,1.231243333335009e-14,stoichiometric,Chalcopyrite,2.8793103448275863,5.535524184057271e-12,2.8793103448275863,3.545131666671491e-14,0.00201437125748503,0.0020143712519495056,0.8086409056778144,1.4710510412746749e-08,1.4710510412746749e-08
Copper,"('ecoinvent-3.4-biosphere', 'e336eee7-148a-4d1c-8027-780cbfafa12b')",Cu,1.9225173812893517e-12,1.9225173812893517e-12,1.0,1.231243333335009e-14,1.231243333335009e-14,stoichiometric,Chalcopyrite,2.8793103448275863,5.535524184057271e-12,2.8793103448275863,3.545131666671491e-14,0.00201437125748503,0.0020143712519495056,0.8086409056778144,1.4710510412746749e-08,1.4710510412746749e-08
Copper,"('ecoinvent-3.4-biosphere', '44d3e792-7c9e-48ab-9de9-acfa2e097f26')",Cu,1.9225173812893517e-12,1.9225173812893517e-12,1.0,1.231243333335009e-14,1.231243333335009e-14,stoichiometric,Chalcopyrite,2.8793103448275863,5.535524184057271e-12,2.8793103448275863,3.545131666671491e-14,0.00201437125748503,0.0020143712519495056,0.8086409056778144,1.4710510412746749e-08,1.4710510412746749e-08
Copper,"('ecoinvent-3.4-biosphere', '88cde01c-df69-40bb-9b14-6eac71bea5b8')",Cu,1.9225173812893517e-12,1.9225173812893517e-12,1.0,1.231243333335009e-14,1.231243333335009e-14,stoichiometric,Chalcopyrite,2.8793103448275863,5.535524184057271e-12,2.8793103448275863,3.545131666671491e-14,0.00201437125748503,0.0020143712519495056,0.8086409056778144,1.4710510412746749e-08,1.4710510412746749e-08
Copper,"('ecoinvent-3.4-biosphere', 'ec8144d6-d123-43b1-9c17-a295422a0498')",Cu,1.9225173812893517e-12,1.9225173812893517e-12,1.0,1.231243333335009e-14,1.231243333335009e-14,stoichiometric,Chalcopyrite,2.8793103448275863,5.535524184057271e-12,2.8793103448275863,3.545131666671491e-14,0.00201437125748503,0.0020143712519495056,0.8086409056778144,1.4710510412746749e-08,1.4710510412746749e-08
Copper,"('ecoinvent-3.4-biosphere', 'fd153f15-1d16-410a-91fa-04d205e36c43')",Cu,1.9225173812893517e-12,1.9225173812893517e-12,1.0,1.231243333335009e-14,1.231243333335009e-14,stoichiometric,Chalcopyrite,2.8793103448275863,5.535524184057271e-12,2.8793103448275863,3.545131666671491e-14,0.00201437125748503,0.0020143712519495056,0.8086409056778144,1.4710510412746749e-08,1.4710510412746749e-08
Copper,"('ecoinvent-3.4-biosphere', '3573a5af-88f8-4f74-ade7-cd269cbc4e66')",Cu,1.9225173812893517e-12,1.9225173812893517e-12,1.0,1.231243333335009e-14,1.231243333335009e-14,stoichiometric,Chalcopyrite,2.8793103448275863,5.535524184057271e-12,2.8793103448275863,3.545131666671491e-14,0.00201437125748503,0.0020143712519495056,0.8086409056778144,1.4710510412746749e-08,1.4710510412746749e-08
Copper,"('ecoinvent-3.4-biosphere', '237ca6bc-2f0a-4416-a0e3-bd512f038f2e')",Cu,1.9225173812893517e-12,1.9225173812893517e-12,1.0,1.231243333335009e-14,1.231243333335009e-14,stoichiometric,Chalcopyrite,2.8793103448275863,5.535524184057271e-12,2.8793103448275863,3.545131666671491e-14,0.00201437125748503,0.0020143712519495056,0.8086409056778144,1.4710510412746749e-08,1.4710510412746749e-08
Copper,"('ecoinvent-3.4-biosphere', '0a5e8a67-f9ae-48b3-bfa7-e9d37c30a191')",Cu,1.9225173812893517e-12,1.9225173812893517e-12,1.0,1.231243333335009e-14,1.231243333335009e-14,stoichiometric,Chalcopyrite,2.8793103448275863,5.535524184057271e-12,2.8793103448275863,3.545131666671491e-14,0.00201437125748503,0.0020143712519495056,0.8086409056778144,1.4710510412746749e-08,1.4710510412746749e-08
Tin,"('ecoinvent-3.4-biosphere', '85a764f2-a810-4b20-bc86-a45604262fda')",Sn,1.676970647360357e-12,1.676970647360357e-12,1.0,1.3268575464212294e-13,1.3268575464212294e-13,stoichiometric,Cassiterite,1.26875,2.127656508838453e-12,1.26875,1.6834505120219348e-13,0.003783251231527093,0.0037832512293994366,0.8632947389802966,1.4041117068197885e-09,1.4041117068197885e-09
Tin,"('ecoinvent-3.4-biosphere', '8a422b03-1055-4bc8-b439-27bf8d7eef57')",Sn,1.676970647360357e-12,1.676970647360357e-12,1.0,1.3268575464212294e-13,1.3268575464212294e-13,stoichiometric,Cassiterite,1.26875,2.127656508838453e-12,1.26875,1.6834505120219348e-13,0.003783251231527093,0.0037832512293994366,0.8632947389802966,1.4041117068197885e-09,1.4041117068197885e-09
Tin,"('ecoinvent-3.4-biosphere', '168c970b-91c9-4427-a3a0-6686ad6cc2c4')",Sn,1.676970647360357e-12,1.676970647360357e-12,1.0,1.3268575464212294e-13,1.3268575464212294e-13,stoichiometric,Cassiterite,1.26875,2.127656508838453e-12,1.26875,1.6834505120219348e-13,0.003783251231527093,0.0037832512293994366,0.8632947389802966,1.4041117068197885e-09,1.4041117068197885e-09
Tin,"('ecoinvent-3.4-biosphere', '19b6e569-85a4-4ea9-a590-d61a21e3c846')",Sn,1.676970647360357e-12,1.676970647360357e-12,1.0,1.3268575464212294e-13,1.3268575464212294e-13,stoichiometric,Cassiterite,1.26875,2.127656508838453e-12,1.26875,1.6834505120219348e-13,0.003783251231527093,0.0037832512293994366,0.8632947389802966,1.4041117068197885e-09,1.4041117068197885e-09
Tin,"('ecoinvent-3.4-biosphere', 'c67e3ba8-ddce-4931-b4b0-f4f9a56ccf40')",Sn,1.676970647360357e-12,1.676970647360357e-12,1.0,1.3268575464212294e-13,1.3268575464212294e-13,stoichiometric,Cassiterite,1.26875,2.127656508838453e-12,1.26875,1.6834505120219348e-13,0.003783251231527093,0.0037832512293994366,0.8632947389802966,1.4041117068197885e-09,1.4041117068197885e-09
Tin,"('ecoinvent-3.4-biosphere', '2a7b68ff-f12a-44c6-8b31-71ec91d29889')",Sn,1.676970647360357e-12,1.676970647360357e-12,1.0,1.3268575464212294e-13,1.3268575464212294e-13,stoichiometric,Cassiterite,1.26875,2.127656508838453e-12,1.26875,1.6834505120219348e-13,0.003783251231527093,0.0037832512293994366,0.8632947389802966,1.4041117068197885e-09,1.4041117068197885e-09
Tin,"('ecoinvent-3.4-biosphere', '6366d4ec-5ffc-4488-be51-0c239cdf535d')",Sn,1.676970647360357e-12,1.676970647360357e-12,1.0,1.3268575464212294e-13,1.3268575464212294e-13,stoichiometric,Cassiterite,1.26875,2.127656508838453e-12,1.26875,1.6834505120219348e-13,0.003783251231527093,0.0037832512293994366,0.8632947389802966,1.4041117068197885e-09,1.4041117068197885e-09
Tin,"('ecoinvent-3.4-biosphere', 'e070bd24-fd16-4963-8f4d-78bb4c402400')",Sn,1.676970647360357e-12,1.676970647360357e-12,1.0,1.3268575464212294e-13,1.3268575464212294e-13,stoichiometric,Cassiterite,1.26875,2.127656508838453e-12,1.26875,1.6834505120219348e-13,0.003783251231527093,0.0037832512293994366,0.8632947389802966,1.4041117068197885e-09,1.4041117068197885e-09
Tin,"('ecoinvent-3.4-biosphere', 'f563b90e-a300-4403-b278-d2fdcd73e5a7')",Sn,1.676970647360357e-12,1.676970647360357e-12,1.0,1.3268575464212294e-13,1.3268575464212294e-13,stoichiometric,Cassiterite,1.26875,2.127656508838453e-12,1.26875,1.6834505120219348e-13,0.003783251231527093,0.0037832512293994366,0.8632947389802966,1.4041117068197885e-09,1.4041117068197885e-09
Molybdenum,"('ecoinvent-3.4-biosphere', '442511cc-a98b-4242-9229-5736cb9a9399')",Mo,1.1786524353454405e-12,1.1786524353454405e-12,1.0,1.6532043483883647e-13,1.6532043483883647e-13,stoichiometric,Molybdenite,1.6700000000000004,1.968349567026886e-12,1.6700000000000004,2.7608512618085697e-13,0.0001796407185628742,0.00017964071659452464,0.9176761103880936,1.599916677328854e-07,1.599916677328854e-07
Molybdenum,"('ecoinvent-3.4-biosphere', '697e8ecf-bdbe-4857-92c9-e01960c91db7')",Mo,1.1786524353454405e-12,1.1786524353454405e-12,1.0,1.6532043483883647e-13,1.6532043483883647e-13,stoichiometric,Molybdenite,1.6700000000000004,1.968349567026886e-12,1.6700000000000004,2.7608512618085697e-13,0.0001796407185628742,0.00017964071659452464,0.9176761103880936,1.599916677328854e-07,1.599916677328854e-07
Molybdenum,"('ecoinvent-3.4-biosphere', '9cf3a683-ed3d-40e9-b039-7653e4fc9e20')",Mo,1.1786524353454405e-12,1.1786524353454405e-12,1.0,1.6532043483883647e-13,1.6532043483883647e-13,stoichiometric,Molybdenite,1.6700000000000004,1.968349567026886e-12,1.6700000000000004,2.7608512618085697e-13,0.0001796407185628742,0.00017964071659452464,0.9176761103880936,1.599916677328854e-07,1.599916677328854e-07
Molybdenum,"('ecoinvent-3.4-biosphere', '7d3f7498-3596-478a-9fa1-72201ef94082')",Mo,1.1786524353454405e-12,1.1786524353454405e-12,1.0,1.6532043483883647e-13,1.6532043483883647e-13,stoichiometric,Molybdenite,1.6700000000000004,1.968349567026886e-12,1.6700000000000004,2.7608512618085697e-13,0.0001796407185628742,0.00017964071659452464,0.9176761103880936,1.599916677328854e-07,1.599916677328854e-07
Molybdenum,"('ecoinvent-3.4-biosphere', '5fa36ce3-aed0-443b-a09d-4cdf25b41995')",Mo,1.1786524353454405e-12,1.1786524353454405e-12,1.0,1.6532043483883647e-13,1.6532043483883647e-13,stoichiometric,Molybdenite,1.6700000000000004,1.968349567026886e-12,1.6700000000000004,2.7608512618085697e-13,0.0001796407185628742,0.00017964071659452464,0.9176761103880936,1.599916677328854e-07,1.599916677328854e-07
Molybdenum,"('ecoinvent-3.4-biosphere', '35b4d818-1019-413b-b99d-d351d8a67ac4')",Mo,1.1786524353454405e-12,1.1786524353454405e-12,1.0,1.6532043483883647e-13,1.6532043483883647e-13,stoichiometric,Molybdenite,1.6700000000000004,1.968349567026886e-12,1.6700000000000004,2.7608512618085697e-13,0.0001796407185628742,0.00017964071659452464,0.9176761103880936,1.599916677328854e-07,1.599916677328854e-07
Molybdenum,"('ecoinvent-3.4-biosphere', 'fdaaef05-0d10-4032-b2e7-85cae3c7bd5c')",Mo,1.1786524353454405e-12,1.1786524353454405e-12,1.0,1.6532043483883647e-13,1.6532043483883647e-13,stoichiometric,Molybdenite,1.6700000000000004,1.968349567026886e-12,1.6700000000000004,2.7608512618085697e-13,0.0001796407185628742,0.00017964071659452464,0.9176761103880936,1.599916677328854e-07,1.599916677328854e-07
Molybdenum,"('ecoinvent-3.4-biosphere', '640e30d2-3158-4a1a-82ef-fd0c72922c9a')",Mo,1.1786524353454405e-12,1.1786524353454405e-12,1.0,1.6532043483883647e-13,1.6532043483883647e-13,stoichiometric,Molybdenite,1.6700000000000004,1.968349567026886e-12,1.6700000000000004,2.7608512618085697e-13,0.0001796407185628742,0.00017964071659452464,0.9176761103880936,1.599916677328854e-07,1.599916677328854e-07
Molybdenum,"('ecoinvent-3.4-biosphere', '163926e2-b4cc-42bb-ba7d-401028140985')",Mo,1.1786524353454405e-12,1.1786524353454405e-12,1.0,1.6532043483883647e-13,1.6532043483883647e-13,stoichiometric,Molybdenite,1.6700000000000004,1.968349567026886e-12,1.6700000000000004,2.7608512618085697e-13,0.0001796407185628742,0.00017964071659452464,0.9176761103880936,1.599916677328854e-07,1.599916677328854e-07
Molybdenum,"('ecoinvent-3.4-biosphere', 'c126f8a0-6bc4-42e6-9220-d6ccfef3f2ed')",Mo,1.1786524353454405e-12,1.1786524353454405e-12,1.0,1.6532043483883647e-13,1.6532043483883647e-13,stoichiometric,Molybdenite,1.6700000000000004,1.968349567026886e-12,1.6700000000000004,2.7608512618085697e-13,0.0001796407185628742,0.00017964071659452464,0.9176761103880936,1.599916677328854e-07,1.599916677328854e-07
Molybdenum,"('ecoinvent-3.4-biosphere', '1f3c2297-d652-468d-82e8-4fd59bf5b5b8')",Mo,1.1786524353454405e-12,1.1786524353454405e-12,1.0,1.6532043483883647e-13,1.6532043483883647e-13,stoichiometric,Molybdenite,1.6700000000000004,1.968349567026886e-12,1.6700000000000004,2.7608512618085697e-13,0.0001796407185628742,0.00017964071659452464,0.9176761103880936,1.599916677328854e-07,1.599916677328854e-07
Molybdenum,"('ecoinvent-3.4-biosphere', '8b531ec0-ca7a-49cd-bef0-56f110112f34')",Mo,1.1786524353454405e-12,1.1786524353454405e-12,1.0,1.6532043483883647e-13,1.6532043483883647e-13,stoichiometric,Molybdenite,1.6700000000000004,1.968349567026886e-12,1.6700000000000004,2.7608512618085697e-13,0.0001796407185628742,0.00017964071659452464,0.9176761103880936,1.599916677328854e-07,1.599916677328854e-07
Molybdenum,"('ecoinvent-3.4-biosphere', 'c26d4716-ce1e-43da-a662-cd9498b1e8bc')",Mo,1.1786524353454405e-12,1.1786524353454405e-12,1.0,1.6532043483883647e-13,1.6532043483883647e-13,stoichiometric,Molybdenite,1.6700000000000004,1.968349567026886e-12,1.6700000000000004,2.7608512618085697e-13,0.0001796407185628742,0.00017964071659452464,0.9176761103880936,1.599916677328854e-07,1.599916677328854e-07
Molybdenum,"('ecoinvent-3.4-biosphere', '3822809c-cc03-469d-ac2a-9f85842f8440')",Mo,1.1786524353454405e-12,1.1786524353454405e-12,1.0,1.6532043483883647e-13,1.6532043483883647e-13,stoichiometric,Molybdenite,1.6700000000000004,1.968349567026886e-12,1.6700000000000004,2.7608512618085697e-13,0.0001796407185628742,0.00017964071659452464,0.9176761103880936,1.599916677328854e-07,1.599916677328854e-07
Cobalt,"('ecoinvent-3.4-biosphere', '33627701-feca-434d-a192-674a450eaaf7')",Co,8.712356635057311e-13,8.712356635057311e-13,1.0,1.9447495148453946e-12,1.9447495148453946e-12,stoichiometric,Linnaeite,1.727272727272727,1.5048616006008082e-12,1.727272727272727,3.3591127983693174e-12,0.000636842105263158,0.0006368421037582964,0.0455986939380875,5.064316211812347e-09,5.064316211812347e-09
Cobalt,"('ecoinvent-3.4-biosphere', '381a22c9-3722-4378-810d-86958f7b6d32')",Co,8.712356635057311e-13,8.712356635057311e-13,1.0,1.9447495148453946e-12,1.9447495148453946e-12,stoichiometric,Linnaeite,1.727272727272727,1.5048616006008082e-12,1.727272727272727,3.3591127983693174e-12,0.000636842105263158,0.0006368421037582964,0.0455986939380875,5.064316211812347e-09,5.064316211812347e-09
Cobalt,"('ecoinvent-3.4-biosphere', 'b10faa87-2c1d-4f6e-aa65-9f80b376939a')",Co,8.712356635057311e-13,8.712356635057311e-13,1.0,1.9447495148453946e-12,1.9447495148453946e-12,stoichiometric,Linnaeite,1.727272727272727,1.5048616006008082e-12,1.727272727272727,3.3591127983693174e-12,0.000636842105263158,0.0006368421037582964,0.0455986939380875,5.064316211812347e-09,5.064316211812347e-09
Cobalt,"('ecoinvent-3.4-biosphere', '12051b95-831a-49c0-9a70-fbc0e8fb9af9')",Co,8.712356635057311e-13,8.712356635057311e-13,1.0,1.9447495148453946e-12,1.9447495148453946e-12,stoichiometric,Linnaeite,1.727272727272727,1.5048616006008082e-12,1.727272727272727,3.3591127983693174e-12,0.000636842105263158,0.0006368421037582964,0.0455986939380875,5.064316211812347e-09,5.064316211812347e-09
Cobalt,"('ecoinvent-3.4-biosphere', '9ce88274-57b6-42ed-a78b-4abef2301865')",Co,8.712356635057311e-13,8.712356635057311e-13,1.0,1.9447495148453946e-12,1.9447495148453946e-12,stoichiometric,Linnaeite,1.727272727272727,1.5048616006008082e-12,1.727272727272727,3.3591127983693174e-12,0.000636842105263158,0.0006368421037582964,0.0455986939380875,5.064316211812347e-09,5.064316211812347e-09
Cobalt,"('ecoinvent-3.4-biosphere', 'c58d25ad-30d2-4fac-a857-1fa6f67afe8a')",Co,8.712356635057311e-13,8.712356635057311e-13,1.0,1.9447495148453946e-12,1.9447495148453946e-12,stoichiometric,Linnaeite,1.727272727272727,1.5048616006008082e-12,1.727272727272727,3.3591127983693174e-12,0.000636842105263158,0.0006368421037582964,0.0455986939380875,5.064316211812347e-09,5.064316211812347e-09
Cobalt,"('ecoinvent-3.4-biosphere', 'ca04300a-8338-4601-ba7c-66c10a4f6322')",Co,8.712356635057311e-13,8.712356635057311e-13,1.0,1.9447495148453946e-12,1.9447495148453946e-12,stoichiometric,Linnaeite,1.727272727272727,1.5048616006008082e-12,1.727272727272727,3.3591127983693174e-12,0.000636842105263158,0.0006368421037582964,0.0455986939380875,5.064316211812347e-09,5.064316211812347e-09
Cobalt,"('ecoinvent-3.4-biosphere', '1e904267-caa3-40e6-a3a0-fc104489770b')",Co,8.712356635057311e-13,8.712356635057311e-13,1.0,1.9447495148453946e-12,1.9447495148453946e-12,stoichiometric,Linnaeite,1.727272727272727,1.5048616006008082e-12,1.727272727272727,3.3591127983693174e-12,0.000636842105263158,0.0006368421037582964,0.0455986939380875,5.064316211812347e-09,5.064316211812347e-09
Cobalt,"('ecoinvent-3.4-biosphere', 'f0d1c319-249f-4a89-b0e7-3a5a90a54036')",Co,8.712356635057311e-13,8.712356635057311e-13,1.0,1.9447495148453946e-12,1.9447495148453946e-12,stoichiometric,Linnaeite,1.727272727272727,1.5048616006008082e-12,1.727272727272727,3.3591127983693174e-12,0.000636842105263158,0.0006368421037582964,0.0455986939380875,5.064316211812347e-09,5.064316211812347e-09
Cobalt,"('ecoinvent-3.4-biosphere', '74eb3f02-09ec-46ce-8ee8-d67d0900136b')",Co,8.712356635057311e-13,8.712356635057311e-13,1.0,1.9447495148453946e-12,1.9447495148453946e-12,stoichiometric,Linnaeite,1.727272727272727,1.5048616006008082e-12,1.727272727272727,3.3591127983693174e-12,0.000636842105263158,0.0006368421037582964,0.0455986939380875,5.064316211812347e-09,5.064316211812347e-09
Cobalt,"('ecoinvent-3.4-biosphere', '9542444c-7c7a-48e2-bc9c-9c7c34fb7b3e')",Co,8.712356635057311e-13,8.712356635057311e-13,1.0,1.9447495148453946e-12,1.9447495148453946e-12,stoichiometric,Linnaeite,1.727272727272727,1.5048616006008082e-12,1.727272727272727,3.3591127983693174e-12,0.000636842105263158,0.0006368421037582964,0.0455986939380875,5.064316211812347e-09,5.064316211812347e-09
Cobalt,"('ecoinvent-3.4-biosphere', 'caf066cf-40ce-47a8-ba4c-969fcd6019c7')",Co,8.712356635057311e-13,8.712356635057311e-13,1.0,1.9447495148453946e-12,1.9447495148453946e-12,stoichiometric,Linnaeite,1.727272727272727,1.5048616006008082e-12,1.727272727272727,3.3591127983693174e-12,0.000636842105263158,0.0006368421037582964,0.0455986939380875,5.064316211812347e-09,5.064316211812347e-09
Cobalt,"('ecoinvent-3.4-biosphere', 'f0e28a62-ddf9-4c93-af81-676a58c3f2d4')",Co,8.712356635057311e-13,8.712356635057311e-13,1.0,1.9447495148453946e-12,1.9447495148453946e-12,stoichiometric,Linnaeite,1.727272727272727,1.5048616006008082e-12,1.727272727272727,3.3591127983693174e-12,0.000636842105263158,0.0006368421037582964,0.0455986939380875,5.064316211812347e-09,5.064316211812347e-09
Cobalt,"('ecoinvent-3.4-biosphere', 'd4291dd5-dae8-47fa-bf06-466fcecbc210')",Co,8.712356635057311e-13,8.712356635057311e-13,1.0,1.9447495148453946e-12,1.9447495148453946e-12,stoichiometric,Linnaeite,1.727272727272727,1.5048616006008082e-12,1.727272727272727,3.3591127983693174e-12,0.000636842105263158,0.0006368421037582964,0.0455986939380875,5.064316211812347e-09,5.064316211812347e-09
Phosphorus,"('ecoinvent-3.4-biosphere', 'b6e2f7f4-6b2e-4b3e-be1f-67626cb8205d')",P,8.4158057636112e-13,8.4158057636112e-13,1.0,1.6973366253890836e-14,1.6973366253890836e-14,stoichiometric,Apatite,0.3532544378698225,2.972920734246087e-13,0.3532544378698225,5.995916954776823e-15,0.04784087102177553,0.04784087102147824,0.9,5.001458099625287e-13,5.001458099625287e-13
Phosphorus,"('ecoinvent-3.4-biosphere', 'ea4e9316-5080-4b3b-bbf3-1949f6d7577a')",P,8.4158057636112e-13,8.4158057636112e-13,1.0,1.6973366253890836e-14,1.6973366253890836e-14,stoichiometric,Apatite,0.3532544378698225,2.972920734246087e-13,0.3532544378698225,5.995916954776823e-15,0.04784087102177553,0.04784087102147824,0.9,5.001458099625287e-13,5.001458099625287e-13
Phosphorus,"('ecoinvent-3.4-biosphere', '76b09afe-52b9-4ecc-b97a-00b49ad8ed1a')",P,8.4158057636112e-13,8.4158057636112e-13,1.0,1.6973366253890836e-14,1.6973366253890836e-14,stoichiometric,Apatite,0.3532544378698225,2.972920734246087e-13,0.3532544378698225,5.995916954776823e-15,0.04784087102177553,0.04784087102147824,0.9,5.001458099625287e-13,5.001458099625287e-13
Phosphorus,"('ecoinvent-3.4-biosphere', 'b1fca66f-8e83-469a-a7b5-018e14d5d545')",P,8.4158057636112e-13,8.4158057636112e-13,1.0,1.6973366253890836e-14,1.6973366253890836e-14,stoichiometric,Apatite,0.3532544378698225,2.972920734246087e-13,0.3532544378698225,5.995916954776823e-15,0.04784087102177553,0.04784087102147824,0.9,5.001458099625287e-13,5.001458099625287e-13
Phosphorus,"('ecoinvent-3.4-biosphere', 'f5e7e615-4160-4df9-b39b-7463eaed77c7')",P,8.4158057636112e-13,8.4158057636112e-13,1.0,1.6973366253890836e-14,1.6973366253890836e-14,stoichiometric,Apatite,0.3532544378698225,2.972920734246087e-13,0.3532544378698225,5.995916954776823e-15,0.04784087102177553,0.04784087102147824,0.9,5.001458099625287e-13,5.001458099625287e-13
Phosphorus,"('ecoinvent-3.4-biosphere', 'c89a0749-40a5-4c9c-8770-c4295ea34977')",P,8.4158057636112e-13,8.4158057636112e-13,1.0,1.6973366253890836e-14,1.6973366253890836e-14,stoichiometric,Apatite,0.3532544378698225,2.972920734246087e-13,0.3532544378698225,5.995916954776823e-15,0.04784087102177553,0.04784087102147824,0.9,5.001458099625287e-13,5.001458099625287e-13
Phosphorus,"('ecoinvent-3.4-biosphere', '8b0a4a41-c65c-4d94-b10c-94ddb98abdd2')",P,8.4158057636112e-13,8.4158057636112e-13,1.0,1.6973366253890836e-14,1.6973366253890836e-14,stoichiometric,Apatite,0.3532544378698225,2.972920734246087e-13,0.3532544378698225,5.995916954776823e-15,0.04784087102177553,0.04784087102147824,0.9,5.001458099625287e-13,5.001458099625287e-13
Phosphorus,"('ecoinvent-3.4-biosphere', '2d4b8ec1-8d53-4e62-8a11-ebc45909b02e')",P,8.4158057636112e-13,8.4158057636112e-13,1.0,1.6973366253890836e-14,1.6973366253890836e-14,stoichiometric,Apatite,0.3532544378698225,2.972920734246087e-13,0.3532544378698225,5.995916954776823e-15,0.04784087102177553,0.04784087102147824,0.9,5.001458099625287e-13,5.001458099625287e-13
Phosphorus,"('ecoinvent-3.4-biosphere', 'b2631209-8374-431e-b7d5-56c96c6b6d79')",P,8.4158057636112e-13,8.4158057636112e-13,1.0,1.6973366253890836e-14,1.6973366253890836e-14,stoichiometric,Apatite,0.3532544378698225,2.972920734246087e-13,0.3532544378698225,5.995916954776823e-15,0.04784087102177553,0.04784087102147824,0.9,5.001458099625287e-13,5.001458099625287e-13
Phosphorus,"('ecoinvent-3.4-biosphere', '2f8952b0-c90c-4e3d-b546-52b862fc8f11')",P,8.4158057636112e-13,8.4158057636112e-13,1.0,1.6973366253890836e-14,1.6973366253890836e-14,stoichiometric,Apatite,0.3532544378698225,2.972920734246087e-13,0.3532544378698225,5.995916954776823e-15,0.04784087102177553,0.04784087102147824,0.9,5.001458099625287e-13,5.001458099625287e-13
Phosphorus,"('ecoinvent-3.4-biosphere', '198ce8e3-f05a-4bec-9f7f-325347453326')",P,8.4158057636112e-13,8.4158057636112e-13,1.0,1.6973366253890836e-14,1.6973366253890836e-14,stoichiometric,Apatite,0.3532544378698225,2.972920734246087e-13,0.3532544378698225,5.995916954776823e-15,0.04784087102177553,0.04784087102147824,0.9,5.001458099625287e-13,5.001458099625287e-13
Phosphorus,"('ecoinvent-3.4-biosphere', '62f3d964-9b53-4d01-9ee0-04112dcfc6d2')",P,8.4158057636112e-13,8.4158057636112e-13,1.0,1.6973366253890836e-14,1.6973366253890836e-14,stoichiometric,Apatite,0.3532544378698225,2.972920734246087e-13,0.3532544378698225,5.995916954776823e-15,0.04784087102177553,0.04784087102147824,0.9,5.001458099625287e-13,5.001458099625287e-13
Phosphorus,"('ecoinvent-3.4-biosphere', 'e2d35af7-9806-46ff-9b75-b124a48fa5a1')",P,8.4158057636112e-13,8.4158057636112e-13,1.0,1.6973366253890836e-14,1.6973366253890836e-14,stoichiometric,Apatite,0.3532544378698225,2.972920734246087e-13,0.3532544378698225,5.995916954776823e-15,0.04784087102177553,0.04784087102147824,0.9,5.001458099625287e-13,5.001458099625287e-13
Phosphorus,"('ecoinvent-3.4-biosphere', 'd761f94e-517d-41cf-89fa-17dc72f7a69b')",P,8.4158057636112e-13,8.4158057636112e-13,1.0,1.6973366253890836e-14,1.6973366253890836e-14,stoichiometric,Apatite,0.3532544378698225,2.972920734246087e-13,0.3532544378698225,5.995916954776823e-15,0.04784087102177553,0.04784087102147824,0.9,5.001458099625287e-13,5.001458099625287e-13
Nickel,"('ecoinvent-3.4-biosphere', 'a72a45ee-395a-4d25-b893-9d183e43e76e')",Ni,7.339925636796966e-13,7.339925636796966e-13,1.0,9.066741688482605e-14,9.066741688482605e-14,stoichiometric,Pentlandite(sulphides) / Garnierite(laterites),2.9342028985507245,2.153683107863643e-12,2.9342028985507245,2.660365974275635e-13,0.00509049773755656,0.005090497735402877,0.0803628113054402,2.6075726923040106e-10,2.6075726923040106e-10
Nickel,"('ecoinvent-3.4-biosphere', 'e43a270f-4f88-4789-a0b8-7aba56677743')",Ni,7.339925636796966e-13,7.339925636796966e-13,1.0,9.066741688482605e-14,9.066741688482605e-14,stoichiometric,Pentlandite(sulphides) / Garnierite(laterites),2.9342028985507245,2.153683107863643e-12,2.9342028985507245,2.660365974275635e-13,0.00509049773755656,0.005090497735402877,0.0803628113054402,2.6075726923040106e-10,2.6075726923040106e-10
Nickel,"('ecoinvent-3.4-biosphere', 'c89873de-cd23-4323-a948-f5cfeebd2fc9')",Ni,7.339925636796966e-13,7.339925636796966e-13,1.0,9.066741688482605e-14,9.066741688482605e-14,stoichiometric,Pentlandite(sulphides) / Garnierite(laterites),2.9342028985507245,2.153683107863643e-12,2.9342028985507245,2.660365974275635e-13,0.00509049773755656,0.005090497735402877,0.0803628113054402,2.6075726923040106e-10,2.6075726923040106e-10
Nickel,"('ecoinvent-3.4-biosphere', '5de1943f-b011-45a0-97d4-ed15eea6a382')",Ni,7.339925636796966e-13,7.339925636796966e-13,1.0,9.066741688482605e-14,9.066741688482605e-14,stoichiometric,Pentlandite(sulphides) / Garnierite(laterites),2.9342028985507245,2.153683107863643e-12,2.9342028985507245,2.660365974275635e-13,0.00509049773755656,0.005090497735402877,0.0803628113054402,2.6075726923040106e-10,2.6075726923040106e-10
Nickel,"('ecoinvent-3.4-biosphere', 'b4580545-243d-48d2-a3a0-2633a4f46fb1')",Ni,7.339925636796966e-13,7.339925636796966e-13,1.0,9.066741688482605e-14,9.066741688482605e-14,stoichiometric,Pentlandite(sulphides) / Garnierite(laterites),2.9342028985507245,2.153683107863643e-12,2.9342028985507245,2.660365974275635e-13,0.00509049773755656,0.005090497735402877,0.0803628113054402,2.6075726923040106e-10,2.6075726923040106e-10
Nickel,"('ecoinvent-3.4-biosphere', 'a5506f4b-113f-4713-95c3-c819dde6e48b')",Ni,7.339925636796966e-13,7.339925636796966e-13,1.0,9.066741688482605e-14,9.066741688482605e-14,stoichiometric,Pentlandite(sulphides) / Garnierite(laterites),2.9342028985507245,2.153683107863643e-12,2.9342028985507245,2.660365974275635e-13,0.00509049773755656,0.005090497735402877,0.0803628113054402,2.6075726923040106e-10,2.6075726923040106e-10
Nickel,"('ecoinvent-3.4-biosphere', 'e8fc62ba-678e-4706-97d2-b79d83e227d5')",Ni,7.339925636796966e-13,7.339925636796966e-13,1.0,9.066741688482605e-14,9.066741688482605e-14,stoichiometric,Pentlandite(sulphides) / Garnierite(laterites),2.9342028985507245,2.153683107863643e-12,2.9342028985507245,2.660365974275635e-13,0.00509049773755656,0.005090497735402877,0.0803628113054402,2.6075726923040106e-10,2.6075726923040106e-10
Nickel,"('ecoinvent-3.4-biosphere', '2bcad3b3-5305-481c-a166-ad5e6eac2675')",Ni,7.339925636796966e-13,7.339925636796966e-13,1.0,9.066741688482605e-14,9.066741688482605e-14,stoichiometric,Pentlandite(sulphides) / Garnierite(laterites),2.9342028985507245,2.153683107863643e-12,2.9342028985507245,2.660365974275635e-13,0.00509049773755656,0.005090497735402877,0.0803628113054402,2.6075726923040106e-10,2.6075726923040106e-10
Nickel,"('ecoinvent-3.4-biosphere', '0545c382-2312-43b6-9ec3-63dbb1438565')",Ni,7.339925636796966e-13,7.339925636796966e-13,1.0,9.066741688482605e-14,9.066741688482605e-14,stoichiometric,Pentlandite(sulphides) / Garnierite(laterites),2.9342028985507245,2.153683107863643e-12,2.9342028985507245,2.660365974275635e-13,0.00509049773755656,0.005090497735402877,0.0803628113054402,2.6075726923040106e-10,2.6075726923040106e-10
Nickel,"('ecoinvent-3.4-biosphere', '56815b4f-6138-4e0b-9fac-c94fd6b102b3')",Ni,7.339925636796966e-13,7.339925636796966e-13,1.0,9.066741688482605e-14,9.066741688482605e-14,stoichiometric,Pentlandite(sulphides) / Garnierite(laterites),2.9342028985507245,2.153683107863643e-12,2.9342028985507245,2.660365974275635e-13,0.00509049773755656,0.005090497735402877,0.0803628113054402,2.6075726923040106e-10,2.6075726923040106e-10
"Copper, ion","('ecoinvent-3.4-biosphere', 'd8f9ccf6-fd32-4348-83c0-1cee724af9ae')",Cu,6.741128544400386e-13,6.741128544400386e-13,1.0,1.231243333335009e-14,1.231243333335009e-14,stoichiometric,Chalcopyrite,2.8793103448275863,1.9409801153704562e-12,2.8793103448275863,3.545131666671491e-14,0.00201437125748503,0.00201437125554405,0.8086409056778144,5.158084623682176e-09,5.158084623682176e-09
"Copper, ion","('ecoinvent-3.4-biosphere', '6d9550e2-e670-44c1-bad8-c0c4975ffca7')",Cu,6.741128544400386e-13,6.741128544400386e-13,1.0,1.231243333335009e-14,1.231243333335009e-14,stoichiometric,Chalcopyrite,2.8793103448275863,1.9409801153704562e-12,2.8793103448275863,3.545131666671491e-14,0.00201437125748503,0.00201437125554405,0.8086409056778144,5.158084623682176e-09,5.158084623682176e-09
"Copper, ion","('ecoinvent-3.4-biosphere', '615b1460-6860-4cf6-8678-ad92c03c5e8b')",Cu,6.741128544400386e-13,6.741128544400386e-13,1.0,1.231243333335009e-14,1.231243333335009e-14,stoichiometric,Chalcopyrite,2.8793103448275863,1.9409801153704562e-12,2.8793103448275863,3.545131666671491e-14,0.00201437125748503,0.00201437125554405,0.8086409056778144,5.158084623682176e-09,5.158084623682176e-09
"Copper, ion","('ecoinvent-3.4-biosphere', '40229ebf-9346-4f20-910a-f8ea3bd88d44')",Cu,6.741128544400386e-13,6.741128544400386e-13,1.0,1.231243333335009e-14,1.231243333335009e-14,stoichiometric,Chalcopyrite,2.8793103448275863,1.9409801153704562e-12,2.8793103448275863,3.545131666671491e-14,0.00201437125748503,0.00201437125554405,0.8086409056778144,5.158084623682176e-09,5.158084623682176e-09
"Copper, ion","('ecoinvent-3.4-biosphere', 'c3b659e5-35f1-408c-8cb5-b5f9b295c76e')",Cu,6.741128544400386e-13,6.741128544400386e-13,1.0,1.231243333335009e-14,1.231243333335009e-14,stoichiometric,Chalcopyrite,2.8793103448275863,1.9409801153704562e-12,2.8793103448275863,3.545131666671491e-14,0.00201437125748503,0.00201437125554405,0.8086409056778144,5.158084623682176e-09,5.158084623682176e-09
Molybdenum,"('ecoinvent-3.4-biosphere', '442511cc-a98b-4242-9229-5736cb9a9399')",Mo,5.573932166740444e-13,5.573932166740444e-13,1.0,1.6532043483883647e-13,1.6532043483883647e-13,stoichiometric,Molybdenite,1.6700000000000004,9.308466718456543e-13,1.6700000000000004,2.7608512618085697e-13,0.0001796407185628742,0.00017964071763202751,0.9176761103880936,7.565799503994227e-08,7.565799503994227e-08
Molybdenum,"('ecoinvent-3.4-biosphere', '697e8ecf-bdbe-4857-92c9-e01960c91db7')",Mo,5.573932166740444e-13,5.573932166740444e-13,1.0,1.6532043483883647e-13,1.6532043483883647e-13,stoichiometric,Molybdenite,1.6700000000000004,9.308466718456543e-13,1.6700000000000004,2.7608512618085697e-13,0.0001796407185628742,0.00017964071763202751,0.9176761103880936,7.565799503994227e-08,7.565799503994227e-08
Molybdenum,"('ecoinvent-3.4-biosphere', '9cf3a683-ed3d-40e9-b039-7653e4fc9e20')",Mo,5.573932166740444e-13,5.573932166740444e-13,1.0,1.6532043483883647e-13,1.6532043483883647e-13,stoichiometric,Molybdenite,1.6700000000000004,9.308466718456543e-13,1.6700000000000004,2.7608512618085697e-13,0.0001796407185628742,0.00017964071763202751,0.9176761103880936,7.565799503994227e-08,7.565799503994227e-08
Molybdenum,"('ecoinvent-3.4-biosphere', '7d3f7498-3596-478a-9fa1-72201ef94082')",Mo,5.573932166740444e-13,5.573932166740444e-13,1.0,1.6532043483883647e-13,1.6532043483883647e-13,stoichiometric,Molybdenite,1.6700000000000004,9.308466718456543e-13,1.6700000000000004,2.7608512618085697e-13,0.0001796407185628742,0.00017964071763202751,0.9176761103880936,7.565799503994227e-08,7.565799503994227e-08
Molybdenum,"('ecoinvent-3.4-biosphere', '5fa36ce3-aed0-443b-a09d-4cdf25b41995')",Mo,5.573932166740444e-13,5.573932166740444e-13,1.0,1.6532043483883647e-13,1.6532043483883647e-13,stoichiometric,Molybdenite,1.6700000000000004,9.308466718456543e-13,1.6700000000000004,2.7608512618085697e-13,0.0001796407185628742,0.00017964071763202751,0.9176761103880936,7.565799503994227e-08,7.565799503994227e-08
Molybdenum,"('ecoinvent-3.4-biosphere', '35b4d818-1019-413b-b99d-d351d8a67ac4')",Mo,5.573932166740444e-13,5.573932166740444e-13,1.0,1.6532043483883647e-13,1.6532043483883647e-13,stoichiometric,Molybdenite,1.6700000000000004,9.308466718456543e-13,1.6700000000000004,2.7608512618085697e-13,0.0001796407185628742,0.00017964071763202751,0.9176761103880936,7.565799503994227e-08,7.565799503994227e-08
Molybdenum,"('ecoinvent-3.4-biosphere', 'fdaaef05-0d10-4032-b2e7-85cae3c7bd5c')",Mo,5.573932166740444e-13,5.573932166740444e-13,1.0,1.6532043483883647e-13,1.6532043483883647e-13,stoichiometric,Molybdenite,1.6700000000000004,9.308466718456543e-13,1.6700000000000004,2.7608512618085697e-13,0.0001796407185628742,0.00017964071763202751,0.9176761103880936,7.565799503994227e-08,7.565799503994227e-08
Molybdenum,"('ecoinvent-3.4-biosphere', '640e30d2-3158-4a1a-82ef-fd0c72922c9a')",Mo,5.573932166740444e-13,5.573932166740444e-13,1.0,1.6532043483883647e-13,1.6532043483883647e-13,stoichiometric,Molybdenite,1.6700000000000004,9.308466718456543e-13,1.6700000000000004,2.7608512618085697e-13,0.0001796407185628742,0.00017964071763202751,0.9176761103880936,7.565799503994227e-08,7.565799503994227e-08
Molybdenum,"('ecoinvent-3.4-biosphere', '163926e2-b4cc-42bb-ba7d-401028140985')",Mo,5.573932166740444e-13,5.573932166740444e-13,1.0,1.6532043483883647e-13,1.6532043483883647e-13,stoichiometric,Molybdenite,1.6700000000000004,9.308466718456543e-13,1.6700000000000004,2.7608512618085697e-13,0.0001796407185628742,0.00017964071763202751,0.9176761103880936,7.565799503994227e-08,7.565799503994227e-08
Molybdenum,"('ecoinvent-3.4-biosphere', 'c126f8a0-6bc4-42e6-9220-d6ccfef3f2ed')",Mo,5.573932166740444e-13,5.573932166740444e-13,1.0,1.6532043483883647e-13,1.6532043483883647e-13,stoichiometric,Molybdenite,1.6700000000000004,9.308466718456543e-13,1.6700000000000004,2.7608512618085697e-13,0.0001796407185628742,0.00017964071763202751,0.9176761103880936,7.565799503994227e-08,7.565799503994227e-08
Molybdenum,"('ecoinvent-3.4-biosphere', '1f3c2297-d652-468d-82e8-4fd59bf5b5b8')",Mo,5.573932166740444e-13,5.573932166740444e-13,1.0,1.6532043483883647e-13,1.6532043483883647e-13,stoichiometric,Molybdenite,1.6700000000000004,9.308466718456543e-13,1.6700000000000004,2.7608512618085697e-13,0.0001796407185628742,0.00017964071763202751,0.9176761103880936,7.565799503994227e-08,7.565799503994227e-08
Molybdenum,"('ecoinvent-3.4-biosphere', '8b531ec0-ca7a-49cd-bef0-56f110112f34')",Mo,5.573932166740444e-13,5.573932166740444e-13,1.0,1.6532043483883647e-13,1.6532043483883647e-13,stoichiometric,Molybdenite,1.6700000000000004,9.308466718456543e-13,1.6700000000000004,2.7608512618085697e-13,0.0001796407185628742,0.00017964071763202751,0.9176761103880936,7.565799503994227e-08,7.565799503994227e-08
Molybdenum,"('ecoinvent-3.4-biosphere', 'c26d4716-ce1e-43da-a662-cd9498b1e8bc')",Mo,5.573932166740444e-13,5.573932166740444e-13,1.0,1.6532043483883647e-13,1.6532043483883647e-13,stoichiometric,Molybdenite,1.6700000000000004,9.308466718456543e-13,1.6700000000000004,2.7608512618085697e-13,0.0001796407185628742,0.00017964071763202751,0.9176761103880936,7.565799503994227e-08,7.565799503994227e-08
Molybdenum,"('ecoinvent-3.4-biosphere', '3822809c-cc03-469d-ac2a-9f85842f8440')",Mo,5.573932166740444e-13,5.573932166740444e-13,1.0,1.6532043483883647e-13,1.6532043483883647e-13,stoichiometric,Molybdenite,1.6700000000000004,9.308466718456543e-13,1.6700000000000004,2.7608512618085697e-13,0.0001796407185628742,0.00017964071763202751,0.9176761103880936,7.565799503994227e-08,7.565799503994227e-08
Molybdenum,"('ecoinvent-3.4-biosphere', '442511cc-a98b-4242-9229-5736cb9a9399')",Mo,5.24338069305787e-13,5.24338069305787e-13,1.0,1.6532043483883647e-13,1.6532043483883647e-13,stoichiometric,Molybdenite,1.6700000000000004,8.756445757406644e-13,1.6700000000000004,2.7608512618085697e-13,0.0001796407185628742,0.0001796407176872296,0.9176761103880936,7.11779432238443e-08,7.11779432238443e-08
Molybdenum,"('ecoinvent-3.4-biosphere', '697e8ecf-bdbe-4857-92c9-e01960c91db7')",Mo,5.24338069305787e-13,5.24338069305787e-13,1.0,1.6532043483883647e-13,1.6532043483883647e-13,stoichiometric,Molybdenite,1.6700000000000004,8.756445757406644e-13,1.6700000000000004,2.7608512618085697e-13,0.0001796407185628742,0.0001796407176872296,0.9176761103880936,7.11779432238443e-08,7.11779432238443e-08
Molybdenum,"('ecoinvent-3.4-biosphere', '9cf3a683-ed3d-40e9-b039-7653e4fc9e20')",Mo,5.24338069305787e-13,5.24338069305787e-13,1.0,1.6532043483883647e-13,1.6532043483883647e-13,stoichiometric,Molybdenite,1.6700000000000004,8.756445757406644e-13,1.6700000000000004,2.7608512618085697e-13,0.0001796407185628742,0.0001796407176872296,0.9176761103880936,7.11779432238443e-08,7.11779432238443e-08
Molybdenum,"('ecoinvent-3.4-biosphere', '7d3f7498-3596-478a-9fa1-72201ef94082')",Mo,5.24338069305787e-13,5.24338069305787e-13,1.0,1.6532043483883647e-13,1.6532043483883647e-13,stoichiometric,Molybdenite,1.6700000000000004,8.756445757406644e-13,1.6700000000000004,2.7608512618085697e-13,0.0001796407185628742,0.0001796407176872296,0.9176761103880936,7.11779432238443e-08,7.11779432238443e-08
Molybdenum,"('ecoinvent-3.4-biosphere', '5fa36ce3-aed0-443b-a09d-4cdf25b41995')",Mo,5.24338069305787e-13,5.24338069305787e-13,1.0,1.6532043483883647e-13,1.6532043483883647e-13,stoichiometric,Molybdenite,1.6700000000000004,8.756445757406644e-13,1.6700000000000004,2.7608512618085697e-13,0.0001796407185628742,0.0001796407176872296,0.9176761103880936,7.11779432238443e-08,7.11779432238443e-08
Molybdenum,"('ecoinvent-3.4-biosphere', '35b4d818-1019-413b-b99d-d351d8a67ac4')",Mo,5.24338069305787e-13,5.24338069305787e-13,1.0,1.6532043483883647e-13,1.6532043483883647e-13,stoichiometric,Molybdenite,1.6700000000000004,8.756445757406644e-13,1.6700000000000004,2.7608512618085697e-13,0.0001796407185628742,0.0001796407176872296,0.9176761103880936,7.11779432238443e-08,7.11779432238443e-08
Molybdenum,"('ecoinvent-3.4-biosphere', 'fdaaef05-0d10-4032-b2e7-85cae3c7bd5c')",Mo,5.24338069305787e-13,5.24338069305787e-13,1.0,1.6532043483883647e-13,1.6532043483883647e-13,stoichiometric,Molybdenite,1.6700000000000004,8.756445757406644e-13,1.6700000000000004,2.7608512618085697e-13,0.0001796407185628742,0.0001796407176872296,0.9176761103880936,7.11779432238443e-08,7.11779432238443e-08
Molybdenum,"('ecoinvent-3.4-biosphere', '640e30d2-3158-4a1a-82ef-fd0c72922c9a')",Mo,5.24338069305787e-13,5.24338069305787e-13,1.0,1.6532043483883647e-13,1.6532043483883647e-13,stoichiometric,Molybdenite,1.6700000000000004,8.756445757406644e-13,1.6700000000000004,2.7608512618085697e-13,0.0001796407185628742,0.0001796407176872296,0.9176761103880936,7.11779432238443e-08,7.11779432238443e-08
Molybdenum,"('ecoinvent-3.4-biosphere', '163926e2-b4cc-42bb-ba7d-401028140985')",Mo,5.24338069305787e-13,5.24338069305787e-13,1.0,1.6532043483883647e-13,1.6532043483883647e-13,stoichiometric,Molybdenite,1.6700000000000004,8.756445757406644e-13,1.6700000000000004,2.7608512618085697e-13,0.0001796407185628742,0.0001796407176872296,0.9176761103880936,7.11779432238443e-08,7.11779432238443e-08
Molybdenum,"('ecoinvent-3.4-biosphere', 'c126f8a0-6bc4-42e6-9220-d6ccfef3f2ed')",Mo,5.24338069305787e-13,5.24338069305787e-13,1.0,1.6532043483883647e-13,1.6532043483883647e-13,stoichiometric,Molybdenite,1.6700000000000004,8.756445757406644e-13,1.6700000000000004,2.7608512618085697e-13,0.0001796407185628742,0.0001796407176872296,0.9176761103880936,7.11779432238443e-08,7.11779432238443e-08
Molybdenum,"('ecoinvent-3.4-biosphere', '1f3c2297-d652-468d-82e8-4fd59bf5b5b8')",Mo,5.24338069305787e-13,5.24338069305787e-13,1.0,1.6532043483883647e-13,1.6532043483883647e-13,stoichiometric,Molybdenite,1.6700000000000004,8.756445757406644e-13,1.6700000000000004,2.7608512618085697e-13,0.0001796407185628742,0.0001796407176872296,0.9176761103880936,7.11779432238443e-08,7.11779432238443e-08
Molybdenum,"('ecoinvent-3.4-biosphere', '8b531ec0-ca7a-49cd-bef0-56f110112f34')",Mo,5.24338069305787e-13,5.24338069305787e-13,1.0,1.6532043483883647e-13,1.6532043483883647e-13,stoichiometric,Molybdenite,1.6700000000000004,8.756445757406644e-13,1.6700000000000004,2.7608512618085697e-13,0.0001796407185628742,0.0001796407176872296,0.9176761103880936,7.11779432238443e-08,7.11779432238443e-08
Molybdenum,"('ecoinvent-3.4-biosphere', 'c26d4716-ce1e-43da-a662-cd9498b1e8bc')",Mo,5.24338069305787e-13,5.24338069305787e-13,1.0,1.6532043483883647e-13,1.6532043483883647e-13,stoichiometric,Molybdenite,1.6700000000000004,8.756445757406644e-13,1.6700000000000004,2.7608512618085697e-13,0.0001796407185628742,0.0001796407176872296,0.9176761103880936,7.11779432238443e-08,7.11779432238443e-08
Molybdenum,"('ecoinvent-3.4-biosphere', '3822809c-cc03-469d-ac2a-9f85842f8440')",Mo,5.24338069305787e-13,5.24338069305787e-13,1.0,1.6532043483883647e-13,1.6532043483883647e-13,stoichiometric,Molybdenite,1.6700000000000004,8.756445757406644e-13,1.6700000000000004,2.7608512618085697e-13,0.0001796407185628742,0.0001796407176872296,0.9176761103880936,7.11779432238443e-08,7.11779432238443e-08
Glyphosate,"('ecoinvent-3.4-biosphere', 'bd02a7ec-dcb5-4609-bc96-cc7a96601ce2')",P,4.465498590702825e-13,4.465498590702825e-13,0.1832022239309162,3.1095584453067654e-15,3.1095584453067654e-15,stoichiometric,Apatite,0.3532544378698225,1.5774571944672113e-13,0.06471699863121715,1.0984653206202006e-15,0.04784087102177553,0.047840871021617784,0.9,2.6543283838231695e-13,2.6543283838231695e-13
Glyphosate,"('ecoinvent-3.4-biosphere', 'b4f9a201-2a20-4f41-a572-eabc98c75e1b')",P,4.465498590702825e-13,4.465498590702825e-13,0.1832022239309162,3.1095584453067654e-15,3.1095584453067654e-15,stoichiometric,Apatite,0.3532544378698225,1.5774571944672113e-13,0.06471699863121715,1.0984653206202006e-15,0.04784087102177553,0.047840871021617784,0.9,2.6543283838231695e-13,2.6543283838231695e-13
Glyphosate,"('ecoinvent-3.4-biosphere', 'e157e3dd-88b9-4256-ab2e-ff82e7b8d088')",P,4.465498590702825e-13,4.465498590702825e-13,0.1832022239309162,3.1095584453067654e-15,3.1095584453067654e-15,stoichiometric,Apatite,0.3532544378698225,1.5774571944672113e-13,0.06471699863121715,1.0984653206202006e-15,0.04784087102177553,0.047840871021617784,0.9,2.6543283838231695e-13,2.6543283838231695e-13
Glyphosate,"('ecoinvent-3.4-biosphere', '3850d44e-8919-47bc-9c0a-51ccc4ec9d9f')",P,4.465498590702825e-13,4.465498590702825e-13,0.1832022239309162,3.1095584453067654e-15,3.1095584453067654e-15,stoichiometric,Apatite,0.3532544378698225,1.5774571944672113e-13,0.06471699863121715,1.0984653206202006e-15,0.04784087102177553,0.047840871021617784,0.9,2.6543283838231695e-13,2.6543283838231695e-13
Glyphosate,"('ecoinvent-3.4-biosphere', '17955b10-4c04-4fff-91e7-cf89ef1a7cca')",P,4.465498590702825e-13,4.465498590702825e-13,0.1832022239309162,3.1095584453067654e-15,3.1095584453067654e-15,stoichiometric,Apatite,0.3532544378698225,1.5774571944672113e-13,0.06471699863121715,1.0984653206202006e-15,0.04784087102177553,0.047840871021617784,0.9,2.6543283838231695e-13,2.6543283838231695e-13
Antimony,"('ecoinvent-3.4-biosphere', '43b29ad9-26dd-4838-b931-6216e55a0120')",Sb,4.3940348577303406e-13,4.3940348577303406e-13,1.0,2.1834077210692158e-11,2.1834077210692158e-11,stoichiometric,Stibnite,1.3941798941798942,6.126075052973253e-13,1.3941798941798942,3.0440631455118433e-11,0.02711271347248577,0.027112713471873162,0.9,7.575964627079197e-12,7.575964627079197e-12
Antimony,"('ecoinvent-3.4-biosphere', 'fa39136e-1ef6-43c1-af68-104da104568d')",Sb,4.3940348577303406e-13,4.3940348577303406e-13,1.0,2.1834077210692158e-11,2.1834077210692158e-11,stoichiometric,Stibnite,1.3941798941798942,6.126075052973253e-13,1.3941798941798942,3.0440631455118433e-11,0.02711271347248577,0.027112713471873162,0.9,7.575964627079197e-12,7.575964627079197e-12
Antimony,"('ecoinvent-3.4-biosphere', '2b2369a4-26bb-4b18-8479-752fdf7a5e7f')",Sb,4.3940348577303406e-13,4.3940348577303406e-13,1.0,2.1834077210692158e-11,2.1834077210692158e-11,stoichiometric,Stibnite,1.3941798941798942,6.126075052973253e-13,1.3941798941798942,3.0440631455118433e-11,0.02711271347248577,0.027112713471873162,0.9,7.575964627079197e-12,7.575964627079197e-12
Antimony,"('ecoinvent-3.4-biosphere', 'c49fb4cd-eed0-4438-9052-9612473cdbae')",Sb,4.3940348577303406e-13,4.3940348577303406e-13,1.0,2.1834077210692158e-11,2.1834077210692158e-11,stoichiometric,Stibnite,1.3941798941798942,6.126075052973253e-13,1.3941798941798942,3.0440631455118433e-11,0.02711271347248577,0.027112713471873162,0.9,7.575964627079197e-12,7.575964627079197e-12
Antimony,"('ecoinvent-3.4-biosphere', '5df5cb9f-812c-4ce8-ab1c-df6ab4d31900')",Sb,4.3940348577303406e-13,4.3940348577303406e-13,1.0,2.1834077210692158e-11,2.1834077210692158e-11,stoichiometric,Stibnite,1.3941798941798942,6.126075052973253e-13,1.3941798941798942,3.0440631455118433e-11,0.02711271347248577,0.027112713471873162,0.9,7.575964627079197e-12,7.575964627079197e-12
Antimony,"('ecoinvent-3.4-biosphere', 'b2dc8668-86de-4207-b20e-dc81dea63c98')",Sb,4.3940348577303406e-13,4.3940348577303406e-13,1.0,2.1834077210692158e-11,2.1834077210692158e-11,stoichiometric,Stibnite,1.3941798941798942,6.126075052973253e-13,1.3941798941798942,3.0440631455118433e-11,0.02711271347248577,0.027112713471873162,0.9,7.575964627079197e-12,7.575964627079197e-12
Antimony,"('ecoinvent-3.4-biosphere', 'f4cf8d5c-f030-4b55-a3af-e3c20b855ee8')",Sb,4.3940348577303406e-13,4.3940348577303406e-13,1.0,2.1834077210692158e-11,2.1834077210692158e-11,stoichiometric,Stibnite,1.3941798941798942,6.126075052973253e-13,1.3941798941798942,3.0440631455118433e-11,0.02711271347248577,0.027112713471873162,0.9,7.575964627079197e-12,7.575964627079197e-12
Antimony,"('ecoinvent-3.4-biosphere', '7805afa2-d93b-40bb-b841-325b98aec824')",Sb,4.3940348577303406e-13,4.3940348577303406e-13,1.0,2.1834077210692158e-11,2.1834077210692158e-11,stoichiometric,Stibnite,1.3941798941798942,6.126075052973253e-13,1.3941798941798942,3.0440631455118433e-11,0.02711271347248577,0.027112713471873162,0.9,7.575964627079197e-12,7.575964627079197e-12
Antimony,"('ecoinvent-3.4-biosphere', '183f9856-03ab-464d-9366-8ef62077b510')",Sb,4.3940348577303406e-13,4.3940348577303406e-13,1.0,2.1834077210692158e-11,2.1834077210692158e-11,stoichiometric,Stibnite,1.3941798941798942,6.126075052973253e-13,1.3941798941798942,3.0440631455118433e-11,0.02711271347248577,0.027112713471873162,0.9,7.575964627079197e-12,7.575964627079197e-12
Antimony,"('ecoinvent-3.4-biosphere', '83cf77ca-867b-4eef-b0f0-78d71b3d91d5')",Sb,4.3940348577303406e-13,4.3940348577303406e-13,1.0,2.1834077210692158e-11,2.1834077210692158e-11,stoichiometric,Stibnite,1.3941798941798942,6.126075052973253e-13,1.3941798941798942,3.0440631455118433e-11,0.02711271347248577,0.027112713471873162,0.9,7.575964627079197e-12,7.575964627079197e-12
Antimony,"('ecoinvent-3.4-biosphere', '34b96163-a3df-4bc1-8224-e2a9fe01b23f')",Sb,4.3940348577303406e-13,4.3940348577303406e-13,1.0,2.1834077210692158e-11,2.1834077210692158e-11,stoichiometric,Stibnite,1.3941798941798942,6.126075052973253e-13,1.3941798941798942,3.0440631455118433e-11,0.02711271347248577,0.027112713471873162,0.9,7.575964627079197e-12,7.575964627079197e-12
Antimony,"('ecoinvent-3.4-biosphere', '3ea5684a-6d64-4f96-8c09-1d90f997c9d4')",Sb,4.3940348577303406e-13,4.3940348577303406e-13,1.0,2.1834077210692158e-11,2.1834077210692158e-11,stoichiometric,Stibnite,1.3941798941798942,6.126075052973253e-13,1.3941798941798942,3.0440631455118433e-11,0.02711271347248577,0.027112713471873162,0.9,7.575964627079197e-12,7.575964627079197e-12
Antimony,"('ecoinvent-3.4-biosphere', '49803ad0-9ca2-4507-a5ea-f152d16c929d')",Sb,4.3940348577303406e-13,4.3940348577303406e-13,1.0,2.1834077210692158e-11,2.1834077210692158e-11,stoichiometric,Stibnite,1.3941798941798942,6.126075052973253e-13,1.3941798941798942,3.0440631455118433e-11,0.02711271347248577,0.027112713471873162,0.9,7.575964627079197e-12,7.575964627079197e-12
Antimony,"('ecoinvent-3.4-biosphere', '77927dac-dea3-429d-a434-d5a71d92c4f7')",Sb,4.3940348577303406e-13,4.3940348577303406e-13,1.0,2.1834077210692158e-11,2.1834077210692158e-11,stoichiometric,Stibnite,1.3941798941798942,6.126075052973253e-13,1.3941798941798942,3.0440631455118433e-11,0.02711271347248577,0.027112713471873162,0.9,7.575964627079197e-12,7.575964627079197e-12
"Silver, ion","('ecoinvent-3.4-biosphere', '6aa8673f-f7e3-4270-93dc-e97b745fced7')",Ag,4.1167056685127403e-13,4.1167056685127403e-13,1.0,1.5701960660375504e-13,1.5701960660375504e-13,stoichiometric,Argentite,1.1478494623655913,4.725358388319731e-13,1.1478494623655913,1.8023487102097688e-13,3.240843091334895e-06,3.240842618799056e-06,0.9,1.4071610262959481e-05,1.4071610262959481e-05
"Silver, ion","('ecoinvent-3.4-biosphere', '21c257b2-57ce-4a6e-b4bd-40f0f75f310f')",Ag,4.1167056685127403e-13,4.1167056685127403e-13,1.0,1.5701960660375504e-13,1.5701960660375504e-13,stoichiometric,Argentite,1.1478494623655913,4.725358388319731e-13,1.1478494623655913,1.8023487102097688e-13,3.240843091334895e-06,3.240842618799056e-06,0.9,1.4071610262959481e-05,1.4071610262959481e-05
"Silver, ion","('ecoinvent-3.4-biosphere', 'af9793ba-25a1-4928-a14a-4bcf7d5bd3f7')",Ag,4.1167056685127403e-13,4.1167056685127403e-13,1.0,1.5701960660375504e-13,1.5701960660375504e-13,stoichiometric,Argentite,1.1478494623655913,4.725358388319731e-13,1.1478494623655913,1.8023487102097688e-13,3.240843091334895e-06,3.240842618799056e-06,0.9,1.4071610262959481e-05,1.4071610262959481e-05
"Silver, ion","('ecoinvent-3.4-biosphere', '94426df9-63b1-4dc6-ad1b-3509e22f1154')",Ag,4.1167056685127403e-13,4.1167056685127403e-13,1.0,1.5701960660375504e-13,1.5701960660375504e-13,stoichiometric,Argentite,1.1478494623655913,4.725358388319731e-13,1.1478494623655913,1.8023487102097688e-13,3.240843091334895e-06,3.240842618799056e-06,0.9,1.4071610262959481e-05,1.4071610262959481e-05
"Silver, ion","('ecoinvent-3.4-biosphere', '71cfe87c-ab80-421e-adba-afb7d5bd0861')",Ag,4.1167056685127403e-13,4.1167056685127403e-13,1.0,1.5701960660375504e-13,1.5701960660375504e-13,stoichiometric,Argentite,1.1478494623655913,4.725358388319731e-13,1.1478494623655913,1.8023487102097688e-13,3.240843091334895e-06,3.240842618799056e-06,0.9,1.4071610262959481e-05,1.4071610262959481e-05
"Lithium, ion","('ecoinvent-3.4-biosphere', '09cf7c11-0269-4fc1-a5f3-47121a7882d3')",Li,3.458860644108684e-13,3.458860644108684e-13,1.0,1.5184934529957733e-13,1.5184934529957733e-13,stoichiometric,Spodumene,26.800000000000004,9.269746526211274e-12,26.800000000000004,4.069562454028673e-12,0.0011194029850746267,0.0011194029758048803,0.95,1.3653888959871953e-08,1.3653888959871953e-08
"Lithium, ion","('ecoinvent-3.4-biosphere', 'cf88e72e-13bc-416c-ac41-7d4b24bda86a')",Li,3.458860644108684e-13,3.458860644108684e-13,1.0,1.5184934529957733e-13,1.5184934529957733e-13,stoichiometric,Spodumene,26.800000000000004,9.269746526211274e-12,26.800000000000004,4.069562454028673e-12,0.0011194029850746267,0.0011194029758048803,0.95,1.3653888959871953e-08,1.3653888959871953e-08
"Lithium, ion","('ecoinvent-3.4-biosphere', 'e98084d6-88a2-48cf-9ad5-6462fe9cf857')",Li,3.458860644108684e-13,3.458860644108684e-13,1.0,1.5184934529957733e-13,1.5184934529957733e-13,stoichiometric,Spodumene,26.800000000000004,9.269746526211274e-12,26.800000000000004,4.069562454028673e-12,0.0011194029850746267,0.0011194029758048803,0.95,1.3653888959871953e-08,1.3653888959871953e-08
"Lithium, ion","('ecoinvent-3.4-biosphere', 'c44b0e3b-e65e-4276-aa1f-3db768757b66')",Li,3.458860644108684e-13,3.458860644108684e-13,1.0,1.5184934529957733e-13,1.5184934529957733e-13,stoichiometric,Spodumene,26.800000000000004,9.269746526211274e-12,26.800000000000004,4.069562454028673e-12,0.0011194029850746267,0.0011194029758048803,0.95,1.3653888959871953e-08,1.3653888959871953e-08
"Lithium, ion","('ecoinvent-3.4-biosphere', 'eb2bfdf1-1881-40e8-bebb-d674b2a79149')",Li,3.458860644108684e-13,3.458860644108684e-13,1.0,1.5184934529957733e-13,1.5184934529957733e-13,stoichiometric,Spodumene,26.800000000000004,9.269746526211274e-12,26.800000000000004,4.069562454028673e-12,0.0011194029850746267,0.0011194029758048803,0.95,1.3653888959871953e-08,1.3653888959871953e-08
Phosphorus,"('ecoinvent-3.4-biosphere', 'b6e2f7f4-6b2e-4b3e-be1f-67626cb8205d')",P,3.2413696439163966e-13,3.2413696439163966e-13,1.0,1.6973366253890836e-14,1.6973366253890836e-14,stoichiometric,Apatite,0.3532544378698225,1.1450282114899935e-13,0.3532544378698225,5.995916954776823e-15,0.04784087102177553,0.04784087102166103,0.9,1.9261741170389991e-13,1.9261741170389991e-13
Phosphorus,"('ecoinvent-3.4-biosphere', 'ea4e9316-5080-4b3b-bbf3-1949f6d7577a')",P,3.2413696439163966e-13,3.2413696439163966e-13,1.0,1.6973366253890836e-14,1.6973366253890836e-14,stoichiometric,Apatite,0.3532544378698225,1.1450282114899935e-13,0.3532544378698225,5.995916954776823e-15,0.04784087102177553,0.04784087102166103,0.9,1.9261741170389991e-13,1.9261741170389991e-13
Phosphorus,"('ecoinvent-3.4-biosphere', '76b09afe-52b9-4ecc-b97a-00b49ad8ed1a')",P,3.2413696439163966e-13,3.2413696439163966e-13,1.0,1.6973366253890836e-14,1.6973366253890836e-14,stoichiometric,Apatite,0.3532544378698225,1.1450282114899935e-13,0.3532544378698225,5.995916954776823e-15,0.04784087102177553,0.04784087102166103,0.9,1.9261741170389991e-13,1.9261741170389991e-13
Phosphorus,"('ecoinvent-3.4-biosphere', 'b1fca66f-8e83-469a-a7b5-018e14d5d545')",P,3.2413696439163966e-13,3.2413696439163966e-13,1.0,1.6973366253890836e-14,1.6973366253890836e-14,stoichiometric,Apatite,0.3532544378698225,1.1450282114899935e-13,0.3532544378698225,5.995916954776823e-15,0.04784087102177553,0.04784087102166103,0.9,1.9261741170389991e-13,1.9261741170389991e-13
Phosphorus,"('ecoinvent-3.4-biosphere', 'f5e7e615-4160-4df9-b39b-7463eaed77c7')",P,3.2413696439163966e-13,3.2413696439163966e-13,1.0,1.6973366253890836e-14,1.6973366253890836e-14,stoichiometric,Apatite,0.3532544378698225,1.1450282114899935e-13,0.3532544378698225,5.995916954776823e-15,0.04784087102177553,0.04784087102166103,0.9,1.9261741170389991e-13,1.9261741170389991e-13
Phosphorus,"('ecoinvent-3.4-biosphere', 'c89a0749-40a5-4c9c-8770-c4295ea34977')",P,3.2413696439163966e-13,3.2413696439163966e-13,1.0,1.6973366253890836e-14,1.6973366253890836e-14,stoichiometric,Apatite,0.3532544378698225,1.1450282114899935e-13,0.3532544378698225,5.995916954776823e-15,0.04784087102177553,0.04784087102166103,0.9,1.9261741170389991e-13,1.9261741170389991e-13
Phosphorus,"('ecoinvent-3.4-biosphere', '8b0a4a41-c65c-4d94-b10c-94ddb98abdd2')",P,3.2413696439163966e-13,3.2413696439163966e-13,1.0,1.6973366253890836e-14,1.6973366253890836e-14,stoichiometric,Apatite,0.3532544378698225,1.1450282114899935e-13,0.3532544378698225,5.995916954776823e-15,0.04784087102177553,0.04784087102166103,0.9,1.9261741170389991e-13,1.9261741170389991e-13
Phosphorus,"('ecoinvent-3.4-biosphere', '2d4b8ec1-8d53-4e62-8a11-ebc45909b02e')",P,3.2413696439163966e-13,3.2413696439163966e-13,1.0,1.6973366253890836e-14,1.6973366253890836e-14,stoichiometric,Apatite,0.3532544378698225,1.1450282114899935e-13,0.3532544378698225,5.995916954776823e-15,0.04784087102177553,0.04784087102166103,0.9,1.9261741170389991e-13,1.9261741170389991e-13
Phosphorus,"('ecoinvent-3.4-biosphere', 'b2631209-8374-431e-b7d5-56c96c6b6d79')",P,3.2413696439163966e-13,3.2413696439163966e-13,1.0,1.6973366253890836e-14,1.6973366253890836e-14,stoichiometric,Apatite,0.3532544378698225,1.1450282114899935e-13,0.3532544378698225,5.995916954776823e-15,0.04784087102177553,0.04784087102166103,0.9,1.9261741170389991e-13,1.9261741170389991e-13
Phosphorus,"('ecoinvent-3.4-biosphere', '2f8952b0-c90c-4e3d-b546-52b862fc8f11')",P,3.2413696439163966e-13,3.2413696439163966e-13,1.0,1.6973366253890836e-14,1.6973366253890836e-14,stoichiometric,Apatite,0.3532544378698225,1.1450282114899935e-13,0.3532544378698225,5.995916954776823e-15,0.04784087102177553,0.04784087102166103,0.9,1.9261741170389991e-13,1.9261741170389991e-13
Phosphorus,"('ecoinvent-3.4-biosphere', '198ce8e3-f05a-4bec-9f7f-325347453326')",P,3.2413696439163966e-13,3.2413696439163966e-13,1.0,1.6973366253890836e-14,1.6973366253890836e-14,stoichiometric,Apatite,0.3532544378698225,1.1450282114899935e-13,0.3532544378698225,5.995916954776823e-15,0.04784087102177553,0.04784087102166103,0.9,1.9261741170389991e-13,1.9261741170389991e-13
Phosphorus,"('ecoinvent-3.4-biosphere', '62f3d964-9b53-4d01-9ee0-04112dcfc6d2')",P,3.2413696439163966e-13,3.2413696439163966e-13,1.0,1.6973366253890836e-14,1.6973366253890836e-14,stoichiometric,Apatite,0.3532544378698225,1.1450282114899935e-13,0.3532544378698225,5.995916954776823e-15,0.04784087102177553,0.04784087102166103,0.9,1.9261741170389991e-13,1.9261741170389991e-13
Phosphorus,"('ecoinvent-3.4-biosphere', 'e2d35af7-9806-46ff-9b75-b124a48fa5a1')",P,3.2413696439163966e-13,3.2413696439163966e-13,1.0,1.6973366253890836e-14,1.6973366253890836e-14,stoichiometric,Apatite,0.3532544378698225,1.1450282114899935e-13,0.3532544378698225,5.995916954776823e-15,0.04784087102177553,0.04784087102166103,0.9,1.9261741170389991e-13,1.9261741170389991e-13
Phosphorus,"('ecoinvent-3.4-biosphere', 'd761f94e-517d-41cf-89fa-17dc72f7a69b')",P,3.2413696439163966e-13,3.2413696439163966e-13,1.0,1.6973366253890836e-14,1.6973366253890836e-14,stoichiometric,Apatite,0.3532544378698225,1.1450282114899935e-13,0.3532544378698225,5.995916954776823e-15,0.04784087102177553,0.04784087102166103,0.9,1.9261741170389991e-13,1.9261741170389991e-13
Phosphorus,"('ecoinvent-3.4-biosphere', 'b6e2f7f4-6b2e-4b3e-be1f-67626cb8205d')",P,3.235533280882856e-13,3.235533280882856e-13,1.0,1.6973366253890836e-14,1.6973366253890836e-14,stoichiometric,Apatite,0.3532544378698225,1.142966490347376e-13,0.3532544378698225,5.995916954776823e-15,0.04784087102177553,0.047840871021661235,0.9,1.9234263650888697e-13,1.9234263650888697e-13
Phosphorus,"('ecoinvent-3.4-biosphere', 'ea4e9316-5080-4b3b-bbf3-1949f6d7577a')",P,3.235533280882856e-13,3.235533280882856e-13,1.0,1.6973366253890836e-14,1.6973366253890836e-14,stoichiometric,Apatite,0.3532544378698225,1.142966490347376e-13,0.3532544378698225,5.995916954776823e-15,0.04784087102177553,0.047840871021661235,0.9,1.9234263650888697e-13,1.9234263650888697e-13
Phosphorus,"('ecoinvent-3.4-biosphere', '76b09afe-52b9-4ecc-b97a-00b49ad8ed1a')",P,3.235533280882856e-13,3.235533280882856e-13,1.0,1.6973366253890836e-14,1.6973366253890836e-14,stoichiometric,Apatite,0.3532544378698225,1.142966490347376e-13,0.3532544378698225,5.995916954776823e-15,0.04784087102177553,0.047840871021661235,0.9,1.9234263650888697e-13,1.9234263650888697e-13
Phosphorus,"('ecoinvent-3.4-biosphere', 'b1fca66f-8e83-469a-a7b5-018e14d5d545')",P,3.235533280882856e-13,3.235533280882856e-13,1.0,1.6973366253890836e-14,1.6973366253890836e-14,stoichiometric,Apatite,0.3532544378698225,1.142966490347376e-13,0.3532544378698225,5.995916954776823e-15,0.04784087102177553,0.047840871021661235,0.9,1.9234263650888697e-13,1.9234263650888697e-13
Phosphorus,"('ecoinvent-3.4-biosphere', 'f5e7e615-4160-4df9-b39b-7463eaed77c7')",P,3.235533280882856e-13,3.235533280882856e-13,1.0,1.6973366253890836e-14,1.6973366253890836e-14,stoichiometric,Apatite,0.3532544378698225,1.142966490347376e-13,0.3532544378698225,5.995916954776823e-15,0.04784087102177553,0.047840871021661235,0.9,1.9234263650888697e-13,1.9234263650888697e-13
Phosphorus,"('ecoinvent-3.4-biosphere', 'c89a0749-40a5-4c9c-8770-c4295ea34977')",P,3.235533280882856e-13,3.235533280882856e-13,1.0,1.6973366253890836e-14,1.6973366253890836e-14,stoichiometric,Apatite,0.3532544378698225,1.142966490347376e-13,0.3532544378698225,5.995916954776823e-15,0.04784087102177553,0.047840871021661235,0.9,1.9234263650888697e-13,1.9234263650888697e-13
Phosphorus,"('ecoinvent-3.4-biosphere', '8b0a4a41-c65c-4d94-b10c-94ddb98abdd2')",P,3.235533280882856e-13,3.235533280882856e-13,1.0,1.6973366253890836e-14,1.6973366253890836e-14,stoichiometric,Apatite,0.3532544378698225,1.142966490347376e-13,0.3532544378698225,5.995916954776823e-15,0.04784087102177553,0.047840871021661235,0.9,1.9234263650888697e-13,1.9234263650888697e-13
Phosphorus,"('ecoinvent-3.4-biosphere', '2d4b8ec1-8d53-4e62-8a11-ebc45909b02e')",P,3.235533280882856e-13,3.235533280882856e-13,1.0,1.6973366253890836e-14,1.6973366253890836e-14,stoichiometric,Apatite,0.3532544378698225,1.142966490347376e-13,0.3532544378698225,5.995916954776823e-15,0.04784087102177553,0.047840871021661235,0.9,1.9234263650888697e-13,1.9234263650888697e-13
Phosphorus,"('ecoinvent-3.4-biosphere', 'b2631209-8374-431e-b7d5-56c96c6b6d79')",P,3.235533280882856e-13,3.235533280882856e-13,1.0,1.6973366253890836e-14,1.6973366253890836e-14,stoichiometric,Apatite,0.3532544378698225,1.142966490347376e-13,0.3532544378698225,5.995916954776823e-15,0.04784087102177553,0.047840871021661235,0.9,1.9234263650888697e-13,1.9234263650888697e-13
Phosphorus,"('ecoinvent-3.4-biosphere', '2f8952b0-c90c-4e3d-b546-52b862fc8f11')",P,3.235533280882856e-13,3.235533280882856e-13,1.0,1.6973366253890836e-14,1.6973366253890836e-14,stoichiometric,Apatite,0.3532544378698225,1.142966490347376e-13,0.3532544378698225,5.995916954776823e-15,0.04784087102177553,0.047840871021661235,0.9,1.9234263650888697e-13,1.9234263650888697e-13
Phosphorus,"('ecoinvent-3.4-biosphere', '198ce8e3-f05a-4bec-9f7f-325347453326')",P,3.235533280882856e-13,3.235533280882856e-13,1.0,1.6973366253890836e-14,1.6973366253890836e-14,stoichiometric,Apatite,0.3532544378698225,1.142966490347376e-13,0.3532544378698225,5.995916954776823e-15,0.04784087102177553,0.047840871021661235,0.9,1.9234263650888697e-13,1.9234263650888697e-13
Phosphorus,"('ecoinvent-3.4-biosphere', '62f3d964-9b53-4d01-9ee0-04112dcfc6d2')",P,3.235533280882856e-13,3.235533280882856e-13,1.0,1.6973366253890836e-14,1.6973366253890836e-14,stoichiometric,Apatite,0.3532544378698225,1.142966490347376e-13,0.3532544378698225,5.995916954776823e-15,0.04784087102177553,0.047840871021661235,0.9,1.9234263650888697e-13,1.9234263650888697e-13
Phosphorus,"('ecoinvent-3.4-biosphere', 'e2d35af7-9806-46ff-9b75-b124a48fa5a1')",P,3.235533280882856e-13,3.235533280882856e-13,1.0,1.6973366253890836e-14,1.6973366253890836e-14,stoichiometric,Apatite,0.3532544378698225,1.142966490347376e-13,0.3532544378698225,5.995916954776823e-15,0.04784087102177553,0.047840871021661235,0.9,1.9234263650888697e-13,1.9234263650888697e-13
Phosphorus,"('ecoinvent-3.4-biosphere', 'd761f94e-517d-41cf-89fa-17dc72f7a69b')",P,3.235533280882856e-13,3.235533280882856e-13,1.0,1.6973366253890836e-14,1.6973366253890836e-14,stoichiometric,Apatite,0.3532544378698225,1.142966490347376e-13,0.3532544378698225,5.995916954776823e-15,0.04784087102177553,0.047840871021661235,0.9,1.9234263650888697e-13,1.9234263650888697e-13
Glyphosate,"('ecoinvent-3.4-biosphere', 'bd02a7ec-dcb5-4609-bc96-cc7a96601ce2')",P,2.5629272535908546e-13,2.5629272535908546e-13,0.1832022239309162,3.1095584453067654e-15,3.1095584453067654e-15,stoichiometric,Apatite,0.3532544378698225,9.053654262684854e-14,0.06471699863121715,1.0984653206202006e-15,0.04784087102177553,0.047840871021684994,0.9,1.522804130760194e-13,1.522804130760194e-13
Glyphosate,"('ecoinvent-3.4-biosphere', 'b4f9a201-2a20-4f41-a572-eabc98c75e1b')",P,2.5629272535908546e-13,2.5629272535908546e-13,0.1832022239309162,3.1095584453067654e-15,3.1095584453067654e-15,stoichiometric,Apatite,0.3532544378698225,9.053654262684854e-14,0.06471699863121715,1.0984653206202006e-15,0.04784087102177553,0.047840871021684994,0.9,1.522804130760194e-13,1.522804130760194e-13
Glyphosate,"('ecoinvent-3.4-biosphere', 'e157e3dd-88b9-4256-ab2e-ff82e7b8d088')",P,2.5629272535908546e-13,2.5629272535908546e-13,0.1832022239309162,3.1095584453067654e-15,3.1095584453067654e-15,stoichiometric,Apatite,0.3532544378698225,9.053654262684854e-14,0.06471699863121715,1.0984653206202006e-15,0.04784087102177553,0.047840871021684994,0.9,1.522804130760194e-13,1.522804130760194e-13
Glyphosate,"('ecoinvent-3.4-biosphere', '3850d44e-8919-47bc-9c0a-51ccc4ec9d9f')",P,2.5629272535908546e-13,2.5629272535908546e-13,0.1832022239309162,3.1095584453067654e-15,3.1095584453067654e-15,stoichiometric,Apatite,0.3532544378698225,9.053654262684854e-14,0.06471699863121715,1.0984653206202006e-15,0.04784087102177553,0.047840871021684994,0.9,1.522804130760194e-13,1.522804130760194e-13
Glyphosate,"('ecoinvent-3.4-biosphere', '17955b10-4c04-4fff-91e7-cf89ef1a7cca')",P,2.5629272535908546e-13,2.5629272535908546e-13,0.1832022239309162,3.1095584453067654e-15,3.1095584453067654e-15,stoichiometric,Apatite,0.3532544378698225,9.053654262684854e-14,0.06471699863121715,1.0984653206202006e-15,0.04784087102177553,0.047840871021684994,0.9,1.522804130760194e-13,1.522804130760194e-13
Lithium,"('ecoinvent-3.4-biosphere', '4569494e-085e-413a-8fef-63a3c419e0cf')",Li,2.237579983232634e-13,2.237579983232634e-13,1.0,1.5184934529957733e-13,1.5184934529957733e-13,stoichiometric,Spodumene,26.800000000000004,5.99671435506346e-12,26.800000000000004,4.069562454028673e-12,0.0011194029850746267,0.0011194029790779123,0.95,8.83275823340056e-09,8.83275823340056e-09
Lithium,"('ecoinvent-3.4-biosphere', '6230c099-a983-4d9d-98a8-a0697962bec3')",Li,2.237579983232634e-13,2.237579983232634e-13,1.0,1.5184934529957733e-13,1.5184934529957733e-13,stoichiometric,Spodumene,26.800000000000004,5.99671435506346e-12,26.800000000000004,4.069562454028673e-12,0.0011194029850746267,0.0011194029790779123,0.95,8.83275823340056e-09,8.83275823340056e-09
Lithium,"('ecoinvent-3.4-biosphere', '85466e0f-e5b5-4084-9338-59e317f7cb09')",Li,2.237579983232634e-13,2.237579983232634e-13,1.0,1.5184934529957733e-13,1.5184934529957733e-13,stoichiometric,Spodumene,26.800000000000004,5.99671435506346e-12,26.800000000000004,4.069562454028673e-12,0.0011194029850746267,0.0011194029790779123,0.95,8.83275823340056e-09,8.83275823340056e-09
Lithium,"('ecoinvent-3.4-biosphere', '4569494e-085e-413a-8fef-63a3c419e0cf')",Li,2.237579983232634e-13,2.237579983232634e-13,1.0,1.5184934529957733e-13,1.5184934529957733e-13,stoichiometric,Spodumene,26.800000000000004,5.99671435506346e-12,26.800000000000004,4.069562454028673e-12,0.0011194029850746267,0.0011194029790779123,0.95,8.83275823340056e-09,8.83275823340056e-09
Lithium,"('ecoinvent-3.4-biosphere', '6230c099-a983-4d9d-98a8-a0697962bec3')",Li,2.237579983232634e-13,2.237579983232634e-13,1.0,1.5184934529957733e-13,1.5184934529957733e-13,stoichiometric,Spodumene,26.800000000000004,5.99671435506346e-12,26.800000000000004,4.069562454028673e-12,0.0011194029850746267,0.0011194029790779123,0.95,8.83275823340056e-09,8.83275823340056e-09
Lithium,"('ecoinvent-3.4-biosphere', '85466e0f-e5b5-4084-9338-59e317f7cb09')",Li,2.237579983232634e-13,2.237579983232634e-13,1.0,1.5184934529957733e-13,1.5184934529957733e-13,stoichiometric,Spodumene,26.800000000000004,5.99671435506346e-12,26.800000000000004,4.069562454028673e-12,0.0011194029850746267,0.0011194029790779123,0.95,8.83275823340056e-09,8.83275823340056e-09
Tin,"('ecoinvent-3.4-biosphere', '85a764f2-a810-4b20-bc86-a45604262fda')",Sn,1.85918297244212e-13,1.85918297244212e-13,1.0,1.3268575464212294e-13,1.3268575464212294e-13,stoichiometric,Cassiterite,1.26875,2.35883839628594e-13,1.26875,1.6834505120219348e-13,0.003783251231527093,0.0037832512312912093,0.8632947389802966,1.5563999134226701e-10,1.5563999134226701e-10
Tin,"('ecoinvent-3.4-biosphere', '8a422b03-1055-4bc8-b439-27bf8d7eef57')",Sn,1.85918297244212e-13,1.85918297244212e-13,1.0,1.3268575464212294e-13,1.3268575464212294e-13,stoichiometric,Cassiterite,1.26875,2.35883839628594e-13,1.26875,1.6834505120219348e-13,0.003783251231527093,0.0037832512312912093,0.8632947389802966,1.5563999134226701e-10,1.5563999134226701e-10
Tin,"('ecoinvent-3.4-biosphere', '168c970b-91c9-4427-a3a0-6686ad6cc2c4')",Sn,1.85918297244212e-13,1.85918297244212e-13,1.0,1.3268575464212294e-13,1.3268575464212294e-13,stoichiometric,Cassiterite,1.26875,2.35883839628594e-13,1.26875,1.6834505120219348e-13,0.003783251231527093,0.0037832512312912093,0.8632947389802966,1.5563999134226701e-10,1.5563999134226701e-10
Tin,"('ecoinvent-3.4-biosphere', '19b6e569-85a4-4ea9-a590-d61a21e3c846')",Sn,1.85918297244212e-13,1.85918297244212e-13,1.0,1.3268575464212294e-13,1.3268575464212294e-13,stoichiometric,Cassiterite,1.26875,2.35883839628594e-13,1.26875,1.6834505120219348e-13,0.003783251231527093,0.0037832512312912093,0.8632947389802966,1.5563999134226701e-10,1.5563999134226701e-10
Tin,"('ecoinvent-3.4-biosphere', 'c67e3ba8-ddce-4931-b4b0-f4f9a56ccf40')",Sn,1.85918297244212e-13,1.85918297244212e-13,1.0,1.3268575464212294e-13,1.3268575464212294e-13,stoichiometric,Cassiterite,1.26875,2.35883839628594e-13,1.26875,1.6834505120219348e-13,0.003783251231527093,0.0037832512312912093,0.8632947389802966,1.5563999134226701e-10,1.5563999134226701e-10
Tin,"('ecoinvent-3.4-biosphere', '2a7b68ff-f12a-44c6-8b31-71ec91d29889')",Sn,1.85918297244212e-13,1.85918297244212e-13,1.0,1.3268575464212294e-13,1.3268575464212294e-13,stoichiometric,Cassiterite,1.26875,2.35883839628594e-13,1.26875,1.6834505120219348e-13,0.003783251231527093,0.0037832512312912093,0.8632947389802966,1.5563999134226701e-10,1.5563999134226701e-10
Tin,"('ecoinvent-3.4-biosphere', '6366d4ec-5ffc-4488-be51-0c239cdf535d')",Sn,1.85918297244212e-13,1.85918297244212e-13,1.0,1.3268575464212294e-13,1.3268575464212294e-13,stoichiometric,Cassiterite,1.26875,2.35883839628594e-13,1.26875,1.6834505120219348e-13,0.003783251231527093,0.0037832512312912093,0.8632947389802966,1.5563999134226701e-10,1.5563999134226701e-10
Tin,"('ecoinvent-3.4-biosphere', 'e070bd24-fd16-4963-8f4d-78bb4c402400')",Sn,1.85918297244212e-13,1.85918297244212e-13,1.0,1.3268575464212294e-13,1.3268575464212294e-13,stoichiometric,Cassiterite,1.26875,2.35883839628594e-13,1.26875,1.6834505120219348e-13,0.003783251231527093,0.0037832512312912093,0.8632947389802966,1.5563999134226701e-10,1.5563999134226701e-10
Tin,"('ecoinvent-3.4-biosphere', 'f563b90e-a300-4403-b278-d2fdcd73e5a7')",Sn,1.85918297244212e-13,1.85918297244212e-13,1.0,1.3268575464212294e-13,1.3268575464212294e-13,stoichiometric,Cassiterite,1.26875,2.35883839628594e-13,1.26875,1.6834505120219348e-13,0.003783251231527093,0.0037832512312912093,0.8632947389802966,1.5563999134226701e-10,1.5563999134226701e-10
Copper,"('ecoinvent-3.4-biosphere', '7e66a41c-d311-4949-bdd8-eef09cdcfa47')",Cu,1.0738558467141468e-13,1.0738558467141468e-13,1.0,1.231243333335009e-14,1.231243333335009e-14,stoichiometric,Chalcopyrite,2.8793103448275863,3.09196424829763e-13,2.8793103448275863,3.545131666671491e-14,0.00201437125748503,0.0020143712571758336,0.8086409056778144,8.216771034239763e-10,8.216771034239763e-10
Copper,"('ecoinvent-3.4-biosphere', 'e336eee7-148a-4d1c-8027-780cbfafa12b')",Cu,1.0738558467141468e-13,1.0738558467141468e-13,1.0,1.231243333335009e-14,1.231243333335009e-14,stoichiometric,Chalcopyrite,2.8793103448275863,3.09196424829763e-13,2.8793103448275863,3.545131666671491e-14,0.00201437125748503,0.0020143712571758336,0.8086409056778144,8.216771034239763e-10,8.216771034239763e-10
Copper,"('ecoinvent-3.4-biosphere', '44d3e792-7c9e-48ab-9de9-acfa2e097f26')",Cu,1.0738558467141468e-13,1.0738558467141468e-13,1.0,1.231243333335009e-14,1.231243333335009e-14,stoichiometric,Chalcopyrite,2.8793103448275863,3.09196424829763e-13,2.8793103448275863,3.545131666671491e-14,0.00201437125748503,0.0020143712571758336,0.8086409056778144,8.216771034239763e-10,8.216771034239763e-10
Copper,"('ecoinvent-3.4-biosphere', '88cde01c-df69-40bb-9b14-6eac71bea5b8')",Cu,1.0738558467141468e-13,1.0738558467141468e-13,1.0,1.231243333335009e-14,1.231243333335009e-14,stoichiometric,Chalcopyrite,2.8793103448275863,3.09196424829763e-13,2.8793103448275863,3.545131666671491e-14,0.00201437125748503,0.0020143712571758336,0.8086409056778144,8.216771034239763e-10,8.216771034239763e-10
Copper,"('ecoinvent-3.4-biosphere', 'ec8144d6-d123-43b1-9c17-a295422a0498')",Cu,1.0738558467141468e-13,1.0738558467141468e-13,1.0,1.231243333335009e-14,1.231243333335009e-14,stoichiometric,Chalcopyrite,2.8793103448275863,3.09196424829763e-13,2.8793103448275863,3.545131666671491e-14,0.00201437125748503,0.0020143712571758336,0.8086409056778144,8.216771034239763e-10,8.216771034239763e-10
Copper,"('ecoinvent-3.4-biosphere', 'fd153f15-1d16-410a-91fa-04d205e36c43')",Cu,1.0738558467141468e-13,1.0738558467141468e-13,1.0,1.231243333335009e-14,1.231243333335009e-14,stoichiometric,Chalcopyrite,2.8793103448275863,3.09196424829763e-13,2.8793103448275863,3.545131666671491e-14,0.00201437125748503,0.0020143712571758336,0.8086409056778144,8.216771034239763e-10,8.216771034239763e-10
Copper,"('ecoinvent-3.4-biosphere', '3573a5af-88f8-4f74-ade7-cd269cbc4e66')",Cu,1.0738558467141468e-13,1.0738558467141468e-13,1.0,1.231243333335009e-14,1.231243333335009e-14,stoichiometric,Chalcopyrite,2.8793103448275863,3.09196424829763e-13,2.8793103448275863,3.545131666671491e-14,0.00201437125748503,0.0020143712571758336,0.8086409056778144,8.216771034239763e-10,8.216771034239763e-10
Copper,"('ecoinvent-3.4-biosphere', '237ca6bc-2f0a-4416-a0e3-bd512f038f2e')",Cu,1.0738558467141468e-13,1.0738558467141468e-13,1.0,1.231243333335009e-14,1.231243333335009e-14,stoichiometric,Chalcopyrite,2.8793103448275863,3.09196424829763e-13,2.8793103448275863,3.545131666671491e-14,0.00201437125748503,0.0020143712571758336,0.8086409056778144,8.216771034239763e-10,8.216771034239763e-10
Copper,"('ecoinvent-3.4-biosphere', '0a5e8a67-f9ae-48b3-bfa7-e9d37c30a191')",Cu,1.0738558467141468e-13,1.0738558467141468e-13,1.0,1.231243333335009e-14,1.231243333335009e-14,stoichiometric,Chalcopyrite,2.8793103448275863,3.09196424829763e-13,2.8793103448275863,3.545131666671491e-14,0.00201437125748503,0.0020143712571758336,0.8086409056778144,8.216771034239763e-10,8.216771034239763e-10
Chromium VI,"('ecoinvent-3.4-biosphere', '81b3321a-c9d8-4104-a974-5460f1bc5029')",Cr,9.735757625761597e-14,9.735757625761597e-14,1.0,3.1278613038877847e-13,3.1278613038877847e-13,stoichiometric,Chromite,2.152027027027027,2.0951613539223439e-13,2.152027027027027,6.73124206275851e-13,0.13754474097331237,0.13754474097310285,0.81,5.673953521710594e-14,5.673953521710594e-14
Chromium VI,"('ecoinvent-3.4-biosphere', '7a59e8d5-cd11-4ee7-b1ca-30979d2b0b3a')",Cr,9.735757625761597e-14,9.735757625761597e-14,1.0,3.1278613038877847e-13,3.1278613038877847e-13,stoichiometric,Chromite,2.152027027027027,2.0951613539223439e-13,2.152027027027027,6.73124206275851e-13,0.13754474097331237,0.13754474097310285,0.81,5.673953521710594e-14,5.673953521710594e-14
Chromium VI,"('ecoinvent-3.4-biosphere', '81e17d9a-3e0b-414e-9b2e-eca7e5b3bd4a')",Cr,9.735757625761597e-14,9.735757625761597e-14,1.0,3.1278613038877847e-13,3.1278613038877847e-13,stoichiometric,Chromite,2.152027027027027,2.0951613539223439e-13,2.152027027027027,6.73124206275851e-13,0.13754474097331237,0.13754474097310285,0.81,5.673953521710594e-14,5.673953521710594e-14
Chromium VI,"('ecoinvent-3.4-biosphere', '68ba2022-830e-45fb-8c85-b35e94754ae9')",Cr,9.735757625761597e-14,9.735757625761597e-14,1.0,3.1278613038877847e-13,3.1278613038877847e-13,stoichiometric,Chromite,2.152027027027027,2.0951613539223439e-13,2.152027027027027,6.73124206275851e-13,0.13754474097331237,0.13754474097310285,0.81,5.673953521710594e-14,5.673953521710594e-14
Chromium VI,"('ecoinvent-3.4-biosphere', '8ec83662-7c2b-4452-8acf-95a0bb94233c')",Cr,9.735757625761597e-14,9.735757625761597e-14,1.0,3.1278613038877847e-13,3.1278613038877847e-13,stoichiometric,Chromite,2.152027027027027,2.0951613539223439e-13,2.152027027027027,6.73124206275851e-13,0.13754474097331237,0.13754474097310285,0.81,5.673953521710594e-14,5.673953521710594e-14
Chromium VI,"('ecoinvent-3.4-biosphere', 'a9ec0c9b-982a-4329-99ae-dab1f9fb62d3')",Cr,9.735757625761597e-14,9.735757625761597e-14,1.0,3.1278613038877847e-13,3.1278613038877847e-13,stoichiometric,Chromite,2.152027027027027,2.0951613539223439e-13,2.152027027027027,6.73124206275851e-13,0.13754474097331237,0.13754474097310285,0.81,5.673953521710594e-14,5.673953521710594e-14
Chromium VI,"('ecoinvent-3.4-biosphere', '8216fc31-15a1-4d33-858f-e09650b14c63')",Cr,9.735757625761597e-14,9.735757625761597e-14,1.0,3.1278613038877847e-13,3.1278613038877847e-13,stoichiometric,Chromite,2.152027027027027,2.0951613539223439e-13,2.152027027027027,6.73124206275851e-13,0.13754474097331237,0.13754474097310285,0.81,5.673953521710594e-14,5.673953521710594e-14
Chromium VI,"('ecoinvent-3.4-biosphere', 'c2e854f9-fe22-4fe7-9083-cf6d0a8c7254')",Cr,9.735757625761597e-14,9.735757625761597e-14,1.0,3.1278613038877847e-13,3.1278613038877847e-13,stoichiometric,Chromite,2.152027027027027,2.0951613539223439e-13,2.152027027027027,6.73124206275851e-13,0.13754474097331237,0.13754474097310285,0.81,5.673953521710594e-14,5.673953521710594e-14
Chromium VI,"('ecoinvent-3.4-biosphere', 'ef475b50-9cd0-4e7c-9c59-07868fe16e91')",Cr,9.735757625761597e-14,9.735757625761597e-14,1.0,3.1278613038877847e-13,3.1278613038877847e-13,stoichiometric,Chromite,2.152027027027027,2.0951613539223439e-13,2.152027027027027,6.73124206275851e-13,0.13754474097331237,0.13754474097310285,0.81,5.673953521710594e-14,5.673953521710594e-14
Chromium VI,"('ecoinvent-3.4-biosphere', '03b279a7-4626-4703-a451-d0650599dbd9')",Cr,9.735757625761597e-14,9.735757625761597e-14,1.0,3.1278613038877847e-13,3.1278613038877847e-13,stoichiometric,Chromite,2.152027027027027,2.0951613539223439e-13,2.152027027027027,6.73124206275851e-13,0.13754474097331237,0.13754474097310285,0.81,5.673953521710594e-14,5.673953521710594e-14
Chromium VI,"('ecoinvent-3.4-biosphere', '01285299-c683-4e15-b654-201987a7a738')",Cr,9.735757625761597e-14,9.735757625761597e-14,1.0,3.1278613038877847e-13,3.1278613038877847e-13,stoichiometric,Chromite,2.152027027027027,2.0951613539223439e-13,2.152027027027027,6.73124206275851e-13,0.13754474097331237,0.13754474097310285,0.81,5.673953521710594e-14,5.673953521710594e-14
Chromium VI,"('ecoinvent-3.4-biosphere', 'abbd3b09-a7ec-435a-9d01-34cf8581739e')",Cr,9.735757625761597e-14,9.735757625761597e-14,1.0,3.1278613038877847e-13,3.1278613038877847e-13,stoichiometric,Chromite,2.152027027027027,2.0951613539223439e-13,2.152027027027027,6.73124206275851e-13,0.13754474097331237,0.13754474097310285,0.81,5.673953521710594e-14,5.673953521710594e-14
Chromium VI,"('ecoinvent-3.4-biosphere', '9bbae55a-35de-4eff-a219-814a9fec5ac2')",Cr,9.735757625761597e-14,9.735757625761597e-14,1.0,3.1278613038877847e-13,3.1278613038877847e-13,stoichiometric,Chromite,2.152027027027027,2.0951613539223439e-13,2.152027027027027,6.73124206275851e-13,0.13754474097331237,0.13754474097310285,0.81,5.673953521710594e-14,5.673953521710594e-14
Chromium VI,"('ecoinvent-3.4-biosphere', '58060894-19d9-4855-84d8-58935a5325f8')",Cr,9.735757625761597e-14,9.735757625761597e-14,1.0,3.1278613038877847e-13,3.1278613038877847e-13,stoichiometric,Chromite,2.152027027027027,2.0951613539223439e-13,2.152027027027027,6.73124206275851e-13,0.13754474097331237,0.13754474097310285,0.81,5.673953521710594e-14,5.673953521710594e-14
Chlorpyrifos methyl,"('ecoinvent-3.4-biosphere', '2b3cf153-0dd6-4b79-b0d4-b4df832f3a7e')",P,8.901176562296316e-14,8.901176562296316e-14,0.09604341085271317,1.6301799886760147e-15,1.6301799886760147e-15,stoichiometric,Apatite,0.3532544378698225,3.1443801228940246e-14,0.03392776111187561,5.758683155263792e-16,0.04784087102177553,0.047840871021744086,0.9,5.292170255942508e-14,5.292170255942508e-14
Uranium,"('ecoinvent-3.4-biosphere', '55fb6174-72e0-4a5e-9eb5-8d5780acffd1')",U,7.498012311457417e-14,7.498012311457417e-14,1.0,9.154438878304105e-12,9.154438878304105e-12,stoichiometric,Uraninite,0.954954954954955,7.160264009139515e-14,0.954954954954955,8.742076766668785e-12,0.0034870754716981134,0.003487075471626511,0.75,6.580632363798171e-10,6.580632363798171e-10
Uranium,"('ecoinvent-3.4-biosphere', '2e518059-747c-4ff1-8da3-17134c547ac2')",U,7.498012311457417e-14,7.498012311457417e-14,1.0,9.154438878304105e-12,9.154438878304105e-12,stoichiometric,Uraninite,0.954954954954955,7.160264009139515e-14,0.954954954954955,8.742076766668785e-12,0.0034870754716981134,0.003487075471626511,0.75,6.580632363798171e-10,6.580632363798171e-10
Uranium,"('ecoinvent-3.4-biosphere', '595f08d9-6304-497e-bb7d-48b6d2d8bff3')",U,7.498012311457417e-14,7.498012311457417e-14,1.0,9.154438878304105e-12,9.154438878304105e-12,stoichiometric,Uraninite,0.954954954954955,7.160264009139515e-14,0.954954954954955,8.742076766668785e-12,0.0034870754716981134,0.003487075471626511,0.75,6.580632363798171e-10,6.580632363798171e-10
Uranium,"('ecoinvent-3.4-biosphere', '52317c31-7bdc-47de-9c23-ecf55127de75')",U,7.498012311457417e-14,7.498012311457417e-14,1.0,9.154438878304105e-12,9.154438878304105e-12,stoichiometric,Uraninite,0.954954954954955,7.160264009139515e-14,0.954954954954955,8.742076766668785e-12,0.0034870754716981134,0.003487075471626511,0.75,6.580632363798171e-10,6.580632363798171e-10
Uranium,"('ecoinvent-3.4-biosphere', '347de5bf-3551-4022-8371-258e830b5a09')",U,7.498012311457417e-14,7.498012311457417e-14,1.0,9.154438878304105e-12,9.154438878304105e-12,stoichiometric,Uraninite,0.954954954954955,7.160264009139515e-14,0.954954954954955,8.742076766668785e-12,0.0034870754716981134,0.003487075471626511,0.75,6.580632363798171e-10,6.580632363798171e-10
Dichromate,"('ecoinvent-3.4-biosphere', 'b6ecaa32-6ab5-4060-b641-45a2bf7beded')",Cr,3.277625039876359e-14,3.277625039876359e-14,0.48146673457104494,1.5059611681739826e-13,1.5059611681739826e-13,stoichiometric,Chromite,2.152027027027027,7.053537670274463e-14,1.0361294254113367,3.2408691355636045e-13,0.13754474097331237,0.13754474097324185,0.81,1.909887876998356e-14,1.909887876998356e-14
Dichromate,"('ecoinvent-3.4-biosphere', '1ad3b0dc-fce4-416b-9851-f29d12cce55a')",Cr,3.277625039876359e-14,3.277625039876359e-14,0.48146673457104494,1.5059611681739826e-13,1.5059611681739826e-13,stoichiometric,Chromite,2.152027027027027,7.053537670274463e-14,1.0361294254113367,3.2408691355636045e-13,0.13754474097331237,0.13754474097324185,0.81,1.909887876998356e-14,1.909887876998356e-14
Dichromate,"('ecoinvent-3.4-biosphere', 'd26099e9-c6bc-4d7f-a0bd-29c884965ba5')",Cr,3.277625039876359e-14,3.277625039876359e-14,0.48146673457104494,1.5059611681739826e-13,1.5059611681739826e-13,stoichiometric,Chromite,2.152027027027027,7.053537670274463e-14,1.0361294254113367,3.2408691355636045e-13,0.13754474097331237,0.13754474097324185,0.81,1.909887876998356e-14,1.909887876998356e-14
Dichromate,"('ecoinvent-3.4-biosphere', '3b8a6f65-384b-4086-a817-b0c77555b78a')",Cr,3.277625039876359e-14,3.277625039876359e-14,0.48146673457104494,1.5059611681739826e-13,1.5059611681739826e-13,stoichiometric,Chromite,2.152027027027027,7.053537670274463e-14,1.0361294254113367,3.2408691355636045e-13,0.13754474097331237,0.13754474097324185,0.81,1.909887876998356e-14,1.909887876998356e-14
Dichromate,"('ecoinvent-3.4-biosphere', 'ff5b7e31-3118-40f5-9b82-f65018442d77')",Cr,3.277625039876359e-14,3.277625039876359e-14,0.48146673457104494,1.5059611681739826e-13,1.5059611681739826e-13,stoichiometric,Chromite,2.152027027027027,7.053537670274463e-14,1.0361294254113367,3.2408691355636045e-13,0.13754474097331237,0.13754474097324185,0.81,1.909887876998356e-14,1.909887876998356e-14
Sodium dichromate,"('ecoinvent-3.4-biosphere', 'a57bf693-7ffa-409d-919c-c806e34a4c67')",Cr,2.839684650258497e-14,2.839684650258497e-14,0.39696148413940524,1.2416404653735104e-13,1.2416404653735104e-13,stoichiometric,Chromite,2.152027027027027,6.111078115590077e-14,0.8542718425567607,2.67204383933421e-13,0.13754474097331237,0.13754474097325126,0.81,1.6555591172205113e-14,1.6555591172205113e-14
Sodium dichromate,"('ecoinvent-3.4-biosphere', 'f714e13b-86ef-4cd2-8248-2495f1a2d2e4')",Cr,2.839684650258497e-14,2.839684650258497e-14,0.39696148413940524,1.2416404653735104e-13,1.2416404653735104e-13,stoichiometric,Chromite,2.152027027027027,6.111078115590077e-14,0.8542718425567607,2.67204383933421e-13,0.13754474097331237,0.13754474097325126,0.81,1.6555591172205113e-14,1.6555591172205113e-14
Sodium dichromate,"('ecoinvent-3.4-biosphere', '64a408f9-a93b-47c8-863e-3e239fb1b118')",Cr,2.839684650258497e-14,2.839684650258497e-14,0.39696148413940524,1.2416404653735104e-13,1.2416404653735104e-13,stoichiometric,Chromite,2.152027027027027,6.111078115590077e-14,0.8542718425567607,2.67204383933421e-13,0.13754474097331237,0.13754474097325126,0.81,1.6555591172205113e-14,1.6555591172205113e-14
Sodium dichromate,"('ecoinvent-3.4-biosphere', '7a63162b-4ffe-447f-ba52-782d5548b774')",Cr,2.839684650258497e-14,2.839684650258497e-14,0.39696148413940524,1.2416404653735104e-13,1.2416404653735104e-13,stoichiometric,Chromite,2.152027027027027,6.111078115590077e-14,0.8542718425567607,2.67204383933421e-13,0.13754474097331237,0.13754474097325126,0.81,1.6555591172205113e-14,1.6555591172205113e-14
Sodium dichromate,"('ecoinvent-3.4-biosphere', '4c0af94e-e0d5-4409-9ec4-ac501a99aabd')",Cr,2.839684650258497e-14,2.839684650258497e-14,0.39696148413940524,1.2416404653735104e-13,1.2416404653735104e-13,stoichiometric,Chromite,2.152027027027027,6.111078115590077e-14,0.8542718425567607,2.67204383933421e-13,0.13754474097331237,0.13754474097325126,0.81,1.6555591172205113e-14,1.6555591172205113e-14
Monocrotophos,"('ecoinvent-3.4-biosphere', '33456751-d78b-465d-8635-52d71e77cf54')",P,2.657206827175126e-14,2.657206827175126e-14,0.13879727549740098,2.355856992059575e-15,2.355856992059575e-15,stoichiometric,Apatite,0.3532544378698225,9.386701040376038e-15,0.04903075353369728,8.322169374316962e-16,0.04784087102177553,0.047840871021766145,0.9,1.5882006271726164e-14,1.5882006271726164e-14
Silver,"('ecoinvent-3.4-biosphere', '35df5fe0-c90d-43b4-a35a-3d97022114d2')",Ag,1.9974390484814248e-14,1.9974390484814248e-14,1.0,1.5701960660375504e-13,1.5701960660375504e-13,stoichiometric,Argentite,1.1478494623655913,2.2927593379074418e-14,1.1478494623655913,1.8023487102097688e-13,3.240843091334895e-06,3.2408430684073016e-06,0.9,6.811143777528223e-07,6.811143777528223e-07
Silver,"('ecoinvent-3.4-biosphere', 'ebb88ef4-50ab-4e3b-9251-c5fcdf6b4768')",Ag,1.9974390484814248e-14,1.9974390484814248e-14,1.0,1.5701960660375504e-13,1.5701960660375504e-13,stoichiometric,Argentite,1.1478494623655913,2.2927593379074418e-14,1.1478494623655913,1.8023487102097688e-13,3.240843091334895e-06,3.2408430684073016e-06,0.9,6.811143777528223e-07,6.811143777528223e-07
Silver,"('ecoinvent-3.4-biosphere', '0ed1b1a1-e56d-4860-bac7-d76a39bde930')",Ag,1.9974390484814248e-14,1.9974390484814248e-14,1.0,1.5701960660375504e-13,1.5701960660375504e-13,stoichiometric,Argentite,1.1478494623655913,2.2927593379074418e-14,1.1478494623655913,1.8023487102097688e-13,3.240843091334895e-06,3.2408430684073016e-06,0.9,6.811143777528223e-07,6.811143777528223e-07
Silver,"('ecoinvent-3.4-biosphere', '7da45a0b-0dcf-413c-8de0-44d8ebca9e6e')",Ag,1.9974390484814248e-14,1.9974390484814248e-14,1.0,1.5701960660375504e-13,1.5701960660375504e-13,stoichiometric,Argentite,1.1478494623655913,2.2927593379074418e-14,1.1478494623655913,1.8023487102097688e-13,3.240843091334895e-06,3.2408430684073016e-06,0.9,6.811143777528223e-07,6.811143777528223e-07
Silver,"('ecoinvent-3.4-biosphere', 'c6462d84-caa9-425a-a923-45238690c6f3')",Ag,1.9974390484814248e-14,1.9974390484814248e-14,1.0,1.5701960660375504e-13,1.5701960660375504e-13,stoichiometric,Argentite,1.1478494623655913,2.2927593379074418e-14,1.1478494623655913,1.8023487102097688e-13,3.240843091334895e-06,3.2408430684073016e-06,0.9,6.811143777528223e-07,6.811143777528223e-07
Silver,"('ecoinvent-3.4-biosphere', 'fce0b9ae-53c8-4ab0-9e7a-7f5c2ed2c856')",Ag,1.9974390484814248e-14,1.9974390484814248e-14,1.0,1.5701960660375504e-13,1.5701960660375504e-13,stoichiometric,Argentite,1.1478494623655913,2.2927593379074418e-14,1.1478494623655913,1.8023487102097688e-13,3.240843091334895e-06,3.2408430684073016e-06,0.9,6.811143777528223e-07,6.811143777528223e-07
Silver,"('ecoinvent-3.4-biosphere', '6e8a87bf-baea-4cd9-a967-932e750968d1')",Ag,1.9974390484814248e-14,1.9974390484814248e-14,1.0,1.5701960660375504e-13,1.5701960660375504e-13,stoichiometric,Argentite,1.1478494623655913,2.2927593379074418e-14,1.1478494623655913,1.8023487102097688e-13,3.240843091334895e-06,3.2408430684073016e-06,0.9,6.811143777528223e-07,6.811143777528223e-07
Silver,"('ecoinvent-3.4-biosphere', '16316600-f12a-410b-8726-3faee64de60a')",Ag,1.9974390484814248e-14,1.9974390484814248e-14,1.0,1.5701960660375504e-13,1.5701960660375504e-13,stoichiometric,Argentite,1.1478494623655913,2.2927593379074418e-14,1.1478494623655913,1.8023487102097688e-13,3.240843091334895e-06,3.2408430684073016e-06,0.9,6.811143777528223e-07,6.811143777528223e-07
Silver,"('ecoinvent-3.4-biosphere', '48dbf4b1-0b2a-4bf5-a190-2d7fc465bda4')",Ag,1.9974390484814248e-14,1.9974390484814248e-14,1.0,1.5701960660375504e-13,1.5701960660375504e-13,stoichiometric,Argentite,1.1478494623655913,2.2927593379074418e-14,1.1478494623655913,1.8023487102097688e-13,3.240843091334895e-06,3.2408430684073016e-06,0.9,6.811143777528223e-07,6.811143777528223e-07
Silver,"('ecoinvent-3.4-biosphere', '35df5fe0-c90d-43b4-a35a-3d97022114d2')",Ag,1.7782953806529616e-14,1.7782953806529616e-14,1.0,1.5701960660375504e-13,1.5701960660375504e-13,stoichiometric,Argentite,1.1478494623655913,2.0412153966097165e-14,1.1478494623655913,1.8023487102097688e-13,3.240843091334895e-06,3.240843070922741e-06,0.9,6.073451017633138e-07,6.073451017633138e-07
Silver,"('ecoinvent-3.4-biosphere', 'ebb88ef4-50ab-4e3b-9251-c5fcdf6b4768')",Ag,1.7782953806529616e-14,1.7782953806529616e-14,1.0,1.5701960660375504e-13,1.5701960660375504e-13,stoichiometric,Argentite,1.1478494623655913,2.0412153966097165e-14,1.1478494623655913,1.8023487102097688e-13,3.240843091334895e-06,3.240843070922741e-06,0.9,6.073451017633138e-07,6.073451017633138e-07
Silver,"('ecoinvent-3.4-biosphere', '0ed1b1a1-e56d-4860-bac7-d76a39bde930')",Ag,1.7782953806529616e-14,1.7782953806529616e-14,1.0,1.5701960660375504e-13,1.5701960660375504e-13,stoichiometric,Argentite,1.1478494623655913,2.0412153966097165e-14,1.1478494623655913,1.8023487102097688e-13,3.240843091334895e-06,3.240843070922741e-06,0.9,6.073451017633138e-07,6.073451017633138e-07
Silver,"('ecoinvent-3.4-biosphere', '7da45a0b-0dcf-413c-8de0-44d8ebca9e6e')",Ag,1.7782953806529616e-14,1.7782953806529616e-14,1.0,1.5701960660375504e-13,1.5701960660375504e-13,stoichiometric,Argentite,1.1478494623655913,2.0412153966097165e-14,1.1478494623655913,1.8023487102097688e-13,3.240843091334895e-06,3.240843070922741e-06,0.9,6.073451017633138e-07,6.073451017633138e-07
Silver,"('ecoinvent-3.4-biosphere', 'c6462d84-caa9-425a-a923-45238690c6f3')",Ag,1.7782953806529616e-14,1.7782953806529616e-14,1.0,1.5701960660375504e-13,1.5701960660375504e-13,stoichiometric,Argentite,1.1478494623655913,2.0412153966097165e-14,1.1478494623655913,1.8023487102097688e-13,3.240843091334895e-06,3.240843070922741e-06,0.9,6.073451017633138e-07,6.073451017633138e-07
Silver,"('ecoinvent-3.4-biosphere', 'fce0b9ae-53c8-4ab0-9e7a-7f5c2ed2c856')",Ag,1.7782953806529616e-14,1.7782953806529616e-14,1.0,1.5701960660375504e-13,1.5701960660375504e-13,stoichiometric,Argentite,1.1478494623655913,2.0412153966097165e-14,1.1478494623655913,1.8023487102097688e-13,3.240843091334895e-06,3.240843070922741e-06,0.9,6.073451017633138e-07,6.073451017633138e-07
Silver,"('ecoinvent-3.4-biosphere', '6e8a87bf-baea-4cd9-a967-932e750968d1')",Ag,1.7782953806529616e-14,1.7782953806529616e-14,1.0,1.5701960660375504e-13,1.5701960660375504e-13,stoichiometric,Argentite,1.1478494623655913,2.0412153966097165e-14,1.1478494623655913,1.8023487102097688e-13,3.240843091334895e-06,3.240843070922741e-06,0.9,6.073451017633138e-07,6.073451017633138e-07
Silver,"('ecoinvent-3.4-biosphere', '16316600-f12a-410b-8726-3faee64de60a')",Ag,1.7782953806529616e-14,1.7782953806529616e-14,1.0,1.5701960660375504e-13,1.5701960660375504e-13,stoichiometric,Argentite,1.1478494623655913,2.0412153966097165e-14,1.1478494623655913,1.8023487102097688e-13,3.240843091334895e-06,3.240843070922741e-06,0.9,6.073451017633138e-07,6.073451017633138e-07
Silver,"('ecoinvent-3.4-biosphere', '48dbf4b1-0b2a-4bf5-a190-2d7fc465bda4')",Ag,1.7782953806529616e-14,1.7782953806529616e-14,1.0,1.5701960660375504e-13,1.5701960660375504e-13,stoichiometric,Argentite,1.1478494623655913,2.0412153966097165e-14,1.1478494623655913,1.8023487102097688e-13,3.240843091334895e-06,3.240843070922741e-06,0.9,6.073451017633138e-07,6.073451017633138e-07
Phosphorus,"('ecoinvent-3.4-biosphere', 'b6e2f7f4-6b2e-4b3e-be1f-67626cb8205d')",P,1.4875919307819913e-14,1.4875919307819913e-14,1.0,1.6973366253890836e-14,1.6973366253890836e-14,stoichiometric,Apatite,0.3532544378698225,5.254984512880763e-15,0.3532544378698225,5.995916954776823e-15,0.04784087102177553,0.04784087102177028,0.9,8.847761279404374e-15,8.847761279404374e-15
Phosphorus,"('ecoinvent-3.4-biosphere', 'ea4e9316-5080-4b3b-bbf3-1949f6d7577a')",P,1.4875919307819913e-14,1.4875919307819913e-14,1.0,1.6973366253890836e-14,1.6973366253890836e-14,stoichiometric,Apatite,0.3532544378698225,5.254984512880763e-15,0.3532544378698225,5.995916954776823e-15,0.04784087102177553,0.04784087102177028,0.9,8.847761279404374e-15,8.847761279404374e-15
Phosphorus,"('ecoinvent-3.4-biosphere', '76b09afe-52b9-4ecc-b97a-00b49ad8ed1a')",P,1.4875919307819913e-14,1.4875919307819913e-14,1.0,1.6973366253890836e-14,1.6973366253890836e-14,stoichiometric,Apatite,0.3532544378698225,5.254984512880763e-15,0.3532544378698225,5.995916954776823e-15,0.04784087102177553,0.04784087102177028,0.9,8.847761279404374e-15,8.847761279404374e-15
Phosphorus,"('ecoinvent-3.4-biosphere', 'b1fca66f-8e83-469a-a7b5-018e14d5d545')",P,1.4875919307819913e-14,1.4875919307819913e-14,1.0,1.6973366253890836e-14,1.6973366253890836e-14,stoichiometric,Apatite,0.3532544378698225,5.254984512880763e-15,0.3532544378698225,5.995916954776823e-15,0.04784087102177553,0.04784087102177028,0.9,8.847761279404374e-15,8.847761279404374e-15
Phosphorus,"('ecoinvent-3.4-biosphere', 'f5e7e615-4160-4df9-b39b-7463eaed77c7')",P,1.4875919307819913e-14,1.4875919307819913e-14,1.0,1.6973366253890836e-14,1.6973366253890836e-14,stoichiometric,Apatite,0.3532544378698225,5.254984512880763e-15,0.3532544378698225,5.995916954776823e-15,0.04784087102177553,0.04784087102177028,0.9,8.847761279404374e-15,8.847761279404374e-15
Phosphorus,"('ecoinvent-3.4-biosphere', 'c89a0749-40a5-4c9c-8770-c4295ea34977')",P,1.4875919307819913e-14,1.4875919307819913e-14,1.0,1.6973366253890836e-14,1.6973366253890836e-14,stoichiometric,Apatite,0.3532544378698225,5.254984512880763e-15,0.3532544378698225,5.995916954776823e-15,0.04784087102177553,0.04784087102177028,0.9,8.847761279404374e-15,8.847761279404374e-15
Phosphorus,"('ecoinvent-3.4-biosphere', '8b0a4a41-c65c-4d94-b10c-94ddb98abdd2')",P,1.4875919307819913e-14,1.4875919307819913e-14,1.0,1.6973366253890836e-14,1.6973366253890836e-14,stoichiometric,Apatite,0.3532544378698225,5.254984512880763e-15,0.3532544378698225,5.995916954776823e-15,0.04784087102177553,0.04784087102177028,0.9,8.847761279404374e-15,8.847761279404374e-15
Phosphorus,"('ecoinvent-3.4-biosphere', '2d4b8ec1-8d53-4e62-8a11-ebc45909b02e')",P,1.4875919307819913e-14,1.4875919307819913e-14,1.0,1.6973366253890836e-14,1.6973366253890836e-14,stoichiometric,Apatite,0.3532544378698225,5.254984512880763e-15,0.3532544378698225,5.995916954776823e-15,0.04784087102177553,0.04784087102177028,0.9,8.847761279404374e-15,8.847761279404374e-15
Phosphorus,"('ecoinvent-3.4-biosphere', 'b2631209-8374-431e-b7d5-56c96c6b6d79')",P,1.4875919307819913e-14,1.4875919307819913e-14,1.0,1.6973366253890836e-14,1.6973366253890836e-14,stoichiometric,Apatite,0.3532544378698225,5.254984512880763e-15,0.3532544378698225,5.995916954776823e-15,0.04784087102177553,0.04784087102177028,0.9,8.847761279404374e-15,8.847761279404374e-15
Phosphorus,"('ecoinvent-3.4-biosphere', '2f8952b0-c90c-4e3d-b546-52b862fc8f11')",P,1.4875919307819913e-14,1.4875919307819913e-14,1.0,1.6973366253890836e-14,1.6973366253890836e-14,stoichiometric,Apatite,0.3532544378698225,5.254984512880763e-15,0.3532544378698225,5.995916954776823e-15,0.04784087102177553,0.04784087102177028,0.9,8.847761279404374e-15,8.847761279404374e-15
Phosphorus,"('ecoinvent-3.4-biosphere', '198ce8e3-f05a-4bec-9f7f-325347453326')",P,1.4875919307819913e-14,1.4875919307819913e-14,1.0,1.6973366253890836e-14,1.6973366253890836e-14,stoichiometric,Apatite,0.3532544378698225,5.254984512880763e-15,0.3532544378698225,5.995916954776823e-15,0.04784087102177553,0.04784087102177028,0.9,8.847761279404374e-15,8.847761279404374e-15
Phosphorus,"('ecoinvent-3.4-biosphere', '62f3d964-9b53-4d01-9ee0-04112dcfc6d2')",P,1.4875919307819913e-14,1.4875919307819913e-14,1.0,1.6973366253890836e-14,1.6973366253890836e-14,stoichiometric,Apatite,0.3532544378698225,5.254984512880763e-15,0.3532544378698225,5.995916954776823e-15,0.04784087102177553,0.04784087102177028,0.9,8.847761279404374e-15,8.847761279404374e-15
Phosphorus,"('ecoinvent-3.4-biosphere', 'e2d35af7-9806-46ff-9b75-b124a48fa5a1')",P,1.4875919307819913e-14,1.4875919307819913e-14,1.0,1.6973366253890836e-14,1.6973366253890836e-14,stoichiometric,Apatite,0.3532544378698225,5.254984512880763e-15,0.3532544378698225,5.995916954776823e-15,0.04784087102177553,0.04784087102177028,0.9,8.847761279404374e-15,8.847761279404374e-15
Phosphorus,"('ecoinvent-3.4-biosphere', 'd761f94e-517d-41cf-89fa-17dc72f7a69b')",P,1.4875919307819913e-14,1.4875919307819913e-14,1.0,1.6973366253890836e-14,1.6973366253890836e-14,stoichiometric,Apatite,0.3532544378698225,5.254984512880763e-15,0.3532544378698225,5.995916954776823e-15,0.04784087102177553,0.04784087102177028,0.9,8.847761279404374e-15,8.847761279404374e-15
Silver,"('ecoinvent-3.4-biosphere', '35df5fe0-c90d-43b4-a35a-3d97022114d2')",Ag,1.303379943855411e-14,1.303379943855411e-14,1.0,1.5701960660375504e-13,1.5701960660375504e-13,stoichiometric,Argentite,1.1478494623655913,1.496083967812528e-14,1.1478494623655913,1.8023487102097688e-13,3.240843091334895e-06,3.240843076374055e-06,0.9,4.4468492624366577e-07,4.4468492624366577e-07
Silver,"('ecoinvent-3.4-biosphere', 'ebb88ef4-50ab-4e3b-9251-c5fcdf6b4768')",Ag,1.303379943855411e-14,1.303379943855411e-14,1.0,1.5701960660375504e-13,1.5701960660375504e-13,stoichiometric,Argentite,1.1478494623655913,1.496083967812528e-14,1.1478494623655913,1.8023487102097688e-13,3.240843091334895e-06,3.240843076374055e-06,0.9,4.4468492624366577e-07,4.4468492624366577e-07
Silver,"('ecoinvent-3.4-biosphere', '0ed1b1a1-e56d-4860-bac7-d76a39bde930')",Ag,1.303379943855411e-14,1.303379943855411e-14,1.0,1.5701960660375504e-13,1.5701960660375504e-13,stoichiometric,Argentite,1.1478494623655913,1.496083967812528e-14,1.1478494623655913,1.8023487102097688e-13,3.240843091334895e-06,3.240843076374055e-06,0.9,4.4468492624366577e-07,4.4468492624366577e-07
Silver,"('ecoinvent-3.4-biosphere', '7da45a0b-0dcf-413c-8de0-44d8ebca9e6e')",Ag,1.303379943855411e-14,1.303379943855411e-14,1.0,1.5701960660375504e-13,1.5701960660375504e-13,stoichiometric,Argentite,1.1478494623655913,1.496083967812528e-14,1.1478494623655913,1.8023487102097688e-13,3.240843091334895e-06,3.240843076374055e-06,0.9,4.4468492624366577e-07,4.4468492624366577e-07
Silver,"('ecoinvent-3.4-biosphere', 'c6462d84-caa9-425a-a923-45238690c6f3')",Ag,1.303379943855411e-14,1.303379943855411e-14,1.0,1.5701960660375504e-13,1.5701960660375504e-13,stoichiometric,Argentite,1.1478494623655913,1.496083967812528e-14,1.1478494623655913,1.8023487102097688e-13,3.240843091334895e-06,3.240843076374055e-06,0.9,4.4468492624366577e-07,4.4468492624366577e-07
Silver,"('ecoinvent-3.4-biosphere', 'fce0b9ae-53c8-4ab0-9e7a-7f5c2ed2c856')",Ag,1.303379943855411e-14,1.303379943855411e-14,1.0,1.5701960660375504e-13,1.5701960660375504e-13,stoichiometric,Argentite,1.1478494623655913,1.496083967812528e-14,1.1478494623655913,1.8023487102097688e-13,3.240843091334895e-06,3.240843076374055e-06,0.9,4.4468492624366577e-07,4.4468492624366577e-07
Silver,"('ecoinvent-3.4-biosphere', '6e8a87bf-baea-4cd9-a967-932e750968d1')",Ag,1.303379943855411e-14,1.303379943855411e-14,1.0,1.5701960660375504e-13,1.5701960660375504e-13,stoichiometric,Argentite,1.1478494623655913,1.496083967812528e-14,1.1478494623655913,1.8023487102097688e-13,3.240843091334895e-06,3.240843076374055e-06,0.9,4.4468492624366577e-07,4.4468492624366577e-07
Silver,"('ecoinvent-3.4-biosphere', '16316600-f12a-410b-8726-3faee64de60a')",Ag,1.303379943855411e-14,1.303379943855411e-14,1.0,1.5701960660375504e-13,1.5701960660375504e-13,stoichiometric,Argentite,1.1478494623655913,1.496083967812528e-14,1.1478494623655913,1.8023487102097688e-13,3.240843091334895e-06,3.240843076374055e-06,0.9,4.4468492624366577e-07,4.4468492624366577e-07
Silver,"('ecoinvent-3.4-biosphere', '48dbf4b1-0b2a-4bf5-a190-2d7fc465bda4')",Ag,1.303379943855411e-14,1.303379943855411e-14,1.0,1.5701960660375504e-13,1.5701960660375504e-13,stoichiometric,Argentite,1.1478494623655913,1.496083967812528e-14,1.1478494623655913,1.8023487102097688e-13,3.240843091334895e-06,3.240843076374055e-06,0.9,4.4468492624366577e-07,4.4468492624366577e-07
Uranium,"('ecoinvent-3.4-biosphere', '55fb6174-72e0-4a5e-9eb5-8d5780acffd1')",U,1.151529331225747e-14,1.151529331225747e-14,1.0,9.154438878304105e-12,9.154438878304105e-12,stoichiometric,Uraninite,0.954954954954955,1.0996586406299927e-14,0.954954954954955,8.742076766668785e-12,0.0034870754716981134,0.003487075471687117,0.75,1.0107170632873203e-10,1.0107170632873203e-10
Uranium,"('ecoinvent-3.4-biosphere', '2e518059-747c-4ff1-8da3-17134c547ac2')",U,1.151529331225747e-14,1.151529331225747e-14,1.0,9.154438878304105e-12,9.154438878304105e-12,stoichiometric,Uraninite,0.954954954954955,1.0996586406299927e-14,0.954954954954955,8.742076766668785e-12,0.0034870754716981134,0.003487075471687117,0.75,1.0107170632873203e-10,1.0107170632873203e-10
Uranium,"('ecoinvent-3.4-biosphere', '595f08d9-6304-497e-bb7d-48b6d2d8bff3')",U,1.151529331225747e-14,1.151529331225747e-14,1.0,9.154438878304105e-12,9.154438878304105e-12,stoichiometric,Uraninite,0.954954954954955,1.0996586406299927e-14,0.954954954954955,8.742076766668785e-12,0.0034870754716981134,0.003487075471687117,0.75,1.0107170632873203e-10,1.0107170632873203e-10
Uranium,"('ecoinvent-3.4-biosphere', '52317c31-7bdc-47de-9c23-ecf55127de75')",U,1.151529331225747e-14,1.151529331225747e-14,1.0,9.154438878304105e-12,9.154438878304105e-12,stoichiometric,Uraninite,0.954954954954955,1.0996586406299927e-14,0.954954954954955,8.742076766668785e-12,0.0034870754716981134,0.003487075471687117,0.75,1.0107170632873203e-10,1.0107170632873203e-10
Uranium,"('ecoinvent-3.4-biosphere', '347de5bf-3551-4022-8371-258e830b5a09')",U,1.151529331225747e-14,1.151529331225747e-14,1.0,9.154438878304105e-12,9.154438878304105e-12,stoichiometric,Uraninite,0.954954954954955,1.0996586406299927e-14,0.954954954954955,8.742076766668785e-12,0.0034870754716981134,0.003487075471687117,0.75,1.0107170632873203e-10,1.0107170632873203e-10
Silver,"('ecoinvent-3.4-biosphere', '35df5fe0-c90d-43b4-a35a-3d97022114d2')",Ag,1.0035052268490149e-14,1.0035052268490149e-14,1.0,1.5701960660375504e-13,1.5701960660375504e-13,stoichiometric,Argentite,1.1478494623655913,1.1518729351197025e-14,1.1478494623655913,1.8023487102097688e-13,3.240843091334895e-06,3.2408430798161654e-06,0.9,3.4217546170269775e-07,3.4217546170269775e-07
Silver,"('ecoinvent-3.4-biosphere', 'ebb88ef4-50ab-4e3b-9251-c5fcdf6b4768')",Ag,1.0035052268490149e-14,1.0035052268490149e-14,1.0,1.5701960660375504e-13,1.5701960660375504e-13,stoichiometric,Argentite,1.1478494623655913,1.1518729351197025e-14,1.1478494623655913,1.8023487102097688e-13,3.240843091334895e-06,3.2408430798161654e-06,0.9,3.4217546170269775e-07,3.4217546170269775e-07
Silver,"('ecoinvent-3.4-biosphere', '0ed1b1a1-e56d-4860-bac7-d76a39bde930')",Ag,1.0035052268490149e-14,1.0035052268490149e-14,1.0,1.5701960660375504e-13,1.5701960660375504e-13,stoichiometric,Argentite,1.1478494623655913,1.1518729351197025e-14,1.1478494623655913,1.8023487102097688e-13,3.240843091334895e-06,3.2408430798161654e-06,0.9,3.4217546170269775e-07,3.4217546170269775e-07
Silver,"('ecoinvent-3.4-biosphere', '7da45a0b-0dcf-413c-8de0-44d8ebca9e6e')",Ag,1.0035052268490149e-14,1.0035052268490149e-14,1.0,1.5701960660375504e-13,1.5701960660375504e-13,stoichiometric,Argentite,1.1478494623655913,1.1518729351197025e-14,1.1478494623655913,1.8023487102097688e-13,3.240843091334895e-06,3.2408430798161654e-06,0.9,3.4217546170269775e-07,3.4217546170269775e-07
Silver,"('ecoinvent-3.4-biosphere', 'c6462d84-caa9-425a-a923-45238690c6f3')",Ag,1.0035052268490149e-14,1.0035052268490149e-14,1.0,1.5701960660375504e-13,1.5701960660375504e-13,stoichiometric,Argentite,1.1478494623655913,1.1518729351197025e-14,1.1478494623655913,1.8023487102097688e-13,3.240843091334895e-06,3.2408430798161654e-06,0.9,3.4217546170269775e-07,3.4217546170269775e-07
Silver,"('ecoinvent-3.4-biosphere', 'fce0b9ae-53c8-4ab0-9e7a-7f5c2ed2c856')",Ag,1.0035052268490149e-14,1.0035052268490149e-14,1.0,1.5701960660375504e-13,1.5701960660375504e-13,stoichiometric,Argentite,1.1478494623655913,1.1518729351197025e-14,1.1478494623655913,1.8023487102097688e-13,3.240843091334895e-06,3.2408430798161654e-06,0.9,3.4217546170269775e-07,3.4217546170269775e-07
Silver,"('ecoinvent-3.4-biosphere', '6e8a87bf-baea-4cd9-a967-932e750968d1')",Ag,1.0035052268490149e-14,1.0035052268490149e-14,1.0,1.5701960660375504e-13,1.5701960660375504e-13,stoichiometric,Argentite,1.1478494623655913,1.1518729351197025e-14,1.1478494623655913,1.8023487102097688e-13,3.240843091334895e-06,3.2408430798161654e-06,0.9,3.4217546170269775e-07,3.4217546170269775e-07
Silver,"('ecoinvent-3.4-biosphere', '16316600-f12a-410b-8726-3faee64de60a')",Ag,1.0035052268490149e-14,1.0035052268490149e-14,1.0,1.5701960660375504e-13,1.5701960660375504e-13,stoichiometric,Argentite,1.1478494623655913,1.1518729351197025e-14,1.1478494623655913,1.8023487102097688e-13,3.240843091334895e-06,3.2408430798161654e-06,0.9,3.4217546170269775e-07,3.4217546170269775e-07
Silver,"('ecoinvent-3.4-biosphere', '48dbf4b1-0b2a-4bf5-a190-2d7fc465bda4')",Ag,1.0035052268490149e-14,1.0035052268490149e-14,1.0,1.5701960660375504e-13,1.5701960660375504e-13,stoichiometric,Argentite,1.1478494623655913,1.1518729351197025e-14,1.1478494623655913,1.8023487102097688e-13,3.240843091334895e-06,3.2408430798161654e-06,0.9,3.4217546170269775e-07,3.4217546170269775e-07
Chlorpyrifos,"('ecoinvent-3.4-biosphere', '0822b867-9dca-4d5a-93c3-319d39b592cd')",P,8.057493495280226e-15,8.057493495280226e-15,0.08834569309754706,1.4995238058985018e-15,1.4995238058985018e-15,stoichiometric,Apatite,0.3532544378698225,2.8463453353149676e-15,0.031208508153393846,5.297134391250921e-16,0.04784087102177553,0.04784087102177269,0.9,4.8360434322209706e-15,4.8360434322209706e-15
Chlorpyrifos,"('ecoinvent-3.4-biosphere', '736923cd-6eb7-4896-98f8-46951d56da97')",P,8.057493495280226e-15,8.057493495280226e-15,0.08834569309754706,1.4995238058985018e-15,1.4995238058985018e-15,stoichiometric,Apatite,0.3532544378698225,2.8463453353149676e-15,0.031208508153393846,5.297134391250921e-16,0.04784087102177553,0.04784087102177269,0.9,4.8360434322209706e-15,4.8360434322209706e-15
Acephate,"('ecoinvent-3.4-biosphere', '73a06727-fec3-4d8d-8de5-ef1a0cc2c280')",P,5.691541870186292e-15,5.691541870186292e-15,0.1690997434077633,2.870191878298929e-15,2.870191878298929e-15,stoichiometric,Apatite,0.3532544378698225,2.010562423965217e-15,0.05973523480144065,1.0139080185470183e-15,0.04784087102177553,0.04784087102177352,0.9,3.297302340150651e-15,3.297302340150651e-15
Acephate,"('ecoinvent-3.4-biosphere', 'cdcdbfc9-3d5f-4e78-8033-8dbecbb2cfec')",P,5.691541870186292e-15,5.691541870186292e-15,0.1690997434077633,2.870191878298929e-15,2.870191878298929e-15,stoichiometric,Apatite,0.3532544378698225,2.010562423965217e-15,0.05973523480144065,1.0139080185470183e-15,0.04784087102177553,0.04784087102177352,0.9,3.297302340150651e-15,3.297302340150651e-15
Ethephon,"('ecoinvent-3.4-biosphere', '876d4bb6-badc-4d04-a193-71b68e908737')",P,2.845979728250745e-15,2.845979728250745e-15,0.2143677763167001,3.638542780455497e-15,3.638542780455497e-15,stoichiometric,Apatite,0.3532544378698225,1.0053549690921272e-15,0.07572636832015975,1.2853313845751076e-15,0.04784087102177553,0.04784087102177453,0.9,1.6486511700753173e-15,1.6486511700753173e-15
Ethephon,"('ecoinvent-3.4-biosphere', '0ba582f8-3360-441a-a93c-ea15e87f7b0c')",P,2.845979728250745e-15,2.845979728250745e-15,0.2143677763167001,3.638542780455497e-15,3.638542780455497e-15,stoichiometric,Apatite,0.3532544378698225,1.0053549690921272e-15,0.07572636832015975,1.2853313845751076e-15,0.04784087102177553,0.04784087102177453,0.9,1.6486511700753173e-15,1.6486511700753173e-15
Ethephon,"('ecoinvent-3.4-biosphere', 'e732d6dc-d502-4e03-8a5e-6c2644136b5f')",P,2.845979728250745e-15,2.845979728250745e-15,0.2143677763167001,3.638542780455497e-15,3.638542780455497e-15,stoichiometric,Apatite,0.3532544378698225,1.0053549690921272e-15,0.07572636832015975,1.2853313845751076e-15,0.04784087102177553,0.04784087102177453,0.9,1.6486511700753173e-15,1.6486511700753173e-15
Ethephon,"('ecoinvent-3.4-biosphere', 'a212914e-f8ba-49eb-9ceb-63e286053f2d')",P,2.845979728250745e-15,2.845979728250745e-15,0.2143677763167001,3.638542780455497e-15,3.638542780455497e-15,stoichiometric,Apatite,0.3532544378698225,1.0053549690921272e-15,0.07572636832015975,1.2853313845751076e-15,0.04784087102177553,0.04784087102177453,0.9,1.6486511700753173e-15,1.6486511700753173e-15
Sulfosate,"('ecoinvent-3.4-biosphere', '4518a791-f5dd-4ee2-ab87-2f8ffca6b230')",P,2.763102016321712e-15,2.763102016321712e-15,0.1263007665959876,2.143749169580879e-15,2.143749169580879e-15,stoichiometric,Apatite,0.3532544378698225,9.760780495526995e-16,0.04461630630639326,7.572889078341923e-16,0.04784087102177553,0.047840871021774554,0.9,1.8135162870828478e-15,1.8135162870828478e-15
Chlorpyrifos,"('ecoinvent-3.4-biosphere', '0822b867-9dca-4d5a-93c3-319d39b592cd')",P,1.862754018618452e-15,1.862754018618452e-15,0.08834569309754706,1.4995238058985018e-15,1.4995238058985018e-15,stoichiometric,Apatite,0.3532544378698225,6.580261237368142e-16,0.031208508153393846,5.297134391250921e-16,0.04784087102177553,0.047840871021774874,0.9,1.2090108580552302e-15,1.2090108580552302e-15
Chlorpyrifos,"('ecoinvent-3.4-biosphere', '736923cd-6eb7-4896-98f8-46951d56da97')",P,1.862754018618452e-15,1.862754018618452e-15,0.08834569309754706,1.4995238058985018e-15,1.4995238058985018e-15,stoichiometric,Apatite,0.3532544378698225,6.580261237368142e-16,0.031208508153393846,5.297134391250921e-16,0.04784087102177553,0.047840871021774874,0.9,1.2090108580552302e-15,1.2090108580552302e-15
Malathion,"('ecoinvent-3.4-biosphere', 'dd7748c9-be28-4c89-b8b1-ed5ac14599a2')",P,1.5324116122591135e-15,1.5324116122591135e-15,0.09374697336561744,1.591201714128374e-15,1.591201714128374e-15,stoichiometric,Apatite,0.3532544378698225,5.413312026737816e-16,0.03311653437826841,5.620990670619168e-16,0.04784087102177553,0.04784087102177499,0.9,1.0441457410476986e-15,1.0441457410476986e-15
Glufosinate,"('ecoinvent-3.4-biosphere', 'b7a0a14a-b0b2-4aeb-923f-5c2ec1251dd5')",P,1.404004239485733e-15,1.404004239485733e-15,0.1710042510903771,2.9025177847292816e-15,2.9025177847292816e-15,stoichiometric,Apatite,0.3532544378698225,4.959707283863803e-16,0.060408010592281146,1.0253272884517048e-15,0.04784087102177553,0.04784087102177504,0.9,8.7928062404016705e-16,8.7928062404016705e-16
Dicrotophos,"('ecoinvent-3.4-biosphere', '98287294-2ab7-4781-bb9e-5d045cdce2a2')",P,8.0220602206588235e-16,8.0220602206588235e-16,0.1305872928875585,2.216505950284644e-15,2.216505950284644e-15,stoichiometric,Apatite,0.3532544378698225,2.833828373806697e-16,0.04613054074193635,7.829905635029187e-16,0.04784087102177553,0.04784087102177525,0.9,5.495503900251038e-16,5.495503900251038e-16
Acephate,"('ecoinvent-3.4-biosphere', '73a06727-fec3-4d8d-8de5-ef1a0cc2c280')",P,7.79523693475807e-16,7.79523693475807e-16,0.1690997434077633,2.870191878298929e-15,2.870191878298929e-15,stoichiometric,Apatite,0.3532544378698225,2.7537020414500404e-16,0.05973523480144065,1.0139080185470183e-15,0.04784087102177553,0.047840871021775255,0.9,5.495503900251037e-16,5.495503900251037e-16
Acephate,"('ecoinvent-3.4-biosphere', 'cdcdbfc9-3d5f-4e78-8033-8dbecbb2cfec')",P,7.79523693475807e-16,7.79523693475807e-16,0.1690997434077633,2.870191878298929e-15,2.870191878298929e-15,stoichiometric,Apatite,0.3532544378698225,2.7537020414500404e-16,0.05973523480144065,1.0139080185470183e-15,0.04784087102177553,0.047840871021775255,0.9,5.495503900251037e-16,5.495503900251037e-16
Profenofos,"('ecoinvent-3.4-biosphere', 'cab8d859-018a-4919-9324-f3febdea35e0')",P,4.043220644329671e-16,4.043220644329671e-16,0.0829001953804566,1.4070953787115992e-15,1.4070953787115992e-15,stoichiometric,Apatite,0.3532544378698225,1.4282856358963395e-16,0.029284861918421657,4.97062687035991e-16,0.04784087102177553,0.04784087102177539,0.9,2.747751950125518e-16,2.747751950125518e-16
Tribufos,"('ecoinvent-3.4-biosphere', '9f6d9658-e3f7-4c8b-96da-bfec6511ae7d')",P,2.8265040018894623e-16,2.8265040018894623e-16,0.09848648648648649,1.6716472061940056e-15,1.6716472061940056e-15,stoichiometric,Apatite,0.3532544378698225,9.984750823242658e-17,0.03479078842155766,5.905167941407228e-16,0.04784087102177553,0.047840871021775436,0.9,2.7477519501255164e-16,2.7477519501255164e-16
Glyphosate,"('ecoinvent-3.4-biosphere', 'bd02a7ec-dcb5-4609-bc96-cc7a96601ce2')",P,1.780889174187545e-16,1.780889174187545e-16,0.1832022239309162,3.1095584453067654e-15,3.1095584453067654e-15,stoichiometric,Apatite,0.3532544378698225,6.291070041360737e-17,0.06471699863121715,1.0984653206202006e-15,0.04784087102177553,0.04784087102177547,0.9,1.6486511700753097e-16,1.6486511700753097e-16
Glyphosate,"('ecoinvent-3.4-biosphere', 'b4f9a201-2a20-4f41-a572-eabc98c75e1b')",P,1.780889174187545e-16,1.780889174187545e-16,0.1832022239309162,3.1095584453067654e-15,3.1095584453067654e-15,stoichiometric,Apatite,0.3532544378698225,6.291070041360737e-17,0.06471699863121715,1.0984653206202006e-15,0.04784087102177553,0.04784087102177547,0.9,1.6486511700753097e-16,1.6486511700753097e-16
Glyphosate,"('ecoinvent-3.4-biosphere', 'e157e3dd-88b9-4256-ab2e-ff82e7b8d088')",P,1.780889174187545e-16,1.780889174187545e-16,0.1832022239309162,3.1095584453067654e-15,3.1095584453067654e-15,stoichiometric,Apatite,0.3532544378698225,6.291070041360737e-17,0.06471699863121715,1.0984653206202006e-15,0.04784087102177553,0.04784087102177547,0.9,1.6486511700753097e-16,1.6486511700753097e-16
Glyphosate,"('ecoinvent-3.4-biosphere', '3850d44e-8919-47bc-9c0a-51ccc4ec9d9f')",P,1.780889174187545e-16,1.780889174187545e-16,0.1832022239309162,3.1095584453067654e-15,3.1095584453067654e-15,stoichiometric,Apatite,0.3532544378698225,6.291070041360737e-17,0.06471699863121715,1.0984653206202006e-15,0.04784087102177553,0.04784087102177547,0.9,1.6486511700753097e-16,1.6486511700753097e-16
Glyphosate,"('ecoinvent-3.4-biosphere', '17955b10-4c04-4fff-91e7-cf89ef1a7cca')",P,1.780889174187545e-16,1.780889174187545e-16,0.1832022239309162,3.1095584453067654e-15,3.1095584453067654e-15,stoichiometric,Apatite,0.3532544378698225,6.291070041360737e-17,0.06471699863121715,1.0984653206202006e-15,0.04784087102177553,0.04784087102177547,0.9,1.6486511700753097e-16,1.6486511700753097e-16
Parathion,"('ecoinvent-3.4-biosphere', 'e7d1072e-68ab-4fb4-b141-feb865e3082d')",P,1.3580614171607205e-16,1.3580614171607205e-16,0.10634484652887455,1.8050300293483994e-15,1.8050300293483994e-15,stoichiometric,Apatite,0.3532544378698225,4.7974122251180486e-17,0.03756678898091013,6.37634868355618e-16,0.04784087102177553,0.047840871021775484,0.9,1.0991007800502065e-16,1.0991007800502065e-16
Lithium,"('ecoinvent-3.4-biosphere', '4569494e-085e-413a-8fef-63a3c419e0cf')",Li,8.63457487793724e-17,8.63457487793724e-17,1.0,1.5184934529957733e-13,1.5184934529957733e-13,stoichiometric,Spodumene,26.800000000000004,2.3140660672871808e-15,26.800000000000004,4.069562454028673e-12,0.0011194029850746267,0.0011194029850723126,0.95,3.3835684728225373e-12,3.3835684728225373e-12
Lithium,"('ecoinvent-3.4-biosphere', '6230c099-a983-4d9d-98a8-a0697962bec3')",Li,8.63457487793724e-17,8.63457487793724e-17,1.0,1.5184934529957733e-13,1.5184934529957733e-13,stoichiometric,Spodumene,26.800000000000004,2.3140660672871808e-15,26.800000000000004,4.069562454028673e-12,0.0011194029850746267,0.0011194029850723126,0.95,3.3835684728225373e-12,3.3835684728225373e-12
Lithium,"('ecoinvent-3.4-biosphere', '85466e0f-e5b5-4084-9338-59e317f7cb09')",Li,8.63457487793724e-17,8.63457487793724e-17,1.0,1.5184934529957733e-13,1.5184934529957733e-13,stoichiometric,Spodumene,26.800000000000004,2.3140660672871808e-15,26.800000000000004,4.069562454028673e-12,0.0011194029850746267,0.0011194029850723126,0.95,3.3835684728225373e-12,3.3835684728225373e-12
Methyl parathion,"('ecoinvent-3.4-biosphere', '23b6a72b-f926-40e3-b88a-0fb565d36de1')",P,8.419924336055216e-17,8.419924336055216e-17,0.11767789977584439,1.997390092884065e-15,1.997390092884065e-15,stoichiometric,Apatite,0.3532544378698225,2.974375638239624e-17,0.041570240335017224,7.05586914468513e-16,0.04784087102177553,0.047840871021775505,0.9,5.4955039002510323e-17,5.4955039002510323e-17
Methyl parathion,"('ecoinvent-3.4-biosphere', '4218b9ea-78e7-44b5-b4e1-5a0fca05aeb8')",P,8.419924336055216e-17,8.419924336055216e-17,0.11767789977584439,1.997390092884065e-15,1.997390092884065e-15,stoichiometric,Apatite,0.3532544378698225,2.974375638239624e-17,0.041570240335017224,7.05586914468513e-16,0.04784087102177553,0.047840871021775505,0.9,5.4955039002510323e-17,5.4955039002510323e-17
Phosphine,"('ecoinvent-3.4-biosphere', '097cecfb-bed2-43a0-81b7-c153d0bb14b9')",P,5.586898109486735e-17,5.586898109486735e-17,0.9110535913877288,1.5463646283546527e-14,1.5463646283546527e-14,stoichiometric,Apatite,0.3532544378698225,1.973596551102711e-17,0.3218337242949551,5.462601675311999e-15,0.04784087102177553,0.04784087102177551,0.9,5.4955039002510323e-17,5.4955039002510323e-17
Phosphine,"('ecoinvent-3.4-biosphere', '5d22e791-8399-414a-8adb-35615026d06c')",P,5.586898109486735e-17,5.586898109486735e-17,0.9110535913877288,1.5463646283546527e-14,1.5463646283546527e-14,stoichiometric,Apatite,0.3532544378698225,1.973596551102711e-17,0.3218337242949551,5.462601675311999e-15,0.04784087102177553,0.04784087102177551,0.9,5.4955039002510323e-17,5.4955039002510323e-17
Phosphine,"('ecoinvent-3.4-biosphere', '88453d4e-0fc0-4a5a-999d-14abe3a389b7')",P,5.586898109486735e-17,5.586898109486735e-17,0.9110535913877288,1.5463646283546527e-14,1.5463646283546527e-14,stoichiometric,Apatite,0.3532544378698225,1.973596551102711e-17,0.3218337242949551,5.462601675311999e-15,0.04784087102177553,0.04784087102177551,0.9,5.4955039002510323e-17,5.4955039002510323e-17
Phosphine,"('ecoinvent-3.4-biosphere', 'ed975027-d31b-429b-ae6b-70b70df7bf5b')",P,5.586898109486735e-17,5.586898109486735e-17,0.9110535913877288,1.5463646283546527e-14,1.5463646283546527e-14,stoichiometric,Apatite,0.3532544378698225,1.973596551102711e-17,0.3218337242949551,5.462601675311999e-15,0.04784087102177553,0.04784087102177551,0.9,5.4955039002510323e-17,5.4955039002510323e-17
Phosphine,"('ecoinvent-3.4-biosphere', 'fba3ef86-de65-4079-868d-8b6438d46092')",P,5.586898109486735e-17,5.586898109486735e-17,0.9110535913877288,1.5463646283546527e-14,1.5463646283546527e-14,stoichiometric,Apatite,0.3532544378698225,1.973596551102711e-17,0.3218337242949551,5.462601675311999e-15,0.04784087102177553,0.04784087102177551,0.9,5.4955039002510323e-17,5.4955039002510323e-17
Phosphate,"('ecoinvent-3.4-biosphere', '1727b41d-377e-43cd-bc01-9eaba946eccb')",P,5.1919684869758654e-17,5.1919684869758654e-17,0.3261416642975224,5.53572191877536e-15,5.53572191877536e-15,stoichiometric,Apatite,0.3532544378698225,1.8340859093044924e-17,0.11521099028734964,1.9555183346206452e-15,0.04784087102177553,0.04784087102177551,0.9,5.4955039002510323e-17,5.4955039002510323e-17
Phosphate,"('ecoinvent-3.4-biosphere', 'c8791f3c-3c4a-4278-91c0-483797d14da2')",P,5.1919684869758654e-17,5.1919684869758654e-17,0.3261416642975224,5.53572191877536e-15,5.53572191877536e-15,stoichiometric,Apatite,0.3532544378698225,1.8340859093044924e-17,0.11521099028734964,1.9555183346206452e-15,0.04784087102177553,0.04784087102177551,0.9,5.4955039002510323e-17,5.4955039002510323e-17
Phosphate,"('ecoinvent-3.4-biosphere', '490b267b-f429-4d9a-ac79-224e37fb4d58')",P,5.1919684869758654e-17,5.1919684869758654e-17,0.3261416642975224,5.53572191877536e-15,5.53572191877536e-15,stoichiometric,Apatite,0.3532544378698225,1.8340859093044924e-17,0.11521099028734964,1.9555183346206452e-15,0.04784087102177553,0.04784087102177551,0.9,5.4955039002510323e-17,5.4955039002510323e-17
Phosphate,"('ecoinvent-3.4-biosphere', '3aaf9017-0d8a-42aa-9a60-cbc39e994e73')",P,5.1919684869758654e-17,5.1919684869758654e-17,0.3261416642975224,5.53572191877536e-15,5.53572191877536e-15,stoichiometric,Apatite,0.3532544378698225,1.8340859093044924e-17,0.11521099028734964,1.9555183346206452e-15,0.04784087102177553,0.04784087102177551,0.9,5.4955039002510323e-17,5.4955039002510323e-17
Phosphate,"('ecoinvent-3.4-biosphere', '329fc7d8-4011-4327-84e4-34ff76f0e42d')",P,5.1919684869758654e-17,5.1919684869758654e-17,0.3261416642975224,5.53572191877536e-15,5.53572191877536e-15,stoichiometric,Apatite,0.3532544378698225,1.8340859093044924e-17,0.11521099028734964,1.9555183346206452e-15,0.04784087102177553,0.04784087102177551,0.9,5.4955039002510323e-17,5.4955039002510323e-17
Dimethoate,"('ecoinvent-3.4-biosphere', '28f19625-5e6a-4902-8c18-4b519db19d86')",P,1.4790334552746192e-17,1.4790334552746192e-17,0.13508068033144352,2.292773861090339e-15,2.292773861090339e-15,stoichiometric,Apatite,0.3532544378698225,5.224751318336969e-18,0.04771784979755727,8.099325414620903e-16,0.04784087102177553,0.047840871021775526,0.9,0.0,0.0
Phosphorus trichloride,"('ecoinvent-3.4-biosphere', '3ba36854-15b2-415a-aa71-c99257aa7204')",P,8.134473877777299e-18,8.134473877777299e-18,0.2255443093278963,3.828246168703231e-15,3.828246168703231e-15,stoichiometric,Apatite,0.3532544378698225,2.8735389970609754e-18,0.07967452820636338,1.3523449483525615e-15,0.04784087102177553,0.04784087102177553,0.9,0.0,0.0
Phosphorus trichloride,"('ecoinvent-3.4-biosphere', 'c5344661-1f7c-46c1-ae59-2da67d710d63')",P,8.134473877777299e-18,8.134473877777299e-18,0.2255443093278963,3.828246168703231e-15,3.828246168703231e-15,stoichiometric,Apatite,0.3532544378698225,2.8735389970609754e-18,0.07967452820636338,1.3523449483525615e-15,0.04784087102177553,0.04784087102177553,0.9,0.0,0.0
Phosphorus trichloride,"('ecoinvent-3.4-biosphere', '16addd86-288b-419a-8217-75e4197c5f9d')",P,8.134473877777299e-18,8.134473877777299e-18,0.2255443093278963,3.828246168703231e-15,3.828246168703231e-15,stoichiometric,Apatite,0.3532544378698225,2.8735389970609754e-18,0.07967452820636338,1.3523449483525615e-15,0.04784087102177553,0.04784087102177553,0.9,0.0,0.0
Phosphorus trichloride,"('ecoinvent-3.4-biosphere', '5cf4e418-9cd0-5139-bfc2-5d8a8ffda5ff')",P,8.134473877777299e-18,8.134473877777299e-18,0.2255443093278963,3.828246168703231e-15,3.828246168703231e-15,stoichiometric,Apatite,0.3532544378698225,2.8735389970609754e-18,0.07967452820636338,1.3523449483525615e-15,0.04784087102177553,0.04784087102177553,0.9,0.0,0.0
Phosphorus trichloride,"('ecoinvent-3.4-biosphere', '95886a55-63a7-4e2e-8120-6cd2e6afbbfc')",P,8.134473877777299e-18,8.134473877777299e-18,0.2255443093278963,3.828246168703231e-15,3.828246168703231e-15,stoichiometric,Apatite,0.3532544378698225,2.8735389970609754e-18,0.07967452820636338,1.3523449483525615e-15,0.04784087102177553,0.04784087102177553,0.9,0.0,0.0
Phosphorus trichloride,"('ecoinvent-3.4-biosphere', 'dcedc211-8daa-49ac-82a9-ce60a22d9b43')",P,8.134473877777299e-18,8.134473877777299e-18,0.2255443093278963,3.828246168703231e-15,3.828246168703231e-15,stoichiometric,Apatite,0.3532544378698225,2.8735389970609754e-18,0.07967452820636338,1.3523449483525615e-15,0.04784087102177553,0.04784087102177553,0.9,0.0,0.0
Methyl parathion,"('ecoinvent-3.4-biosphere', '23b6a72b-f926-40e3-b88a-0fb565d36de1')",P,3.609140880545887e-18,3.609140880545887e-18,0.11767789977584439,1.997390092884065e-15,1.997390092884065e-15,stoichiometric,Apatite,0.3532544378698225,1.2749450329502338e-18,0.041570240335017224,7.05586914468513e-16,0.04784087102177553,0.04784087102177553,0.9,0.0,0.0
Methyl parathion,"('ecoinvent-3.4-biosphere', '4218b9ea-78e7-44b5-b4e1-5a0fca05aeb8')",P,3.609140880545887e-18,3.609140880545887e-18,0.11767789977584439,1.997390092884065e-15,1.997390092884065e-15,stoichiometric,Apatite,0.3532544378698225,1.2749450329502338e-18,0.041570240335017224,7.05586914468513e-16,0.04784087102177553,0.04784087102177553,0.9,0.0,0.0
Terbufos,"('ecoinvent-3.4-biosphere', '15057e97-7b47-405e-8222-6ed5cf4e0087')",P,3.0600853037675004e-18,3.0600853037675004e-18,0.10739944521497921,1.822930119098526e-15,1.822930119098526e-15,stoichiometric,Apatite,0.3532544378698225,1.0809887138160935e-18,0.03793933064694828,6.439581544981184e-16,0.04784087102177553,0.04784087102177553,0.9,0.0,0.0
Cu-HDO,"('ecoinvent-3.4-biosphere', '4b4530b5-89d5-4127-b8a5-96fc50972e26')",Cu,2.516762786491906e-18,2.516762786491906e-18,0.1816274616286049,2.2362760128077994e-15,2.2362760128077994e-15,stoichiometric,Chalcopyrite,2.8793103448275863,7.246541126623246e-18,0.5229618291720176,6.438932657567285e-15,0.00201437125748503,0.0020143712574850225,0.8086409056778144,3.7424829580879225e-14,3.7424829580879225e-14
Chromium IV,"('ecoinvent-3.4-biosphere', 'af60ad28-ce2b-4ea0-9277-983538e1a739')",Cr,1.8203394867774978e-18,1.8203394867774978e-18,1.0,3.1278613038877847e-13,3.1278613038877847e-13,stoichiometric,Chromite,2.152027027027027,3.917419773909683e-18,2.152027027027027,6.73124206275851e-13,0.13754474097331237,0.13754474097331237,0.81,0.0,0.0
Oxydemeton-methyl,"('ecoinvent-3.4-biosphere', '83cc3810-ac58-40a3-97af-04a855d4c809')",P,1.3458724447877665e-18,1.3458724447877665e-18,0.12575720665854648,2.134523127681749e-15,2.134523127681749e-15,stoichiometric,Apatite,0.3532544378698225,4.754354139279862e-19,0.04442429134624394,7.540297675893516e-16,0.04784087102177553,0.04784087102177553,0.9,0.0,0.0
Zinc,"('ecoinvent-3.4-biosphere', 'b88999ec-84fd-462d-9dec-7e20a4636a58')",Zn,1.1773596801423372e-18,1.1773596801423372e-18,1.0,1.0836576745711442e-13,1.0836576745711442e-13,stoichiometric,Sphalerite,1.4901477832512315,1.754439917453483e-18,1.4901477832512315,1.614810081565375e-13,0.02724561983471074,0.027245619834710737,0.789865871833085,0.0,0.0
Zinc,"('ecoinvent-3.4-biosphere', '748f22a9-eba4-4726-bef5-92c7442ce189')",Zn,1.1773596801423372e-18,1.1773596801423372e-18,1.0,1.0836576745711442e-13,1.0836576745711442e-13,stoichiometric,Sphalerite,1.4901477832512315,1.754439917453483e-18,1.4901477832512315,1.614810081565375e-13,0.02724561983471074,0.027245619834710737,0.789865871833085,0.0,0.0
Zinc,"('ecoinvent-3.4-biosphere', '8f871bab-96dc-49d9-bf08-12cdd0715901')",Zn,1.1773596801423372e-18,1.1773596801423372e-18,1.0,1.0836576745711442e-13,1.0836576745711442e-13,stoichiometric,Sphalerite,1.4901477832512315,1.754439917453483e-18,1.4901477832512315,1.614810081565375e-13,0.02724561983471074,0.027245619834710737,0.789865871833085,0.0,0.0
Zinc,"('ecoinvent-3.4-biosphere', '8d226423-1351-4366-b09f-d16c9e38683c')",Zn,1.1773596801423372e-18,1.1773596801423372e-18,1.0,1.0836576745711442e-13,1.0836576745711442e-13,stoichiometric,Sphalerite,1.4901477832512315,1.754439917453483e-18,1.4901477832512315,1.614810081565375e-13,0.02724561983471074,0.027245619834710737,0.789865871833085,0.0,0.0
Zinc,"('ecoinvent-3.4-biosphere', '5ce378a0-b48d-471c-977d-79681521efde')",Zn,1.1773596801423372e-18,1.1773596801423372e-18,1.0,1.0836576745711442e-13,1.0836576745711442e-13,stoichiometric,Sphalerite,1.4901477832512315,1.754439917453483e-18,1.4901477832512315,1.614810081565375e-13,0.02724561983471074,0.027245619834710737,0.789865871833085,0.0,0.0
Zinc,"('ecoinvent-3.4-biosphere', '84aa799e-9d98-4d34-85e0-516d28ab1be9')",Zn,1.1773596801423372e-18,1.1773596801423372e-18,1.0,1.0836576745711442e-13,1.0836576745711442e-13,stoichiometric,Sphalerite,1.4901477832512315,1.754439917453483e-18,1.4901477832512315,1.614810081565375e-13,0.02724561983471074,0.027245619834710737,0.789865871833085,0.0,0.0
Zinc,"('ecoinvent-3.4-biosphere', '87a69874-34f9-4070-a525-aa301ab2634b')",Zn,1.1773596801423372e-18,1.1773596801423372e-18,1.0,1.0836576745711442e-13,1.0836576745711442e-13,stoichiometric,Sphalerite,1.4901477832512315,1.754439917453483e-18,1.4901477832512315,1.614810081565375e-13,0.02724561983471074,0.027245619834710737,0.789865871833085,0.0,0.0
Zinc,"('ecoinvent-3.4-biosphere', '77887584-ddca-4920-952c-3609730e0c13')",Zn,1.1773596801423372e-18,1.1773596801423372e-18,1.0,1.0836576745711442e-13,1.0836576745711442e-13,stoichiometric,Sphalerite,1.4901477832512315,1.754439917453483e-18,1.4901477832512315,1.614810081565375e-13,0.02724561983471074,0.027245619834710737,0.789865871833085,0.0,0.0
Zinc,"('ecoinvent-3.4-biosphere', 'ada3ecfe-8244-4389-bcce-e83ca4f66e09')",Zn,1.1773596801423372e-18,1.1773596801423372e-18,1.0,1.0836576745711442e-13,1.0836576745711442e-13,stoichiometric,Sphalerite,1.4901477832512315,1.754439917453483e-18,1.4901477832512315,1.614810081565375e-13,0.02724561983471074,0.027245619834710737,0.789865871833085,0.0,0.0
Glyphosate,"('ecoinvent-3.4-biosphere', 'bd02a7ec-dcb5-4609-bc96-cc7a96601ce2')",P,1.1617989941469223e-18,1.1617989941469223e-18,0.1832022239309162,3.1095584453067654e-15,3.1095584453067654e-15,stoichiometric,Apatite,0.3532544378698225,4.1041065059509624e-19,0.06471699863121715,1.0984653206202006e-15,0.04784087102177553,0.04784087102177553,0.9,0.0,0.0
Glyphosate,"('ecoinvent-3.4-biosphere', 'b4f9a201-2a20-4f41-a572-eabc98c75e1b')",P,1.1617989941469223e-18,1.1617989941469223e-18,0.1832022239309162,3.1095584453067654e-15,3.1095584453067654e-15,stoichiometric,Apatite,0.3532544378698225,4.1041065059509624e-19,0.06471699863121715,1.0984653206202006e-15,0.04784087102177553,0.04784087102177553,0.9,0.0,0.0
Glyphosate,"('ecoinvent-3.4-biosphere', 'e157e3dd-88b9-4256-ab2e-ff82e7b8d088')",P,1.1617989941469223e-18,1.1617989941469223e-18,0.1832022239309162,3.1095584453067654e-15,3.1095584453067654e-15,stoichiometric,Apatite,0.3532544378698225,4.1041065059509624e-19,0.06471699863121715,1.0984653206202006e-15,0.04784087102177553,0.04784087102177553,0.9,0.0,0.0
Glyphosate,"('ecoinvent-3.4-biosphere', '3850d44e-8919-47bc-9c0a-51ccc4ec9d9f')",P,1.1617989941469223e-18,1.1617989941469223e-18,0.1832022239309162,3.1095584453067654e-15,3.1095584453067654e-15,stoichiometric,Apatite,0.3532544378698225,4.1041065059509624e-19,0.06471699863121715,1.0984653206202006e-15,0.04784087102177553,0.04784087102177553,0.9,0.0,0.0
Glyphosate,"('ecoinvent-3.4-biosphere', '17955b10-4c04-4fff-91e7-cf89ef1a7cca')",P,1.1617989941469223e-18,1.1617989941469223e-18,0.1832022239309162,3.1095584453067654e-15,3.1095584453067654e-15,stoichiometric,Apatite,0.3532544378698225,4.1041065059509624e-19,0.06471699863121715,1.0984653206202006e-15,0.04784087102177553,0.04784087102177553,0.9,0.0,0.0
Tebupirimphos,"('ecoinvent-3.4-biosphere', '57d8084d-08e2-4212-9abf-3f051bee142e')",P,9.527463684477156e-19,9.527463684477156e-19,0.09728931746081602,1.6513272178534873e-15,1.6513272178534873e-15,stoichiometric,Apatite,0.3532544378698225,3.365618828185126e-19,0.034367883150359275,5.833386680819716e-16,0.04784087102177553,0.04784087102177553,0.9,0.0,0.0
Copper,"('ecoinvent-3.4-biosphere', '7e66a41c-d311-4949-bdd8-eef09cdcfa47')",Cu,2.274163941628063e-19,2.274163941628063e-19,1.0,1.231243333335009e-14,1.231243333335009e-14,stoichiometric,Chalcopyrite,2.8793103448275863,6.548023762963561e-19,2.8793103448275863,3.545131666671491e-14,0.00201437125748503,0.002014371257485029,0.8086409056778144,0.0,0.0
Copper,"('ecoinvent-3.4-biosphere', 'e336eee7-148a-4d1c-8027-780cbfafa12b')",Cu,2.274163941628063e-19,2.274163941628063e-19,1.0,1.231243333335009e-14,1.231243333335009e-14,stoichiometric,Chalcopyrite,2.8793103448275863,6.548023762963561e-19,2.8793103448275863,3.545131666671491e-14,0.00201437125748503,0.002014371257485029,0.8086409056778144,0.0,0.0
Copper,"('ecoinvent-3.4-biosphere', '44d3e792-7c9e-48ab-9de9-acfa2e097f26')",Cu,2.274163941628063e-19,2.274163941628063e-19,1.0,1.231243333335009e-14,1.231243333335009e-14,stoichiometric,Chalcopyrite,2.8793103448275863,6.548023762963561e-19,2.8793103448275863,3.545131666671491e-14,0.00201437125748503,0.002014371257485029,0.8086409056778144,0.0,0.0
Copper,"('ecoinvent-3.4-biosphere', '88cde01c-df69-40bb-9b14-6eac71bea5b8')",Cu,2.274163941628063e-19,2.274163941628063e-19,1.0,1.231243333335009e-14,1.231243333335009e-14,stoichiometric,Chalcopyrite,2.8793103448275863,6.548023762963561e-19,2.8793103448275863,3.545131666671491e-14,0.00201437125748503,0.002014371257485029,0.8086409056778144,0.0,0.0
Copper,"('ecoinvent-3.4-biosphere', 'ec8144d6-d123-43b1-9c17-a295422a0498')",Cu,2.274163941628063e-19,2.274163941628063e-19,1.0,1.231243333335009e-14,1.231243333335009e-14,stoichiometric,Chalcopyrite,2.8793103448275863,6.548023762963561e-19,2.8793103448275863,3.545131666671491e-14,0.00201437125748503,0.002014371257485029,0.8086409056778144,0.0,0.0
Copper,"('ecoinvent-3.4-biosphere', 'fd153f15-1d16-410a-91fa-04d205e36c43')",Cu,2.274163941628063e-19,2.274163941628063e-19,1.0,1.231243333335009e-14,1.231243333335009e-14,stoichiometric,Chalcopyrite,2.8793103448275863,6.548023762963561e-19,2.8793103448275863,3.545131666671491e-14,0.00201437125748503,0.002014371257485029,0.8086409056778144,0.0,0.0
Copper,"('ecoinvent-3.4-biosphere', '3573a5af-88f8-4f74-ade7-cd269cbc4e66')",Cu,2.274163941628063e-19,2.274163941628063e-19,1.0,1.231243333335009e-14,1.231243333335009e-14,stoichiometric,Chalcopyrite,2.8793103448275863,6.548023762963561e-19,2.8793103448275863,3.545131666671491e-14,0.00201437125748503,0.002014371257485029,0.8086409056778144,0.0,0.0
Copper,"('ecoinvent-3.4-biosphere', '237ca6bc-2f0a-4416-a0e3-bd512f038f2e')",Cu,2.274163941628063e-19,2.274163941628063e-19,1.0,1.231243333335009e-14,1.231243333335009e-14,stoichiometric,Chalcopyrite,2.8793103448275863,6.548023762963561e-19,2.8793103448275863,3.545131666671491e-14,0.00201437125748503,0.002014371257485029,0.8086409056778144,0.0,0.0
Copper,"('ecoinvent-3.4-biosphere', '0a5e8a67-f9ae-48b3-bfa7-e9d37c30a191')",Cu,2.274163941628063e-19,2.274163941628063e-19,1.0,1.231243333335009e-14,1.231243333335009e-14,stoichiometric,Chalcopyrite,2.8793103448275863,6.548023762963561e-19,2.8793103448275863,3.545131666671491e-14,0.00201437125748503,0.002014371257485029,0.8086409056778144,0.0,0.0
Chromium,"('ecoinvent-3.4-biosphere', '2a5ed451-12a2-47db-b4dc-fa0bfbc01d79')",Cr,1.6991426610622542e-19,1.6991426610622542e-19,1.0,3.1278613038877847e-13,3.1278613038877847e-13,stoichiometric,Chromite,2.152027027027027,3.6566009293805946e-19,2.152027027027027,6.73124206275851e-13,0.13754474097331237,0.13754474097331237,0.81,0.0,0.0
Chromium,"('ecoinvent-3.4-biosphere', '591de726-f2c7-43ba-8e22-15fd08acc8dc')",Cr,1.6991426610622542e-19,1.6991426610622542e-19,1.0,3.1278613038877847e-13,3.1278613038877847e-13,stoichiometric,Chromite,2.152027027027027,3.6566009293805946e-19,2.152027027027027,6.73124206275851e-13,0.13754474097331237,0.13754474097331237,0.81,0.0,0.0
Chromium,"('ecoinvent-3.4-biosphere', '7705f0e1-5b14-44f4-b330-1245b5c7fc08')",Cr,1.6991426610622542e-19,1.6991426610622542e-19,1.0,3.1278613038877847e-13,3.1278613038877847e-13,stoichiometric,Chromite,2.152027027027027,3.6566009293805946e-19,2.152027027027027,6.73124206275851e-13,0.13754474097331237,0.13754474097331237,0.81,0.0,0.0
Chromium,"('ecoinvent-3.4-biosphere', '4d40d8e3-9bc7-4ab1-ac5c-4f4a76fda8e5')",Cr,1.6991426610622542e-19,1.6991426610622542e-19,1.0,3.1278613038877847e-13,3.1278613038877847e-13,stoichiometric,Chromite,2.152027027027027,3.6566009293805946e-19,2.152027027027027,6.73124206275851e-13,0.13754474097331237,0.13754474097331237,0.81,0.0,0.0
Chromium,"('ecoinvent-3.4-biosphere', 'e0336c9b-a0ff-4ae3-b8bb-ca1e46bbbc11')",Cr,1.6991426610622542e-19,1.6991426610622542e-19,1.0,3.1278613038877847e-13,3.1278613038877847e-13,stoichiometric,Chromite,2.152027027027027,3.6566009293805946e-19,2.152027027027027,6.73124206275851e-13,0.13754474097331237,0.13754474097331237,0.81,0.0,0.0
Chromium,"('ecoinvent-3.4-biosphere', 'e65a9c58-21f1-48b6-b738-d05a8f10e5f3')",Cr,1.6991426610622542e-19,1.6991426610622542e-19,1.0,3.1278613038877847e-13,3.1278613038877847e-13,stoichiometric,Chromite,2.152027027027027,3.6566009293805946e-19,2.152027027027027,6.73124206275851e-13,0.13754474097331237,0.13754474097331237,0.81,0.0,0.0
Chromium,"('ecoinvent-3.4-biosphere', '6b29d83a-c43c-484c-8e73-474a8a22d71e')",Cr,1.6991426610622542e-19,1.6991426610622542e-19,1.0,3.1278613038877847e-13,3.1278613038877847e-13,stoichiometric,Chromite,2.152027027027027,3.6566009293805946e-19,2.152027027027027,6.73124206275851e-13,0.13754474097331237,0.13754474097331237,0.81,0.0,0.0
Chromium,"('ecoinvent-3.4-biosphere', 'e7881581-21b3-4f5c-bd63-6b0684b5e712')",Cr,1.6991426610622542e-19,1.6991426610622542e-19,1.0,3.1278613038877847e-13,3.1278613038877847e-13,stoichiometric,Chromite,2.152027027027027,3.6566009293805946e-19,2.152027027027027,6.73124206275851e-13,0.13754474097331237,0.13754474097331237,0.81,0.0,0.0
Chromium,"('ecoinvent-3.4-biosphere', 'e142b577-e934-4085-9a07-3983d4d92afb')",Cr,1.6991426610622542e-19,1.6991426610622542e-19,1.0,3.1278613038877847e-13,3.1278613038877847e-13,stoichiometric,Chromite,2.152027027027027,3.6566009293805946e-19,2.152027027027027,6.73124206275851e-13,0.13754474097331237,0.13754474097331237,0.81,0.0,0.0
Nickel,"('ecoinvent-3.4-biosphere', 'a72a45ee-395a-4d25-b893-9d183e43e76e')",Ni,6.895430438200199e-20,6.895430438200199e-20,1.0,9.066741688482605e-14,9.066741688482605e-14,stoichiometric,Pentlandite(sulphides) / Garnierite(laterites),2.9342028985507245,2.0232591978521917e-19,2.9342028985507245,2.660365974275635e-13,0.00509049773755656,0.00509049773755656,0.0803628113054402,0.0,0.0
Nickel,"('ecoinvent-3.4-biosphere', 'e43a270f-4f88-4789-a0b8-7aba56677743')",Ni,6.895430438200199e-20,6.895430438200199e-20,1.0,9.066741688482605e-14,9.066741688482605e-14,stoichiometric,Pentlandite(sulphides) / Garnierite(laterites),2.9342028985507245,2.0232591978521917e-19,2.9342028985507245,2.660365974275635e-13,0.00509049773755656,0.00509049773755656,0.0803628113054402,0.0,0.0
Nickel,"('ecoinvent-3.4-biosphere', 'c89873de-cd23-4323-a948-f5cfeebd2fc9')",Ni,6.895430438200199e-20,6.895430438200199e-20,1.0,9.066741688482605e-14,9.066741688482605e-14,stoichiometric,Pentlandite(sulphides) / Garnierite(laterites),2.9342028985507245,2.0232591978521917e-19,2.9342028985507245,2.660365974275635e-13,0.00509049773755656,0.00509049773755656,0.0803628113054402,0.0,0.0
Nickel,"('ecoinvent-3.4-biosphere', '5de1943f-b011-45a0-97d4-ed15eea6a382')",Ni,6.895430438200199e-20,6.895430438200199e-20,1.0,9.066741688482605e-14,9.066741688482605e-14,stoichiometric,Pentlandite(sulphides) / Garnierite(laterites),2.9342028985507245,2.0232591978521917e-19,2.9342028985507245,2.660365974275635e-13,0.00509049773755656,0.00509049773755656,0.0803628113054402,0.0,0.0
Nickel,"('ecoinvent-3.4-biosphere', 'b4580545-243d-48d2-a3a0-2633a4f46fb1')",Ni,6.895430438200199e-20,6.895430438200199e-20,1.0,9.066741688482605e-14,9.066741688482605e-14,stoichiometric,Pentlandite(sulphides) / Garnierite(laterites),2.9342028985507245,2.0232591978521917e-19,2.9342028985507245,2.660365974275635e-13,0.00509049773755656,0.00509049773755656,0.0803628113054402,0.0,0.0
Nickel,"('ecoinvent-3.4-biosphere', 'a5506f4b-113f-4713-95c3-c819dde6e48b')",Ni,6.895430438200199e-20,6.895430438200199e-20,1.0,9.066741688482605e-14,9.066741688482605e-14,stoichiometric,Pentlandite(sulphides) / Garnierite(laterites),2.9342028985507245,2.0232591978521917e-19,2.9342028985507245,2.660365974275635e-13,0.00509049773755656,0.00509049773755656,0.0803628113054402,0.0,0.0
Nickel,"('ecoinvent-3.4-biosphere', 'e8fc62ba-678e-4706-97d2-b79d83e227d5')",Ni,6.895430438200199e-20,6.895430438200199e-20,1.0,9.066741688482605e-14,9.066741688482605e-14,stoichiometric,Pentlandite(sulphides) / Garnierite(laterites),2.9342028985507245,2.0232591978521917e-19,2.9342028985507245,2.660365974275635e-13,0.00509049773755656,0.00509049773755656,0.0803628113054402,0.0,0.0
Nickel,"('ecoinvent-3.4-biosphere', '2bcad3b3-5305-481c-a166-ad5e6eac2675')",Ni,6.895430438200199e-20,6.895430438200199e-20,1.0,9.066741688482605e-14,9.066741688482605e-14,stoichiometric,Pentlandite(sulphides) / Garnierite(laterites),2.9342028985507245,2.0232591978521917e-19,2.9342028985507245,2.660365974275635e-13,0.00509049773755656,0.00509049773755656,0.0803628113054402,0.0,0.0
Nickel,"('ecoinvent-3.4-biosphere', '0545c382-2312-43b6-9ec3-63dbb1438565')",Ni,6.895430438200199e-20,6.895430438200199e-20,1.0,9.066741688482605e-14,9.066741688482605e-14,stoichiometric,Pentlandite(sulphides) / Garnierite(laterites),2.9342028985507245,2.0232591978521917e-19,2.9342028985507245,2.660365974275635e-13,0.00509049773755656,0.00509049773755656,0.0803628113054402,0.0,0.0
Nickel,"('ecoinvent-3.4-biosphere', '56815b4f-6138-4e0b-9fac-c94fd6b102b3')",Ni,6.895430438200199e-20,6.895430438200199e-20,1.0,9.066741688482605e-14,9.066741688482605e-14,stoichiometric,Pentlandite(sulphides) / Garnierite(laterites),2.9342028985507245,2.0232591978521917e-19,2.9342028985507245,2.660365974275635e-13,0.00509049773755656,0.00509049773755656,0.0803628113054402,0.0,0.0
Lead,"('ecoinvent-3.4-biosphere', '6a903634-c97f-4c49-a7c0-88f0e6ac7a23')",Pb,2.57603865704259e-20,2.57603865704259e-20,1.0,1.1855254708054448e-13,1.1855254708054448e-13,stoichiometric,Galena,1.1560975609756097,2.978152008385823e-20,1.1560975609756097,1.370583105272636e-13,0.017732067510548524,0.017732067510548524,0.635111259945265,0.0,0.0
Lead,"('ecoinvent-3.4-biosphere', 'fe4613d7-1ed8-427d-9b06-c8e8f4f5e1b1')",Pb,2.57603865704259e-20,2.57603865704259e-20,1.0,1.1855254708054448e-13,1.1855254708054448e-13,stoichiometric,Galena,1.1560975609756097,2.978152008385823e-20,1.1560975609756097,1.370583105272636e-13,0.017732067510548524,0.017732067510548524,0.635111259945265,0.0,0.0
Lead,"('ecoinvent-3.4-biosphere', '67652827-017f-4856-8d0a-c97bac4c6562')",Pb,2.57603865704259e-20,2.57603865704259e-20,1.0,1.1855254708054448e-13,1.1855254708054448e-13,stoichiometric,Galena,1.1560975609756097,2.978152008385823e-20,1.1560975609756097,1.370583105272636e-13,0.017732067510548524,0.017732067510548524,0.635111259945265,0.0,0.0
Lead,"('ecoinvent-3.4-biosphere', 'c864aa15-0abc-41ad-9889-348106e485d8')",Pb,2.57603865704259e-20,2.57603865704259e-20,1.0,1.1855254708054448e-13,1.1855254708054448e-13,stoichiometric,Galena,1.1560975609756097,2.978152008385823e-20,1.1560975609756097,1.370583105272636e-13,0.017732067510548524,0.017732067510548524,0.635111259945265,0.0,0.0
Lead,"('ecoinvent-3.4-biosphere', 'e9e856c2-868e-435e-8425-8df1c9297cfc')",Pb,2.57603865704259e-20,2.57603865704259e-20,1.0,1.1855254708054448e-13,1.1855254708054448e-13,stoichiometric,Galena,1.1560975609756097,2.978152008385823e-20,1.1560975609756097,1.370583105272636e-13,0.017732067510548524,0.017732067510548524,0.635111259945265,0.0,0.0
Lead,"('ecoinvent-3.4-biosphere', '739234c8-5359-48b4-983f-9cb170d68c8d')",Pb,2.57603865704259e-20,2.57603865704259e-20,1.0,1.1855254708054448e-13,1.1855254708054448e-13,stoichiometric,Galena,1.1560975609756097,2.978152008385823e-20,1.1560975609756097,1.370583105272636e-13,0.017732067510548524,0.017732067510548524,0.635111259945265,0.0,0.0
Lead,"('ecoinvent-3.4-biosphere', '31c4d160-b21e-41b3-b9c1-3d7a72377653')",Pb,2.57603865704259e-20,2.57603865704259e-20,1.0,1.1855254708054448e-13,1.1855254708054448e-13,stoichiometric,Galena,1.1560975609756097,2.978152008385823e-20,1.1560975609756097,1.370583105272636e-13,0.017732067510548524,0.017732067510548524,0.635111259945265,0.0,0.0
Lead,"('ecoinvent-3.4-biosphere', '0ff15165-d761-48c9-9814-2d1dcdd56857')",Pb,2.57603865704259e-20,2.57603865704259e-20,1.0,1.1855254708054448e-13,1.1855254708054448e-13,stoichiometric,Galena,1.1560975609756097,2.978152008385823e-20,1.1560975609756097,1.370583105272636e-13,0.017732067510548524,0.017732067510548524,0.635111259945265,0.0,0.0
Lead,"('ecoinvent-3.4-biosphere', 'b3ebdcc3-c588-4997-95d2-9785b26b34e1')",Pb,2.57603865704259e-20,2.57603865704259e-20,1.0,1.1855254708054448e-13,1.1855254708054448e-13,stoichiometric,Galena,1.1560975609756097,2.978152008385823e-20,1.1560975609756097,1.370583105272636e-13,0.017732067510548524,0.017732067510548524,0.635111259945265,0.0,0.0
Lead,"('ecoinvent-3.4-biosphere', '8e123669-94d3-41d8-9480-a79211fe7c43')",Pb,2.57603865704259e-20,2.57603865704259e-20,1.0,1.1855254708054448e-13,1.1855254708054448e-13,stoichiometric,Galena,1.1560975609756097,2.978152008385823e-20,1.1560975609756097,1.370583105272636e-13,0.017732067510548524,0.017732067510548524,0.635111259945265,0.0,0.0
Lead,"('ecoinvent-3.4-biosphere', '9ee7f4ab-b826-47ae-8623-e138f944b42e')",Pb,2.57603865704259e-20,2.57603865704259e-20,1.0,1.1855254708054448e-13,1.1855254708054448e-13,stoichiometric,Galena,1.1560975609756097,2.978152008385823e-20,1.1560975609756097,1.370583105272636e-13,0.017732067510548524,0.017732067510548524,0.635111259945265,0.0,0.0
Lead,"('ecoinvent-3.4-biosphere', '2718482b-8399-442e-b89a-52fbcc22d2e6')",Pb,2.57603865704259e-20,2.57603865704259e-20,1.0,1.1855254708054448e-13,1.1855254708054448e-13,stoichiometric,Galena,1.1560975609756097,2.978152008385823e-20,1.1560975609756097,1.370583105272636e-13,0.017732067510548524,0.017732067510548524,0.635111259945265,0.0,0.0
Lead,"('ecoinvent-3.4-biosphere', '837083ce-41cd-49f3-a849-d79564dac238')",Pb,2.57603865704259e-20,2.57603865704259e-20,1.0,1.1855254708054448e-13,1.1855254708054448e-13,stoichiometric,Galena,1.1560975609756097,2.978152008385823e-20,1.1560975609756097,1.370583105272636e-13,0.017732067510548524,0.017732067510548524,0.635111259945265,0.0,0.0
Lead,"('ecoinvent-3.4-biosphere', '4010918f-7fd0-4925-8fbb-8fd7a44a806c')",Pb,2.57603865704259e-20,2.57603865704259e-20,1.0,1.1855254708054448e-13,1.1855254708054448e-13,stoichiometric,Galena,1.1560975609756097,2.978152008385823e-20,1.1560975609756097,1.370583105272636e-13,0.017732067510548524,0.017732067510548524,0.635111259945265,0.0,0.0
Phosphoric acid,"('ecoinvent-3.4-biosphere', '5d0058e0-ad1b-4c15-b0ff-a665bb04154f')",P,5.887398715522493e-21,5.887398715522493e-21,0.31607735088524924,5.3648966411349025e-15,5.3648966411349025e-15,stoichiometric,Apatite,0.3532544378698225,2.079749723767413e-21,0.11165572691035137,1.895173547193809e-15,0.04784087102177553,0.04784087102177553,0.9,0.0,0.0
Phosphoric acid,"('ecoinvent-3.4-biosphere', 'b0c3054b-6d71-42b1-8575-704c4d049180')",P,5.887398715522493e-21,5.887398715522493e-21,0.31607735088524924,5.3648966411349025e-15,5.3648966411349025e-15,stoichiometric,Apatite,0.3532544378698225,2.079749723767413e-21,0.11165572691035137,1.895173547193809e-15,0.04784087102177553,0.04784087102177553,0.9,0.0,0.0
Phosphoric acid,"('ecoinvent-3.4-biosphere', 'cefa3637-739c-5e9f-99a6-2456e6a44772')",P,5.887398715522493e-21,5.887398715522493e-21,0.31607735088524924,5.3648966411349025e-15,5.3648966411349025e-15,stoichiometric,Apatite,0.3532544378698225,2.079749723767413e-21,0.11165572691035137,1.895173547193809e-15,0.04784087102177553,0.04784087102177553,0.9,0.0,0.0
Phosphoric acid,"('ecoinvent-3.4-biosphere', 'bcac684a-8868-4cd3-9063-3275dc831f91')",P,5.887398715522493e-21,5.887398715522493e-21,0.31607735088524924,5.3648966411349025e-15,5.3648966411349025e-15,stoichiometric,Apatite,0.3532544378698225,2.079749723767413e-21,0.11165572691035137,1.895173547193809e-15,0.04784087102177553,0.04784087102177553,0.9,0.0,0.0
Phosphoric acid,"('ecoinvent-3.4-biosphere', '13d2fabe-9282-4905-9dfc-5c859022835c')",P,5.887398715522493e-21,5.887398715522493e-21,0.31607735088524924,5.3648966411349025e-15,5.3648966411349025e-15,stoichiometric,Apatite,0.3532544378698225,2.079749723767413e-21,0.11165572691035137,1.895173547193809e-15,0.04784087102177553,0.04784087102177553,0.9,0.0,0.0
Phosphoric acid,"('ecoinvent-3.4-biosphere', '2257e9f9-f38c-494b-b99f-f49b4768b4b9')",P,5.887398715522493e-21,5.887398715522493e-21,0.31607735088524924,5.3648966411349025e-15,5.3648966411349025e-15,stoichiometric,Apatite,0.3532544378698225,2.079749723767413e-21,0.11165572691035137,1.895173547193809e-15,0.04784087102177553,0.04784087102177553,0.9,0.0,0.0
Silver,"('ecoinvent-3.4-biosphere', '35df5fe0-c90d-43b4-a35a-3d97022114d2')",Ag,4.157954311767232e-21,4.157954311767232e-21,1.0,1.5701960660375504e-13,1.5701960660375504e-13,stoichiometric,Argentite,1.1478494623655913,4.772705621302709e-21,1.1478494623655913,1.8023487102097688e-13,3.240843091334895e-06,3.2408430913348902e-06,0.9,2.7013994377811083e-13,2.7013994377811083e-13
Silver,"('ecoinvent-3.4-biosphere', 'ebb88ef4-50ab-4e3b-9251-c5fcdf6b4768')",Ag,4.157954311767232e-21,4.157954311767232e-21,1.0,1.5701960660375504e-13,1.5701960660375504e-13,stoichiometric,Argentite,1.1478494623655913,4.772705621302709e-21,1.1478494623655913,1.8023487102097688e-13,3.240843091334895e-06,3.2408430913348902e-06,0.9,2.7013994377811083e-13,2.7013994377811083e-13
Silver,"('ecoinvent-3.4-biosphere', '0ed1b1a1-e56d-4860-bac7-d76a39bde930')",Ag,4.157954311767232e-21,4.157954311767232e-21,1.0,1.5701960660375504e-13,1.5701960660375504e-13,stoichiometric,Argentite,1.1478494623655913,4.772705621302709e-21,1.1478494623655913,1.8023487102097688e-13,3.240843091334895e-06,3.2408430913348902e-06,0.9,2.7013994377811083e-13,2.7013994377811083e-13
Silver,"('ecoinvent-3.4-biosphere', '7da45a0b-0dcf-413c-8de0-44d8ebca9e6e')",Ag,4.157954311767232e-21,4.157954311767232e-21,1.0,1.5701960660375504e-13,1.5701960660375504e-13,stoichiometric,Argentite,1.1478494623655913,4.772705621302709e-21,1.1478494623655913,1.8023487102097688e-13,3.240843091334895e-06,3.2408430913348902e-06,0.9,2.7013994377811083e-13,2.7013994377811083e-13
Silver,"('ecoinvent-3.4-biosphere', 'c6462d84-caa9-425a-a923-45238690c6f3')",Ag,4.157954311767232e-21,4.157954311767232e-21,1.0,1.5701960660375504e-13,1.5701960660375504e-13,stoichiometric,Argentite,1.1478494623655913,4.772705621302709e-21,1.1478494623655913,1.8023487102097688e-13,3.240843091334895e-06,3.2408430913348902e-06,0.9,2.7013994377811083e-13,2.7013994377811083e-13
Silver,"('ecoinvent-3.4-biosphere', 'fce0b9ae-53c8-4ab0-9e7a-7f5c2ed2c856')",Ag,4.157954311767232e-21,4.157954311767232e-21,1.0,1.5701960660375504e-13,1.5701960660375504e-13,stoichiometric,Argentite,1.1478494623655913,4.772705621302709e-21,1.1478494623655913,1.8023487102097688e-13,3.240843091334895e-06,3.2408430913348902e-06,0.9,2.7013994377811083e-13,2.7013994377811083e-13
Silver,"('ecoinvent-3.4-biosphere', '6e8a87bf-baea-4cd9-a967-932e750968d1')",Ag,4.157954311767232e-21,4.157954311767232e-21,1.0,1.5701960660375504e-13,1.5701960660375504e-13,stoichiometric,Argentite,1.1478494623655913,4.772705621302709e-21,1.1478494623655913,1.8023487102097688e-13,3.240843091334895e-06,3.2408430913348902e-06,0.9,2.7013994377811083e-13,2.7013994377811083e-13
Silver,"('ecoinvent-3.4-biosphere', '16316600-f12a-410b-8726-3faee64de60a')",Ag,4.157954311767232e-21,4.157954311767232e-21,1.0,1.5701960660375504e-13,1.5701960660375504e-13,stoichiometric,Argentite,1.1478494623655913,4.772705621302709e-21,1.1478494623655913,1.8023487102097688e-13,3.240843091334895e-06,3.2408430913348902e-06,0.9,2.7013994377811083e-13,2.7013994377811083e-13
Silver,"('ecoinvent-3.4-biosphere', '48dbf4b1-0b2a-4bf5-a190-2d7fc465bda4')",Ag,4.157954311767232e-21,4.157954311767232e-21,1.0,1.5701960660375504e-13,1.5701960660375504e-13,stoichiometric,Argentite,1.1478494623655913,4.772705621302709e-21,1.1478494623655913,1.8023487102097688e-13,3.240843091334895e-06,3.2408430913348902e-06,0.9,2.7013994377811083e-13,2.7013994377811083e-13
Ethephon,"('ecoinvent-3.4-biosphere', '876d4bb6-badc-4d04-a193-71b68e908737')",P,4.042514774073052e-24,4.042514774073052e-24,0.2143677763167001,3.638542780455497e-15,3.638542780455497e-15,stoichiometric,Apatite,0.3532544378698225,1.4280362840956287e-24,0.07572636832015975,1.2853313845751076e-15,0.04784087102177553,0.04784087102177553,0.9,0.0,0.0
Ethephon,"('ecoinvent-3.4-biosphere', '0ba582f8-3360-441a-a93c-ea15e87f7b0c')",P,4.042514774073052e-24,4.042514774073052e-24,0.2143677763167001,3.638542780455497e-15,3.638542780455497e-15,stoichiometric,Apatite,0.3532544378698225,1.4280362840956287e-24,0.07572636832015975,1.2853313845751076e-15,0.04784087102177553,0.04784087102177553,0.9,0.0,0.0
Ethephon,"('ecoinvent-3.4-biosphere', 'e732d6dc-d502-4e03-8a5e-6c2644136b5f')",P,4.042514774073052e-24,4.042514774073052e-24,0.2143677763167001,3.638542780455497e-15,3.638542780455497e-15,stoichiometric,Apatite,0.3532544378698225,1.4280362840956287e-24,0.07572636832015975,1.2853313845751076e-15,0.04784087102177553,0.04784087102177553,0.9,0.0,0.0
Ethephon,"('ecoinvent-3.4-biosphere', 'a212914e-f8ba-49eb-9ceb-63e286053f2d')",P,4.042514774073052e-24,4.042514774073052e-24,0.2143677763167001,3.638542780455497e-15,3.638542780455497e-15,stoichiometric,Apatite,0.3532544378698225,1.4280362840956287e-24,0.07572636832015975,1.2853313845751076e-15,0.04784087102177553,0.04784087102177553,0.9,0.0,0.0
Ethephon,"('ecoinvent-3.4-biosphere', '876d4bb6-badc-4d04-a193-71b68e908737')",P,2.668003730061289e-25,2.668003730061289e-25,0.2143677763167001,3.638542780455497e-15,3.638542780455497e-15,stoichiometric,Apatite,0.3532544378698225,9.424841578973903e-26,0.07572636832015975,1.2853313845751076e-15,0.04784087102177553,0.04784087102177553,0.9,0.0,0.0
Ethephon,"('ecoinvent-3.4-biosphere', '0ba582f8-3360-441a-a93c-ea15e87f7b0c')",P,2.668003730061289e-25,2.668003730061289e-25,0.2143677763167001,3.638542780455497e-15,3.638542780455497e-15,stoichiometric,Apatite,0.3532544378698225,9.424841578973903e-26,0.07572636832015975,1.2853313845751076e-15,0.04784087102177553,0.04784087102177553,0.9,0.0,0.0
Ethephon,"('ecoinvent-3.4-biosphere', 'e732d6dc-d502-4e03-8a5e-6c2644136b5f')",P,2.668003730061289e-25,2.668003730061289e-25,0.2143677763167001,3.638542780455497e-15,3.638542780455497e-15,stoichiometric,Apatite,0.3532544378698225,9.424841578973903e-26,0.07572636832015975,1.2853313845751076e-15,0.04784087102177553,0.04784087102177553,0.9,0.0,0.0
Ethephon,"('ecoinvent-3.4-biosphere', 'a212914e-f8ba-49eb-9ceb-63e286053f2d')",P,2.668003730061289e-25,2.668003730061289e-25,0.2143677763167001,3.638542780455497e-15,3.638542780455497e-15,stoichiometric,Apatite,0.3532544378698225,9.424841578973903e-26,0.07572636832015975,1.2853313845751076e-15,0.04784087102177553,0.04784087102177553,0.9,0.0,0.0
Ethephon,"('ecoinvent-3.4-biosphere', '876d4bb6-badc-4d04-a193-71b68e908737')",P,1.6168661386465856e-27,1.6168661386465856e-27,0.2143677763167001,3.638542780455497e-15,3.638542780455497e-15,stoichiometric,Apatite,0.3532544378698225,5.711651389183501e-28,0.07572636832015975,1.2853313845751076e-15,0.04784087102177553,0.04784087102177553,0.9,0.0,0.0
Ethephon,"('ecoinvent-3.4-biosphere', '0ba582f8-3360-441a-a93c-ea15e87f7b0c')",P,1.6168661386465856e-27,1.6168661386465856e-27,0.2143677763167001,3.638542780455497e-15,3.638542780455497e-15,stoichiometric,Apatite,0.3532544378698225,5.711651389183501e-28,0.07572636832015975,1.2853313845751076e-15,0.04784087102177553,0.04784087102177553,0.9,0.0,0.0
Ethephon,"('ecoinvent-3.4-biosphere', 'e732d6dc-d502-4e03-8a5e-6c2644136b5f')",P,1.6168661386465856e-27,1.6168661386465856e-27,0.2143677763167001,3.638542780455497e-15,3.638542780455497e-15,stoichiometric,Apatite,0.3532544378698225,5.711651389183501e-28,0.07572636832015975,1.2853313845751076e-15,0.04784087102177553,0.04784087102177553,0.9,0.0,0.0
Ethephon,"('ecoinvent-3.4-biosphere', 'a212914e-f8ba-49eb-9ceb-63e286053f2d')",P,1.6168661386465856e-27,1.6168661386465856e-27,0.2143677763167001,3.638542780455497e-15,3.638542780455497e-15,stoichiometric,Apatite,0.3532544378698225,5.711651389183501e-28,0.07572636832015975,1.2853313845751076e-15,0.04784087102177553,0.04784087102177553,0.9,0.0,0.0
